tempmax,tempmin,temp,feelslikemax,feelslikemin,feelslike,humidity,precip,precipprob,precipcover,snowdepth,windspeed,winddir,sealevelpressure,cloudcover,visibility,deaths
21.1,10.742857142857144,16.2,21.1,10.428571428571429,16.1,64.24285714285715,0.0,0.0,0.0,0.0,23.442857142857143,152.34285714285716,1024.9,59.01428571428572,29.4,1106
24.185714285714287,13.771428571428572,18.8,24.15714285714285,13.771428571428572,18.8,70.22857142857143,0.7302857142857143,42.85714285714285,2.381428571428572,0.0,16.54285714285714,174.4,1019.3142857142856,48.51428571428572,21.585714285714285,932
9.314285714285717,4.957142857142856,7.485714285714287,8.428571428571429,3.3857142857142857,6.228571428571429,83.52857142857144,0.772,85.71428571428571,10.118571428571428,0.0,16.514285714285712,157.1,1027.9857142857145,85.10000000000001,13.842857142857143,1091
4.942857142857143,1.5428571428571427,3.3428571428571425,2.7,-1.5714285714285714,0.7142857142857143,87.42857142857143,0.6142857142857142,28.571428571428573,1.7857142857142858,0.0,18.62857142857143,283.0142857142857,1025.2,73.72857142857143,12.257142857142856,1724
10.44285714285714,3.314285714285714,6.914285714285714,9.7,0.9857142857142858,5.2,66.87142857142858,0.4021428571428571,71.42857142857143,4.167142857142857,0.0,19.7,217.02857142857144,1018.0142857142856,70.48571428571428,17.4,1269
19.342857142857145,10.2,15.37142857142857,19.342857142857145,9.94285714285714,15.328571428571427,64.48571428571428,0.4075714285714285,28.571428571428573,2.38,0.0,18.62857142857143,270.5,1022.7714285714284,48.35714285714285,30.11428571428572,1007
13.457142857142856,9.414285714285716,11.3,13.457142857142856,8.514285714285714,10.814285714285717,84.55714285714285,1.1158571428571429,100.0,8.334285714285715,0.0,23.057142857142857,182.9142857142857,1017.4142857142856,85.10000000000001,14.814285714285717,972
23.6,15.414285714285716,19.52857142857143,23.61428571428572,15.414285714285716,19.52857142857143,70.7,0.3714285714285714,57.142857142857146,2.9771428571428573,0.0,19.685714285714287,243.4857142857143,1017.0857142857144,60.94285714285714,29.814285714285717,894
10.12857142857143,6.742857142857143,8.3,9.685714285714283,4.428571428571429,6.585714285714286,88.3,2.1215714285714284,85.71428571428571,8.928571428571429,0.0,19.47142857142857,146.95714285714286,1007.4857142857144,67.52857142857142,10.571428571428571,1109
9.828571428571427,4.1571428571428575,7.1000000000000005,9.042857142857144,2.0142857142857142,5.457142857142857,84.78571428571429,0.0462857142857142,71.42857142857143,2.9785714285714286,0.0,16.8,288.6142857142857,1028.8142857142857,68.54285714285714,12.914285714285716,1040
19.25714285714286,11.328571428571427,15.371428571428572,19.25714285714286,10.985714285714286,15.357142857142858,74.08571428571429,1.392,85.71428571428571,5.3585714285714285,0.0,23.74285714285714,225.62857142857143,1017.3142857142856,66.01428571428572,22.75714285714286,933
19.5,10.785714285714286,15.171428571428573,19.5,10.785714285714286,15.171428571428573,73.18571428571428,0.5528571428571428,42.85714285714285,4.167142857142857,0.0,17.87142857142857,242.8142857142857,1016.4857142857144,75.05714285714285,21.77142857142857,979
8.37142857142857,4.171428571428572,6.342857142857143,6.828571428571428,1.6428571428571428,4.257142857142857,82.55714285714285,2.3051428571428576,71.42857142857143,5.954285714285715,0.0,18.7,77.82857142857142,1018.0285714285714,59.85714285714285,12.37142857142857,907
17.571428571428573,11.571428571428571,14.3,17.571428571428573,11.342857142857143,14.257142857142856,83.89999999999999,1.828,85.71428571428571,5.951428571428571,0.0,19.5,272.8,1015.7428571428572,85.04285714285713,17.342857142857145,1152
7.328571428571428,2.1142857142857143,4.842857142857143,5.485714285714286,-0.6571428571428573,2.342857142857143,87.71428571428571,5.514857142857143,100.0,13.691428571428572,2.25,24.514285714285712,192.37142857142857,1001.4714285714286,72.95714285714286,14.757142857142856,1350
12.4,2.157142857142857,7.3,10.985714285714286,0.5999999999999999,5.842857142857143,65.32857142857144,0.5332857142857143,57.142857142857146,2.382857142857143,0.0,24.8,190.12857142857143,1015.7142857142856,35.57142857142857,15.4,1291
12.071428571428571,7.214285714285714,9.8,11.671428571428573,6.128571428571428,8.742857142857144,85.10000000000001,1.743,100.0,6.548571428571429,0.0,22.32857142857143,239.7,1015.7285714285716,71.85714285714286,21.314285714285717,976
8.328571428571427,2.0,5.085714285714286,6.028571428571429,-1.7714285714285711,1.8714285714285717,75.37142857142858,0.6168571428571428,71.42857142857143,8.334285714285715,0.0,27.65714285714285,271.5,1012.657142857143,58.471428571428575,15.242857142857144,1047
8.6,3.7,5.871428571428572,6.314285714285715,0.4285714285714285,3.1,83.82857142857142,4.221428571428572,100.0,11.308571428571428,0.0,26.457142857142856,177.57142857142858,997.6428571428572,72.77142857142857,17.34285714285714,990
19.428571428571427,13.1,16.099999999999998,19.428571428571427,13.1,16.099999999999998,74.2,0.9598571428571429,57.142857142857146,5.951428571428572,0.0,16.7,164.37142857142857,1013.4571428571428,83.24285714285715,16.54285714285714,1073
23.957142857142856,13.757142857142856,18.842857142857145,23.82857142857143,13.757142857142856,18.82857142857143,63.24285714285714,0.2457142857142857,28.571428571428573,1.1914285714285715,0.0,17.8,171.72857142857143,1020.2428571428572,48.65714285714286,20.77142857142857,1080
15.414285714285716,9.87142857142857,12.785714285714286,15.414285714285716,9.271428571428572,12.671428571428573,72.68571428571428,0.2564285714285714,42.85714285714285,1.7871428571428571,0.0,14.771428571428572,111.41428571428573,1020.4,87.7,13.842857142857143,1251
19.842857142857145,12.271428571428572,15.985714285714286,19.842857142857145,12.271428571428572,15.985714285714286,78.07142857142857,1.2904285714285717,42.85714285714285,2.381428571428572,0.0,23.65714285714285,230.37142857142857,1015.8142857142856,69.98571428571428,26.52857142857143,1257
9.985714285714286,4.114285714285715,7.6571428571428575,8.62857142857143,0.3571428571428571,5.071428571428571,79.8,0.981,100.0,4.764285714285714,0.0,36.92857142857143,253.3857142857143,1018.2714285714284,75.04285714285713,24.685714285714287,1314
25.87142857142857,15.72857142857143,20.74285714285714,25.442857142857143,15.72857142857143,20.67142857142857,64.9,3.680857142857143,42.85714285714285,4.167142857142857,0.0,18.214285714285715,195.32857142857145,1015.9428571428572,35.128571428571426,28.11428571428572,917
16.54285714285714,10.37142857142857,13.342857142857143,16.54285714285714,9.814285714285717,13.171428571428573,77.42857142857143,1.7522857142857142,100.0,4.764285714285714,0.0,16.857142857142858,150.5142857142857,1011.0428571428572,79.88571428571429,14.757142857142856,1083
17.82857142857143,9.0,13.471428571428572,17.82857142857143,9.0,13.471428571428572,74.0,0.0217142857142857,28.571428571428573,1.1914285714285715,0.0,20.228571428571428,274.7857142857143,1022.8714285714286,63.82857142857143,22.88571428571429,1280
30.214285714285715,17.6,23.52857142857143,29.557142857142857,17.6,23.385714285714283,57.785714285714285,0.0214285714285714,28.571428571428573,1.7857142857142858,0.0,20.342857142857145,118.25714285714284,1016.8714285714286,32.57142857142857,20.857142857142858,1319
11.271428571428572,6.128571428571428,8.514285714285714,10.857142857142858,2.9285714285714284,6.214285714285714,68.15714285714286,0.0035714285714285,14.285714285714286,0.5957142857142858,0.0,30.457142857142856,243.9857142857143,1028.185714285714,77.61428571428571,22.414285714285715,1360
19.7,9.971428571428572,14.785714285714286,19.7,9.042857142857144,14.385714285714286,74.02857142857144,3.4439999999999995,57.142857142857146,3.571428571428572,0.0,24.685714285714287,85.24285714285715,1016.4285714285714,62.9,17.585714285714285,1262
22.571428571428573,12.085714285714284,17.557142857142857,22.571428571428573,11.714285714285714,17.54285714285714,67.32857142857144,0.5701428571428572,14.285714285714286,0.5957142857142858,0.0,21.74285714285714,284.1571428571429,1021.9142857142856,66.62857142857142,30.457142857142856,1094
21.571428571428573,11.614285714285714,16.385714285714286,21.571428571428573,11.5,16.357142857142858,74.22857142857143,0.057,14.285714285714286,0.5957142857142858,0.0,19.74285714285714,222.45714285714288,1017.4428571428572,43.142857142857146,16.2,1249
8.642857142857142,4.642857142857143,6.757142857142857,7.371428571428572,0.7142857142857145,3.7857142857142856,82.61428571428571,1.5425714285714285,57.142857142857146,5.951428571428572,0.0,28.342857142857145,251.65714285714284,1016.7142857142856,80.24285714285715,24.02857142857143,1239
11.757142857142856,6.071428571428571,8.985714285714286,10.985714285714286,4.128571428571428,7.757142857142857,74.77142857142857,0.5114285714285715,100.0,7.144285714285714,0.0,25.385714285714283,255.8857142857143,1023.1285714285714,82.27142857142857,23.87142857142857,1122
10.071428571428571,5.857142857142857,8.114285714285714,9.2,3.442857142857143,6.242857142857143,84.71428571428571,7.5677142857142865,100.0,11.904285714285717,0.0999999999999999,25.62857142857143,215.77142857142857,995.842857142857,69.78571428571429,21.357142857142858,1085
15.328571428571427,8.171428571428573,11.757142857142856,15.328571428571427,6.442857142857143,11.185714285714283,76.07142857142857,4.216714285714287,100.0,11.905714285714286,0.0,23.6,217.6285714285714,1012.4428571428572,77.92857142857143,26.857142857142858,1051
13.94285714285714,9.214285714285714,11.114285714285714,13.94285714285714,7.914285714285714,10.785714285714286,87.05714285714285,7.297571428571429,85.71428571428571,8.930000000000001,0.0,20.6,180.87142857142857,1013.0428571428572,59.971428571428575,14.414285714285713,944
23.585714285714285,13.05714285714286,18.32857142857143,23.585714285714285,13.05714285714286,18.32857142857143,70.38571428571429,0.0,0.0,0.0,0.0,11.571428571428571,234.78571428571428,1021.1857142857144,61.142857142857146,17.942857142857143,1041
18.242857142857144,12.342857142857143,15.314285714285717,18.242857142857144,12.242857142857144,15.3,77.89999999999999,0.9934285714285714,85.71428571428571,7.738571428571428,0.0,22.62857142857143,266.0,1013.2142857142856,69.68571428571428,21.414285714285715,962
14.542857142857144,7.7,11.257142857142856,14.114285714285714,5.885714285714286,10.342857142857142,81.89999999999999,6.030857142857143,100.0,13.095714285714283,0.0,21.25714285714286,165.91428571428574,1006.5571428571428,56.785714285714285,13.571428571428571,884
12.9,9.728571428571428,11.385714285714286,12.9,7.871428571428572,10.8,84.88571428571429,3.3125714285714283,100.0,10.714285714285714,0.0,35.871428571428574,220.28571428571428,1013.4285714285714,87.85714285714286,14.085714285714284,1168
18.014285714285716,8.042857142857143,12.742857142857144,18.014285714285716,6.514285714285714,12.314285714285717,61.01428571428572,0.2845714285714286,28.571428571428573,1.1914285714285715,0.0,24.071428571428573,192.58571428571423,1021.7571428571428,55.957142857142856,32.271428571428565,954
22.942857142857143,14.942857142857145,18.728571428571428,22.942857142857143,14.942857142857145,18.728571428571428,74.74285714285715,0.6655714285714287,71.42857142857143,7.738571428571428,0.0,14.642857142857142,270.5142857142857,1020.842857142857,70.78571428571429,24.12857142857143,1035
16.857142857142858,11.314285714285717,14.114285714285714,16.857142857142858,11.014285714285714,14.05714285714286,84.42857142857143,4.327714285714285,100.0,8.928571428571429,0.0,25.6,207.0142857142857,1007.8,58.48571428571428,18.928571428571427,973
16.057142857142857,9.157142857142857,12.428571428571429,16.057142857142857,7.728571428571429,12.071428571428571,78.18571428571428,2.173,71.42857142857143,8.334285714285715,0.0,31.32857142857143,208.67142857142855,1010.8,61.68571428571429,14.171428571428567,934
8.857142857142858,4.842857142857143,6.842857142857143,5.8,0.7857142857142857,3.271428571428572,85.8,2.557857142857143,85.71428571428571,5.357142857142857,0.0,34.15714285714286,198.77142857142857,1008.5,84.44285714285715,22.24285714285714,1477
17.8,8.928571428571429,13.62857142857143,17.8,8.7,13.542857142857144,74.71428571428571,0.4818571428571429,42.85714285714285,2.975714285714285,0.0,26.557142857142857,230.5142857142857,1015.1,79.28571428571429,18.82857142857143,1174
22.871428571428574,13.571428571428571,18.314285714285717,22.871428571428574,13.571428571428571,18.314285714285717,64.47142857142858,0.0001428571428571,14.285714285714286,0.5957142857142858,0.0,23.02857142857143,234.8,1017.5142857142856,45.48571428571428,24.24285714285714,922
22.61428571428572,12.12857142857143,17.414285714285715,22.61428571428572,12.12857142857143,17.414285714285715,74.57142857142857,2.907142857142857,71.42857142857143,5.954285714285716,0.0,15.257142857142856,202.55714285714288,1018.1714285714286,45.55714285714286,17.785714285714285,956
24.914285714285715,13.814285714285717,19.2,24.714285714285715,13.814285714285717,19.142857142857142,61.22857142857144,0.0,0.0,0.0,0.0,19.928571428571427,84.7,1021.6,57.0,26.2,989
17.142857142857142,7.285714285714286,12.714285714285714,17.142857142857142,6.2,12.4,69.17142857142856,0.0,0.0,0.0,0.0,22.457142857142856,186.44285714285712,1021.4142857142856,56.785714285714285,19.67142857142857,1336
24.514285714285712,15.085714285714284,20.014285714285712,24.557142857142857,15.085714285714284,20.042857142857144,70.3,2.305428571428572,71.42857142857143,4.167142857142857,0.0,18.02857142857143,197.12857142857143,1014.4285714285714,53.67142857142857,22.12857142857143,922
23.24285714285714,13.885714285714286,18.5,23.214285714285715,13.885714285714286,18.514285714285712,70.81428571428572,0.0474285714285714,14.285714285714286,0.5957142857142858,0.0,19.442857142857143,235.17142857142855,1018.7142857142856,71.32857142857144,18.67142857142857,1020
4.928571428571429,-0.9,1.7857142857142858,3.3428571428571425,-2.557142857142857,0.2571428571428572,86.8,0.029,57.142857142857146,2.9771428571428573,0.0,11.614285714285716,157.81428571428572,1024.2857142857142,47.371428571428574,7.185714285714285,1225
17.485714285714288,9.728571428571428,13.314285714285717,17.485714285714288,8.542857142857143,12.914285714285716,71.88571428571429,1.541,71.42857142857143,7.142857142857143,0.0,24.185714285714287,211.25714285714284,1013.6142857142858,51.15714285714286,22.485714285714288,835
26.214285714285715,14.728571428571428,20.65714285714285,26.314285714285717,14.728571428571428,20.67142857142857,70.92857142857143,0.1598571428571428,28.571428571428573,1.1914285714285715,0.0,18.7,230.64285714285717,1016.8285714285714,53.642857142857146,23.414285714285715,1274
3.357142857142857,-3.1714285714285717,-0.3857142857142857,0.9714285714285714,-6.685714285714285,-3.3714285714285714,84.55714285714285,0.1525714285714285,71.42857142857143,4.761428571428572,0.0,15.5,189.3428571428572,1024.4,40.6,16.071428571428573,1426
10.028571428571428,4.228571428571429,7.085714285714286,9.185714285714283,3.142857142857143,5.928571428571429,71.0,0.9701428571428572,57.142857142857146,4.761428571428572,0.0,23.1,218.22857142857143,1012.9428571428572,65.52857142857142,26.728571428571428,983
21.11428571428572,10.714285714285714,15.614285714285714,20.97142857142857,10.342857142857143,15.514285714285714,65.08571428571429,0.029,14.285714285714286,0.5957142857142858,0.0,20.057142857142857,196.94285714285712,1018.7714285714284,39.75714285714286,19.642857142857142,933
9.642857142857142,3.5142857142857147,6.542857142857143,8.842857142857143,1.7714285714285711,5.014285714285714,86.74285714285715,1.6447142857142858,85.71428571428571,4.168571428571428,0.0,16.37142857142857,193.15714285714284,1004.9142857142856,68.52857142857142,18.485714285714288,1277
20.62857142857143,12.414285714285716,16.428571428571427,20.62857142857143,12.414285714285716,16.428571428571427,78.89999999999999,0.043,28.571428571428573,1.1914285714285715,0.0,14.842857142857143,199.95714285714288,1020.842857142857,73.42857142857143,12.55714285714286,1249
18.62857142857143,11.2,14.471428571428572,18.62857142857143,10.814285714285717,14.4,80.10000000000001,0.6151428571428571,100.0,7.740000000000001,0.0,21.4,240.22857142857143,1013.6285714285714,56.81428571428571,27.557142857142857,837
7.242857142857143,2.1,4.442857142857142,4.742857142857143,-1.2,1.6142857142857143,81.27142857142857,0.6191428571428571,71.42857142857143,5.952857142857143,0.0,20.1,234.4142857142857,1005.8285714285714,54.285714285714285,23.65714285714285,1076
15.614285714285716,4.728571428571429,9.771428571428572,15.614285714285716,4.357142857142857,9.5,72.14285714285714,0.0428571428571428,42.85714285714285,1.7871428571428571,0.7857142857142857,12.385714285714286,136.37142857142857,1033.357142857143,49.2,14.328571428571427,907
9.657142857142857,6.1571428571428575,7.985714285714286,8.0,2.8285714285714287,5.357142857142857,88.25714285714285,3.0931428571428574,85.71428571428571,6.547142857142857,0.0,30.6,173.24285714285716,988.5571428571428,75.8,19.485714285714288,1674
8.842857142857143,3.7714285714285714,6.114285714285714,7.728571428571429,0.3428571428571428,3.6,84.67142857142856,0.5991428571428571,57.142857142857146,3.571428571428572,0.0,24.785714285714285,130.82857142857142,1005.342857142857,90.82857142857142,12.971428571428572,1791
15.214285714285714,10.328571428571427,12.571428571428571,15.214285714285714,9.671428571428573,12.44285714285714,80.58571428571429,1.529142857142857,100.0,9.522857142857143,0.0,22.185714285714287,322.42857142857144,1015.2428571428572,72.31428571428572,18.61428571428572,1049
21.914285714285715,14.05714285714286,17.97142857142857,21.914285714285715,14.05714285714286,17.97142857142857,74.48571428571428,0.3058571428571429,28.571428571428573,1.1914285714285715,0.0,16.114285714285714,247.05714285714288,1021.5428571428572,61.21428571428572,14.828571428571427,1183
15.1,8.057142857142859,11.914285714285716,15.1,6.128571428571428,11.171428571428573,70.2,0.3504285714285715,85.71428571428571,4.762857142857143,0.0,26.942857142857143,276.7142857142857,1013.7428571428572,67.57142857142857,26.785714285714285,1065
16.842857142857145,10.37142857142857,13.585714285714287,16.842857142857145,10.257142857142856,13.571428571428571,75.38571428571429,6.844142857142857,71.42857142857143,7.144285714285715,0.0,22.457142857142856,123.47142857142856,1009.9428571428572,63.94285714285714,24.428571428571427,836
19.371428571428574,13.657142857142857,16.442857142857143,19.371428571428574,13.657142857142857,16.442857142857143,75.34285714285714,0.1227142857142857,42.85714285714285,2.975714285714285,0.0,14.485714285714286,230.3857142857143,1020.6,68.78571428571429,22.65714285714285,846
1.8571428571428568,-2.042857142857143,-0.6142857142857142,-1.8571428571428568,-7.157142857142857,-5.057142857142857,76.92857142857143,0.0,0.0,0.0,1.075,23.1,50.34285714285714,1011.0,79.35714285714286,10.014285714285714,1980
5.785714285714286,0.7714285714285714,3.2285714285714286,2.9285714285714284,-3.3857142857142857,-0.4285714285714285,85.98571428571428,1.961142857142857,71.42857142857143,4.761428571428572,1.3,26.514285714285712,184.9142857142857,1000.2142857142856,75.04285714285713,16.314285714285713,1600
10.071428571428571,4.257142857142857,7.114285714285714,8.257142857142858,0.6,3.871428571428571,77.17142857142858,2.446571428571428,85.71428571428571,6.545714285714285,0.0,36.371428571428574,229.87142857142857,1015.1714285714286,71.35714285714286,17.8,1314
15.914285714285716,10.8,13.342857142857143,15.914285714285716,10.44285714285714,13.271428571428572,86.15714285714286,0.1238571428571428,57.142857142857146,2.9771428571428573,0.0,20.185714285714283,189.4857142857143,1015.6428571428572,76.35714285714286,13.55714285714286,1264
13.028571428571428,8.914285714285715,10.7,13.028571428571428,6.757142857142857,9.87142857142857,81.92857142857143,3.035142857142857,100.0,11.308571428571428,0.0,30.27142857142857,219.22857142857143,1000.8571428571428,72.67142857142856,12.514285714285714,1102
19.52857142857143,13.05714285714286,15.928571428571429,19.52857142857143,13.05714285714286,15.928571428571429,79.89999999999999,5.372,85.71428571428571,8.928571428571429,0.0,19.214285714285715,241.68571428571428,1006.5285714285714,61.34285714285714,14.1,844
0.8714285714285713,-4.385714285714285,-1.6,-2.8714285714285714,-7.899999999999999,-5.471428571428571,79.05714285714285,0.0,0.0,0.0,3.2285714285714286,21.714285714285715,51.85714285714285,1025.4142857142856,47.2,7.071428571428571,1829
11.185714285714283,5.1571428571428575,8.514285714285714,10.314285714285717,3.5142857142857147,6.842857142857143,75.0,0.534,85.71428571428571,4.762857142857143,0.0,30.97142857142857,254.54285714285717,1006.5428571428572,73.68571428571428,26.15714285714285,1313
10.842857142857143,4.442857142857143,7.528571428571429,10.171428571428573,2.814285714285714,6.028571428571429,73.7,1.2581428571428572,42.85714285714285,2.381428571428572,0.0,16.142857142857142,223.45714285714288,1019.3571428571428,74.60000000000001,21.02857142857143,1029
9.257142857142856,2.9285714285714284,6.542857142857143,8.0,0.742857142857143,4.471428571428572,83.45714285714287,0.0,0.0,0.0,0.0,26.042857142857144,247.3571428571429,1015.7142857142856,84.68571428571428,19.642857142857142,1437
21.32857142857143,14.114285714285714,17.642857142857142,21.32857142857143,14.114285714285714,17.642857142857142,76.58571428571429,7.190285714285714,100.0,10.712857142857144,0.0,22.11428571428572,186.12857142857143,1012.9571428571428,48.52857142857143,16.74285714285714,946
21.142857142857142,11.55714285714286,16.242857142857144,21.142857142857142,11.55714285714286,16.242857142857144,71.24285714285715,0.24,28.571428571428573,1.7857142857142858,0.0,19.785714285714285,173.24285714285716,1020.0428571428572,53.08571428571429,21.3,1046
10.457142857142856,5.285714285714286,7.757142857142858,10.028571428571428,3.3000000000000003,6.114285714285714,88.74285714285715,0.837,71.42857142857143,3.5728571428571425,0.0,19.228571428571428,185.82857142857145,1014.5571428571428,73.52857142857144,12.585714285714284,1460
14.014285714285714,3.257142857142857,8.914285714285715,14.014285714285714,1.9857142857142855,8.157142857142857,64.81428571428572,0.0,0.0,0.0,0.0,18.071428571428573,275.7,1024.042857142857,36.2,18.842857142857145,1148
15.414285714285713,9.028571428571428,12.12857142857143,15.414285714285713,8.285714285714286,11.87142857142857,78.25714285714285,1.0862857142857143,71.42857142857143,4.167142857142857,0.0,22.11428571428572,180.05714285714288,1005.7571428571428,52.271428571428565,16.62857142857143,1189
6.842857142857143,4.0,5.485714285714286,5.6571428571428575,2.157142857142857,3.914285714285714,90.15714285714286,0.6458571428571428,100.0,7.74,0.0,14.414285714285713,129.15714285714287,1014.5857142857144,88.88571428571429,6.9,1178
22.342857142857145,12.785714285714286,16.97142857142857,22.342857142857145,12.785714285714286,16.97142857142857,80.12857142857142,0.4439999999999999,28.571428571428573,1.7857142857142858,0.0,23.12857142857143,169.20000000000002,1017.0285714285714,53.1,13.457142857142856,1278
11.742857142857144,5.285714285714286,9.071428571428571,11.485714285714286,3.6857142857142855,7.828571428571428,85.41428571428571,0.477,85.71428571428571,5.357142857142857,0.3857142857142857,21.9,274.87142857142857,1022.3142857142856,66.58571428571429,25.91428571428571,961
5.485714285714286,-1.3,1.8714285714285717,4.057142857142857,-3.2142857142857144,0.2857142857142857,85.60000000000001,1.2995714285714288,85.71428571428571,5.951428571428571,0.2285714285714285,14.87142857142857,130.44285714285715,1012.4714285714286,46.82857142857143,9.685714285714283,1094
19.87142857142857,14.514285714285714,16.857142857142858,19.87142857142857,14.514285714285714,16.857142857142858,79.41428571428571,0.0,0.0,0.0,0.0,15.342857142857143,129.4857142857143,1010.2,88.35714285714286,17.157142857142855,1002
20.542857142857144,10.8,15.985714285714286,20.542857142857144,10.685714285714283,15.971428571428572,66.35714285714286,0.0427142857142857,28.571428571428573,1.1914285714285715,0.0,16.97142857142857,226.12857142857143,1022.8571428571428,72.78571428571429,16.7,1112
4.914285714285714,0.7428571428571429,2.7142857142857144,1.2,-3.042857142857143,-0.9571428571428572,73.87142857142858,1.082,71.42857142857143,4.761428571428572,0.5,22.15714285714285,194.3142857142857,1010.6142857142858,68.3,25.15714285714285,1065
14.242857142857144,11.428571428571429,12.928571428571429,14.242857142857144,11.157142857142857,12.928571428571429,90.7,0.0792857142857142,28.571428571428573,2.38,0.0,16.1,175.15714285714284,1022.8714285714284,96.67142857142858,5.014285714285714,1387
16.185714285714287,7.614285714285714,11.885714285714286,16.185714285714287,7.542857142857143,11.857142857142858,84.77142857142857,1.4584285714285714,57.142857142857146,2.9771428571428573,0.0,14.12857142857143,107.44285714285716,1024.1571428571428,51.65714285714286,9.385714285714286,1212
10.785714285714286,4.557142857142857,7.371428571428572,9.685714285714283,1.8571428571428568,5.228571428571429,77.65714285714286,2.497,100.0,9.524285714285714,0.0,24.957142857142856,285.0571428571429,1013.3714285714286,63.385714285714286,20.914285714285715,1008
22.52857142857143,12.885714285714286,17.742857142857144,22.52857142857143,12.742857142857144,17.72857142857143,65.31428571428572,0.1947142857142857,14.285714285714286,1.19,0.0,21.62857142857143,235.1142857142857,1016.3285714285714,58.08571428571429,23.97142857142857,1156
17.3,10.857142857142858,13.985714285714286,17.3,10.257142857142856,13.9,78.87142857142858,0.3637142857142857,28.571428571428573,1.7857142857142858,0.0,25.642857142857142,196.32857142857145,1013.7285714285716,80.22857142857143,23.32857142857143,1312
18.67142857142857,10.571428571428571,14.685714285714289,18.67142857142857,10.357142857142858,14.657142857142857,70.37142857142858,0.0858571428571428,57.142857142857146,3.571428571428572,0.0,17.014285714285712,140.5142857142857,1023.8571428571428,50.51428571428572,28.67142857142857,892
16.942857142857143,6.114285714285714,11.62857142857143,16.942857142857143,4.185714285714286,10.657142857142857,64.05714285714285,0.1417142857142857,71.42857142857143,4.168571428571428,0.0,20.514285714285712,41.34285714285714,1023.4142857142856,55.81428571428571,23.11428571428572,1121
17.014285714285712,9.614285714285714,13.742857142857144,17.014285714285712,8.785714285714286,13.528571428571428,79.38571428571429,2.570285714285714,57.142857142857146,2.9771428571428573,0.0,23.4,225.3571428571429,1013.3,75.17142857142858,16.97142857142857,1291
8.628571428571428,3.2,5.8,6.442857142857143,-0.0285714285714286,2.857142857142857,82.14285714285714,0.6901428571428571,100.0,5.954285714285715,44.42857142857143,25.342857142857145,249.40000000000003,1023.5714285714286,62.114285714285714,20.642857142857142,1003
19.6,9.457142857142856,14.8,19.6,8.414285714285715,14.514285714285714,69.08571428571429,0.0101428571428571,14.285714285714286,0.5957142857142858,0.0,18.071428571428573,202.3142857142857,1023.7714285714284,59.21428571428572,21.2,1288
14.857142857142858,9.385714285714286,11.842857142857143,14.857142857142858,8.857142857142858,11.757142857142856,80.89999999999999,0.0014285714285714,42.85714285714285,2.381428571428572,0.0,16.17142857142857,132.68571428571428,1022.4428571428572,69.82857142857144,16.25714285714286,945
15.114285714285716,9.1,12.185714285714283,15.114285714285716,7.671428571428572,11.742857142857144,78.11428571428571,0.6288571428571429,71.42857142857143,3.5728571428571425,0.0,21.385714285714283,294.87142857142857,1015.0428571428572,82.21428571428571,18.27142857142857,1232
15.271428571428572,9.9,12.671428571428573,15.271428571428572,9.414285714285716,12.62857142857143,83.14285714285714,0.4024285714285714,28.571428571428573,2.38,0.0,21.985714285714288,208.82857142857145,1016.3142857142856,75.55714285714285,14.642857142857142,1357
15.357142857142858,11.328571428571427,13.457142857142856,15.357142857142858,10.914285714285716,13.4,83.88571428571429,0.8327142857142859,57.142857142857146,4.167142857142857,0.0,23.4,208.8428571428572,1009.9,71.5,21.142857142857142,901
15.385714285714284,10.0,12.828571428571427,15.385714285714284,9.485714285714286,12.657142857142857,74.72857142857143,1.3402857142857143,85.71428571428571,4.762857142857143,0.0,19.842857142857145,295.3285714285715,1018.6,81.95714285714287,23.585714285714285,1149
17.3,11.885714285714286,14.328571428571427,17.3,11.885714285714286,14.328571428571427,86.14285714285714,1.451285714285714,100.0,6.55,0.0,19.61428571428572,121.95714285714288,1009.4857142857144,55.31428571428571,8.142857142857142,909
24.01428571428572,16.057142857142857,19.82857142857143,24.01428571428572,16.057142857142857,19.82857142857143,70.02857142857142,0.9711428571428572,42.85714285714285,4.167142857142857,0.0,23.814285714285717,199.02857142857144,1009.8,66.04285714285713,30.342857142857145,891
12.185714285714283,7.114285714285714,10.085714285714284,11.714285714285714,4.385714285714285,9.014285714285714,83.0,0.6658571428571428,71.42857142857143,5.952857142857143,0.0,30.6,218.82857142857145,1020.2142857142856,69.15714285714286,19.414285714285715,1054
10.514285714285714,4.885714285714285,7.614285714285715,9.37142857142857,1.8285714285714287,5.414285714285714,78.45714285714287,1.5715714285714284,85.71428571428571,6.547142857142857,0.0,33.05714285714286,216.52857142857144,1019.8,58.68571428571429,18.8,1243
11.7,6.085714285714286,9.028571428571428,10.828571428571427,4.328571428571428,7.857142857142857,80.62857142857142,1.0625714285714285,71.42857142857143,4.167142857142857,0.0,22.9,218.18571428571428,1014.5857142857144,74.51428571428572,18.557142857142857,1127
13.4,5.442857142857142,9.3,13.142857142857142,3.4857142857142853,8.285714285714286,69.17142857142856,0.2158571428571428,28.571428571428573,2.381428571428572,0.0,22.1,250.05714285714288,1022.842857142857,71.25714285714285,24.27142857142857,955
17.728571428571428,8.114285714285714,13.014285714285714,17.728571428571428,7.128571428571428,12.842857142857143,69.21428571428571,0.0005714285714285,14.285714285714286,0.5957142857142858,0.0,19.514285714285712,173.34285714285716,1017.0,69.87142857142858,22.457142857142856,1150
6.1000000000000005,1.8571428571428568,4.042857142857143,3.957142857142857,-0.9571428571428572,1.657142857142857,88.64285714285714,0.4848571428571429,57.142857142857146,3.571428571428572,0.0,21.4,233.17142857142855,1012.1142857142858,79.7,12.05714285714286,1530
9.471428571428572,1.7857142857142858,5.971428571428571,6.785714285714286,-1.3857142857142857,2.9285714285714284,72.3,2.0024285714285712,71.42857142857143,4.762857142857143,0.0,32.857142857142854,210.2142857142857,1012.342857142857,62.44285714285714,21.414285714285715,1605
7.9,2.414285714285714,5.3,6.371428571428572,-0.7428571428571428,2.8285714285714287,81.64285714285714,1.022571428571429,42.85714285714285,2.381428571428572,1.85,26.642857142857142,178.8714285714286,1021.4,89.45714285714287,14.94285714285714,1388
13.114285714285714,7.5,9.985714285714286,12.757142857142856,5.785714285714286,8.7,77.42857142857143,1.966,71.42857142857143,7.142857142857143,0.0,23.685714285714287,89.84285714285714,1010.1285714285714,63.12857142857143,12.971428571428572,1167
17.942857142857143,8.671428571428573,13.328571428571427,17.942857142857143,8.057142857142857,13.142857142857142,69.88571428571429,0.6361428571428572,42.85714285714285,2.975714285714285,0.0,22.028571428571432,231.41428571428568,1016.6857142857144,64.4857142857143,17.014285714285716,1141
25.571428571428573,16.8,20.857142857142858,25.5,16.8,20.857142857142858,65.84285714285714,1.3835714285714285,57.142857142857146,5.951428571428571,0.0,22.842857142857145,229.2,1015.0428571428572,43.457142857142856,25.7,880
21.914285714285715,8.742857142857144,15.328571428571427,21.914285714285715,8.457142857142857,15.214285714285714,63.35714285714285,0.0024285714285714,14.285714285714286,0.5957142857142858,0.0,20.214285714285715,106.37142857142858,1029.2285714285715,15.071428571428571,12.614285714285714,1262
8.12857142857143,1.8285714285714287,4.942857142857143,6.557142857142857,0.2285714285714286,3.6142857142857134,85.84285714285714,0.089,57.142857142857146,2.9771428571428573,0.0,16.54285714285714,181.3142857142857,1018.7142857142856,78.3,7.042857142857143,1559
20.285714285714285,11.05714285714286,15.757142857142856,20.285714285714285,11.014285714285714,15.757142857142856,60.1,0.1415714285714285,42.85714285714285,1.7871428571428571,0.0,13.9,255.57142857142856,1014.2714285714284,63.3,32.77142857142857,893
2.842857142857143,-1.7285714285714289,0.3142857142857144,1.1285714285714286,-4.457142857142857,-2.0571428571428574,85.57142857142857,0.9867142857142858,100.0,8.33,0.0,14.414285714285716,124.81428571428572,1005.7142857142856,66.64285714285714,13.042857142857144,1602
25.95714285714286,14.385714285714286,20.24285714285714,25.6,14.385714285714286,20.17142857142857,62.07142857142857,0.0,0.0,0.0,0.0,14.671428571428573,158.08571428571426,1019.8714285714286,27.37142857142857,28.2,910
11.614285714285714,2.2,7.185714285714285,11.614285714285714,-0.0142857142857142,5.428571428571429,60.24285714285714,0.0047142857142857,42.85714285714285,1.7871428571428571,0.0,23.442857142857143,85.35714285714286,1019.9285714285714,47.2,24.8,1150
15.62857142857143,8.714285714285714,12.414285714285716,15.62857142857143,7.671428571428572,12.157142857142857,75.22857142857143,1.2908571428571431,85.71428571428571,5.951428571428571,0.0,23.885714285714283,195.72857142857143,1010.5714285714286,63.15714285714286,20.82857142857143,1243
6.185714285714285,1.3571428571428572,3.571428571428572,3.885714285714286,-0.6142857142857142,1.542857142857143,85.64285714285714,0.1799999999999999,100.0,9.524285714285714,0.0,14.685714285714283,43.54285714285714,1038.3285714285714,48.44285714285714,10.742857142857144,1183
8.428571428571429,3.6,6.185714285714286,6.457142857142857,1.3571428571428572,4.1,80.14285714285714,0.0099999999999999,71.42857142857143,5.951428571428571,0.0,19.485714285714288,173.47142857142856,1015.342857142857,63.02857142857143,22.74285714285714,913
17.97142857142857,10.8,14.457142857142856,17.97142857142857,10.514285714285714,14.4,71.8,1.1417142857142857,71.42857142857143,7.142857142857143,0.0,29.042857142857144,227.44285714285712,1013.7142857142856,58.5,24.61428571428572,933
12.742857142857144,5.5,9.057142857142855,12.5,3.157142857142857,7.8,66.85714285714286,0.5142857142857143,42.85714285714285,2.9771428571428573,0.0,20.357142857142858,165.32857142857142,1020.6142857142858,52.68571428571429,26.785714285714285,896
7.542857142857143,2.542857142857143,5.0,5.257142857142857,-0.6428571428571429,1.9714285714285715,83.82857142857142,2.391142857142857,100.0,10.714285714285714,0.0,26.785714285714285,267.1142857142857,1004.7142857142856,69.9,24.02857142857143,1499
10.157142857142857,4.271428571428571,7.285714285714286,9.114285714285714,1.2142857142857142,4.5,80.05714285714285,1.4540000000000002,85.71428571428571,5.357142857142857,0.0,37.08571428571429,211.18571428571428,998.0285714285714,66.7,24.17142857142857,1540
11.971428571428572,5.028571428571429,8.27142857142857,11.885714285714286,3.071428571428572,6.928571428571429,76.35714285714286,2.299285714285714,100.0,11.31,0.0,20.6,214.94285714285712,1007.7428571428572,75.32857142857142,18.228571428571428,1134
15.742857142857144,8.128571428571428,11.62857142857143,15.742857142857144,7.128571428571428,11.214285714285714,77.37142857142858,2.617714285714285,85.71428571428571,10.714285714285714,0.0,18.928571428571427,140.81428571428572,1012.3285714285714,64.72857142857143,15.171428571428573,897
18.642857142857142,11.3,14.771428571428572,18.642857142857142,10.842857142857143,14.757142857142856,75.72857142857143,0.8478571428571428,71.42857142857143,4.761428571428572,0.0,21.685714285714287,240.87142857142857,1014.1,62.271428571428565,28.714285714285715,1101
10.028571428571428,4.014285714285714,7.414285714285714,8.757142857142856,0.4000000000000001,4.557142857142858,83.24285714285715,0.9234285714285716,71.42857142857143,3.5728571428571425,0.0,31.642857142857142,234.28571428571428,1025.3857142857144,70.67142857142858,22.785714285714285,1783
11.3,5.6,8.942857142857143,10.87142857142857,4.557142857142857,8.114285714285714,90.75714285714284,0.8485714285714285,57.142857142857146,2.9771428571428573,0.0,19.228571428571428,173.28571428571428,1005.0285714285714,83.34285714285714,9.928571428571429,1373
11.94285714285714,6.642857142857143,9.228571428571428,11.657142857142857,5.128571428571428,8.185714285714285,86.01428571428572,3.36,85.71428571428571,6.548571428571429,0.0,14.0,66.42857142857143,1013.4857142857144,74.57142857142857,6.814285714285715,1109
29.61428571428572,15.55714285714286,22.785714285714285,28.914285714285715,15.55714285714286,22.61428571428572,56.52857142857143,0.0045714285714285,28.571428571428573,1.1914285714285715,0.0,19.12857142857143,116.37142857142857,1022.157142857143,24.17142857142857,14.12857142857143,995
22.585714285714285,14.785714285714286,18.514285714285712,22.571428571428573,14.785714285714286,18.514285714285712,71.14285714285714,1.085,57.142857142857146,4.762857142857143,0.0,25.285714285714285,209.2,1014.1142857142858,65.87142857142858,22.3,945
19.071428571428573,13.071428571428571,15.728571428571428,19.071428571428573,13.071428571428571,15.728571428571428,82.21428571428571,4.486,85.71428571428571,8.928571428571429,0.0,25.728571428571428,196.8,1005.6857142857144,53.54285714285714,19.457142857142856,772
9.785714285714286,4.071428571428571,7.3428571428571425,8.871428571428572,2.242857142857143,5.628571428571428,87.77142857142857,1.4424285714285714,100.0,11.308571428571428,0.0,26.02857142857143,216.37142857142857,1018.4,80.48571428571428,15.514285714285714,2088
7.928571428571429,3.071428571428572,5.685714285714285,6.1571428571428575,-0.4714285714285715,2.814285714285714,87.82857142857144,9.582857142857142,85.71428571428571,10.12,0.0142857142857142,24.52857142857143,181.32857142857145,998.8,50.65714285714286,23.1,973
12.785714285714286,5.485714285714286,9.328571428571427,12.642857142857142,3.685714285714286,8.6,86.48571428571428,0.8371428571428572,57.142857142857146,4.762857142857143,0.0,20.1,224.45714285714288,1019.2857142857144,67.95714285714287,18.557142857142857,1267
20.285714285714285,11.514285714285714,16.3,20.285714285714285,11.514285714285714,16.3,74.18571428571428,0.4838571428571429,71.42857142857143,4.761428571428572,0.0,24.0,218.44285714285712,1018.2714285714284,57.871428571428574,25.67142857142857,865
24.857142857142858,15.714285714285714,19.62857142857143,24.857142857142858,15.714285714285714,19.62857142857143,73.57142857142857,0.1665714285714285,28.571428571428573,1.1914285714285715,0.0,19.385714285714283,222.7428571428572,1017.7,57.21428571428572,16.742857142857144,1176
7.314285714285715,4.042857142857143,5.7,5.971428571428571,0.7999999999999999,3.471428571428571,88.65714285714286,2.145,85.71428571428571,8.332857142857142,0.0,19.557142857142857,169.81428571428572,1016.8,76.52857142857144,10.2,1065
17.12857142857143,8.971428571428572,12.828571428571427,17.12857142857143,8.971428571428572,12.828571428571427,75.3,0.042,57.142857142857146,2.9771428571428573,0.0,12.87142857142857,102.8,1023.7285714285716,58.51428571428572,16.785714285714285,822
5.757142857142857,-2.3857142857142857,1.7428571428571429,4.228571428571429,-2.914285714285714,0.7571428571428571,81.72857142857143,0.1088571428571428,85.71428571428571,3.5742857142857143,0.0,12.857142857142858,124.6857142857143,1027.142857142857,27.842857142857135,8.9,1652
15.542857142857144,7.2,10.885714285714286,15.542857142857144,4.642857142857143,9.55714285714286,72.0,0.0598571428571428,14.285714285714286,0.5957142857142858,0.0,26.557142857142857,99.24285714285716,1022.6285714285714,52.02857142857143,18.685714285714287,1421
17.1,12.657142857142857,14.685714285714283,17.1,12.657142857142857,14.685714285714283,86.52857142857144,2.955142857142857,100.0,10.118571428571428,0.0,19.728571428571428,216.78571428571428,1007.842857142857,63.25714285714286,22.442857142857143,840
21.042857142857144,13.428571428571429,16.814285714285713,21.042857142857144,13.428571428571429,16.814285714285713,73.60000000000001,1.1695714285714285,85.71428571428571,6.547142857142857,0.0,20.757142857142856,225.62857142857143,1017.7714285714284,68.64285714285714,24.414285714285715,1063
11.014285714285714,5.185714285714285,8.785714285714286,10.142857142857142,2.157142857142857,6.957142857142856,86.54285714285713,0.7428571428571429,71.42857142857143,4.762857142857143,0.0,36.285714285714285,223.04285714285717,1017.0142857142856,81.18571428571428,19.6,1911
12.37142857142857,4.428571428571429,8.4,12.242857142857144,2.742857142857143,7.242857142857143,76.34285714285714,1.217857142857143,57.142857142857146,4.761428571428572,0.0,18.057142857142857,263.62857142857143,1016.5142857142856,58.31428571428573,20.37142857142857,1048
4.857142857142857,0.2714285714285714,2.2,4.371428571428572,-0.5857142857142856,1.4857142857142858,95.04285714285712,0.7948571428571428,85.71428571428571,5.952857142857143,0.0,9.128571428571428,276.54285714285714,1034.4142857142856,61.42857142857143,5.7,1027
6.028571428571428,0.2428571428571428,3.0857142857142854,4.842857142857143,-1.557142857142857,1.5857142857142856,83.0,0.0,0.0,0.0,0.0,12.857142857142858,80.12857142857142,1037.1714285714286,70.74285714285715,5.7,1451
10.571428571428571,5.814285714285715,8.1,9.985714285714286,3.4,6.957142857142857,88.5,2.239142857142857,100.0,5.952857142857143,0.0,24.714285714285715,223.27142857142857,997.0571428571428,82.88571428571429,13.157142857142857,1445
26.571428571428573,15.814285714285717,21.61428571428572,26.11428571428572,15.814285714285717,21.514285714285712,54.72857142857144,0.7078571428571429,42.85714285714285,1.7871428571428571,0.0,15.757142857142856,213.8428571428572,1016.6285714285714,34.971428571428575,29.242857142857144,828
8.585714285714285,2.414285714285714,5.885714285714286,6.371428571428572,-0.7285714285714285,2.771428571428572,81.60000000000001,1.7807142857142857,85.71428571428571,4.168571428571428,0.0,28.014285714285712,201.5142857142857,1012.9142857142856,76.11428571428571,21.65714285714285,1336
8.057142857142857,2.2857142857142856,5.285714285714286,6.571428571428571,0.3999999999999999,3.542857142857143,83.77142857142857,0.0904285714285714,100.0,4.17,0.0,17.657142857142855,248.72857142857143,1032.4857142857145,56.24285714285715,15.314285714285717,1127
15.528571428571428,8.085714285714285,11.857142857142858,15.528571428571428,6.614285714285714,11.428571428571429,72.08571428571429,0.3841428571428572,57.142857142857146,2.9771428571428573,0.0,25.74285714285714,256.2,1021.1,61.48571428571428,28.87142857142857,869
16.97142857142857,9.542857142857144,13.271428571428572,16.97142857142857,8.985714285714286,13.2,80.17142857142858,0.3121428571428571,28.571428571428573,1.1914285714285715,0.0,22.47142857142857,153.18571428571428,1006.4857142857144,73.48571428571428,16.62857142857143,1483
16.714285714285715,6.7,11.885714285714286,16.714285714285715,6.285714285714286,11.757142857142856,71.2,0.0078571428571428,14.285714285714286,0.5957142857142858,0.0,15.785714285714286,204.57142857142856,1020.3571428571428,58.88571428571429,18.057142857142857,1286
17.82857142857143,11.185714285714283,14.357142857142858,17.82857142857143,10.842857142857143,14.328571428571427,73.57142857142857,0.0868571428571428,28.571428571428573,1.1914285714285715,0.0,22.1,184.05714285714288,1021.6714285714286,79.7,19.214285714285715,1371
21.642857142857142,14.885714285714286,18.342857142857145,21.642857142857142,14.885714285714286,18.342857142857145,71.15714285714286,2.001571428571429,71.42857142857143,4.168571428571428,0.0,19.485714285714288,261.5142857142857,1013.7,64.15714285714286,28.87142857142857,794
16.9,13.485714285714286,15.0,16.9,13.485714285714286,15.0,89.12857142857142,2.287428571428572,100.0,12.501428571428573,0.0,21.77142857142857,120.65714285714286,1013.1428571428572,79.84285714285714,11.828571428571427,841
16.314285714285713,8.257142857142856,12.242857142857144,15.971428571428572,7.014285714285714,11.657142857142857,76.08571428571429,2.4522857142857144,57.142857142857146,5.357142857142857,0.0,16.47142857142857,121.6,1013.9857142857144,75.38571428571429,11.514285714285714,979
16.04285714285714,8.87142857142857,12.257142857142856,16.04285714285714,7.5857142857142845,11.785714285714286,78.97142857142856,0.125,100.0,5.3585714285714285,0.0,19.342857142857145,159.47142857142856,1012.3,65.24285714285715,15.285714285714286,1256
14.642857142857142,8.442857142857143,11.228571428571428,14.642857142857142,7.914285714285714,11.1,88.10000000000001,3.4265714285714286,100.0,12.5,5.666666666666667,20.342857142857145,201.97142857142856,1007.0285714285714,70.98571428571428,14.742857142857144,1144
14.528571428571428,8.242857142857144,11.4,14.528571428571428,7.1000000000000005,11.2,82.39999999999999,3.474285714285714,85.71428571428571,5.951428571428571,0.0,15.171428571428573,136.85714285714286,1012.8857142857142,67.32857142857144,22.928571428571427,912
9.057142857142855,4.057142857142857,6.671428571428572,7.257142857142857,1.7857142857142858,4.457142857142857,83.48571428571428,2.5764285714285715,85.71428571428571,7.738571428571428,0.0,20.814285714285717,150.04285714285714,1002.1142857142858,67.22857142857143,24.17142857142857,1006
6.7,2.071428571428572,4.471428571428572,4.6571428571428575,-1.5714285714285714,1.6857142857142855,87.42857142857143,1.2861428571428568,85.71428571428571,4.762857142857143,1.3,21.7,119.97142857142856,1016.1714285714286,84.81428571428572,10.87142857142857,1295
21.028571428571432,12.571428571428571,16.571428571428573,21.028571428571432,11.928571428571429,16.414285714285715,75.01428571428572,0.0428571428571428,14.285714285714286,1.19,0.0,18.428571428571427,206.68571428571428,1016.4857142857144,48.57142857142857,15.342857142857143,888
3.071428571428572,-2.271428571428572,0.5857142857142856,0.4857142857142857,-5.671428571428572,-2.8714285714285714,80.41428571428571,0.2845714285714286,57.142857142857146,2.9771428571428573,2.6,25.085714285714285,119.41428571428573,1008.7714285714284,77.37142857142858,12.9,1467
8.571428571428571,4.428571428571429,6.771428571428571,7.2,1.8857142857142857,5.0,85.60000000000001,0.179,85.71428571428571,3.5742857142857143,0.0,25.1,245.3428571428572,1006.9714285714286,72.28571428571429,18.914285714285715,1327
11.328571428571427,4.714285714285714,8.057142857142857,10.9,2.357142857142857,6.471428571428571,85.57142857142857,0.3698571428571428,28.571428571428573,1.1914285714285715,0.0,21.15714285714285,245.0142857142857,1010.5285714285714,69.32857142857144,19.585714285714285,1610
12.971428571428572,7.014285714285713,9.9,12.971428571428572,5.328571428571429,9.014285714285714,85.44285714285715,7.558857142857143,100.0,12.5,0.0,20.185714285714287,216.72857142857143,998.4142857142856,77.95714285714287,20.27142857142857,1154
15.671428571428573,7.1,11.028571428571428,15.671428571428573,5.642857142857143,10.471428571428572,59.94285714285714,0.0,0.0,0.0,0.0,19.4,202.7428571428572,1023.3285714285714,38.371428571428574,27.27142857142857,882
24.82857142857143,15.571428571428571,20.1,24.642857142857142,15.571428571428571,20.057142857142857,61.07142857142857,0.071,28.571428571428573,1.1914285714285715,0.0,20.142857142857142,244.65714285714284,1019.9428571428572,60.957142857142856,30.52857142857143,851
22.642857142857142,14.94285714285714,18.74285714285714,22.642857142857142,14.94285714285714,18.74285714285714,68.98571428571428,0.181,42.85714285714285,2.381428571428572,0.0,25.12857142857143,183.8571428571429,1017.3,58.84285714285714,22.014285714285712,1218
8.257142857142856,1.0571428571428572,4.485714285714286,6.371428571428572,-2.4857142857142853,1.2428571428571429,79.35714285714286,1.521,42.85714285714285,2.975714285714285,0.0,31.8,246.08571428571423,1014.157142857143,60.12857142857143,21.9,1672
12.94285714285714,9.185714285714283,11.214285714285714,12.471428571428572,8.0,10.55714285714286,77.28571428571429,2.319142857142857,85.71428571428571,8.332857142857142,0.0,30.3,187.95714285714288,1016.1,65.27142857142857,20.67142857142857,988
12.114285714285714,4.542857142857143,8.671428571428573,12.114285714285714,3.042857142857143,7.671428571428572,71.64285714285714,0.1244285714285714,28.571428571428573,1.1914285714285715,0.0,19.514285714285712,290.7714285714286,1029.0,72.95714285714286,18.74285714285714,1073
12.12857142857143,6.971428571428571,9.242857142857144,11.771428571428572,4.714285714285714,7.714285714285714,86.21428571428571,0.631,57.142857142857146,3.571428571428572,0.0,23.014285714285712,89.4,1013.4285714285714,83.51428571428572,7.371428571428572,1460
5.671428571428572,0.0285714285714285,2.942857142857143,3.0285714285714285,-2.2142857142857144,0.5,83.94285714285715,0.3644285714285714,85.71428571428571,7.737142857142857,0.0,17.3,186.65714285714284,1033.6142857142856,66.91428571428571,16.214285714285715,1173
15.44285714285714,11.37142857142857,13.257142857142856,15.44285714285714,11.185714285714283,13.242857142857144,83.21428571428571,3.4107142857142856,100.0,7.141428571428572,0.0,24.057142857142857,181.08571428571423,1001.3,86.42857142857143,15.314285714285711,1048
10.357142857142858,7.1000000000000005,8.657142857142857,9.771428571428572,4.171428571428572,6.885714285714286,87.07142857142857,2.956,100.0,6.547142857142857,0.0,25.428571428571427,163.44285714285712,995.4857142857144,87.17142857142858,14.0,1632
10.185714285714283,3.071428571428572,6.442857142857143,9.1,0.3,4.242857142857143,71.98571428571428,0.0001428571428571,14.285714285714286,0.5957142857142858,0.0,22.728571428571428,165.34285714285716,1022.2571428571428,53.3,20.557142857142857,984
9.185714285714283,0.7142857142857143,4.442857142857143,7.385714285714286,-0.8714285714285713,3.0857142857142854,80.55714285714285,0.0954285714285714,100.0,4.17,0.0,15.857142857142858,89.74285714285713,1028.757142857143,24.2,12.985714285714286,1266
14.485714285714286,7.857142857142857,11.257142857142856,14.485714285714286,5.928571428571429,10.228571428571428,81.55714285714285,2.776,71.42857142857143,4.167142857142857,0.0,22.085714285714285,261.12857142857143,1009.8,72.35714285714286,13.842857142857143,1288
25.071428571428573,13.857142857142858,19.61428571428572,24.914285714285715,13.857142857142858,19.571428571428573,57.07142857142857,0.012,14.285714285714286,0.5957142857142858,0.0,19.17142857142857,284.2857142857143,1022.6,51.85714285714285,25.571428571428573,1263
13.242857142857144,6.528571428571429,9.4,13.242857142857144,4.1,8.028571428571428,74.5,0.9764285714285714,85.71428571428571,5.357142857142857,0.0,22.685714285714287,218.8571428571429,1007.8714285714286,61.785714285714285,23.985714285714288,986
26.557142857142857,15.085714285714287,20.685714285714287,26.457142857142856,15.085714285714287,20.685714285714287,65.61428571428571,0.0145714285714285,14.285714285714286,1.19,0.0,16.585714285714285,123.94285714285716,1024.4857142857145,48.07142857142857,20.285714285714285,993
25.87142857142857,16.7,21.057142857142857,25.8,16.7,21.057142857142857,70.98571428571428,0.8817142857142858,28.571428571428573,1.7857142857142858,0.0,20.87142857142857,139.9857142857143,1016.9857142857144,65.81428571428572,12.614285714285714,1288
13.657142857142857,6.528571428571429,9.771428571428572,13.657142857142857,3.8,8.585714285714285,83.24285714285715,5.617571428571429,85.71428571428571,5.357142857142857,0.0,31.785714285714285,224.32857142857145,994.5285714285714,68.18571428571428,24.61428571428572,1473
17.2,6.0,11.514285714285714,17.2,4.457142857142857,10.842857142857143,69.95714285714286,0.2344285714285714,28.571428571428573,1.1914285714285715,0.0,17.485714285714284,142.94285714285715,1023.1571428571428,52.2,18.442857142857143,837
25.985714285714288,13.7,20.042857142857144,25.585714285714285,13.7,19.957142857142856,60.17142857142857,0.0,0.0,0.0,0.0,18.985714285714288,154.91428571428574,1023.0571428571428,27.485714285714288,18.6,1234
5.1000000000000005,0.0857142857142856,2.4857142857142853,3.0285714285714285,-2.357142857142857,0.0999999999999999,89.0,0.1782857142857143,100.0,5.3585714285714285,0.0,18.228571428571428,76.41428571428571,1032.9,72.32857142857144,9.528571428571428,1579
8.457142857142857,3.5285714285714285,6.0,6.885714285714286,1.385714285714286,4.0,77.31428571428572,0.2028571428571428,42.85714285714285,3.571428571428572,0.0,18.485714285714288,172.82857142857142,1021.9571428571428,69.55714285714285,13.071428571428571,1132
5.814285714285715,0.6714285714285714,3.5,4.071428571428571,-1.4,1.1285714285714286,84.55714285714285,1.4602857142857142,57.142857142857146,3.5728571428571425,0.1285714285714285,18.685714285714287,226.04285714285717,1015.2142857142856,57.52857142857143,18.7,1097
10.614285714285714,5.385714285714286,8.214285714285714,8.9,2.571428571428572,6.3,81.85714285714286,0.0,0.0,0.0,0.0,32.114285714285714,227.25714285714284,1004.1714285714286,72.08571428571427,20.342857142857145,1732
13.05714285714286,8.657142857142857,10.585714285714284,12.9,7.285714285714286,9.985714285714286,80.67142857142858,4.461857142857142,57.142857142857146,6.547142857142857,0.0,24.428571428571427,141.85714285714286,1007.4285714285714,76.17142857142858,18.12857142857143,1047
9.142857142857142,4.085714285714286,6.6571428571428575,8.22857142857143,2.314285714285714,5.014285714285714,87.62857142857142,0.8838571428571429,100.0,7.144285714285714,0.0,18.642857142857142,181.95714285714288,1021.7714285714284,71.44285714285715,9.585714285714284,1144
8.571428571428571,2.5428571428571423,5.714285714285714,7.671428571428572,0.0285714285714286,3.871428571428571,81.68571428571428,1.310857142857143,71.42857142857143,4.167142857142857,0.2857142857142857,19.071428571428573,168.8857142857143,1024.3428571428572,49.34285714285714,20.071428571428573,942
9.042857142857144,3.3285714285714287,6.242857142857143,7.128571428571428,0.6428571428571429,3.814285714285714,76.5,0.3838571428571428,57.142857142857146,2.9771428571428573,0.0,23.414285714285715,286.8428571428572,1021.6714285714286,80.15714285714286,19.571428571428573,1572
21.25714285714286,12.514285714285714,16.771428571428572,21.3,12.37142857142857,16.785714285714285,75.11428571428571,1.211857142857143,85.71428571428571,5.357142857142857,0.0,19.885714285714283,187.9142857142857,1012.5857142857144,67.57142857142857,16.7,1035
22.485714285714288,14.0,17.857142857142858,22.728571428571428,14.0,17.9,72.97142857142858,1.715714285714286,57.142857142857146,3.5728571428571425,0.0,24.342857142857145,226.52857142857144,1013.9285714285714,59.98571428571428,28.728571428571428,845
11.985714285714286,6.542857142857143,9.55714285714286,11.7,3.914285714285714,7.8428571428571425,84.35714285714286,3.901857142857143,85.71428571428571,9.524285714285714,0.0,33.74285714285714,234.65714285714284,1009.9285714285714,66.35714285714286,14.428571428571429,1106
14.62857142857143,8.3,11.471428571428572,14.62857142857143,7.357142857142857,11.171428571428573,81.15714285714286,0.0,0.0,0.0,0.0,18.957142857142856,232.8142857142857,1021.8142857142856,81.84285714285714,17.95714285714286,1087
20.77142857142857,11.55714285714286,16.228571428571428,20.77142857142857,11.342857142857143,16.2,73.47142857142856,0.523,42.85714285714285,2.381428571428572,0.0,21.65714285714285,225.54285714285717,1016.5857142857144,64.44285714285715,26.985714285714288,1243
10.914285714285716,5.828571428571428,8.4,10.514285714285714,3.042857142857143,6.357142857142857,84.78571428571429,3.365571428571428,85.71428571428571,5.357142857142857,0.0,29.214285714285715,215.94285714285712,1007.7,65.61428571428571,24.74285714285714,1388
20.62857142857143,12.757142857142856,16.5,20.62857142857143,12.62857142857143,16.5,72.44285714285715,2.0892857142857144,85.71428571428571,4.762857142857143,0.0,19.12857142857143,241.7428571428572,1016.6714285714286,82.62857142857142,25.485714285714288,1170
20.65714285714285,14.44285714285714,16.928571428571427,20.65714285714285,14.44285714285714,16.928571428571427,78.58571428571429,8.201714285714285,85.71428571428571,11.905714285714286,0.0,23.87142857142857,194.4,1005.2571428571428,62.785714285714285,24.642857142857142,882
9.428571428571429,3.628571428571429,6.542857142857143,8.6,2.1,5.028571428571429,86.21428571428571,0.026,28.571428571428573,1.1914285714285715,0.0,16.385714285714286,144.57142857142858,1012.3571428571428,57.2,8.014285714285714,1400
8.071428571428571,2.4,5.857142857142857,5.928571428571429,0.0857142857142857,3.2285714285714286,84.28571428571429,0.5318571428571429,71.42857142857143,5.951428571428571,0.0,22.728571428571428,217.3428571428572,1023.7428571428572,79.58571428571429,9.528571428571428,1421
11.285714285714286,6.757142857142857,9.271428571428572,10.642857142857142,4.328571428571428,7.557142857142857,88.92857142857143,6.038142857142858,100.0,11.904285714285717,0.0,28.985714285714288,220.64285714285717,1004.3571428571428,60.285714285714285,24.17142857142857,1102
16.885714285714286,7.028571428571429,12.44285714285714,16.885714285714286,6.042857142857143,12.05714285714286,64.8,0.1064285714285714,14.285714285714286,0.5957142857142858,0.0,21.571428571428573,237.6,1017.1857142857144,66.44285714285714,26.15714285714285,1023
18.6,9.842857142857143,14.5,18.6,9.228571428571428,14.3,68.8,0.6635714285714285,42.85714285714285,1.7871428571428571,0.0,23.52857142857143,150.5,1018.7142857142856,51.01428571428572,27.7,1300
13.414285714285716,6.585714285714286,9.857142857142858,13.414285714285716,4.671428571428572,8.857142857142858,74.55714285714285,0.4462857142857142,57.142857142857146,2.9771428571428573,0.0,24.47142857142857,221.5,1019.4,80.27142857142857,21.37142857142857,1263
15.842857142857143,8.3,12.342857142857143,15.842857142857143,7.357142857142857,12.114285714285714,74.41428571428571,0.574,71.42857142857143,4.167142857142857,0.0,26.571428571428573,243.6857142857143,1007.9,68.18571428571428,22.414285714285715,1213
11.342857142857143,6.214285714285714,8.942857142857143,11.05714285714286,4.885714285714286,8.328571428571427,89.15714285714286,0.6882857142857143,85.71428571428571,5.3585714285714285,0.0,13.857142857142858,171.54285714285714,1017.2571428571428,62.52857142857143,14.142857142857142,949
24.31428571428572,15.242857142857144,19.728571428571428,24.5,15.242857142857144,19.785714285714285,75.14285714285714,1.426142857142857,57.142857142857146,4.762857142857143,0.0,15.042857142857144,210.02857142857144,1014.1142857142858,59.04285714285714,17.685714285714287,1128
8.857142857142858,2.671428571428572,5.642857142857143,6.971428571428571,0.5571428571428572,3.742857142857143,92.07142857142856,0.3718571428571428,42.85714285714285,1.7871428571428571,3.375,19.08571428571429,167.45714285714286,1020.157142857143,63.12857142857143,8.357142857142858,1847
23.142857142857142,15.157142857142857,18.6,23.214285714285715,15.157142857142857,18.6,80.72857142857143,5.476285714285715,57.142857142857146,5.357142857142857,0.0,17.271428571428572,82.42857142857143,1016.342857142857,69.28571428571429,9.971428571428572,853
10.3,5.014285714285714,7.471428571428571,8.27142857142857,1.2142857142857142,4.328571428571428,80.85714285714286,4.608285714285714,100.0,10.714285714285714,0.0,31.87142857142857,231.2428571428572,998.0428571428572,61.85714285714285,21.314285714285717,973
6.828571428571428,1.7571428571428571,4.271428571428571,4.557142857142857,-1.3142857142857145,1.2428571428571429,71.82857142857144,0.1824285714285714,28.571428571428573,1.7857142857142858,0.0,21.7,250.15714285714284,1024.4428571428573,78.25714285714285,24.61428571428571,1380
13.94285714285714,9.028571428571428,11.8,13.94285714285714,7.242857142857143,11.357142857142858,76.67142857142858,1.907142857142857,85.71428571428571,5.357142857142857,0.0,32.67142857142857,238.1,1014.4571428571428,80.45714285714287,23.11428571428572,1145
13.94285714285714,7.028571428571429,10.285714285714286,13.94285714285714,5.285714285714286,9.37142857142857,78.62857142857142,1.4465714285714288,85.71428571428571,6.547142857142857,8.0,19.1,118.02857142857144,1018.6428571428572,74.62857142857142,14.142857142857142,1029
11.485714285714286,4.957142857142857,8.242857142857144,10.957142857142856,3.3857142857142857,7.114285714285714,80.44285714285715,1.228142857142857,57.142857142857146,2.382857142857143,0.0,16.04285714285714,156.44285714285712,1020.6,85.54285714285713,5.071428571428571,1280
20.1,9.842857142857143,15.4,20.1,9.485714285714286,15.328571428571427,69.82857142857144,0.1407142857142857,28.571428571428573,2.975714285714285,0.0,14.914285714285716,161.28571428571428,1017.9428571428572,66.67142857142856,18.457142857142856,1036
15.085714285714284,7.685714285714285,11.771428571428572,15.085714285714284,6.5857142857142845,11.385714285714286,72.52857142857142,0.8161428571428572,71.42857142857143,5.357142857142857,0.0,18.885714285714283,306.3,1022.9857142857144,51.67142857142857,17.45714285714286,930
16.414285714285715,8.942857142857141,12.185714285714283,16.414285714285715,7.642857142857143,11.771428571428572,68.39999999999999,0.1439999999999999,28.571428571428573,2.381428571428572,0.0,18.957142857142856,74.11428571428571,1012.1857142857144,68.72857142857143,17.95714285714286,911
17.1,7.042857142857143,12.271428571428572,17.1,5.971428571428571,11.928571428571429,64.55714285714285,0.2112857142857143,14.285714285714286,1.19,0.0,20.77142857142857,178.81428571428572,1015.1142857142858,56.72857142857144,20.885714285714283,1291
4.771428571428571,1.8857142857142857,3.2857142857142856,2.0285714285714285,-2.3000000000000003,-0.3142857142857143,77.92857142857143,0.4848571428571429,85.71428571428571,6.55,0.0,21.24285714285714,24.82857142857143,1017.2142857142856,68.24285714285715,21.957142857142856,1020
22.02857142857143,13.728571428571428,17.8,22.02857142857143,13.728571428571428,17.8,67.72857142857143,0.002,28.571428571428573,1.1914285714285715,0.0,20.5,241.08571428571423,1018.5142857142856,66.01428571428572,29.457142857142856,844
18.885714285714283,10.62857142857143,14.8,18.885714285714283,10.328571428571427,14.757142857142856,76.95714285714287,0.9175714285714286,100.0,8.334285714285715,0.0,19.885714285714283,262.1,1016.4857142857144,74.35714285714286,21.61428571428572,1014
8.285714285714286,2.7,5.514285714285714,7.014285714285714,0.6857142857142858,3.7571428571428567,79.32857142857142,0.1995714285714285,71.42857142857143,2.9785714285714286,0.9714285714285714,18.085714285714285,259.75714285714287,1028.6285714285714,60.22857142857144,17.7,1143
15.771428571428572,9.5,12.728571428571428,15.771428571428572,9.171428571428573,12.55714285714286,86.34285714285714,4.522571428571428,100.0,10.712857142857144,0.0857142857142857,22.057142857142857,212.78571428571428,999.8714285714286,49.67142857142857,14.4,952
23.2,15.657142857142857,19.142857142857142,23.185714285714287,15.657142857142857,19.17142857142857,74.81428571428572,1.1654285714285713,85.71428571428571,4.168571428571428,0.0,22.357142857142858,122.2,1017.4714285714286,75.4,15.1,1046
10.085714285714287,5.6571428571428575,7.857142857142857,9.742857142857144,3.2285714285714286,6.0,87.44285714285715,3.785857142857143,100.0,11.308571428571428,0.0,22.9,194.6142857142857,991.4428571428572,62.92857142857143,18.3,1000
14.9,9.428571428571429,11.985714285714284,14.9,8.085714285714285,11.528571428571428,80.89999999999999,7.311428571428571,100.0,12.5,0.0,29.01428571428572,235.3571428571429,1006.0142857142856,63.285714285714285,15.285714285714286,924
27.5,16.114285714285714,22.057142857142857,27.32857142857143,16.114285714285714,22.014285714285712,62.12857142857143,0.864,42.85714285714285,2.381428571428572,0.0,16.185714285714287,244.9857142857143,1018.5857142857144,53.34285714285714,21.942857142857143,1054
10.271428571428572,4.8,7.8428571428571425,8.985714285714286,1.6285714285714283,5.814285714285715,88.91428571428571,9.979285714285714,100.0,10.715714285714286,0.0,25.6,221.87142857142857,999.1,85.68571428571428,17.37142857142857,1206
16.514285714285712,7.1000000000000005,11.985714285714286,16.514285714285712,6.014285714285714,11.614285714285714,65.41428571428571,0.0508571428571428,14.285714285714286,0.5957142857142858,0.0,21.17142857142857,104.35714285714286,1019.2142857142856,48.42857142857143,25.085714285714285,1255
14.342857142857143,7.6571428571428575,10.971428571428572,14.342857142857143,6.7,10.6,86.35714285714286,0.769,71.42857142857143,5.358571428571429,0.0,17.942857142857143,262.2857142857143,1024.2428571428572,60.371428571428574,12.37142857142857,965
22.4,11.914285714285716,16.714285714285715,22.4,11.914285714285716,16.714285714285715,73.45714285714287,0.3538571428571428,57.142857142857146,2.382857142857143,0.0,18.685714285714287,59.41428571428572,1019.2,77.11428571428571,10.142857142857142,1081
16.685714285714287,8.328571428571427,11.885714285714286,16.685714285714287,6.457142857142857,11.3,78.47142857142856,0.0,0.0,0.0,0.0,22.557142857142857,274.9142857142857,1024.3285714285714,71.08571428571429,13.342857142857143,1320
17.428571428571427,11.3,14.1,17.428571428571427,11.085714285714287,14.085714285714284,82.62857142857142,0.6115714285714285,85.71428571428571,5.951428571428571,0.0,18.585714285714285,244.0142857142857,1016.7857142857144,88.58571428571429,15.828571428571433,1104
9.3,4.057142857142858,7.057142857142857,7.371428571428572,1.3857142857142857,4.857142857142857,82.04285714285713,1.092142857142857,85.71428571428571,5.357142857142857,0.0,27.957142857142856,217.6,1009.4428571428572,75.82857142857142,21.77142857142857,1358
21.65714285714285,14.185714285714283,17.9,21.65714285714285,14.185714285714283,17.9,79.18571428571428,3.966285714285714,57.142857142857146,5.952857142857143,0.0,15.414285714285713,208.3,1015.0285714285714,73.7,16.842857142857145,1005
17.0,9.128571428571428,13.014285714285714,17.0,8.671428571428573,12.914285714285716,69.52857142857144,0.0828571428571428,28.571428571428573,1.7857142857142858,0.0,19.37142857142857,197.4857142857143,1022.2714285714284,59.01428571428572,26.185714285714287,1014
10.928571428571429,3.128571428571429,7.3,10.642857142857142,1.7285714285714289,5.685714285714285,68.87142857142858,0.0667142857142857,57.142857142857146,4.1657142857142855,0.0,23.12857142857143,261.01428571428573,1011.8571428571428,64.52857142857144,21.6,1214
20.3,9.1,15.157142857142857,20.3,8.828571428571427,15.114285714285714,61.58571428571429,0.0098571428571428,14.285714285714286,0.5957142857142858,0.0,17.814285714285713,85.04285714285713,1025.7,42.642857142857146,21.342857142857145,1112
11.657142857142858,5.371428571428572,8.5,11.385714285714286,2.8857142857142857,6.785714285714286,71.74285714285715,2.028142857142857,100.0,8.334285714285715,0.0,22.74285714285714,255.0,1019.3285714285714,74.91428571428571,22.914285714285715,1087
5.814285714285715,3.0142857142857147,4.5285714285714285,5.214285714285714,1.542857142857143,3.4857142857142853,93.05714285714284,0.9831428571428572,100.0,10.715714285714286,0.0,9.37142857142857,185.08571428571432,1032.557142857143,88.7,3.8,1376
8.299999999999999,3.414285714285714,5.985714285714287,6.871428571428571,2.042857142857143,4.271428571428571,83.8,1.0545714285714285,42.85714285714285,3.571428571428572,0.0,15.257142857142856,121.88571428571429,1008.7428571428572,78.27142857142857,20.042857142857144,1018
22.88571428571429,12.6,17.257142857142856,22.88571428571429,12.6,17.257142857142856,72.64285714285714,2.8625714285714285,28.571428571428573,2.9771428571428578,0.0,13.37142857142857,64.94285714285715,1020.1285714285714,54.15714285714286,18.27142857142857,895
18.52857142857143,9.757142857142856,14.271428571428572,18.52857142857143,9.757142857142856,14.271428571428572,72.8,0.2528571428571428,42.85714285714285,2.975714285714285,0.0,19.785714285714285,289.9428571428571,1017.2571428571428,65.2,27.757142857142856,1057
18.95714285714286,11.571428571428571,15.214285714285714,18.95714285714286,11.571428571428571,15.214285714285714,73.31428571428572,2.7857142857142856,100.0,6.55,0.0,26.185714285714287,234.82857142857145,1011.5142857142856,51.48571428571428,29.957142857142856,838
15.842857142857142,7.8,11.785714285714286,15.842857142857142,6.271428571428571,11.342857142857143,72.89999999999999,0.094,28.571428571428573,1.1914285714285715,0.0,25.014285714285712,257.9857142857143,1021.7428571428572,66.42857142857143,29.02857142857143,1268
9.842857142857143,1.2,5.3,9.342857142857143,-1.4428571428571428,3.4428571428571426,83.71428571428571,0.0,0.0,0.0,0.0,26.38571428571429,249.87142857142857,1020.5714285714286,57.44285714285714,17.52857142857143,1686
17.0,12.5,14.571428571428571,17.0,12.3,14.528571428571428,85.58571428571429,3.990285714285714,100.0,6.547142857142857,0.0,15.94285714285714,146.5,1002.8285714285714,86.07142857142857,10.242857142857144,1126
15.72857142857143,9.242857142857144,12.228571428571428,15.72857142857143,8.4,12.0,76.27142857142857,1.6314285714285717,85.71428571428571,7.141428571428572,0.0,18.87142857142857,124.11428571428571,1010.9428571428572,66.61428571428571,17.34285714285714,910
12.44285714285714,6.057142857142857,9.2,12.242857142857144,3.8285714285714287,7.757142857142857,82.75714285714285,1.9577142857142853,100.0,4.764285714285714,0.0,25.77142857142857,184.18571428571428,1003.7285714285716,81.55714285714285,19.25714285714286,1437
11.44285714285714,6.985714285714286,9.257142857142856,11.05714285714286,4.442857142857142,7.685714285714286,82.12857142857142,1.3021428571428573,71.42857142857143,3.5728571428571425,0.0,28.214285714285715,229.1,1007.7428571428572,81.51428571428572,18.61428571428572,1218
9.071428571428571,5.442857142857143,7.428571428571429,8.357142857142858,2.7285714285714286,5.842857142857143,87.21428571428571,1.5287142857142857,57.142857142857146,4.1657142857142855,0.0,22.014285714285712,175.57142857142858,1006.7571428571428,86.27142857142857,13.514285714285716,1414
16.62857142857143,7.657142857142857,11.671428571428573,16.62857142857143,6.514285714285714,11.271428571428572,62.85714285714285,0.0001428571428571,14.285714285714286,0.5957142857142858,0.0,19.15714285714285,198.62857142857143,1023.4285714285714,59.15714285714286,26.785714285714285,940
23.342857142857145,13.94285714285714,18.642857142857142,23.342857142857145,13.94285714285714,18.642857142857142,67.81428571428572,2.072142857142857,14.285714285714286,0.5957142857142858,0.0,20.457142857142856,110.01428571428572,1012.3857142857142,42.6,15.7,1224
21.15714285714285,12.985714285714286,17.228571428571428,21.15714285714285,12.985714285714286,17.228571428571428,71.38571428571429,0.0,0.0,0.0,0.0,22.214285714285715,73.52857142857142,1025.3142857142857,66.04285714285714,23.3,1256
7.585714285714286,3.1,5.0,5.185714285714285,-0.4857142857142857,1.9,79.3,0.9048571428571428,57.142857142857146,4.762857142857143,0.0,20.971428571428568,104.98571428571428,1029.5428571428572,65.5,15.8,893
9.828571428571427,4.971428571428571,7.142857142857143,8.457142857142857,2.357142857142857,4.957142857142857,75.94285714285715,1.0224285714285717,57.142857142857146,4.167142857142857,0.0,17.214285714285715,41.885714285714286,1028.2714285714285,76.37142857142858,8.4,1099
11.428571428571429,3.914285714285714,7.628571428571428,11.1,0.9285714285714286,5.471428571428571,63.92857142857143,0.0302857142857142,14.285714285714286,1.19,0.0,27.37142857142857,41.04285714285714,1018.2285714285714,35.58571428571429,14.514285714285714,1111
8.6,4.828571428571428,6.7,7.214285714285714,1.2714285714285716,4.114285714285715,83.3,3.4561428571428574,85.71428571428571,8.332857142857142,0.9,27.11428571428572,234.15714285714284,1013.4,76.5,18.75714285714286,1051
16.12857142857143,10.671428571428573,13.12857142857143,16.12857142857143,10.62857142857143,13.12857142857143,81.72857142857143,1.6901428571428572,100.0,7.737142857142857,0.0,22.37142857142857,207.8857142857143,1012.8571428571428,66.11428571428571,11.014285714285714,942
26.67142857142857,17.3,21.857142857142858,26.75714285714286,17.3,21.9,71.82857142857144,0.2081428571428571,57.142857142857146,3.571428571428572,0.0,16.142857142857142,175.81428571428572,1018.3857142857142,60.92857142857143,11.62857142857143,1179
9.757142857142856,5.028571428571429,7.414285714285714,8.414285714285715,3.0285714285714285,5.242857142857142,84.65714285714284,5.755428571428572,100.0,11.905714285714286,1.0,21.6,214.47142857142856,994.0,77.68571428571428,21.37142857142857,1158
9.328571428571427,3.4285714285714284,6.528571428571429,7.828571428571429,0.2571428571428572,3.971428571428572,80.89999999999999,1.3471428571428572,71.42857142857143,8.332857142857142,0.0,30.057142857142857,244.8,1012.2857142857144,77.14285714285714,15.328571428571427,1355
15.2,5.828571428571428,10.157142857142857,15.2,4.6000000000000005,9.471428571428572,77.21428571428571,0.4734285714285713,71.42857142857143,3.5728571428571425,0.0,19.585714285714285,230.1142857142857,1020.8857142857144,43.642857142857146,30.042857142857144,776
16.242857142857144,7.814285714285714,11.842857142857143,16.242857142857144,7.1571428571428575,11.671428571428573,68.22857142857143,0.0025714285714285,28.571428571428573,2.38,0.0,15.328571428571427,291.12857142857143,1024.3,41.114285714285714,22.442857142857143,902
19.342857142857145,14.042857142857144,16.314285714285713,19.342857142857145,14.042857142857144,16.314285714285713,79.38571428571429,3.135142857142857,100.0,6.547142857142857,0.0,25.571428571428573,223.0285714285714,1001.5,77.45714285714287,23.214285714285715,1083
19.47142857142857,10.328571428571427,15.185714285714283,19.47142857142857,9.657142857142857,15.1,68.42857142857143,0.9174285714285714,57.142857142857146,4.761428571428572,0.0,18.571428571428573,202.05714285714288,1015.2142857142856,68.3,26.1,841
5.385714285714286,1.4285714285714286,3.557142857142857,3.4857142857142853,-1.7571428571428571,1.0714285714285714,87.65714285714286,4.074285714285714,85.71428571428571,8.927142857142858,191.0,20.77142857142857,143.45714285714286,1009.6857142857144,78.75714285714285,14.728571428571428,1292
11.714285714285714,2.242857142857143,6.871428571428572,11.62857142857143,1.657142857142857,6.214285714285714,87.58571428571429,0.2371428571428571,100.0,4.764285714285714,0.0,15.37142857142857,245.17142857142855,1028.0428571428572,42.7,9.328571428571427,984
13.342857142857143,6.285714285714286,9.528571428571428,13.342857142857143,4.242857142857143,8.257142857142856,74.28571428571429,0.0598571428571428,42.85714285714285,1.7871428571428571,0.0,23.37142857142857,229.44285714285712,1021.157142857143,73.74285714285715,16.74285714285714,1182
14.828571428571427,8.9,11.6,14.828571428571427,6.385714285714285,11.014285714285714,79.24285714285715,4.392857142857143,100.0,11.311428571428571,0.0,30.214285714285715,209.57142857142856,1004.8285714285714,75.22857142857143,18.228571428571428,1062
10.385714285714286,4.7,7.671428571428572,9.1,2.6142857142857143,5.914285714285714,78.41428571428571,0.2354285714285714,57.142857142857146,3.571428571428572,0.0,21.2,249.22857142857143,1027.428571428571,75.74285714285715,18.842857142857135,1293
14.157142857142857,8.214285714285714,11.228571428571428,14.157142857142857,7.942857142857142,11.157142857142857,85.97142857142856,2.791857142857143,85.71428571428571,7.738571428571428,0.0,20.185714285714287,146.4,1011.9428571428572,68.04285714285714,21.1,886
6.485714285714286,0.557142857142857,3.814285714285714,3.871428571428571,-2.528571428571429,1.0857142857142856,79.34285714285714,1.0627142857142855,42.85714285714285,2.975714285714285,0.0,22.357142857142858,200.4,1020.8,80.58571428571429,18.7,1220
18.857142857142858,10.785714285714286,14.842857142857143,18.857142857142858,10.785714285714286,14.842857142857143,71.34285714285714,3.504142857142857,71.42857142857143,5.952857142857143,0.0,22.971428571428568,184.67142857142855,1013.5571428571428,65.2,24.557142857142857,936
22.77142857142857,13.5,18.4,22.77142857142857,13.5,18.4,65.57142857142857,0.1822857142857143,57.142857142857146,5.357142857142857,0.0,17.0,324.95714285714286,1018.7,50.81428571428571,18.74285714285714,891
2.3714285714285714,-1.0571428571428572,0.7142857142857143,0.8428571428571429,-4.471428571428572,-1.5571428571428572,82.15714285714286,1.6222857142857143,57.142857142857146,5.952857142857143,3.2857142857142856,14.828571428571427,86.77142857142857,1036.428571428571,69.11428571428571,10.828571428571427,1109
11.8,4.171428571428572,8.128571428571428,10.5,0.6857142857142857,5.842857142857143,71.62857142857142,0.9732857142857142,57.142857142857146,3.571428571428572,0.0,27.685714285714287,264.48571428571427,1015.0142857142856,70.58571428571429,18.785714285714285,1273
23.24285714285714,14.44285714285714,19.042857142857144,23.428571428571427,14.44285714285714,19.085714285714285,70.52857142857142,0.002,14.285714285714286,0.5957142857142858,0.0,19.914285714285715,186.18571428571428,1022.0142857142856,69.58571428571427,26.342857142857145,1300
14.685714285714283,6.6571428571428575,10.728571428571428,14.685714285714283,4.628571428571428,9.87142857142857,68.94285714285715,0.0752857142857142,14.285714285714286,0.5957142857142858,0.0,27.442857142857143,142.1,1029.4714285714283,73.94285714285715,21.24285714285714,1496
9.842857142857143,3.4857142857142853,7.028571428571429,8.071428571428571,0.6,4.228571428571429,76.24285714285715,3.5432857142857146,100.0,13.095714285714283,0.0,32.55714285714286,236.75714285714284,1010.8571428571428,73.77142857142857,23.1,1202
20.5,13.7,16.757142857142856,20.5,13.7,16.757142857142856,80.57142857142857,3.763714285714286,100.0,11.30857142857143,0.0,24.37142857142857,217.72857142857143,1010.7142857142856,56.02857142857143,22.228571428571428,814
10.94285714285714,6.071428571428571,8.742857142857144,9.957142857142856,2.5285714285714285,6.542857142857143,82.81428571428572,5.468285714285714,100.0,10.715714285714286,0.0,34.371428571428574,241.72857142857143,1015.7285714285716,53.75714285714286,14.214285714285714,1118
8.942857142857143,2.814285714285714,5.871428571428572,7.042857142857143,0.5571428571428572,3.685714285714286,86.61428571428571,2.258,71.42857142857143,5.95,0.0,24.25714285714286,192.08571428571423,997.9285714285714,72.02857142857142,13.914285714285713,1688
5.942857142857143,2.4285714285714284,4.371428571428572,4.371428571428572,-0.5285714285714286,2.1714285714285717,78.28571428571429,0.7337142857142857,28.571428571428573,2.381428571428572,0.0,17.142857142857142,192.44285714285712,1036.5285714285717,76.65714285714286,15.328571428571427,1408
9.428571428571429,3.9571428571428577,6.9,7.899999999999999,1.657142857142857,4.742857142857143,84.32857142857142,2.4541428571428567,85.71428571428571,5.357142857142857,0.0,21.542857142857144,267.8857142857143,1005.5,76.14285714285714,20.77142857142857,1189
20.25714285714286,10.042857142857144,15.571428571428571,20.25714285714286,9.828571428571427,15.528571428571428,64.54285714285714,0.0755714285714285,28.571428571428573,1.1914285714285715,0.0,18.242857142857144,59.7,1022.4571428571428,38.41428571428571,28.414285714285715,838
18.385714285714283,8.785714285714286,13.914285714285716,18.385714285714283,8.585714285714285,13.857142857142858,66.71428571428571,0.1532857142857142,28.571428571428573,2.9771428571428578,0.0,18.82857142857143,148.75714285714284,1025.6857142857143,64.04285714285713,23.3,915
20.4,12.042857142857144,16.3,20.4,11.928571428571429,16.271428571428572,73.97142857142858,0.0198571428571428,28.571428571428573,1.1914285714285715,0.0,21.842857142857145,209.97142857142856,1016.8857142857142,70.22857142857143,23.728571428571428,1260
14.8,7.8428571428571425,11.114285714285714,14.8,6.371428571428572,10.8,79.15714285714286,1.766714285714286,85.71428571428571,4.762857142857143,0.0,23.071428571428573,166.54285714285714,1005.7142857142856,67.92857142857143,23.814285714285717,1374
10.485714285714286,5.7,7.942857142857143,9.742857142857144,2.2142857142857144,6.014285714285714,81.3,6.252571428571429,100.0,11.904285714285717,0.0,38.642857142857146,211.0142857142857,995.3571428571428,62.142857142857146,23.714285714285715,990
22.8,12.5,18.014285714285712,22.77142857142857,12.071428571428571,17.928571428571427,58.2,0.0714285714285714,14.285714285714286,0.5957142857142858,0.0,15.814285714285717,268.5,1020.4714285714286,49.5,30.942857142857143,846
11.142857142857142,6.942857142857143,9.528571428571428,10.357142857142858,4.685714285714285,8.22857142857143,83.25714285714285,1.0407142857142857,85.71428571428571,6.548571428571429,50.642857142857146,29.085714285714285,240.45714285714288,1023.5857142857144,73.11428571428571,21.542857142857144,1016
18.957142857142856,10.757142857142856,15.142857142857142,18.957142857142856,10.514285714285714,15.1,72.55714285714285,0.0,0.0,0.0,0.0,22.12857142857143,272.7285714285714,1023.7571428571428,67.74285714285715,24.37142857142857,1356
10.471428571428572,3.442857142857143,7.028571428571429,9.328571428571427,1.414285714285714,5.114285714285714,73.58571428571429,0.1352857142857143,28.571428571428573,1.7857142857142858,0.0,19.928571428571427,147.55714285714288,1018.0428571428572,60.91428571428571,15.285714285714286,1294
23.27142857142857,15.157142857142857,18.97142857142857,23.3,15.157142857142857,18.97142857142857,74.0,0.5622857142857143,71.42857142857143,6.548571428571429,0.0,14.7,253.12857142857143,1016.1428571428572,72.48571428571428,18.77142857142857,1018
10.9,3.8428571428571434,7.399999999999999,10.571428571428571,0.9857142857142857,5.1571428571428575,82.58571428571429,0.8657142857142858,57.142857142857146,3.571428571428572,0.0,31.12857142857143,232.6,1011.1142857142858,65.0142857142857,20.77142857142857,1738
22.071428571428573,14.357142857142858,17.900000000000002,22.071428571428573,14.357142857142858,17.900000000000002,69.6,0.004,57.142857142857146,3.571428571428572,0.0,21.0,253.45714285714288,1019.4428571428572,65.61428571428571,34.18571428571429,797
12.114285714285714,6.042857142857143,9.185714285714283,11.728571428571428,3.7285714285714286,7.785714285714286,85.02857142857142,0.494,57.142857142857146,2.9771428571428573,0.0,25.214285714285715,225.3428571428572,1016.1285714285714,78.55714285714285,16.6,1344
21.9,13.885714285714286,18.228571428571428,21.814285714285717,13.885714285714286,18.2,73.34285714285714,0.2728571428571428,42.85714285714285,2.381428571428572,0.0,16.642857142857142,155.0142857142857,1015.4714285714286,80.38571428571429,13.914285714285713,1167
9.3,4.085714285714286,6.814285714285715,8.257142857142856,2.685714285714286,5.571428571428571,89.7,0.8557142857142858,100.0,6.547142857142857,0.1999999999999999,15.771428571428572,270.87142857142857,1030.071428571429,69.98571428571428,11.728571428571428,1211
10.0,4.214285714285714,6.8,8.814285714285715,1.1714285714285713,4.328571428571428,79.14285714285714,0.3712857142857143,42.85714285714285,2.381428571428572,0.0,25.414285714285715,234.37142857142857,1008.4714285714286,79.11428571428571,23.12857142857143,1537
15.242857142857144,5.314285714285714,10.12857142857143,15.242857142857144,3.7285714285714286,9.228571428571428,58.01428571428571,0.2138571428571428,42.85714285714285,2.381428571428572,0.0,21.314285714285717,131.55714285714288,1020.0285714285714,36.08571428571428,33.74285714285714,929
18.585714285714285,12.842857142857143,15.471428571428572,18.585714285714285,12.842857142857143,15.471428571428572,76.31428571428572,1.5061428571428572,100.0,5.952857142857143,0.0,25.085714285714285,246.5,1009.5714285714286,77.35714285714286,25.071428571428573,1143
12.5,5.042857142857143,8.4,11.285714285714286,2.8857142857142857,6.871428571428571,73.48571428571428,0.5882857142857143,42.85714285714285,1.7871428571428571,0.0,24.11428571428571,241.54285714285717,1017.0571428571428,64.94285714285714,19.714285714285715,1178
20.9,10.585714285714284,16.085714285714285,20.9,10.414285714285716,16.057142857142857,67.87142857142858,1.2911428571428571,85.71428571428571,5.952857142857143,0.0,17.2,269.85714285714283,1016.8857142857142,35.05714285714286,16.357142857142858,909
17.7,11.171428571428573,14.485714285714286,17.7,11.171428571428573,14.485714285714286,71.9,0.2088571428571428,85.71428571428571,4.762857142857143,0.0,27.47142857142857,248.02857142857144,1007.9857142857144,76.41428571428571,24.214285714285715,1116
21.785714285714285,12.342857142857143,16.9,21.785714285714285,12.028571428571428,16.87142857142857,67.4,0.0014285714285714,42.85714285714285,2.381428571428572,0.0,16.157142857142855,135.45714285714286,1020.7142857142856,35.24285714285714,23.52857142857143,842
19.885714285714283,14.328571428571427,16.757142857142856,19.885714285714283,14.328571428571427,16.757142857142856,80.52857142857144,3.778428571428572,71.42857142857143,8.334285714285715,0.0,18.242857142857144,160.9857142857143,1007.8285714285714,71.07142857142857,16.842857142857145,884
12.7,6.914285714285714,10.0,12.314285714285717,4.628571428571428,8.714285714285714,76.28571428571429,1.9427142857142856,85.71428571428571,5.357142857142857,0.0,37.25714285714286,250.67142857142855,1005.3571428571428,70.42857142857143,28.571428571428573,1194
10.214285714285714,3.2285714285714286,6.842857142857143,8.7,0.6,4.557142857142857,74.95714285714284,1.4362857142857144,85.71428571428571,8.334285714285715,0.5285714285714286,22.728571428571428,186.55714285714288,1011.5,44.0,20.957142857142856,986
10.271428571428572,5.628571428571428,8.128571428571428,9.014285714285714,1.8571428571428568,5.7,80.41428571428571,1.6841428571428572,85.71428571428571,4.762857142857143,0.0,40.57142857142857,231.07142857142856,1009.4285714285714,73.68571428571428,20.12857142857143,1417
3.1142857142857143,-0.2428571428571428,1.342857142857143,-1.4285714285714286,-5.085714285714286,-3.042857142857143,74.55714285714285,0.0512857142857142,42.85714285714285,1.7871428571428571,1.4,26.942857142857147,92.98571428571428,1019.2,66.28571428571429,19.985714285714288,1726
8.328571428571427,3.6142857142857134,5.771428571428571,6.385714285714286,0.7857142857142857,3.2285714285714286,78.41428571428571,1.123,100.0,12.501428571428573,0.0,19.214285714285715,120.18571428571428,1013.3142857142856,79.77142857142857,16.45714285714286,1140
9.328571428571427,3.871428571428571,6.957142857142857,8.2,1.157142857142857,4.485714285714286,80.39999999999999,1.896857142857143,100.0,4.764285714285714,0.0,29.728571428571428,180.4857142857143,1009.6142857142858,78.41428571428571,19.62857142857143,1427
15.885714285714286,9.857142857142858,12.814285714285717,15.885714285714286,9.857142857142858,12.814285714285717,85.81428571428572,1.5464285714285717,85.71428571428571,8.335714285714287,0.0,14.12857142857143,119.02857142857144,1020.2285714285716,59.68571428571429,10.4,917
8.828571428571427,2.7142857142857144,6.271428571428571,6.885714285714286,0.5142857142857143,3.9,75.9,1.2599999999999998,85.71428571428571,5.951428571428571,0.0,24.042857142857144,271.54285714285714,1018.9,77.02857142857144,22.5,1212
10.4,7.171428571428572,8.685714285714285,9.757142857142856,4.671428571428572,6.685714285714285,82.14285714285714,0.0331428571428571,28.571428571428573,1.7857142857142858,0.0,20.571428571428573,36.4,1031.242857142857,90.01428571428572,20.514285714285712,1319
24.042857142857144,12.714285714285714,18.5,24.057142857142857,12.714285714285714,18.5,74.47142857142858,0.0598571428571428,14.285714285714286,0.5957142857142858,0.0,14.1,216.7,1025.428571428571,44.08571428571429,13.4,1300
10.885714285714286,5.2,8.1,10.7,2.871428571428571,6.314285714285715,79.47142857142856,1.7352857142857143,85.71428571428571,4.762857142857143,0.0,24.08571428571429,194.64285714285717,1009.0,81.37142857142858,22.77142857142857,1455
28.62857142857143,17.742857142857144,23.071428571428573,28.857142857142858,17.742857142857144,23.12857142857143,64.75714285714285,2.3445714285714283,57.142857142857146,4.167142857142857,0.0,20.071428571428573,207.0142857142857,1014.5,59.785714285714285,32.81428571428571,942
20.371428571428574,10.214285714285714,14.757142857142856,20.371428571428574,10.114285714285714,14.714285714285714,59.08571428571429,0.1144285714285714,42.85714285714285,2.381428571428572,0.0,21.571428571428573,122.85714285714286,1008.0857142857144,48.885714285714286,24.814285714285717,892
7.628571428571428,2.314285714285714,5.114285714285714,5.771428571428571,-0.8,2.271428571428572,84.25714285714285,0.1657142857142857,42.85714285714285,2.381428571428572,0.0,25.82857142857143,201.47142857142856,1027.3,70.55714285714285,15.914285714285716,1297
12.185714285714283,3.2142857142857144,7.442857142857142,11.485714285714286,1.4857142857142858,6.114285714285714,76.7,0.3084285714285714,57.142857142857146,4.167142857142857,0.0,17.242857142857144,201.7428571428572,1017.0428571428572,55.54285714285714,19.428571428571427,954
18.542857142857144,10.414285714285716,14.1,18.542857142857144,9.357142857142858,13.757142857142856,77.39999999999999,1.519,57.142857142857146,2.9771428571428573,0.0,23.642857142857142,181.14285714285717,1014.3857142857142,47.34285714285714,22.74285714285714,905
11.085714285714284,3.1142857142857143,7.242857142857143,10.714285714285714,0.6285714285714287,5.328571428571428,65.88571428571429,1.3792857142857144,71.42857142857143,7.144285714285715,0.0,25.0,180.6285714285714,1013.6285714285714,37.0,18.214285714285715,1001
17.571428571428573,9.657142857142857,13.985714285714286,17.571428571428573,8.857142857142858,13.842857142857143,77.91428571428571,2.0204285714285715,85.71428571428571,7.737142857142857,0.0,21.885714285714283,217.18571428571428,1015.9571428571428,59.48571428571429,20.8,922
10.614285714285714,5.328571428571428,8.171428571428573,9.528571428571428,2.5142857142857147,6.471428571428571,76.81428571428572,1.0212857142857144,100.0,8.928571428571429,0.0,27.728571428571428,186.54285714285717,1015.7714285714284,69.41428571428571,24.428571428571427,1117
10.742857142857144,6.971428571428571,8.928571428571429,10.4,5.028571428571429,7.685714285714285,80.14285714285714,0.1135714285714285,42.85714285714285,1.7871428571428571,0.0,20.0,271.6428571428572,1029.3714285714286,68.6,29.842857142857145,979
21.31428571428572,12.185714285714283,16.514285714285712,21.31428571428572,12.185714285714283,16.514285714285712,75.5,0.0,0.0,0.0,0.0,15.928571428571429,90.91428571428573,1023.0,59.114285714285714,10.842857142857143,1182
18.214285714285715,11.185714285714283,14.44285714285714,18.214285714285715,10.5,14.328571428571433,85.60000000000001,1.7504285714285717,100.0,7.144285714285714,0.0,17.642857142857142,180.47142857142856,1017.5571428571428,50.9,13.028571428571428,882
18.65714285714285,9.971428571428572,14.55714285714286,18.65714285714285,9.4,14.357142857142858,66.18571428571428,0.262,71.42857142857143,5.951428571428571,0.0,26.62857142857143,224.05714285714288,1014.1714285714286,56.57142857142857,30.74285714285714,898
18.985714285714288,12.714285714285714,15.742857142857144,18.985714285714288,12.714285714285714,15.742857142857144,79.15714285714286,2.224,100.0,10.118571428571428,0.0,24.27142857142857,211.15714285714284,1008.2,53.12857142857143,16.12857142857143,873
10.314285714285717,5.071428571428571,7.757142857142857,9.585714285714284,2.071428571428572,5.671428571428572,80.25714285714285,0.8905714285714286,85.71428571428571,4.762857142857143,0.0,24.585714285714285,245.02857142857144,1015.657142857143,59.54285714285714,27.085714285714285,987
8.814285714285715,4.785714285714286,6.757142857142857,7.871428571428572,2.642857142857143,4.914285714285714,79.82857142857142,0.2511428571428571,28.571428571428573,1.1914285714285715,0.0,17.228571428571428,212.15714285714284,1029.6,80.52857142857144,13.214285714285714,1578
16.942857142857143,11.1,13.914285714285716,16.942857142857143,10.342857142857143,13.857142857142858,72.98571428571428,0.2018571428571428,57.142857142857146,4.167142857142857,0.0,23.814285714285717,143.14285714285714,1015.1857142857144,80.97142857142856,29.77142857142857,889
22.97142857142857,13.471428571428572,18.52857142857143,22.97142857142857,13.471428571428572,18.52857142857143,64.45714285714286,0.3654285714285714,14.285714285714286,1.19,0.0,22.514285714285712,228.37142857142857,1018.8142857142856,64.14285714285714,19.485714285714288,961
18.3,10.62857142857143,14.257142857142856,18.3,10.085714285714287,14.228571428571428,71.52857142857144,4.105,71.42857142857143,7.738571428571428,0.0,20.957142857142856,187.3142857142857,1011.0571428571428,56.91428571428571,28.214285714285715,817
14.242857142857144,9.485714285714286,12.0,14.242857142857144,8.871428571428572,11.685714285714283,82.67142857142858,3.1535714285714285,85.71428571428571,7.7371428571428575,0.1428571428571428,26.085714285714285,182.5,1000.2857142857144,67.67142857142856,20.142857142857142,1017
7.242857142857143,1.5714285714285714,4.357142857142857,4.171428571428572,-1.2428571428571429,1.457142857142857,76.51428571428572,1.4598571428571427,85.71428571428571,4.168571428571428,0.0,23.11428571428572,189.7428571428572,1012.7142857142856,56.55714285714286,20.914285714285715,1003
7.614285714285714,3.585714285714286,5.571428571428571,5.328571428571428,-0.5714285714285714,2.857142857142857,88.89999999999999,0.4552857142857142,71.42857142857143,4.167142857142857,0.0,25.12857142857143,163.17142857142858,1018.2571428571428,86.01428571428572,11.55714285714286,1702
14.185714285714283,8.857142857142858,11.542857142857144,14.185714285714283,7.785714285714286,11.214285714285714,87.47142857142856,2.9041428571428574,100.0,5.952857142857143,0.0,26.15714285714285,194.87142857142857,1005.8714285714286,78.2,20.571428571428573,1271
16.6,7.485714285714286,11.757142857142856,16.6,5.571428571428571,11.157142857142857,70.75714285714285,0.052,14.285714285714286,0.5957142857142858,0.0,21.9,99.65714285714286,1018.0142857142856,61.74285714285714,17.04285714285714,1054
6.442857142857143,2.0285714285714285,4.471428571428572,4.3,-1.7142857142857142,1.5285714285714287,90.24285714285716,3.1277142857142857,100.0,7.141428571428572,3.25,26.485714285714288,227.58571428571423,992.9285714285714,72.38571428571429,17.757142857142856,1570
23.12857142857143,14.585714285714284,18.5,23.12857142857143,14.585714285714284,18.5,69.35714285714286,0.0004285714285714,14.285714285714286,0.5957142857142858,0.0,23.814285714285717,217.17142857142855,1016.6,62.48571428571428,33.714285714285715,1132
18.9,12.985714285714286,15.571428571428571,18.9,12.985714285714286,15.571428571428571,80.34285714285714,4.725285714285714,100.0,10.714285714285714,0.0,19.2,220.64285714285717,1004.9142857142856,62.614285714285714,25.942857142857143,835
8.242857142857144,1.1142857142857143,4.428571428571429,6.528571428571429,-1.9,1.9714285714285715,80.54285714285713,0.9705714285714286,85.71428571428571,4.168571428571428,0.0,23.37142857142857,221.87142857142857,1029.5428571428572,48.05714285714286,17.842857142857145,1406
9.514285714285714,2.4857142857142853,6.1571428571428575,7.628571428571428,-1.2142857142857142,2.985714285714286,78.57142857142857,0.6685714285714285,42.85714285714285,2.9771428571428573,0.0,31.17142857142857,238.9142857142857,1007.4,64.95714285714286,25.228571428571428,1691
3.971428571428572,0.3142857142857141,2.185714285714286,0.7285714285714285,-4.357142857142857,-1.9714285714285715,75.72857142857143,0.0664285714285714,42.85714285714285,2.381428571428572,1.0,24.542857142857144,157.4857142857143,1021.5,80.02857142857144,16.057142857142857,1386
16.02857142857143,6.171428571428571,10.842857142857143,16.02857142857143,3.871428571428571,10.0,64.24285714285715,0.0,0.0,0.0,0.0,20.914285714285715,89.0,1025.4,44.22857142857144,26.87142857142857,942
6.0,0.8571428571428571,3.3000000000000003,2.2142857142857144,-3.0142857142857147,-0.6,63.67142857142857,0.0711428571428571,28.571428571428573,1.1914285714285715,0.7857142857142857,25.985714285714288,51.82857142857143,1014.2,53.35714285714285,26.485714285714288,1007
11.971428571428572,4.3,7.828571428571428,11.428571428571429,1.042857142857143,5.457142857142857,72.04285714285714,0.8502857142857143,100.0,7.144285714285714,0.0,29.37142857142857,283.6142857142857,1014.6,52.24285714285714,25.814285714285717,944
17.885714285714286,8.842857142857143,13.357142857142858,17.885714285714286,7.914285714285714,13.12857142857143,72.98571428571428,0.4354285714285714,71.42857142857143,4.762857142857143,0.0,18.4,153.85714285714286,1019.1428571428572,42.85714285714285,11.885714285714286,884
8.857142857142858,3.3714285714285714,6.042857142857144,6.371428571428571,-0.257142857142857,2.9857142857142853,76.77142857142857,3.403428571428571,100.0,11.904285714285717,0.0,31.4,210.9142857142857,1001.5142857142856,60.58571428571429,25.571428571428573,1121
19.2,13.37142857142857,16.285714285714285,19.2,13.37142857142857,16.285714285714285,74.61428571428571,2.0212857142857144,100.0,10.712857142857144,0.0,24.11428571428572,246.04285714285717,1008.8142857142856,76.10000000000001,22.685714285714287,982
25.1,13.6,19.357142857142858,24.82857142857143,13.6,19.314285714285717,60.94285714285714,0.0,0.0,0.0,0.0,19.885714285714283,63.5,1021.4142857142856,45.71428571428572,28.61428571428572,1160
25.314285714285717,14.957142857142856,19.842857142857135,24.985714285714288,14.957142857142856,19.77142857142857,63.08571428571428,0.3978571428571428,28.571428571428573,2.38,0.0,21.77142857142857,223.0142857142857,1014.8,58.74285714285715,25.914285714285715,1241
18.857142857142858,11.62857142857143,15.357142857142858,18.857142857142858,11.62857142857143,15.342857142857143,75.34285714285714,2.0055714285714283,85.71428571428571,6.548571428571429,0.0,17.714285714285715,220.90000000000003,1021.0142857142856,76.5,19.014285714285712,943
21.914285714285715,11.585714285714284,16.82857142857143,21.9,11.585714285714284,16.82857142857143,66.37142857142858,1.1741428571428572,71.42857142857143,7.142857142857143,0.0,13.585714285714287,112.72857142857144,1018.8142857142856,43.18571428571429,13.971428571428572,923
9.128571428571428,5.5,7.399999999999999,8.4,3.585714285714286,6.014285714285714,89.84285714285714,0.9722857142857144,57.142857142857146,2.382857142857143,0.0,16.157142857142855,220.14285714285717,1018.2714285714284,84.55714285714285,11.55714285714286,1471
17.914285714285715,10.742857142857144,14.12857142857143,17.914285714285715,10.428571428571429,14.028571428571428,78.54285714285713,1.0577142857142856,42.85714285714285,1.7871428571428571,0.0,24.17142857142857,145.52857142857144,1012.1142857142858,85.35714285714286,15.685714285714283,1218
17.27142857142857,9.742857142857144,13.514285714285714,17.27142857142857,9.214285714285714,13.428571428571429,81.44285714285715,1.8424285714285715,85.71428571428571,5.357142857142857,0.0,28.071428571428573,205.3142857142857,1009.2,66.25714285714285,23.557142857142857,1362
3.4714285714285715,-1.0571428571428572,1.4,2.128571428571429,-3.757142857142857,-0.8285714285714285,92.15714285714286,1.4324285714285714,57.142857142857146,2.9771428571428573,3.6857142857142855,16.47142857142857,258.54285714285714,998.6285714285714,84.04285714285713,10.285714285714286,1595
13.657142857142857,4.785714285714286,9.128571428571428,13.657142857142857,3.042857142857143,7.857142857142857,68.3,0.7384285714285715,71.42857142857143,4.167142857142857,0.0,20.557142857142857,199.75714285714284,1020.5285714285714,58.65714285714286,17.514285714285716,1119
16.814285714285713,10.62857142857143,13.671428571428573,16.814285714285713,10.414285714285716,13.62857142857143,80.72857142857143,2.282,85.71428571428571,5.951428571428571,0.0,21.75714285714286,251.52857142857144,1012.4714285714286,83.22857142857143,23.142857142857142,1324
22.5,13.2,17.814285714285713,22.5,13.2,17.814285714285713,69.05714285714285,0.551,85.71428571428571,5.3585714285714285,0.0,21.985714285714288,179.58571428571426,1022.1857142857144,44.01428571428571,16.54285714285714,815
13.385714285714286,9.385714285714286,11.7,13.385714285714286,9.2,11.657142857142857,91.62857142857142,0.5624285714285714,57.142857142857146,2.382857142857143,0.0,17.2,216.2428571428572,1025.1571428571428,88.18571428571428,12.085714285714284,1255
14.614285714285716,7.828571428571428,11.471428571428572,14.614285714285716,6.942857142857143,11.114285714285714,81.15714285714286,1.532142857142857,85.71428571428571,5.951428571428571,0.0,27.857142857142858,230.27142857142857,1012.2285714285716,72.7,21.928571428571427,1158
9.028571428571428,5.1571428571428575,7.3428571428571425,8.014285714285714,2.171428571428572,5.285714285714286,79.27142857142857,0.2327142857142857,42.85714285714285,4.167142857142857,0.0,19.75714285714286,266.4428571428571,1025.1,79.21428571428571,21.685714285714287,1058
10.785714285714286,6.842857142857143,9.085714285714284,9.957142857142856,4.671428571428572,7.642857142857143,83.74285714285715,1.2935714285714286,85.71428571428571,8.334285714285715,0.0,24.442857142857143,130.2,1009.0714285714286,77.08571428571429,12.228571428571428,955
3.1,-0.0285714285714286,1.6428571428571428,2.628571428571429,-2.057142857142857,0.4285714285714285,91.27142857142856,0.0221428571428571,42.85714285714285,1.7871428571428571,2.48,10.014285714285714,141.35714285714286,1035.4,99.31428571428572,3.3857142857142857,1787
9.8,3.528571428571429,6.771428571428571,8.77142857142857,1.1428571428571428,5.214285714285714,80.02857142857144,1.5364285714285713,28.571428571428573,2.381428571428572,0.0,20.728571428571428,277.42857142857144,1025.8714285714286,64.05714285714285,20.25714285714286,1027
16.957142857142856,10.228571428571428,13.757142857142856,16.957142857142856,9.885714285714286,13.7,83.75714285714285,0.371,57.142857142857146,2.382857142857143,0.0,23.3,191.5,1003.3857142857142,68.17142857142856,22.61428571428572,1337
18.057142857142857,12.542857142857144,15.028571428571428,18.057142857142857,12.342857142857143,15.0,78.15714285714286,2.3194285714285714,100.0,8.335714285714285,0.0,14.228571428571428,210.94285714285712,1017.1714285714286,75.5,25.97142857142857,852
16.6,8.128571428571428,11.3,16.6,6.4,10.542857142857144,84.62857142857142,0.8907142857142858,57.142857142857146,2.9771428571428573,0.0,18.142857142857142,140.47142857142856,1011.157142857143,69.32857142857144,10.37142857142857,1277
10.328571428571427,3.7714285714285714,7.700000000000001,9.714285714285714,2.4857142857142853,6.257142857142858,80.52857142857144,0.0115714285714285,85.71428571428571,7.738571428571428,0.0,19.685714285714287,275.3285714285714,1022.7857142857144,56.67142857142857,22.071428571428573,900
6.3,3.2,4.871428571428572,4.6000000000000005,0.7857142857142857,2.571428571428572,87.15714285714286,1.8707142857142856,57.142857142857146,6.548571428571429,0.0,15.771428571428572,131.94285714285715,1023.7142857142856,82.84285714285714,8.571428571428571,1200
10.528571428571428,5.6571428571428575,8.285714285714286,9.771428571428572,2.442857142857143,5.942857142857143,81.71428571428571,1.399857142857143,100.0,10.118571428571428,0.0,34.8,234.94285714285712,1005.0571428571428,62.1,23.071428571428573,1047
26.24285714285714,15.342857142857143,20.32857142857143,26.342857142857145,15.342857142857143,20.37142857142857,71.08571428571429,0.1385714285714285,42.85714285714285,2.381428571428572,0.0,21.8,141.21428571428572,1013.9428571428572,63.0,17.3,1179
10.728571428571428,7.357142857142857,9.128571428571428,10.0,5.1571428571428575,7.428571428571429,81.38571428571429,4.516428571428572,100.0,11.308571428571428,0.0,32.9,226.95714285714283,1006.1285714285714,64.57142857142857,21.228571428571428,1053
21.585714285714285,12.642857142857142,17.214285714285715,21.585714285714285,12.571428571428571,17.2,70.77142857142857,0.0,0.0,0.0,0.0,22.52857142857143,292.6857142857143,1018.7285714285716,57.271428571428565,22.042857142857144,1349
3.0,-0.4571428571428572,1.3,0.9571428571428572,-3.542857142857143,-1.5714285714285714,82.77142857142857,0.1925714285714286,71.42857142857143,4.167142857142857,0.7000000000000001,18.214285714285715,137.8,1012.4857142857144,71.27142857142857,13.342857142857142,1021
12.228571428571428,8.1,10.1,11.885714285714286,7.257142857142857,9.471428571428572,87.01428571428572,1.8425714285714287,71.42857142857143,5.951428571428571,0.0,18.885714285714283,206.1,1015.9428571428572,86.32857142857142,16.32857142857143,1132
17.142857142857142,9.842857142857143,13.3,17.142857142857142,8.842857142857143,12.728571428571428,73.11428571428571,3.6104285714285713,85.71428571428571,10.12,0.0,21.342857142857145,198.4142857142857,1008.9142857142856,72.44285714285715,18.885714285714283,1103
23.714285714285715,14.0,19.1,23.714285714285715,14.0,19.1,72.04285714285714,0.2759999999999999,28.571428571428573,1.1914285714285715,0.0,17.02857142857143,229.14285714285717,1020.6142857142858,46.22857142857144,13.642857142857142,1283
16.62857142857143,10.657142857142857,13.428571428571429,16.62857142857143,10.4,13.385714285714286,75.35714285714286,0.0,0.0,0.0,0.0,25.485714285714288,220.32857142857145,1010.1142857142858,78.04285714285713,21.042857142857144,1021
6.971428571428571,-0.0857142857142856,3.2285714285714286,5.114285714285714,-2.3857142857142857,1.2714285714285711,80.64285714285714,0.296,28.571428571428573,1.7857142857142858,0.0833333333333333,15.5,184.9857142857143,1023.657142857143,62.39999999999999,10.071428571428571,1090
17.32857142857143,11.214285714285714,14.142857142857142,17.32857142857143,10.914285714285716,14.085714285714284,81.64285714285714,0.5295714285714286,85.71428571428571,4.762857142857143,0.0,22.514285714285712,221.7428571428572,1009.9428571428572,68.88571428571429,22.02857142857143,1175
13.9,6.557142857142857,10.171428571428573,13.9,4.928571428571429,9.428571428571429,66.64285714285714,2.3544285714285715,71.42857142857143,6.548571428571429,0.0,21.042857142857144,219.1142857142857,1011.7571428571428,73.71428571428571,28.74285714285714,850
20.228571428571428,12.657142857142857,16.32857142857143,20.228571428571428,12.385714285714286,16.3,73.48571428571428,2.681714285714285,71.42857142857143,7.142857142857143,0.0,22.67142857142857,251.67142857142855,1011.0714285714286,48.52857142857143,27.685714285714287,791
11.685714285714283,5.985714285714286,8.614285714285714,11.685714285714283,3.7142857142857135,7.214285714285714,73.15714285714286,0.3148571428571429,42.85714285714285,2.975714285714285,0.0,16.942857142857143,97.61428571428571,1015.7571428571428,72.62857142857142,17.54285714285714,921
9.457142857142856,4.357142857142857,7.228571428571428,7.928571428571429,1.7285714285714284,5.1571428571428575,83.54285714285713,3.7277142857142858,100.0,11.905714285714286,0.0,22.02857142857143,209.12857142857143,1003.4571428571428,59.24285714285714,21.142857142857142,919
21.585714285714285,9.828571428571427,16.1,21.585714285714285,9.657142857142857,16.057142857142857,65.38571428571429,0.0,0.0,0.0,0.0,19.47142857142857,182.9142857142857,1025.242857142857,45.65714285714286,22.457142857142856,1202
24.82857142857143,12.757142857142856,18.985714285714288,24.942857142857143,12.757142857142856,19.0,69.68571428571428,0.0304285714285714,14.285714285714286,0.5957142857142858,0.0,17.357142857142858,124.3,1022.1428571428572,49.885714285714286,11.828571428571427,1330
6.571428571428571,1.6428571428571428,4.1571428571428575,4.285714285714286,-0.7428571428571428,1.9142857142857144,75.84285714285714,0.1557142857142857,14.285714285714286,1.19,0.0,18.057142857142857,303.1714285714285,1023.6142857142858,64.58571428571429,11.842857142857143,1067
12.771428571428572,7.414285714285714,9.842857142857143,12.72857142857143,6.485714285714286,9.328571428571427,79.65714285714286,0.0428571428571428,28.571428571428573,1.1914285714285715,0.0,13.742857142857144,240.18571428571428,1025.9571428571428,64.58571428571429,13.9,1073
6.757142857142857,2.0285714285714285,4.414285714285714,3.685714285714286,-0.942857142857143,1.542857142857143,91.8,0.6465714285714286,100.0,7.74,0.0,21.914285714285715,194.54285714285717,1016.3714285714286,78.87142857142858,10.414285714285716,1251
20.11428571428572,13.714285714285714,16.542857142857144,20.11428571428572,13.714285714285714,16.542857142857144,79.32857142857142,2.311857142857143,85.71428571428571,5.951428571428571,0.0,19.542857142857144,186.7,1012.1142857142858,61.55714285714286,24.142857142857142,830
22.27142857142857,9.985714285714286,16.257142857142856,22.17142857142857,9.87142857142857,16.214285714285715,58.285714285714285,0.2841428571428571,14.285714285714286,0.5957142857142858,0.0,19.057142857142857,173.1142857142857,1016.4,20.842857142857145,21.61428571428572,895
17.985714285714288,8.214285714285714,12.885714285714286,17.72857142857143,7.257142857142858,12.414285714285716,78.42857142857143,0.0968571428571428,28.571428571428573,1.1914285714285715,0.0,16.257142857142856,164.29999999999998,1024.757142857143,50.82857142857143,11.042857142857144,1272
11.228571428571428,5.757142857142857,8.214285714285714,10.214285714285714,2.628571428571429,6.0,78.82857142857144,0.947,85.71428571428571,9.524285714285714,0.0,26.085714285714285,221.1142857142857,1000.1714285714286,59.957142857142856,27.62857142857143,905
24.342857142857145,14.485714285714286,19.37142857142857,24.342857142857145,14.485714285714286,19.37142857142857,67.54285714285714,3.166428571428572,28.571428571428573,1.1914285714285715,0.0,20.47142857142857,242.05714285714288,1010.0428571428572,65.6,16.685714285714287,1211
1.7428571428571429,-1.8,-0.2714285714285714,-2.4,-7.042857142857143,-5.1571428571428575,69.81428571428572,0.1135714285714285,14.285714285714286,0.5957142857142858,1.1571428571428573,26.571428571428573,69.32857142857144,1016.3285714285714,56.71428571428572,17.65714285714286,1099
25.185714285714287,11.971428571428572,17.97142857142857,24.942857142857143,11.971428571428572,17.928571428571427,67.47142857142858,0.0,0.0,0.0,0.0,22.52857142857143,43.457142857142856,1022.8857142857142,43.81428571428571,22.8,1135
15.328571428571427,7.814285714285715,11.185714285714283,15.328571428571427,6.471428571428572,10.614285714285714,70.15714285714286,0.0895714285714285,14.285714285714286,0.5957142857142858,0.0,23.457142857142856,113.72857142857144,1024.6,54.3,17.742857142857144,1055
9.614285714285714,6.014285714285714,7.7,8.528571428571428,3.8857142857142857,6.242857142857143,84.05714285714285,0.7174285714285714,100.0,8.93,0.0,20.885714285714283,213.5142857142857,1020.9857142857144,83.41428571428571,17.014285714285712,1141
6.171428571428572,2.257142857142857,4.571428571428571,3.8285714285714287,0.0142857142857143,2.071428571428572,87.35714285714286,1.4144285714285714,85.71428571428571,5.357142857142857,0.0,20.057142857142857,143.6,1023.8571428571428,74.74285714285715,9.37142857142857,1111
20.642857142857142,12.05714285714286,16.37142857142857,20.642857142857142,11.785714285714286,16.3,70.07142857142857,0.5227142857142857,57.142857142857146,2.382857142857143,0.0,17.785714285714285,277.6142857142857,1016.4142857142856,71.41428571428571,25.2,1221
6.228571428571429,0.3285714285714284,3.128571428571429,4.814285714285715,-1.3714285714285717,1.2571428571428571,78.85714285714286,0.289,28.571428571428573,2.975714285714285,0.1428571428571428,14.271428571428572,188.14285714285717,1020.7571428571428,52.74285714285714,17.385714285714286,1086
13.542857142857144,7.371428571428572,10.757142857142856,13.542857142857144,5.9,10.242857142857144,75.72857142857143,0.536,57.142857142857146,3.571428571428572,0.0,29.385714285714283,224.32857142857145,1014.8285714285712,66.3,25.24285714285714,1385
11.44285714285714,5.7,8.785714285714286,10.914285714285716,2.9857142857142853,7.114285714285714,81.98571428571428,4.866999999999999,100.0,10.714285714285714,0.0,34.24285714285715,215.9857142857143,1008.4428571428572,75.41428571428571,21.3,1146
23.02857142857143,14.685714285714283,19.11428571428572,23.17142857142857,14.62857142857143,19.12857142857143,72.71428571428571,0.462,71.42857142857143,3.5728571428571425,0.0,16.714285714285715,269.57142857142856,1023.2857142857144,66.72857142857143,18.314285714285717,1176
6.071428571428571,1.2285714285714284,3.3142857142857145,2.1,-3.1,-0.6285714285714287,77.91428571428571,1.7122857142857142,42.85714285714285,2.975714285714285,0.0,27.32857142857143,102.08571428571427,1017.6142857142858,63.1,9.314285714285717,1534
16.685714285714287,9.571428571428571,13.1,16.685714285714287,9.3,13.071428571428571,82.91428571428571,0.5711428571428572,28.571428571428573,1.7857142857142858,0.0,19.085714285714285,275.4,1020.9714285714286,65.5142857142857,10.2,1234
19.785714285714285,11.0,15.642857142857142,19.785714285714285,10.585714285714284,15.585714285714287,65.38571428571429,0.6505714285714285,42.85714285714285,4.762857142857143,0.0,22.37142857142857,214.5,1019.4,47.785714285714285,29.928571428571427,821
14.828571428571427,9.128571428571428,12.05714285714286,14.828571428571427,8.728571428571428,11.928571428571429,83.47142857142856,0.6195714285714287,71.42857142857143,4.167142857142857,0.0,15.7,165.94285714285715,1017.842857142857,80.77142857142857,14.12857142857143,1220
8.142857142857142,2.2,5.428571428571429,7.857142857142857,0.7285714285714285,4.257142857142857,89.92857142857143,1.165142857142857,85.71428571428571,4.762857142857143,0.0,17.3,232.52857142857144,1011.2857142857144,79.82857142857142,7.114285714285714,1496
9.157142857142857,5.528571428571429,7.3,8.214285714285714,3.0571428571428574,5.185714285714285,83.01428571428572,1.8137142857142856,57.142857142857146,2.9771428571428573,0.0,25.142857142857142,127.92857142857144,1012.8142857142856,84.2,15.614285714285714,1875
21.585714285714285,12.1,17.47142857142857,21.585714285714285,12.1,17.47142857142857,65.95714285714286,0.0,0.0,0.0,0.0,18.642857142857142,282.87142857142857,1021.9142857142856,57.7,32.94285714285714,1253
8.77142857142857,3.357142857142857,6.214285714285714,7.314285714285715,1.3714285714285714,4.328571428571428,85.11428571428571,0.2564285714285714,57.142857142857146,3.571428571428572,0.0,21.82857142857143,215.57142857142856,1006.8285714285714,86.11428571428571,14.957142857142856,1540
20.385714285714283,10.542857142857144,15.785714285714286,20.385714285714283,10.214285714285714,15.742857142857144,66.2,0.1301428571428571,28.571428571428573,1.1914285714285715,0.0,23.714285714285715,314.40000000000003,1020.157142857143,57.82857142857142,29.185714285714287,1241
8.185714285714285,2.3285714285714287,5.128571428571428,5.985714285714286,-1.1999999999999995,2.628571428571429,79.28571428571429,0.0342857142857142,14.285714285714286,0.5957142857142858,0.0,23.75714285714286,222.1142857142857,1021.842857142857,60.31428571428571,18.214285714285715,1544
9.257142857142856,4.5285714285714285,7.1,6.314285714285715,0.5,3.3428571428571425,81.07142857142857,2.989428571428572,100.0,6.547142857142857,0.0,40.457142857142856,208.7428571428572,992.4857142857144,66.28571428571429,19.457142857142856,1476
17.714285714285715,10.671428571428573,14.12857142857143,17.714285714285715,10.228571428571428,14.042857142857144,61.6,0.3724285714285714,42.85714285714285,2.381428571428572,0.0,21.042857142857144,244.6285714285714,1019.1428571428572,64.28571428571429,32.457142857142856,824
20.800000000000004,13.142857142857142,16.457142857142856,20.800000000000004,13.142857142857142,16.457142857142856,74.31428571428572,0.6748571428571427,85.71428571428571,5.951428571428571,0.0,26.185714285714283,209.18571428571428,1011.0428571428572,51.84285714285714,25.5,844
10.94285714285714,3.814285714285714,6.857142857142857,8.928571428571429,-0.1285714285714285,3.857142857142857,71.61428571428571,0.726,42.85714285714285,2.381428571428572,0.0,30.02857142857143,109.9,1024.642857142857,64.75714285714285,15.771428571428572,1271
13.542857142857144,8.657142857142857,11.028571428571428,13.542857142857144,7.428571428571429,10.471428571428572,85.02857142857144,5.175857142857142,85.71428571428571,8.332857142857142,0.0,26.7,230.82857142857145,1007.6,61.54285714285714,15.6,971
8.042857142857143,4.457142857142857,6.514285714285714,7.028571428571429,2.0,4.171428571428572,84.61428571428571,0.4268571428571429,71.42857142857143,4.762857142857143,0.0,20.8,264.74285714285713,1015.4857142857144,82.37142857142858,17.157142857142855,1243
9.257142857142856,0.942857142857143,4.928571428571429,7.885714285714286,-0.9000000000000001,3.1714285714285717,80.91428571428571,0.1218571428571428,42.85714285714285,1.7871428571428571,1.0,20.071428571428573,247.04285714285717,1027.7285714285715,65.5,14.271428571428572,1765
13.328571428571427,9.057142857142855,11.257142857142856,13.328571428571427,8.67142857142857,11.05714285714286,89.25714285714285,8.375,85.71428571428571,5.357142857142857,0.0,22.685714285714283,191.42857142857144,1005.9571428571428,86.12857142857142,14.271428571428572,1428
20.828571428571426,14.1,17.257142857142856,20.828571428571426,14.1,17.257142857142856,78.77142857142857,1.7582857142857142,85.71428571428571,7.7371428571428575,0.0,20.74285714285714,222.52857142857144,1015.0142857142856,78.61428571428571,20.97142857142857,956
21.12857142857143,13.44285714285714,16.67142857142857,21.12857142857143,13.44285714285714,16.67142857142857,70.41428571428571,5.127142857142857,100.0,10.117142857142856,0.0,24.9,253.6857142857143,1007.5142857142856,53.91428571428571,28.928571428571427,795
10.171428571428573,1.7857142857142858,5.5,9.414285714285716,0.0,3.685714285714286,77.07142857142857,0.0187142857142857,57.142857142857146,2.382857142857143,0.0,20.3,103.92857142857144,1028.857142857143,39.55714285714286,26.285714285714285,1282
9.94285714285714,6.685714285714285,8.314285714285715,9.185714285714283,4.828571428571428,7.042857142857143,91.17142857142858,0.0,0.0,0.0,0.0,13.714285714285714,158.41428571428574,1029.6,91.0,6.528571428571428,1200
19.928571428571427,12.214285714285714,15.571428571428571,19.928571428571427,11.971428571428572,15.55714285714286,72.57142857142857,1.2867142857142857,85.71428571428571,3.5742857142857143,0.0,24.842857142857145,199.2,1015.5714285714286,72.31428571428572,28.642857142857142,1193
5.771428571428571,-1.0571428571428572,1.9857142857142855,2.7285714285714286,-4.985714285714286,-1.3571428571428572,76.35714285714286,0.0,0.0,0.0,0.0,19.942857142857143,83.11428571428571,1026.1571428571428,46.24285714285714,9.5,1227
9.771428571428572,3.7,6.757142857142857,9.071428571428571,1.2857142857142858,4.385714285714285,85.01428571428572,0.4522857142857143,85.71428571428571,4.762857142857143,0.0,29.514285714285712,265.85714285714283,1018.2428571428572,76.92857142857143,18.15714285714286,1379
23.8,14.271428571428572,18.928571428571427,23.8,14.271428571428572,18.928571428571427,65.92857142857143,0.0447142857142857,28.571428571428573,1.1914285714285715,0.0,19.928571428571427,175.31428571428572,1018.5,41.62857142857143,24.014285714285712,890
9.957142857142856,4.114285714285714,7.428571428571429,8.585714285714285,1.842857142857143,5.457142857142857,89.47142857142856,0.7328571428571429,71.42857142857143,3.5728571428571425,0.0,22.557142857142857,238.58571428571423,1020.5,72.75714285714285,12.514285714285714,1539
16.642857142857142,10.742857142857144,13.142857142857142,16.642857142857142,10.742857142857144,13.142857142857142,86.48571428571428,1.4652857142857143,100.0,6.55,0.0,19.642857142857142,191.28571428571428,1016.9142857142856,59.41428571428571,16.085714285714285,980
11.328571428571427,6.785714285714286,9.328571428571427,11.214285714285714,5.6000000000000005,8.871428571428572,89.2,0.2225714285714286,42.85714285714285,2.975714285714285,0.0,13.5,149.72857142857143,1029.642857142857,78.44285714285715,4.328571428571428,1355
16.599999999999998,11.12857142857143,13.885714285714286,16.599999999999998,10.55714285714286,13.757142857142856,80.8,4.382285714285714,71.42857142857143,2.9785714285714286,0.0,22.52857142857143,276.4142857142857,1009.6428571428572,80.55714285714285,17.385714285714286,1228
25.87142857142857,16.814285714285713,21.25714285714286,25.928571428571427,16.814285714285713,21.285714285714285,67.74285714285715,0.8739999999999999,42.85714285714285,2.975714285714285,0.0,19.714285714285715,164.37142857142857,1017.1428571428572,63.34285714285714,18.885714285714283,1094
21.085714285714285,13.914285714285716,17.357142857142858,21.085714285714285,13.914285714285716,17.357142857142858,76.60000000000001,3.435285714285714,85.71428571428571,7.738571428571428,0.0,18.514285714285712,269.3285714285714,1015.3142857142856,56.02857142857143,27.514285714285712,801
13.657142857142857,8.557142857142857,10.842857142857143,13.657142857142857,7.242857142857143,10.114285714285714,88.21428571428571,0.0304285714285714,100.0,8.93,0.0,22.67142857142857,205.8,1012.1857142857144,67.38571428571429,17.4,872
4.057142857142857,-1.4714285714285715,1.2428571428571429,2.9857142857142853,-3.085714285714286,-0.4857142857142856,91.12857142857142,0.0892857142857142,100.0,5.3585714285714285,3.5,13.271428571428572,144.04285714285714,1023.3857142857142,65.97142857142858,6.685714285714285,1669
26.27142857142857,14.885714285714286,20.428571428571427,26.17142857142857,14.885714285714286,20.428571428571427,66.64285714285714,0.0,0.0,0.0,0.0,19.87142857142857,214.04285714285717,1017.0142857142856,32.9,15.171428571428573,1254
20.15714285714285,12.742857142857144,16.32857142857143,20.15714285714285,12.62857142857143,16.32857142857143,77.15714285714286,3.245285714285714,85.71428571428571,8.928571428571429,0.0,19.0,249.47142857142856,1012.9,52.4,16.77142857142857,887
28.214285714285715,15.928571428571429,21.75714285714286,27.728571428571428,15.928571428571429,21.67142857142857,62.771428571428565,0.0008571428571428,28.571428571428573,1.7857142857142858,0.0,17.885714285714286,194.32857142857145,1017.5571428571428,43.15714285714286,30.985714285714288,1017
11.542857142857144,5.271428571428571,7.8,11.12857142857143,2.4285714285714284,5.6000000000000005,75.0,4.863571428571428,85.71428571428571,9.525714285714288,0.0,23.485714285714288,172.54285714285714,1002.0285714285714,49.5,27.985714285714288,923
8.185714285714285,-0.7,3.7714285714285714,6.642857142857143,-2.0,2.0285714285714285,66.0,0.155,28.571428571428573,1.1914285714285715,0.0,18.557142857142857,88.5,1022.7714285714284,38.12857142857143,16.65714285714286,1177
23.3,12.971428571428572,18.31428571428572,23.228571428571428,12.971428571428572,18.31428571428572,65.04285714285714,0.0,0.0,0.0,0.0,16.97142857142857,199.5285714285714,1021.3571428571428,55.94285714285714,29.97142857142857,1147
13.728571428571428,7.3,10.328571428571427,13.728571428571428,5.071428571428571,9.485714285714286,86.74285714285715,2.609142857142857,85.71428571428571,5.357142857142857,0.0,25.214285714285715,171.18571428571428,1005.8285714285714,61.12857142857143,16.32857142857143,1339
12.771428571428572,8.571428571428571,10.857142857142858,12.771428571428572,6.557142857142857,9.94285714285714,90.04285714285713,0.7034285714285714,100.0,4.764285714285714,0.0,25.342857142857145,222.05714285714288,1013.3857142857142,79.85714285714286,19.12857142857143,1215
15.971428571428572,6.214285714285714,10.514285714285714,15.971428571428572,4.842857142857143,9.857142857142858,69.34285714285714,0.0287142857142857,42.85714285714285,1.7871428571428571,0.0,17.642857142857142,111.74285714285716,1028.4,43.371428571428574,12.385714285714286,933
26.942857142857143,15.271428571428572,20.842857142857145,26.485714285714288,15.271428571428572,20.77142857142857,65.9,0.062,42.85714285714285,2.381428571428572,0.0,19.1,153.41428571428574,1017.4,37.957142857142856,16.54285714285714,1183
15.971428571428572,9.828571428571427,12.914285714285716,15.971428571428572,8.485714285714286,12.44285714285714,81.71428571428571,2.347857142857143,100.0,7.74,0.0,23.085714285714285,233.64285714285717,1016.1,56.24285714285714,14.485714285714284,887
4.2,-0.1285714285714286,2.028571428571429,2.085714285714286,-3.2142857142857144,-0.8857142857142858,89.14285714285714,0.7467142857142857,100.0,6.547142857142857,0.5571428571428572,19.87142857142857,114.62857142857143,1019.7857142857144,57.98571428571428,16.2,979
9.3,6.857142857142857,8.114285714285714,8.557142857142857,4.214285714285714,6.757142857142857,85.85714285714286,0.0271428571428571,57.142857142857146,2.9771428571428573,0.0,21.085714285714285,212.18571428571428,1033.5142857142855,78.84285714285714,21.0,1266
18.32857142857143,13.014285714285714,15.471428571428572,18.32857142857143,13.014285714285714,15.471428571428572,80.82857142857142,4.174,100.0,10.118571428571428,0.0,26.985714285714288,232.95714285714288,1005.6857142857144,60.58571428571429,16.414285714285715,846
7.642857142857143,2.4857142857142853,5.1000000000000005,6.514285714285714,1.1714285714285713,3.9,92.1,0.6228571428571428,28.571428571428573,1.7857142857142858,0.0,14.428571428571429,176.70000000000002,1022.1857142857144,68.97142857142858,8.185714285714285,1474
11.114285714285714,6.085714285714286,8.685714285714285,10.242857142857144,4.414285714285714,7.471428571428571,83.45714285714287,1.3667142857142858,71.42857142857143,5.357142857142857,0.0,29.042857142857144,232.2428571428572,1018.342857142857,59.32857142857143,15.1,968
11.671428571428573,5.857142857142857,8.9,11.37142857142857,5.214285714285714,8.028571428571428,84.72857142857143,2.2292857142857145,100.0,9.522857142857143,0.1142857142857142,19.457142857142856,190.55714285714288,992.4571428571428,64.62857142857142,19.88571428571429,974
18.65714285714285,9.7,14.171428571428573,18.65714285714285,9.37142857142857,14.085714285714284,61.8,2.351,57.142857142857146,3.571428571428572,0.0,29.428571428571427,238.07142857142856,1018.4571428571428,53.68571428571429,32.05714285714286,869
5.6000000000000005,2.271428571428572,4.0,4.642857142857143,-0.2428571428571427,2.3285714285714283,88.54285714285713,0.5174285714285715,85.71428571428571,6.547142857142857,2.085714285714286,12.87142857142857,149.41428571428568,1022.4571428571428,78.21428571428571,10.55714285714286,1161
9.342857142857143,3.4714285714285715,6.757142857142857,7.671428571428572,1.2142857142857142,4.9,80.89999999999999,1.5394285714285714,85.71428571428571,7.142857142857143,0.0,20.02857142857143,274.74285714285713,1014.4428571428572,67.74285714285715,22.014285714285712,942
20.12857142857143,9.828571428571433,14.985714285714286,20.12857142857143,8.914285714285715,14.828571428571427,59.114285714285714,0.0,0.0,0.0,0.0,21.65714285714285,127.0142857142857,1025.5142857142855,47.07142857142857,33.47142857142857,865
4.9,-1.2857142857142858,1.9142857142857144,1.7,-4.228571428571429,-1.2571428571428571,87.04285714285713,5.445142857142857,100.0,10.712857142857144,1.2571428571428571,19.6,273.4,1008.5428571428572,60.32857142857143,17.414285714285715,1074
21.17142857142857,14.985714285714286,17.785714285714285,21.17142857142857,14.985714285714286,17.785714285714285,81.01428571428572,1.4640000000000002,85.71428571428571,5.357142857142857,0.0,21.828571428571426,213.07142857142856,1007.6,72.9857142857143,21.442857142857143,1043
16.514285714285712,10.4,13.142857142857142,16.514285714285712,10.028571428571428,13.028571428571428,83.3,0.0178571428571428,100.0,10.117142857142856,0.0,17.87142857142857,229.77142857142857,1018.0571428571428,68.24285714285715,28.7,776
3.6714285714285713,-0.8428571428571427,1.4,-0.5428571428571428,-4.871428571428572,-2.4857142857142853,81.75714285714285,0.637857142857143,42.85714285714285,2.381428571428572,0.0,23.25714285714286,110.61428571428571,1018.2857142857144,63.785714285714285,16.428571428571427,1453
25.414285714285715,14.571428571428571,20.014285714285712,25.314285714285717,14.571428571428571,19.985714285714288,70.42857142857143,0.0,0.0,0.0,0.0,17.557142857142857,239.57142857142856,1020.5428571428572,58.5,18.97142857142857,1154
6.357142857142857,1.6428571428571428,3.985714285714285,3.7714285714285714,-1.4285714285714286,1.0285714285714287,77.68571428571428,1.2654285714285716,42.85714285714285,5.357142857142857,0.3285714285714285,18.985714285714288,138.75714285714284,1023.5285714285714,82.41428571428571,13.8,1116
7.399999999999999,1.9,4.885714285714286,5.9,-0.5571428571428572,2.8000000000000003,88.25714285714285,0.8604285714285714,71.42857142857143,4.167142857142857,0.0,21.228571428571428,199.44285714285712,1017.6,73.57142857142857,16.642857142857142,1493
15.242857142857144,8.657142857142857,11.671428571428573,15.242857142857144,7.285714285714286,11.185714285714283,76.42857142857143,0.0125714285714285,28.571428571428573,1.1914285714285715,0.0,21.457142857142856,224.8857142857143,1016.0285714285714,82.21428571428571,18.928571428571427,1283
17.414285714285715,9.585714285714284,13.6,17.414285714285715,9.44285714285714,13.55714285714286,71.85714285714286,0.1591428571428571,57.142857142857146,4.1657142857142855,0.0,18.314285714285717,224.3857142857143,1014.6571428571428,77.32857142857142,21.67142857142857,1308
6.6000000000000005,1.6285714285714283,4.171428571428572,3.857142857142857,-1.957142857142857,0.9142857142857144,68.02857142857142,0.0728571428571428,28.571428571428573,1.7857142857142858,0.0,21.0,83.95714285714287,1027.857142857143,57.18571428571429,27.442857142857143,987
13.228571428571428,10.0,11.471428571428572,13.228571428571428,9.114285714285716,11.285714285714286,89.35714285714286,0.3424285714285714,71.42857142857143,5.358571428571429,0.0,17.3,120.85714285714286,1016.2857142857144,70.07142857142857,9.385714285714286,865
9.028571428571428,3.3857142857142857,6.5,7.228571428571429,0.4428571428571428,4.457142857142857,87.65714285714286,1.4042857142857144,100.0,8.334285714285715,0.0285714285714285,21.428571428571427,264.45714285714286,1016.5571428571428,58.98571428571428,25.014285714285712,1038
23.542857142857144,14.842857142857143,18.87142857142857,23.542857142857144,14.842857142857143,18.87142857142857,67.47142857142858,0.088,14.285714285714286,1.19,0.0,16.785714285714285,112.74285714285716,1017.4857142857144,49.0,26.81428571428572,890
10.94285714285714,7.085714285714286,8.757142857142856,10.742857142857144,4.542857142857143,7.442857142857142,87.94285714285715,0.0382857142857142,14.285714285714286,0.5957142857142858,0.0,17.257142857142856,178.31428571428572,1017.6857142857144,83.22857142857143,8.77142857142857,1329
13.285714285714286,7.242857142857143,9.971428571428572,12.9,5.557142857142857,9.071428571428571,81.07142857142857,0.8195714285714286,85.71428571428571,5.357142857142857,0.0,23.37142857142857,210.0142857142857,1009.0857142857144,87.12857142857142,17.414285714285715,1160
20.97142857142857,10.914285714285716,16.45714285714286,20.97142857142857,10.8,16.442857142857143,69.94285714285715,0.0,0.0,0.0,0.0,13.55714285714286,272.07142857142856,1024.242857142857,64.18571428571428,18.414285714285715,1112
5.714285714285714,1.5142857142857145,3.3857142857142857,2.8000000000000003,-2.4714285714285715,-0.2999999999999999,83.92857142857143,1.0795714285714286,85.71428571428571,4.762857142857143,1.5666666666666664,26.014285714285712,233.52857142857144,1011.2571428571428,72.84285714285714,13.1,1430
17.071428571428573,10.2,13.471428571428572,17.071428571428573,10.1,13.428571428571429,82.47142857142856,1.5811428571428572,71.42857142857143,7.144285714285715,0.0,15.742857142857144,201.4,1011.9142857142856,62.65714285714286,14.714285714285714,888
19.857142857142858,12.2,15.857142857142858,19.857142857142858,12.071428571428571,15.842857142857142,69.21428571428571,0.0318571428571428,42.85714285714285,1.7871428571428571,0.0,17.514285714285712,234.17142857142855,1022.8285714285714,67.08571428571427,35.042857142857144,907
18.62857142857143,11.842857142857143,15.271428571428572,18.62857142857143,11.585714285714284,15.185714285714283,82.60000000000001,0.7515714285714286,57.142857142857146,2.382857142857143,0.0,19.142857142857142,225.8428571428572,1014.3142857142856,72.82857142857142,23.557142857142857,1236
11.571428571428571,5.428571428571429,8.5,11.071428571428571,3.1142857142857143,6.9,84.48571428571428,0.5008571428571429,42.85714285714285,2.381428571428572,0.0,24.214285714285715,217.2,1014.0857142857144,62.3,23.442857142857143,1326
10.657142857142857,3.6714285714285713,6.871428571428572,9.857142857142858,2.4714285714285715,5.842857142857143,87.05714285714285,1.7145714285714289,100.0,5.952857142857143,0.0,18.17142857142857,208.22857142857143,995.6857142857144,56.84285714285714,17.2,1174
16.242857142857144,8.9,12.457142857142856,16.242857142857144,8.542857142857143,12.3,82.18571428571428,0.038,42.85714285714285,2.381428571428572,0.0,15.828571428571427,107.01428571428572,1026.6714285714286,69.35714285714286,13.257142857142856,1291
25.62857142857143,16.17142857142857,20.685714285714287,25.428571428571427,16.17142857142857,20.65714285714285,66.68571428571428,1.5971428571428572,42.85714285714285,2.975714285714285,0.0,17.2,217.67142857142855,1019.7285714285716,67.37142857142858,20.928571428571427,1124
5.414285714285714,0.9428571428571428,3.142857142857143,2.357142857142857,-3.3428571428571425,-0.3714285714285714,84.41428571428571,5.083142857142858,71.42857142857143,8.334285714285715,2.185714285714285,24.32857142857143,197.8428571428572,996.5571428571428,53.42857142857143,19.728571428571428,1115
3.542857142857143,-0.157142857142857,1.5571428571428572,1.342857142857143,-3.685714285714286,-1.1857142857142855,79.82857142857142,0.0261428571428571,28.571428571428573,1.7857142857142858,0.0,15.842857142857143,80.61428571428571,1026.6,80.17142857142858,9.457142857142856,1116
14.828571428571427,8.357142857142858,11.257142857142856,14.828571428571427,7.1,11.085714285714284,79.85714285714286,0.3887142857142857,100.0,5.3585714285714285,0.0,15.742857142857144,280.31428571428575,1026.428571428571,60.285714285714285,21.67142857142857,862
18.314285714285717,7.014285714285714,12.528571428571428,18.314285714285717,6.642857142857143,12.471428571428572,76.45714285714287,0.0341428571428571,28.571428571428573,1.1914285714285715,0.0,13.585714285714287,208.08571428571423,1026.0857142857144,52.18571428571429,13.12857142857143,1332
8.157142857142857,2.942857142857143,5.528571428571429,6.042857142857143,-1.1,1.957142857142857,78.22857142857143,0.6101428571428571,100.0,6.547142857142857,3.35,33.142857142857146,284.18571428571425,1021.2428571428572,67.95714285714286,20.32857142857143,1167
13.528571428571428,7.071428571428571,11.014285714285714,13.528571428571428,5.028571428571429,10.37142857142857,83.75714285714285,1.8438571428571429,100.0,7.737142857142857,0.0,24.37142857142857,219.32857142857145,1019.4285714285714,58.07142857142857,21.9,937
12.257142857142856,7.757142857142857,10.142857142857142,12.257142857142856,5.742857142857143,9.128571428571428,84.84285714285714,4.156857142857143,100.0,11.907142857142858,0.0,29.62857142857143,177.31428571428572,1002.8285714285714,73.1,18.17142857142857,1125
7.142857142857143,3.142857142857143,5.314285714285715,5.757142857142857,0.5142857142857143,3.4714285714285715,76.67142857142858,0.2864285714285714,42.85714285714285,2.9771428571428573,0.0285714285714285,15.785714285714286,176.58571428571426,1027.1,77.98571428571428,13.528571428571428,1099
15.914285714285716,8.471428571428572,12.428571428571429,15.914285714285716,8.157142857142857,12.271428571428572,81.3,1.036857142857143,57.142857142857146,2.9771428571428573,0.0,23.61428571428572,176.37142857142857,1015.4,64.87142857142858,18.585714285714285,1180
20.914285714285715,10.885714285714286,15.94285714285714,20.914285714285715,10.885714285714286,15.94285714285714,66.98571428571428,10.16042857142857,28.571428571428573,1.7857142857142858,0.0,23.9,258.1714285714286,1016.6714285714286,58.94285714285714,31.957142857142856,1140
7.1571428571428575,1.3571428571428572,4.014285714285714,3.1714285714285717,-4.328571428571428,-0.7428571428571429,75.27142857142857,0.9318571428571428,71.42857142857143,3.5728571428571425,0.0,44.07142857142857,257.8,1001.2571428571428,52.58571428571429,23.042857142857144,1563
19.014285714285712,9.585714285714284,14.12857142857143,19.014285714285712,8.914285714285715,13.885714285714286,74.0,0.2005714285714285,14.285714285714286,0.5957142857142858,0.0,22.585714285714285,181.78571428571428,1021.7428571428572,59.142857142857146,21.542857142857144,1156
27.542857142857144,17.62857142857143,22.342857142857145,27.4,17.62857142857143,22.32857142857143,66.12857142857142,1.87,42.85714285714285,2.9771428571428573,0.0,17.857142857142858,248.37142857142857,1018.5,41.75714285714286,30.785714285714285,936
13.542857142857144,7.614285714285714,10.814285714285717,13.542857142857144,6.7,10.214285714285714,83.81428571428572,3.040142857142857,100.0,9.524285714285714,0.0,24.11428571428572,216.5,1001.5428571428572,71.42857142857143,17.885714285714286,968
8.8,3.242857142857143,6.014285714285714,6.471428571428571,0.2285714285714285,3.085714285714286,84.04285714285713,0.4122857142857143,71.42857142857143,3.5728571428571425,0.0,27.15714285714285,239.3571428571429,1005.5,70.5,19.885714285714283,1568
9.014285714285714,5.5,7.014285714285714,8.742857142857144,3.5285714285714285,5.8,92.07142857142856,0.1301428571428571,71.42857142857143,4.761428571428572,0.0,14.371428571428572,132.3,1018.7571428571428,84.5,7.028571428571429,1472
11.714285714285714,4.085714285714286,8.242857142857144,11.671428571428573,2.2,7.328571428571428,85.18571428571428,0.4428571428571428,71.42857142857143,4.167142857142857,0.0,19.457142857142856,261.57142857142856,1025.4857142857145,72.11428571428571,17.2,1319
6.185714285714285,0.0428571428571428,3.2,2.6142857142857143,-4.985714285714286,-1.0428571428571427,72.92857142857143,0.9887142857142858,71.42857142857143,2.9785714285714286,0.0,31.97142857142857,316.9428571428571,1014.6142857142858,66.51428571428572,19.82857142857143,1632
19.97142857142857,12.957142857142856,16.3,19.97142857142857,12.957142857142856,16.3,75.10000000000001,0.5695714285714286,71.42857142857143,3.5728571428571425,0.0,19.557142857142857,262.15714285714284,1016.0857142857144,76.77142857142857,27.957142857142856,1142
11.014285714285714,4.785714285714286,8.028571428571428,10.05714285714286,0.9714285714285712,5.371428571428572,75.18571428571428,2.071142857142857,85.71428571428571,5.357142857142857,0.0,33.81428571428571,239.52857142857144,1009.0571428571428,79.7,28.957142857142856,1274
17.45714285714286,9.057142857142855,13.3,17.45714285714286,8.157142857142857,13.12857142857143,70.81428571428572,0.2378571428571428,42.85714285714285,1.7871428571428571,0.0,21.5,182.45714285714288,1016.8571428571428,57.67142857142857,16.514285714285712,1269
14.242857142857144,7.257142857142857,10.742857142857144,14.242857142857144,5.114285714285714,9.885714285714286,69.11428571428571,0.238,42.85714285714285,2.381428571428572,0.0,21.27142857142857,38.62857142857143,1012.4142857142856,79.14285714285714,20.12857142857143,1424
21.6,12.342857142857143,16.928571428571427,21.6,12.342857142857143,16.928571428571427,68.41428571428571,0.1205714285714285,57.142857142857146,2.9771428571428573,0.0,18.185714285714287,196.12857142857143,1022.1285714285714,50.114285714285714,26.071428571428573,842
4.442857142857143,2.4,3.314285714285714,1.1285714285714286,-2.342857142857143,-0.7000000000000001,86.39999999999999,0.4922857142857142,57.142857142857146,5.357142857142857,0.0,23.514285714285712,65.3,1021.7857142857144,90.94285714285716,7.0,1214
6.071428571428571,2.4285714285714284,4.385714285714285,4.1,-0.3428571428571428,1.842857142857143,80.60000000000001,1.3335714285714286,71.42857142857143,5.357142857142857,0.0,17.62857142857143,223.57142857142856,1021.7428571428572,70.54285714285714,13.414285714285716,1131
18.75714285714286,10.9,14.914285714285716,18.75714285714286,10.757142857142856,14.9,77.24285714285715,0.3092857142857143,57.142857142857146,2.382857142857143,0.0,20.87142857142857,243.27142857142857,1013.1714285714286,68.47142857142858,26.285714285714285,1305
18.62857142857143,8.071428571428571,13.05714285714286,18.62857142857143,5.857142857142857,12.314285714285717,64.1,0.0107142857142857,14.285714285714286,0.5957142857142858,0.0,23.285714285714285,49.08571428571428,1017.0428571428572,35.471428571428575,14.5,926
13.971428571428572,7.9142857142857155,11.1,13.971428571428572,6.685714285714285,10.7,81.61428571428571,1.050142857142857,85.71428571428571,4.168571428571428,0.0,18.785714285714285,161.34285714285716,1006.5428571428572,88.97142857142856,12.142857142857142,1257
21.4,12.614285714285714,16.95714285714286,21.357142857142858,12.614285714285714,16.942857142857143,73.98571428571428,1.1214285714285714,57.142857142857146,3.571428571428572,0.0,23.042857142857144,239.95714285714283,1014.5857142857144,72.75714285714285,27.77142857142857,1188
18.81428571428572,12.271428571428572,15.728571428571428,18.81428571428572,12.028571428571428,15.7,75.71428571428571,6.353857142857143,100.0,10.118571428571428,0.0,19.914285714285715,183.8,1012.1142857142858,65.35714285714286,25.0,824
7.228571428571429,1.0571428571428572,3.757142857142857,5.971428571428571,-1.2857142857142858,1.7285714285714289,83.21428571428571,1.5271428571428571,85.71428571428571,6.548571428571429,4.771428571428571,18.457142857142856,198.22857142857143,1019.9,47.471428571428575,12.685714285714283,1032
8.314285714285715,3.414285714285714,6.1000000000000005,7.714285714285714,2.628571428571429,5.314285714285715,92.25714285714284,0.0,0.0,0.0,0.0,12.142857142857142,244.68571428571428,1033.8285714285714,75.67142857142858,7.328571428571428,1674
19.928571428571427,10.842857142857143,15.114285714285714,19.928571428571427,10.571428571428571,15.085714285714284,67.17142857142856,0.185,42.85714285714285,2.381428571428572,0.0,20.385714285714283,107.75714285714284,1020.2428571428572,50.48571428571428,30.32857142857143,786
23.214285714285715,12.285714285714286,18.15714285714285,23.24285714285714,12.114285714285714,18.142857142857142,64.10000000000001,0.0,0.0,0.0,0.0,22.11428571428572,140.0,1018.8,38.02857142857143,17.87142857142857,1290
11.842857142857143,6.514285714285713,9.171428571428573,11.842857142857143,3.3999999999999995,7.5,78.81428571428572,1.6401428571428571,100.0,10.714285714285714,0.0,33.34285714285714,229.67142857142852,999.6857142857144,74.02857142857144,26.1,936
12.714285714285714,5.871428571428572,9.542857142857144,12.314285714285717,4.557142857142857,8.614285714285714,80.32857142857142,2.568,71.42857142857143,7.142857142857143,0.0,25.542857142857144,194.97142857142856,1002.0714285714286,65.51428571428572,23.457142857142856,1145
18.942857142857143,11.785714285714286,15.214285714285714,18.942857142857143,11.785714285714286,15.214285714285714,75.0,1.1122857142857143,85.71428571428571,3.5742857142857143,0.0,31.042857142857144,209.04285714285717,1011.9142857142856,63.785714285714285,32.114285714285714,1334
11.842857142857142,7.242857142857143,9.62857142857143,11.44285714285714,5.942857142857143,8.871428571428572,89.44285714285715,0.896,100.0,8.331428571428571,0.0,18.52857142857143,205.2,1005.8571428571428,75.61428571428571,15.357142857142858,1344
16.342857142857145,11.2,13.742857142857144,16.342857142857145,10.842857142857143,13.642857142857142,80.37142857142858,1.6110000000000002,71.42857142857143,7.142857142857143,0.0,24.82857142857143,222.5,1009.9571428571428,73.05714285714285,22.8,913
13.857142857142858,4.814285714285715,9.55714285714286,13.7,4.0285714285714285,9.1,70.51428571428572,0.2405714285714285,42.85714285714285,2.381428571428572,0.0,14.342857142857142,178.18571428571428,1019.8714285714286,71.51428571428572,14.828571428571427,1036
21.24285714285714,11.571428571428571,16.771428571428572,21.24285714285714,11.571428571428571,16.771428571428572,68.95714285714286,0.3141428571428571,71.42857142857143,4.762857142857143,0.0,20.285714285714285,216.47142857142856,1014.9428571428572,44.18571428571429,27.214285714285715,834
17.32857142857143,10.814285714285717,14.171428571428573,17.32857142857143,10.62857142857143,14.114285714285714,75.72857142857143,0.5261428571428571,28.571428571428573,2.38,0.0,26.428571428571427,244.95714285714283,1015.3142857142856,66.05714285714285,27.6,1212
19.257142857142856,7.571428571428571,13.471428571428572,19.257142857142856,6.928571428571429,13.285714285714286,68.41428571428571,0.0151428571428571,28.571428571428573,1.1914285714285715,0.0,14.742857142857142,161.1,1023.2,29.6,11.414285714285713,993
14.257142857142858,6.328571428571428,10.328571428571427,14.257142857142858,4.442857142857143,9.485714285714286,66.4,0.2955714285714285,71.42857142857143,5.952857142857143,0.0,19.2,261.1142857142857,1018.4428571428572,58.371428571428574,32.32857142857143,936
14.2,8.628571428571428,11.285714285714286,14.2,7.614285714285714,10.9,85.84285714285714,2.298142857142857,100.0,10.12,0.0,15.714285714285714,165.12857142857143,1009.6,65.88571428571429,10.657142857142858,950
19.32857142857143,8.585714285714285,14.314285714285717,19.32857142857143,8.257142857142856,14.214285714285714,67.75714285714285,0.9455714285714284,28.571428571428573,1.7857142857142858,0.0,14.642857142857142,225.5142857142857,1025.1571428571428,53.25714285714286,23.75714285714286,906
12.971428571428572,9.742857142857144,11.285714285714286,12.971428571428572,8.585714285714285,10.857142857142858,89.85714285714286,0.5191428571428571,71.42857142857143,3.5728571428571425,0.0,30.95714285714286,222.3571428571429,1003.2142857142856,93.8,14.985714285714286,1608
24.514285714285712,14.185714285714283,18.714285714285715,24.414285714285715,14.185714285714283,18.7,68.48571428571428,0.0048571428571428,14.285714285714286,0.5957142857142858,0.0,17.6,54.614285714285714,1025.357142857143,28.97142857142857,10.0,1130
23.77142857142857,14.2,18.785714285714285,23.82857142857143,14.2,18.8,59.94285714285714,0.6632857142857143,85.71428571428571,4.762857142857143,0.0,23.87142857142857,237.9142857142857,1016.7285714285716,49.15714285714286,33.114285714285714,851
10.757142857142856,3.942857142857143,7.371428571428572,9.7,1.4285714285714286,4.971428571428571,73.78571428571429,2.499142857142857,42.85714285714285,2.975714285714285,0.0,24.071428571428573,143.54285714285714,1019.6714285714288,67.02857142857142,11.771428571428572,1334
14.55714285714286,8.257142857142856,11.457142857142856,14.55714285714286,7.685714285714285,11.228571428571428,78.82857142857142,0.2121428571428571,57.142857142857146,2.9771428571428573,0.0,13.985714285714286,270.6142857142857,1021.4857142857144,80.84285714285714,16.257142857142856,1180
15.4,5.214285714285714,10.2,15.4,4.428571428571429,9.7,57.67142857142857,0.0,0.0,0.0,0.0,15.585714285714284,153.62857142857143,1018.4571428571428,34.82857142857143,26.442857142857143,930
9.014285714285714,5.128571428571428,7.457142857142857,8.757142857142856,3.071428571428572,6.428571428571429,88.44285714285715,0.0302857142857142,85.71428571428571,4.168571428571428,0.0,16.714285714285715,197.27142857142857,1027.8285714285714,74.62857142857142,8.785714285714286,1035
25.32857142857143,13.7,19.25714285714286,25.3,13.7,19.25714285714286,62.62857142857143,0.9917142857142858,14.285714285714286,0.5957142857142858,0.0,16.057142857142857,61.72857142857144,1028.2857142857142,26.02857142857143,27.65714285714285,784
20.02857142857143,12.528571428571428,15.87142857142857,20.02857142857143,12.528571428571428,15.87142857142857,76.18571428571428,0.4921428571428571,42.85714285714285,1.7871428571428571,0.0,22.2,285.7714285714286,1013.0714285714286,80.42857142857143,23.685714285714287,1303
10.514285714285714,5.114285714285714,7.771428571428571,9.9,3.7,6.7,91.77142857142856,4.310714285714286,100.0,9.524285714285714,0.0,19.12857142857143,200.78571428571428,1005.1857142857144,55.85714285714285,14.285714285714286,968
8.442857142857141,2.6,5.214285714285714,5.557142857142857,-1.3714285714285714,1.5714285714285714,83.64285714285714,2.8344285714285715,85.71428571428571,6.545714285714285,0.0,31.24285714285714,242.82857142857145,982.9428571428572,71.51428571428572,21.25714285714286,1454
19.585714285714285,9.885714285714286,15.0,19.585714285714285,9.55714285714286,14.957142857142856,74.05714285714285,0.2707142857142857,57.142857142857146,2.382857142857143,0.0,17.242857142857144,217.32857142857145,1017.5,71.67142857142856,14.285714285714286,1411
20.585714285714285,10.785714285714286,15.657142857142857,20.585714285714285,10.757142857142856,15.642857142857142,71.91428571428571,0.1095714285714285,28.571428571428573,1.7857142857142858,0.0,16.5,232.62857142857143,1015.6142857142858,52.71428571428572,22.75714285714286,931
7.014285714285714,2.442857142857143,4.714285714285714,4.128571428571428,-0.9857142857142858,1.5714285714285714,77.95714285714287,0.1735714285714285,57.142857142857146,3.5728571428571425,0.0,22.428571428571427,300.6714285714285,1015.1,49.12857142857143,27.714285714285715,941
23.88571428571429,13.014285714285714,17.814285714285713,23.82857142857143,12.957142857142856,17.8,80.31428571428572,0.7671428571428571,85.71428571428571,4.168571428571428,0.0,16.0,171.57142857142858,1021.6285714285714,30.2,18.457142857142856,900
20.87142857142857,13.342857142857143,16.9,20.87142857142857,13.271428571428572,16.9,73.51428571428572,1.461857142857143,71.42857142857143,4.762857142857143,0.0,19.057142857142857,182.25714285714284,1013.7142857142856,58.22857142857142,32.385714285714286,898
22.385714285714283,13.9,18.114285714285717,22.385714285714283,13.9,18.114285714285717,64.07142857142857,4.023428571428571,71.42857142857143,4.167142857142857,0.0,22.32857142857143,213.12857142857143,1013.0714285714286,59.5,33.18571428571428,819
8.971428571428572,3.5142857142857147,6.385714285714286,7.442857142857143,1.7714285714285716,4.428571428571429,80.47142857142856,2.549571428571429,85.71428571428571,7.142857142857143,0.0,17.428571428571427,194.54285714285717,1018.7857142857144,63.48571428571428,18.6,1082
16.571428571428573,9.94285714285714,13.185714285714283,16.571428571428573,9.2,13.028571428571428,77.75714285714287,0.0874285714285714,57.142857142857146,2.382857142857143,0.0,22.67142857142857,259.27142857142854,1023.5857142857144,61.52857142857143,18.214285714285715,1221
21.957142857142856,13.742857142857144,17.785714285714285,21.957142857142856,13.742857142857144,17.785714285714285,71.3,0.3637142857142857,42.85714285714285,2.381428571428572,0.0,27.314285714285717,229.75714285714284,1011.8,52.642857142857146,29.12857142857143,1119
12.785714285714286,6.857142857142857,9.528571428571428,12.44285714285714,5.1000000000000005,8.557142857142857,80.11428571428571,0.1074285714285714,42.85714285714285,1.7871428571428571,0.0,21.728571428571428,243.4,1021.2285714285716,90.18571428571428,21.5,1298
8.742857142857144,3.0142857142857147,5.742857142857143,7.285714285714286,1.0142857142857142,3.642857142857143,80.78571428571429,0.8161428571428572,71.42857142857143,3.5728571428571425,0.0,24.27142857142857,185.1,1009.4285714285714,67.88571428571429,18.185714285714287,1296
18.714285714285715,10.214285714285714,14.314285714285717,18.714285714285715,10.142857142857142,14.3,73.8,0.0208571428571428,14.285714285714286,0.5957142857142858,0.0,20.82857142857143,75.0,1026.6,57.01428571428572,16.014285714285712,1129
2.271428571428572,-0.7857142857142857,0.9571428571428572,0.1714285714285714,-4.2,-2.1714285714285717,84.12857142857142,1.04,100.0,7.738571428571428,2.457142857142857,18.97142857142857,91.82857142857142,1003.8714285714286,74.27142857142857,10.228571428571428,1076
20.75714285714286,15.171428571428573,17.585714285714285,20.75714285714286,15.171428571428573,17.585714285714285,78.24285714285715,2.448571428571429,42.85714285714285,2.381428571428572,0.0,23.714285714285715,136.82857142857142,1015.7714285714284,82.81428571428572,23.885714285714283,1069
17.52857142857143,10.728571428571428,14.05714285714286,17.52857142857143,10.657142857142857,14.05714285714286,79.54285714285713,0.4357142857142856,71.42857142857143,4.167142857142857,0.0,20.728571428571428,204.94285714285712,1006.4428571428572,75.32857142857142,17.428571428571427,1188
24.457142857142856,14.357142857142858,19.47142857142857,24.228571428571428,14.357142857142858,19.428571428571427,65.44285714285715,0.3327142857142857,42.85714285714285,4.1657142857142855,0.0,21.62857142857143,143.9857142857143,1017.8285714285714,65.58571428571429,19.7,1129
14.8,7.6571428571428575,10.928571428571429,14.8,5.5,9.957142857142856,77.65714285714286,1.0967142857142858,71.42857142857143,5.357142857142857,0.0,19.185714285714287,63.32857142857143,1021.6,75.0,17.342857142857145,1034
21.228571428571428,12.5,16.614285714285714,21.228571428571428,12.5,16.614285714285714,75.05714285714285,0.6175714285714287,42.85714285714285,2.975714285714285,0.0,16.142857142857142,160.65714285714287,1014.5428571428572,77.72857142857143,14.271428571428572,1040
20.485714285714288,12.457142857142856,16.32857142857143,20.485714285714288,12.385714285714286,16.314285714285713,74.04285714285713,0.2045714285714285,85.71428571428571,5.952857142857143,0.0,21.24285714285714,226.0,1022.8857142857142,78.48571428571428,24.085714285714285,1046
22.2,14.3,18.32857142857143,22.2,14.242857142857144,18.32857142857143,77.64285714285714,1.1107142857142858,28.571428571428573,1.1914285714285715,0.0,23.228571428571428,131.87142857142857,1015.3857142857142,66.74285714285715,13.914285714285716,1286
25.65714285714285,15.2,20.5,25.285714285714285,15.2,20.414285714285715,63.92857142857143,1.069857142857143,28.571428571428573,2.38,0.0,18.8,161.64285714285714,1014.4714285714286,59.4,19.985714285714288,1051
16.571428571428573,9.785714285714286,13.0,16.571428571428573,9.314285714285717,12.885714285714286,87.77142857142857,0.1485714285714285,42.85714285714285,1.7871428571428571,0.0,20.27142857142857,180.32857142857145,1018.0428571428572,66.78571428571429,9.8,1345
16.771428571428572,6.228571428571429,11.771428571428572,16.771428571428572,6.114285714285714,11.685714285714283,69.24285714285715,0.0125714285714285,28.571428571428573,1.1914285714285715,0.0,14.12857142857143,152.65714285714287,1023.2857142857144,43.07142857142857,11.171428571428573,1045
21.085714285714285,13.114285714285714,16.785714285714285,21.085714285714285,13.114285714285714,16.785714285714285,69.61428571428571,0.0,0.0,0.0,0.0,11.528571428571428,135.64285714285714,1019.8285714285714,49.142857142857146,15.028571428571428,887
6.742857142857143,2.4857142857142853,4.514285714285714,4.642857142857143,0.7714285714285714,2.7142857142857144,83.51428571428572,0.0431428571428571,42.85714285714285,1.7871428571428571,0.0,14.014285714285714,276.6142857142857,1030.0857142857144,67.55714285714285,9.514285714285714,1404
17.942857142857143,11.44285714285714,14.5,17.942857142857143,11.328571428571427,14.5,76.57142857142857,2.1774285714285715,42.85714285714285,3.571428571428572,0.0,22.214285714285715,35.41428571428572,1024.2142857142858,55.442857142857136,24.27142857142857,851
3.0,0.3571428571428571,1.7857142857142858,0.9285714285714286,-3.228571428571428,-1.1714285714285713,85.87142857142858,1.6712857142857145,100.0,11.31,3.628571428571429,18.571428571428573,77.87142857142858,1013.1857142857144,77.92857142857143,8.585714285714285,1172
16.928571428571427,10.214285714285714,13.5,16.928571428571427,9.6,13.385714285714286,75.7,2.326857142857143,71.42857142857143,3.5728571428571425,0.0,24.97142857142857,225.1,1008.0142857142856,78.84285714285714,25.514285714285712,1203
19.985714285714288,12.414285714285716,16.014285714285712,19.985714285714288,12.414285714285716,16.014285714285712,75.88571428571429,0.9402857142857144,85.71428571428571,5.952857142857143,0.0,18.87142857142857,258.8428571428572,1015.1857142857144,79.85714285714286,23.12857142857143,993
15.742857142857144,7.328571428571428,11.414285714285716,15.742857142857144,6.342857142857143,10.985714285714286,76.91428571428571,0.115,28.571428571428573,1.1914285714285715,0.0,17.614285714285714,241.42857142857144,1027.0857142857144,42.12857142857143,21.77142857142857,862
14.028571428571428,9.342857142857143,11.671428571428573,14.028571428571428,8.414285714285715,11.214285714285714,83.15714285714286,0.0414285714285714,85.71428571428571,10.12,0.0,32.1,224.27142857142852,1007.1857142857144,59.971428571428575,27.77142857142857,882
11.014285714285714,5.914285714285714,8.4,10.185714285714283,4.114285714285715,6.828571428571428,76.41428571428571,0.5715714285714285,42.85714285714285,2.381428571428572,0.0,29.1,243.55714285714288,1022.6857142857144,69.51428571428572,30.67142857142857,1216
18.0,10.071428571428571,13.485714285714286,18.0,9.44285714285714,13.342857142857143,76.41428571428571,0.9227142857142856,100.0,9.522857142857143,0.0,29.357142857142858,262.3,1002.0285714285714,44.54285714285714,29.27142857142857,826
9.542857142857144,5.8,7.742857142857143,8.0,3.0,5.6000000000000005,84.52857142857144,2.224142857142857,85.71428571428571,6.547142857142857,0.0,21.62857142857143,219.2428571428572,1014.3142857142856,72.64285714285714,17.585714285714285,1100
17.742857142857144,10.457142857142856,14.0,17.742857142857144,10.1,13.957142857142856,76.8,4.324714285714286,71.42857142857143,8.334285714285715,0.0,24.74285714285714,240.2428571428572,1009.1285714285714,75.04285714285713,23.885714285714283,1072
9.94285714285714,4.171428571428572,7.200000000000001,8.042857142857143,1.6428571428571428,4.985714285714286,87.51428571428572,0.649,100.0,5.952857142857143,0.0,24.042857142857144,201.8142857142857,1010.657142857143,66.45714285714286,17.25714285714286,1518
11.285714285714286,4.314285714285714,7.514285714285714,10.742857142857144,1.1714285714285713,5.242857142857143,76.87142857142858,5.1450000000000005,85.71428571428571,8.928571428571429,0.0,31.085714285714285,186.2142857142857,1005.3285714285714,56.785714285714285,27.01428571428572,984
25.014285714285712,13.771428571428572,19.7,24.97142857142857,13.771428571428572,19.7,59.7,0.0,0.0,0.0,0.0,17.242857142857144,247.6,1021.6857142857144,47.58571428571429,24.571428571428573,1316
1.6714285714285713,-4.228571428571429,-0.9285714285714286,-0.8857142857142856,-7.485714285714286,-4.342857142857143,87.08571428571429,1.195142857142857,100.0,5.952857142857143,5.271428571428571,18.87142857142857,193.44285714285715,1015.2857142857144,64.72857142857143,7.1571428571428575,1703
9.571428571428571,4.871428571428572,7.057142857142857,9.0,1.7285714285714282,4.8,83.24285714285715,7.078142857142858,100.0,11.905714285714286,0.0,26.47142857142857,203.17142857142852,999.7714285714284,82.5,18.2,1234
9.714285714285714,3.585714285714286,6.6571428571428575,8.757142857142858,2.142857142857143,5.328571428571428,79.11428571428571,0.0,0.0,0.0,0.0,18.257142857142856,219.2,1029.6142857142856,76.88571428571429,14.228571428571428,1441
17.52857142857143,8.942857142857143,13.614285714285714,17.52857142857143,8.785714285714286,13.571428571428571,65.15714285714286,1.5112857142857143,71.42857142857143,5.3585714285714285,0.0,17.371428571428574,231.6142857142857,1015.7571428571428,69.44285714285715,24.7,1040
13.1,6.614285714285714,9.571428571428571,12.585714285714284,5.014285714285714,8.714285714285714,75.45714285714287,0.625,71.42857142857143,5.952857142857143,0.0,18.814285714285717,140.4142857142857,1013.1142857142858,66.45714285714286,11.44285714285714,1051
25.314285714285717,16.142857142857142,20.4,25.357142857142858,16.142857142857142,20.457142857142856,75.81428571428572,0.5354285714285715,28.571428571428573,1.7857142857142858,0.0,18.65714285714285,182.3857142857143,1016.7714285714284,66.92857142857143,14.257142857142856,1098
20.357142857142858,14.0,17.071428571428573,20.357142857142858,14.0,17.071428571428573,74.45714285714287,2.922571428571428,85.71428571428571,7.144285714285715,0.0,25.714285714285715,239.1,1011.9857142857144,63.25714285714286,29.085714285714285,804
4.985714285714286,2.3714285714285714,3.685714285714286,3.571428571428572,-0.7857142857142857,1.4,93.62857142857142,1.4271428571428573,100.0,5.952857142857143,0.0,17.714285714285715,90.27142857142856,1004.4571428571428,95.85714285714286,5.142857142857143,1867
24.5,14.042857142857144,19.285714285714285,24.5,14.042857142857144,19.285714285714285,64.8,0.0022857142857142,14.285714285714286,0.5957142857142858,0.0,18.414285714285715,127.6,1022.2,66.57142857142857,13.8,1322
18.1,9.242857142857144,13.671428571428573,18.1,8.485714285714286,13.5,66.75714285714285,0.4008571428571428,57.142857142857146,4.167142857142857,0.0,23.457142857142856,202.44285714285712,1014.5857142857144,61.785714285714285,30.228571428571428,875
11.885714285714286,3.6,7.5,11.685714285714283,1.9142857142857144,6.085714285714286,77.08571428571429,1.828857142857143,71.42857142857143,6.548571428571429,0.0,20.02857142857143,233.6,1007.6714285714286,52.55714285714286,21.17142857142857,974
15.0,8.1,11.528571428571428,15.0,6.4,11.014285714285714,80.38571428571429,0.0432857142857142,85.71428571428571,7.142857142857143,0.0,23.75714285714286,271.1142857142857,1008.7428571428572,62.5,28.885714285714283,838
6.471428571428571,1.414285714285714,4.0,5.671428571428572,-2.071428571428572,1.6428571428571428,82.51428571428572,4.289571428571429,100.0,8.930000000000001,3.725,26.571428571428573,195.92857142857144,1015.9714285714286,73.24285714285715,18.9,1794
24.3,13.285714285714286,18.685714285714287,24.17142857142857,13.285714285714286,18.67142857142857,60.885714285714286,0.0,0.0,0.0,0.0,19.485714285714288,134.1142857142857,1024.6857142857143,40.1,19.314285714285717,1214
8.357142857142858,5.142857142857143,6.728571428571429,7.257142857142857,2.957142857142857,4.871428571428572,76.62857142857142,0.0004285714285714,14.285714285714286,0.5957142857142858,0.0,16.842857142857145,306.2714285714286,1032.3857142857144,81.44285714285715,19.585714285714285,1041
20.11428571428572,9.271428571428572,14.771428571428572,20.11428571428572,9.157142857142857,14.685714285714283,60.3,0.0067142857142857,14.285714285714286,0.5957142857142858,0.0,17.742857142857144,166.12857142857143,1023.7142857142856,66.01428571428572,19.571428571428573,1218
13.271428571428572,6.814285714285715,10.142857142857142,13.271428571428572,6.185714285714285,9.828571428571427,85.38571428571429,0.0077142857142857,57.142857142857146,3.5728571428571425,0.0,10.157142857142857,160.97142857142856,1024.571428571429,64.71428571428571,13.828571428571427,931
5.142857142857143,0.2285714285714285,2.7,2.5285714285714285,-2.2857142857142856,0.0428571428571428,84.75714285714285,0.0604285714285714,28.571428571428573,1.1914285714285715,0.0,18.857142857142858,138.6142857142857,1014.7285714285716,73.81428571428572,11.8,1486
29.5,16.785714285714285,23.11428571428572,29.17142857142857,16.785714285714285,23.042857142857144,57.785714285714285,0.0238571428571428,14.285714285714286,1.19,0.0,15.985714285714286,163.77142857142857,1018.7,40.62857142857143,16.142857142857142,1566
15.571428571428571,9.828571428571427,12.585714285714284,15.571428571428571,8.614285714285714,12.328571428571427,80.01428571428572,2.188142857142857,100.0,9.521428571428572,0.0,28.514285714285712,225.3,1012.1857142857144,79.89999999999999,17.157142857142855,1015
9.057142857142855,5.528571428571428,7.399999999999999,7.742857142857143,3.471428571428571,5.7,77.61428571428571,0.0007142857142857,42.85714285714285,1.7871428571428571,0.0,15.1,226.4857142857143,1032.3857142857144,85.22857142857143,20.057142857142857,862
18.957142857142856,10.94285714285714,15.12857142857143,18.957142857142856,10.814285714285717,15.1,67.54285714285714,3.051428571428571,28.571428571428573,3.571428571428572,0.0,17.571428571428573,232.47142857142856,1018.157142857143,65.2,22.67142857142857,1044
10.014285714285714,3.828571428571428,7.114285714285714,9.057142857142855,1.6,4.814285714285715,88.22857142857143,0.9991428571428572,71.42857142857143,4.168571428571428,0.0,24.642857142857142,212.27142857142857,1013.7571428571428,84.60000000000001,20.728571428571428,1326
15.385714285714286,9.385714285714286,12.257142857142856,15.385714285714286,8.642857142857142,11.94285714285714,79.31428571428572,1.0035714285714286,42.85714285714285,5.357142857142857,0.0,15.9,190.92857142857144,1016.342857142857,82.85714285714286,12.05714285714286,1014
21.6,14.985714285714286,17.914285714285715,21.6,14.985714285714286,17.914285714285715,80.61428571428571,3.2961428571428573,85.71428571428571,8.335714285714285,0.0,21.914285714285715,211.0,1006.4714285714286,68.92857142857143,18.457142857142856,897
8.514285714285714,3.3999999999999995,6.5,7.442857142857143,1.3857142857142857,4.842857142857143,90.91428571428573,1.4740000000000002,100.0,6.548571428571429,0.0,19.97142857142857,220.14285714285717,1022.2428571428572,66.6,8.314285714285715,1172
24.785714285714285,14.328571428571427,19.485714285714288,24.514285714285712,14.328571428571427,19.428571428571427,67.47142857142856,0.782,28.571428571428573,1.7857142857142858,0.0,20.342857142857145,190.7142857142857,1013.4,42.07142857142857,14.828571428571427,1105
12.528571428571428,3.1714285714285717,7.957142857142857,12.528571428571428,2.157142857142857,6.957142857142857,68.52857142857142,0.0682857142857142,57.142857142857146,2.9771428571428573,0.0,17.271428571428572,113.62857142857142,1029.7714285714285,51.62857142857143,15.485714285714286,1137
20.228571428571428,12.171428571428573,16.014285714285712,20.228571428571428,12.171428571428573,16.014285714285712,72.8,1.070857142857143,57.142857142857146,3.571428571428572,0.0,17.657142857142855,282.35714285714283,1017.9571428571428,71.0,19.6,1101
7.871428571428572,2.042857142857143,5.128571428571428,6.585714285714286,0.1285714285714286,3.271428571428572,89.94285714285715,0.3164285714285714,71.42857142857143,2.9785714285714286,0.0,17.4,264.12857142857143,1011.157142857143,72.87142857142858,14.842857142857143,1358
21.842857142857145,13.085714285714284,17.442857142857143,21.97142857142857,13.085714285714284,17.485714285714288,74.75714285714285,2.685714285714285,71.42857142857143,5.952857142857143,0.0,15.62857142857143,134.15714285714284,1016.2,61.81428571428571,16.942857142857143,1001
16.571428571428573,10.857142857142858,13.842857142857143,16.571428571428573,10.342857142857143,13.685714285714283,85.67142857142858,5.809857142857142,100.0,12.5,0.0,24.714285714285715,227.64285714285717,1005.9142857142856,50.52857142857143,16.37142857142857,875
5.6000000000000005,-1.0142857142857145,1.9428571428571428,1.8,-4.557142857142857,-1.6857142857142855,73.74285714285715,0.6281428571428572,28.571428571428573,1.7857142857142858,2.3666666666666667,22.87142857142857,58.52857142857143,1026.1285714285714,46.871428571428574,5.442857142857143,1406
5.328571428571428,0.9857142857142858,3.271428571428572,3.728571428571428,-2.071428571428572,0.9,88.67142857142858,0.4394285714285714,71.42857142857143,3.5728571428571425,0.0,17.857142857142858,180.92857142857144,1024.7142857142858,80.62857142857142,9.228571428571428,1495
4.457142857142857,-0.1857142857142857,2.2285714285714286,1.6714285714285713,-4.442857142857142,-1.3285714285714283,85.65714285714286,0.1012857142857142,57.142857142857146,2.382857142857143,1.65,23.914285714285715,95.42857142857144,1019.7857142857144,82.87142857142858,7.942857142857142,1375
20.285714285714285,9.471428571428572,14.671428571428573,20.285714285714285,8.628571428571428,14.5,62.642857142857146,0.029,14.285714285714286,1.7857142857142858,0.0,19.228571428571428,136.84285714285716,1025.1571428571428,49.08571428571429,35.4,862
23.842857142857145,13.114285714285714,18.15714285714285,23.842857142857145,13.114285714285714,18.15714285714285,75.11428571428571,0.056,28.571428571428573,1.7857142857142858,0.0,15.514285714285714,168.67142857142858,1019.5857142857144,55.65714285714286,9.242857142857144,1204
19.457142857142856,12.528571428571428,15.642857142857142,19.457142857142856,12.37142857142857,15.62857142857143,78.68571428571428,4.751857142857142,100.0,4.764285714285714,0.0,23.685714285714287,250.8,1012.7,73.45714285714287,21.67142857142857,1281
23.61428571428572,14.428571428571429,18.714285714285715,23.67142857142857,14.428571428571429,18.728571428571428,68.31428571428572,0.0,0.0,0.0,0.0,22.142857142857142,75.15714285714286,1022.3,53.44285714285714,16.642857142857142,1186
10.514285714285714,5.771428571428571,8.314285714285715,9.971428571428572,4.071428571428571,7.1571428571428575,80.72857142857143,2.3918571428571425,71.42857142857143,5.951428571428571,0.0,16.12857142857143,281.2,1021.4571428571428,67.67142857142856,18.77142857142857,1008
26.457142857142856,16.842857142857145,21.11428571428572,26.52857142857143,16.842857142857145,21.142857142857142,69.12857142857143,1.5915714285714286,85.71428571428571,7.142857142857143,0.0,20.642857142857142,168.41428571428574,1016.8571428571428,47.42857142857143,25.214285714285715,883
17.771428571428572,10.842857142857143,14.214285714285714,17.771428571428572,10.671428571428573,14.171428571428573,76.28571428571429,0.4222857142857142,71.42857142857143,3.5728571428571425,0.0,20.428571428571427,161.68571428571428,1012.842857142857,73.94285714285715,21.985714285714288,1207
27.514285714285712,16.085714285714285,21.571428571428573,27.071428571428573,16.085714285714285,21.485714285714288,59.5,0.0,0.0,0.0,0.0,18.2,194.7428571428572,1021.3571428571428,49.08571428571429,23.214285714285715,1150
14.05714285714286,6.928571428571429,10.471428571428572,13.714285714285714,5.342857142857143,9.44285714285714,80.47142857142856,4.557142857142858,100.0,11.905714285714286,0.0,22.87142857142857,197.5142857142857,1008.1142857142858,58.1,23.67142857142857,930
7.428571428571429,1.6571428571428573,4.357142857142857,5.557142857142857,-1.157142857142857,1.8857142857142857,84.85714285714286,0.6604285714285715,100.0,5.952857142857143,0.0,23.785714285714285,235.8142857142857,1010.1285714285714,69.78571428571429,14.8,1374
11.071428571428571,2.042857142857143,5.614285714285714,10.785714285714286,0.1999999999999999,4.414285714285715,84.2,0.5107142857142858,14.285714285714286,0.5957142857142858,0.0,14.871428571428572,172.31428571428572,1025.2285714285715,74.34285714285714,4.728571428571429,1889
22.4,12.44285714285714,17.914285714285715,22.4,12.44285714285714,17.914285714285715,63.85714285714285,0.0038571428571428,14.285714285714286,0.5957142857142858,0.0,20.585714285714285,298.87142857142857,1021.3142857142856,62.642857142857146,27.214285714285715,957
10.157142857142857,3.4285714285714284,6.5,9.257142857142856,1.1142857142857143,4.628571428571428,85.22857142857143,0.3877142857142857,85.71428571428571,5.357142857142857,0.0,23.17142857142857,256.3,1001.0285714285714,61.41428571428571,25.957142857142856,1261
18.62857142857143,8.557142857142857,13.928571428571429,18.62857142857143,8.014285714285714,13.828571428571427,65.4,0.0,0.0,0.0,0.0,16.628571428571426,92.85714285714286,1024.642857142857,61.971428571428575,23.87142857142857,1085
14.342857142857143,7.614285714285714,10.657142857142857,14.342857142857143,5.942857142857143,9.928571428571429,76.51428571428572,0.8751428571428572,57.142857142857146,2.9771428571428573,0.0,22.285714285714285,36.285714285714285,1021.3571428571428,65.84285714285714,20.228571428571428,1326
13.828571428571433,5.0,9.542857142857144,13.828571428571433,3.542857142857143,8.557142857142857,77.04285714285713,3.249,42.85714285714285,5.357142857142857,0.0,19.87142857142857,214.15714285714284,1003.5428571428572,64.4,19.24285714285714,1045
19.32857142857143,13.271428571428572,16.242857142857144,19.32857142857143,13.014285714285714,16.214285714285715,81.78571428571429,0.8109999999999999,85.71428571428571,6.545714285714285,0.0,29.11428571428572,217.9142857142857,1008.4142857142856,78.5,28.071428571428573,1132
25.057142857142857,16.97142857142857,20.957142857142856,25.228571428571428,16.97142857142857,21.014285714285712,73.81428571428572,0.0581428571428571,42.85714285714285,1.7871428571428571,0.0,19.87142857142857,184.8857142857143,1014.5142857142856,72.88571428571429,20.285714285714285,1179
8.414285714285715,1.6285714285714286,4.885714285714286,6.228571428571429,-0.5428571428571429,2.7,80.54285714285713,2.049428571428572,85.71428571428571,5.357142857142857,0.0,19.457142857142856,161.12857142857143,1016.9428571428572,55.25714285714286,16.785714285714285,1304
19.342857142857145,12.571428571428571,15.55714285714286,19.342857142857145,12.571428571428571,15.55714285714286,73.72857142857143,0.728,42.85714285714285,4.167142857142857,0.0,16.614285714285714,208.5142857142857,1014.8,59.87142857142857,31.88571428571429,775
8.471428571428572,2.4714285714285715,5.771428571428571,5.542857142857143,-0.1999999999999999,2.6714285714285717,75.08571428571429,1.69,100.0,10.118571428571428,0.0,26.214285714285715,250.87142857142857,1012.7142857142856,62.957142857142856,25.25714285714286,1233
20.62857142857143,10.614285714285714,15.828571428571427,20.62857142857143,10.3,15.771428571428572,68.25714285714285,0.4647142857142857,28.571428571428573,2.9771428571428578,0.25,14.6,191.02857142857144,1025.1,55.31428571428571,18.2,1006
17.742857142857144,8.671428571428573,13.342857142857143,17.742857142857144,8.27142857142857,13.257142857142856,69.87142857142858,0.0,0.0,0.0,0.0,17.728571428571428,113.11428571428571,1015.3571428571428,67.78571428571429,12.914285714285716,1131
1.8285714285714287,-2.2285714285714286,-0.1285714285714286,-1.0142857142857145,-6.4,-3.742857142857143,89.62857142857142,0.4292857142857142,42.85714285714285,2.975714285714285,1.8,22.7,158.65714285714284,1002.6,75.24285714285715,8.757142857142856,1927
18.87142857142857,11.714285714285714,15.428571428571429,18.87142857142857,11.642857142857142,15.4,74.72857142857143,2.957142857142857,85.71428571428571,5.357142857142857,0.0,19.857142857142858,279.8428571428572,1017.1142857142858,73.31428571428572,26.042857142857144,971
8.542857142857143,4.957142857142857,6.8,7.357142857142857,2.8285714285714287,5.271428571428571,84.78571428571429,4.396428571428571,100.0,7.144285714285714,0.0,19.77142857142857,257.95714285714286,1026.9142857142856,60.9,14.657142857142857,1000
12.171428571428573,7.071428571428571,9.642857142857142,12.0,5.585714285714286,8.585714285714285,86.95714285714287,1.4965714285714289,57.142857142857146,2.382857142857143,0.0,21.057142857142857,130.85714285714286,1004.2857142857144,76.85714285714286,14.314285714285717,1356
23.314285714285717,13.185714285714283,18.15714285714285,23.228571428571428,13.185714285714283,18.142857142857142,62.1,0.0649999999999999,28.571428571428573,1.7857142857142858,0.0,20.885714285714283,283.2,1016.2142857142856,42.2,22.7,898
9.2,4.642857142857143,6.957142857142857,7.171428571428572,2.1,4.4,87.92857142857143,2.583,71.42857142857143,4.761428571428572,3.3,28.47142857142857,193.68571428571428,1002.2142857142856,71.05714285714285,17.742857142857144,1515
10.714285714285714,4.1,7.685714285714285,10.05714285714286,2.642857142857143,6.757142857142857,75.2,0.2497142857142857,71.42857142857143,5.952857142857143,0.0,18.8,265.5571428571429,1017.5571428571428,75.61428571428571,20.228571428571428,1202
15.842857142857143,8.357142857142858,12.0,15.842857142857143,6.614285714285714,11.4,72.74285714285715,1.0077142857142858,71.42857142857143,4.167142857142857,0.0,23.11428571428572,226.95714285714288,1009.9428571428572,68.3,30.3,1143
9.1,3.985714285714285,6.7,7.742857142857143,1.6428571428571428,4.828571428571428,86.82857142857142,2.275428571428572,100.0,13.095714285714283,0.0,21.32857142857143,210.2142857142857,998.3714285714286,73.42857142857143,17.571428571428573,1161
17.914285714285715,10.44285714285714,14.12857142857143,17.914285714285715,10.071428571428571,14.042857142857144,68.12857142857142,0.0029999999999999,57.142857142857146,2.9771428571428573,0.0,17.47142857142857,153.81428571428572,1015.0571428571428,61.642857142857146,26.357142857142858,813
24.057142857142857,10.6,17.142857142857142,24.02857142857143,10.6,17.142857142857142,65.38571428571429,0.0,0.0,0.0,0.0,14.7,190.92857142857144,1023.5857142857144,56.58571428571429,18.057142857142857,1004
14.485714285714286,7.5,11.071428571428571,14.0,5.214285714285714,9.828571428571427,81.12857142857142,2.4618571428571427,42.85714285714285,2.381428571428572,0.0,24.385714285714283,103.84285714285714,1015.157142857143,72.51428571428572,8.442857142857143,1339
15.142857142857142,3.442857142857143,9.4,15.142857142857142,2.9857142857142853,8.9,62.6,0.0,0.0,0.0,0.0,20.12857142857143,228.42857142857144,1021.8142857142856,64.85714285714286,20.185714285714287,1561
0.1714285714285714,-3.357142857142857,-1.7857142857142858,-3.7,-8.457142857142857,-6.214285714285714,82.05714285714285,0.2497142857142857,85.71428571428571,4.762857142857143,3.883333333333333,24.014285714285712,105.2,1021.657142857143,82.54285714285713,7.542857142857143,1976
22.82857142857143,13.5,18.085714285714285,22.957142857142856,13.5,18.114285714285717,78.2,3.619142857142857,28.571428571428573,1.7857142857142858,0.0,16.757142857142856,160.78571428571428,1021.3714285714286,58.84285714285714,11.857142857142858,1311
14.457142857142856,4.357142857142857,9.071428571428571,14.0,1.7571428571428571,7.571428571428571,68.57142857142857,0.1207142857142857,42.85714285714285,2.381428571428572,0.0,21.6,123.32857142857142,1024.8,31.428571428571427,11.271428571428572,976
7.185714285714285,-0.4142857142857143,3.271428571428572,4.971428571428571,-4.457142857142857,-0.2285714285714285,78.17142857142858,0.8352857142857142,42.85714285714285,2.381428571428572,2.75,22.985714285714288,196.4,1012.7428571428572,61.54285714285714,14.62857142857143,2109
4.828571428571428,-0.5,2.0142857142857142,1.6,-3.985714285714285,-1.5857142857142856,79.85714285714286,0.9401428571428572,71.42857142857143,4.167142857142857,0.0,26.957142857142856,163.05714285714288,1009.3571428571428,66.1,14.242857142857144,1650
9.028571428571428,4.414285714285714,7.128571428571428,7.214285714285714,1.9428571428571428,4.914285714285714,76.3,0.5154285714285713,42.85714285714285,3.571428571428572,0.1571428571428571,24.585714285714285,255.9,1015.8571428571428,77.57142857142857,31.4,1034
7.957142857142857,3.742857142857143,5.6571428571428575,5.628571428571428,0.7142857142857143,3.042857142857143,78.64285714285714,1.1725714285714286,100.0,10.118571428571428,0.0,21.242857142857144,234.55714285714288,1019.5142857142856,60.42857142857143,23.02857142857143,1163
22.214285714285715,12.842857142857143,17.7,22.214285714285715,12.842857142857143,17.7,76.44285714285715,0.1134285714285714,14.285714285714286,0.5957142857142858,0.0,15.171428571428573,288.75714285714287,1020.4,62.18571428571429,11.94285714285714,1382
16.885714285714286,10.271428571428572,13.642857142857142,16.885714285714286,10.1,13.571428571428571,80.94285714285715,5.308428571428571,85.71428571428571,8.928571428571429,0.0,24.62857142857143,239.94285714285712,1007.8714285714286,67.61428571428571,24.65714285714285,823
12.1,7.114285714285715,9.528571428571428,11.857142857142858,5.414285714285714,8.557142857142857,82.85714285714286,0.5718571428571428,71.42857142857143,4.167142857142857,0.0,27.557142857142857,226.65714285714284,1007.3285714285714,78.92857142857143,17.114285714285714,1271
19.62857142857143,10.657142857142857,15.028571428571428,19.62857142857143,10.6,15.028571428571428,73.92857142857143,0.2812857142857142,42.85714285714285,2.381428571428572,0.0,20.985714285714288,247.07142857142856,1020.6714285714286,52.0,23.314285714285717,1071
8.085714285714285,2.885714285714286,5.928571428571429,6.757142857142857,0.2285714285714286,3.9,84.7,0.6945714285714286,100.0,5.952857142857143,0.0,24.814285714285717,217.28571428571428,1016.4571428571428,62.31428571428571,13.885714285714286,1619
22.25714285714286,10.2,15.842857142857143,22.25714285714286,10.071428571428571,15.828571428571427,59.75714285714286,0.0,0.0,0.0,0.0,14.62857142857143,102.58571428571427,1016.1857142857144,41.0,15.599999999999998,889
16.885714285714286,10.728571428571428,13.785714285714286,16.885714285714286,9.94285714285714,13.62857142857143,73.55714285714285,0.4567142857142857,42.85714285714285,2.381428571428572,0.0,24.6,256.8,1018.2714285714284,58.87142857142857,24.585714285714285,913
19.82857142857143,11.585714285714287,15.857142857142858,19.82857142857143,11.185714285714289,15.77142857142857,72.60000000000001,0.5502857142857143,14.285714285714286,1.19,0.0,22.442857142857143,235.18571428571428,1016.157142857143,61.12857142857143,22.32857142857143,1212
14.271428571428572,8.642857142857142,11.44285714285714,13.942857142857145,7.742857142857143,10.657142857142857,78.9,0.3961428571428571,100.0,7.735714285714286,0.0,21.67142857142857,148.92857142857142,1005.7571428571428,69.75714285714285,15.657142857142857,1239
9.957142857142856,3.1714285714285717,6.385714285714285,8.642857142857142,0.7999999999999999,4.485714285714286,76.24285714285715,3.071714285714286,85.71428571428571,9.522857142857143,0.0,19.014285714285712,120.17142857142858,1003.0428571428572,70.15714285714286,12.457142857142856,1103
20.942857142857143,13.157142857142857,16.95714285714286,20.942857142857143,13.157142857142857,16.95714285714286,74.77142857142857,2.2912857142857144,85.71428571428571,8.930000000000001,0.0,17.785714285714285,233.4857142857143,1018.3714285714284,62.35714285714285,19.15714285714285,902
13.4,5.1000000000000005,9.057142857142855,13.4,3.814285714285714,8.314285714285713,78.52857142857144,0.028,28.571428571428573,1.1914285714285715,0.0,18.442857142857143,218.9142857142857,1027.7285714285715,65.08571428571429,10.0,1314
22.042857142857144,11.928571428571429,17.3,22.042857142857144,11.7,17.285714285714285,67.6,0.3574285714285714,28.571428571428573,1.7857142857142858,0.0,21.214285714285715,298.6428571428572,1015.6857142857144,47.71428571428572,25.785714285714285,1089
21.642857142857142,11.157142857142857,16.085714285714285,21.47142857142857,10.857142857142858,15.985714285714286,62.285714285714285,0.1861428571428571,14.285714285714286,1.7857142857142858,0.0,17.928571428571427,148.08571428571426,1016.3,41.44285714285714,27.77142857142857,894
15.0,7.428571428571429,11.2,15.0,6.171428571428572,10.542857142857144,73.75714285714285,0.0801428571428571,71.42857142857143,3.5728571428571425,0.0,24.5,174.12857142857143,1014.657142857143,77.7,19.785714285714285,1160
6.428571428571429,0.8142857142857143,3.885714285714286,4.1,-0.5285714285714286,1.8142857142857145,86.18571428571428,0.2602857142857143,100.0,7.737142857142857,0.0,15.857142857142858,280.04285714285714,1036.4714285714283,71.47142857142858,11.042857142857144,1518
23.814285714285717,16.114285714285714,19.61428571428572,23.814285714285717,16.114285714285714,19.61428571428572,61.642857142857146,0.7115714285714285,28.571428571428573,2.381428571428572,0.0,16.714285714285715,232.04285714285717,1016.8857142857142,78.10000000000001,36.971428571428575,900
7.628571428571428,1.1,4.542857142857143,5.485714285714286,-1.885714285714286,1.9857142857142855,77.98571428571428,3.022571428571428,71.42857142857143,6.547142857142857,0.0,23.557142857142853,261.37142857142857,1005.9285714285714,56.32857142857143,13.471428571428572,1128
12.485714285714286,8.285714285714286,10.12857142857143,12.485714285714286,6.8,9.342857142857143,87.57142857142857,3.298142857142857,71.42857142857143,7.737142857142857,0.0,16.057142857142857,92.01428571428572,1005.7,90.35714285714286,6.371428571428572,1027
7.014285714285714,3.542857142857143,5.442857142857143,4.314285714285715,0.5142857142857143,2.557142857142857,88.41428571428571,0.898,85.71428571428571,5.951428571428571,0.0,21.942857142857143,79.72857142857143,1009.5857142857144,75.2,15.4,1313
7.785714285714286,4.171428571428572,5.9,6.271428571428571,1.7142857142857142,3.857142857142857,89.62857142857142,0.3652857142857142,71.42857142857143,3.5728571428571425,0.0,18.414285714285715,127.35714285714286,1031.0857142857144,84.75714285714285,7.585714285714286,1080
12.842857142857143,10.05714285714286,11.485714285714286,12.742857142857144,8.957142857142857,11.071428571428571,91.52857142857144,1.6245714285714286,100.0,6.547142857142857,0.0,20.285714285714285,168.31428571428572,1003.8857142857142,81.62857142857142,12.214285714285714,1188
10.042857142857144,5.5,7.871428571428572,9.671428571428573,3.2142857142857144,5.985714285714286,85.24285714285715,2.032,71.42857142857143,8.334285714285715,0.0142857142857142,24.228571428571428,250.5142857142857,1006.9142857142856,66.87142857142858,23.942857142857143,1064
10.642857142857142,3.3714285714285714,7.142857142857143,10.214285714285714,1.957142857142857,6.057142857142857,90.11428571428571,0.2962857142857142,85.71428571428571,3.5742857142857143,0.0,15.485714285714286,244.8857142857143,1026.4857142857145,54.271428571428565,10.357142857142858,1335
15.457142857142856,7.228571428571428,10.94285714285714,15.457142857142856,4.6000000000000005,9.885714285714286,69.42857142857143,0.4577142857142857,28.571428571428573,1.7857142857142858,0.0,25.442857142857147,252.62857142857143,1018.0,55.57142857142857,25.77142857142857,929
8.614285714285714,3.1,6.1000000000000005,7.114285714285714,0.5142857142857142,4.014285714285714,77.87142857142858,0.0224285714285714,14.285714285714286,0.5957142857142858,0.0,22.428571428571427,137.27142857142857,1032.8428571428572,83.27142857142857,17.414285714285715,1573
18.685714285714287,12.657142857142857,15.685714285714283,18.685714285714287,12.657142857142857,15.685714285714283,80.7,2.156,85.71428571428571,4.762857142857143,0.0,18.942857142857143,185.37142857142857,1009.5857142857144,77.57142857142857,17.52857142857143,1241
18.228571428571428,9.157142857142857,13.385714285714286,18.228571428571428,8.814285714285715,13.257142857142856,74.18571428571428,0.0001428571428571,14.285714285714286,0.5957142857142858,0.0,16.114285714285714,273.54285714285714,1023.2285714285716,55.471428571428575,25.071428571428573,863
6.428571428571429,1.942857142857143,3.7,4.671428571428572,-0.5142857142857142,1.8,83.77142857142857,0.0298571428571428,42.85714285714285,2.381428571428572,0.0,15.171428571428573,105.22857142857144,1036.8142857142857,71.92857142857143,8.957142857142857,1512
11.12857142857143,4.3,7.685714285714285,10.8,2.8285714285714287,6.642857142857143,72.62857142857142,0.1118571428571428,42.85714285714285,1.7871428571428571,0.0,16.214285714285715,251.9,1021.9,71.78571428571429,13.9,1671
7.614285714285714,2.5285714285714285,4.842857142857143,4.5,-1.1285714285714286,1.5714285714285714,77.8,0.6541428571428572,28.571428571428573,1.7857142857142858,0.0,22.642857142857142,114.47142857142858,1022.1857142857144,80.7,6.985714285714286,1497
22.485714285714288,12.05714285714286,17.3,22.485714285714288,12.05714285714286,17.3,65.24285714285715,0.2025714285714285,57.142857142857146,4.761428571428572,0.0,19.02857142857143,157.8857142857143,1017.5285714285714,44.08571428571429,23.15714285714285,947
19.371428571428574,12.242857142857144,15.8,19.371428571428574,11.957142857142856,15.714285714285714,72.18571428571428,3.333142857142857,57.142857142857146,4.1657142857142855,0.0,16.67142857142857,198.7,1016.5714285714286,61.55714285714286,27.52857142857143,802
11.357142857142858,7.328571428571428,9.6,10.514285714285714,4.342857142857143,8.357142857142858,83.82857142857142,3.1315714285714287,100.0,9.524285714285714,0.0,34.72857142857143,230.68571428571428,1013.6857142857144,66.65714285714286,15.114285714285714,1041
21.485714285714288,13.428571428571429,16.928571428571427,21.485714285714288,13.428571428571429,16.928571428571427,72.94285714285715,1.0877142857142856,14.285714285714286,1.19,0.0,19.15714285714285,168.24285714285716,1014.9285714285714,78.14285714285714,20.77142857142857,1115
3.742857142857143,0.7714285714285714,2.157142857142857,-0.6571428571428571,-4.314285714285714,-2.728571428571428,84.27142857142857,1.0077142857142858,85.71428571428571,7.140000000000001,1.7333333333333334,31.185714285714287,187.0,1009.3857142857142,76.98571428571428,16.5,1704
23.5,15.457142857142856,19.11428571428572,23.5,15.457142857142856,19.11428571428572,69.42857142857143,0.0115714285714285,14.285714285714286,0.5957142857142858,0.0,16.62857142857143,253.0,1019.157142857143,62.614285714285714,22.142857142857142,1144
23.485714285714288,14.828571428571427,18.985714285714288,23.485714285714288,14.828571428571427,18.985714285714288,71.22857142857143,0.145,42.85714285714285,2.9771428571428573,0.0,18.442857142857143,226.64285714285717,1019.5857142857144,49.22857142857144,25.514285714285712,851
16.17142857142857,7.671428571428572,12.242857142857144,15.37142857142857,5.942857142857143,11.085714285714284,64.08571428571429,0.0141428571428571,28.571428571428573,1.1914285714285715,0.0,21.985714285714288,191.5142857142857,1015.5428571428572,61.81428571428571,24.9,1253
17.9,9.971428571428572,13.757142857142856,17.9,9.55714285714286,13.571428571428571,75.11428571428571,0.6214285714285716,85.71428571428571,5.952857142857143,0.0285714285714285,21.071428571428573,242.7,1014.3714285714286,61.3,18.442857142857143,1052
18.47142857142857,10.071428571428571,13.971428571428572,18.47142857142857,10.014285714285714,13.971428571428572,70.18571428571428,0.0001428571428571,14.285714285714286,0.5957142857142858,0.0,20.4,64.35714285714286,1031.742857142857,33.67142857142857,25.957142857142856,950
24.32857142857143,14.4,18.785714285714285,24.342857142857145,14.4,18.785714285714285,77.7,1.7639999999999998,85.71428571428571,5.357142857142857,0.0,15.4,150.27142857142857,1014.8,56.457142857142856,14.914285714285716,925
17.9,12.257142857142856,14.614285714285714,17.9,12.12857142857143,14.571428571428571,79.27142857142857,0.3147142857142856,71.42857142857143,5.355714285714286,0.0,19.52857142857143,181.3,1017.7142857142856,60.18571428571429,21.47142857142857,939
9.671428571428573,2.9428571428571426,6.357142857142857,7.514285714285714,-0.0714285714285714,3.685714285714286,74.87142857142858,2.6565714285714286,100.0,10.117142857142856,0.0142857142857142,24.87142857142857,249.08571428571423,1006.9285714285714,58.2,25.342857142857145,1090
9.285714285714286,3.142857142857143,6.028571428571428,7.314285714285715,0.8285714285714285,3.8285714285714287,85.44285714285715,0.1844285714285714,71.42857142857143,2.9785714285714286,0.0,19.142857142857142,177.94285714285712,1022.842857142857,51.41428571428571,10.971428571428572,1293
17.985714285714288,10.328571428571427,14.314285714285717,17.985714285714288,9.885714285714286,14.242857142857144,66.37142857142858,0.06,28.571428571428573,1.1914285714285715,0.0,20.885714285714283,222.58571428571423,1023.4,68.95714285714286,26.342857142857145,1244
7.585714285714286,1.6714285714285717,4.614285714285715,6.271428571428571,-0.7714285714285714,2.8000000000000003,92.44285714285716,0.3857142857142857,57.142857142857146,3.571428571428572,0.0,20.914285714285715,188.04285714285717,1017.0,65.95714285714286,14.8,1588
7.285714285714286,2.4714285714285715,4.928571428571429,5.914285714285714,0.6285714285714284,3.271428571428572,90.44285714285716,0.4522857142857143,85.71428571428571,5.357142857142857,0.0,15.814285714285711,221.55714285714288,1020.7285714285714,74.18571428571428,10.471428571428572,1401
18.085714285714285,11.957142857142856,14.585714285714284,18.085714285714285,11.857142857142858,14.585714285714284,81.84285714285714,3.8974285714285712,57.142857142857146,4.762857142857143,0.0,17.5,99.62857142857142,1016.5428571428572,68.55714285714286,16.97142857142857,871
18.5,10.157142857142857,14.12857142857143,18.5,9.642857142857142,14.0,66.82857142857144,0.3694285714285715,28.571428571428573,1.7857142857142858,0.0,21.928571428571427,266.8857142857143,1020.0857142857142,59.114285714285714,32.542857142857144,830
22.585714285714285,14.914285714285716,18.67142857142857,22.642857142857142,14.914285714285716,18.685714285714287,75.39999999999999,2.3164285714285717,42.85714285714285,2.381428571428572,0.0,19.185714285714287,210.94285714285715,1020.0,68.61428571428571,14.828571428571433,1180
16.82857142857143,10.342857142857143,13.44285714285714,16.82857142857143,9.757142857142856,13.328571428571427,79.39999999999999,0.1215714285714285,71.42857142857143,4.167142857142857,0.0,18.542857142857144,192.4,1018.3857142857142,67.41428571428571,15.428571428571429,1151
19.74285714285714,13.842857142857143,16.642857142857142,19.74285714285714,13.842857142857143,16.642857142857142,80.35714285714286,0.7292857142857143,100.0,7.141428571428572,0.0,24.642857142857142,241.55714285714288,1012.8142857142856,78.07142857142857,28.214285714285715,1122
16.8,8.971428571428572,12.828571428571427,16.8,8.314285714285715,12.614285714285714,74.14285714285714,0.0,0.0,0.0,0.0,24.52857142857143,120.38571428571429,1015.8142857142856,75.27142857142857,16.928571428571427,1045
9.685714285714283,1.6142857142857143,6.057142857142857,8.542857142857143,-0.7285714285714285,3.414285714285714,80.38571428571429,1.2634285714285716,71.42857142857143,3.5728571428571425,0.0,29.77142857142857,245.9857142857143,1026.2,62.68571428571429,19.585714285714285,1392
22.800000000000004,14.685714285714283,18.5,22.800000000000004,14.685714285714283,18.5,72.4,1.1932857142857145,28.571428571428573,1.7857142857142858,0.0,19.2,87.84285714285714,1021.842857142857,69.34285714285714,26.4,840
11.671428571428573,5.771428571428571,8.657142857142857,11.357142857142858,4.414285714285715,7.7,86.01428571428572,4.715000000000001,85.71428571428571,8.332857142857142,0.0,26.0,252.82857142857145,1005.6142857142858,72.81428571428572,18.071428571428573,1085
15.328571428571427,8.1,11.62857142857143,15.328571428571427,6.557142857142857,11.157142857142857,80.01428571428572,1.1194285714285714,57.142857142857146,2.9771428571428573,0.0,18.12857142857143,150.58571428571426,1014.4,68.6,11.671428571428567,1139
19.77142857142857,11.814285714285717,16.157142857142855,19.77142857142857,11.814285714285717,16.157142857142855,73.1,0.0842857142857142,57.142857142857146,2.9771428571428573,0.0,23.37142857142857,235.92857142857144,1018.2285714285716,68.65714285714286,36.57142857142857,1100
19.65714285714285,10.285714285714286,15.285714285714286,19.65714285714285,9.94285714285714,15.2,69.55714285714285,0.2042857142857142,42.85714285714285,2.975714285714285,0.0,15.55714285714286,221.62857142857143,1015.9428571428572,42.07142857142857,15.428571428571429,945
6.6571428571428575,0.7,3.5142857142857147,5.0,-0.7999999999999999,2.071428571428572,80.05714285714285,1.3172857142857144,57.142857142857146,5.357142857142857,0.0142857142857142,12.1,142.54285714285714,1030.7857142857142,42.08571428571429,16.24285714285714,1241
20.985714285714288,14.242857142857144,17.242857142857144,20.985714285714288,14.242857142857144,17.242857142857144,79.2,0.2588571428571428,71.42857142857143,5.952857142857143,0.0,17.17142857142857,162.77142857142857,1021.4,73.57142857142857,17.228571428571428,955
17.257142857142856,10.714285714285714,13.9,17.257142857142856,10.5,13.87142857142857,85.27142857142857,0.4791428571428571,57.142857142857146,2.9771428571428573,0.0,18.32857142857143,240.37142857142857,1019.5428571428572,78.7,16.757142857142856,950
12.114285714285714,7.371428571428572,9.642857142857142,12.114285714285714,5.914285714285714,9.028571428571428,90.84285714285714,0.3425714285714286,100.0,5.954285714285715,0.0,14.985714285714286,183.8857142857143,1021.1571428571428,62.65714285714286,10.228571428571428,914
23.81428571428572,13.842857142857143,18.985714285714288,23.75714285714286,13.842857142857143,19.014285714285712,65.5,1.4577142857142855,57.142857142857146,4.167142857142857,0.0,17.77142857142857,265.2714285714286,1020.5571428571428,51.35714285714285,31.65714285714285,897
13.914285714285716,10.414285714285716,12.342857142857143,13.914285714285716,9.742857142857144,11.971428571428572,90.48571428571428,1.2858571428571428,100.0,5.3585714285714285,0.0,17.242857142857144,72.6,1018.1,86.92857142857143,11.957142857142856,885
6.042857142857143,2.8285714285714283,4.628571428571428,5.1571428571428575,-0.2857142857142857,2.7142857142857144,89.78571428571429,1.8132857142857144,100.0,7.735714285714286,0.0,19.242857142857144,118.28571428571428,1011.9142857142856,94.92857142857144,7.871428571428571,1668
22.61428571428572,13.157142857142857,17.742857142857144,22.442857142857143,13.157142857142857,17.714285714285715,72.61428571428571,0.2441428571428571,28.571428571428573,1.1914285714285715,0.0,24.11428571428572,88.57142857142857,1018.157142857143,65.25714285714285,13.014285714285714,1181
22.442857142857143,14.4,18.485714285714288,22.442857142857143,14.4,18.485714285714288,75.94285714285715,0.5958571428571429,85.71428571428571,5.357142857142857,0.0,17.02857142857143,258.75714285714287,1018.9142857142856,58.74285714285714,23.642857142857142,872
11.142857142857142,6.471428571428571,8.714285714285714,10.714285714285714,2.957142857142857,6.071428571428571,74.27142857142857,1.2695714285714286,71.42857142857143,4.761428571428572,0.0,37.74285714285714,225.22857142857143,1009.7857142857144,78.54285714285713,20.914285714285715,1274
16.942857142857143,11.014285714285714,14.028571428571428,16.942857142857143,10.757142857142856,13.971428571428572,78.74285714285715,3.989857142857143,100.0,11.31,0.0,22.985714285714288,237.8,1006.342857142857,59.62857142857143,18.74285714285714,911
11.985714285714286,1.8571428571428568,7.0,11.585714285714284,0.7571428571428571,6.028571428571429,74.15714285714286,0.2777142857142857,42.85714285714285,1.7871428571428571,0.0,15.214285714285714,188.7428571428572,1028.457142857143,41.31428571428571,11.914285714285716,1612
21.442857142857143,13.0,16.97142857142857,21.442857142857143,13.0,16.97142857142857,71.15714285714286,1.1717142857142857,85.71428571428571,7.738571428571428,0.0,24.17142857142857,225.8142857142857,1012.1,53.114285714285714,28.62857142857143,812
5.0,0.7999999999999999,2.9285714285714284,3.071428571428572,-1.2571428571428571,0.7428571428571428,78.85714285714286,0.0047142857142857,28.571428571428573,1.1914285714285715,0.0,14.985714285714286,32.94285714285714,1027.6,79.8,16.657142857142855,1319
12.071428571428571,4.757142857142857,8.514285714285714,11.87142857142857,1.9714285714285715,6.8,69.54285714285714,0.5915714285714285,57.142857142857146,2.9771428571428573,0.0,24.2,301.1428571428572,1013.2714285714284,78.11428571428571,22.17142857142857,1355
22.014285714285712,13.785714285714286,17.67142857142857,21.957142857142856,13.785714285714286,17.67142857142857,76.81428571428572,0.5005714285714286,71.42857142857143,4.167142857142857,0.0,18.985714285714288,205.5,1015.8142857142858,79.38571428571429,18.87142857142857,1202
20.95714285714286,12.4,16.47142857142857,20.95714285714286,12.4,16.47142857142857,66.88571428571429,0.2012857142857143,42.85714285714285,2.9771428571428573,0.0,19.87142857142857,255.77142857142857,1019.2142857142856,71.62857142857142,28.728571428571428,883
8.9,4.571428571428571,6.542857142857143,7.1571428571428575,1.8142857142857145,4.014285714285714,81.65714285714286,2.6792857142857143,100.0,10.712857142857144,0.0,20.4,136.42857142857142,1003.342857142857,84.8,15.94285714285714,1138
8.385714285714286,1.4857142857142858,4.985714285714286,6.242857142857142,-0.5714285714285714,2.7285714285714286,85.97142857142856,1.2072857142857143,85.71428571428571,5.952857142857143,0.0,18.47142857142857,209.54285714285717,1016.8285714285714,52.10000000000001,15.928571428571429,1355
13.685714285714283,3.8857142857142857,8.885714285714286,13.685714285714283,3.157142857142857,8.385714285714286,73.07142857142857,0.0,0.0,0.0,0.0,13.828571428571433,282.6428571428572,1025.6714285714286,67.48571428571428,17.97142857142857,1224
17.285714285714285,11.614285714285714,14.085714285714284,17.285714285714285,11.614285714285714,14.085714285714284,75.42857142857143,4.580857142857143,100.0,10.12,0.0,28.814285714285717,196.8,1006.1142857142858,77.54285714285713,22.8,1040
18.342857142857145,11.9,15.257142857142856,18.342857142857145,11.385714285714286,15.214285714285714,78.67142857142858,0.0992857142857143,42.85714285714285,1.7871428571428571,0.0,23.442857142857143,233.8428571428572,1018.5,79.8,20.928571428571427,1262
11.214285714285714,2.2142857142857144,6.842857142857143,10.571428571428571,-0.6428571428571429,4.542857142857143,66.67142857142858,0.0169999999999999,14.285714285714286,0.5957142857142858,0.0,26.814285714285717,106.58571428571427,1019.657142857143,61.97142857142857,24.057142857142857,1382
10.028571428571428,3.557142857142857,7.014285714285714,8.571428571428571,0.3428571428571428,4.6000000000000005,69.57142857142857,0.5524285714285714,85.71428571428571,4.762857142857143,0.0,30.028571428571432,273.11428571428576,1017.842857142857,57.114285714285714,29.185714285714287,1000
6.5,-0.0428571428571428,3.157142857142857,4.571428571428571,-2.7142857142857144,0.7285714285714286,70.54285714285713,0.163,42.85714285714285,2.381428571428572,0.0,18.12857142857143,244.42857142857144,1029.428571428571,59.81428571428571,23.042857142857144,1382
8.785714285714286,3.6,6.728571428571429,7.485714285714286,1.9571428571428573,5.1000000000000005,91.34285714285714,1.5434285714285714,100.0,11.31,0.0,19.285714285714285,204.2428571428572,1020.9,77.72857142857143,11.185714285714283,1315
21.571428571428573,13.7,17.414285714285715,21.571428571428573,13.7,17.414285714285715,70.72857142857143,0.0567142857142857,14.285714285714286,0.5957142857142858,0.0,19.75714285714286,140.5142857142857,1015.8142857142856,76.65714285714286,20.11428571428572,1204
1.0142857142857142,-3.9,-1.2857142857142858,-1.1428571428571428,-6.885714285714286,-4.257142857142857,85.27142857142857,0.3062857142857142,42.85714285714285,1.7871428571428571,1.6333333333333335,18.7,228.7,1019.8285714285714,64.15714285714286,12.8,1891
8.714285714285714,3.185714285714286,6.014285714285714,7.114285714285714,1.0285714285714287,4.0285714285714285,87.54285714285713,1.0838571428571429,85.71428571428571,4.762857142857143,0.0,22.071428571428573,223.94285714285712,1014.7,74.17142857142858,16.814285714285713,1512
11.528571428571428,4.771428571428571,8.3,11.114285714285714,4.114285714285715,7.7,90.01428571428572,0.1102857142857142,42.85714285714285,2.381428571428572,0.0,15.071428571428571,215.9,1018.2,70.52857142857142,6.1571428571428575,1423
21.314285714285717,13.928571428571429,17.442857142857143,21.314285714285717,13.928571428571429,17.442857142857143,76.5,0.729,57.142857142857146,3.5728571428571425,0.0,17.54285714285714,213.8142857142857,1018.2857142857144,58.2,24.65714285714285,896
11.9,4.928571428571429,8.214285714285714,11.9,3.1,7.071428571428571,79.10000000000001,0.0,0.0,0.0,0.0,22.9,167.68571428571428,1006.6857142857144,77.6,14.87142857142857,1112
7.371428571428572,1.7285714285714284,4.785714285714286,5.028571428571429,-0.0857142857142856,2.571428571428572,79.14285714285714,0.12,57.142857142857146,2.9771428571428573,0.0,16.87142857142857,256.3428571428572,1026.642857142857,62.91428571428571,19.15714285714285,1067
14.457142857142856,9.0,11.55714285714286,14.3,7.914285714285714,10.9,78.89999999999999,0.066,85.71428571428571,8.928571428571429,0.0,22.071428571428573,160.24285714285716,1012.0142857142856,68.78571428571429,26.6,928
8.914285714285715,3.071428571428572,5.7,6.6000000000000005,-0.6714285714285715,2.5142857142857147,75.38571428571429,1.581714285714286,85.71428571428571,4.762857142857143,0.0,37.32857142857143,228.2142857142857,996.342857142857,69.41428571428571,20.914285714285715,1414
18.057142857142857,10.6,14.428571428571429,18.057142857142857,9.9,14.342857142857143,68.61428571428571,1.135142857142857,57.142857142857146,2.9771428571428573,0.0,31.642857142857142,243.55714285714285,1009.6428571428572,68.54285714285714,25.928571428571427,1159
22.77142857142857,12.985714285714286,17.985714285714288,22.77142857142857,12.8,17.985714285714288,71.95714285714286,0.0,0.0,0.0,0.0,18.957142857142856,239.15714285714284,1021.7571428571428,67.14285714285714,19.442857142857143,1407
11.157142857142858,2.0571428571428574,6.3,10.242857142857144,-0.6285714285714287,4.214285714285714,69.47142857142858,0.0122857142857142,42.85714285714285,1.7871428571428571,0.0,23.714285714285715,263.2285714285714,1023.1,45.12857142857143,23.357142857142858,1370
15.928571428571429,11.1,13.357142857142858,15.928571428571429,11.1,13.357142857142858,79.71428571428571,4.174,85.71428571428571,8.928571428571429,0.0,17.285714285714285,215.6142857142857,1015.5571428571428,75.42857142857143,18.12857142857143,861
15.328571428571427,8.614285714285716,12.157142857142857,15.328571428571427,7.771428571428571,11.9,79.14285714285714,2.507,100.0,11.311428571428571,0.0,22.25714285714286,220.5142857142857,1013.1714285714286,69.11428571428571,23.957142857142856,1003
9.642857142857142,5.942857142857143,7.928571428571429,8.214285714285714,3.3285714285714287,5.757142857142857,86.02857142857144,1.075,100.0,6.548571428571429,0.0,21.228571428571428,220.4857142857143,1013.9142857142856,73.68571428571428,12.37142857142857,1057
22.12857142857143,13.857142857142858,17.8,22.12857142857143,13.857142857142858,17.8,73.47142857142856,1.8954285714285717,71.42857142857143,7.142857142857143,0.0,19.97142857142857,251.02857142857144,1018.3571428571428,65.74285714285715,23.88571428571429,1044
19.957142857142856,12.114285714285714,16.114285714285714,19.957142857142856,12.114285714285714,16.114285714285714,79.28571428571429,0.0331428571428571,42.85714285714285,1.7871428571428571,0.0,17.114285714285717,235.7142857142857,1016.0285714285714,82.17142857142858,18.642857142857142,1248
22.714285714285715,14.5,18.185714285714287,22.714285714285715,14.5,18.185714285714287,73.64285714285714,0.7884285714285715,85.71428571428571,10.12,0.0,21.97142857142857,212.55714285714288,1014.3142857142856,68.44285714285715,22.6,967
12.728571428571428,7.028571428571429,9.742857142857144,12.285714285714286,3.585714285714286,7.785714285714286,79.27142857142857,4.352714285714286,85.71428571428571,7.735714285714286,0.0,36.71428571428572,245.9,1003.2428571428572,55.21428571428572,16.3,1029
20.414285714285715,11.142857142857142,15.8,20.414285714285715,10.9,15.785714285714286,69.0,0.2264285714285714,28.571428571428573,2.381428571428572,0.0,21.32857142857143,148.20000000000002,1020.4714285714286,71.31428571428572,28.642857142857142,1193
20.057142857142857,12.342857142857143,16.314285714285713,20.057142857142857,12.342857142857143,16.314285714285713,77.24285714285715,0.0,0.0,0.0,0.0,20.7,218.4,1010.7714285714284,77.24285714285715,19.057142857142857,1082
7.128571428571428,1.7428571428571429,5.014285714285714,5.557142857142857,-1.2142857142857142,2.4,83.51428571428572,0.1142857142857143,14.285714285714286,0.5957142857142858,0.0,28.042857142857144,276.7857142857143,1022.6857142857144,70.61428571428571,17.9,1793
11.87142857142857,7.828571428571428,10.257142857142856,11.528571428571428,5.771428571428571,9.4,83.10000000000001,0.2244285714285714,42.85714285714285,1.7871428571428571,0.0,25.542857142857144,240.8,1023.1285714285714,80.57142857142857,18.857142857142858,1448
11.157142857142857,6.828571428571429,9.042857142857144,10.671428571428573,4.485714285714286,7.871428571428572,87.04285714285716,1.254857142857143,85.71428571428571,8.928571428571429,0.0,17.485714285714288,317.4142857142857,1020.5142857142856,73.51428571428572,13.785714285714286,1004
19.428571428571427,9.542857142857144,14.642857142857142,19.428571428571427,9.414285714285716,14.6,75.9,0.3649999999999999,28.571428571428573,1.1914285714285715,0.0,21.3,193.2,1018.9857142857144,54.32857142857143,11.585714285714284,1276
12.028571428571428,5.271428571428571,8.514285714285714,12.028571428571428,4.314285714285714,7.485714285714286,86.11428571428571,0.1922857142857143,42.85714285714285,2.381428571428572,0.0,22.32857142857143,219.2142857142857,1017.9142857142856,78.01428571428572,11.728571428571428,1534
19.11428571428572,11.3,15.314285714285717,19.11428571428572,10.885714285714286,15.3,78.35714285714286,0.0284285714285714,14.285714285714286,0.5957142857142858,0.0,22.77142857142857,194.77142857142857,1014.7142857142856,71.71428571428571,21.25714285714286,1379
14.014285714285714,6.228571428571429,10.071428571428571,14.014285714285714,5.1000000000000005,9.614285714285714,77.01428571428572,1.622142857142857,85.71428571428571,7.142857142857143,2.1,19.1,268.57142857142856,1016.7571428571428,51.08571428571429,25.6,1160
14.44285714285714,5.285714285714286,9.728571428571428,14.44285714285714,3.7142857142857135,8.928571428571429,69.57142857142857,0.0,0.0,0.0,0.0,16.642857142857142,131.37142857142857,1029.7571428571428,54.38571428571429,18.228571428571428,1232
11.614285714285714,7.7,9.87142857142857,10.971428571428572,5.4,8.6,88.5,0.3862857142857143,85.71428571428571,5.357142857142857,0.0,29.314285714285717,223.42857142857144,1021.9857142857144,87.17142857142858,15.2,1447
7.271428571428572,2.557142857142857,4.985714285714286,4.871428571428572,-0.2857142857142857,2.314285714285714,92.07142857142856,5.158142857142857,85.71428571428571,7.142857142857143,0.0,21.3,163.24285714285716,1011.3857142857142,73.71428571428571,12.37142857142857,1205
6.085714285714286,1.6428571428571428,4.285714285714286,3.985714285714285,-1.6428571428571428,1.2,86.48571428571428,0.8057142857142857,57.142857142857146,2.9771428571428573,0.0,21.642857142857142,79.38571428571429,1019.7428571428572,84.51428571428572,10.357142857142858,1565
22.714285714285715,12.728571428571428,17.5,22.714285714285715,12.728571428571428,17.5,69.84285714285714,14.203428571428573,14.285714285714286,0.5957142857142858,0.0,15.742857142857144,183.87142857142857,1021.7857142857144,65.88571428571429,19.62857142857143,1186
18.357142857142858,8.728571428571428,13.414285714285716,18.357142857142858,8.414285714285715,13.314285714285717,78.41428571428571,0.0595714285714285,85.71428571428571,3.5742857142857143,0.0,13.971428571428572,299.5857142857143,1023.1714285714286,59.42857142857143,24.7,901
6.014285714285714,-2.0285714285714285,1.3571428571428572,4.0,-4.642857142857143,-1.1142857142857143,80.18571428571428,0.0,0.0,0.0,0.0,17.185714285714287,83.08571428571429,1026.242857142857,51.31428571428571,9.214285714285714,1763
18.585714285714285,12.05714285714286,14.885714285714284,18.585714285714285,12.0,14.885714285714284,83.18571428571428,0.681,71.42857142857143,3.5728571428571425,0.0,18.9,209.1,1011.1142857142858,62.65714285714285,19.24285714285714,1226
22.25714285714286,9.585714285714284,16.085714285714285,22.25714285714286,9.128571428571428,15.885714285714286,62.942857142857136,0.0,0.0,0.0,0.0,18.97142857142857,82.24285714285715,1024.2857142857142,16.814285714285713,21.8,1227
17.12857142857143,10.842857142857142,13.742857142857144,17.12857142857143,10.27142857142857,13.657142857142857,81.5,0.896,57.142857142857146,2.9771428571428573,0.0,23.75714285714286,221.4142857142857,1016.4142857142856,72.67142857142856,26.37142857142857,1206
23.37142857142857,12.357142857142858,17.742857142857144,23.37142857142857,12.357142857142858,17.742857142857144,65.47142857142858,0.0005714285714285,14.285714285714286,0.5957142857142858,0.0,20.12857142857143,123.81428571428572,1027.2142857142858,49.142857142857146,23.957142857142856,1038
10.314285714285717,5.485714285714286,7.928571428571429,9.171428571428573,2.0285714285714285,5.771428571428571,85.61428571428573,0.6124285714285714,71.42857142857143,4.167142857142857,0.0,27.65714285714285,160.64285714285714,1016.5285714285714,77.0,17.114285714285714,1589
9.3,2.5285714285714285,5.442857142857143,7.357142857142857,-1.4,2.028571428571429,85.62857142857142,2.6005714285714285,85.71428571428571,5.357142857142857,0.0,36.48571428571429,230.3428571428572,998.1142857142858,76.62857142857142,22.47142857142857,1567
6.171428571428572,0.9,3.5285714285714285,3.7142857142857135,-1.9428571428571428,0.5,80.52857142857144,2.536142857142857,71.42857142857143,6.548571428571429,0.5142857142857143,23.67142857142857,211.58571428571432,996.4571428571428,62.2,23.47142857142857,1126
20.414285714285715,13.957142857142856,16.95714285714286,20.414285714285715,13.957142857142856,16.95714285714286,82.95714285714287,5.507,100.0,15.47857142857143,0.0,14.285714285714286,150.1285714285714,1012.7857142857144,74.75714285714285,15.514285714285714,1002
11.714285714285714,2.357142857142857,7.085714285714286,11.485714285714286,0.2142857142857142,5.542857142857143,69.47142857142858,0.357,14.285714285714286,1.19,0.0,21.65714285714285,128.82857142857142,1020.0428571428572,49.2,16.685714285714287,1417
10.785714285714286,4.642857142857143,7.714285714285714,10.071428571428571,2.2142857142857144,5.728571428571429,73.91428571428571,0.1355714285714285,57.142857142857146,2.9771428571428573,0.0,22.185714285714283,123.2714285714286,1014.0714285714286,81.11428571428571,16.742857142857144,1253
22.11428571428572,13.271428571428572,17.3,22.085714285714285,12.971428571428572,17.271428571428572,71.75714285714285,0.0002857142857142,14.285714285714286,1.19,0.0,14.87142857142857,92.02857142857144,1016.9428571428572,64.42857142857143,19.228571428571428,843
17.32857142857143,13.171428571428573,14.857142857142858,17.32857142857143,13.171428571428573,14.857142857142858,88.61428571428571,1.4881428571428572,85.71428571428571,5.357142857142857,0.0,22.4,145.5142857142857,1012.3285714285714,95.6,9.771428571428572,1263
22.0,14.385714285714286,17.857142857142858,22.0,14.385714285714286,17.857142857142858,73.57142857142857,0.6861428571428572,57.142857142857146,2.382857142857143,0.0,18.1,253.6142857142857,1017.0,72.68571428571428,22.7,1084
16.242857142857144,10.485714285714286,13.457142857142856,16.242857142857144,9.657142857142857,13.242857142857144,83.95714285714287,0.7884285714285715,85.71428571428571,5.357142857142857,0.0,28.571428571428573,205.9857142857143,1015.1428571428572,66.14285714285714,20.4,1267
2.614285714285714,-1.0857142857142856,0.7000000000000001,-0.4,-4.3,-2.3857142857142857,86.24285714285715,0.0298571428571428,71.42857142857143,2.9785714285714286,0.0,15.342857142857143,49.85714285714285,1030.9857142857145,73.31428571428572,8.585714285714285,1313
21.75714285714286,14.271428571428572,17.7,21.75714285714286,14.271428571428572,17.7,80.65714285714286,3.482142857142857,100.0,9.524285714285714,0.0,17.142857142857142,237.14285714285717,1015.842857142857,64.32857142857144,22.1,834
14.1,8.071428571428571,10.842857142857143,14.1,6.628571428571428,10.514285714285716,81.58571428571429,2.346285714285714,100.0,11.308571428571428,0.0,19.24285714285714,160.1142857142857,1008.2714285714284,80.7,20.3,1067
17.414285714285715,7.642857142857143,12.471428571428572,17.414285714285715,6.185714285714285,12.142857142857142,60.94285714285714,0.0,0.0,0.0,0.0,20.857142857142858,263.8857142857143,1021.5428571428572,44.92857142857143,29.24285714285714,905
13.685714285714283,6.471428571428571,10.071428571428571,13.328571428571427,4.614285714285714,9.3,67.4,0.0658571428571428,57.142857142857146,2.9771428571428573,0.0,23.357142857142858,169.70000000000002,1017.0428571428572,82.0,12.571428571428571,1206
15.7,7.857142857142857,11.828571428571427,15.7,7.857142857142857,11.828571428571427,79.27142857142857,0.1518571428571428,100.0,4.764285714285714,5.0,14.3,191.68571428571428,1026.242857142857,59.15714285714286,18.442857142857143,1152
22.8,11.885714285714286,17.571428571428573,22.77142857142857,11.885714285714286,17.571428571428573,65.97142857142858,0.4372857142857143,57.142857142857146,2.9771428571428573,0.0,16.985714285714288,191.8428571428572,1016.4714285714286,40.2,17.542857142857144,877
6.483333333333333,1.5,4.1000000000000005,3.9333333333333336,-1.45,0.8166666666666665,85.53333333333335,0.0,0.0,0.0,0.0,23.4,274.8666666666667,1008.5166666666668,70.89999999999999,15.616666666666667,1620
11.085714285714284,3.957142857142857,7.471428571428572,10.342857142857143,1.1857142857142855,5.442857142857143,73.54285714285713,2.0781428571428573,85.71428571428571,8.928571428571429,0.0,24.057142857142857,227.62857142857143,1013.4714285714286,49.057142857142864,16.742857142857144,1008
19.6,12.314285714285717,16.057142857142857,19.6,12.314285714285717,16.057142857142857,71.82857142857144,1.1764285714285714,71.42857142857143,5.355714285714286,0.0,19.785714285714285,239.1857142857143,1014.4142857142856,71.04285714285714,32.5,856
8.585714285714285,0.8571428571428571,4.642857142857143,7.042857142857143,-0.1285714285714285,3.3,83.5,0.524,100.0,4.764285714285714,0.0,15.114285714285714,200.75714285714284,1018.5,40.44285714285714,17.771428571428572,943
22.47142857142857,13.142857142857142,17.842857142857145,22.47142857142857,13.114285714285714,17.842857142857145,68.62857142857142,2.486428571428572,42.85714285714285,3.571428571428572,0.0,19.2,182.75714285714284,1015.5857142857144,64.25714285714285,18.842857142857145,1033
5.771428571428571,0.0428571428571428,2.857142857142857,2.3714285714285714,-3.985714285714285,-0.6142857142857144,81.44285714285715,0.9167142857142856,42.85714285714285,4.761428571428572,0.4857142857142857,25.728571428571428,235.2142857142857,1009.0,61.41428571428571,19.2,1164
8.657142857142857,1.957142857142857,5.528571428571429,6.557142857142857,-1.3,2.4428571428571426,82.92857142857143,1.239142857142857,71.42857142857143,3.5728571428571425,0.0,32.214285714285715,238.4142857142857,1007.3714285714286,54.971428571428575,25.785714285714285,1486
14.257142857142856,5.628571428571428,9.885714285714286,14.257142857142856,4.714285714285714,9.471428571428572,63.92857142857143,0.0,0.0,0.0,0.0,15.342857142857143,248.5,1032.042857142857,45.48571428571428,25.37142857142857,890
12.028571428571428,4.5285714285714285,8.214285714285714,11.2,1.4142857142857144,6.3,65.55714285714285,1.3484285714285715,28.571428571428573,1.7857142857142858,0.0,26.74285714285714,159.02857142857144,1016.4857142857144,56.2,20.385714285714283,1317
10.642857142857142,6.514285714285714,8.628571428571428,10.3,4.057142857142857,6.9,80.14285714285714,0.3604285714285714,85.71428571428571,7.737142857142857,0.0,19.0,132.02857142857144,1030.6142857142856,70.98571428571428,19.685714285714287,1099
19.928571428571427,13.05714285714286,16.385714285714286,19.928571428571427,13.05714285714286,16.385714285714286,78.65714285714286,0.4228571428571429,100.0,5.3585714285714285,0.0,13.957142857142856,176.9857142857143,1014.6285714285714,78.05714285714285,21.75714285714286,1147
29.228571428571428,17.385714285714286,23.442857142857143,28.6,17.385714285714286,23.3,55.114285714285714,0.0,0.0,0.0,0.0,15.485714285714286,178.35714285714286,1024.1142857142856,34.32857142857143,26.071428571428573,883
7.128571428571428,2.7,4.857142857142857,5.828571428571428,-0.4714285714285714,2.7285714285714286,89.28571428571429,0.3744285714285714,71.42857142857143,3.5728571428571425,0.0,17.114285714285714,117.37142857142858,1019.4,87.84285714285714,8.457142857142857,1702
9.814285714285717,5.6571428571428575,7.771428571428571,9.328571428571427,4.114285714285715,6.428571428571429,90.87142857142858,2.7512857142857143,71.42857142857143,8.334285714285715,0.0,16.814285714285713,138.82857142857142,1002.4428571428572,75.92857142857143,8.557142857142857,1096
18.32857142857143,9.042857142857144,13.571428571428571,18.32857142857143,7.728571428571429,13.157142857142857,56.614285714285714,0.0708571428571428,14.285714285714286,0.5957142857142858,0.0,25.7,94.41428571428573,1014.8571428571428,53.07142857142857,26.071428571428573,829
23.085714285714285,13.12857142857143,18.014285714285712,23.085714285714285,13.12857142857143,18.014285714285712,68.2,0.0038571428571428,14.285714285714286,0.5957142857142858,0.0,19.75714285714286,162.79999999999998,1019.4,37.41428571428571,19.3,1126
13.971428571428572,6.114285714285714,10.071428571428571,13.971428571428572,5.871428571428572,9.914285714285716,86.92857142857143,0.0304285714285714,14.285714285714286,1.7857142857142858,0.0,17.342857142857145,206.2142857142857,1021.1,64.77142857142857,11.8,1488
20.957142857142856,13.357142857142858,17.157142857142855,20.957142857142856,13.3,17.142857142857142,74.38571428571429,0.5015714285714286,57.142857142857146,3.571428571428572,0.0,25.442857142857143,216.95714285714288,1013.3857142857142,77.54285714285713,29.75714285714286,1197
7.085714285714286,0.7428571428571428,4.428571428571429,5.6571428571428575,-0.7857142857142857,2.628571428571429,89.21428571428571,0.2337142857142857,57.142857142857146,2.9771428571428573,0.0,15.7,220.04285714285717,1037.2142857142858,65.02857142857142,8.8,1362
9.771428571428572,4.071428571428571,6.857142857142857,9.242857142857144,2.657142857142857,5.7,90.68571428571428,1.0472857142857144,85.71428571428571,7.142857142857143,0.0,14.785714285714286,188.6285714285714,1006.7714285714284,59.72857142857144,14.9,908
24.228571428571428,14.757142857142856,19.27142857142857,24.12857142857143,14.757142857142856,19.24285714285714,71.58571428571427,0.7588571428571429,28.571428571428573,1.1914285714285715,0.0,18.9,212.8857142857143,1016.8,57.0,15.271428571428572,1115
9.614285714285714,5.257142857142857,7.557142857142857,7.542857142857143,1.6714285714285717,4.242857142857143,75.85714285714286,3.1021428571428573,100.0,11.904285714285717,0.0,31.9,199.1142857142857,993.8,60.614285714285714,22.985714285714288,1000
7.514285714285714,3.5285714285714285,5.528571428571429,5.885714285714286,0.5285714285714288,3.0142857142857147,86.61428571428571,0.921,85.71428571428571,5.951428571428571,0.0,21.042857142857144,180.92857142857144,1015.1285714285714,71.11428571428571,11.0,1212
19.342857142857145,10.785714285714286,14.957142857142856,19.342857142857145,10.7,14.94285714285714,84.31428571428572,0.0797142857142857,57.142857142857146,2.9771428571428573,0.0,14.44285714285714,183.37142857142857,1014.2142857142856,64.92857142857143,16.285714285714285,1040
18.428571428571427,8.757142857142856,13.771428571428572,18.428571428571427,7.857142857142857,13.614285714285714,67.5,1.2004285714285714,28.571428571428573,1.7857142857142858,0.0,21.97142857142857,254.37142857142857,1018.2571428571428,67.18571428571428,26.0,1333
17.071428571428573,11.357142857142858,14.2,17.071428571428573,11.2,14.171428571428573,86.17142857142858,0.0605714285714285,85.71428571428571,10.118571428571428,0.0,24.7,187.37142857142857,1004.4857142857144,60.771428571428565,24.6,877
17.142857142857142,10.728571428571428,13.714285714285714,16.885714285714283,10.171428571428573,13.37142857142857,79.61428571428571,1.1435714285714285,71.42857142857143,3.5728571428571425,0.0,18.2,201.58571428571423,1011.9571428571428,88.44285714285715,16.442857142857143,1425
16.32857142857143,8.757142857142858,12.657142857142857,16.32857142857143,8.157142857142857,12.342857142857143,85.87142857142858,0.1999999999999999,28.571428571428573,1.7857142857142858,0.0,18.542857142857144,254.75714285714284,1023.1428571428572,77.07142857142857,17.95714285714286,1354
11.94285714285714,6.0,8.814285714285715,11.599999999999998,3.3000000000000003,7.314285714285715,75.78571428571429,2.2857142857142856,71.42857142857143,7.738571428571428,0.0,24.77142857142857,221.92857142857144,1002.9285714285714,73.34285714285714,21.75714285714286,1002
29.571428571428573,15.714285714285714,22.77142857142857,29.485714285714288,15.714285714285714,22.82857142857143,62.3,0.0038571428571428,14.285714285714286,0.5957142857142858,0.0,16.414285714285715,208.68571428571428,1021.5142857142856,44.84285714285714,14.828571428571427,1128
20.214285714285715,11.857142857142858,15.985714285714286,20.214285714285715,11.857142857142858,15.985714285714286,74.07142857142857,0.5167142857142857,57.142857142857146,5.951428571428571,0.0,19.77142857142857,256.5285714285714,1013.5857142857144,49.457142857142856,17.914285714285715,902
16.085714285714285,9.014285714285714,12.714285714285714,16.085714285714285,7.857142857142857,12.357142857142858,76.8,0.820857142857143,71.42857142857143,3.5728571428571425,0.0,25.12857142857143,276.2285714285714,1020.3571428571428,75.67142857142858,28.67142857142857,1138
12.157142857142857,5.342857142857143,8.428571428571429,11.37142857142857,3.1,6.7,80.24285714285715,0.0091428571428571,28.571428571428573,1.1914285714285715,0.0,19.514285714285712,216.6142857142857,1025.928571428571,77.34285714285714,12.314285714285717,1321
15.157142857142857,6.485714285714286,10.6,14.657142857142857,4.385714285714286,9.285714285714286,71.77142857142857,0.4415714285714286,28.571428571428573,1.1914285714285715,0.0,27.32857142857143,202.7428571428572,1018.6,66.22857142857143,15.614285714285714,1266
11.5,4.257142857142857,7.871428571428572,11.185714285714283,1.942857142857143,6.457142857142857,83.2,1.9392857142857145,100.0,5.952857142857143,0.0,24.385714285714283,232.8428571428572,1004.8857142857142,66.68571428571428,17.0,1321
22.071428571428573,13.971428571428572,17.985714285714288,22.071428571428573,13.971428571428572,17.985714285714288,72.11428571428571,0.7385714285714285,57.142857142857146,2.9771428571428573,0.0,21.442857142857143,252.67142857142852,1017.8142857142856,72.24285714285715,22.571428571428573,1024
18.3,12.714285714285714,15.55714285714286,18.3,12.44285714285714,15.528571428571428,83.8,0.1268571428571428,42.85714285714285,2.381428571428572,0.0,22.942857142857143,215.65714285714284,1018.6714285714286,74.94285714285715,20.82857142857143,1313
12.642857142857142,5.828571428571428,9.55714285714286,12.242857142857144,5.314285714285715,8.942857142857141,88.12857142857142,0.0651428571428571,28.571428571428573,1.1914285714285715,0.0,15.542857142857144,156.29999999999998,1024.4,68.5,9.885714285714286,1471
5.285714285714286,-1.0857142857142856,2.1142857142857143,2.671428571428572,-4.257142857142857,-0.7857142857142857,76.85714285714286,0.5724285714285714,57.142857142857146,3.571428571428572,0.0,21.6,165.92857142857142,1002.2142857142856,65.54285714285714,13.642857142857142,1673
17.185714285714287,7.3428571428571425,11.985714285714286,17.185714285714287,6.571428571428571,11.657142857142857,68.04285714285713,0.7265714285714286,42.85714285714285,2.975714285714285,0.0,21.942857142857143,231.7428571428572,1021.4857142857144,48.21428571428572,24.557142857142857,972
17.12857142857143,7.128571428571429,12.37142857142857,17.12857142857143,5.628571428571428,11.94285714285714,62.785714285714285,0.0,0.0,0.0,0.0,20.24285714285714,84.58571428571429,1021.7428571428572,51.17142857142857,22.4,1212
12.757142857142856,5.714285714285714,9.228571428571428,12.2,3.3285714285714287,7.514285714285713,71.31428571428572,1.0892857142857142,85.71428571428571,7.144285714285714,0.1142857142857143,26.857142857142858,220.07142857142856,1014.6714285714286,59.91428571428571,20.7,1029
11.914285714285716,5.485714285714286,8.9,11.62857142857143,3.928571428571429,7.771428571428571,65.67142857142856,0.1141428571428571,28.571428571428573,1.7857142857142858,0.0,18.842857142857145,84.45714285714287,1013.1714285714286,58.24285714285714,32.128571428571426,888
17.428571428571427,9.44285714285714,13.142857142857142,17.428571428571427,9.44285714285714,13.142857142857142,78.85714285714286,0.3304285714285714,71.42857142857143,5.357142857142857,0.0,18.3,48.114285714285714,1028.3285714285714,50.42857142857143,15.014285714285714,819
20.857142857142858,14.214285714285714,17.385714285714286,20.857142857142858,14.214285714285714,17.385714285714286,74.51428571428572,0.5695714285714286,71.42857142857143,3.5728571428571425,0.0,16.02857142857143,143.5857142857143,1019.1,65.9,18.914285714285715,900
11.685714285714283,3.8285714285714287,7.6571428571428575,11.357142857142858,1.3,5.8,81.01428571428572,2.286142857142857,85.71428571428571,5.357142857142857,0.0,26.242857142857144,174.15714285714284,1004.2714285714284,78.31428571428572,15.114285714285714,1465
16.2,11.114285714285714,13.714285714285714,16.2,10.928571428571429,13.7,81.22857142857143,0.258,71.42857142857143,5.355714285714286,0.0,22.728571428571428,256.3,1018.2428571428572,69.64285714285714,19.11428571428572,945
14.728571428571428,6.6,10.55714285714286,14.728571428571428,5.057142857142857,9.928571428571429,70.52857142857142,1.1328571428571428,57.142857142857146,4.762857142857143,1.1142857142857143,21.32857142857143,95.75714285714288,1017.0714285714286,68.61428571428571,20.857142857142858,965
20.6,13.571428571428571,16.814285714285713,20.6,13.571428571428571,16.814285714285713,72.98571428571428,1.235142857142857,100.0,8.332857142857142,0.0,19.585714285714285,292.4714285714286,1012.8857142857142,68.54285714285713,25.27142857142857,784
22.514285714285712,12.828571428571427,17.314285714285713,22.514285714285712,12.828571428571427,17.314285714285713,70.27142857142857,0.0427142857142857,14.285714285714286,1.19,0.0,14.985714285714286,226.67142857142855,1025.757142857143,55.21428571428572,22.5,801
16.04285714285714,7.642857142857143,11.857142857142858,16.04285714285714,6.442857142857143,11.328571428571427,73.68571428571428,0.3017142857142857,42.85714285714285,2.975714285714285,0.0,26.75714285714286,173.0142857142857,1013.7142857142856,57.371428571428574,19.842857142857145,1071
9.471428571428572,3.1142857142857143,6.5,8.614285714285714,1.5857142857142856,5.0,88.97142857142856,12.025857142857143,85.71428571428571,8.931428571428572,0.0,19.814285714285717,122.5,1002.6428571428572,72.0142857142857,13.514285714285714,1104
19.52857142857143,13.928571428571429,16.314285714285713,19.52857142857143,13.928571428571429,16.314285714285713,79.84285714285714,1.0262857142857142,71.42857142857143,5.357142857142857,0.0,23.52857142857143,243.78571428571428,1007.3857142857142,87.57142857142857,23.428571428571427,1159
11.1,5.928571428571429,8.071428571428571,10.87142857142857,3.7,6.514285714285714,82.21428571428571,1.446142857142857,100.0,8.33,0.0,23.314285714285717,179.20000000000002,995.4,84.3,17.3,1248
12.614285714285714,5.928571428571429,9.2,12.614285714285714,4.4,8.342857142857143,76.08571428571429,1.4602857142857142,100.0,8.332857142857142,0.0,19.17142857142857,230.47142857142856,1002.5142857142856,59.51428571428571,26.17142857142857,922
5.228571428571429,2.142857142857143,3.5142857142857147,1.8714285714285717,-2.1,-0.1571428571428571,76.75714285714285,0.1572857142857142,42.85714285714285,2.975714285714285,0.0,20.642857142857142,33.028571428571425,1028.2285714285715,85.05714285714285,15.771428571428572,1045
7.257142857142857,2.442857142857143,5.071428571428571,4.6000000000000005,-1.0285714285714287,1.8714285714285717,73.27142857142857,0.6131428571428571,71.42857142857143,5.357142857142857,0.0428571428571428,26.557142857142857,295.3,1013.157142857143,62.5,33.471428571428575,1099
15.971428571428572,8.485714285714286,12.328571428571427,15.971428571428572,7.7,12.171428571428573,77.27142857142857,1.2535714285714286,57.142857142857146,2.382857142857143,0.0,21.871428571428574,143.7,1013.0,71.45714285714286,15.4,1193
5.514285714285714,0.2714285714285714,2.9,2.657142857142857,-2.8285714285714287,-0.2571428571428571,87.27142857142857,1.8292857142857144,57.142857142857146,3.571428571428572,1.3,25.87142857142857,202.37142857142857,1009.6857142857144,80.57142857142857,10.62857142857143,1708
11.9,5.7,8.77142857142857,11.471428571428572,2.728571428571428,6.7,74.65714285714286,1.9267142857142856,57.142857142857146,4.1657142857142855,0.0,34.98571428571429,231.28571428571428,1008.0714285714286,74.87142857142858,22.9,1240
20.885714285714283,13.0,16.97142857142857,20.885714285714283,13.0,16.97142857142857,71.47142857142858,0.2418571428571428,57.142857142857146,4.761428571428572,0.0,19.785714285714285,270.5857142857143,1017.0571428571428,70.28571428571429,26.542857142857144,1026
5.628571428571428,1.4142857142857144,3.6,2.8285714285714287,-1.5,0.7142857142857143,73.95714285714287,1.0592857142857144,42.85714285714285,2.975714285714285,0.1714285714285714,19.47142857142857,173.71428571428572,1017.7857142857144,65.48571428571428,23.82857142857143,1101
13.3,7.171428571428572,9.642857142857142,13.3,4.814285714285715,8.357142857142858,84.01428571428572,1.7807142857142857,57.142857142857146,4.1657142857142855,0.0,23.97142857142857,232.9,999.1714285714286,59.58571428571429,28.214285714285715,1239
14.828571428571427,9.771428571428572,11.985714285714286,14.828571428571427,9.228571428571428,11.9,88.58571428571429,4.433857142857143,100.0,8.331428571428571,0.0,19.142857142857142,177.78571428571428,996.9428571428572,73.8,18.785714285714285,1248
20.11428571428572,11.62857142857143,16.228571428571428,20.11428571428572,11.457142857142856,16.214285714285715,70.97142857142858,0.6799999999999999,42.85714285714285,4.1657142857142855,0.0,25.74285714285714,216.07142857142856,1016.7285714285716,52.05714285714286,25.085714285714285,849
14.342857142857143,5.257142857142857,10.242857142857144,14.028571428571428,4.414285714285714,9.728571428571428,75.3,1.186,71.42857142857143,7.738571428571428,0.0,20.571428571428573,212.7142857142857,1009.0714285714286,46.01428571428571,26.67142857142857,844
17.085714285714285,9.485714285714286,13.3,17.085714285714285,9.4,13.242857142857144,75.8,0.8454285714285714,57.142857142857146,3.5728571428571425,0.0,16.785714285714285,161.22857142857143,1012.1,74.17142857142858,15.914285714285713,1027
9.428571428571429,5.428571428571429,7.528571428571428,8.185714285714285,2.685714285714286,5.1571428571428575,81.9,2.295428571428572,85.71428571428571,5.357142857142857,0.0,32.07142857142857,139.95714285714286,1001.7428571428572,82.44285714285715,20.52857142857143,1481
18.87142857142857,8.485714285714286,13.542857142857144,18.87142857142857,8.114285714285714,13.514285714285714,74.05714285714285,2.5865714285714283,71.42857142857143,6.547142857142857,0.0,13.4,145.41428571428574,1016.842857142857,49.24285714285714,11.3,952
9.7,5.214285714285714,7.285714285714286,8.885714285714286,2.242857142857143,4.7,80.54285714285713,0.4918571428571429,85.71428571428571,5.951428571428571,0.0,27.442857142857143,220.17142857142855,1005.7571428571428,89.71428571428571,16.314285714285713,1549
23.871428571428574,15.22857142857143,19.514285714285712,23.74285714285714,15.22857142857143,19.5,60.01428571428572,0.3454285714285715,57.142857142857146,3.571428571428572,0.0,20.2,185.94285714285712,1016.3571428571428,54.68571428571429,29.728571428571428,823
8.442857142857141,4.857142857142857,6.557142857142857,7.228571428571429,2.8,4.857142857142857,81.2,0.0,0.0,0.0,0.0,21.0,258.7857142857143,1034.7285714285715,90.67142857142858,13.94285714285714,1290
18.542857142857144,10.685714285714283,14.87142857142857,18.542857142857144,10.6,14.857142857142858,72.32857142857144,1.0722857142857145,42.85714285714285,2.9771428571428573,0.0,19.342857142857145,184.17142857142855,1017.342857142857,69.55714285714285,22.042857142857144,1019
13.37142857142857,3.7714285714285714,8.628571428571428,13.257142857142856,2.7285714285714286,7.971428571428571,71.48571428571428,1.1264285714285711,57.142857142857146,4.762857142857143,0.0,18.485714285714288,186.0142857142857,1008.4,56.01428571428571,18.5,1003
13.042857142857144,7.399999999999999,9.94285714285714,13.042857142857144,5.6571428571428575,9.028571428571428,79.25714285714285,0.1454285714285714,57.142857142857146,3.571428571428572,0.0,28.071428571428573,253.25714285714284,1014.9857142857144,77.95714285714287,23.27142857142857,918
23.071428571428573,15.814285714285717,19.285714285714285,23.071428571428573,15.814285714285717,19.285714285714285,69.88571428571429,2.5171428571428573,57.142857142857146,4.761428571428572,0.0,20.957142857142856,215.0,1010.8142857142856,70.91428571428571,32.01428571428572,845
16.985714285714288,10.285714285714286,13.657142857142857,16.985714285714288,9.8,13.4,79.78571428571429,0.9842857142857144,71.42857142857143,5.95,0.0,27.12857142857143,241.78571428571428,1009.2142857142856,75.41428571428571,21.1,1082
6.914285714285714,3.371428571428571,5.071428571428571,4.828571428571429,-0.3714285714285715,1.9714285714285715,84.77142857142857,1.1940000000000002,57.142857142857146,2.9771428571428573,8.7,26.87142857142857,161.24285714285716,1011.3142857142856,85.72857142857143,17.642857142857142,1860
8.814285714285715,4.185714285714286,6.6000000000000005,6.414285714285714,1.2571428571428571,3.942857142857143,85.42857142857143,1.05,57.142857142857146,2.9771428571428573,0.0,25.385714285714283,270.5857142857143,1017.5714285714286,66.24285714285715,17.742857142857144,1471
9.971428571428572,6.514285714285714,8.342857142857143,9.314285714285717,4.142857142857143,6.485714285714286,90.18571428571428,1.7444285714285714,71.42857142857143,5.95,0.0,22.61428571428572,136.7,1010.1857142857144,83.98571428571428,14.87142857142857,1419
9.614285714285714,4.342857142857143,6.985714285714286,8.428571428571429,0.9714285714285714,4.242857142857143,81.3,2.0015714285714283,100.0,8.928571428571429,0.0,35.74285714285714,133.54285714285714,1011.9142857142856,78.85714285714286,17.857142857142858,1159
5.328571428571428,1.0571428571428572,3.557142857142857,3.3428571428571425,-1.7285714285714284,1.0714285714285714,82.68571428571428,0.6855714285714285,71.42857142857143,4.762857142857143,0.8142857142857143,16.885714285714286,218.27142857142857,1022.1857142857144,64.87142857142857,17.642857142857142,1073
23.057142857142857,13.071428571428571,17.97142857142857,23.12857142857143,12.8,17.95714285714286,73.58571428571429,0.0,0.0,0.0,0.0,18.47142857142857,224.12857142857143,1017.9714285714286,56.785714285714285,16.95714285714286,1382
20.58571428571429,10.528571428571428,15.414285714285716,20.58571428571429,10.528571428571428,15.400000000000002,71.07142857142857,0.3532857142857143,28.571428571428573,2.975714285714285,0.0,16.12857142857143,87.5,1019.9285714285714,44.42857142857143,15.185714285714283,868
15.742857142857144,8.442857142857143,12.171428571428573,15.742857142857144,7.5,11.842857142857143,80.44285714285715,1.1724285714285716,85.71428571428571,4.168571428571428,0.0,22.928571428571427,248.65714285714284,1014.5,79.55714285714285,23.61428571428572,1145
24.585714285714285,16.0,19.61428571428572,24.585714285714285,16.0,19.61428571428572,76.34285714285714,0.2152857142857143,42.85714285714285,1.7871428571428571,0.0,19.32857142857143,90.98571428571428,1019.657142857143,55.32857142857143,12.885714285714286,1217
19.2,11.528571428571428,15.3,19.2,11.528571428571428,15.3,78.87142857142858,0.434,28.571428571428573,1.7857142857142858,0.0,25.342857142857145,225.58571428571423,1015.2857142857144,71.91428571428571,26.514285714285712,1188
8.957142857142857,3.7714285714285714,6.585714285714286,7.728571428571429,1.8142857142857145,4.471428571428572,87.21428571428571,2.9802857142857144,71.42857142857143,6.548571428571429,0.0,23.77142857142857,216.67142857142855,1011.9857142857144,79.44285714285715,15.62857142857143,1327
9.157142857142858,3.557142857142857,6.642857142857143,8.242857142857144,1.3857142857142857,4.757142857142857,72.72857142857143,0.1425714285714285,28.571428571428573,1.7857142857142858,0.0,19.3,263.77142857142854,1029.3,72.5,24.75714285714286,863
21.728571428571428,12.94285714285714,17.2,21.728571428571428,12.94285714285714,17.2,69.87142857142858,0.0284285714285714,14.285714285714286,0.5957142857142858,0.0,23.342857142857145,69.92857142857143,1021.7857142857144,65.17142857142856,19.442857142857143,1249
23.62857142857143,15.685714285714283,19.62857142857143,23.62857142857143,15.685714285714283,19.62857142857143,65.54285714285714,0.1847142857142857,57.142857142857146,2.382857142857143,0.0,18.085714285714285,281.2857142857143,1017.342857142857,59.84285714285714,30.11428571428572,785
17.785714285714285,9.585714285714284,13.8,17.785714285714285,8.871428571428572,13.657142857142857,73.74285714285715,0.663,57.142857142857146,3.571428571428572,0.0,22.485714285714288,175.0,1008.4714285714286,77.54285714285713,26.77142857142857,1386
15.528571428571428,9.928571428571429,12.542857142857144,15.528571428571428,9.257142857142856,12.3,77.72857142857143,1.1864285714285714,71.42857142857143,4.167142857142857,0.0,15.1,206.94285714285712,1011.5571428571428,83.65714285714286,14.94285714285714,1077
16.814285714285713,11.242857142857144,14.0,16.814285714285713,10.87142857142857,13.94285714285714,84.98571428571428,1.5195714285714286,100.0,7.141428571428572,0.0,22.057142857142857,235.07142857142856,1013.842857142857,83.8,17.071428571428573,1198
12.971428571428572,5.728571428571429,9.328571428571427,12.971428571428572,3.3000000000000003,8.185714285714285,66.5142857142857,0.0002857142857142,28.571428571428573,1.1914285714285715,0.0,22.0,197.67142857142855,1025.7285714285713,67.61428571428571,20.52857142857143,1092
16.071428571428573,10.9,13.285714285714286,16.071428571428573,10.62857142857143,13.271428571428572,80.61428571428571,0.8021428571428572,71.42857142857143,4.761428571428572,0.0,19.357142857142858,219.5,1007.2857142857144,88.38571428571429,15.542857142857144,1135
9.575,4.875,7.425,8.45,2.725,5.575,88.025,0.0505,75.0,5.2075,0.0,16.525,177.325,1032.825,84.025,10.35,1115
8.72857142857143,2.8142857142857145,5.371428571428572,7.085714285714286,-0.4857142857142857,2.6714285714285717,77.77142857142857,0.8470000000000001,85.71428571428571,4.168571428571428,0.0,24.27142857142857,177.9,1008.7285714285716,68.3,23.97142857142857,1491
12.94285714285714,6.914285714285714,9.714285714285714,12.94285714285714,5.4,9.171428571428573,87.27142857142857,1.179857142857143,57.142857142857146,2.9771428571428573,0.0,18.77142857142857,256.3,1000.5,72.74285714285715,13.042857142857144,1405
21.285714285714285,13.4,16.942857142857143,21.285714285714285,13.4,16.942857142857143,76.22857142857143,0.5838571428571429,14.285714285714286,1.19,0.0,19.97142857142857,206.3428571428572,1012.1428571428572,75.85714285714286,28.9,1145
22.52857142857143,14.757142857142856,18.3,22.52857142857143,14.628571428571428,18.285714285714285,75.3,0.9361428571428572,71.42857142857143,5.3585714285714285,0.0,22.61428571428571,232.3428571428572,1018.7857142857144,54.44285714285714,15.8,889
7.6,2.642857142857143,5.4,5.128571428571428,-0.5714285714285713,2.4,86.81428571428572,4.324857142857143,100.0,12.5,1.15,25.82857142857143,216.7428571428571,994.4428571428572,74.51428571428572,18.1,1448
12.44285714285714,3.414285714285714,7.942857142857143,11.771428571428572,1.8571428571428568,6.542857142857143,70.9,0.4055714285714286,42.85714285714285,2.381428571428572,0.0,19.442857142857143,185.42857142857144,1012.6714285714286,53.614285714285714,18.642857142857142,1283
23.77142857142857,13.542857142857144,18.9,23.77142857142857,13.542857142857144,18.9,64.02857142857144,1.0285714285714287,57.142857142857146,4.167142857142857,0.0,17.728571428571428,249.44285714285712,1020.3,45.51428571428572,29.12857142857143,891
18.414285714285715,11.842857142857143,14.914285714285716,18.414285714285715,11.542857142857144,14.885714285714286,80.24285714285715,1.3092857142857142,71.42857142857143,5.951428571428571,0.0,17.657142857142855,237.1142857142857,1011.6857142857144,80.65714285714286,19.042857142857144,1120
11.571428571428571,7.328571428571429,9.585714285714284,11.314285714285717,4.014285714285714,7.671428571428572,78.82857142857142,5.377,85.71428571428571,9.522857142857143,0.0,33.24285714285714,227.44285714285712,996.2857142857144,51.31428571428571,15.12857142857143,970
5.185714285714285,0.0285714285714286,2.7142857142857144,3.0285714285714285,-1.542857142857143,0.8142857142857143,78.55714285714285,0.2007142857142857,85.71428571428571,5.3585714285714285,0.0142857142857142,15.957142857142856,194.8,1014.4428571428572,58.57142857142857,15.37142857142857,1138
11.7,5.842857142857143,8.757142857142858,11.2,3.257142857142857,7.171428571428572,81.10000000000001,4.778,100.0,13.095714285714283,0.0,27.61428571428572,154.64285714285714,1001.0857142857144,79.85714285714286,19.514285714285712,1149
10.514285714285714,3.4857142857142853,7.571428571428571,10.071428571428571,1.157142857142857,5.914285714285714,84.95714285714287,1.080142857142857,71.42857142857143,5.355714285714286,0.0,28.800000000000004,220.08571428571432,1002.9857142857144,80.84285714285714,17.714285714285715,1502
12.62857142857143,4.3,8.614285714285714,12.62857142857143,2.342857142857143,7.357142857142857,70.45714285714287,2.1734285714285715,57.142857142857146,2.9771428571428573,0.0,22.27142857142857,269.75714285714287,1012.5,71.60000000000001,23.914285714285715,1166
14.857142857142858,6.585714285714286,10.528571428571428,14.857142857142858,5.8,9.8,78.07142857142857,0.0137142857142857,42.85714285714285,2.381428571428572,0.0,21.142857142857142,64.17142857142858,1018.4857142857144,48.91428571428571,17.485714285714288,1082
2.8857142857142857,-4.214285714285714,-0.6571428571428571,-0.8714285714285713,-8.285714285714286,-4.8,82.97142857142856,0.454,14.285714285714286,0.5957142857142858,6.928571428571429,29.185714285714287,129.9,999.4857142857144,52.285714285714285,14.528571428571428,1749
21.8,13.285714285714286,17.142857142857142,21.728571428571428,12.914285714285716,17.114285714285714,71.22857142857143,4.091285714285714,57.142857142857146,6.548571428571429,0.0,20.97142857142857,82.2,1006.1857142857144,60.35714285714285,17.914285714285715,974
16.357142857142858,8.442857142857143,12.328571428571427,16.357142857142858,7.799999999999999,12.157142857142857,79.05714285714285,1.6058571428571429,57.142857142857146,4.1657142857142855,0.0,21.342857142857145,150.3714285714286,1012.157142857143,76.61428571428571,17.67142857142857,1237
9.171428571428573,2.4857142857142853,5.985714285714286,7.385714285714286,0.2857142857142857,3.4857142857142853,73.61428571428571,1.2701428571428572,85.71428571428571,10.118571428571428,0.0,23.37142857142857,303.9142857142857,1016.7285714285716,75.04285714285713,22.5,1097
10.7,2.7857142857142856,6.728571428571429,10.242857142857144,-0.4285714285714286,3.8428571428571434,73.17142857142858,1.234,85.71428571428571,7.141428571428572,0.0,30.8,228.91428571428568,1011.9428571428572,60.55714285714286,22.185714285714287,1335
22.9,14.028571428571428,18.285714285714285,22.9,14.028571428571428,18.285714285714285,68.38571428571429,0.0284285714285714,42.85714285714285,4.167142857142857,0.0,17.52857142857143,179.34285714285716,1017.8285714285714,54.54285714285714,22.442857142857143,861
11.742857142857144,3.814285714285714,7.7,10.771428571428572,2.457142857142857,6.3,80.88571428571429,0.7588571428571429,71.42857142857143,5.952857142857143,0.0,19.75714285714286,120.57142857142856,1015.7428571428572,44.25714285714286,6.357142857142857,1028
21.442857142857143,11.914285714285716,16.62857142857143,21.442857142857143,11.914285714285716,16.62857142857143,80.60000000000001,0.0741428571428571,28.571428571428573,1.1914285714285715,0.0,17.97142857142857,185.5142857142857,1017.6142857142858,66.75714285714285,11.314285714285717,1316
6.871428571428572,1.442857142857143,4.142857142857143,4.471428571428572,-0.8999999999999998,1.5142857142857142,90.42857142857144,2.422571428571428,85.71428571428571,5.3585714285714285,0.0,18.97142857142857,159.35714285714286,1005.4857142857144,67.52857142857144,11.428571428571429,1065
20.11428571428572,13.071428571428571,16.342857142857145,20.11428571428572,13.071428571428571,16.342857142857145,74.92857142857143,1.7215714285714283,71.42857142857143,6.547142857142857,0.0,22.15714285714285,262.74285714285713,1013.6428571428572,47.41428571428571,16.97142857142857,910
17.242857142857144,9.8,13.271428571428572,17.242857142857144,9.528571428571428,13.171428571428573,83.92857142857143,0.7885714285714285,42.85714285714285,2.381428571428572,0.0,16.17142857142857,196.87142857142857,1016.7857142857144,69.94285714285715,14.285714285714286,1195
26.3,16.071428571428573,20.985714285714288,26.32857142857143,16.071428571428573,20.985714285714288,66.45714285714286,0.5938571428571429,57.142857142857146,4.761428571428572,0.0,19.642857142857142,227.77142857142857,1015.4714285714286,55.771428571428565,28.914285714285715,862
10.37142857142857,5.442857142857143,8.057142857142857,8.914285714285715,3.128571428571429,6.271428571428571,80.25714285714285,3.1727142857142856,85.71428571428571,7.142857142857143,0.0,27.3,183.7428571428572,993.342857142857,59.10000000000001,21.814285714285717,914
15.985714285714286,6.242857142857142,10.8,15.985714285714286,5.557142857142857,10.37142857142857,69.71428571428571,0.0295714285714285,28.571428571428573,1.7857142857142858,0.0,15.44285714285714,121.85714285714286,1027.742857142857,50.65714285714286,16.728571428571428,964
20.25714285714286,10.957142857142856,15.4,20.25714285714286,10.957142857142856,15.4,69.98571428571428,0.2145714285714285,28.571428571428573,1.7857142857142858,0.0,19.042857142857144,169.1,1021.4714285714286,44.41428571428571,31.985714285714288,756
20.7,12.271428571428572,16.757142857142856,20.7,12.271428571428572,16.757142857142856,65.92857142857143,1.321,42.85714285714285,4.167142857142857,0.0,20.214285714285715,162.91428571428574,1008.8571428571428,51.98571428571428,24.0,907
15.0,9.071428571428571,11.87142857142857,15.0,8.128571428571428,11.671428571428573,75.8,0.429,57.142857142857146,4.762857142857143,0.0,18.228571428571428,85.10000000000001,1020.3714285714286,60.785714285714285,25.75714285714286,934
26.77142857142857,15.942857142857145,20.87142857142857,26.857142857142858,15.942857142857145,20.87142857142857,71.31428571428572,3.624571428571429,42.85714285714285,2.381428571428572,0.0,13.742857142857144,173.68571428571428,1014.9714285714286,61.5,13.014285714285714,987
11.371428571428572,4.285714285714286,7.957142857142857,10.471428571428572,2.357142857142857,6.385714285714286,69.45714285714286,0.1858571428571428,42.85714285714285,2.975714285714285,0.0,18.885714285714283,123.61428571428571,1016.5571428571428,72.62857142857142,18.77142857142857,1299
9.071428571428571,3.6571428571428575,6.828571428571428,6.928571428571429,-0.3285714285714285,3.7142857142857135,81.45714285714287,4.484571428571429,100.0,8.928571428571429,0.0,32.128571428571426,234.5142857142857,998.1142857142858,73.0,21.857142857142858,1213
10.15,4.166666666666667,6.95,9.316666666666666,1.85,5.0,79.2,1.2408333333333337,83.33333333333333,4.167142857142857,0.0,17.642857142857142,273.68333333333334,1011.0,72.78333333333333,17.666666666666668,1465
15.742857142857144,9.042857142857144,12.328571428571427,15.742857142857144,9.028571428571428,12.328571428571427,86.78571428571429,2.7187142857142854,100.0,7.74,0.0,12.085714285714284,179.5285714285714,1024.7,69.08571428571429,7.3428571428571425,818
8.257142857142856,4.0,6.371428571428572,5.871428571428572,1.2,3.642857142857143,80.51428571428572,0.0258571428571428,28.571428571428573,1.7857142857142858,0.0,21.442857142857143,124.20000000000002,1022.842857142857,72.77142857142857,11.242857142857144,1429
8.457142857142857,2.2285714285714286,5.142857142857143,6.8,-0.4285714285714285,2.8000000000000003,73.08571428571429,0.0,0.0,0.0,0.0,20.014285714285712,109.21428571428572,1013.5714285714286,82.85714285714286,4.814285714285715,1620
6.071428571428571,0.5000000000000001,3.442857142857143,3.314285714285714,-2.771428571428572,0.0571428571428572,80.14285714285714,0.8632857142857143,85.71428571428571,7.144285714285714,0.0428571428571428,26.442857142857143,172.0142857142857,1017.4714285714286,50.785714285714285,15.714285714285714,1053
13.3,7.585714285714286,10.62857142857143,13.3,6.571428571428571,10.214285714285714,79.92857142857143,3.1667142857142854,100.0,10.715714285714286,0.0,21.62857142857143,237.0,1001.3,56.4,17.87142857142857,896
9.6,4.328571428571428,7.185714285714285,9.257142857142856,1.1857142857142855,4.671428571428572,86.89999999999999,3.694571428571429,85.71428571428571,6.545714285714285,0.0,27.942857142857143,196.78571428571428,1011.5714285714286,81.85714285714286,17.857142857142858,1450
15.214285714285714,7.942857142857143,11.7,15.214285714285714,6.6571428571428575,11.3,80.2,2.6962857142857146,85.71428571428571,7.738571428571428,0.0,27.02857142857143,194.64285714285717,1013.5571428571428,56.67142857142857,23.014285714285712,951
8.628571428571428,2.271428571428572,5.828571428571428,6.885714285714286,-0.0428571428571428,3.3285714285714287,87.45714285714287,0.4727142857142857,57.142857142857146,2.382857142857143,0.0,24.814285714285717,272.87142857142857,1019.4428571428572,78.72857142857143,14.171428571428573,1588
26.15714285714285,13.914285714285716,20.071428571428573,25.928571428571427,13.914285714285716,20.057142857142857,66.11428571428571,0.0,0.0,0.0,0.0,19.61428571428572,148.82857142857142,1017.1142857142858,45.142857142857146,18.87142857142857,1185
9.728571428571428,1.8714285714285717,5.985714285714286,8.342857142857143,-0.5714285714285714,4.071428571428571,84.62857142857142,2.185,85.71428571428571,8.332857142857142,0.2428571428571428,20.685714285714287,207.44285714285712,1011.1142857142858,44.385714285714286,22.11428571428572,891
20.728571428571428,12.542857142857144,16.7,20.728571428571428,12.542857142857144,16.7,70.58571428571429,0.11,14.285714285714286,0.5957142857142858,0.0,26.942857142857143,205.62857142857143,1016.7571428571428,71.12857142857142,22.4,1262
23.37142857142857,12.871428571428572,17.885714285714283,23.2,12.871428571428572,17.87142857142857,73.11428571428571,0.1375714285714285,14.285714285714286,1.19,0.0,21.25714285714286,209.57142857142856,1015.3714285714286,55.42857142857143,16.142857142857142,1216
13.714285714285714,6.4,9.9,13.05714285714286,4.185714285714286,8.414285714285715,73.45714285714287,2.317285714285714,57.142857142857146,5.357142857142857,0.0,22.185714285714287,240.04285714285717,1011.9857142857144,66.41428571428571,22.285714285714285,867
10.971428571428572,4.685714285714285,8.342857142857143,9.971428571428572,3.557142857142857,7.528571428571429,87.57142857142857,0.3315714285714285,57.142857142857146,3.571428571428572,0.0,23.11428571428571,204.57142857142856,1026.3,77.85714285714286,20.7,1407
23.228571428571428,13.714285714285714,18.342857142857145,23.057142857142857,13.714285714285714,18.314285714285717,64.31428571428572,0.0622857142857142,42.85714285714285,1.7871428571428571,0.0,26.27142857142857,237.44285714285712,1013.0,60.1,28.642857142857142,1122
13.357142857142858,6.914285714285714,10.071428571428571,13.0,5.428571428571429,9.128571428571428,80.5,3.6075714285714287,71.42857142857143,6.548571428571429,0.0,18.085714285714285,261.12857142857143,997.2714285714284,75.0,18.714285714285715,991
8.628571428571428,3.6142857142857134,6.028571428571429,7.742857142857143,1.8857142857142857,4.6571428571428575,85.27142857142857,0.2758571428571428,85.71428571428571,5.952857142857143,0.0,13.471428571428572,245.45714285714288,1028.0428571428572,67.71428571428571,16.87142857142857,987
21.9,11.828571428571427,16.514285714285712,21.642857142857142,11.55714285714286,16.4,67.54285714285714,0.668,57.142857142857146,2.382857142857143,0.0,22.97142857142857,240.1285714285714,1014.6714285714286,50.1,32.214285714285715,811
9.928571428571429,5.4,8.085714285714285,9.385714285714286,2.957142857142857,6.771428571428572,84.58571428571429,0.4868571428571428,57.142857142857146,2.382857142857143,0.0,24.15714285714285,209.08571428571423,1028.0142857142855,91.92857142857144,13.842857142857143,1711
5.4,1.3571428571428572,3.4,2.128571428571429,-1.8,0.0285714285714285,79.14285714285714,0.7442857142857143,100.0,7.142857142857143,0.0,21.32857142857143,214.7428571428572,1025.9714285714283,66.65714285714286,21.2,1150
8.328571428571427,2.457142857142857,5.528571428571429,6.728571428571429,0.3428571428571428,3.414285714285714,76.34285714285714,2.4817142857142858,71.42857142857143,5.952857142857143,0.0,18.642857142857142,197.22857142857143,1010.2857142857144,58.642857142857146,19.342857142857145,1020
16.257142857142856,11.6,13.771428571428572,16.257142857142856,11.514285714285714,13.757142857142856,86.85714285714286,0.054,28.571428571428573,1.7857142857142858,0.0,16.585714285714285,171.38571428571427,1019.6,83.89999999999999,10.257142857142856,1218
9.771428571428572,1.7,5.628571428571428,8.528571428571428,-0.2857142857142857,4.242857142857143,79.17142857142858,0.3762857142857143,100.0,7.737142857142857,0.0,17.614285714285714,256.15714285714284,1022.0428571428572,47.6,14.857142857142858,985
24.414285714285715,12.528571428571428,18.428571428571427,24.3,12.528571428571428,18.414285714285715,67.15714285714286,0.0,0.0,0.0,0.0,21.842857142857145,255.02857142857144,1019.9142857142856,47.07142857142857,20.814285714285717,1162
18.928571428571427,11.314285714285717,14.971428571428572,18.928571428571427,11.157142857142857,14.957142857142856,84.75714285714285,0.001,57.142857142857146,3.571428571428572,0.0,12.5,120.64285714285714,1019.7857142857144,71.81428571428572,17.085714285714285,880
22.87142857142857,15.957142857142856,19.37142857142857,22.87142857142857,15.957142857142856,19.37142857142857,76.97142857142856,0.7457142857142857,57.142857142857146,4.167142857142857,0.0,20.185714285714287,219.62857142857143,1016.4285714285714,69.41428571428571,25.62857142857143,810
6.214285714285714,2.957142857142857,4.5285714285714285,4.614285714285714,0.5571428571428572,2.5,89.14285714285714,0.1701428571428571,28.571428571428573,1.7857142857142858,0.0,15.7,147.72857142857143,1019.2142857142856,89.55714285714285,7.514285714285714,1708
10.014285714285714,4.371428571428572,7.028571428571429,8.942857142857143,0.7714285714285715,4.642857142857143,83.22857142857143,0.7805714285714285,42.85714285714285,2.381428571428572,0.0,28.585714285714285,270.0142857142857,1008.6857142857144,65.24285714285715,25.857142857142858,1400
18.142857142857142,10.957142857142856,14.7,18.142857142857142,10.814285714285717,14.657142857142858,86.65714285714286,1.5247142857142857,85.71428571428571,11.31,0.0,18.67142857142857,155.15714285714284,1014.0285714285714,75.92857142857143,14.157142857142857,1024
18.085714285714285,13.328571428571427,15.55714285714286,18.085714285714285,13.042857142857144,15.542857142857144,77.8,0.1145714285714285,28.571428571428573,2.38,0.0,24.12857142857143,209.6142857142857,1022.4857142857144,65.72857142857143,33.714285714285715,835
11.314285714285717,7.742857142857142,9.37142857142857,11.05714285714286,6.257142857142857,8.485714285714286,86.48571428571428,1.9962857142857144,100.0,11.311428571428571,0.0,13.014285714285714,87.67142857142858,1010.1142857142858,63.114285714285714,9.3,952
7.457142857142857,1.4142857142857144,4.228571428571429,4.271428571428571,-2.7,0.5285714285714285,70.42857142857143,0.4331428571428571,28.571428571428573,2.381428571428572,0.0,23.5,82.42857142857143,1010.6857142857144,71.8,14.214285714285714,1122
8.171428571428573,3.985714285714285,6.142857142857143,5.5,0.057142857142857,3.085714285714286,86.07142857142857,2.060142857142857,100.0,7.141428571428572,0.0,33.42857142857143,246.95714285714288,1003.2571428571428,82.64285714285714,21.7,1628
22.5,12.828571428571427,17.785714285714285,22.5,12.828571428571427,17.785714285714285,70.37142857142858,0.0,0.0,0.0,0.0,22.2,162.95714285714286,1016.5714285714286,53.31428571428573,25.0,1016
17.257142857142856,9.128571428571428,13.428571428571429,17.257142857142856,8.528571428571428,13.285714285714286,71.05714285714285,3.682142857142857,100.0,5.954285714285715,0.0,23.942857142857143,240.25714285714284,1007.7142857142856,62.58571428571429,25.085714285714285,945
6.328571428571428,2.0,4.328571428571428,3.571428571428572,-1.0857142857142856,1.4428571428571428,85.82857142857142,2.363571428571429,100.0,8.335714285714285,0.0,19.842857142857145,248.64285714285717,997.6428571428572,69.08571428571429,14.657142857142857,1066
22.428571428571427,14.12857142857143,18.1,22.428571428571427,14.12857142857143,18.1,67.41428571428571,0.8552857142857143,57.142857142857146,4.167142857142857,0.0,20.87142857142857,243.77142857142852,1015.8285714285714,50.885714285714286,32.528571428571425,913
19.685714285714287,12.814285714285717,16.142857142857142,19.685714285714287,12.814285714285717,16.142857142857142,67.08571428571427,0.2644285714285714,85.71428571428571,5.359999999999999,0.0,22.12857142857143,261.7857142857143,1016.8571428571428,78.54285714285713,39.75714285714286,851
13.44285714285714,7.185714285714286,10.571428571428571,13.385714285714286,7.1571428571428575,10.385714285714286,84.07142857142857,0.2285714285714286,14.285714285714286,0.5957142857142858,0.0,19.985714285714288,227.12857142857143,1025.428571428571,71.88571428571429,16.82857142857143,1411
12.085714285714284,2.914285714285714,7.771428571428571,10.957142857142856,0.9571428571428572,6.3,63.35714285714285,0.0385714285714285,14.285714285714286,0.5957142857142858,0.0,21.085714285714285,160.41428571428574,1020.9285714285714,51.471428571428575,22.485714285714288,1533
12.971428571428572,8.042857142857143,10.314285714285717,12.971428571428572,5.828571428571428,9.3,83.68571428571428,3.481428571428572,85.71428571428571,9.524285714285714,0.0,24.985714285714288,221.72857142857143,1010.3714285714286,83.10000000000001,18.442857142857143,1187
1.3714285714285717,-1.4285714285714286,-0.0857142857142856,-2.157142857142857,-5.514285714285714,-3.7857142857142856,81.62857142857142,0.6820000000000002,57.142857142857146,4.167142857142857,4.342857142857143,17.928571428571427,62.771428571428565,1008.5857142857144,72.08571428571429,14.071428571428571,951
2.3428571428571425,-1.457142857142857,0.4142857142857142,-0.9428571428571428,-5.057142857142857,-3.157142857142857,85.65714285714286,0.2612857142857143,57.142857142857146,3.571428571428572,0.0,20.357142857142858,177.1857142857143,1018.7857142857144,61.85714285714285,14.4,1260
19.3,12.314285714285717,15.757142857142856,19.3,12.314285714285717,15.757142857142856,79.65714285714286,1.1992857142857145,71.42857142857143,5.951428571428571,0.0,31.5,221.9857142857143,1013.2285714285716,62.82857142857143,23.67142857142857,1201
17.485714285714288,9.228571428571428,13.685714285714283,17.485714285714288,8.171428571428573,13.4,70.14285714285714,0.0541428571428571,14.285714285714286,0.5957142857142858,0.0,23.9,233.2571428571429,1014.9571428571428,73.35714285714286,26.542857142857144,1349
12.014285714285714,7.428571428571429,9.671428571428573,11.514285714285714,5.042857142857144,8.628571428571428,78.82857142857142,1.0842857142857143,57.142857142857146,4.1657142857142855,0.0,21.685714285714287,248.27142857142857,1021.4285714285714,84.01428571428572,27.228571428571428,906
8.457142857142857,0.7999999999999999,4.414285714285715,6.285714285714286,-2.0285714285714285,1.8,72.92857142857143,0.0248571428571428,14.285714285714286,0.5957142857142858,0.0,24.914285714285715,290.5,1012.3,68.47142857142858,21.17142857142857,1387
8.785714285714286,4.042857142857143,6.514285714285714,7.814285714285714,0.7857142857142856,4.157142857142857,89.82857142857142,2.624714285714286,85.71428571428571,5.951428571428571,0.0,23.642857142857142,196.4857142857143,994.2285714285716,88.05714285714285,12.857142857142858,1512
15.185714285714289,8.042857142857143,11.585714285714284,15.185714285714289,6.085714285714286,11.014285714285714,78.58571428571429,0.9481428571428572,71.42857142857143,5.357142857142857,0.0,25.15714285714285,182.22857142857143,1005.657142857143,64.77142857142857,16.22857142857143,1359
10.028571428571428,4.514285714285714,7.057142857142857,9.142857142857142,2.3000000000000003,5.614285714285714,87.57142857142857,0.1152857142857143,71.42857142857143,6.547142857142857,0.0,15.757142857142856,194.52857142857144,1026.642857142857,65.27142857142857,15.357142857142858,986
13.385714285714286,6.314285714285715,9.785714285714286,13.385714285714286,5.228571428571429,9.214285714285714,83.02857142857144,0.5151428571428571,100.0,6.547142857142857,0.0,16.314285714285713,198.17142857142855,1010.0428571428572,58.114285714285714,19.75714285714286,961
15.928571428571429,9.357142857142858,12.6,15.928571428571429,8.071428571428571,12.357142857142858,78.7,0.545,57.142857142857146,4.1657142857142855,0.0,26.842857142857145,226.42857142857144,1006.7,71.0,20.24285714285714,1266
8.0,2.157142857142857,4.457142857142857,6.1571428571428575,-1.2285714285714289,1.7428571428571429,84.75714285714285,1.4600000000000002,85.71428571428571,5.3585714285714285,0.0,22.37142857142857,173.45714285714286,1026.2571428571428,61.771428571428565,14.142857142857142,1433
19.928571428571427,12.7,16.47142857142857,19.928571428571427,12.7,16.45714285714286,80.01428571428572,0.3558571428571428,57.142857142857146,2.9771428571428573,0.0,21.02857142857143,227.18571428571428,1017.4142857142856,80.71428571428571,22.2,1205
16.857142857142858,7.528571428571429,12.6,16.857142857142858,7.228571428571429,12.385714285714286,70.91428571428571,0.0608571428571428,14.285714285714286,1.19,0.0,20.042857142857144,139.28571428571428,1017.8571428571428,62.642857142857146,22.7,1227
9.242857142857144,3.7142857142857135,6.6000000000000005,6.185714285714285,0.2571428571428572,3.5285714285714285,83.9,2.132285714285714,100.0,5.952857142857143,0.0,33.57142857142857,219.9857142857143,1006.5571428571428,63.5,28.057142857142857,1660
18.514285714285712,12.12857142857143,15.171428571428573,18.514285714285712,12.12857142857143,15.171428571428573,82.94285714285715,3.511142857142857,100.0,9.521428571428572,0.0,24.071428571428573,167.65714285714284,1010.4,65.42857142857143,21.1,1099
10.328571428571427,5.342857142857143,8.0,9.642857142857142,2.5571428571428574,6.185714285714285,82.11428571428571,0.1715714285714285,57.142857142857146,2.9771428571428573,0.0,28.27142857142857,260.6,1022.9857142857144,76.92857142857143,19.642857142857142,1583
8.942857142857143,3.671428571428572,6.242857142857143,6.957142857142857,1.3571428571428572,4.185714285714286,75.41428571428571,0.4004285714285714,42.85714285714285,2.975714285714285,0.0,21.057142857142857,242.78571428571428,1028.4142857142856,75.64285714285714,19.428571428571427,1115
17.757142857142856,12.642857142857142,15.085714285714284,17.757142857142856,12.642857142857142,15.085714285714284,83.25714285714285,6.322571428571429,100.0,10.714285714285714,0.0,26.557142857142857,199.25714285714284,1006.3714285714286,66.25714285714285,19.385714285714283,1049
13.7,5.5,9.471428571428572,13.7,3.2857142857142856,8.242857142857144,76.55714285714285,0.0711428571428571,42.85714285714285,2.381428571428572,0.0,23.97142857142857,226.8571428571429,1028.5142857142855,60.92857142857143,13.94285714285714,1382
18.45714285714286,12.37142857142857,15.342857142857143,18.45714285714286,12.37142857142857,15.342857142857143,79.08571428571429,3.619428571428571,85.71428571428571,9.524285714285714,0.0,27.357142857142858,223.7,1005.842857142857,52.65714285714286,25.3,814
11.714285714285714,4.357142857142857,7.614285714285714,10.885714285714286,2.071428571428572,5.8,74.48571428571428,0.8235714285714286,28.571428571428573,1.7857142857142858,0.0,21.185714285714287,129.67142857142858,1016.9571428571428,71.95714285714286,8.971428571428572,1211
7.628571428571428,3.457142857142857,5.557142857142857,6.785714285714286,1.3714285714285714,3.8428571428571434,85.68571428571428,0.0071428571428571,28.571428571428573,1.1914285714285715,0.0,17.014285714285716,242.04285714285717,1031.6857142857143,82.97142857142856,10.685714285714283,1353
9.542857142857144,4.885714285714286,7.3,7.414285714285714,1.2857142857142858,4.071428571428571,83.10000000000001,2.7841428571428573,71.42857142857143,3.5728571428571425,0.0,35.357142857142854,215.2,1006.4285714285714,70.74285714285715,22.32857142857143,1611
11.185714285714283,2.8857142857142857,7.214285714285714,10.87142857142857,0.5428571428571428,5.314285714285715,74.52857142857144,2.226714285714286,71.42857142857143,5.951428571428571,0.0,27.65714285714285,252.82857142857145,1012.0285714285714,62.971428571428575,24.3,1488
17.342857142857145,9.042857142857144,13.028571428571428,17.342857142857145,7.6571428571428575,12.514285714285714,74.38571428571429,1.7874285714285711,57.142857142857146,2.9771428571428573,0.0,24.571428571428573,177.18571428571428,1016.6285714285714,62.94285714285714,23.17142857142857,1175
21.2,11.828571428571427,16.47142857142857,21.2,11.828571428571427,16.47142857142857,72.55714285714285,0.0137142857142857,14.285714285714286,0.5957142857142858,0.0,17.985714285714288,143.92857142857144,1023.9285714285714,58.971428571428575,14.9,1238
21.88571428571429,13.385714285714286,17.442857142857143,21.88571428571429,13.385714285714286,17.442857142857143,65.94285714285715,2.192,57.142857142857146,6.548571428571429,0.0,21.142857142857142,189.1,1011.5,60.58571428571429,28.47142857142857,828
18.8,11.657142857142857,14.657142857142858,18.8,11.3,14.62857142857143,77.14285714285714,3.847714285714285,100.0,10.118571428571428,0.0,20.942857142857143,247.04285714285717,1016.3714285714286,74.07142857142857,22.942857142857143,882
22.214285714285715,14.12857142857143,17.857142857142858,22.214285714285715,14.12857142857143,17.857142857142858,64.5,0.0574285714285714,28.571428571428573,1.1914285714285715,0.0,21.785714285714285,220.42857142857144,1021.0571428571428,60.57142857142857,28.814285714285717,809
17.871428571428574,12.828571428571427,15.042857142857144,17.871428571428574,12.828571428571427,15.042857142857144,81.68571428571428,1.026142857142857,57.142857142857146,4.761428571428572,0.0,23.15714285714285,185.9857142857143,1013.9,66.68571428571428,13.614285714285714,906
13.414285714285716,7.371428571428572,10.44285714285714,13.414285714285716,4.471428571428572,9.5,80.22857142857143,1.0602857142857145,71.42857142857143,4.167142857142857,0.0,38.08571428571429,217.97142857142856,1000.9428571428572,86.65714285714286,19.27142857142857,1494
4.585714285714286,1.2857142857142858,2.9714285714285715,1.4285714285714286,-2.4285714285714284,-0.6714285714285714,82.68571428571428,2.573,100.0,10.118571428571428,0.0,22.62857142857143,50.74285714285714,1012.4428571428572,73.47142857142856,9.657142857142858,1128
25.642857142857142,14.142857142857142,19.74285714285714,25.4,14.142857142857142,19.7,63.62857142857143,0.0,0.0,0.0,0.0,17.857142857142858,233.28571428571428,1017.2714285714284,49.92857142857143,25.300000000000004,1153
6.585714285714286,0.3714285714285715,3.4714285714285715,4.942857142857143,-2.0,1.6428571428571428,90.05714285714285,0.6828571428571429,85.71428571428571,3.5742857142857143,0.0,18.514285714285712,275.4714285714286,1022.3,45.971428571428575,15.6,1389
20.3,12.885714285714286,16.414285714285715,20.3,12.885714285714286,16.414285714285715,74.81428571428572,1.8094285714285716,71.42857142857143,2.9785714285714286,0.0,20.885714285714283,159.25714285714284,1021.0,69.05714285714285,20.0,1161
21.4,13.4,17.257142857142856,21.4,13.4,17.257142857142856,81.35714285714286,0.6335714285714287,28.571428571428573,1.7857142857142858,0.0,16.257142857142856,176.35714285714286,1018.5571428571428,61.54285714285714,12.514285714285714,1176
12.085714285714284,7.271428571428572,9.771428571428572,11.62857142857143,4.228571428571429,8.0,82.94285714285715,4.126142857142858,100.0,11.904285714285717,0.0,34.68571428571429,220.82857142857145,1002.9428571428572,56.01428571428571,25.185714285714287,924
15.671428571428573,8.628571428571428,12.214285714285714,15.671428571428573,7.614285714285714,11.87142857142857,81.14285714285714,0.625,57.142857142857146,3.571428571428572,0.0,21.65714285714285,249.08571428571423,1005.9571428571428,63.785714285714285,19.0,1330
14.62857142857143,8.814285714285715,11.457142857142856,14.62857142857143,7.314285714285715,10.957142857142856,76.37142857142858,0.2207142857142857,42.85714285714285,1.7871428571428571,0.0,19.442857142857143,279.1,1017.0714285714286,88.65714285714286,18.685714285714287,1188
25.62857142857143,16.071428571428573,20.74285714285714,25.557142857142857,16.071428571428573,20.75714285714286,61.6,0.992,42.85714285714285,1.7871428571428571,0.0,18.814285714285717,230.12857142857143,1017.7571428571428,47.871428571428574,33.07142857142857,832
18.67142857142857,11.8,15.242857142857144,18.67142857142857,11.314285714285717,15.171428571428573,75.95714285714287,0.8702857142857142,100.0,4.764285714285714,0.0,23.25714285714286,260.4,1016.9857142857144,50.67142857142857,27.9,886
9.314285714285717,4.457142857142857,7.071428571428571,8.128571428571428,1.1428571428571428,4.828571428571429,84.88571428571429,3.9084285714285714,85.71428571428571,8.332857142857144,0.4857142857142857,21.428571428571427,260.2285714285714,1017.0285714285714,75.27142857142857,17.214285714285715,1283
15.185714285714283,8.414285714285715,11.957142857142856,15.185714285714283,6.571428571428571,11.485714285714286,82.42857142857143,0.2017142857142857,42.85714285714285,1.7871428571428571,0.0,28.52857142857143,220.3571428571429,1002.8142857142856,76.62857142857142,27.11428571428572,1414
14.87142857142857,9.1,11.714285714285714,14.87142857142857,6.700000000000001,11.171428571428573,80.97142857142856,0.4898571428571428,71.42857142857143,3.5728571428571425,0.0,32.2,207.42857142857144,1004.8285714285714,87.62857142857142,20.085714285714285,1671
18.32857142857143,11.342857142857142,14.8,18.32857142857143,10.971428571428572,14.714285714285714,72.62857142857142,1.3315714285714286,85.71428571428571,9.524285714285714,0.0,13.37142857142857,189.3,1020.7428571428572,83.78571428571429,15.285714285714286,1008
19.728571428571428,12.357142857142858,16.2,19.728571428571428,12.228571428571428,16.185714285714287,75.27142857142857,0.0108571428571428,57.142857142857146,2.382857142857143,0.0,22.957142857142856,293.1428571428572,1015.8285714285714,84.95714285714287,21.228571428571428,1091
15.585714285714284,6.585714285714286,11.12857142857143,15.585714285714284,6.428571428571429,11.042857142857144,74.34285714285714,0.0,0.0,0.0,0.0,18.12857142857143,94.94285714285716,1023.3857142857142,56.54285714285714,17.04285714285714,1357
12.771428571428572,9.085714285714284,11.328571428571427,12.771428571428572,7.814285714285715,10.9,78.67142857142858,1.6035714285714284,85.71428571428571,7.141428571428572,0.0,28.442857142857143,219.1,1022.9571428571428,69.22857142857143,20.75714285714286,948
19.642857142857142,11.657142857142857,15.757142857142856,19.642857142857142,11.657142857142857,15.757142857142856,71.45714285714286,1.3188571428571427,71.42857142857143,6.548571428571429,0.0,26.414285714285715,202.8,1013.4571428571428,63.22857142857144,26.8,807
18.12857142857143,8.528571428571428,13.228571428571428,18.12857142857143,6.685714285714285,12.685714285714283,74.52857142857144,0.3387142857142857,28.571428571428573,1.1914285714285715,0.0,21.02857142857143,117.74285714285716,1018.4285714285714,79.61428571428571,13.971428571428572,1359
20.7,14.357142857142858,17.3,20.7,14.357142857142858,17.3,80.10000000000001,4.509857142857142,71.42857142857143,6.548571428571429,0.0,19.785714285714285,240.7142857142857,1017.8571428571428,71.62857142857142,22.9,878
11.842857142857143,7.057142857142857,9.728571428571428,11.357142857142858,5.714285714285714,8.885714285714286,78.92857142857143,0.8588571428571429,71.42857142857143,5.951428571428571,0.0,24.4,249.3142857142857,1011.1714285714286,71.91428571428571,20.914285714285715,1054
14.271428571428572,7.8428571428571425,11.028571428571428,14.271428571428572,6.1000000000000005,10.428571428571429,81.37142857142858,0.6077142857142857,57.142857142857146,3.5728571428571425,0.0,24.62857142857143,159.1142857142857,1007.5571428571428,55.142857142857146,18.214285714285715,949
19.242857142857144,11.214285714285714,15.014285714285714,19.242857142857144,11.042857142857144,14.985714285714286,64.07142857142857,0.598,71.42857142857143,5.357142857142857,0.0,22.87142857142857,272.4857142857143,1013.7857142857144,58.5,36.4,833
17.285714285714285,11.214285714285714,13.785714285714286,17.285714285714285,11.214285714285714,13.785714285714286,77.97142857142856,6.448571428571428,100.0,11.904285714285717,0.0,21.7,135.4,1011.9285714285714,81.04285714285713,28.542857142857144,882
8.77142857142857,4.271428571428571,6.557142857142857,7.471428571428571,2.185714285714286,4.614285714285714,88.52857142857144,0.2901428571428571,28.571428571428573,1.1914285714285715,0.0,20.185714285714287,253.32857142857145,1018.6,83.57142857142857,11.385714285714284,1814
9.328571428571427,2.9714285714285715,6.042857142857143,7.8428571428571425,1.2714285714285716,4.5,85.98571428571428,2.5805714285714285,100.0,13.095714285714283,0.0,18.87142857142857,216.8142857142857,1003.4714285714286,54.75714285714286,17.842857142857145,1135
11.642857142857142,6.771428571428571,9.44285714285714,11.185714285714283,4.828571428571428,8.4,84.5,0.9478571428571428,85.71428571428571,6.547142857142857,0.0,20.37142857142857,149.9857142857143,1018.1285714285714,78.2,10.914285714285716,1153
7.085714285714286,1.4428571428571428,4.242857142857143,5.242857142857143,-0.3714285714285714,2.128571428571429,85.22857142857143,1.7108571428571426,71.42857142857143,4.762857142857143,0.0,16.02857142857143,280.24285714285713,1028.7857142857142,57.35714285714285,17.842857142857145,1277
8.4,2.6,5.614285714285714,6.342857142857143,-0.4285714285714285,3.0285714285714285,85.89999999999999,0.2311428571428571,42.85714285714285,1.7871428571428571,0.0,26.485714285714288,295.8428571428572,1022.8,67.72857142857143,15.828571428571433,1501
9.085714285714284,3.7571428571428567,6.371428571428572,7.542857142857143,1.2571428571428571,3.985714285714285,82.31428571428572,2.084,100.0,8.331428571428571,0.4714285714285714,21.8,178.8857142857143,992.9285714285714,73.01428571428572,15.857142857142858,1167
10.857142857142858,4.728571428571429,7.642857142857143,10.0,1.9285714285714288,5.614285714285714,82.71428571428571,0.9405714285714284,100.0,8.927142857142858,0.8428571428571429,23.24285714285714,248.08571428571423,1000.8857142857142,51.44285714285714,31.214285714285715,928
17.885714285714283,10.042857142857144,13.985714285714286,17.885714285714283,9.44285714285714,13.87142857142857,83.02857142857144,0.5242857142857142,57.142857142857146,4.1657142857142855,0.0,20.057142857142857,191.8857142857143,1018.6428571428572,64.82857142857144,23.7,1134
16.457142857142856,11.228571428571428,13.44285714285714,16.457142857142856,10.328571428571427,13.271428571428572,80.68571428571428,2.293714285714285,85.71428571428571,5.952857142857143,0.0,28.54285714285714,242.2142857142857,1002.6714285714286,80.35714285714286,23.17142857142857,1349
18.27142857142857,11.7,14.714285714285714,18.27142857142857,11.7,14.714285714285714,78.02857142857144,0.2465714285714285,100.0,4.764285714285714,0.0,22.77142857142857,266.62857142857143,1013.1,66.94285714285715,18.942857142857143,1066
20.314285714285717,12.742857142857144,16.142857142857142,20.314285714285717,12.742857142857144,16.142857142857142,84.45714285714287,0.0037142857142857,28.571428571428573,1.1914285714285715,0.0,19.15714285714285,74.54285714285713,1023.7571428571428,67.84285714285714,7.371428571428572,1366
10.028571428571428,3.557142857142857,6.414285714285714,8.842857142857143,0.7428571428571428,4.185714285714286,77.05714285714285,0.057,42.85714285714285,2.381428571428572,0.0,20.785714285714285,54.771428571428565,1030.6,64.55714285714285,12.214285714285714,1088
13.5,7.957142857142856,10.528571428571428,13.285714285714286,6.342857142857143,9.685714285714283,86.22857142857143,6.150285714285714,71.42857142857143,5.355714285714286,0.0,20.25714285714286,163.32857142857142,1001.3571428571428,72.45714285714287,23.11428571428572,1257
0.2857142857142857,-1.842857142857143,-0.6428571428571429,-3.0142857142857147,-7.128571428571428,-5.057142857142857,82.51428571428572,0.0258571428571428,14.285714285714286,0.5957142857142858,1.65,21.957142857142856,56.1,1015.0857142857144,96.07142857142856,12.37142857142857,2151
19.75714285714286,12.9,16.185714285714287,19.75714285714286,12.528571428571428,16.142857142857142,82.51428571428572,1.512571428571429,42.85714285714285,2.381428571428572,0.0,25.0,245.3,1015.4,78.05714285714285,17.45714285714286,1237
11.62857142857143,4.885714285714286,8.328571428571427,10.957142857142856,2.5285714285714285,6.785714285714286,81.55714285714285,0.2692857142857143,57.142857142857146,2.9771428571428573,0.0,20.857142857142858,212.7142857142857,1024.5428571428572,67.94285714285715,15.271428571428572,1315
18.17142857142857,10.142857142857142,13.7,18.17142857142857,9.757142857142856,13.571428571428571,69.0,0.0858571428571428,28.571428571428573,1.7857142857142858,0.0,17.54285714285714,122.8,1008.8285714285714,63.6,17.114285714285714,1007
5.528571428571429,1.914285714285714,3.814285714285714,3.857142857142857,-1.7285714285714284,1.0571428571428572,81.01428571428572,3.148285714285714,85.71428571428571,10.715714285714286,4.2,18.32857142857143,158.95714285714286,1012.1857142857144,76.05714285714285,14.0,1057
20.7,14.714285714285714,17.385714285714286,20.7,14.714285714285714,17.385714285714286,83.88571428571427,1.6615714285714287,100.0,10.714285714285714,0.0,20.32857142857143,236.58571428571423,1010.9857142857144,60.17142857142857,22.014285714285712,813
17.728571428571428,10.0,13.9,17.728571428571428,8.871428571428572,13.62857142857143,75.47142857142856,0.2018571428571428,100.0,6.55,0.0,22.62857142857143,250.3571428571429,1017.9,49.52857142857143,16.82857142857143,925
10.228571428571428,3.571428571428572,6.871428571428572,9.057142857142855,1.3285714285714287,5.028571428571429,79.54285714285713,1.5408571428571427,85.71428571428571,5.954285714285715,0.0,19.62857142857143,195.2,1010.5428571428572,45.65714285714286,25.37142857142857,929
18.0,10.757142857142856,14.37142857142857,18.0,10.342857142857143,14.342857142857143,74.62857142857142,0.0,0.0,0.0,0.0,22.62857142857143,45.21428571428572,1018.5857142857144,72.97142857142856,20.82857142857143,1212
18.085714285714285,9.342857142857143,13.614285714285714,18.085714285714285,8.414285714285715,13.271428571428572,68.45714285714286,0.1578571428571428,28.571428571428573,1.7857142857142858,0.0,21.814285714285717,254.27142857142857,1020.9285714285714,51.957142857142856,29.04285714285714,880
10.771428571428572,5.728571428571429,8.585714285714285,9.785714285714286,2.814285714285714,6.528571428571429,82.95714285714287,2.28,100.0,13.095714285714283,0.0,31.82857142857143,216.3,1005.3142857142856,76.08571428571429,19.514285714285712,1250
11.4,5.914285714285714,8.485714285714286,11.142857142857142,3.742857142857143,6.842857142857143,85.64285714285714,0.0328571428571428,28.571428571428573,1.1914285714285715,0.0,24.842857142857145,204.82857142857145,1024.6285714285714,51.77142857142858,13.857142857142858,1363
10.157142857142857,6.171428571428572,8.371428571428572,9.242857142857144,3.7285714285714286,6.771428571428571,87.37142857142858,3.261,100.0,10.118571428571428,0.0,23.485714285714288,162.92857142857142,1006.3571428571428,83.77142857142857,14.814285714285717,1227
6.728571428571429,1.9857142857142855,4.242857142857143,4.057142857142857,-1.2285714285714284,1.414285714285714,75.10000000000001,0.186,57.142857142857146,2.9771428571428573,0.0,20.82857142857143,261.5285714285714,1025.0285714285717,75.89999999999999,17.928571428571427,1252
21.12857142857143,11.44285714285714,16.3,21.12857142857143,11.271428571428572,16.242857142857144,65.21428571428571,0.0,0.0,0.0,0.0,16.885714285714286,242.04285714285717,1023.6285714285714,47.75714285714286,19.414285714285715,1126
5.1000000000000005,-0.4857142857142857,1.957142857142857,2.314285714285714,-4.2,-1.1857142857142855,83.28571428571429,0.061,28.571428571428573,1.7857142857142858,0.0,18.957142857142856,159.1,1014.2142857142856,62.52857142857143,4.8,1659
7.242857142857143,2.5285714285714285,5.1000000000000005,4.114285714285715,-1.0857142857142856,1.5714285714285714,86.54285714285713,6.722,85.71428571428571,8.331428571428571,0.0,29.7,220.77142857142857,991.5857142857144,60.42857142857143,22.557142857142857,1158
23.042857142857144,11.8,17.357142857142858,22.97142857142857,11.685714285714283,17.342857142857145,69.82857142857144,0.1151428571428571,14.285714285714286,0.5957142857142858,0.0,15.771428571428572,267.1714285714286,1021.4285714285714,46.91428571428571,28.5,767
10.828571428571427,5.3,8.542857142857143,10.342857142857143,2.857142857142857,7.128571428571428,83.81428571428572,4.867285714285714,100.0,10.714285714285714,0.0,30.928571428571427,190.3571428571429,1015.5428571428572,67.5,20.857142857142858,979
8.971428571428572,3.5285714285714285,6.314285714285714,6.557142857142857,0.2714285714285715,3.4,76.37142857142858,3.0557142857142856,85.71428571428571,9.524285714285714,0.0,26.2,204.9,1010.0571428571428,68.6,23.685714285714287,1073
20.885714285714283,11.071428571428571,15.928571428571429,20.885714285714283,10.5,15.842857142857143,60.32857142857142,0.1327142857142857,28.571428571428573,1.1914285714285715,0.0,32.15714285714286,83.82857142857142,1015.7285714285716,58.67142857142858,20.514285714285712,1135
10.071428571428571,2.7285714285714286,6.714285714285714,8.257142857142856,-0.5428571428571428,3.814285714285714,78.35714285714286,0.2665714285714285,28.571428571428573,1.1914285714285715,0.0,29.61428571428572,249.3142857142857,1024.1714285714286,65.34285714285714,18.257142857142856,1526
6.414285714285714,0.1,3.414285714285714,3.5,-3.4714285714285715,0.0428571428571428,85.71428571428571,0.4837142857142857,71.42857142857143,4.762857142857143,0.0,28.11428571428572,245.3,1000.9857142857144,56.3,19.32857142857143,1736
17.071428571428573,8.957142857142857,13.0,17.071428571428573,8.457142857142857,12.914285714285716,69.65714285714286,0.314,28.571428571428573,1.1914285714285715,0.0,22.82857142857143,133.45714285714286,1017.5428571428572,45.92857142857143,14.185714285714283,1131
19.042857142857144,10.285714285714286,14.728571428571428,19.02857142857143,9.771428571428572,14.62857142857143,83.11428571428571,0.5795714285714285,42.85714285714285,2.381428571428572,0.0,25.87142857142857,201.45714285714288,1007.9857142857144,63.25714285714286,17.842857142857145,1253
20.11428571428572,10.714285714285714,15.242857142857144,20.11428571428572,10.714285714285714,15.242857142857144,74.61428571428571,0.0252857142857142,42.85714285714285,1.7871428571428571,0.0,14.44285714285714,252.8142857142857,1024.428571428571,44.21428571428572,12.557142857142855,878
8.157142857142857,1.9285714285714288,5.028571428571429,6.585714285714286,0.3571428571428571,3.6142857142857134,82.61428571428571,0.956857142857143,57.142857142857146,3.571428571428572,0.0,16.7,220.6,1020.2142857142856,53.785714285714285,17.02857142857143,1225
7.957142857142857,1.1142857142857143,4.457142857142857,7.2,-0.8142857142857142,3.3428571428571425,84.12857142857142,0.0701428571428571,42.85714285714285,1.7871428571428571,0.0,16.685714285714287,188.27142857142857,1020.0428571428572,59.74285714285715,9.214285714285714,1486
18.814285714285717,11.285714285714286,15.0,18.814285714285717,11.114285714285714,14.957142857142856,78.34285714285714,1.4134285714285717,57.142857142857146,4.167142857142857,0.0,19.642857142857142,238.77142857142857,1013.9857142857144,62.7,26.4,851
4.928571428571429,-0.1428571428571428,2.457142857142857,1.4428571428571428,-4.114285714285715,-1.2714285714285716,70.17142857142856,0.0597142857142857,71.42857142857143,4.167142857142857,0.0,21.5,88.88571428571429,1024.5,70.68571428571428,11.257142857142856,1111
11.014285714285714,5.514285714285714,8.214285714285714,10.657142857142857,3.7142857142857135,6.571428571428571,73.87142857142858,0.0,0.0,0.0,0.0,21.585714285714285,257.5,1009.342857142857,86.0,19.77142857142857,1142
11.785714285714286,2.657142857142857,7.1571428571428575,11.7,0.0428571428571428,5.485714285714286,76.82857142857142,0.7097142857142857,28.571428571428573,1.7857142857142858,0.0,21.557142857142857,214.4857142857143,1019.8,66.58571428571429,12.714285714285714,1735
16.814285714285713,9.014285714285714,12.842857142857143,16.814285714285713,8.8,12.671428571428573,63.957142857142856,0.7164285714285715,57.142857142857146,4.762857142857143,0.0,24.285714285714285,201.8571428571429,1014.1285714285714,64.1,27.214285714285715,862
5.7,-0.4857142857142857,2.5285714285714285,3.257142857142857,-2.2857142857142856,0.4571428571428572,80.7,0.5734285714285715,100.0,5.954285714285715,0.0,17.085714285714285,280.98571428571427,1025.3714285714286,56.5,15.271428571428572,1329
14.414285714285716,6.114285714285714,10.185714285714283,14.014285714285714,3.757142857142857,8.871428571428572,72.68571428571428,0.6867142857142856,85.71428571428571,6.545714285714285,0.0,26.15714285714285,241.82857142857145,999.9142857142856,69.35714285714286,20.61428571428572,1132
10.757142857142856,-0.3142857142857143,4.571428571428571,10.214285714285714,-1.2,3.885714285714286,75.34285714285714,0.0197142857142857,71.42857142857143,2.9785714285714286,0.0,12.742857142857144,142.72857142857143,1031.4571428571428,34.25714285714286,13.242857142857144,1217
19.985714285714288,14.357142857142858,17.0,19.985714285714288,14.357142857142858,17.0,78.08571428571429,2.0682857142857145,100.0,11.904285714285717,0.0,22.25714285714286,201.37142857142857,1011.1285714285714,63.52857142857143,25.257142857142856,805
21.4,10.4,15.757142857142858,21.4,10.4,15.757142857142858,73.27142857142857,0.0,0.0,0.0,0.0,16.1,212.04285714285717,1023.3142857142856,48.285714285714285,12.171428571428573,1257
16.057142857142857,9.44285714285714,12.785714285714286,16.057142857142857,9.071428571428571,12.685714285714283,78.41428571428571,0.1012857142857142,28.571428571428573,1.7857142857142858,0.0,20.342857142857145,174.9857142857143,1010.6,72.84285714285714,12.171428571428573,1200
18.17142857142857,11.2,14.771428571428572,18.17142857142857,11.0,14.757142857142856,79.7,1.3285714285714287,85.71428571428571,5.357142857142857,0.0,27.27142857142857,239.04285714285717,1007.2142857142856,78.0,29.15714285714285,1150
9.885714285714286,1.7285714285714284,5.871428571428572,8.8,0.3999999999999999,4.342857142857143,83.5,0.5592857142857143,42.85714285714285,2.975714285714285,0.0,17.885714285714286,211.3857142857143,1019.1857142857144,58.48571428571428,14.928571428571429,1859
11.928571428571429,5.228571428571429,8.257142857142856,11.44285714285714,2.7285714285714286,6.371428571428572,75.81428571428572,1.761,71.42857142857143,5.355714285714286,0.0,27.357142857142858,185.7,1003.9857142857144,75.78571428571429,24.7,1383
10.72857142857143,3.5285714285714285,6.942857142857143,10.114285714285714,1.1285714285714286,5.042857142857143,71.58571428571429,1.4285714285714286,100.0,8.334285714285715,0.0,22.071428571428573,138.9857142857143,1010.4428571428572,55.57142857142857,21.228571428571428,890
21.38571428571429,13.457142857142856,17.085714285714285,21.38571428571429,13.457142857142856,17.085714285714285,71.54285714285713,2.13,71.42857142857143,5.954285714285715,0.0,23.942857142857143,247.7,1011.342857142857,55.7,33.92857142857143,833
17.3,7.442857142857143,12.485714285714286,17.3,5.814285714285715,11.9,71.95714285714286,0.1678571428571428,42.85714285714285,1.7871428571428571,0.0,19.885714285714283,75.71428571428571,1016.3285714285714,41.871428571428574,15.37142857142857,1216
14.671428571428573,9.87142857142857,12.042857142857144,14.671428571428573,8.557142857142857,11.714285714285714,82.34285714285714,0.5402857142857143,57.142857142857146,4.167142857142857,0.0,22.228571428571428,115.35714285714286,1009.0142857142856,71.24285714285715,12.62857142857143,1204
19.142857142857142,11.728571428571428,15.1,19.142857142857142,11.585714285714284,15.071428571428571,73.05714285714285,0.7695714285714285,71.42857142857143,5.357142857142857,0.0,17.014285714285716,198.75714285714284,1020.6142857142858,56.82857142857142,19.957142857142856,830
12.814285714285717,7.885714285714286,10.342857142857142,12.814285714285717,6.542857142857143,9.857142857142858,84.51428571428572,0.7564285714285715,57.142857142857146,4.761428571428572,0.0,14.657142857142858,133.1,1019.0,71.28571428571429,14.385714285714284,1022
15.842857142857143,11.2,13.328571428571427,15.842857142857143,11.057142857142855,13.314285714285717,91.32857142857142,0.2658571428571428,57.142857142857146,2.9771428571428573,0.0,18.585714285714285,134.05714285714288,1016.3,83.15714285714286,5.914285714285714,1282
12.8,4.557142857142857,8.171428571428573,12.8,4.0285714285714285,7.614285714285714,85.17142857142858,0.0185714285714285,42.85714285714285,1.7871428571428571,0.0,12.828571428571427,255.05714285714288,1021.9571428571428,60.21428571428572,12.7,1237
10.285714285714286,3.271428571428572,6.8,8.628571428571428,-0.3428571428571428,3.7142857142857135,77.74285714285715,0.326,85.71428571428571,4.168571428571428,0.0,34.58571428571429,261.0142857142857,1006.8571428571428,69.11428571428571,23.62857142857143,1521
17.9,11.357142857142858,14.55714285714286,17.9,11.228571428571428,14.528571428571428,79.61428571428573,1.8575714285714289,57.142857142857146,2.9771428571428573,0.0,30.47142857142857,210.1142857142857,1003.4428571428572,67.77142857142857,26.042857142857144,1312
19.8,11.285714285714286,15.957142857142856,19.8,11.085714285714284,15.94285714285714,69.84285714285714,1.3137142857142856,42.85714285714285,4.167142857142857,0.0,16.557142857142857,279.9142857142857,1021.2714285714284,47.21428571428572,23.714285714285715,916
4.6000000000000005,-0.5714285714285715,1.657142857142857,1.3714285714285714,-5.185714285714285,-2.171428571428572,82.91428571428571,0.904,57.142857142857146,3.571428571428572,0.0,25.25714285714286,245.3142857142857,1018.3,48.885714285714286,25.385714285714283,1506
6.442857142857143,2.371428571428571,4.371428571428572,3.585714285714286,-1.2,1.2571428571428571,77.07142857142857,0.1157142857142857,14.285714285714286,1.19,0.0,23.442857142857143,183.7,1026.0285714285717,70.17142857142856,13.1,1560
13.042857142857144,8.642857142857142,10.928571428571429,13.042857142857144,8.014285714285714,10.7,84.27142857142857,0.5058571428571429,100.0,7.141428571428572,0.0,20.457142857142856,137.57142857142858,1012.4571428571428,87.24285714285715,11.8,1312
12.414285714285716,5.514285714285714,8.614285714285714,11.885714285714286,2.8857142857142857,6.557142857142857,78.67142857142858,1.495428571428571,85.71428571428571,3.5742857142857143,0.0,29.257142857142856,235.4,999.5,71.84285714285714,23.428571428571427,1469
6.1000000000000005,1.3285714285714283,3.814285714285714,4.128571428571428,-0.5999999999999999,1.4142857142857144,88.48571428571428,0.6362857142857142,71.42857142857143,4.761428571428572,0.0,16.414285714285715,271.0142857142857,1014.5142857142856,74.82857142857142,10.771428571428572,1199
1.9714285714285715,-4.385714285714285,-1.2714285714285716,-0.0571428571428571,-6.985714285714287,-3.257142857142857,85.5,0.1062857142857142,42.85714285714285,1.7871428571428571,0.0,11.442857142857145,105.21428571428572,1027.0142857142855,49.77142857142858,12.1,1310
6.814285714285715,1.0571428571428572,3.985714285714285,4.257142857142857,-2.3428571428571425,1.1428571428571428,77.82857142857142,0.6088571428571429,85.71428571428571,6.545714285714285,1.0,22.11428571428572,286.62857142857143,999.2,82.10000000000001,22.014285714285712,1180
9.014285714285714,4.471428571428571,6.9,7.685714285714285,2.271428571428572,5.242857142857143,85.39999999999999,0.6138571428571428,42.85714285714285,3.5700000000000003,0.0,25.27142857142857,142.02857142857144,1008.7428571428572,85.18571428571428,10.785714285714286,1625
9.428571428571429,4.3,7.257142857142857,7.128571428571428,0.6142857142857142,4.4,77.2,0.5442857142857143,100.0,5.954285714285715,0.0,29.3,249.65714285714284,1007.0285714285714,45.142857142857146,33.27142857142857,1002
22.385714285714283,14.328571428571427,18.37142857142857,22.071428571428573,14.328571428571427,18.3,67.45714285714286,0.9925714285714288,57.142857142857146,5.952857142857143,0.0,25.4,199.22857142857143,1016.1,58.18571428571429,21.585714285714285,1101
5.571428571428571,0.2142857142857142,2.8000000000000003,2.5,-4.1571428571428575,-1.457142857142857,82.75714285714285,0.5660000000000001,71.42857142857143,2.9785714285714286,0.1333333333333333,31.885714285714283,300.9857142857143,1014.5428571428572,61.31428571428571,20.057142857142857,1784
5.342857142857143,0.057142857142857,2.571428571428572,4.2,-1.7714285714285716,1.2142857142857142,90.37142857142858,0.0382857142857142,14.285714285714286,0.5957142857142858,0.0,12.428571428571429,212.72857142857143,1024.185714285714,49.971428571428575,6.342857142857143,1512
13.728571428571428,4.328571428571428,8.771428571428572,13.728571428571428,2.5,7.857142857142857,73.47142857142856,0.0305714285714285,57.142857142857146,2.9771428571428573,0.0,19.47142857142857,254.1142857142857,1030.3714285714286,40.72857142857144,15.742857142857142,946
9.014285714285714,0.6571428571428571,4.957142857142856,7.6,-1.414285714285714,2.9285714285714284,73.07142857142857,1.2902857142857145,85.71428571428571,8.334285714285715,0.4714285714285714,19.74285714285714,268.5571428571429,1003.8571428571428,42.58571428571429,24.585714285714285,1032
12.185714285714283,3.6571428571428575,8.285714285714286,11.314285714285717,1.7571428571428571,6.9,67.1,0.3985714285714286,28.571428571428573,1.7857142857142858,0.0,19.685714285714287,78.71428571428571,1018.9714285714286,64.37142857142858,19.314285714285717,1145
23.1,14.55714285714286,18.74285714285714,23.1,14.55714285714286,18.74285714285714,73.11428571428571,0.0141428571428571,28.571428571428573,1.1914285714285715,0.0,24.15714285714285,259.0857142857143,1017.2285714285716,65.34285714285714,24.585714285714285,1231
11.05714285714286,6.257142857142857,8.814285714285715,10.185714285714283,5.171428571428572,7.885714285714286,87.58571428571429,0.6205714285714287,42.85714285714285,1.7871428571428571,0.0,21.585714285714285,212.52857142857144,1019.7857142857144,83.34285714285714,13.957142857142856,1420
12.385714285714286,4.857142857142857,8.528571428571428,11.957142857142856,2.628571428571429,7.185714285714285,70.95714285714286,0.3172857142857143,71.42857142857143,3.5728571428571425,0.0,21.085714285714285,186.3571428571429,1009.4428571428572,58.971428571428575,24.214285714285715,988
16.871428571428574,9.94285714285714,13.12857142857143,16.871428571428574,9.657142857142857,13.085714285714284,80.04285714285713,0.6927142857142856,85.71428571428571,7.737142857142857,0.0,15.828571428571427,277.45714285714286,1017.1285714285714,60.371428571428574,19.74285714285714,914
7.871428571428572,2.6000000000000005,5.785714285714286,6.728571428571429,0.1000000000000002,3.6714285714285713,80.27142857142857,2.9614285714285717,71.42857142857143,4.761428571428572,0.0,24.414285714285715,215.2142857142857,1012.7142857142856,68.12857142857142,20.17142857142857,1224
18.9,10.44285714285714,15.242857142857144,18.9,10.3,15.214285714285714,65.61428571428571,0.0,0.0,0.0,0.0,17.04285714285714,209.47142857142856,1021.0142857142856,59.84285714285714,28.414285714285715,1048
6.485714285714286,2.7285714285714286,4.728571428571429,5.814285714285715,0.5142857142857143,2.914285714285714,84.47142857142856,2.987714285714286,85.71428571428571,7.738571428571428,0.0,16.04285714285714,253.6142857142857,1012.4142857142856,73.14285714285714,13.671428571428573,1254
19.47142857142857,13.457142857142856,16.114285714285714,19.47142857142857,13.457142857142856,16.114285714285714,78.64285714285714,2.2318571428571428,85.71428571428571,8.332857142857142,0.0,24.685714285714287,224.78571428571428,1008.9571428571428,57.371428571428574,26.47142857142857,781
21.785714285714285,12.914285714285716,17.214285714285715,21.785714285714285,12.914285714285716,17.214285714285715,64.51428571428572,0.3732857142857143,57.142857142857146,4.1657142857142855,0.0,20.442857142857143,262.2857142857143,1017.7857142857144,67.77142857142857,31.3,899
7.642857142857143,0.9857142857142858,4.185714285714285,5.014285714285714,-2.657142857142857,1.0857142857142856,72.77142857142857,0.2105714285714285,42.85714285714285,2.381428571428572,0.0,22.914285714285715,135.02857142857144,1014.7142857142856,63.7,19.61428571428572,1614
7.385714285714286,3.914285714285714,5.842857142857143,6.457142857142856,1.8,4.414285714285714,90.07142857142857,0.8065714285714286,85.71428571428571,4.168571428571428,0.0,15.0,173.58571428571432,1007.6,89.98571428571428,8.585714285714285,1638
18.357142857142858,11.985714285714286,15.042857142857144,18.357142857142858,11.957142857142856,15.042857142857144,81.84285714285714,3.621714285714286,100.0,12.5,0.0,21.071428571428573,218.12857142857143,1012.9571428571428,75.35714285714286,22.185714285714287,995
9.44285714285714,5.785714285714286,7.414285714285714,7.971428571428571,3.3000000000000003,5.214285714285714,89.10000000000001,4.892857142857143,85.71428571428571,7.738571428571428,0.0,19.442857142857143,205.65714285714284,1005.1714285714286,62.17142857142857,20.62857142857143,1071
14.071428571428571,9.414285714285716,11.571428571428571,14.071428571428571,8.371428571428572,11.3,73.92857142857143,0.0297142857142857,42.85714285714285,2.381428571428572,0.0,18.65714285714285,23.4,1020.8,65.92857142857143,19.62857142857143,866
20.314285714285717,13.028571428571428,16.514285714285712,20.314285714285717,13.028571428571428,16.514285714285712,74.44285714285715,1.4804285714285714,42.85714285714285,1.7871428571428571,0.0,24.52857142857143,242.08571428571423,1014.5428571428572,78.01428571428572,25.142857142857142,1115
6.2,2.3714285714285714,4.2,5.728571428571429,0.3857142857142857,3.0142857142857147,92.48571428571428,0.0249999999999999,71.42857142857143,4.168571428571428,0.0,11.228571428571428,176.3857142857143,1035.1571428571428,85.34285714285714,5.128571428571428,1380
16.52857142857143,9.542857142857144,13.214285714285714,16.52857142857143,8.114285714285714,12.828571428571427,83.12857142857142,1.5114285714285711,100.0,5.3585714285714285,0.0,26.685714285714287,181.7428571428572,1002.6,79.57142857142857,19.15714285714285,1369
9.757142857142856,2.857142857142857,6.557142857142857,7.971428571428571,-0.0428571428571428,3.942857142857143,77.7,1.2739999999999998,57.142857142857146,5.952857142857143,1.0,26.62857142857143,210.8142857142857,1014.5571428571428,53.07142857142857,24.557142857142857,1062
22.81428571428572,14.271428571428572,18.585714285714285,22.81428571428572,14.271428571428572,18.585714285714285,66.81428571428572,1.4271428571428573,42.85714285714285,2.975714285714285,0.0,17.914285714285715,138.5,1017.5857142857144,63.75714285714286,32.8,779
30.62857142857143,18.5,24.4,30.342857142857145,18.5,24.32857142857143,57.371428571428574,0.8547142857142856,14.285714285714286,0.5957142857142858,0.0,18.24285714285714,237.32857142857145,1014.0857142857144,34.32857142857143,25.785714285714285,981
9.057142857142855,4.3,6.7,7.828571428571428,1.2571428571428571,4.671428571428572,86.39999999999999,1.425857142857143,28.571428571428573,2.38,0.0,20.3,142.04285714285714,1017.7,84.85714285714286,10.357142857142858,1594
17.97142857142857,10.285714285714286,14.328571428571427,17.97142857142857,10.05714285714286,14.314285714285717,67.4,0.1734285714285714,71.42857142857143,3.5728571428571425,0.0,20.65714285714285,226.45714285714288,1012.9285714285714,55.5,29.4,860
5.7,-0.9857142857142857,2.271428571428572,3.357142857142857,-2.8857142857142857,0.0142857142857143,91.21428571428572,0.4347142857142857,100.0,7.737142857142857,0.0,17.1,265.2857142857143,1017.8,49.39999999999999,12.314285714285717,1138
8.485714285714286,2.3000000000000003,5.4,5.985714285714286,-1.657142857142857,2.3000000000000003,77.32857142857142,0.6558571428571428,57.142857142857146,3.571428571428572,0.0,28.65714285714285,201.52857142857144,1004.3,74.67142857142858,21.428571428571427,1417
18.5,10.914285714285716,14.814285714285711,18.5,10.714285714285714,14.8,80.47142857142858,0.458,57.142857142857146,3.571428571428572,0.0,22.014285714285712,263.6142857142857,1016.8714285714286,78.15714285714286,18.557142857142857,1214
16.514285714285716,8.82857142857143,12.357142857142858,16.514285714285716,8.057142857142857,12.185714285714283,77.81428571428572,3.805285714285714,100.0,11.31,0.0,23.971428571428568,206.2,1005.6857142857144,51.94285714285714,23.5,808
11.171428571428573,4.914285714285714,8.342857142857143,10.642857142857142,2.5,6.785714285714286,76.89999999999999,0.7344285714285714,71.42857142857143,3.5728571428571425,0.0,29.642857142857142,223.8142857142857,1014.0857142857144,82.54285714285713,24.514285714285712,1254
14.6,8.528571428571428,11.528571428571428,14.6,7.428571428571429,11.214285714285714,85.22857142857143,0.8828571428571428,85.71428571428571,4.168571428571428,0.0,22.61428571428572,200.1,1007.1,77.89999999999999,19.885714285714283,1287
10.5,4.871428571428572,7.885714285714285,9.128571428571428,2.242857142857143,5.442857142857143,80.05714285714285,4.795571428571429,100.0,9.524285714285714,0.0,29.414285714285715,244.25714285714284,999.8714285714286,54.52857142857143,16.95714285714286,1052
4.628571428571428,-0.9714285714285714,1.7714285714285716,3.371428571428571,-3.2571428571428567,0.0857142857142857,89.41428571428571,0.407,71.42857142857143,3.5728571428571425,0.0,13.385714285714286,225.45714285714288,1026.7714285714285,55.35714285714285,8.442857142857143,1441
10.785714285714286,5.528571428571429,8.257142857142856,10.314285714285717,2.7,6.271428571428571,85.24285714285715,3.617,100.0,5.952857142857143,0.0,34.457142857142856,214.4857142857143,1011.0,61.271428571428565,23.82857142857143,1368
8.485714285714286,4.285714285714286,6.542857142857144,7.457142857142857,1.2571428571428571,4.514285714285714,77.14285714285714,0.2865714285714286,42.85714285714285,2.381428571428572,0.0,23.214285714285715,183.42857142857144,1018.0,52.271428571428565,19.957142857142856,933
3.8285714285714287,-2.0571428571428574,0.9285714285714286,0.8142857142857142,-5.557142857142857,-2.5142857142857147,82.10000000000001,1.583714285714286,85.71428571428571,8.930000000000001,0.2,22.542857142857144,119.75714285714284,1014.8571428571428,59.957142857142856,17.342857142857145,1239
6.257142857142857,0.8428571428571429,3.414285714285714,3.5,-2.7142857142857144,0.1714285714285714,86.15714285714286,1.3517142857142856,42.85714285714285,2.381428571428572,7.5,22.02857142857143,175.78571428571428,998.3,75.45714285714287,14.985714285714284,1929
22.542857142857144,14.585714285714284,17.942857142857143,22.542857142857144,14.585714285714284,17.942857142857143,76.17142857142858,0.7409999999999999,42.85714285714285,2.9771428571428573,0.0,15.94285714285714,64.24285714285715,1016.2285714285716,60.84285714285714,11.214285714285714,874
11.471428571428572,6.385714285714285,9.4,11.471428571428572,3.2857142857142856,8.0,83.75714285714285,5.533,85.71428571428571,5.357142857142857,0.0,36.771428571428565,218.0428571428572,989.6714285714286,74.98571428571428,16.285714285714285,2148
22.02857142857143,10.928571428571429,16.728571428571428,22.02857142857143,10.62857142857143,16.685714285714287,63.21428571428572,0.0807142857142857,42.85714285714285,3.571428571428572,0.0,20.885714285714283,94.12857142857142,1019.7714285714284,52.3,17.785714285714285,897
8.242857142857144,3.128571428571429,5.671428571428572,5.728571428571429,-1.1285714285714286,2.0571428571428574,81.72857142857143,0.936,71.42857142857143,4.167142857142857,0.0,33.957142857142856,247.87142857142857,1000.7428571428572,72.02857142857142,26.11428571428572,1593
16.485714285714288,8.671428571428573,12.4,16.485714285714288,8.328571428571427,12.142857142857142,80.61428571428571,0.9702857142857144,28.571428571428573,1.1914285714285715,0.0,23.685714285714287,217.5142857142857,1016.6,62.642857142857146,19.057142857142857,1309
19.62857142857143,12.62857142857143,16.142857142857142,19.62857142857143,12.328571428571427,16.114285714285714,76.10000000000001,0.5502857142857143,71.42857142857143,5.952857142857143,0.0,20.02857142857143,261.1714285714285,1017.2428571428572,61.142857142857146,30.185714285714287,829
11.071428571428571,5.128571428571428,7.728571428571429,10.714285714285714,1.7571428571428571,5.442857142857142,76.01428571428572,1.054857142857143,85.71428571428571,7.737142857142857,0.0428571428571428,26.142857142857142,266.8857142857143,1023.657142857143,65.9,26.11428571428572,1033
5.242857142857143,0.7142857142857142,2.9714285714285715,2.942857142857143,-1.6428571428571428,0.7285714285714286,82.05714285714285,0.0388571428571428,28.571428571428573,1.1914285714285715,0.0,16.82857142857143,104.6,1020.2571428571428,70.57142857142857,10.485714285714286,1530
21.214285714285715,13.785714285714286,17.557142857142857,21.17142857142857,13.785714285714286,17.54285714285714,75.77142857142857,5.489285714285715,85.71428571428571,9.522857142857143,0.0,23.471428571428568,169.97142857142856,1007.4142857142856,60.7,28.47142857142857,834
0.142857142857143,-3.7857142857142856,-1.6714285714285713,-2.385714285714286,-7.700000000000001,-5.2,82.45714285714287,0.9068571428571428,42.85714285714285,2.381428571428572,67.43333333333334,18.642857142857142,39.32857142857143,1026.0,73.39999999999999,5.242857142857143,1586
9.357142857142858,4.014285714285714,6.628571428571428,8.342857142857143,1.985714285714285,5.171428571428572,89.25714285714285,0.0,0.0,0.0,0.0,25.65714285714285,224.57142857142856,1011.8285714285714,75.41428571428571,15.057142857142855,1506
14.114285714285714,5.742857142857143,9.514285714285716,14.114285714285714,4.714285714285714,8.871428571428572,82.07142857142857,0.421,42.85714285714285,2.381428571428572,0.0,16.314285714285713,269.0857142857143,1023.0857142857144,66.9,18.457142857142856,1209
13.257142857142856,6.328571428571428,9.857142857142858,13.257142857142856,4.1,8.585714285714285,79.17142857142858,1.1644285714285714,71.42857142857143,7.142857142857143,0.0142857142857142,23.485714285714288,245.78571428571428,1017.4,61.74285714285714,19.17142857142857,1056
20.12857142857143,9.971428571428572,15.271428571428572,20.12857142857143,9.457142857142856,15.12857142857143,73.31428571428572,1.541,71.42857142857143,4.168571428571428,0.0,21.285714285714285,173.55714285714288,1021.4714285714284,47.32857142857143,26.214285714285715,855
12.971428571428572,5.871428571428572,9.485714285714286,12.971428571428572,4.0285714285714285,8.285714285714286,69.52857142857142,0.729,42.85714285714285,1.7871428571428571,0.0,21.142857142857142,128.35714285714286,1007.3571428571428,73.28571428571429,19.87142857142857,1168
7.028571428571429,0.7857142857142857,4.428571428571429,4.357142857142857,-2.271428571428572,1.4285714285714286,87.05714285714285,0.6091428571428572,71.42857142857143,2.9785714285714286,0.0,20.785714285714285,199.87142857142857,1021.3,76.98571428571428,17.442857142857143,1477
19.8,12.714285714285714,16.257142857142856,19.8,12.714285714285714,16.257142857142856,78.14285714285714,3.1632857142857143,85.71428571428571,11.31,0.0,24.514285714285712,190.2142857142857,1006.8,49.65714285714286,16.128571428571426,890
9.342857142857143,2.8428571428571425,5.885714285714286,7.028571428571429,-1.0714285714285714,2.4285714285714284,75.85714285714286,1.7495714285714286,100.0,5.952857142857143,0.0,33.01428571428571,256.3285714285714,1005.8571428571428,70.6,28.214285714285715,1261
20.914285714285715,11.214285714285714,16.32857142857143,20.914285714285715,11.214285714285714,16.32857142857143,62.91428571428571,0.0287142857142857,14.285714285714286,0.5957142857142858,0.0,23.785714285714285,193.9142857142857,1025.4,52.32857142857143,26.11428571428572,1102
10.05714285714286,4.357142857142857,7.5,7.671428571428572,0.6428571428571429,4.557142857142857,81.52857142857144,0.7604285714285715,85.71428571428571,4.762857142857143,0.0,39.271428571428565,239.8857142857143,1010.2428571428572,66.45714285714286,27.228571428571428,1699
23.11428571428572,13.671428571428573,18.75714285714286,23.11428571428572,13.671428571428573,18.77142857142857,68.44285714285714,0.0717142857142857,14.285714285714286,0.5957142857142858,0.0,15.328571428571433,256.25714285714287,1020.4,68.45714285714286,17.47142857142857,1038
6.6571428571428575,3.0,4.7,5.042857142857143,0.3571428571428571,2.557142857142857,84.92857142857143,1.2027142857142858,57.142857142857146,6.547142857142857,0.0,15.614285714285714,108.52857142857144,1015.657142857143,77.84285714285714,13.257142857142856,1115
11.3,7.0,9.228571428571428,11.1,6.457142857142857,8.8,88.87142857142858,5.573571428571428,85.71428571428571,12.501428571428573,0.0,12.6,161.58571428571426,1013.7,74.31428571428572,8.528571428571428,1007
9.9,2.7,6.171428571428572,8.128571428571428,0.2857142857142857,3.671428571428572,71.71428571428571,0.2505714285714285,42.85714285714285,2.381428571428572,0.0,25.32857142857143,36.42857142857143,1024.4857142857145,58.15714285714286,15.814285714285717,1294
6.928571428571429,2.0,4.8,4.442857142857142,-1.1857142857142855,1.9285714285714288,72.85714285714286,0.7075714285714286,71.42857142857143,5.952857142857143,0.0,23.77142857142857,206.0142857142857,1018.8142857142856,68.58571428571427,23.61428571428571,1167
13.457142857142856,9.285714285714286,11.414285714285716,13.457142857142856,7.985714285714287,11.12857142857143,84.35714285714286,3.4455714285714287,100.0,12.501428571428573,0.0,23.485714285714288,229.14285714285717,1015.1142857142858,80.58571428571429,19.12857142857143,1066
10.842857142857143,4.457142857142857,7.3428571428571425,10.485714285714286,3.585714285714286,6.642857142857143,84.72857142857143,0.914,57.142857142857146,2.9771428571428573,0.0,13.3,172.5,1025.142857142857,80.24285714285715,10.071428571428571,1283
19.814285714285717,12.742857142857144,16.014285714285712,19.814285714285717,12.742857142857144,16.014285714285712,79.28571428571429,0.0007142857142857,14.285714285714286,0.5957142857142858,0.0,15.857142857142858,219.2428571428572,1020.1285714285714,72.08571428571429,12.228571428571428,1161
25.214285714285715,14.9,19.9,25.071428571428573,14.9,19.885714285714283,64.75714285714285,1.817428571428572,28.571428571428573,2.975714285714285,0.0,17.614285714285714,174.18571428571428,1014.4857142857144,53.52857142857143,29.571428571428573,913
21.62857142857143,12.9,16.97142857142857,21.62857142857143,12.9,16.97142857142857,74.65714285714286,0.697,57.142857142857146,5.951428571428571,0.0,26.314285714285717,215.64285714285717,1012.9714285714286,55.24285714285714,28.02857142857143,788
10.87142857142857,4.971428571428571,8.071428571428571,10.87142857142857,2.3857142857142857,5.928571428571429,78.39999999999999,1.0937142857142856,100.0,8.930000000000001,0.0,27.071428571428573,219.3428571428572,1004.0714285714286,56.58571428571429,23.142857142857142,955
23.385714285714283,16.314285714285713,19.728571428571428,23.385714285714283,16.314285714285713,19.728571428571428,68.87142857142858,0.834,71.42857142857143,4.167142857142857,0.0,22.857142857142858,179.44285714285712,1015.2857142857144,66.85714285714286,29.52857142857143,781
14.842857142857143,8.957142857142857,11.757142857142856,14.842857142857143,7.985714285714286,11.457142857142856,78.5,1.3547142857142858,85.71428571428571,5.357142857142857,0.0,29.32857142857143,223.27142857142857,1008.1142857142858,68.82857142857144,20.785714285714285,1338
8.685714285714285,2.657142857142857,5.7,7.385714285714286,-0.0857142857142857,3.2,88.44285714285715,0.4518571428571428,14.285714285714286,0.5957142857142858,0.0,19.24285714285714,209.1285714285714,1026.1142857142856,69.57142857142857,11.87142857142857,1429
11.657142857142857,8.757142857142856,10.185714285714283,11.657142857142857,7.385714285714286,9.642857142857142,91.42857142857144,6.207571428571429,100.0,11.308571428571428,0.0,22.4,178.65714285714284,1004.5857142857144,84.62857142857142,13.742857142857144,1303
13.871428571428572,7.414285714285714,10.342857142857143,13.871428571428572,5.442857142857143,9.37142857142857,77.64285714285714,0.9601428571428572,100.0,5.952857142857143,0.0,27.942857142857143,209.45714285714288,998.3285714285714,69.02857142857142,26.17142857142857,1296
11.614285714285714,5.428571428571429,8.371428571428572,10.757142857142856,2.9714285714285715,6.642857142857143,76.51428571428572,0.6427142857142858,42.85714285714285,1.7871428571428571,0.0,24.957142857142856,248.95714285714288,1024.742857142857,58.957142857142856,29.414285714285715,1139
6.628571428571428,3.642857142857143,5.2,4.571428571428571,1.2,3.0285714285714285,81.52857142857144,0.6305714285714286,85.71428571428571,7.738571428571428,0.0,17.114285714285717,162.55714285714288,1027.7142857142858,81.04285714285713,14.357142857142858,1036
15.94285714285714,10.55714285714286,13.142857142857142,15.94285714285714,9.9,12.87142857142857,84.48571428571428,3.1105714285714288,85.71428571428571,8.332857142857142,0.0,18.785714285714285,268.9142857142857,1013.1857142857144,64.77142857142857,20.057142857142857,839
9.1,1.2285714285714284,5.385714285714286,7.385714285714286,-0.7,3.357142857142857,65.61428571428571,0.1095714285714285,28.571428571428573,1.7857142857142858,0.0,18.485714285714288,107.77142857142856,1021.8857142857142,60.2,21.185714285714287,1134
19.285714285714285,10.94285714285714,15.142857142857142,19.285714285714285,10.185714285714283,14.857142857142858,73.82857142857142,2.2875714285714284,85.71428571428571,9.524285714285714,0.0,22.5,233.8142857142857,1014.0,69.31428571428572,19.37142857142857,1059
21.242857142857144,13.2,17.4,21.242857142857144,13.2,17.4,65.2,0.0004285714285714,14.285714285714286,0.5957142857142858,0.0,19.4,198.7428571428572,1017.3,56.81428571428571,27.9,827
14.242857142857144,6.542857142857143,10.357142857142858,14.242857142857144,5.342857142857143,10.0,80.7,0.0287142857142857,42.85714285714285,1.7871428571428571,0.0,14.514285714285714,261.37142857142857,1022.1857142857144,50.371428571428574,17.928571428571427,952
8.714285714285714,3.6714285714285713,6.385714285714286,6.799999999999999,1.3571428571428572,3.885714285714286,86.02857142857144,2.1148571428571428,100.0,5.952857142857143,0.0,26.285714285714285,213.65714285714284,1002.7142857142856,71.38571428571429,22.25714285714286,1336
27.342857142857145,17.314285714285713,21.75714285714286,27.357142857142858,17.314285714285713,21.75714285714286,69.2,0.6055714285714285,71.42857142857143,5.357142857142857,0.0,18.357142857142858,137.57142857142858,1016.1285714285714,41.285714285714285,22.485714285714288,874
13.12857142857143,8.685714285714285,11.171428571428573,13.12857142857143,6.742857142857143,10.542857142857144,76.65714285714286,2.2488571428571427,85.71428571428571,8.332857142857142,0.0,32.67142857142857,234.8571428571429,1017.8285714285714,76.12857142857142,23.557142857142857,951
19.842857142857145,9.542857142857144,14.842857142857143,19.842857142857145,9.3,14.842857142857143,75.55714285714285,0.1588571428571428,57.142857142857146,2.9771428571428573,0.0,20.571428571428573,263.2142857142857,1021.2714285714284,52.17142857142857,21.914285714285715,1308
10.657142857142857,5.285714285714286,8.128571428571428,10.62857142857143,2.685714285714286,6.585714285714286,81.55714285714285,0.6305714285714286,71.42857142857143,4.167142857142857,0.0,25.67142857142857,172.5142857142857,1025.9428571428573,81.39999999999999,15.4,1169
16.585714285714285,7.871428571428572,12.528571428571428,16.585714285714285,7.3428571428571425,12.357142857142858,71.55714285714285,0.0,0.0,0.0,0.0,17.714285714285715,271.4857142857143,1015.7142857142856,69.25714285714285,25.942857142857143,1036
24.785714285714285,16.514285714285712,20.37142857142857,24.65714285714285,16.514285714285712,20.37142857142857,73.60000000000001,1.929714285714286,71.42857142857143,8.928571428571429,0.0,18.62857142857143,189.0,1007.3,61.04285714285714,18.071428571428573,933
13.257142857142856,7.028571428571429,10.642857142857142,13.257142857142856,5.371428571428572,10.028571428571428,82.18571428571428,1.5737142857142856,71.42857142857143,5.355714285714286,0.0,30.11428571428572,188.52857142857144,1010.4285714285714,77.7,22.47142857142857,1276
11.528571428571428,3.271428571428572,7.785714285714286,10.94285714285714,1.042857142857143,5.971428571428571,86.25714285714285,0.7690000000000001,57.142857142857146,2.382857142857143,0.0,24.11428571428572,210.3142857142857,1013.8142857142856,64.8,15.414285714285716,1470
19.571428571428573,12.857142857142858,16.057142857142857,19.571428571428573,12.857142857142858,16.057142857142857,75.7,5.166714285714286,71.42857142857143,5.3585714285714285,0.0,20.814285714285717,236.8714285714286,1017.8857142857142,60.62857142857143,27.928571428571427,905
4.0,-2.0142857142857147,0.9857142857142858,1.1714285714285713,-4.942857142857143,-1.7285714285714284,77.61428571428571,0.0022857142857142,14.285714285714286,0.5957142857142858,2.6666666666666665,18.22857142857143,129.07142857142858,1032.4,72.12857142857142,12.685714285714283,1905
8.485714285714286,1.5,4.571428571428571,6.857142857142857,-0.8428571428571429,2.6142857142857143,84.47142857142856,0.0169999999999999,14.285714285714286,0.5957142857142858,0.0,16.65714285714286,156.42857142857142,1020.5142857142856,76.64285714285714,6.1000000000000005,1792
20.928571428571427,13.528571428571428,16.614285714285714,20.928571428571427,13.528571428571428,16.614285714285714,85.37142857142858,0.1708571428571428,42.85714285714285,2.381428571428572,0.0,15.371428571428572,190.14285714285717,1021.0714285714286,59.24285714285714,11.071428571428571,1223
21.12857142857143,14.2,17.342857142857145,21.12857142857143,14.2,17.342857142857145,77.25714285714285,0.1995714285714285,42.85714285714285,2.9771428571428573,0.0,13.671428571428567,191.75714285714284,1023.6857142857144,64.95714285714286,18.314285714285717,885
23.085714285714285,14.857142857142858,18.65714285714285,23.085714285714285,14.857142857142858,18.67142857142857,73.95714285714287,1.0311428571428571,85.71428571428571,7.737142857142857,0.0,23.2,210.68571428571428,1015.9857142857144,65.38571428571429,26.357142857142858,1020
23.1,13.585714285714284,18.242857142857144,23.1,13.585714285714284,18.242857142857144,65.14285714285714,0.3148571428571428,28.571428571428573,1.1914285714285715,0.0,19.15714285714285,204.45714285714288,1017.7,66.8,25.957142857142856,1069
21.25714285714286,12.7,17.0,21.25714285714286,12.7,17.0,68.62857142857142,0.3625714285714286,28.571428571428573,1.7857142857142858,0.0,23.557142857142857,230.6142857142857,1012.6285714285714,67.62857142857142,30.057142857142857,1092
13.971428571428572,7.242857142857143,10.285714285714286,13.971428571428572,5.371428571428572,9.357142857142858,81.39999999999999,2.312428571428572,57.142857142857146,5.357142857142857,0.0,23.542857142857144,177.4857142857143,1013.7714285714284,59.04285714285714,14.885714285714284,1157
16.3,10.528571428571428,13.014285714285714,16.3,9.742857142857144,12.885714285714286,83.24285714285715,3.768428571428572,85.71428571428571,7.142857142857143,0.0,20.428571428571427,133.02857142857144,1013.2428571428572,49.84285714285714,14.285714285714286,931
18.642857142857142,6.385714285714286,12.014285714285714,18.642857142857142,5.542857142857143,11.671428571428573,63.771428571428565,0.0424285714285714,14.285714285714286,0.5957142857142858,0.0,14.7,134.25714285714284,1031.3428571428572,34.542857142857144,16.885714285714286,920
13.071428571428571,5.571428571428571,9.128571428571428,12.685714285714283,3.557142857142857,7.985714285714286,65.34285714285714,0.3138571428571429,57.142857142857146,4.167142857142857,0.0,17.72857142857143,250.64285714285717,1019.8,60.0,28.8,885
14.37142857142857,10.285714285714286,12.214285714285714,14.37142857142857,10.042857142857144,12.171428571428573,78.15714285714286,1.057,85.71428571428571,4.168571428571428,0.0,16.114285714285714,154.68571428571428,1021.1857142857144,85.17142857142858,19.585714285714285,986
19.542857142857144,14.071428571428571,16.67142857142857,19.542857142857144,13.857142857142858,16.642857142857142,81.17142857142858,0.2538571428571428,57.142857142857146,2.9771428571428573,0.0,17.785714285714285,233.57142857142856,1017.7142857142856,75.89999999999999,23.0,846
8.214285714285714,3.114285714285714,5.728571428571429,6.042857142857144,-0.2285714285714286,2.557142857142857,81.2,3.829571428571429,85.71428571428571,8.930000000000001,0.9142857142857144,30.542857142857144,239.22857142857143,999.4142857142856,51.01428571428572,30.228571428571428,1056
14.228571428571428,6.671428571428572,10.757142857142856,14.228571428571428,4.571428571428571,10.071428571428571,69.8,0.0,0.0,0.0,0.0,25.785714285714285,269.3857142857143,1008.842857142857,72.65714285714286,16.32857142857143,1347
8.857142857142858,2.4285714285714284,5.642857142857143,7.428571428571429,0.0285714285714284,3.542857142857143,80.58571428571429,2.424571428571429,100.0,8.930000000000001,1.0,20.61428571428572,130.81428571428572,1003.9142857142856,73.15714285714286,10.985714285714286,1307
11.114285714285714,8.057142857142857,9.6,10.985714285714286,6.528571428571429,8.9,88.5,2.3164285714285717,100.0,11.31,0.0,16.95714285714286,159.42857142857142,998.4857142857144,78.7,15.9,1004
15.6,11.44285714285714,13.242857142857144,15.6,11.257142857142856,13.22857142857143,77.74285714285715,0.0004285714285714,14.285714285714286,1.19,0.0,18.585714285714285,81.5,1018.0714285714286,67.91428571428571,18.62857142857143,887
14.5,6.128571428571428,10.357142857142858,14.5,4.271428571428571,9.6,76.44285714285715,0.5834285714285714,85.71428571428571,5.952857142857143,0.0,22.328571428571426,149.92857142857142,1007.3714285714286,70.01428571428572,22.1,1356
15.7,4.5285714285714285,9.94285714285714,15.7,3.057142857142857,9.142857142857142,61.08571428571429,0.0,0.0,0.0,0.0,21.057142857142857,177.47142857142856,1028.2,58.12857142857143,17.228571428571428,1172
17.8,11.685714285714283,14.514285714285714,17.8,11.62857142857143,14.514285714285714,82.94285714285715,0.0,0.0,0.0,0.0,11.985714285714286,210.3,1027.6571428571428,78.41428571428571,7.2,1355
10.142857142857142,3.914285714285714,7.571428571428571,8.871428571428572,1.1142857142857143,5.242857142857143,80.31428571428572,2.882571428571428,85.71428571428571,6.547142857142857,0.0,30.17142857142857,238.37142857142857,1001.3,64.68571428571428,26.2,1054
18.314285714285717,7.628571428571428,12.6,18.314285714285717,6.2,12.157142857142857,69.22857142857143,1.0705714285714285,57.142857142857146,4.167142857142857,0.0,19.957142857142856,237.2428571428571,1026.3142857142857,69.75714285714285,16.857142857142858,1100
11.185714285714283,5.6571428571428575,8.485714285714286,10.357142857142858,2.7285714285714286,6.6,80.60000000000001,0.1928571428571428,14.285714285714286,0.5957142857142858,0.0,25.957142857142856,240.4,1021.2714285714284,79.34285714285714,23.87142857142857,1277
23.15714285714285,12.62857142857143,17.871428571428574,23.15714285714285,12.62857142857143,17.871428571428574,68.6,0.0,0.0,0.0,0.0,16.77142857142857,129.95714285714286,1024.9428571428573,35.41428571428572,15.828571428571427,1090
20.5,11.4,16.099999999999998,20.5,11.214285714285714,16.071428571428573,68.44285714285715,1.1592857142857145,57.142857142857146,3.571428571428572,0.0,23.785714285714285,251.97142857142856,1013.0857142857144,55.75714285714286,23.414285714285715,1158
18.3,11.55714285714286,14.785714285714286,18.3,11.414285714285716,14.771428571428572,83.27142857142857,2.389714285714286,85.71428571428571,5.954285714285715,0.0142857142857142,18.67142857142857,134.3,1016.342857142857,70.45714285714286,14.828571428571427,918
26.642857142857142,16.342857142857145,21.6,26.357142857142858,16.342857142857145,21.557142857142857,60.642857142857146,0.2837142857142857,14.285714285714286,0.5957142857142858,0.0,19.042857142857144,219.3142857142857,1016.8857142857142,56.614285714285714,27.32857142857143,918
16.5,11.9,14.242857142857144,16.5,11.728571428571428,14.228571428571428,86.12857142857142,3.120142857142857,100.0,7.74,0.0,21.957142857142856,180.27142857142857,1007.7857142857144,61.385714285714286,21.842857142857145,896
10.87142857142857,5.985714285714286,8.414285714285715,9.985714285714286,4.714285714285714,7.528571428571429,83.55714285714285,0.0005714285714285,42.85714285714285,1.7871428571428571,0.0,17.385714285714286,144.44285714285715,1025.428571428571,57.92857142857143,13.728571428571428,1093
19.571428571428573,12.814285714285717,16.2,19.571428571428573,12.657142857142857,16.185714285714287,66.15714285714286,0.0451428571428571,71.42857142857143,2.9785714285714286,0.0,21.514285714285712,229.9857142857143,1022.4285714285714,74.81428571428572,30.24285714285714,1064
7.771428571428571,4.885714285714286,6.4,6.371428571428572,2.814285714285714,4.585714285714286,81.7,0.0648571428571428,42.85714285714285,1.7871428571428571,0.0,15.7,69.77142857142857,1030.0285714285717,84.21428571428571,9.8,1311
9.785714285714286,5.771428571428571,8.257142857142856,9.214285714285714,3.157142857142857,6.5,91.34285714285714,1.516714285714286,71.42857142857143,4.761428571428572,0.0,21.61428571428572,221.5,1026.9142857142856,80.05714285714285,11.614285714285714,1611
9.285714285714286,3.0285714285714285,6.828571428571428,6.7,-1.0285714285714287,3.542857142857143,78.5,0.9995714285714286,57.142857142857146,3.571428571428572,0.0,37.385714285714286,244.52857142857144,1004.2428571428572,64.65714285714286,30.585714285714285,1668
21.77142857142857,13.7,17.7,21.77142857142857,13.7,17.7,78.18571428571428,0.6931428571428572,71.42857142857143,4.762857142857143,0.0,15.785714285714286,143.55714285714285,1010.2857142857144,50.614285714285714,10.914285714285716,917
14.214285714285714,7.042857142857143,10.37142857142857,13.8,4.985714285714286,9.242857142857144,79.55714285714285,1.1884285714285714,85.71428571428571,7.737142857142857,0.0,21.3,132.64285714285714,1011.0428571428572,60.1,13.185714285714283,1029
19.685714285714287,11.928571428571429,15.614285714285714,19.685714285714287,11.885714285714286,15.614285714285714,81.04285714285713,2.3164285714285717,71.42857142857143,3.5728571428571425,0.0,22.1,281.3285714285714,1011.4285714285714,73.71428571428571,15.228571428571428,1229
11.05714285714286,3.642857142857143,6.842857142857143,10.685714285714283,1.0571428571428572,4.871428571428572,74.42857142857143,2.0725714285714285,57.142857142857146,5.952857142857143,0.0142857142857142,19.67142857142857,109.85714285714286,1006.4571428571428,65.37142857142858,15.957142857142856,1049
10.228571428571428,4.5285714285714285,7.528571428571429,9.314285714285717,1.4285714285714286,4.9,87.64285714285714,5.439428571428572,100.0,8.930000000000001,0.3571428571428571,32.028571428571425,218.77142857142857,999.5285714285714,59.94285714285714,19.685714285714287,1092
6.9,1.1428571428571428,3.914285714285714,4.828571428571428,-0.5428571428571428,2.185714285714286,82.85714285714286,0.3,100.0,5.3585714285714285,0.0,15.8,220.41428571428568,1023.4428571428572,72.4857142857143,14.94285714285714,1146
10.642857142857142,5.042857142857143,8.071428571428571,10.071428571428571,2.3714285714285714,6.057142857142857,86.42857142857143,0.354,57.142857142857146,2.382857142857143,0.0,26.085714285714285,204.2142857142857,1017.5142857142856,79.92857142857143,16.357142857142858,1521
10.37142857142857,4.771428571428571,7.585714285714286,8.87142857142857,1.4142857142857146,4.957142857142857,79.64285714285714,4.1417142857142855,100.0,6.547142857142857,0.0,35.51428571428571,219.2428571428572,1003.5285714285714,72.45714285714286,21.97142857142857,1342
19.214285714285715,13.285714285714286,16.142857142857142,19.214285714285715,13.285714285714286,16.142857142857142,80.54285714285713,3.688,100.0,12.501428571428573,0.0,13.485714285714286,172.37142857142857,1012.3714285714286,84.57142857142857,14.414285714285716,973
9.471428571428572,4.571428571428571,6.685714285714285,7.985714285714286,1.5285714285714285,4.371428571428572,83.21428571428571,0.4307142857142856,71.42857142857143,5.952857142857143,0.0571428571428571,19.62857142857143,136.14285714285714,1024.9428571428573,71.42857142857143,10.87142857142857,1106
13.071428571428571,6.871428571428571,10.157142857142857,13.071428571428571,5.114285714285714,9.328571428571427,79.58571428571429,0.6614285714285714,57.142857142857146,4.167142857142857,0.0,21.1,142.4,1017.6714285714286,78.74285714285715,22.571428571428573,1015
10.657142857142857,4.557142857142857,7.785714285714286,8.642857142857142,0.7999999999999999,4.842857142857143,74.24285714285715,0.6928571428571428,71.42857142857143,3.5728571428571425,0.0,38.0,256.1428571428572,1014.842857142857,72.08571428571429,28.142857142857142,1256
14.428571428571429,5.042857142857143,10.014285714285714,14.428571428571429,3.7142857142857135,9.185714285714283,76.45714285714287,0.4285714285714285,14.285714285714286,0.5957142857142858,0.0,20.457142857142856,232.68571428571428,1024.928571428571,50.642857142857146,14.557142857142855,1340
14.242857142857144,7.742857142857143,10.957142857142856,14.242857142857144,6.9,10.642857142857142,75.34285714285714,0.486,57.142857142857146,4.167142857142857,0.0,14.62857142857143,162.15714285714284,1020.0714285714286,69.32857142857144,10.971428571428572,986
15.514285714285714,9.571428571428571,12.6,15.514285714285714,8.628571428571428,12.44285714285714,85.61428571428571,3.4285714285714284,100.0,11.308571428571428,0.0,23.9,241.3571428571429,1008.1285714285714,59.971428571428575,13.914285714285716,925
21.61428571428572,12.985714285714286,17.642857142857142,21.61428571428572,12.985714285714286,17.642857142857142,65.2,0.1541428571428571,42.85714285714285,2.381428571428572,0.0,22.514285714285712,201.7142857142857,1016.157142857143,62.25714285714285,23.17142857142857,1066
5.842857142857143,2.7571428571428567,4.242857142857143,3.114285714285714,-1.414285714285714,0.6857142857142857,83.27142857142857,0.1232857142857142,71.42857142857143,3.5728571428571425,0.0,25.985714285714288,131.85714285714286,1016.9571428571428,92.92857142857144,10.757142857142856,1673
15.514285714285714,9.614285714285714,12.428571428571429,15.514285714285714,8.885714285714286,12.271428571428572,75.65714285714286,0.0512857142857142,28.571428571428573,1.7857142857142858,0.0,19.6,113.75714285714284,1015.4285714285714,76.48571428571428,19.3,981
13.4,6.414285714285714,9.842857142857143,13.4,4.114285714285715,8.742857142857144,81.85714285714286,2.192285714285714,85.71428571428571,4.762857142857143,0.0,30.685714285714287,230.9857142857143,1002.0571428571428,68.38571428571429,26.4,1288
11.657142857142858,2.028571428571429,6.814285714285715,11.385714285714286,0.9142857142857144,5.828571428571428,81.47142857142856,0.0,0.0,0.0,0.0,17.8,240.0142857142857,1028.8,56.62857142857143,11.5,1694
10.142857142857142,5.271428571428571,7.399999999999999,9.828571428571427,2.8714285714285714,5.857142857142857,84.47142857142856,4.337428571428572,100.0,7.738571428571428,0.0714285714285714,21.97142857142857,214.5142857142857,1011.0142857142856,76.74285714285715,14.828571428571427,1197
20.585714285714285,10.3,15.471428571428572,20.585714285714285,10.114285714285714,15.414285714285716,62.0,0.0,0.0,0.0,0.0,13.8,173.0,1023.4857142857144,60.5,22.242857142857144,1018
17.928571428571427,10.12857142857143,14.05714285714286,17.928571428571427,9.728571428571428,14.014285714285714,73.14285714285714,0.7774285714285715,57.142857142857146,2.9771428571428573,0.0,22.571428571428573,138.8,1012.1714285714286,71.75714285714285,20.9,1074
9.94285714285714,5.614285714285714,7.857142857142857,8.757142857142856,3.314285714285714,6.228571428571429,77.97142857142856,1.0074285714285711,57.142857142857146,3.571428571428572,0.0,18.67142857142857,126.15714285714286,1027.6142857142856,91.47142857142856,14.085714285714284,1199
19.528571428571432,12.12857142857143,15.914285714285716,19.528571428571432,12.12857142857143,15.914285714285716,66.15714285714286,1.4924285714285717,71.42857142857143,5.357142857142857,0.0,23.142857142857142,256.3285714285714,1010.2714285714284,62.48571428571428,35.08571428571428,815
6.671428571428572,0.7571428571428571,3.471428571428571,5.057142857142857,-1.085714285714286,1.7,89.05714285714285,0.1272857142857142,100.0,5.3585714285714285,0.0,12.857142857142858,158.02857142857144,1020.4428571428572,58.771428571428565,4.542857142857143,1935
21.88571428571429,13.214285714285714,17.685714285714287,21.88571428571429,12.928571428571429,17.67142857142857,69.35714285714286,0.1437142857142857,28.571428571428573,2.381428571428572,0.0,20.17142857142857,220.2142857142857,1018.2285714285716,50.142857142857146,28.52857142857143,877
18.5,13.457142857142856,15.685714285714283,18.5,13.457142857142856,15.685714285714283,81.27142857142857,1.4882857142857142,71.42857142857143,3.5728571428571425,0.0,20.0,180.5,1008.8571428571428,71.08571428571429,14.485714285714286,1224
19.12857142857143,12.257142857142856,15.514285714285714,19.12857142857143,12.257142857142856,15.514285714285714,74.88571428571429,3.674857142857143,57.142857142857146,4.761428571428572,0.0,20.6,274.1714285714286,1015.3857142857142,59.614285714285714,24.24285714285714,819
11.8,5.914285714285716,9.014285714285714,11.37142857142857,2.9142857142857146,7.171428571428572,75.42857142857143,0.408,71.42857142857143,4.762857142857143,0.0,32.614285714285714,250.8,1016.342857142857,68.71428571428571,25.814285714285717,1060
18.357142857142858,10.842857142857143,14.642857142857142,18.357142857142858,10.714285714285714,14.614285714285714,78.75714285714285,0.0731428571428571,42.85714285714285,1.7871428571428571,0.0,15.62857142857143,183.57142857142856,1024.9714285714283,73.01428571428572,15.657142857142857,1204
20.571428571428573,13.8,16.928571428571427,20.571428571428573,13.8,16.928571428571427,74.14285714285714,1.6782857142857142,85.71428571428571,4.762857142857143,0.0,20.6,138.18571428571428,1012.4857142857144,74.15714285714286,20.9,884
19.914285714285715,12.914285714285716,16.185714285714287,19.914285714285715,12.914285714285716,16.185714285714287,79.72857142857143,11.053285714285716,85.71428571428571,9.524285714285714,0.0,20.65714285714285,233.78571428571428,1012.3857142857142,67.88571428571429,22.057142857142857,878
12.642857142857142,8.142857142857142,10.5,12.642857142857142,6.714285714285714,9.542857142857144,84.61428571428571,1.429714285714286,100.0,7.141428571428572,0.0,19.02857142857143,258.18571428571425,1013.4857142857144,79.57142857142857,18.114285714285717,1189
27.8,16.97142857142857,22.61428571428572,27.74285714285714,16.97142857142857,22.61428571428572,61.34285714285715,0.2885714285714286,28.571428571428573,1.1914285714285715,0.0,17.97142857142857,224.4857142857143,1019.9857142857144,49.44285714285714,19.15714285714285,1390
3.857142857142857,-4.257142857142857,-0.2428571428571428,3.085714285714286,-4.857142857142857,-1.1142857142857143,82.48571428571428,0.0618571428571428,57.142857142857146,2.382857142857143,113.0,9.571428571428571,130.0142857142857,1035.8,25.15714285714285,5.628571428571428,1514
13.857142857142858,6.2,9.971428571428572,13.12857142857143,4.271428571428571,8.6,73.94285714285715,0.0,0.0,0.0,0.0,20.0,98.35714285714286,1023.2571428571428,75.15714285714286,9.685714285714283,1421
14.814285714285717,7.899999999999999,11.285714285714286,14.814285714285717,6.057142857142857,10.514285714285714,79.04285714285713,1.056857142857143,57.142857142857146,4.167142857142857,0.0,23.27142857142857,165.82857142857142,1006.9428571428572,87.82857142857142,16.1,1380
8.871428571428572,3.814285714285714,6.942857142857143,8.557142857142857,2.9857142857142853,6.4,88.5,0.0128571428571428,28.571428571428573,1.1914285714285715,0.0,10.657142857142857,200.3,1028.3142857142857,78.2,9.742857142857144,1076
9.157142857142857,3.7857142857142856,6.371428571428572,7.642857142857143,1.0714285714285714,3.871428571428571,82.11428571428571,3.851571428571429,85.71428571428571,7.142857142857143,0.0,22.914285714285715,228.0142857142857,1006.2571428571428,60.8,12.542857142857144,1139
11.542857142857144,5.842857142857143,8.528571428571428,11.142857142857142,3.242857142857143,6.585714285714286,74.3,1.6005714285714288,71.42857142857143,6.547142857142857,0.0,27.485714285714288,192.6142857142857,1006.2285714285716,56.871428571428574,25.342857142857145,944
13.271428571428572,5.771428571428571,9.142857142857142,13.271428571428572,3.6571428571428575,7.957142857142857,82.58571428571429,0.2858571428571428,42.85714285714285,3.571428571428572,0.0,18.357142857142858,203.8857142857143,1022.0285714285714,64.44285714285715,15.3,1032
18.528571428571432,10.928571428571429,14.657142857142857,18.528571428571432,10.657142857142857,14.6,77.22857142857143,3.345714285714286,85.71428571428571,8.335714285714287,0.0,22.5,210.68571428571428,1013.1142857142858,67.07142857142857,27.37142857142857,835
20.685714285714287,11.814285714285717,16.3,20.685714285714287,11.814285714285717,16.3,76.95714285714287,0.1865714285714285,57.142857142857146,3.571428571428572,0.0,16.485714285714288,117.34285714285714,1013.6,57.785714285714285,14.542857142857144,1117
19.228571428571428,11.285714285714286,15.05714285714286,19.228571428571428,11.285714285714286,15.05714285714286,69.71428571428571,2.332,57.142857142857146,3.571428571428572,0.0,18.214285714285715,170.1,1017.5571428571428,41.54285714285714,24.11428571428572,884
9.828571428571427,2.914285714285714,6.614285714285714,9.042857142857144,1.1857142857142855,5.185714285714285,85.68571428571428,0.5278571428571429,85.71428571428571,4.168571428571428,0.0,24.82857142857143,184.8428571428572,1017.3857142857142,58.1,16.7,1319
10.457142857142856,5.828571428571428,8.185714285714285,9.8,4.228571428571429,7.257142857142858,79.87142857142858,0.2071428571428571,14.285714285714286,1.19,0.0,12.828571428571427,147.52857142857144,1021.4285714285714,81.2,8.385714285714286,1393
19.914285714285715,10.114285714285714,14.385714285714286,19.842857142857145,9.057142857142855,14.05714285714286,66.88571428571429,0.2134285714285714,28.571428571428573,1.1914285714285715,0.0,20.842857142857145,67.87142857142857,1019.342857142857,44.61428571428571,19.0,897
15.928571428571429,8.857142857142858,12.314285714285717,15.928571428571429,7.1000000000000005,12.0,72.52857142857142,3.953142857142857,100.0,5.3585714285714285,0.0,25.12857142857143,278.7714285714286,1011.0857142857144,74.57142857142857,27.62857142857143,1305
8.885714285714286,3.4,6.171428571428571,6.342857142857143,-0.7142857142857143,2.8857142857142857,82.82857142857142,1.85,85.71428571428571,4.762857142857143,0.0,32.57142857142857,241.0,1008.4714285714286,73.08571428571429,26.37142857142857,1341
6.628571428571428,-0.6142857142857144,3.5285714285714285,4.371428571428572,-2.9,1.0142857142857142,84.32857142857142,3.7565714285714287,100.0,4.764285714285714,0.0,22.014285714285712,250.75714285714284,1003.5714285714286,65.60000000000001,14.042857142857144,1288
17.614285714285714,10.842857142857143,13.9,17.614285714285714,10.44285714285714,13.771428571428572,69.02857142857142,0.0117142857142857,42.85714285714285,1.7871428571428571,0.0,21.62857142857143,197.1142857142857,1022.1285714285714,72.04285714285714,23.17142857142857,1029
18.142857142857142,11.757142857142856,15.028571428571428,18.142857142857142,11.757142857142856,15.028571428571428,80.8,0.531,71.42857142857143,3.5728571428571425,0.0,27.75714285714286,244.6,1015.0285714285714,71.72857142857143,22.4,1220
19.47142857142857,10.728571428571428,14.87142857142857,19.47142857142857,10.242857142857144,14.742857142857144,80.37142857142858,0.9111428571428573,85.71428571428571,8.928571428571429,0.0,17.32857142857143,37.21428571428572,1017.157142857143,76.17142857142858,7.285714285714286,1036
23.65714285714285,13.328571428571427,18.242857142857144,23.571428571428573,13.328571428571427,18.228571428571428,63.457142857142856,0.0,0.0,0.0,0.0,23.02857142857143,89.65714285714286,1021.3,33.51428571428571,22.1,1244
22.214285714285715,12.742857142857144,17.442857142857143,22.214285714285715,12.742857142857144,17.442857142857143,64.47142857142858,1.542857142857143,57.142857142857146,2.9771428571428573,0.0,18.97142857142857,162.37142857142857,1015.842857142857,52.01428571428572,30.25714285714286,866
15.257142857142856,6.042857142857143,10.828571428571427,15.257142857142856,4.357142857142857,9.857142857142858,69.85714285714286,0.1518571428571428,42.85714285714285,2.381428571428572,0.0,23.67142857142857,247.87142857142857,1019.2857142857144,56.785714285714285,20.02857142857143,1465
17.371428571428574,10.742857142857144,14.228571428571428,17.371428571428574,10.585714285714284,14.214285714285714,81.5,0.2861428571428571,71.42857142857143,5.952857142857143,0.0,21.15714285714285,244.1285714285714,1017.9714285714286,72.82857142857142,24.62857142857143,912
5.6571428571428575,1.5571428571428572,3.4,3.6571428571428575,-1.2142857142857142,1.042857142857143,85.48571428571428,0.0565714285714285,57.142857142857146,2.9771428571428573,0.0,18.957142857142856,121.2,1027.1142857142856,83.42857142857143,6.428571428571429,1532
6.471428571428571,1.6285714285714286,3.957142857142857,3.3857142857142857,-3.057142857142857,-0.4428571428571429,75.85714285714286,0.4811428571428571,85.71428571428571,3.5742857142857143,0.0,33.957142857142856,27.928571428571427,1021.3285714285714,79.52857142857144,18.32857142857143,1470
4.014285714285714,-0.5428571428571429,1.7571428571428571,1.9428571428571428,-3.6571428571428575,-1.3285714285714287,86.28571428571429,12.306142857142856,71.42857142857143,4.762857142857143,2.3,20.428571428571427,78.5,1010.6428571428572,81.0,5.614285714285714,1357
11.242857142857144,4.957142857142857,8.157142857142857,10.414285714285713,2.4714285714285715,6.5,83.54285714285713,3.5524285714285715,100.0,9.525714285714288,0.0,26.857142857142858,220.3428571428572,999.5428571428572,42.98571428571428,16.928571428571427,948
11.457142857142856,3.557142857142857,7.257142857142857,11.042857142857144,1.0714285714285714,5.557142857142857,77.75714285714285,0.2584285714285714,42.85714285714285,3.571428571428572,0.0,21.75714285714286,224.07142857142856,1021.0428571428572,51.4,22.942857142857143,1019
16.82857142857143,7.728571428571428,12.328571428571427,16.82857142857143,6.828571428571428,12.185714285714283,63.471428571428575,0.1158571428571428,42.85714285714285,2.975714285714285,0.0,19.0,113.67142857142858,1026.257142857143,48.91428571428571,30.228571428571428,882
8.0,2.571428571428572,5.4,5.642857142857143,-0.4714285714285714,2.271428571428572,77.21428571428571,0.0,0.0,0.0,0.0,26.842857142857145,234.44285714285712,1012.0857142857144,77.82857142857142,22.842857142857145,1266
17.142857142857142,9.128571428571428,12.928571428571429,17.142857142857142,8.214285714285714,12.657142857142857,76.41428571428571,0.6758571428571428,57.142857142857146,3.571428571428572,0.0,25.057142857142857,204.2,1016.7857142857144,79.54285714285713,22.142857142857142,1299
16.214285714285715,5.428571428571429,10.142857142857142,16.214285714285715,4.5285714285714285,9.728571428571428,74.7,0.3415714285714286,28.571428571428573,1.7857142857142858,0.0,14.0,167.65714285714284,1028.1857142857143,34.300000000000004,14.842857142857143,1036
16.285714285714285,9.271428571428572,12.814285714285717,16.285714285714285,7.757142857142858,12.214285714285714,80.92857142857143,0.011,42.85714285714285,2.9771428571428573,0.0,18.9,237.72857142857143,1021.7714285714284,67.05714285714285,28.457142857142856,853
17.1,10.37142857142857,14.0,17.1,9.928571428571429,13.885714285714286,73.11428571428571,0.9324285714285716,57.142857142857146,5.357142857142857,0.0,31.52857142857143,261.6428571428572,1014.7857142857144,68.92857142857143,24.9,947
19.25714285714286,10.37142857142857,14.757142857142858,19.2,9.157142857142857,14.542857142857144,72.48571428571428,0.6725714285714286,57.142857142857146,5.951428571428571,0.0,26.571428571428573,201.62857142857143,1013.3714285714286,59.971428571428575,22.67142857142857,1036
6.257142857142857,2.314285714285714,4.228571428571429,3.1142857142857143,-0.9428571428571428,0.9857142857142858,80.5,0.2804285714285714,85.71428571428571,8.331428571428571,0.0,22.7,136.0142857142857,1012.7571428571428,71.22857142857143,19.628571428571423,1298
19.5,12.657142857142857,16.12857142857143,19.5,12.657142857142857,16.12857142857143,74.89999999999999,1.0038571428571428,100.0,8.928571428571429,0.0,23.357142857142858,247.7142857142857,1013.2714285714284,69.87142857142858,26.428571428571427,814
13.514285714285714,5.328571428571428,9.528571428571428,13.514285714285714,3.7142857142857135,8.671428571428573,74.65714285714286,2.2141428571428574,71.42857142857143,6.547142857142857,0.0,22.0,217.05714285714288,1017.5857142857144,64.14285714285714,23.3,1060
6.1000000000000005,0.5000000000000001,3.357142857142857,4.785714285714286,-1.0285714285714287,1.6,84.22857142857141,0.7171428571428572,85.71428571428571,6.547142857142857,0.8571428571428571,16.214285714285715,212.52857142857144,1011.3714285714286,74.44285714285715,12.714285714285714,1026
18.728571428571428,11.1,14.814285714285717,18.728571428571428,11.1,14.814285714285717,73.25714285714285,3.2832857142857144,100.0,10.118571428571428,0.0,18.74285714285714,219.17142857142855,1008.1,76.51428571428572,24.328571428571426,924
24.5,15.071428571428571,19.7,24.47142857142857,15.071428571428571,19.7,63.74285714285714,1.3397142857142856,42.85714285714285,2.381428571428572,0.0,20.228571428571428,227.42857142857144,1011.5,53.3,31.11428571428571,853
17.3,11.228571428571428,13.971428571428572,17.3,10.971428571428572,13.94285714285714,85.34285714285714,7.299428571428571,100.0,11.31,0.0,22.65714285714285,111.38571428571429,1010.1285714285716,72.47142857142856,13.071428571428571,905
17.271428571428572,9.528571428571428,13.657142857142857,17.271428571428572,8.757142857142856,13.528571428571428,74.5,0.4697142857142857,42.85714285714285,2.381428571428572,0.0,18.542857142857144,103.92857142857144,1020.2,64.81428571428572,28.042857142857144,1118
10.528571428571428,4.571428571428571,7.571428571428571,10.042857142857144,2.8857142857142857,5.871428571428572,83.5,1.9312857142857145,71.42857142857143,3.5728571428571425,0.0,22.52857142857143,257.95714285714286,1010.2142857142856,56.84285714285714,25.6,971
10.12857142857143,5.0,7.357142857142857,9.285714285714286,3.157142857142857,6.028571428571428,84.08571428571429,2.640571428571429,42.85714285714285,2.975714285714285,0.0,26.0,205.75714285714284,1014.7571428571428,73.07142857142857,16.37142857142857,1450
7.442857142857143,2.3428571428571425,5.1571428571428575,6.357142857142857,-1.3,2.8285714285714287,79.94285714285715,0.1137142857142857,42.85714285714285,1.7871428571428571,0.0,23.25714285714286,182.78571428571428,1023.1285714285714,73.68571428571428,16.257142857142856,967
10.728571428571428,4.228571428571429,7.3,10.085714285714284,1.757142857142857,5.414285714285714,67.14285714285714,0.7755714285714285,42.85714285714285,4.761428571428572,0.0,18.97142857142857,212.77142857142857,1016.3285714285714,62.12857142857143,24.22857142857143,1017
18.057142857142857,10.742857142857144,14.328571428571427,18.057142857142857,10.4,14.2,76.87142857142858,1.951428571428572,57.142857142857146,3.571428571428572,0.0,19.87142857142857,170.24285714285716,1009.0,73.2,23.214285714285715,1145
11.328571428571427,5.071428571428571,8.471428571428572,11.085714285714284,4.185714285714286,7.685714285714285,73.42857142857143,0.0007142857142857,14.285714285714286,0.5957142857142858,0.0,13.657142857142857,306.5571428571429,1035.428571428571,73.52857142857144,15.0,1266
4.0,0.3000000000000001,2.085714285714286,2.628571428571429,-2.242857142857143,0.4428571428571429,91.65714285714286,0.5801428571428572,100.0,5.952857142857143,0.0,12.2,21.014285714285712,1027.9714285714283,63.642857142857146,11.87142857142857,1385
1.871428571428572,-3.957142857142857,-1.0,-0.9428571428571428,-7.6,-4.271428571428571,87.42857142857143,0.188,57.142857142857146,4.167142857142857,2.142857142857143,14.928571428571429,167.95714285714286,1014.2,46.51428571428572,14.914285714285716,1155
21.242857142857144,14.757142857142856,17.82857142857143,21.242857142857144,14.757142857142856,17.82857142857143,67.31428571428572,0.5772857142857143,57.142857142857146,2.382857142857143,0.0,17.5,177.42857142857142,1016.7428571428572,79.21428571428571,32.614285714285714,865
16.228571428571428,8.285714285714286,12.1,16.228571428571428,7.385714285714286,11.785714285714286,86.02857142857144,0.22,100.0,5.9557142857142855,0.0,17.3,228.08571428571423,1019.6,52.62857142857143,18.728571428571428,935
11.585714285714284,5.842857142857143,8.485714285714286,11.157142857142857,3.814285714285714,7.171428571428572,82.89999999999999,0.6122857142857143,85.71428571428571,5.357142857142857,0.0,23.3,143.27142857142857,1003.8571428571428,79.81428571428572,13.028571428571428,1332
19.285714285714285,12.8,15.814285714285711,19.285714285714285,12.8,15.814285714285711,81.78571428571429,0.5062857142857143,71.42857142857143,4.761428571428572,0.0,18.22857142857143,153.1857142857143,1016.8571428571428,82.62857142857142,18.2,1093
15.728571428571428,9.571428571428571,12.642857142857142,15.728571428571428,8.885714285714286,12.471428571428572,84.81428571428572,3.4404285714285714,85.71428571428571,8.332857142857142,0.0,21.314285714285717,175.41428571428574,1011.9571428571428,68.94285714285714,22.842857142857145,915
28.82857142857143,17.485714285714288,23.042857142857144,29.042857142857144,17.485714285714288,23.142857142857142,63.58571428571429,0.0004285714285714,14.285714285714286,0.5957142857142858,0.0,18.62857142857143,191.28571428571428,1018.4857142857144,37.21428571428572,22.67142857142857,977
13.5,5.585714285714286,9.428571428571429,13.5,2.685714285714286,7.928571428571429,73.02857142857142,4.553571428571429,100.0,12.5,8.0,27.87142857142857,260.0571428571429,1004.7857142857144,62.5,27.1,1039
7.514285714285714,3.357142857142857,5.5,4.8,-0.3285714285714285,2.3000000000000003,75.25714285714285,0.0841428571428571,42.85714285714285,1.7871428571428571,0.0,33.41428571428572,258.0,1014.7714285714284,62.7,24.285714285714285,1663
14.814285714285717,8.1,10.971428571428572,14.814285714285717,6.7,10.514285714285714,77.22857142857143,0.8017142857142857,71.42857142857143,4.167142857142857,0.0,21.0,148.20000000000002,1014.1,60.52857142857143,10.985714285714286,897
22.057142857142857,11.4,16.885714285714286,22.057142857142857,11.257142857142856,16.885714285714286,64.98571428571428,0.0115714285714285,28.571428571428573,1.7857142857142858,0.0,15.985714285714286,309.40000000000003,1017.4714285714286,49.3,25.6,930
9.928571428571429,5.057142857142857,7.485714285714286,9.671428571428573,4.185714285714286,6.814285714285715,88.75714285714285,0.9422857142857144,71.42857142857143,3.5728571428571425,0.0,14.7,211.37142857142857,1026.7142857142858,74.08571428571429,13.114285714285714,1005
10.642857142857142,6.042857142857143,8.028571428571428,9.6,3.185714285714286,6.314285714285715,83.88571428571429,0.7835714285714286,71.42857142857143,8.334285714285715,0.0,22.642857142857142,223.9,1013.3428571428572,67.44285714285715,23.81428571428572,1240
23.957142857142856,14.042857142857144,18.785714285714285,23.8,14.042857142857144,18.77142857142857,65.57142857142857,0.0,0.0,0.0,0.0,16.485714285714288,239.1142857142857,1019.342857142857,68.78571428571429,21.4,961
15.528571428571428,11.05714285714286,13.55714285714286,15.528571428571428,10.485714285714286,13.285714285714286,81.3,0.8882857142857142,85.71428571428571,7.145714285714286,0.0,29.74285714285714,225.08571428571423,1020.5857142857142,73.21428571428571,21.61428571428572,954
14.971428571428572,5.171428571428572,9.971428571428572,14.971428571428572,3.3000000000000003,9.014285714285714,67.74285714285715,0.0,0.0,0.0,0.0,19.942857142857143,213.0,1023.1,55.35714285714285,18.15714285714285,1467
7.857142857142857,1.6571428571428573,4.671428571428572,5.642857142857143,-0.7571428571428571,2.385714285714286,82.34285714285714,1.399571428571429,85.71428571428571,4.168571428571428,0.0,21.071428571428573,253.95714285714288,1015.5142857142856,53.58571428571429,21.714285714285715,1192
18.37142857142857,13.8,15.728571428571428,18.37142857142857,13.8,15.728571428571428,86.32857142857142,0.0,0.0,0.0,0.0,23.3,168.94285714285712,999.2142857142856,76.58571428571429,18.985714285714288,1020
7.085714285714286,1.7,4.014285714285714,5.314285714285715,-0.9000000000000001,1.5,71.97142857142858,0.1425714285714285,42.85714285714285,2.381428571428572,0.0,17.114285714285714,137.28571428571428,1021.842857142857,64.68571428571428,20.32857142857143,1000
10.428571428571429,4.257142857142857,7.571428571428571,9.55714285714286,1.7,5.528571428571429,76.05714285714285,0.1537142857142857,28.571428571428573,1.7857142857142858,0.0,22.37142857142857,187.55714285714288,1014.5571428571428,71.67142857142856,14.171428571428573,1307
3.3857142857142857,-0.9428571428571428,0.9571428571428572,-1.4428571428571428,-6.114285714285714,-3.985714285714285,76.42857142857143,0.045,28.571428571428573,1.1914285714285715,2.25,28.8,52.21428571428572,1027.6857142857143,50.385714285714286,15.6,1790
11.857142857142858,6.585714285714286,9.185714285714283,11.857142857142858,3.642857142857143,7.357142857142857,83.27142857142857,2.2105714285714284,100.0,7.141428571428572,0.0,33.385714285714286,245.44285714285712,1008.5571428571428,82.01428571428572,15.657142857142857,1514
20.342857142857145,14.757142857142856,17.4,20.342857142857145,14.757142857142856,17.4,83.22857142857143,7.361428571428571,100.0,11.311428571428571,0.0,24.5,192.68571428571428,1009.7571428571428,63.82857142857142,26.685714285714287,794
8.985714285714286,4.342857142857143,6.642857142857143,7.042857142857143,0.9285714285714286,3.742857142857143,77.57142857142857,1.2077142857142855,85.71428571428571,7.740000000000001,0.0,27.65714285714285,238.97142857142856,1008.342857142857,58.81428571428571,29.2,1313
15.571428571428571,6.771428571428571,11.485714285714286,15.571428571428571,6.171428571428572,11.2,86.42857142857143,2.5785714285714287,100.0,5.954285714285715,0.0,23.0,215.77142857142857,1015.9142857142856,59.24285714285714,21.02857142857143,913
21.642857142857142,13.742857142857144,17.47142857142857,21.642857142857142,13.742857142857144,17.47142857142857,71.94285714285715,0.6507142857142857,28.571428571428573,2.38,0.0,17.02857142857143,259.07142857142856,1014.4428571428572,74.8,17.385714285714286,1080
14.042857142857144,5.871428571428572,10.214285714285714,14.042857142857144,4.571428571428571,9.471428571428572,68.92857142857143,0.0035714285714285,14.285714285714286,0.5957142857142858,0.0,18.97142857142857,129.78571428571428,1023.8714285714286,47.72857142857142,22.62857142857143,1140
12.528571428571428,3.357142857142857,8.085714285714285,12.528571428571428,2.357142857142857,7.3,69.8,0.7638571428571429,85.71428571428571,7.142857142857143,0.0,16.557142857142857,226.12857142857143,1016.0142857142856,61.04285714285714,20.142857142857142,1008
16.257142857142856,7.028571428571429,11.342857142857143,16.257142857142856,5.971428571428571,10.928571428571429,68.84285714285714,0.1178571428571428,71.42857142857143,5.357142857142857,0.0,21.957142857142856,136.4,1011.8571428571428,54.21428571428572,10.471428571428572,1104
14.814285714285717,7.671428571428572,11.471428571428572,14.814285714285717,6.1571428571428575,10.9,77.44285714285715,1.5872857142857146,71.42857142857143,4.167142857142857,0.0,19.942857142857143,206.61428571428573,1003.6142857142858,80.41428571428571,13.114285714285714,1340
11.957142857142856,6.828571428571428,9.414285714285716,11.514285714285714,3.8428571428571434,7.528571428571429,76.51428571428572,10.475,100.0,12.501428571428573,0.0,34.31428571428571,218.47142857142856,992.9857142857144,62.71428571428572,27.3,1218
4.771428571428571,-1.9714285714285715,1.542857142857143,1.157142857142857,-5.642857142857143,-2.071428571428572,75.28571428571429,0.4207142857142857,28.571428571428573,1.7857142857142858,0.0,24.185714285714287,227.51428571428573,1012.2571428571428,67.41428571428571,19.2,1082
6.0,1.1285714285714286,3.7142857142857135,3.628571428571429,-1.5714285714285714,0.7285714285714285,84.12857142857142,1.0384285714285717,42.85714285714285,1.7871428571428571,0.0,21.61428571428572,285.37142857142857,1021.1142857142858,64.2,18.557142857142857,1532
23.2,13.542857142857144,18.114285714285717,23.2,13.542857142857144,18.114285714285717,70.42857142857143,0.9695714285714284,42.85714285714285,4.167142857142857,0.0,12.842857142857143,246.15714285714284,1016.7,45.32857142857143,26.342857142857145,849
14.085714285714284,7.814285714285714,10.8,14.085714285714284,5.528571428571429,10.12857142857143,75.2,0.53,71.42857142857143,4.167142857142857,0.0,28.82857142857143,187.02857142857144,1008.9428571428572,74.95714285714287,26.62857142857143,1330
23.642857142857142,14.1,18.6,23.642857142857142,14.1,18.6,73.44285714285715,0.2007142857142857,14.285714285714286,0.5957142857142858,0.0,19.342857142857145,105.44285714285716,1026.242857142857,49.54285714285714,16.9,967
20.52857142857143,11.885714285714286,16.228571428571428,20.52857142857143,11.842857142857143,16.214285714285715,69.98571428571428,0.2061428571428571,57.142857142857146,3.571428571428572,0.0,19.085714285714285,256.4142857142857,1020.5428571428572,71.37142857142858,24.41428571428571,1074
6.2,-1.1,1.9428571428571428,4.4,-2.8428571428571425,0.4857142857142856,87.94285714285715,0.3164285714285714,85.71428571428571,5.951428571428571,0.0,12.828571428571427,223.5,1026.0857142857144,47.71428571428572,10.514285714285714,1037
9.757142857142856,5.014285714285714,7.671428571428572,8.485714285714286,1.9428571428571428,5.442857142857143,82.71428571428571,0.0,0.0,0.0,0.0,31.857142857142858,254.08571428571423,1000.5857142857144,83.54285714285713,19.785714285714285,1282
23.74285714285714,13.12857142857143,18.857142857142858,23.7,13.12857142857143,18.842857142857145,67.95714285714286,0.5287142857142857,42.85714285714285,2.975714285714285,0.0,14.242857142857144,242.3,1017.657142857143,62.6,26.15714285714285,1079
10.385714285714286,4.328571428571428,7.114285714285714,9.157142857142857,2.9,5.671428571428572,79.0,1.631142857142857,42.85714285714285,4.762857142857143,0.0142857142857142,14.685714285714283,82.2,1009.2285714285716,66.2,12.185714285714283,1058
7.157142857142857,1.3714285714285714,4.542857142857143,4.357142857142857,-0.9571428571428572,2.0571428571428574,85.3,0.9811428571428572,100.0,9.525714285714288,0.0,19.585714285714285,247.22857142857143,1024.928571428571,64.75714285714285,14.785714285714286,1779
20.74285714285714,13.271428571428572,16.942857142857143,20.74285714285714,13.12857142857143,16.942857142857143,73.3,0.027,14.285714285714286,0.5957142857142858,0.0,21.857142857142858,274.2857142857143,1017.3857142857142,76.52857142857144,22.814285714285717,1281
15.585714285714284,11.12857142857143,13.385714285714286,15.585714285714284,10.957142857142856,13.314285714285717,89.31428571428572,6.818714285714286,100.0,11.905714285714286,0.0,21.457142857142856,199.8857142857143,1010.0142857142856,75.72857142857143,14.528571428571428,1025
15.37142857142857,6.885714285714286,10.985714285714286,15.37142857142857,5.957142857142857,10.742857142857144,71.92857142857143,0.0,0.0,0.0,0.0,18.685714285714287,186.77142857142857,1012.7142857142856,69.81428571428572,16.62857142857143,1137
12.157142857142858,5.414285714285714,9.028571428571428,12.157142857142858,3.057142857142857,7.757142857142857,83.8,0.7204285714285714,57.142857142857146,3.571428571428572,0.0,26.2,235.88571428571427,1017.6714285714286,64.17142857142856,22.185714285714287,1396
7.985714285714286,2.314285714285714,4.885714285714286,6.328571428571428,1.0,3.571428571428572,78.67142857142858,0.0285714285714285,28.571428571428573,1.7857142857142858,0.0,13.428571428571429,157.68571428571428,1028.8857142857144,43.5,18.414285714285715,992
13.142857142857142,5.871428571428571,8.871428571428572,13.142857142857142,4.428571428571429,8.042857142857143,83.01428571428572,0.0055714285714285,28.571428571428573,1.7857142857142858,0.0,17.87142857142857,157.07142857142858,1030.7285714285715,66.75714285714285,6.971428571428571,1082
15.55714285714286,7.885714285714286,11.928571428571429,15.55714285714286,6.257142857142857,11.37142857142857,74.78571428571429,1.7044285714285714,57.142857142857146,4.167142857142857,0.0,23.214285714285715,104.8,1014.9285714285714,65.15714285714286,21.057142857142857,873
12.6,5.414285714285714,9.071428571428571,12.6,2.5857142857142854,7.428571428571429,69.24285714285715,0.3461428571428571,14.285714285714286,0.5957142857142858,0.0,25.142857142857142,83.91428571428571,1022.4571428571428,70.1,25.214285714285715,1367
20.9,12.414285714285716,16.52857142857143,20.842857142857145,12.328571428571427,16.514285714285712,64.95714285714287,0.4342857142857143,42.85714285714285,3.5700000000000003,0.0,21.685714285714287,193.82857142857145,1009.7142857142856,66.51428571428572,36.25714285714285,907
19.585714285714285,11.614285714285714,15.55714285714286,19.585714285714285,11.55714285714286,15.55714285714286,76.14285714285714,0.868857142857143,42.85714285714285,1.7871428571428571,0.0,24.02857142857143,255.58571428571423,1011.8571428571428,79.39999999999999,22.62857142857143,1312
8.2,3.271428571428572,5.914285714285714,6.8,0.6714285714285715,4.257142857142857,82.67142857142858,0.097,42.85714285714285,1.7871428571428571,0.0,20.12857142857143,272.7714285714286,1027.3,80.54285714285713,13.157142857142857,1528
21.185714285714287,13.914285714285716,17.685714285714287,21.185714285714287,13.914285714285716,17.685714285714287,77.82857142857142,0.1272857142857142,42.85714285714285,1.7871428571428571,0.0,25.37142857142857,202.7428571428572,1013.4571428571428,60.01428571428572,20.314285714285717,1217
21.214285714285715,14.971428571428572,17.95714285714286,21.214285714285715,14.971428571428572,17.95714285714286,71.15714285714286,1.574,42.85714285714285,3.571428571428572,0.0,15.742857142857144,88.94285714285715,1015.5428571428572,79.01428571428572,23.571428571428573,945
11.971428571428572,2.857142857142857,7.485714285714286,11.142857142857142,0.2714285714285714,5.614285714285714,74.64285714285714,0.7438571428571429,57.142857142857146,2.9771428571428573,0.0,27.52857142857143,256.57142857142856,1018.3714285714286,63.18571428571429,19.87142857142857,1482
9.7,5.642857142857143,7.5,8.628571428571428,3.2285714285714286,5.942857142857142,88.15714285714286,1.5162857142857142,71.42857142857143,5.951428571428571,0.0,17.614285714285714,153.77142857142857,1016.7714285714284,79.52857142857144,8.871428571428572,889
23.014285714285712,13.585714285714284,18.285714285714285,23.014285714285712,13.585714285714284,18.285714285714285,63.9,0.0314285714285714,28.571428571428573,1.7857142857142858,0.0,20.785714285714285,225.08571428571423,1014.4285714285714,57.07142857142857,31.25714285714286,870
9.814285714285717,5.185714285714285,7.585714285714286,8.657142857142857,2.0285714285714285,5.071428571428571,82.92857142857143,5.446285714285715,71.42857142857143,8.334285714285715,0.0,25.514285714285712,210.1142857142857,1001.2285714285716,53.614285714285714,13.857142857142858,1085
21.914285714285715,12.728571428571428,17.1,21.914285714285715,12.728571428571428,17.1,67.3,0.0284285714285714,14.285714285714286,1.19,0.0,18.61428571428572,137.91428571428574,1015.4428571428572,54.48571428571428,22.15714285714285,808
7.757142857142858,3.642857142857143,5.7,4.9,0.3285714285714286,2.685714285714286,83.42857142857143,0.304,42.85714285714285,2.975714285714285,0.0,24.37142857142857,271.5571428571429,1009.842857142857,74.34285714285714,15.114285714285714,1352
9.62857142857143,3.957142857142857,7.171428571428571,9.085714285714284,1.9857142857142855,5.485714285714286,83.24285714285715,4.246428571428572,85.71428571428571,5.952857142857143,0.0,24.24285714285714,197.18571428571428,1024.571428571429,78.51428571428572,18.2,1332
10.271428571428572,4.171428571428572,7.557142857142857,9.428571428571429,1.8857142857142857,6.085714285714286,81.01428571428572,0.182,57.142857142857146,2.9771428571428573,0.0,31.985714285714288,265.1428571428572,1025.5,61.442857142857136,24.75714285714286,1609
18.61428571428572,11.885714285714286,15.342857142857143,18.61428571428572,11.885714285714286,15.342857142857143,70.5,0.8854285714285715,71.42857142857143,7.141428571428572,0.0,21.428571428571427,282.61428571428576,1020.5428571428572,75.91428571428571,31.02857142857143,777
23.52857142857143,15.457142857142856,19.385714285714283,23.571428571428573,15.457142857142856,19.4,72.35714285714286,0.5902857142857142,42.85714285714285,1.7871428571428571,0.0,18.27142857142857,127.71428571428572,1017.3142857142856,56.57142857142857,13.014285714285714,1386
12.485714285714286,7.585714285714286,9.785714285714286,12.485714285714286,5.1000000000000005,8.414285714285715,83.22857142857143,1.7827142857142857,85.71428571428571,6.548571428571429,0.0,30.67142857142857,214.5142857142857,1018.7285714285716,85.01428571428572,15.4,1063
10.185714285714283,4.457142857142857,7.614285714285715,9.357142857142858,1.7857142857142858,5.585714285714286,77.95714285714287,0.601,85.71428571428571,4.168571428571428,0.0,26.885714285714283,256.38571428571424,1018.5857142857144,67.28571428571429,24.942857142857143,1170
11.2,5.342857142857143,8.428571428571429,10.457142857142856,2.9,7.1,85.91428571428571,3.654571428571429,85.71428571428571,4.762857142857143,0.0,29.67142857142857,220.3571428571429,1012.0857142857144,70.92857142857143,21.571428571428573,1368
8.642857142857142,3.3714285714285714,5.985714285714286,6.757142857142857,0.2142857142857142,3.685714285714286,80.48571428571428,0.4705714285714286,85.71428571428571,5.357142857142857,0.0,20.6,134.15714285714287,994.3714285714286,81.14285714285714,22.24285714285714,1331
12.485714285714286,7.757142857142857,9.957142857142856,12.485714285714286,6.2,9.071428571428571,83.78571428571429,0.1702857142857143,42.85714285714285,1.7871428571428571,0.0,17.74285714285714,175.14285714285714,1008.4714285714286,77.88571428571429,12.071428571428571,1355
17.52857142857143,7.542857142857143,12.957142857142856,17.52857142857143,6.799999999999999,12.757142857142856,62.52857142857143,0.2024285714285714,28.571428571428573,2.381428571428572,0.0,15.1,148.8857142857143,1025.2,60.471428571428575,22.857142857142858,983
6.128571428571428,0.3428571428571429,3.557142857142857,3.3285714285714283,-1.8714285714285717,0.8142857142857142,85.47142857142856,0.3858571428571428,42.85714285714285,2.381428571428572,0.0,24.8,190.75714285714284,1009.7857142857144,70.42857142857143,14.485714285714286,1583
18.142857142857142,12.085714285714284,15.042857142857144,18.142857142857142,11.771428571428572,14.971428571428572,81.61428571428571,4.886428571428572,100.0,6.547142857142857,0.0,29.142857142857142,225.8428571428572,1004.5571428571428,68.42857142857143,21.342857142857145,1166
16.142857142857142,9.185714285714283,12.685714285714283,16.142857142857142,8.114285714285714,12.44285714285714,82.2,2.900857142857143,100.0,8.930000000000001,0.0,25.228571428571428,234.02857142857144,1011.4571428571428,54.12857142857143,28.47142857142857,889
19.857142857142858,12.385714285714286,15.885714285714286,19.857142857142858,12.171428571428573,15.842857142857142,76.54285714285713,6.822,100.0,10.714285714285714,0.0,24.1,250.9,1012.1142857142858,67.78571428571429,28.75714285714286,971
10.785714285714286,6.028571428571429,8.428571428571429,9.885714285714286,2.242857142857143,6.042857142857143,83.87142857142858,1.8222857142857145,100.0,5.3585714285714285,0.0,39.371428571428574,220.2142857142857,1008.1714285714286,76.15714285714286,24.942857142857143,1510
16.6,7.871428571428571,12.285714285714286,16.6,7.142857142857143,11.857142857142858,68.54285714285714,1.9325714285714288,42.85714285714285,3.571428571428572,0.0,20.3,222.4857142857143,1012.9714285714286,47.871428571428574,15.12857142857143,966
11.214285714285714,3.7,7.6571428571428575,10.514285714285714,1.6428571428571428,5.985714285714286,64.22857142857143,0.0144285714285714,57.142857142857146,2.9771428571428573,0.0,22.142857142857142,154.1,1018.2714285714284,68.25714285714285,19.571428571428573,1168
17.485714285714288,10.471428571428572,13.971428571428572,17.485714285714288,10.2,13.928571428571429,73.52857142857144,1.316,71.42857142857143,3.5728571428571425,0.0,20.62857142857143,253.55714285714288,1017.0428571428572,73.15714285714286,22.11428571428572,1201
15.12857142857143,9.542857142857144,12.328571428571427,15.12857142857143,9.342857142857143,12.314285714285717,85.84285714285714,1.4957142857142856,85.71428571428571,5.357142857142857,0.0,20.81428571428572,199.45714285714288,1001.6285714285714,82.35714285714286,17.67142857142857,1134
4.971428571428571,1.1857142857142855,2.7285714285714286,2.7571428571428567,-1.5285714285714285,0.7000000000000001,82.05714285714285,0.0021428571428571,14.285714285714286,0.5957142857142858,0.0,15.571428571428571,80.15714285714286,1021.5428571428572,69.42857142857143,14.742857142857144,1586
7.928571428571429,3.5142857142857147,5.971428571428571,6.842857142857143,1.4285714285714286,4.057142857142858,87.01428571428572,2.454571428571428,57.142857142857146,4.1657142857142855,0.0,18.557142857142857,173.07142857142858,1018.8571428571428,76.92857142857143,9.157142857142857,1167
21.485714285714288,11.514285714285714,16.342857142857145,21.485714285714288,11.428571428571429,16.32857142857143,71.82857142857144,0.3375714285714286,28.571428571428573,2.38,0.0,22.3,28.25714285714286,1022.8142857142856,59.62857142857143,18.357142857142858,1326
22.7,13.428571428571429,18.071428571428573,22.7,13.428571428571429,18.071428571428573,61.95714285714286,0.4264285714285714,28.571428571428573,2.38,0.0,16.67142857142857,132.65714285714284,1018.3285714285714,55.385714285714286,30.314285714285717,832
22.65714285714285,16.442857142857143,19.2,22.65714285714285,16.442857142857143,19.2,72.11428571428571,1.0057142857142858,71.42857142857143,7.142857142857143,0.0,23.042857142857144,231.04285714285717,1015.8714285714286,75.39999999999999,25.071428571428573,823
15.1,7.642857142857143,11.257142857142856,15.1,6.6571428571428575,11.028571428571428,80.24285714285715,1.0127142857142857,57.142857142857146,2.9771428571428573,0.0,23.02857142857143,210.57142857142856,1012.7714285714284,58.457142857142856,14.44285714285714,1366
20.15714285714285,13.714285714285714,16.542857142857144,20.15714285714285,13.714285714285714,16.542857142857144,79.04285714285713,2.7712857142857144,57.142857142857146,4.761428571428572,0.0,16.228571428571428,144.04285714285714,1019.5,69.2,15.05714285714286,902
19.17142857142857,10.985714285714286,14.742857142857144,19.17142857142857,10.985714285714286,14.742857142857144,80.67142857142858,1.637285714285714,85.71428571428571,4.762857142857143,0.0,18.885714285714283,180.44285714285712,1008.3571428571428,68.55714285714285,18.342857142857145,1196
8.928571428571429,3.414285714285714,6.071428571428571,7.1000000000000005,0.9285714285714286,3.642857142857143,80.45714285714287,3.706142857142857,100.0,5.954285714285715,0.0,19.25714285714286,299.9857142857143,1008.8571428571428,55.8,23.32857142857143,947
11.685714285714283,5.942857142857143,8.785714285714286,10.985714285714286,2.814285714285714,6.771428571428571,78.67142857142858,4.320428571428572,100.0,10.714285714285714,0.0,39.15714285714286,243.15714285714284,997.3714285714286,67.07142857142857,17.82857142857143,1262
13.542857142857144,9.742857142857144,11.37142857142857,13.542857142857144,9.357142857142858,11.228571428571428,77.65714285714286,1.4577142857142855,42.85714285714285,2.381428571428572,0.0,29.67142857142857,17.657142857142855,1017.8571428571428,78.15714285714286,26.085714285714285,1173
21.057142857142857,12.328571428571427,16.942857142857143,21.057142857142857,11.857142857142858,16.82857142857143,71.88571428571429,0.1538571428571428,42.85714285714285,1.7871428571428571,0.0,23.414285714285715,170.90000000000003,1020.8,67.37142857142858,20.7,1291
18.67142857142857,12.857142857142858,15.728571428571428,18.67142857142857,12.857142857142858,15.728571428571428,84.10000000000001,1.5851428571428572,85.71428571428571,4.762857142857143,0.0,20.02857142857143,101.48571428571428,1012.0857142857144,82.28571428571429,12.114285714285714,1235
14.714285714285714,4.8,9.87142857142857,14.228571428571428,2.8428571428571425,8.614285714285714,69.97142857142856,0.2967142857142857,28.571428571428573,1.7857142857142858,0.0,25.1,171.37142857142857,1027.3428571428572,44.285714285714285,21.2,1226
6.585714285714286,-0.7571428571428571,2.8714285714285714,4.671428571428572,-2.3857142857142857,1.4714285714285715,78.31428571428572,0.024,42.85714285714285,1.7871428571428571,0.0,15.142857142857142,193.2428571428572,1017.6285714285714,66.3,14.771428571428572,1313
22.085714285714285,13.62857142857143,17.214285714285715,21.957142857142856,13.271428571428572,17.157142857142855,72.2,0.0467142857142857,42.85714285714285,2.9771428571428573,0.0,24.928571428571427,230.32857142857145,1019.0428571428572,46.51428571428572,29.442857142857143,865
12.157142857142857,5.014285714285714,8.842857142857143,11.971428571428572,3.0142857142857147,7.485714285714286,73.89999999999999,0.0594285714285714,71.42857142857143,4.167142857142857,0.0,26.6,252.18571428571428,1017.0714285714286,67.81428571428572,18.442857142857143,1178
18.77142857142857,10.642857142857142,14.814285714285717,18.77142857142857,10.342857142857143,14.7,79.42857142857143,1.32,85.71428571428571,5.951428571428571,0.0,20.442857142857143,245.78571428571428,1012.7,76.92857142857143,28.857142857142858,1125
21.342857142857145,13.414285714285716,17.085714285714285,21.342857142857145,13.414285714285716,17.085714285714285,74.94285714285715,1.3162857142857145,85.71428571428571,5.954285714285715,0.0,19.885714285714283,128.71428571428572,1015.9,63.22857142857142,17.914285714285715,866
9.471428571428572,4.6571428571428575,6.971428571428571,8.342857142857143,1.842857142857143,4.6571428571428575,85.10000000000001,0.8362857142857143,85.71428571428571,5.952857142857143,0.0,20.928571428571427,156.28571428571428,1002.6142857142858,67.75714285714285,15.157142857142858,921
15.571428571428571,8.4,11.842857142857143,15.571428571428571,7.614285714285714,11.642857142857142,79.67142857142858,0.9018571428571428,71.42857142857143,3.5728571428571425,0.0,22.585714285714285,175.54285714285714,1000.8857142857142,68.57142857142857,22.228571428571428,1366
10.542857142857144,5.457142857142857,7.814285714285715,9.771428571428572,2.957142857142857,5.742857142857143,80.95714285714287,0.2652857142857143,85.71428571428571,4.762857142857143,0.0,23.885714285714283,218.72857142857143,1011.1,81.87142857142858,19.24285714285714,1374
16.657142857142855,8.557142857142857,12.614285714285714,16.657142857142855,7.571428571428571,12.3,71.9,3.0284285714285715,71.42857142857143,7.142857142857143,0.0,18.642857142857142,240.6,1011.6857142857144,69.9,23.82857142857143,831
26.342857142857145,15.042857142857144,20.728571428571428,26.12857142857143,15.042857142857144,20.685714285714287,71.24285714285715,0.2279999999999999,28.571428571428573,1.7857142857142858,0.0,19.77142857142857,121.1,1015.7285714285716,53.885714285714286,7.171428571428572,1147
12.328571428571427,8.0,10.257142857142856,12.328571428571427,4.971428571428571,9.157142857142857,83.27142857142857,4.406571428571429,100.0,10.712857142857144,0.0,40.114285714285714,217.64285714285717,1010.6857142857144,77.27142857142857,17.942857142857143,1236
9.457142857142856,3.071428571428572,6.142857142857143,8.328571428571427,-0.157142857142857,3.2857142857142856,76.52857142857144,2.3072857142857144,85.71428571428571,5.3585714285714285,0.0,27.542857142857144,252.3428571428572,1016.1142857142858,50.74285714285714,28.2,1120
17.0,9.157142857142857,13.157142857142857,17.0,8.314285714285715,12.94285714285714,70.25714285714285,0.0175714285714285,28.571428571428573,1.1914285714285715,0.0,20.87142857142857,189.8571428571429,1017.2428571428572,66.91428571428571,16.04285714285714,1297
19.085714285714285,11.12857142857143,14.885714285714286,19.085714285714285,11.028571428571428,14.885714285714286,71.02857142857144,0.5132857142857143,42.85714285714285,2.381428571428572,0.0,25.314285714285717,191.82857142857145,1008.4714285714286,67.85714285714286,17.95714285714286,1212
15.900000000000002,8.914285714285715,12.085714285714284,15.900000000000002,7.642857142857143,11.62857142857143,72.01428571428572,1.1434285714285717,57.142857142857146,4.167142857142857,0.857142857142857,29.542857142857144,226.64285714285717,1015.7285714285716,58.25714285714286,24.300000000000004,1055
22.557142857142857,11.328571428571427,17.228571428571428,22.37142857142857,11.042857142857144,17.157142857142855,63.614285714285714,0.0652857142857143,42.85714285714285,1.7871428571428571,0.0,19.82857142857143,212.3571428571429,1020.1285714285714,52.82857142857143,22.11428571428571,1208
9.842857142857143,3.985714285714285,7.1571428571428575,7.857142857142857,1.4714285714285715,4.885714285714286,83.37142857142858,0.8794285714285716,71.42857142857143,4.167142857142857,0.0,26.6,237.17142857142855,1023.1,59.62857142857143,18.985714285714288,1442
20.02857142857143,12.642857142857142,16.32857142857143,20.02857142857143,12.571428571428571,16.32857142857143,73.67142857142858,0.0,0.0,0.0,0.0,17.75714285714286,129.35714285714286,1018.0714285714286,71.74285714285715,22.185714285714287,1054
13.771428571428572,5.928571428571429,10.214285714285714,13.771428571428572,4.485714285714286,9.542857142857144,81.44285714285715,1.9204285714285716,85.71428571428571,6.547142857142857,0.0,25.77142857142857,232.75714285714284,1017.5857142857144,51.21428571428572,25.24285714285714,888
29.6,17.02857142857143,23.3,29.957142857142856,17.02857142857143,23.385714285714283,64.98571428571428,0.0,0.0,0.0,0.0,20.014285714285712,98.95714285714288,1021.2857142857144,19.9,6.828571428571428,1384
14.257142857142856,7.228571428571429,11.2,14.257142857142856,5.828571428571428,10.55714285714286,80.54285714285713,0.8512857142857142,57.142857142857146,2.9771428571428573,0.0,28.842857142857145,231.4142857142857,1008.4714285714286,64.02857142857142,25.957142857142856,1308
17.857142857142858,9.228571428571428,13.6,17.857142857142858,8.328571428571427,13.4,63.6,0.8604285714285714,28.571428571428573,1.7857142857142858,0.0,17.15714285714286,88.54285714285713,1020.6857142857144,44.32857142857143,23.857142857142858,896
18.457142857142856,11.928571428571429,15.157142857142857,18.442857142857143,11.928571428571429,15.157142857142857,80.24285714285715,1.5454285714285716,57.142857142857146,4.168571428571428,7.0,17.728571428571428,229.9857142857143,1012.0428571428572,80.2,19.842857142857145,1044
14.471428571428572,9.37142857142857,11.671428571428573,14.171428571428573,8.22857142857143,10.928571428571429,72.17142857142856,1.4248571428571428,85.71428571428571,5.954285714285715,0.0,20.11428571428572,230.58571428571423,1012.6714285714286,78.52857142857144,23.728571428571428,854
17.357142857142858,7.928571428571429,12.685714285714283,17.357142857142858,6.314285714285715,12.171428571428573,64.51428571428572,0.4038571428571428,57.142857142857146,4.167142857142857,0.0,24.485714285714288,264.07142857142856,1018.3571428571428,50.8,31.97142857142857,926
5.028571428571429,0.2428571428571428,2.742857142857143,3.7142857142857135,-1.5142857142857142,1.0857142857142856,89.71428571428571,2.772,100.0,7.737142857142857,4.0,14.842857142857143,214.65714285714284,1015.9714285714286,75.94285714285715,8.985714285714286,1271
-1.7428571428571429,-5.371428571428572,-3.4,-6.914285714285714,-12.085714285714287,-9.485714285714286,77.72857142857143,0.1038571428571428,57.142857142857146,2.382857142857143,2.85,30.985714285714288,40.62857142857143,1019.4857142857144,73.44285714285715,13.671428571428573,1795
20.1,10.814285714285717,15.37142857142857,20.1,10.342857142857143,15.257142857142856,70.2,0.6004285714285714,42.85714285714285,2.975714285714285,0.0,18.714285714285715,93.17142857142856,1015.157142857143,61.8,18.257142857142856,925
15.428571428571429,8.314285714285715,11.757142857142856,15.428571428571429,7.957142857142857,11.642857142857142,83.92857142857143,0.8764285714285714,85.71428571428571,5.3585714285714285,0.9285714285714286,14.414285714285716,192.4,1022.6857142857144,53.01428571428572,10.342857142857143,877
10.471428571428572,5.857142857142857,8.0,9.528571428571428,3.514285714285714,6.271428571428571,81.58571428571429,0.0287142857142857,14.285714285714286,0.5957142857142858,0.0,16.557142857142857,283.74285714285713,1026.4857142857145,72.67142857142856,19.6,987
11.257142857142856,4.8,7.757142857142857,10.7,2.3000000000000003,6.314285714285715,81.82857142857142,2.697714285714286,85.71428571428571,8.332857142857142,0.0,24.785714285714285,277.51428571428573,1019.657142857143,62.92857142857143,20.9,1055
21.2,14.242857142857144,17.428571428571427,21.2,14.242857142857144,17.428571428571427,74.55714285714285,0.2251428571428571,85.71428571428571,5.954285714285715,0.0,20.928571428571427,231.40000000000003,1014.3571428571428,64.98571428571428,27.7,830
15.228571428571428,9.1,11.828571428571427,15.228571428571428,7.628571428571428,11.457142857142856,78.04285714285713,0.5611428571428572,42.85714285714285,3.571428571428572,0.0,23.414285714285715,219.4857142857143,1011.2571428571428,74.81428571428572,23.542857142857144,1277
24.528571428571432,16.32857142857143,20.17142857142857,24.7,16.32857142857143,20.25714285714286,70.41428571428571,0.1144285714285714,42.85714285714285,2.975714285714285,0.0,18.5,231.28571428571428,1014.8,50.142857142857146,26.15714285714285,838
17.87142857142857,8.571428571428571,13.542857142857144,17.87142857142857,7.757142857142857,13.328571428571427,65.74285714285715,0.5124285714285713,28.571428571428573,1.7857142857142858,0.0,17.47142857142857,239.37142857142857,1015.7285714285716,48.385714285714286,15.55714285714286,1260
13.55714285714286,5.428571428571429,9.585714285714284,13.142857142857142,4.071428571428571,8.414285714285715,76.97142857142856,0.3498571428571428,42.85714285714285,2.381428571428572,0.0,24.342857142857145,190.78571428571428,1006.7857142857144,77.52857142857144,20.22857142857143,1512
21.414285714285715,10.357142857142858,15.542857142857144,21.414285714285715,10.357142857142858,15.542857142857144,67.41428571428571,0.0,0.0,0.0,0.0,13.8,124.31428571428572,1021.9,45.371428571428574,16.714285714285715,1133
20.87142857142857,13.0,16.342857142857145,20.87142857142857,13.0,16.342857142857145,77.44285714285715,0.0055714285714285,42.85714285714285,1.7871428571428571,0.0,17.157142857142855,97.25714285714284,1023.8857142857142,61.98571428571428,8.985714285714286,1085
8.842857142857143,4.271428571428571,6.585714285714286,7.257142857142857,0.9142857142857144,4.0285714285714285,84.77142857142857,3.544714285714286,57.142857142857146,5.355714285714286,0.2571428571428571,27.0,246.7,1006.9285714285714,67.88571428571429,21.357142857142858,1157
10.842857142857143,3.0285714285714285,7.271428571428571,9.328571428571427,-0.7285714285714285,4.771428571428571,80.35714285714286,1.1118571428571429,85.71428571428571,4.762857142857143,0.0,36.72857142857144,239.28571428571428,1011.342857142857,74.08571428571429,21.228571428571428,1357
23.285714285714285,16.242857142857144,19.414285714285715,23.357142857142858,16.242857142857144,19.414285714285715,72.2,0.8511428571428571,42.85714285714285,1.7871428571428571,0.0,20.9,248.78571428571428,1017.5571428571428,69.52857142857142,26.542857142857144,787
19.914285714285715,11.5,15.328571428571427,19.914285714285715,11.414285714285716,15.314285714285711,69.55714285714285,0.2588571428571428,28.571428571428573,1.1914285714285715,0.0,29.585714285714285,235.1142857142857,1012.7285714285716,72.32857142857144,28.514285714285712,1196
20.11428571428572,7.571428571428571,13.742857142857144,20.11428571428572,7.114285714285714,13.542857142857144,72.85714285714286,0.8085714285714286,28.571428571428573,1.1914285714285715,0.0,16.342857142857145,213.0142857142857,1019.8571428571428,47.71428571428572,20.014285714285712,964
5.857142857142857,1.1428571428571428,3.414285714285714,2.6,-3.3000000000000003,-0.3714285714285715,72.78571428571429,1.0531428571428572,71.42857142857143,5.3585714285714285,0.9714285714285714,24.3,191.0,1008.4285714285714,67.01428571428572,24.47142857142857,1023
22.82857142857143,12.6,17.928571428571427,22.82857142857143,12.6,17.928571428571427,64.5,0.0618571428571428,14.285714285714286,0.5957142857142858,0.0,15.142857142857142,223.9,1022.5714285714286,51.12857142857143,25.057142857142857,1049
19.185714285714287,10.257142857142856,14.728571428571428,19.185714285714287,9.742857142857144,14.6,73.01428571428572,0.5371428571428571,42.85714285714285,2.381428571428572,0.0,21.942857142857143,210.8428571428572,1015.1428571428572,61.41428571428571,21.02857142857143,908
5.814285714285715,1.6142857142857143,3.7,3.4285714285714284,-1.6,0.8714285714285716,89.54285714285713,1.1065714285714283,85.71428571428571,4.168571428571428,0.0,21.842857142857145,257.4142857142857,1006.6428571428572,79.32857142857142,17.82857142857143,1525
23.65714285714285,13.814285714285717,18.985714285714288,23.61428571428572,13.814285714285717,18.985714285714288,69.0,0.508,42.85714285714285,2.975714285714285,0.0,13.4,163.24285714285716,1013.6571428571428,53.08571428571429,14.814285714285717,1246
16.54285714285714,5.485714285714286,11.357142857142858,16.54285714285714,4.557142857142857,11.071428571428571,64.75714285714285,0.0385714285714285,14.285714285714286,0.5957142857142858,0.0,20.27142857142857,191.78571428571428,1015.9857142857144,54.31428571428571,16.614285714285714,1335
13.428571428571429,6.7,9.685714285714283,13.285714285714286,4.9,8.542857142857143,69.57142857142857,5.448714285714286,71.42857142857143,5.952857142857143,0.0,20.24285714285714,58.68571428571429,1016.3571428571428,55.957142857142856,29.02857142857143,858
10.714285714285714,6.471428571428571,8.885714285714284,10.257142857142856,4.928571428571429,7.6,88.87142857142858,2.165,85.71428571428571,4.764285714285714,0.0,21.52857142857143,173.34285714285716,1014.342857142857,79.34285714285714,16.428571428571427,1375
13.685714285714283,3.3428571428571425,8.257142857142856,13.685714285714283,2.1,7.299999999999999,74.64285714285714,0.0152857142857142,42.85714285714285,1.7871428571428571,0.0,17.52857142857143,157.71428571428572,1030.0571428571427,59.82857142857143,15.928571428571429,896
10.585714285714284,5.6571428571428575,7.914285714285714,9.457142857142856,1.942857142857143,4.971428571428572,82.31428571428572,1.4001428571428571,100.0,5.952857142857143,0.0,37.08571428571429,225.02857142857144,1001.3571428571428,67.77142857142857,25.02857142857143,1325
9.8,5.728571428571429,8.0,9.042857142857144,2.1,5.814285714285715,83.12857142857142,0.9665714285714284,71.42857142857143,4.761428571428572,0.0,29.342857142857145,251.55714285714288,1011.4428571428572,79.54285714285713,24.685714285714287,1639
11.028571428571428,4.214285714285714,7.671428571428572,10.157142857142857,1.9714285714285715,6.014285714285714,82.37142857142858,1.9714285714285715,85.71428571428571,5.951428571428571,0.0,23.25714285714286,209.57142857142856,1013.9571428571428,78.78571428571429,16.3,1175
13.857142857142858,7.057142857142857,10.5,13.857142857142858,5.542857142857143,9.9,77.05714285714285,0.334,100.0,5.954285714285715,0.0,19.8,194.3571428571429,1012.1857142857144,53.48571428571428,12.342857142857143,968
8.685714285714285,4.257142857142857,6.557142857142857,7.8,1.8,4.414285714285715,85.92857142857143,0.0,0.0,0.0,0.0,19.642857142857142,228.65714285714284,1030.2,80.32857142857142,17.571428571428573,1912
4.085714285714286,-0.7428571428571429,1.8714285714285717,1.0571428571428572,-3.3857142857142857,-1.1285714285714286,83.24285714285715,0.0705714285714285,85.71428571428571,3.5742857142857143,0.0,18.9,79.15714285714286,1034.4571428571428,57.60000000000001,7.528571428571429,1100
5.042857142857144,-0.2428571428571429,2.5285714285714285,1.3857142857142857,-4.614285714285715,-1.7428571428571429,75.10000000000001,0.4585714285714286,71.42857142857143,3.5728571428571425,1.975,30.214285714285715,201.22857142857143,1015.1714285714286,75.11428571428571,19.457142857142856,1411
6.342857142857143,2.142857142857143,4.142857142857143,4.557142857142858,-0.5000000000000001,1.8,89.77142857142857,0.588,100.0,6.547142857142857,1.375,17.285714285714285,80.04285714285713,1021.3714285714286,92.75714285714284,8.22857142857143,1506
10.642857142857142,6.228571428571429,8.285714285714286,10.185714285714283,4.442857142857143,6.957142857142857,90.6,1.3454285714285714,100.0,7.141428571428572,0.0,18.02857142857143,131.2,1008.0714285714286,83.48571428571428,10.085714285714284,1187
16.17142857142857,8.142857142857142,12.214285714285714,16.17142857142857,6.285714285714286,11.714285714285714,75.25714285714285,1.4347142857142856,85.71428571428571,7.738571428571428,0.0,28.214285714285715,219.25714285714284,1013.7,52.05714285714286,26.014285714285712,843
27.542857142857144,17.4,22.4,27.685714285714287,17.4,22.457142857142856,68.8,0.0208571428571428,28.571428571428573,1.1914285714285715,0.0,15.37142857142857,205.47142857142856,1019.6714285714286,48.72857142857144,14.957142857142856,1258
6.114285714285714,-0.5857142857142856,2.357142857142857,3.1714285714285717,-4.228571428571429,-0.8142857142857142,76.42857142857143,1.0235714285714286,42.85714285714285,2.975714285714285,0.0,22.471428571428568,89.58571428571429,1015.0142857142856,77.52857142857144,4.985714285714286,1292
5.185714285714286,0.8714285714285716,3.142857142857143,1.9285714285714288,-2.242857142857143,-0.0857142857142857,90.37142857142858,1.9024285714285716,85.71428571428571,8.927142857142858,0.0,20.714285714285715,199.87142857142857,995.8571428571428,59.58571428571429,16.814285714285713,1123
9.785714285714286,5.485714285714286,7.942857142857143,9.185714285714283,3.8428571428571434,6.9,86.58571428571429,0.0,0.0,0.0,0.0,16.214285714285715,307.07142857142856,1033.5857142857144,77.24285714285715,12.471428571428572,1518
12.828571428571427,8.028571428571428,10.571428571428571,12.828571428571427,5.9,9.657142857142857,87.37142857142858,4.371,100.0,9.524285714285714,0.0,25.5,194.92857142857144,1013.4571428571428,50.785714285714285,14.242857142857144,979
20.285714285714285,12.12857142857143,16.157142857142855,20.285714285714285,12.12857142857143,16.157142857142855,76.05714285714285,3.1575714285714285,85.71428571428571,7.74,0.0,23.442857142857143,225.9857142857143,1007.9714285714286,49.37142857142857,17.0,850
12.657142857142857,5.314285714285715,8.814285714285715,12.657142857142857,2.8285714285714287,7.571428571428571,76.34285714285714,3.603857142857142,71.42857142857143,4.761428571428572,0.0,24.428571428571427,231.42857142857144,1001.657142857143,63.95714285714286,20.457142857142856,1360
15.085714285714284,9.157142857142857,12.042857142857144,15.085714285714284,7.7,11.485714285714286,74.31428571428572,0.0,0.0,0.0,0.0,19.142857142857142,72.04285714285713,1027.1714285714286,84.2,18.37142857142857,1157
17.742857142857144,12.028571428571428,14.885714285714286,17.742857142857144,12.028571428571428,14.885714285714286,71.15714285714286,0.0,0.0,0.0,0.0,16.071428571428573,39.7,1021.9142857142856,85.12857142857142,28.057142857142857,994
17.114285714285714,11.042857142857144,14.114285714285716,17.114285714285714,10.87142857142857,14.1,79.51428571428572,3.440142857142857,100.0,11.31,0.0,23.785714285714285,212.7,1010.4857142857144,78.98571428571428,22.0,1005
19.12857142857143,12.05714285714286,15.414285714285716,19.12857142857143,11.685714285714283,15.37142857142857,73.94285714285715,2.0837142857142856,85.71428571428571,6.547142857142857,0.0,29.414285714285715,231.7,1010.342857142857,52.82857142857143,29.08571428571429,794
20.32857142857143,12.05714285714286,16.285714285714285,20.32857142857143,12.05714285714286,16.285714285714285,65.37142857142858,0.4684285714285714,42.85714285714285,1.7871428571428571,0.0,23.485714285714288,265.7285714285714,1016.1428571428572,71.27142857142857,28.5,1137
19.52857142857143,7.742857142857143,13.7,19.52857142857143,7.014285714285714,13.471428571428572,52.98571428571428,0.0,0.0,0.0,0.0,20.942857142857143,86.0,1019.4714285714286,42.885714285714286,12.042857142857144,1145
9.342857142857143,2.5142857142857147,6.028571428571429,8.385714285714286,0.2285714285714286,4.0,80.57142857142857,0.5851428571428572,71.42857142857143,3.5728571428571425,0.0,17.0,197.4142857142857,1013.3285714285714,77.15714285714286,13.12857142857143,1347
8.671428571428573,2.7285714285714286,5.685714285714285,7.071428571428571,-0.2428571428571428,3.2285714285714286,86.89999999999999,0.966,85.71428571428571,7.142857142857143,0.0,21.728571428571428,232.54285714285717,1005.6714285714286,68.97142857142858,22.485714285714288,1325
6.914285714285714,1.0857142857142856,4.085714285714286,4.471428571428572,-1.9285714285714288,1.3714285714285717,81.17142857142858,0.4008571428571428,57.142857142857146,2.9771428571428573,0.0,21.65714285714285,92.74285714285716,1019.2571428571428,79.74285714285715,14.214285714285714,1439
12.614285714285714,3.757142857142857,8.185714285714285,12.614285714285714,2.571428571428572,7.257142857142857,66.5142857142857,0.02,14.285714285714286,0.5957142857142858,0.0,17.557142857142857,75.32857142857142,1028.1857142857143,53.31428571428571,17.014285714285712,1176
25.17142857142857,14.2,19.82857142857143,25.057142857142857,14.2,19.814285714285717,63.6,0.182,42.85714285714285,2.381428571428572,0.0,20.67142857142857,195.58571428571423,1018.4714285714286,40.07142857142857,29.31428571428572,1131
18.47142857142857,6.871428571428572,12.914285714285716,18.47142857142857,5.871428571428572,12.414285714285716,61.22857142857144,0.0038571428571428,14.285714285714286,0.5957142857142858,0.0,21.385714285714283,104.37142857142858,1028.2285714285715,34.68571428571428,23.285714285714285,1106
14.828571428571427,7.328571428571428,10.857142857142858,14.828571428571427,6.8,10.642857142857142,83.17142857142858,0.5259999999999999,85.71428571428571,5.952857142857143,0.0,17.857142857142858,256.5,1026.1571428571428,50.871428571428574,19.27142857142857,1028
19.7,10.214285714285714,14.957142857142856,19.7,10.014285714285714,14.928571428571429,75.27142857142857,0.0052857142857142,14.285714285714286,0.5957142857142858,0.0,14.9,234.68571428571428,1026.1714285714286,61.05714285714286,22.12857142857143,1143
23.685714285714287,14.4,18.571428571428573,23.75714285714286,14.4,18.585714285714285,74.91428571428571,0.342,71.42857142857143,5.952857142857143,0.0,16.228571428571428,270.0285714285714,1014.6857142857144,56.84285714285714,20.52857142857143,1017
17.857142857142858,11.37142857142857,14.62857142857143,17.857142857142858,11.37142857142857,14.62857142857143,77.82857142857142,0.5314285714285714,85.71428571428571,4.762857142857143,0.0,22.11428571428572,255.14285714285717,1010.5,75.48571428571428,21.45714285714286,1211
25.62857142857143,16.8,21.014285714285712,25.571428571428573,16.8,21.0,59.32857142857143,0.1659999999999999,57.142857142857146,4.762857142857143,0.0,16.45714285714286,252.4,1014.6714285714286,56.2,31.814285714285717,835
10.528571428571428,5.328571428571428,7.8,10.085714285714284,2.4857142857142853,6.071428571428571,84.37142857142858,2.394142857142857,100.0,11.31,0.0,21.014285714285712,211.44285714285712,1003.6714285714286,77.67142857142858,17.557142857142857,1200
8.942857142857141,2.5285714285714285,5.6000000000000005,7.742857142857143,0.6857142857142857,4.242857142857143,85.02857142857144,0.8628571428571429,71.42857142857143,4.762857142857143,0.0,17.657142857142855,183.54285714285717,1021.5,55.22857142857144,20.24285714285714,1004
14.0,6.814285714285715,10.214285714285714,14.0,4.785714285714286,9.342857142857143,73.72857142857143,1.8412857142857144,100.0,10.712857142857144,0.0,24.12857142857143,188.07142857142856,1005.8857142857142,70.4,27.985714285714288,901
10.257142857142856,3.0,6.571428571428571,9.5,0.942857142857143,5.0,77.82857142857142,2.3840000000000003,57.142857142857146,2.9771428571428573,0.0,20.3,193.45714285714288,1015.5142857142856,76.81428571428572,14.971428571428572,1394
12.328571428571427,6.171428571428572,8.885714285714286,11.971428571428572,2.9857142857142853,6.857142857142857,79.04285714285713,1.0,28.571428571428573,1.1914285714285715,0.0,25.77142857142857,106.32857142857142,1011.6142857142858,80.6,15.271428571428572,1271
24.685714285714287,15.657142857142857,20.285714285714285,24.61428571428572,15.657142857142857,20.285714285714285,72.4857142857143,0.0432857142857142,57.142857142857146,2.382857142857143,0.0,21.728571428571428,239.07142857142856,1014.0285714285714,68.11428571428571,24.514285714285712,1148
25.185714285714287,14.9,19.95714285714286,25.357142857142858,14.9,19.97142857142857,73.35714285714286,2.6418571428571425,71.42857142857143,5.952857142857143,0.0,17.385714285714283,214.47142857142856,1012.1,42.21428571428572,23.65714285714285,847
14.928571428571429,7.828571428571428,11.257142857142856,14.928571428571429,6.185714285714285,10.742857142857144,69.42857142857143,1.0794285714285716,57.142857142857146,4.1657142857142855,0.0,20.857142857142858,234.54285714285717,1018.1857142857144,76.01428571428572,26.17142857142857,862
10.271428571428572,3.957142857142857,7.428571428571429,10.1,2.8714285714285714,6.271428571428571,86.05714285714285,2.720857142857142,100.0,8.334285714285715,0.0,21.65714285714285,155.25714285714284,1022.2142857142856,75.52857142857144,17.057142857142857,1127
15.585714285714287,9.771428571428572,12.5,15.585714285714287,9.271428571428572,12.3,80.88571428571429,1.7975714285714286,57.142857142857146,6.548571428571429,0.0,19.442857142857143,134.44285714285715,1006.7,57.271428571428565,25.27142857142857,883
15.414285714285716,9.3,12.342857142857143,15.414285714285716,9.014285714285714,12.257142857142856,78.67142857142858,1.5012857142857143,85.71428571428571,5.357142857142857,0.0,23.7,225.9142857142857,1007.5714285714286,79.31428571428572,21.0,1327
6.3,3.2857142857142856,4.9,4.142857142857143,0.5,2.4714285714285715,82.15714285714286,0.0432857142857142,57.142857142857146,2.9771428571428573,0.0,15.071428571428571,191.94285714285712,1010.3,63.785714285714285,18.714285714285715,861
10.514285714285714,5.5,8.214285714285714,10.257142857142856,3.1714285714285717,6.557142857142857,89.60000000000001,3.2322857142857147,100.0,8.930000000000001,0.0,21.5,192.22857142857143,1012.2571428571428,55.84285714285714,17.97142857142857,944
10.642857142857142,6.0,8.385714285714286,9.928571428571429,3.342857142857143,6.685714285714285,83.24285714285715,2.857714285714285,71.42857142857143,8.334285714285715,0.0,25.67142857142857,124.1857142857143,1005.3571428571428,66.34285714285714,21.800000000000004,966
14.328571428571427,7.8,10.885714285714286,13.87142857142857,5.742857142857143,9.9,81.12857142857142,0.8804285714285714,71.42857142857143,4.167142857142857,0.0,20.97142857142857,77.05714285714285,1007.6285714285716,83.10000000000001,15.642857142857142,1212
10.914285714285716,6.557142857142857,8.857142857142858,9.457142857142856,3.628571428571429,6.7,80.81428571428572,4.927142857142857,85.71428571428571,7.738571428571428,0.0,35.24285714285715,251.4142857142857,1010.0,55.271428571428565,29.785714285714285,1032
8.785714285714286,5.828571428571428,7.314285714285714,8.385714285714284,4.328571428571428,6.1000000000000005,77.58571428571429,0.0284285714285714,14.285714285714286,0.5957142857142858,0.0,15.514285714285714,263.1,1038.2,92.11428571428571,24.15714285714285,1067
7.442857142857143,1.957142857142857,4.628571428571429,5.557142857142857,0.0285714285714286,2.7285714285714286,83.74285714285715,0.0,0.0,0.0,0.0,15.8,180.9,1005.9142857142856,81.71428571428571,11.642857142857142,1299
5.328571428571428,0.4571428571428571,3.014285714285714,4.728571428571429,-0.6,2.157142857142857,88.60000000000001,0.1135714285714285,57.142857142857146,2.382857142857143,0.0,9.571428571428571,224.64285714285717,1036.2714285714285,74.7,6.771428571428571,1550
10.742857142857144,4.871428571428572,7.8428571428571425,10.114285714285714,1.7285714285714284,5.4,76.94285714285715,0.1871428571428571,71.42857142857143,3.5728571428571425,0.0,27.82857142857143,247.8571428571429,1020.3142857142858,79.15714285714286,25.414285714285715,1256
14.62857142857143,8.357142857142858,11.485714285714286,14.62857142857143,7.057142857142857,11.05714285714286,69.60000000000001,0.1738571428571428,57.142857142857146,5.357142857142857,0.0,22.057142857142857,85.61428571428571,1015.0142857142856,72.35714285714286,22.085714285714285,887
14.542857142857144,7.557142857142857,10.757142857142856,14.542857142857144,5.628571428571428,9.9,74.92857142857143,0.72,71.42857142857143,5.357142857142857,0.0,23.285714285714285,183.37142857142857,1011.342857142857,62.142857142857146,22.514285714285712,945
13.085714285714284,8.6,10.44285714285714,13.085714285714284,7.628571428571428,10.12857142857143,92.92857142857144,15.43085714285714,85.71428571428571,5.951428571428571,0.0,14.457142857142856,166.77142857142857,1007.6,80.62857142857142,9.4,1193
8.528571428571428,1.0285714285714287,4.957142857142857,6.471428571428571,-2.1714285714285717,1.8142857142857145,77.87142857142858,1.517,71.42857142857143,5.951428571428571,0.0714285714285714,27.7,222.1,1010.1285714285714,48.785714285714285,21.585714285714285,1149
19.185714285714287,13.228571428571428,15.642857142857142,19.185714285714287,13.228571428571428,15.642857142857142,82.84285714285714,4.504428571428571,100.0,11.905714285714286,0.0,21.3,238.2142857142857,1008.5857142857144,59.45714285714286,25.11428571428572,838
23.17142857142857,11.171428571428573,17.0,23.17142857142857,11.171428571428573,17.0,79.7,0.0,0.0,0.0,0.0,14.4,179.52857142857144,1023.0857142857144,29.0,6.942857142857143,1348
21.61428571428571,10.214285714285714,16.4,21.54285714285714,9.928571428571429,16.357142857142858,62.942857142857136,0.0205714285714285,14.285714285714286,0.5957142857142858,0.0,17.485714285714288,241.3142857142857,1022.9571428571428,38.614285714285714,22.2,1342
18.0,10.0,14.042857142857144,18.0,9.742857142857144,13.971428571428572,78.35714285714286,2.0694285714285714,57.142857142857146,4.1657142857142855,0.0,23.957142857142856,225.72857142857143,1015.3571428571428,73.64285714285714,20.342857142857145,1360
20.142857142857142,11.042857142857144,15.485714285714286,20.142857142857142,11.042857142857144,15.485714285714286,74.68571428571428,1.0938571428571429,57.142857142857146,2.9771428571428573,0.0,19.942857142857143,226.7142857142857,1019.0,58.32857142857143,17.385714285714286,1102
12.457142857142856,6.642857142857143,9.357142857142858,12.457142857142856,4.071428571428571,7.942857142857143,76.7,1.4867142857142857,71.42857142857143,5.952857142857143,0.0,23.5,240.08571428571432,1008.5142857142856,71.02857142857142,26.88571428571429,1020
10.528571428571428,2.742857142857143,6.728571428571429,9.44285714285714,1.042857142857143,5.014285714285714,71.85714285714286,0.0,0.0,0.0,0.0,22.357142857142858,223.2142857142857,1005.0428571428572,65.04285714285714,25.485714285714284,1229
16.285714285714285,8.942857142857143,12.642857142857142,16.285714285714285,8.371428571428572,12.514285714285714,77.65714285714286,3.764285714285714,100.0,10.714285714285714,0.0,18.357142857142858,132.0,1009.3285714285714,59.614285714285714,22.5,817
10.828571428571427,5.485714285714286,7.742857142857143,10.12857142857143,3.2,6.242857142857143,78.01428571428572,4.459857142857143,71.42857142857143,7.141428571428572,0.0,18.74285714285714,168.77142857142857,1005.2142857142856,74.41428571428571,17.357142857142858,1020
7.542857142857144,1.1142857142857143,4.585714285714286,4.942857142857143,-1.6857142857142855,1.657142857142857,84.38571428571429,1.6128571428571428,85.71428571428571,5.3585714285714285,0.0,21.585714285714285,254.1142857142857,1011.0,56.65714285714286,24.185714285714287,982
28.485714285714288,17.057142857142857,22.4,28.442857142857143,17.057142857142857,22.414285714285715,68.9,1.452,57.142857142857146,6.547142857142857,0.0,16.2,195.67142857142855,1016.7714285714284,38.44285714285714,11.042857142857144,1044
11.6,5.628571428571428,8.814285714285713,11.6,2.914285714285714,7.142857142857143,80.57142857142857,3.7565714285714287,100.0,11.31,0.0,28.957142857142856,214.82857142857145,1003.4142857142856,60.91428571428571,22.485714285714288,963
14.171428571428573,10.042857142857144,12.085714285714284,13.942857142857145,8.885714285714286,11.44285714285714,78.27142857142857,2.426,85.71428571428571,7.142857142857143,0.0,35.857142857142854,243.57142857142856,1011.3857142857142,73.84285714285714,24.37142857142857,928
11.585714285714284,6.271428571428571,8.942857142857143,11.242857142857144,3.928571428571429,7.628571428571428,83.22857142857143,0.2391428571428571,57.142857142857146,2.9771428571428573,0.0,27.9,207.32857142857145,1010.4142857142856,55.41428571428571,25.1,1402
11.457142857142856,3.185714285714285,6.957142857142857,11.1,0.2142857142857141,4.471428571428572,75.2,0.732,57.142857142857146,2.9771428571428573,0.0,29.028571428571432,279.31428571428575,1018.7714285714284,76.18571428571428,21.928571428571427,1281
21.342857142857145,12.928571428571429,17.15714285714286,21.342857142857145,12.928571428571429,17.15714285714286,67.37142857142858,0.9088571428571428,28.571428571428573,2.381428571428572,0.0,20.9,252.78571428571428,1018.0142857142856,51.285714285714285,31.6,853
20.15714285714285,13.542857142857144,16.5,20.15714285714285,13.314285714285717,16.485714285714288,83.24285714285715,2.133857142857143,85.71428571428571,6.547142857142857,0.0,17.95714285714286,115.11428571428571,1017.5428571428572,65.57142857142857,16.485714285714288,873
22.885714285714283,12.542857142857144,17.814285714285713,22.885714285714283,12.542857142857144,17.814285714285713,66.9,0.0372857142857142,14.285714285714286,1.19,0.0,26.085714285714285,203.3571428571429,1020.9,44.81428571428571,23.75714285714286,1234
23.057142857142857,13.285714285714286,18.014285714285712,23.057142857142857,13.285714285714286,18.014285714285712,73.12857142857142,0.12,28.571428571428573,1.1914285714285715,0.0,16.057142857142857,147.21428571428572,1023.2857142857144,56.02857142857143,16.085714285714285,1097
9.657142857142857,3.2857142857142856,6.571428571428571,7.685714285714285,0.2714285714285714,3.914285714285714,77.34285714285714,0.589857142857143,71.42857142857143,4.167142857142857,0.0,33.74285714285714,267.24285714285713,1015.1,61.98571428571428,22.77142857142857,1496
10.828571428571427,3.114285714285714,7.114285714285714,10.55714285714286,0.1142857142857143,4.928571428571429,65.87142857142858,2.483285714285714,85.71428571428571,8.332857142857142,0.0,22.67142857142857,253.8,1013.6142857142858,55.54285714285714,30.428571428571427,947
14.742857142857144,5.8,10.085714285714284,14.742857142857144,4.114285714285715,9.3,73.05714285714285,0.2298571428571428,42.85714285714285,3.571428571428572,0.1285714285714286,17.1,179.75714285714284,1026.7285714285713,48.48571428571428,19.52857142857143,950
19.52857142857143,11.571428571428571,15.271428571428572,19.52857142857143,11.571428571428571,15.271428571428572,81.62857142857142,0.0031428571428571,14.285714285714286,0.5957142857142858,0.0,17.02857142857143,207.32857142857145,1022.5,62.471428571428575,11.6,1203
12.414285714285716,6.057142857142857,9.028571428571428,12.05714285714286,3.7714285714285714,7.485714285714286,71.47142857142858,3.793714285714286,85.71428571428571,9.524285714285714,0.0,22.5,75.89999999999999,1012.3,76.67142857142858,21.74285714285714,1080
14.957142857142856,9.485714285714286,12.314285714285717,14.957142857142856,8.528571428571428,12.042857142857144,82.8,0.3575714285714286,85.71428571428571,4.168571428571428,0.0,20.685714285714287,293.4142857142857,1019.6,76.14285714285714,18.785714285714285,1224
20.457142857142856,14.014285714285714,17.085714285714285,20.457142857142856,14.014285714285714,17.085714285714285,72.88571428571429,1.715285714285714,57.142857142857146,6.548571428571429,0.0,22.571428571428573,259.81428571428575,1016.3142857142856,64.2,29.685714285714287,778
11.171428571428573,6.171428571428572,8.971428571428572,10.728571428571428,3.042857142857143,7.2,84.14285714285714,0.2922857142857143,71.42857142857143,4.167142857142857,0.0,34.614285714285714,225.9,1019.8714285714286,76.98571428571428,22.6,1347
22.371428571428574,13.2,17.67142857142857,22.371428571428574,13.2,17.67142857142857,69.57142857142857,1.7108571428571426,42.85714285714285,3.571428571428572,0.0,20.77142857142857,229.28571428571428,1017.4285714285714,52.48571428571428,30.414285714285715,835
22.65714285714285,13.928571428571429,18.4,22.65714285714285,13.885714285714286,18.4,74.88571428571429,0.0,0.0,0.0,0.0,20.2,237.28571428571428,1017.1,68.27142857142857,17.2,1449
13.957142857142856,10.314285714285717,12.142857142857142,13.957142857142856,9.542857142857144,11.985714285714286,88.71428571428571,0.7242857142857143,85.71428571428571,4.168571428571428,0.0,22.985714285714288,219.64285714285717,1017.9714285714286,82.78571428571429,13.257142857142856,1301
10.885714285714286,6.757142857142857,8.871428571428572,10.5,3.8857142857142857,7.128571428571428,79.58571428571429,1.1291428571428572,71.42857142857143,4.761428571428572,0.0,25.3,242.8142857142857,1025.9857142857145,72.22857142857143,30.585714285714285,1037
16.757142857142856,9.657142857142857,13.12857142857143,16.757142857142856,9.3,13.114285714285714,73.55714285714285,0.8574285714285714,28.571428571428573,2.9771428571428578,0.0,20.228571428571428,129.38571428571427,1022.6428571428572,46.871428571428574,26.785714285714285,850
9.9,3.471428571428571,6.728571428571429,9.157142857142857,2.3999999999999995,5.785714285714286,78.27142857142857,0.0024285714285714,14.285714285714286,0.5957142857142858,0.0,12.985714285714286,285.12857142857143,1027.9428571428573,66.47142857142858,14.94285714285714,1332
8.042857142857143,1.8428571428571427,4.557142857142857,5.971428571428571,-2.242857142857143,1.1,69.84285714285714,0.2855714285714285,71.42857142857143,4.167142857142857,1.8142857142857145,26.82857142857143,135.25714285714284,1015.6428571428572,75.25714285714285,18.857142857142858,1083
10.014285714285714,4.7,7.3428571428571425,8.128571428571428,0.0714285714285714,4.0,69.15714285714286,0.6825714285714285,71.42857142857143,4.167142857142857,0.0,47.1,252.7428571428572,1007.4142857142856,59.51428571428572,22.6,1368
7.0,3.742857142857143,5.314285714285715,6.485714285714286,1.5571428571428572,3.928571428571429,92.81428571428572,0.0191428571428571,42.85714285714285,2.975714285714285,0.0,12.585714285714284,153.58571428571426,1034.1,97.97142857142856,4.857142857142857,1341
18.17142857142857,11.8,14.842857142857143,18.17142857142857,11.742857142857144,14.828571428571433,89.17142857142858,6.357571428571428,85.71428571428571,7.737142857142857,0.0,18.65714285714285,180.7428571428572,1005.5,62.57142857142857,16.114285714285714,907
23.071428571428573,13.971428571428572,18.27142857142857,23.042857142857144,13.971428571428572,18.27142857142857,75.21428571428571,1.3761428571428571,85.71428571428571,4.762857142857143,0.0,17.2,255.3571428571429,1017.2,48.15714285714286,26.342857142857145,838
17.285714285714285,8.614285714285714,12.314285714285717,17.285714285714285,6.742857142857143,11.542857142857144,77.72857142857143,0.0691428571428571,57.142857142857146,2.382857142857143,0.0,23.414285714285715,58.385714285714286,1012.7714285714284,75.14285714285714,14.428571428571429,1176
15.285714285714286,9.657142857142857,12.4,15.285714285714286,7.914285714285714,11.928571428571429,81.14285714285714,10.554285714285712,85.71428571428571,5.357142857142857,0.0,28.62857142857143,225.3857142857143,1004.2285714285716,68.61428571428571,26.842857142857145,1168
17.557142857142857,11.12857142857143,14.2,17.557142857142857,10.957142857142856,14.171428571428573,80.62857142857142,3.566,100.0,7.141428571428572,0.0,26.885714285714283,208.9,1002.5857142857144,68.27142857142857,22.385714285714283,1224
13.471428571428572,6.928571428571429,10.085714285714284,13.471428571428572,4.271428571428571,8.671428571428573,80.71428571428571,3.011,100.0,11.904285714285717,0.0,27.5,208.02857142857144,1010.3571428571428,76.47142857142856,19.728571428571428,1094
13.614285714285714,7.471428571428571,10.5,13.614285714285714,5.428571428571429,9.771428571428572,81.52857142857144,1.8652857142857144,100.0,7.738571428571428,0.0,23.8,197.65714285714284,1008.6,67.58571428571429,17.099999999999998,905
17.157142857142855,11.642857142857142,14.285714285714286,17.157142857142855,11.642857142857142,14.285714285714286,83.52857142857144,4.910857142857142,100.0,12.5,0.0,21.585714285714285,189.2142857142857,1007.5142857142856,80.98571428571428,20.914285714285715,981
14.114285714285716,6.6000000000000005,9.6,14.114285714285716,5.314285714285715,8.914285714285715,80.74285714285715,0.0434285714285714,42.85714285714285,1.7871428571428571,0.0,13.328571428571427,222.5285714285714,1031.142857142857,65.32857142857144,10.05714285714286,965
10.828571428571427,6.271428571428571,8.342857142857143,10.44285714285714,4.3,7.085714285714286,85.45714285714287,0.1247142857142857,71.42857142857143,3.5728571428571425,0.0,19.342857142857145,89.12857142857142,1022.1714285714286,54.54285714285714,8.928571428571429,1364
11.857142857142858,6.828571428571428,9.514285714285714,11.857142857142858,5.585714285714286,8.77142857142857,89.95714285714287,0.9424285714285714,57.142857142857146,5.951428571428571,0.0,15.828571428571427,180.57142857142856,1021.657142857143,72.17142857142856,10.8,1085
12.342857142857143,4.914285714285714,8.32857142857143,12.342857142857143,2.814285714285714,7.114285714285714,78.98571428571428,1.018857142857143,42.85714285714285,2.975714285714285,0.0,16.62857142857143,154.24285714285716,1010.0571428571428,69.18571428571428,17.142857142857142,1373
15.757142857142856,10.7,13.014285714285714,15.757142857142856,10.05714285714286,12.885714285714286,80.01428571428572,2.768428571428572,42.85714285714285,4.761428571428572,0.0,22.74285714285714,71.37142857142857,1017.0857142857144,83.04285714285713,20.25714285714286,832
16.314285714285713,8.357142857142858,12.028571428571428,16.314285714285713,7.014285714285713,11.385714285714286,68.51428571428572,0.0287142857142857,14.285714285714286,0.5957142857142858,0.0,24.77142857142857,147.35714285714286,1020.8571428571428,49.957142857142856,24.15714285714285,958
12.385714285714286,5.171428571428572,9.4,12.05714285714286,3.457142857142857,8.614285714285714,80.51428571428572,0.3942857142857143,85.71428571428571,8.334285714285715,0.0,29.1,220.94285714285712,1016.9428571428572,55.65714285714286,25.82857142857143,904
8.8,3.5,6.357142857142857,5.914285714285714,1.1999999999999995,3.5,85.88571428571429,5.4311428571428575,100.0,10.121428571428572,0.0,26.02857142857143,221.75714285714284,1005.2857142857144,76.67142857142858,15.828571428571427,1296
11.114285714285714,2.7285714285714286,7.214285714285714,10.414285714285716,1.0857142857142856,5.814285714285715,66.75714285714285,0.1285714285714285,28.571428571428573,1.7857142857142858,0.0,20.285714285714285,230.97142857142856,1028.7142857142858,57.01428571428572,19.385714285714283,1251
7.442857142857143,1.2857142857142858,4.128571428571428,5.328571428571428,-1.8,1.1,79.65714285714286,2.260857142857143,100.0,8.928571428571429,0.0,22.957142857142856,290.9142857142857,1001.3571428571428,53.4,23.285714285714285,1062
21.2,13.357142857142858,17.314285714285713,21.2,13.357142857142858,17.314285714285713,66.05714285714285,0.0727142857142857,14.285714285714286,1.7857142857142858,0.0,14.314285714285717,147.5142857142857,1016.2857142857144,55.1,27.75714285714286,802
9.6,4.957142857142857,7.185714285714285,8.157142857142857,2.4428571428571426,5.171428571428571,88.89999999999999,1.504571428571429,85.71428571428571,7.140000000000001,0.0,32.285714285714285,226.45714285714288,1004.4857142857144,84.72857142857143,18.485714285714288,1575
19.97142857142857,12.971428571428572,16.12857142857143,19.97142857142857,12.971428571428572,16.12857142857143,78.5,1.8837142857142857,100.0,11.31,0.0,27.15714285714285,224.7,1008.7428571428572,53.114285714285714,25.24285714285714,838
23.642857142857142,12.757142857142856,18.3,23.557142857142857,12.685714285714283,18.27142857142857,67.55714285714285,0.0472857142857142,28.571428571428573,1.7857142857142858,0.0,20.142857142857142,230.3142857142857,1018.4428571428572,59.114285714285714,22.514285714285712,1217
20.642857142857142,12.928571428571429,16.67142857142857,20.642857142857142,12.742857142857144,16.642857142857142,77.21428571428571,1.5131428571428571,100.0,4.764285714285714,0.0,22.300000000000004,287.92857142857144,1016.7857142857144,76.01428571428572,23.0,1286
19.228571428571428,9.542857142857144,14.185714285714283,19.228571428571428,9.471428571428572,14.171428571428573,75.22857142857143,0.1552857142857142,28.571428571428573,2.381428571428572,0.0,13.314285714285717,188.77142857142857,1024.6,68.14285714285714,20.3,1071
10.014285714285714,4.742857142857143,7.257142857142857,8.614285714285714,1.5142857142857142,4.585714285714286,78.8,0.5302857142857142,71.42857142857143,3.5728571428571425,0.0,27.442857142857143,234.9857142857143,1013.0428571428572,62.85714285714285,21.585714285714285,1149
14.8,6.942857142857143,10.94285714285714,14.8,6.171428571428572,10.62857142857143,74.45714285714287,1.578142857142857,57.142857142857146,3.571428571428572,0.0,19.7,152.1,1013.2857142857144,76.45714285714287,18.728571428571428,1242
11.357142857142858,4.985714285714286,8.642857142857142,10.37142857142857,2.3285714285714287,7.014285714285714,82.68571428571428,0.0811428571428571,28.571428571428573,1.1914285714285715,0.0,28.65714285714285,241.2142857142857,1020.6,73.8,23.1,1365
9.128571428571428,2.542857142857143,5.428571428571429,6.371428571428572,-1.0,2.0571428571428574,78.15714285714286,1.6651428571428573,85.71428571428571,6.545714285714285,1.0,27.82857142857143,137.70000000000002,1016.1857142857144,73.77142857142857,24.642857142857142,1286
9.8,5.728571428571429,7.8,7.928571428571429,2.942857142857143,5.271428571428571,81.74285714285715,0.514,28.571428571428573,2.38,0.0,28.4,185.04285714285717,1003.4857142857144,84.5,23.3,1689
22.514285714285712,11.542857142857144,17.014285714285716,22.428571428571427,11.542857142857144,17.014285714285716,70.71428571428571,0.4804285714285714,57.142857142857146,2.9771428571428573,0.0,18.87142857142857,193.65714285714284,1023.3857142857142,48.91428571428571,24.9,1081
13.071428571428571,9.3,11.171428571428573,13.071428571428571,8.585714285714285,10.885714285714286,87.48571428571428,2.194857142857143,100.0,7.141428571428572,0.0,19.61428571428572,109.67142857142856,1010.7428571428572,92.57142857142856,13.428571428571429,1156
17.357142857142858,10.614285714285714,13.857142857142858,17.357142857142858,10.471428571428572,13.8,75.71428571428571,0.6555714285714286,85.71428571428571,4.168571428571428,0.0,20.77142857142857,196.18571428571428,1013.3571428571428,79.28571428571429,19.61428571428572,1028
23.042857142857144,13.257142857142856,18.31428571428572,23.2,13.142857142857142,18.342857142857145,72.11428571428571,0.5304285714285715,57.142857142857146,2.9771428571428573,0.0,25.514285714285712,110.2714285714286,1019.8142857142856,47.371428571428574,17.900000000000002,1225
11.785714285714286,4.642857142857143,8.671428571428573,11.785714285714286,2.8285714285714287,7.614285714285714,80.47142857142856,1.1725714285714286,85.71428571428571,5.3585714285714285,0.0142857142857142,18.428571428571427,261.4142857142857,1018.3571428571428,56.72857142857144,19.4,913
10.957142857142856,1.0714285714285714,5.342857142857143,9.985714285714286,-0.3142857142857143,3.857142857142857,76.71428571428571,0.045,100.0,4.17,4.7,14.528571428571428,77.78571428571429,1035.0,38.48571428571428,11.971428571428572,1026
13.657142857142857,9.142857142857142,11.528571428571428,13.657142857142857,7.957142857142857,11.085714285714287,82.21428571428571,4.215285714285714,71.42857142857143,7.7371428571428575,0.0,34.542857142857144,212.8571428571429,1006.3857142857142,62.8,23.3,962
9.414285714285716,5.485714285714286,7.399999999999999,8.028571428571428,3.442857142857143,5.742857142857143,81.01428571428572,0.3158571428571428,85.71428571428571,5.357142857142857,0.0,18.7,119.57142857142856,1016.4142857142856,74.94285714285715,13.485714285714286,974
26.685714285714287,14.842857142857143,20.585714285714285,26.385714285714283,14.842857142857143,20.557142857142857,61.25714285714286,0.0,0.0,0.0,0.0,22.27142857142857,183.45714285714288,1020.3857142857142,52.285714285714285,22.728571428571428,1311
14.885714285714286,7.685714285714285,11.114285714285714,14.885714285714286,6.442857142857143,10.528571428571428,77.81428571428572,1.1164285714285715,85.71428571428571,7.144285714285714,0.0,21.2,285.6,1014.4714285714286,50.9,24.52857142857143,898
13.571428571428571,8.971428571428572,11.542857142857144,13.571428571428571,8.028571428571428,10.814285714285717,76.67142857142858,1.2757142857142856,85.71428571428571,5.951428571428571,0.0,33.51428571428571,232.9857142857143,1010.9142857142856,67.02857142857142,19.47142857142857,1196
2.942857142857143,0.5428571428571428,1.8571428571428568,2.1142857142857143,-2.185714285714286,-0.2571428571428572,81.3,0.1908571428571428,28.571428571428573,2.38,0.0,12.87142857142857,78.78571428571429,1028.6714285714286,90.78571428571428,5.928571428571429,1473
12.7,7.8428571428571425,10.05714285714286,12.7,5.757142857142857,8.77142857142857,76.67142857142858,1.5984285714285715,71.42857142857143,6.547142857142857,0.0,30.885714285714283,183.64285714285717,1011.7714285714284,70.7,23.942857142857143,916
21.97142857142857,14.228571428571428,18.214285714285715,21.97142857142857,14.228571428571428,18.214285714285715,71.41428571428571,1.186,42.85714285714285,2.975714285714285,0.0,18.914285714285715,219.07142857142856,1011.0285714285714,76.67142857142858,22.27142857142857,1240
17.228571428571428,9.4,13.1,17.228571428571428,8.27142857142857,12.885714285714286,70.01428571428572,2.003285714285714,85.71428571428571,7.738571428571428,0.0,29.7,194.2142857142857,1005.3142857142856,74.31428571428572,23.32857142857143,886
20.057142857142857,12.1,15.94285714285714,20.057142857142857,11.985714285714286,15.94285714285714,73.5,0.3147142857142856,28.571428571428573,2.381428571428572,0.0,21.74285714285714,209.5142857142857,1020.4714285714286,59.51428571428572,27.857142857142858,794
16.8,10.142857142857142,13.271428571428572,16.8,9.3,13.028571428571428,75.44285714285715,0.5432857142857143,100.0,5.3585714285714285,0.0,30.071428571428573,242.58571428571423,1007.0857142857144,61.91428571428571,35.48571428571429,1109
12.271428571428572,5.357142857142857,9.014285714285714,11.87142857142857,3.3285714285714287,7.914285714285714,79.89999999999999,0.4887142857142857,100.0,5.3585714285714285,0.0,19.514285714285712,248.3142857142857,1027.3,56.771428571428565,12.5,1011
14.714285714285714,8.328571428571427,11.614285714285714,14.714285714285714,7.014285714285714,11.357142857142858,78.88571428571429,5.530428571428572,100.0,10.712857142857144,0.0,23.24285714285714,230.05714285714285,1011.5714285714286,78.01428571428572,20.314285714285717,988
3.414285714285714,0.4285714285714285,1.8285714285714287,-0.5857142857142856,-4.0285714285714285,-2.414285714285714,68.95714285714286,1.1842857142857142,42.85714285714285,4.167142857142857,3.957142857142857,22.642857142857142,56.142857142857146,1012.2142857142856,78.51428571428572,18.04285714285714,1046
16.485714285714288,7.857142857142857,12.071428571428571,16.485714285714288,6.628571428571428,11.642857142857142,71.68571428571428,0.4465714285714285,42.85714285714285,2.975714285714285,0.0,21.4,192.07142857142856,1012.5857142857144,71.51428571428572,20.214285714285715,1178
25.6,13.757142857142856,20.057142857142857,25.15714285714285,13.757142857142856,19.957142857142856,57.871428571428574,0.0011428571428571,14.285714285714286,0.5957142857142858,0.0,18.314285714285717,197.2142857142857,1018.7714285714284,47.785714285714285,18.728571428571428,1093
20.52857142857143,11.342857142857143,16.1,20.52857142857143,11.271428571428572,16.071428571428573,70.81428571428572,0.0305714285714285,14.285714285714286,0.5957142857142858,0.0,19.47142857142857,250.75714285714284,1016.8142857142856,75.89999999999999,19.342857142857145,1300
3.9,-0.6857142857142857,1.6999999999999995,0.9142857142857144,-4.671428571428572,-1.9,83.10000000000001,0.0567142857142857,14.285714285714286,0.5957142857142858,0.3428571428571428,23.785714285714285,93.3,1018.4571428571428,80.04285714285713,5.514285714285714,1756
20.37142857142857,12.385714285714286,16.37142857142857,20.37142857142857,12.385714285714286,16.37142857142857,73.38571428571429,2.690857142857143,71.42857142857143,8.334285714285715,0.0,17.37142857142857,235.5,1008.2714285714284,76.67142857142858,18.37142857142857,956
20.4,12.5,16.157142857142855,20.4,12.37142857142857,16.142857142857142,65.61428571428571,0.9112857142857144,42.85714285714285,2.381428571428572,0.0,23.67142857142857,263.45714285714286,1019.9857142857144,58.55714285714286,39.0,876
14.357142857142858,8.114285714285714,11.171428571428573,14.357142857142858,7.342857142857143,10.928571428571429,83.28571428571429,2.9027142857142856,100.0,8.927142857142858,0.1428571428571428,21.514285714285712,206.07142857142856,1002.657142857143,51.44285714285714,25.685714285714287,913
11.12857142857143,2.8285714285714283,6.885714285714286,10.8,1.2285714285714289,5.842857142857143,73.85714285714286,0.0068571428571428,28.571428571428573,1.1914285714285715,0.0,14.514285714285714,168.4857142857143,1021.8285714285714,57.471428571428575,11.542857142857144,1446
5.542857142857143,0.1714285714285714,2.957142857142857,3.457142857142857,-1.3285714285714287,0.8142857142857143,89.18571428571428,0.1544285714285714,28.571428571428573,1.1914285714285715,0.0,15.171428571428573,71.48571428571428,1039.8285714285714,72.94285714285715,7.371428571428572,1504
8.6,2.728571428571428,5.457142857142857,8.242857142857142,1.2857142857142854,4.257142857142857,87.02857142857144,0.344,85.71428571428571,4.762857142857143,0.0,17.4,208.3,1034.4857142857145,47.58571428571429,17.5,1106
11.714285714285714,7.3,9.5,11.714285714285714,5.742857142857143,8.428571428571429,82.67142857142858,1.4857142857142858,71.42857142857143,4.167142857142857,0.0,24.928571428571427,207.87142857142857,1016.7,74.97142857142856,18.32857142857143,985
8.814285714285715,5.257142857142857,7.057142857142857,8.185714285714285,3.1,5.542857142857143,81.74285714285715,0.0138571428571428,14.285714285714286,0.5957142857142858,0.0,19.32857142857143,222.6,1033.1857142857143,86.97142857142856,15.357142857142858,1691
16.214285714285715,6.2,10.914285714285716,16.142857142857142,4.942857142857143,10.042857142857144,63.142857142857146,0.0595714285714285,28.571428571428573,1.7857142857142858,0.0,19.957142857142856,119.92857142857144,1022.7285714285716,62.9,14.428571428571429,972
10.385714285714286,4.357142857142857,7.757142857142858,8.9,0.1428571428571428,5.028571428571429,72.81428571428572,3.2917142857142854,100.0,8.930000000000001,0.0,35.857142857142854,241.4857142857143,1006.9714285714286,60.31428571428571,28.685714285714287,1140
23.342857142857145,14.114285714285716,18.685714285714287,23.314285714285717,14.114285714285716,18.685714285714287,74.01428571428572,1.001285714285714,42.85714285714285,2.381428571428572,0.0,18.61428571428572,185.5,1013.5857142857144,55.1,13.585714285714284,1133
16.54285714285714,12.0,14.028571428571428,16.54285714285714,12.0,14.028571428571428,89.81428571428572,3.4468571428571435,85.71428571428571,5.951428571428571,0.0,15.842857142857143,185.57142857142856,1013.1428571428572,93.12857142857142,13.042857142857144,1151
9.014285714285714,3.7142857142857135,6.185714285714285,7.314285714285715,1.0714285714285714,3.571428571428572,88.42857142857143,2.8122857142857143,71.42857142857143,4.761428571428572,0.0,27.77142857142857,176.4857142857143,1009.4714285714286,74.98571428571428,15.457142857142856,1639
12.485714285714286,7.2,10.014285714285714,12.171428571428573,5.542857142857143,9.185714285714283,90.15714285714286,2.5360000000000005,100.0,8.331428571428571,0.0,19.785714285714285,239.22857142857143,1008.9571428571428,82.85714285714286,15.485714285714286,1240
10.542857142857144,7.5,9.157142857142857,9.714285714285714,4.971428571428571,7.6,81.28571428571429,2.4985714285714287,100.0,11.31,0.0,29.38571428571429,244.37142857142857,1019.4,85.82857142857142,21.557142857142857,1319
5.128571428571428,-0.8428571428571429,1.7571428571428571,1.7285714285714289,-4.9,-1.8142857142857145,70.37142857142857,0.0542857142857142,57.142857142857146,2.382857142857143,0.0,22.12857142857143,177.37142857142857,1010.7571428571428,50.08571428571429,16.32857142857143,1134
10.05714285714286,4.714285714285714,7.771428571428571,9.071428571428571,1.4,6.042857142857143,86.21428571428571,2.424428571428572,100.0,6.547142857142857,0.0,27.442857142857143,209.92857142857144,1001.3714285714286,78.58571428571429,25.457142857142856,1336
26.485714285714288,16.5,21.17142857142857,26.2,16.5,21.071428571428573,60.9,0.003,14.285714285714286,0.5957142857142858,0.0,16.2,88.84285714285714,1023.3285714285714,40.32857142857143,24.571428571428573,939
23.37142857142857,13.528571428571428,18.77142857142857,23.37142857142857,13.528571428571428,18.77142857142857,70.47142857142858,0.2857142857142857,14.285714285714286,0.5957142857142858,0.0,19.985714285714288,180.1142857142857,1017.9285714285714,55.885714285714286,18.02857142857143,1367
23.542857142857144,13.742857142857144,18.571428571428573,23.25714285714286,13.742857142857144,18.514285714285712,69.12857142857142,0.4454285714285714,57.142857142857146,3.571428571428572,0.0,24.357142857142858,200.2428571428571,1013.2142857142856,58.642857142857146,20.857142857142858,1227
15.085714285714284,10.7,12.671428571428573,15.085714285714284,10.614285714285714,12.657142857142857,90.41428571428573,1.627142857142857,71.42857142857143,7.142857142857143,0.0,14.62857142857143,148.3857142857143,1018.7571428571428,76.27142857142857,8.857142857142858,913
26.7,13.6,19.942857142857143,26.3,13.6,19.885714285714283,56.85714285714285,0.0,0.0,0.0,0.0,17.12857142857143,124.1,1025.2857142857142,23.02857142857143,26.071428571428573,838
10.1,5.371428571428572,7.742857142857143,9.285714285714286,2.257142857142857,5.485714285714286,80.84285714285714,4.251285714285714,85.71428571428571,10.715714285714286,0.0,31.485714285714288,210.45714285714288,1001.2428571428572,52.18571428571429,23.942857142857143,1030
7.385714285714286,2.442857142857143,5.142857142857143,6.214285714285714,1.6428571428571428,3.9,88.15714285714286,0.5944285714285714,57.142857142857146,3.5728571428571425,0.0,12.9,185.0,1016.3714285714286,72.91428571428571,11.214285714285714,1037
20.342857142857145,11.742857142857144,16.057142857142857,20.342857142857145,11.614285714285714,16.04285714285714,74.60000000000001,0.0805714285714285,85.71428571428571,3.5742857142857143,0.0,14.385714285714286,274.35714285714283,1024.1571428571428,51.957142857142856,16.1,858
6.157142857142857,0.3000000000000001,3.3428571428571425,3.3285714285714287,-2.657142857142857,0.8428571428571429,87.94285714285715,0.235,71.42857142857143,4.167142857142857,0.0,22.82857142857143,133.0142857142857,1009.8,65.51428571428572,11.028571428571428,1692
3.3714285714285714,-0.2142857142857142,1.457142857142857,-0.6,-4.728571428571429,-2.7,79.98571428571428,0.6847142857142857,100.0,9.524285714285714,0.1428571428571428,21.785714285714285,113.58571428571427,1014.8857142857142,63.22857142857142,17.1,1202
6.542857142857143,0.0857142857142856,3.5285714285714285,3.414285714285714,-2.9714285714285715,0.1714285714285713,80.74285714285715,1.5334285714285714,85.71428571428571,6.548571428571429,1.3,23.642857142857142,252.62857142857143,1009.2857142857144,63.0,18.814285714285717,1216
16.885714285714286,12.157142857142857,14.542857142857144,16.885714285714286,11.228571428571428,14.285714285714286,75.98571428571428,1.1392857142857145,85.71428571428571,6.547142857142857,0.0,25.514285714285712,235.72857142857143,1015.3142857142856,68.1,25.314285714285717,969
10.8,3.3285714285714287,6.957142857142857,9.571428571428571,0.4571428571428571,4.757142857142857,72.51428571428572,0.9654285714285714,28.571428571428573,4.167142857142857,0.0,23.32857142857143,123.0,1013.4142857142856,64.72857142857143,19.62857142857143,1079
3.8285714285714287,-1.6714285714285713,0.8571428571428571,1.6857142857142855,-3.314285714285714,-1.1142857142857143,81.25714285714285,0.1158571428571428,71.42857142857143,4.762857142857143,0.0,14.057142857142855,80.67142857142858,1025.0285714285717,40.74285714285714,11.714285714285714,1269
15.314285714285717,10.757142857142856,13.285714285714286,15.314285714285717,10.0,13.014285714285714,83.5,4.284285714285715,85.71428571428571,9.524285714285714,0.0,25.65714285714285,194.58571428571423,1006.9,52.271428571428565,20.214285714285715,955
11.671428571428573,3.914285714285714,7.442857142857143,10.357142857142858,1.3857142857142857,5.357142857142857,72.14285714285714,0.6947142857142857,71.42857142857143,3.5728571428571425,0.0,22.385714285714283,143.92857142857142,1015.0714285714286,58.57142857142857,13.528571428571428,1539
8.785714285714286,2.642857142857143,5.628571428571428,6.828571428571428,-0.7571428571428571,2.9857142857142853,77.77142857142857,0.5931428571428572,42.85714285714285,2.381428571428572,0.0,23.914285714285715,155.1142857142857,1018.8,82.42857142857143,14.914285714285716,1234
11.2,6.771428571428571,9.314285714285717,10.728571428571428,4.628571428571428,8.071428571428571,85.7,0.0794285714285714,28.571428571428573,1.1914285714285715,0.0,28.47142857142857,236.72857142857143,1022.8142857142856,79.94285714285715,19.942857142857143,1566
26.2,14.771428571428572,20.557142857142857,26.17142857142857,14.771428571428572,20.557142857142857,68.74285714285715,0.2071428571428571,14.285714285714286,0.5957142857142858,0.0,15.7,196.18571428571428,1018.9428571428572,45.22857142857142,14.014285714285714,1406
12.357142857142858,5.771428571428571,9.057142857142855,11.828571428571427,1.957142857142857,6.9,71.98571428571428,3.096714285714285,100.0,8.93,0.0,41.15714285714286,263.45714285714286,1010.4,71.12857142857142,26.457142857142856,980
21.52857142857143,14.042857142857144,17.32857142857143,21.52857142857143,14.042857142857144,17.32857142857143,76.39999999999999,0.3405714285714286,42.85714285714285,2.381428571428572,0.0,21.642857142857142,257.07142857142856,1017.5714285714286,76.84285714285714,20.15714285714285,1064
9.814285714285717,2.557142857142857,6.271428571428571,8.185714285714285,-0.5428571428571428,3.7142857142857135,77.51428571428572,5.621714285714286,100.0,10.12,2.0,22.757142857142856,71.95714285714286,1009.3571428571428,69.12857142857142,15.642857142857142,1082
10.4,5.642857142857143,7.8428571428571425,9.428571428571429,2.3,5.214285714285714,72.8,0.3041428571428571,42.85714285714285,2.381428571428572,0.0,30.714285714285715,148.07142857142858,1023.7428571428572,67.2,19.214285714285715,1181
18.2,11.3,14.9,18.2,11.157142857142857,14.87142857142857,80.8,2.915142857142857,71.42857142857143,6.547142857142857,0.0,13.785714285714286,174.81428571428572,1015.2571428571428,58.67142857142857,15.2,833
7.142857142857143,2.642857142857143,4.8,4.314285714285714,-0.1428571428571428,2.071428571428572,82.08571428571429,2.772142857142857,85.71428571428571,11.905714285714286,0.0285714285714285,20.928571428571427,107.48571428571428,1000.9857142857144,66.82857142857142,13.37142857142857,997
9.828571428571427,5.171428571428572,7.542857142857143,9.671428571428573,3.5142857142857147,6.557142857142857,87.95714285714287,1.683142857142857,71.42857142857143,3.5728571428571425,0.0,21.428571428571427,160.72857142857143,1017.0142857142856,79.72857142857143,9.685714285714283,1512
4.085714285714286,-0.7142857142857143,1.842857142857143,1.914285714285714,-3.4857142857142853,-0.5571428571428572,86.84285714285714,0.9058571428571428,42.85714285714285,3.571428571428572,3.0142857142857147,15.657142857142857,253.57142857142856,1013.1428571428572,67.41428571428571,14.157142857142857,1037
15.3,9.3,11.957142857142856,15.3,7.828571428571428,11.714285714285714,80.34285714285714,2.2568571428571427,71.42857142857143,6.547142857142857,0.0,19.74285714285714,258.88571428571424,1016.9142857142856,57.8,26.24285714285714,945
14.642857142857142,8.72857142857143,11.55714285714286,14.642857142857142,8.114285714285714,11.27142857142857,82.75714285714285,4.282000000000001,57.142857142857146,2.9771428571428573,0.0,21.942857142857143,150.72857142857143,1012.7714285714286,70.5,19.085714285714285,1347
8.12857142857143,3.071428571428572,5.314285714285715,6.785714285714286,0.4428571428571429,3.2857142857142856,86.47142857142856,0.3962857142857143,57.142857142857146,3.571428571428572,0.0,16.342857142857145,106.42857142857144,1012.5714285714286,85.85714285714286,3.885714285714286,1292
12.62857142857143,7.828571428571428,10.1,12.242857142857144,5.757142857142857,8.857142857142858,77.91428571428571,1.0607142857142855,85.71428571428571,5.357142857142857,0.0,29.785714285714285,188.45714285714288,1009.8571428571428,84.97142857142856,19.214285714285715,1180
10.471428571428572,2.8428571428571425,6.471428571428571,10.071428571428571,1.0714285714285716,4.914285714285714,82.28571428571429,3.216714285714286,57.142857142857146,6.547142857142857,0.0,16.442857142857143,248.8142857142857,1004.3571428571428,63.35714285714285,16.557142857142857,1176
20.74285714285714,12.142857142857142,16.314285714285713,20.74285714285714,11.885714285714286,16.3,67.7,1.046,42.85714285714285,4.1657142857142855,0.0,22.228571428571428,232.7428571428572,1016.6285714285714,61.7,22.47142857142857,963
15.085714285714284,7.142857142857143,11.37142857142857,15.085714285714284,5.7,10.814285714285717,72.9857142857143,0.3874285714285714,42.85714285714285,2.381428571428572,0.0,25.02857142857143,214.8857142857143,1022.5571428571428,71.35714285714286,13.9,1293
8.242857142857144,1.2285714285714284,4.742857142857143,7.5,-0.0857142857142857,3.2,84.41428571428571,0.8058571428571428,71.42857142857143,4.167142857142857,0.0,17.142857142857142,226.67142857142855,1014.5714285714286,63.55714285714286,12.871428571428572,1164
13.242857142857144,7.0,9.485714285714286,13.242857142857144,4.1571428571428575,7.957142857142857,78.94285714285715,1.5072857142857143,100.0,11.904285714285717,0.0,26.928571428571427,218.72857142857143,997.657142857143,57.82857142857143,27.285714285714285,909
13.985714285714286,6.6571428571428575,10.05714285714286,13.985714285714286,4.428571428571429,8.885714285714284,65.41428571428571,1.512857142857143,42.85714285714285,4.167142857142857,0.0,23.042857142857144,197.42857142857144,1010.9428571428572,59.81428571428571,33.67142857142857,938
13.142857142857142,7.3428571428571425,10.071428571428571,13.142857142857142,4.8,9.057142857142855,78.7,2.5197142857142856,100.0,4.764285714285714,0.0,28.014285714285712,248.38571428571427,1011.7,73.74285714285715,24.6,1247
9.885714285714286,2.4714285714285715,6.414285714285714,8.77142857142857,-0.6714285714285715,4.0285714285714285,68.02857142857142,0.0567142857142857,14.285714285714286,0.5957142857142858,0.0,27.585714285714285,89.57142857142857,1023.2142857142856,63.471428571428575,22.75714285714286,1472
11.614285714285714,5.814285714285715,8.671428571428573,11.3,2.7142857142857144,6.828571428571429,78.47142857142856,1.5214285714285716,57.142857142857146,4.1657142857142855,0.0,27.15714285714285,245.57142857142856,991.7571428571428,55.24285714285714,23.957142857142856,1264
11.085714285714284,3.414285714285714,7.528571428571429,11.085714285714284,1.6999999999999995,5.985714285714286,82.97142857142856,0.7244285714285714,85.71428571428571,4.762857142857143,0.0,25.542857142857144,245.6142857142857,1017.1714285714286,68.14285714285714,19.62857142857143,1049
10.028571428571428,5.414285714285714,7.671428571428572,9.457142857142856,3.085714285714286,5.985714285714286,83.82857142857142,0.0,0.0,0.0,0.0,19.74285714285714,186.72857142857143,1023.1428571428572,78.37142857142858,13.87142857142857,1634
17.6,9.928571428571429,13.542857142857144,17.6,9.457142857142856,13.428571428571429,78.85714285714286,0.5107142857142858,28.571428571428573,1.7857142857142858,0.0,23.77142857142857,182.1,1013.9571428571428,60.3,22.67142857142857,1337
9.6,3.857142857142857,6.871428571428572,8.7,1.8285714285714287,5.114285714285714,84.0,0.1715714285714285,28.571428571428573,1.1914285714285715,0.0,21.342857142857145,184.5142857142857,1026.2714285714285,82.34285714285714,11.242857142857144,1362
15.642857142857142,10.142857142857142,12.62857142857143,15.642857142857142,9.742857142857144,12.585714285714284,86.08571428571429,5.4877142857142855,100.0,11.904285714285717,0.0,22.6,197.5,1004.4714285714286,76.22857142857143,23.142857142857142,921
11.785714285714286,4.271428571428571,7.857142857142857,11.62857142857143,3.3714285714285714,7.157142857142857,83.92857142857143,0.1667142857142857,100.0,5.3585714285714285,1.4428571428571428,11.828571428571427,129.84285714285713,1027.057142857143,50.271428571428565,9.0,937
22.071428571428573,15.2,18.2,22.071428571428573,15.2,18.2,69.9,0.7172857142857143,57.142857142857146,5.357142857142857,0.0,30.142857142857142,222.9142857142857,1013.6714285714286,56.68571428571429,19.74285714285714,875
15.642857142857142,7.128571428571428,11.8,15.642857142857142,5.942857142857143,11.357142857142858,68.04285714285714,0.173,57.142857142857146,4.167142857142857,0.0,17.757142857142856,72.77142857142857,1014.7428571428572,51.614285714285714,22.15714285714285,899
23.314285714285717,14.457142857142856,18.61428571428572,23.314285714285717,14.457142857142856,18.61428571428572,74.91428571428571,3.5591428571428567,57.142857142857146,2.9771428571428573,0.0,19.914285714285715,226.7,1017.342857142857,65.52857142857142,29.071428571428573,1183
14.0,8.814285714285715,11.542857142857144,14.0,8.342857142857143,11.328571428571427,87.71428571428571,3.664,100.0,5.952857142857143,0.0,20.885714285714283,217.7142857142857,1005.6857142857144,88.28571428571429,13.7,1408
9.828571428571427,4.785714285714286,7.399999999999999,8.842857142857143,1.7142857142857142,5.142857142857143,88.77142857142857,0.8154285714285715,71.42857142857143,4.167142857142857,0.0,22.17142857142857,185.0,1013.1714285714286,88.34285714285714,14.642857142857142,1359
14.671428571428573,6.871428571428572,10.657142857142857,14.671428571428573,5.914285714285714,10.114285714285714,71.68571428571428,3.658285714285714,85.71428571428571,7.7371428571428575,0.0,18.885714285714283,197.4142857142857,1005.9,59.75714285714286,23.485714285714288,1006
4.928571428571429,1.342857142857143,3.2857142857142856,1.6,-2.071428571428572,-0.1428571428571428,89.47142857142856,2.827428571428572,71.42857142857143,9.524285714285714,0.0714285714285714,20.82857142857143,150.74285714285716,999.6857142857144,57.04285714285714,21.97142857142857,1079
21.82857142857143,14.357142857142858,18.071428571428573,21.82857142857143,14.357142857142858,18.071428571428573,67.75714285714285,0.5471428571428572,71.42857142857143,4.761428571428572,0.0,19.985714285714288,265.48571428571427,1013.2571428571428,56.971428571428575,33.857142857142854,769
16.814285714285713,9.55714285714286,13.0,16.814285714285713,9.042857142857144,12.8,67.11428571428571,0.5777142857142856,42.85714285714285,2.975714285714285,0.0,20.02857142857143,230.67142857142855,1015.6428571428572,64.67142857142856,24.685714285714287,867
1.0714285714285714,-3.7285714285714286,-1.2142857142857142,-3.4714285714285715,-9.528571428571428,-6.628571428571428,66.92857142857143,0.0178571428571428,14.285714285714286,0.5957142857142858,4.0,30.300000000000004,95.9,1021.4142857142856,64.65714285714286,15.1,2044
8.571428571428571,3.185714285714285,6.028571428571429,7.0,0.6000000000000002,3.8,79.22857142857143,0.0,0.0,0.0,0.0,21.61428571428572,247.5,1021.1714285714286,76.21428571428571,18.75714285714286,1330
15.7,3.8,9.471428571428572,15.7,2.3,8.857142857142858,69.27142857142857,0.8542857142857143,28.571428571428573,1.1914285714285715,0.0,16.228571428571428,132.62857142857143,1020.342857142857,47.057142857142864,6.285714285714286,1199
22.12857142857143,13.757142857142856,17.942857142857143,22.12857142857143,13.757142857142856,17.942857142857143,64.44285714285715,0.1091428571428571,42.85714285714285,2.381428571428572,0.0,19.37142857142857,269.90000000000003,1016.3,74.65714285714286,28.814285714285717,1054
8.614285714285714,-0.0285714285714287,4.2,7.8,-1.9714285714285715,2.942857142857143,89.31428571428572,1.0211428571428571,42.85714285714285,2.381428571428572,0.0,21.1,240.2,1023.7857142857144,57.05714285714286,6.557142857142857,1503
22.571428571428573,13.528571428571428,17.814285714285713,22.585714285714285,13.528571428571428,17.814285714285713,74.61428571428571,0.214,57.142857142857146,4.1657142857142855,0.0,23.014285714285712,231.3142857142857,1016.4857142857144,49.371428571428574,26.785714285714285,773
9.3,4.071428571428571,6.514285714285714,8.0,2.357142857142857,4.785714285714286,82.71428571428571,0.7775714285714285,85.71428571428571,8.334285714285715,0.0,17.257142857142856,208.2428571428572,1005.4285714285714,62.785714285714285,19.37142857142857,937
15.871428571428572,9.742857142857144,12.528571428571428,15.871428571428572,8.971428571428572,12.4,80.51428571428572,0.2017142857142857,71.42857142857143,3.5728571428571425,0.0,14.37142857142857,166.78571428571428,1024.428571428571,68.34285714285714,16.84285714285714,993
17.942857142857143,10.857142857142858,14.542857142857144,17.942857142857143,10.685714285714283,14.514285714285714,71.7,1.0052857142857143,57.142857142857146,2.9771428571428573,0.0,21.4,235.11428571428573,1011.9428571428572,75.04285714285713,18.928571428571427,1308
15.971428571428572,6.471428571428571,10.714285714285714,15.971428571428572,4.457142857142857,9.785714285714286,76.77142857142857,0.012,14.285714285714286,0.5957142857142858,0.0,18.0,151.07142857142858,1016.8,58.785714285714285,16.4,1342
13.814285714285717,9.414285714285716,11.714285714285714,13.814285714285717,7.714285714285714,11.44285714285714,82.62857142857142,2.342714285714286,85.71428571428571,5.357142857142857,0.0,28.87142857142857,183.6,1002.7285714285716,78.5,17.685714285714287,1366
26.857142857142858,16.985714285714288,21.557142857142857,26.928571428571427,16.985714285714288,21.571428571428573,68.37142857142858,1.5374285714285716,42.85714285714285,2.9771428571428573,0.0,18.15714285714285,161.81428571428572,1016.0428571428572,58.72857142857144,23.7,796
17.67142857142857,9.657142857142858,13.385714285714286,17.67142857142857,8.72857142857143,13.042857142857144,66.42857142857143,2.312142857142857,57.142857142857146,3.571428571428572,0.0,24.3,204.25714285714284,1018.3285714285714,63.385714285714286,28.742857142857144,876
23.314285714285717,14.542857142857144,18.82857142857143,23.314285714285717,14.542857142857144,18.82857142857143,71.61428571428571,0.0047142857142857,57.142857142857146,3.5728571428571425,0.0,18.8,211.75714285714284,1018.2857142857144,64.48571428571428,28.7,763
6.171428571428572,2.8285714285714287,4.614285714285714,4.0285714285714285,-0.0571428571428571,1.9857142857142855,89.18571428571428,2.416857142857143,71.42857142857143,6.548571428571429,0.0,18.285714285714285,103.68571428571428,1019.7571428571428,79.71428571428571,9.8,1290
14.257142857142856,6.614285714285714,9.8,14.257142857142856,4.214285714285714,8.442857142857143,65.14285714285714,0.0001428571428571,14.285714285714286,0.5957142857142858,0.0,21.314285714285717,43.57142857142857,1026.4571428571428,57.25714285714286,25.957142857142856,904
12.37142857142857,6.857142857142857,9.528571428571428,12.37142857142857,5.014285714285714,8.72857142857143,80.97142857142856,2.238714285714285,85.71428571428571,8.331428571428571,0.0,20.75714285714286,193.08571428571423,995.9428571428572,67.88571428571429,17.928571428571427,1101
21.214285714285715,13.242857142857144,16.97142857142857,21.214285714285715,13.114285714285714,16.95714285714286,78.51428571428572,2.0491428571428574,42.85714285714285,1.7871428571428571,0.0,21.842857142857145,147.71428571428572,1019.7571428571428,61.32857142857143,15.185714285714283,1179
9.314285714285717,3.1142857142857143,6.271428571428571,8.128571428571428,1.1857142857142855,4.928571428571429,84.3,0.3244285714285714,85.71428571428571,8.332857142857142,0.0,14.87142857142857,262.4428571428572,1030.571428571429,63.957142857142856,17.04285714285714,1090
4.1571428571428575,-1.3714285714285714,1.4285714285714286,1.0142857142857142,-4.471428571428572,-1.6857142857142855,82.5,2.812428571428572,57.142857142857146,3.571428571428572,0.0,23.67142857142857,188.87142857142857,1001.5571428571428,65.22857142857143,15.671428571428573,1629
22.414285714285715,14.44285714285714,18.25714285714286,22.414285714285715,14.44285714285714,18.25714285714286,75.92857142857143,0.6872857142857143,42.85714285714285,2.381428571428572,0.0,18.75714285714286,261.75714285714287,1019.2714285714284,78.98571428571428,19.442857142857143,1155
22.97142857142857,13.742857142857144,17.914285714285715,22.857142857142858,13.742857142857144,17.9,78.11428571428571,4.259,85.71428571428571,5.951428571428571,0.0,17.257142857142856,143.14285714285714,1014.3571428571428,39.15714285714286,11.957142857142856,899
22.014285714285712,12.385714285714286,17.114285714285717,22.014285714285712,12.385714285714286,17.114285714285717,72.22857142857143,0.0651428571428571,14.285714285714286,0.5957142857142858,0.0,21.057142857142857,115.77142857142856,1016.7571428571428,54.94285714285714,16.442857142857143,1198
23.285714285714285,14.528571428571428,18.714285714285715,23.285714285714285,14.528571428571428,18.714285714285715,68.05714285714285,0.0164285714285714,71.42857142857143,4.762857142857143,0.0,21.4,209.37142857142857,1016.3857142857142,56.771428571428565,29.571428571428573,738
22.5,10.285714285714286,16.885714285714286,22.5,10.271428571428572,16.87142857142857,63.52857142857143,0.0791428571428571,57.142857142857146,2.382857142857143,0.0,14.571428571428571,177.35714285714286,1026.7,34.75714285714286,14.62857142857143,947
6.4,3.128571428571429,4.785714285714286,3.6,0.1857142857142857,1.8571428571428568,80.77142857142857,0.2017142857142857,85.71428571428571,5.357142857142857,0.0,21.585714285714285,174.18571428571428,1024.6,90.22857142857144,14.885714285714286,1293
19.97142857142857,11.328571428571427,15.542857142857144,19.97142857142857,11.285714285714286,15.542857142857144,77.95714285714287,2.5551428571428576,57.142857142857146,4.761428571428572,0.0,20.142857142857142,108.77142857142856,1017.3714285714284,45.614285714285714,22.357142857142858,1031
17.385714285714286,10.171428571428573,13.642857142857142,17.385714285714286,9.657142857142857,13.514285714285714,78.0,2.9402857142857144,85.71428571428571,7.142857142857143,0.0,17.142857142857142,274.8,1016.0142857142856,55.08571428571429,25.342857142857145,938
8.942857142857143,4.142857142857143,6.571428571428571,6.985714285714286,0.0571428571428571,2.7,78.81428571428572,3.364142857142857,100.0,6.547142857142857,0.0,42.785714285714285,221.62857142857143,999.7571428571428,59.142857142857146,21.928571428571427,1645
7.957142857142857,0.2285714285714284,3.942857142857143,5.6571428571428575,-2.657142857142857,1.6857142857142855,79.07142857142857,1.5934285714285714,71.42857142857143,4.167142857142857,0.0,23.82857142857143,255.67142857142855,1015.1285714285714,44.957142857142856,20.32857142857143,1478
7.928571428571429,2.957142857142857,5.357142857142857,6.485714285714286,1.2285714285714289,3.528571428571429,85.51428571428572,2.3778571428571427,85.71428571428571,5.951428571428571,0.0,19.2,163.15714285714287,1013.1,70.82857142857144,11.342857142857143,1374
13.385714285714286,8.8,11.071428571428571,13.385714285714286,7.528571428571429,10.742857142857144,81.67142857142858,3.488285714285714,100.0,10.712857142857144,0.0,22.314285714285717,170.92857142857142,1000.5857142857142,56.54285714285714,21.885714285714283,997
2.742857142857143,-2.0,0.4428571428571428,0.2,-5.142857142857143,-2.514285714285714,92.25714285714284,3.0245714285714285,100.0,10.118571428571428,4.785714285714286,15.414285714285716,214.1,995.2571428571428,47.68571428571429,14.785714285714286,1128
14.171428571428573,6.057142857142857,10.12857142857143,13.757142857142856,4.585714285714286,9.142857142857142,74.42857142857143,1.7531428571428571,42.85714285714285,4.761428571428572,0.0,24.97142857142857,213.72857142857143,1013.4,76.78571428571429,17.442857142857143,1573
5.857142857142857,-0.3714285714285714,3.1714285714285717,2.3000000000000003,-4.128571428571428,-0.4857142857142857,81.04285714285713,0.9487142857142856,100.0,8.930000000000001,0.0,27.15714285714285,268.3,1009.5571428571428,53.82857142857143,28.142857142857142,1375
20.642857142857142,12.585714285714284,16.52857142857143,20.642857142857142,12.585714285714284,16.52857142857143,74.85714285714286,0.0862857142857142,28.571428571428573,1.1914285714285715,0.0,16.6,314.9428571428571,1025.4714285714283,57.75714285714286,16.614285714285714,841
11.585714285714284,6.085714285714286,8.914285714285715,11.157142857142857,2.3857142857142857,6.742857142857143,78.42857142857143,3.853428571428572,42.85714285714285,2.381428571428572,0.0,38.44285714285714,213.04285714285717,1011.7285714285716,67.9,18.585714285714285,1398
22.82857142857143,12.685714285714283,18.085714285714285,22.81428571428572,12.685714285714283,18.085714285714285,68.87142857142858,0.7512857142857143,14.285714285714286,1.19,0.0,22.057142857142857,193.05714285714288,1018.7142857142856,47.885714285714286,22.5,1141
18.857142857142858,9.314285714285717,14.042857142857144,18.857142857142858,8.657142857142857,13.914285714285716,65.44285714285715,0.5707142857142857,28.571428571428573,1.7857142857142858,0.0571428571428571,19.0,221.0142857142857,1018.7142857142856,64.34285714285714,23.557142857142857,893
15.771428571428572,8.271428571428572,12.142857142857142,15.771428571428572,7.200000000000001,11.728571428571428,71.3,0.6894285714285714,57.142857142857146,5.358571428571429,0.0,22.65714285714285,256.7142857142857,1017.5428571428572,66.68571428571428,24.228571428571428,841
14.785714285714286,7.514285714285714,11.257142857142856,14.785714285714286,5.942857142857143,10.685714285714283,71.51428571428572,0.4061428571428571,42.85714285714285,2.975714285714285,0.0,18.82857142857143,263.3,1025.2857142857142,81.44285714285715,16.928571428571427,1248
17.900000000000002,11.37142857142857,14.414285714285716,17.900000000000002,11.142857142857142,14.4,77.21428571428571,3.703857142857143,85.71428571428571,8.331428571428571,0.0,20.985714285714288,192.18571428571428,1000.4714285714286,64.95714285714286,25.814285714285717,909
27.7,15.928571428571429,21.885714285714283,27.142857142857142,15.928571428571429,21.785714285714285,53.94285714285714,0.7098571428571429,28.571428571428573,1.1914285714285715,0.0,18.65714285714285,137.18571428571428,1016.2714285714284,28.728571428571428,26.085714285714285,864
8.871428571428572,3.2285714285714286,6.114285714285714,7.214285714285714,0.7000000000000001,3.871428571428571,83.27142857142857,0.1412857142857143,71.42857142857143,2.9785714285714286,0.0,22.47142857142857,248.9,1021.4142857142856,76.88571428571429,15.285714285714286,1908
20.52857142857143,12.585714285714284,16.25714285714286,20.52857142857143,12.585714285714284,16.25714285714286,71.4,0.1978571428571428,57.142857142857146,3.571428571428572,0.0,18.87142857142857,243.47142857142856,1012.5428571428572,81.15714285714286,26.31428571428572,1045
11.457142857142856,8.142857142857142,9.742857142857144,11.457142857142856,6.371428571428572,8.928571428571429,82.25714285714285,0.6448571428571429,71.42857142857143,4.167142857142857,8.0,19.3,150.91428571428574,1016.4,90.65714285714286,16.02857142857143,1137
18.12857142857143,11.457142857142856,14.657142857142857,18.12857142857143,11.457142857142856,14.657142857142857,75.41428571428571,1.5454285714285716,57.142857142857146,3.571428571428572,0.0,19.74285714285714,202.8857142857143,1015.5,76.08571428571429,24.785714285714285,1047
15.542857142857144,7.7,11.44285714285714,15.542857142857144,5.942857142857143,10.714285714285714,73.11428571428571,0.798,42.85714285714285,2.381428571428572,0.0,24.6,198.8571428571429,1019.2428571428572,69.4,21.7,1144
23.1,15.014285714285714,19.32857142857143,23.1,15.014285714285714,19.32857142857143,73.01428571428572,0.0,0.0,0.0,0.0,16.62857142857143,190.44285714285712,1017.7142857142856,78.78571428571429,19.885714285714283,1017
17.7,11.471428571428572,14.485714285714286,17.7,11.471428571428572,14.485714285714286,81.81428571428572,1.977857142857143,71.42857142857143,3.5728571428571425,0.0,27.12857142857143,221.3,1005.5857142857144,67.0,18.314285714285717,1075
11.2,7.071428571428571,9.585714285714284,10.842857142857143,5.114285714285714,8.685714285714285,90.28571428571428,0.0162857142857142,42.85714285714285,1.7871428571428571,0.0,23.02857142857143,221.72857142857143,1027.857142857143,80.54285714285713,11.385714285714286,1541
8.385714285714286,2.628571428571429,5.642857142857143,7.357142857142857,0.9428571428571428,3.957142857142857,87.32857142857142,0.438,71.42857142857143,3.5728571428571425,0.0,19.5,211.1285714285714,1032.6,61.0,16.085714285714285,1419
26.02857142857143,16.214285714285715,21.12857142857143,26.085714285714285,16.214285714285715,21.142857142857142,66.71428571428571,0.0,0.0,0.0,0.0,21.842857142857145,128.42857142857142,1018.1714285714286,55.42857142857143,15.414285714285716,1471
12.457142857142856,1.6857142857142855,6.542857142857143,11.714285714285714,0.1428571428571428,5.1571428571428575,69.28571428571429,0.0,0.0,0.0,0.0,15.842857142857143,133.21428571428572,1033.3428571428572,50.07142857142857,7.542857142857143,1137
9.157142857142857,4.857142857142857,6.871428571428572,6.742857142857143,0.8142857142857143,3.571428571428572,74.27142857142857,1.3175714285714284,85.71428571428571,5.357142857142857,0.0,31.97142857142857,264.42857142857144,1007.7428571428572,79.8,28.97142857142857,1266
13.257142857142856,7.714285714285714,10.157142857142857,13.257142857142856,5.5,9.028571428571428,86.2,3.523857142857143,100.0,11.308571428571428,0.0,23.585714285714285,232.54285714285717,998.9,52.11428571428571,24.685714285714287,908
8.542857142857143,1.3714285714285714,4.671428571428572,6.285714285714286,-2.242857142857143,1.657142857142857,85.11428571428573,0.3547142857142857,42.85714285714285,2.381428571428572,0.0,25.0,275.12857142857143,1027.571428571429,70.22857142857143,20.52857142857143,1524
20.814285714285717,15.028571428571428,17.585714285714285,20.814285714285717,15.028571428571428,17.585714285714285,82.58571428571429,0.5971428571428571,85.71428571428571,4.168571428571428,0.0,25.042857142857144,236.07142857142856,1013.3285714285714,85.71428571428571,22.428571428571427,1193
12.842857142857143,7.485714285714286,10.671428571428573,12.842857142857143,5.771428571428571,10.042857142857144,86.21428571428571,2.8064285714285715,100.0,10.12,0.0,23.728571428571428,226.4857142857143,1007.7428571428572,75.10000000000001,20.25714285714286,1039
2.271428571428572,-1.1142857142857143,0.3142857142857142,-1.1,-5.785714285714286,-3.685714285714286,83.8,0.0175714285714285,42.85714285714285,1.7871428571428571,0.75,21.942857142857143,102.75714285714284,1019.3,76.98571428571428,5.771428571428571,1408
8.3,2.571428571428572,5.371428571428572,5.9,-0.4857142857142857,2.3285714285714287,82.01428571428572,0.878,100.0,5.954285714285715,0.0,23.985714285714288,217.45714285714283,1004.6285714285714,81.91428571428571,14.657142857142857,1660
27.15714285714285,16.085714285714285,21.514285714285712,26.6,16.085714285714285,21.4,64.05714285714285,0.0,0.0,0.0,0.0,18.5,154.07142857142858,1011.5,74.61428571428573,20.057142857142857,1101
19.08571428571429,13.842857142857143,16.271428571428572,19.08571428571429,13.842857142857143,16.271428571428572,80.15714285714286,4.331571428571428,100.0,10.117142857142856,0.0,16.67142857142857,205.2428571428572,1002.9857142857144,71.44285714285715,21.61428571428572,833
9.94285714285714,6.614285714285715,8.214285714285714,8.87142857142857,4.871428571428572,6.842857142857143,87.0,1.1247142857142858,85.71428571428571,4.762857142857143,0.0,23.942857142857143,146.07142857142858,1007.9285714285714,87.95714285714287,13.62857142857143,1336
10.1,5.542857142857143,7.871428571428571,9.785714285714286,3.7,6.928571428571429,89.45714285714287,0.0,0.0,0.0,0.0,16.65714285714286,223.4,1024.7714285714285,79.28571428571429,11.757142857142856,1600
13.742857142857144,8.871428571428572,11.185714285714283,13.742857142857144,7.071428571428571,10.671428571428573,79.89999999999999,1.9281428571428567,71.42857142857143,6.547142857142857,0.0,26.928571428571427,175.20000000000002,1015.4,76.95714285714287,18.242857142857144,1135
4.271428571428571,-0.7714285714285715,2.0571428571428574,2.557142857142857,-3.185714285714286,0.2571428571428571,85.52857142857144,0.0112857142857142,42.85714285714285,1.7871428571428571,0.0,13.485714285714286,99.64285714285714,1033.6142857142856,58.6,7.985714285714286,1568
17.428571428571427,8.8,13.028571428571428,17.428571428571427,7.571428571428571,12.757142857142856,69.32857142857144,2.9971428571428573,85.71428571428571,7.738571428571428,0.0,20.1,268.2,1019.2714285714284,57.68571428571429,27.042857142857144,869
14.428571428571429,8.72857142857143,11.514285714285714,14.428571428571429,7.485714285714286,11.12857142857143,79.7,1.4402857142857144,71.42857142857143,8.332857142857142,0.0,26.485714285714288,209.52857142857144,1014.2714285714284,69.91428571428571,20.11428571428571,1139
25.02857142857143,14.285714285714286,19.485714285714288,24.985714285714288,14.285714285714286,19.485714285714288,68.11428571428571,0.0,0.0,0.0,0.0,18.071428571428573,58.92857142857143,1020.0714285714286,53.771428571428565,20.342857142857145,1127
23.585714285714285,15.571428571428571,19.585714285714285,23.642857142857142,15.571428571428571,19.6,71.65714285714286,2.3545714285714285,85.71428571428571,4.764285714285714,0.0,18.5,178.08571428571426,1014.5571428571428,65.9,17.742857142857144,1005
11.357142857142858,5.6000000000000005,8.657142857142857,10.585714285714284,4.0,7.785714285714286,89.39999999999999,1.6908571428571428,100.0,10.118571428571428,0.0,19.02857142857143,238.9142857142857,1014.8285714285714,72.05714285714285,16.37142857142857,1172
20.985714285714288,11.857142857142858,16.7,20.985714285714288,11.857142857142858,16.7,70.34285714285714,0.0294285714285714,42.85714285714285,1.7871428571428571,0.0,17.02857142857143,84.67142857142858,1018.6428571428572,56.91428571428571,19.37142857142857,1206
15.528571428571428,8.514285714285714,11.94285714285714,15.528571428571428,6.842857142857143,11.44285714285714,74.61428571428571,3.1837142857142857,100.0,14.287142857142856,0.0,25.61428571428572,214.78571428571428,1010.5857142857144,66.75714285714285,24.52857142857143,1055
8.242857142857144,1.8714285714285717,4.885714285714286,6.585714285714286,-0.1285714285714285,3.2,81.0,0.3532857142857142,100.0,10.117142857142856,0.0,16.385714285714283,251.3571428571429,1030.1285714285714,75.67142857142858,14.857142857142858,1191
11.228571428571428,4.557142857142857,7.971428571428571,11.228571428571428,1.542857142857143,6.0,80.77142857142857,0.5997142857142858,100.0,6.548571428571429,0.0,27.9,245.3857142857143,1013.9142857142858,57.52857142857143,22.6,953
11.2,7.457142857142857,9.585714285714284,11.014285714285714,5.785714285714286,9.114285714285714,87.02857142857144,0.0774285714285714,28.571428571428573,1.7857142857142858,0.0,25.27142857142857,206.15714285714284,1024.0285714285717,95.04285714285712,9.728571428571428,1318
19.385714285714283,11.214285714285714,15.6,19.385714285714283,10.9,15.585714285714284,69.08571428571427,0.5851428571428572,28.571428571428573,1.7857142857142858,0.0,21.285714285714285,300.42857142857144,1015.9142857142856,65.55714285714286,27.928571428571427,1164
18.37142857142857,10.771428571428572,14.314285714285717,18.37142857142857,10.342857142857143,14.228571428571428,69.42857142857143,0.0711428571428571,28.571428571428573,1.1914285714285715,0.0,19.485714285714288,254.32857142857145,1016.5,56.41428571428571,30.0,798
10.428571428571429,4.842857142857143,7.914285714285714,9.185714285714283,2.7142857142857144,6.5,81.98571428571428,0.7235714285714285,85.71428571428571,4.762857142857143,0.0,23.02857142857143,249.9,1011.6428571428572,61.24285714285714,25.028571428571432,1176
9.514285714285716,6.342857142857143,8.185714285714285,8.62857142857143,4.014285714285714,6.385714285714286,88.3,2.170428571428572,71.42857142857143,5.952857142857143,0.0,19.928571428571427,86.64285714285714,1014.0142857142856,84.81428571428572,12.157142857142857,1165
14.285714285714286,6.771428571428571,10.55714285714286,14.285714285714286,5.3,9.9,69.10000000000001,1.2322857142857144,71.42857142857143,2.9785714285714286,0.0,20.82857142857143,233.05714285714288,1012.6857142857144,76.87142857142858,19.142857142857142,1259
20.74285714285714,12.857142857142858,16.757142857142856,20.74285714285714,12.814285714285717,16.757142857142856,73.27142857142857,0.2811428571428571,42.85714285714285,1.7871428571428571,0.0,17.95714285714286,232.07142857142856,1020.1,67.35714285714286,22.228571428571428,1184
8.628571428571428,4.542857142857143,6.628571428571428,7.5,1.7857142857142858,4.728571428571429,86.87142857142858,2.423,100.0,10.12,5.257142857142858,23.785714285714285,265.5,1007.4571428571428,56.92857142857143,22.24285714285714,896
10.785714285714286,2.157142857142857,6.457142857142857,10.271428571428572,0.3571428571428571,4.885714285714286,72.15714285714286,0.4964285714285714,42.85714285714285,2.381428571428572,0.0,18.514285714285712,183.3142857142857,1024.4428571428573,41.85714285714285,21.071428571428573,1332
12.471428571428572,6.742857142857143,9.728571428571428,12.471428571428572,3.571428571428572,8.285714285714286,72.01428571428572,1.1465714285714286,100.0,10.12,0.0,34.871428571428574,249.4142857142857,1012.1142857142858,74.21428571428571,24.457142857142856,1051
16.514285714285712,10.114285714285714,13.571428571428571,16.514285714285712,9.542857142857144,13.44285714285714,72.1,1.3714285714285714,85.71428571428571,5.357142857142857,0.0,24.185714285714287,287.4857142857143,1014.4142857142856,69.41428571428571,29.95714285714286,984
14.814285714285717,5.571428571428571,9.62857142857143,14.814285714285717,4.071428571428571,9.057142857142855,78.68571428571428,0.0,0.0,0.0,0.0,19.485714285714288,64.24285714285715,1028.4142857142856,24.77142857142857,7.3428571428571425,1276
14.6,9.27142857142857,11.685714285714283,14.6,9.171428571428573,11.528571428571428,88.82857142857142,0.0481428571428571,14.285714285714286,0.5957142857142858,0.0,15.485714285714286,85.94285714285715,1018.2285714285716,79.55714285714285,3.9,1415
8.342857142857143,2.5285714285714285,5.5,6.257142857142858,-0.9571428571428572,2.457142857142857,75.97142857142856,0.4601428571428571,85.71428571428571,5.952857142857143,0.2285714285714286,25.12857142857143,270.3428571428572,1010.9857142857144,62.17142857142857,29.557142857142857,1137
12.94285714285714,4.585714285714286,8.885714285714286,12.94285714285714,4.157142857142857,8.6,86.25714285714285,0.1365714285714285,28.571428571428573,1.7857142857142858,0.0,14.471428571428572,162.0142857142857,1019.6285714285714,58.52857142857143,8.485714285714286,1376
20.542857142857144,13.471428571428572,16.642857142857142,20.542857142857144,13.471428571428572,16.642857142857142,79.01428571428572,4.350714285714285,71.42857142857143,6.547142857142857,0.0,19.285714285714285,184.11428571428573,1013.1714285714286,64.51428571428572,26.042857142857144,838
5.2,0.6000000000000002,2.8000000000000003,1.9857142857142855,-3.4285714285714284,-0.8142857142857143,78.04285714285713,0.0522857142857142,28.571428571428573,2.38,0.0,20.571428571428573,83.62857142857142,1027.1285714285714,68.42857142857143,9.785714285714286,1817
19.857142857142858,14.157142857142857,16.771428571428572,19.857142857142858,14.157142857142857,16.771428571428572,81.41428571428571,2.046428571428572,100.0,6.547142857142857,0.0,25.085714285714285,225.7,1011.7,79.52857142857144,20.885714285714283,1062
8.785714285714286,3.5,6.085714285714286,6.514285714285713,-0.2142857142857142,3.0285714285714285,68.41428571428571,1.2038571428571427,57.142857142857146,5.355714285714286,0.0142857142857142,27.82857142857143,171.05714285714288,1009.0285714285714,65.45714285714286,28.82857142857143,1069
17.914285714285715,10.114285714285714,14.214285714285714,17.914285714285715,9.8,14.185714285714283,80.32857142857142,1.1779999999999995,42.85714285714285,2.975714285714285,0.0,24.985714285714284,203.68571428571428,1011.0,70.82857142857144,20.442857142857143,1234
23.24285714285714,16.15714285714286,19.4,23.15714285714285,16.15714285714286,19.385714285714283,69.91428571428571,1.627571428571429,57.142857142857146,5.951428571428571,0.0,25.62857142857143,203.68571428571428,1009.8857142857142,60.142857142857146,26.257142857142856,833
10.471428571428572,6.271428571428571,8.214285714285714,10.171428571428573,4.471428571428571,6.914285714285714,90.51428571428572,2.829285714285714,100.0,8.334285714285715,0.0,16.742857142857144,200.45714285714288,1006.4571428571428,70.12857142857142,13.671428571428573,1108
12.357142857142858,8.5,10.828571428571427,12.357142857142858,7.1000000000000005,10.157142857142857,88.37142857142858,0.2009999999999999,57.142857142857146,2.382857142857143,0.0,30.042857142857144,202.4142857142857,1016.5142857142856,87.57142857142857,15.4,1577
16.657142857142855,10.94285714285714,13.657142857142857,16.657142857142855,10.242857142857144,13.528571428571428,87.0,0.009,28.571428571428573,1.7857142857142858,0.0,19.485714285714288,223.5142857142857,1023.3,75.5,15.614285714285714,1166
6.371428571428572,1.7571428571428571,3.8285714285714287,4.814285714285715,-1.4,1.1428571428571428,86.41428571428571,3.997142857142857,100.0,10.118571428571428,0.0,22.32857142857143,251.3,1002.9,72.91428571428571,19.542857142857144,2226
15.314285714285717,9.257142857142856,12.414285714285716,15.314285714285717,8.057142857142857,11.971428571428572,80.81428571428572,0.9035714285714286,85.71428571428571,4.168571428571428,0.0,27.414285714285715,230.4,1012.1285714285714,75.32857142857142,26.428571428571427,1355
15.114285714285714,7.2,11.357142857142858,15.114285714285714,6.6000000000000005,11.185714285714283,74.81428571428572,0.4905714285714285,42.85714285714285,2.381428571428572,0.0,18.74285714285714,239.9142857142857,1015.7714285714284,69.48571428571428,16.757142857142856,1394
20.0,13.342857142857143,16.557142857142857,20.0,13.342857142857143,16.557142857142857,67.78571428571429,0.1464285714285714,28.571428571428573,1.7857142857142858,0.0,18.442857142857143,66.94285714285715,1025.6,70.68571428571428,26.442857142857143,816
8.442857142857141,3.928571428571429,6.128571428571428,6.357142857142857,0.2142857142857142,2.8857142857142857,74.61428571428571,0.832,57.142857142857146,4.761428571428572,0.0,31.985714285714288,218.67142857142855,1006.5428571428572,56.385714285714286,21.32857142857143,1170
16.942857142857143,8.214285714285714,12.985714285714286,16.942857142857143,7.628571428571428,12.771428571428572,63.0,0.4051428571428571,71.42857142857143,5.358571428571429,0.0,21.342857142857145,275.68571428571425,1016.9,63.98571428571428,31.142857142857142,985
10.44285714285714,4.428571428571429,7.471428571428571,9.528571428571428,0.7428571428571429,4.6571428571428575,77.27142857142857,2.016714285714286,85.71428571428571,5.951428571428571,0.0,30.25714285714286,231.0142857142857,1017.8142857142858,69.0,18.75714285714286,1196
26.47142857142857,15.771428571428572,21.17142857142857,26.37142857142857,15.771428571428572,21.142857142857142,58.48571428571428,0.2271428571428571,42.85714285714285,2.381428571428572,0.0,20.47142857142857,194.0142857142857,1018.9714285714286,48.31428571428571,32.72857142857143,926
16.714285714285715,11.428571428571429,13.857142857142858,16.714285714285715,11.285714285714286,13.814285714285717,85.35714285714286,5.372857142857143,100.0,12.501428571428573,0.0,27.442857142857143,201.7142857142857,1010.3285714285714,61.05714285714286,19.37142857142857,1078
10.757142857142856,4.5,7.928571428571429,9.185714285714283,1.4,5.857142857142857,81.32857142857142,0.684142857142857,42.85714285714285,1.7871428571428571,0.925,25.571428571428573,137.15714285714287,1012.4285714285714,89.54285714285713,16.17142857142857,1582
16.357142857142858,9.44285714285714,12.742857142857144,16.357142857142858,9.185714285714283,12.6,81.27142857142857,0.644,71.42857142857143,4.761428571428572,0.0,24.014285714285712,246.6142857142857,1014.8857142857142,67.41428571428571,20.15714285714285,1203
9.042857142857144,1.6714285714285713,5.428571428571429,7.357142857142857,-0.7714285714285714,3.128571428571429,80.02857142857144,2.7657142857142856,42.85714285714285,4.1657142857142855,0.0,20.4,214.3,1003.7571428571428,53.85714285714285,21.7,954
15.414285714285716,6.942857142857143,10.94285714285714,15.414285714285716,4.442857142857142,9.928571428571429,71.84285714285714,0.7055714285714286,57.142857142857146,2.9771428571428573,0.0,22.185714285714287,142.65714285714287,1018.2142857142856,52.114285714285714,9.785714285714286,1301
18.47142857142857,9.771428571428572,14.0,18.47142857142857,9.514285714285714,13.928571428571429,78.54285714285713,0.3442857142857142,85.71428571428571,4.764285714285714,0.0,12.971428571428572,236.32857142857145,1022.657142857143,61.642857142857146,16.9,882
15.357142857142858,8.9,12.171428571428573,15.357142857142858,8.814285714285715,12.171428571428573,81.64285714285714,0.0181428571428571,28.571428571428573,1.1914285714285715,0.0,11.1,179.9,1035.1,72.38571428571429,8.971428571428572,1259
18.928571428571427,11.142857142857142,14.985714285714286,18.928571428571427,11.1,14.985714285714286,75.02857142857144,0.6094285714285714,28.571428571428573,1.7857142857142858,0.0,16.214285714285715,228.3571428571429,1014.2428571428572,77.15714285714286,19.585714285714285,1189
19.942857142857143,6.828571428571428,13.414285714285716,19.942857142857143,5.328571428571428,12.885714285714286,55.957142857142856,0.0,0.0,0.0,0.0,24.571428571428573,74.98571428571428,1024.6142857142856,27.5,20.67142857142857,1469
18.685714285714287,10.171428571428573,14.7,18.685714285714287,9.94285714285714,14.671428571428573,68.21428571428571,0.0038571428571428,14.285714285714286,0.5957142857142858,0.0,15.771428571428572,227.97142857142856,1020.0857142857144,58.08571428571429,27.1,1137
10.214285714285714,4.871428571428572,7.857142857142857,8.785714285714286,2.3857142857142857,5.985714285714286,86.8,4.325714285714286,85.71428571428571,8.928571428571429,0.1571428571428571,26.585714285714285,226.22857142857143,1008.2857142857144,68.55714285714285,21.8,1100
13.514285714285714,7.942857142857143,10.614285714285714,13.514285714285714,6.171428571428572,9.885714285714286,83.60000000000001,0.5365714285714286,57.142857142857146,2.9771428571428573,0.0,21.6,98.14285714285714,1013.0571428571428,77.05714285714285,14.357142857142858,1306
17.614285714285714,8.0,12.44285714285714,17.614285714285714,7.3,12.257142857142856,71.91428571428573,3.0827142857142857,28.571428571428573,2.38,0.0,16.771428571428572,233.02857142857144,1028.6714285714286,36.67142857142857,25.61428571428572,848
20.785714285714285,11.385714285714286,16.114285714285714,20.785714285714285,11.0,16.1,69.28571428571429,0.2368571428571428,71.42857142857143,4.761428571428572,0.0,22.62857142857143,259.0285714285714,1019.0714285714286,55.01428571428571,28.3,851
9.357142857142858,3.1,6.628571428571428,7.971428571428571,1.0285714285714287,4.457142857142857,88.12857142857142,2.0265714285714287,71.42857142857143,4.167142857142857,0.0,29.071428571428573,184.02857142857144,1011.9285714285714,80.58571428571427,15.471428571428572,1785
9.971428571428572,5.571428571428571,7.914285714285714,9.242857142857144,2.857142857142857,5.928571428571429,83.88571428571429,4.367714285714285,100.0,8.334285714285715,0.0,24.814285714285717,201.22857142857143,1007.9857142857144,64.0,18.542857142857144,1013
19.542857142857144,12.1,15.585714285714284,19.542857142857144,12.014285714285714,15.557142857142855,72.34285714285714,0.2662857142857143,57.142857142857146,2.9771428571428573,0.0,16.1,163.17142857142858,1025.5,71.58571428571429,16.985714285714288,1110
19.942857142857143,12.257142857142856,15.9,19.942857142857143,11.485714285714286,15.828571428571427,73.37142857142858,0.0105714285714285,57.142857142857146,2.382857142857143,0.0,20.67142857142857,143.1142857142857,1025.7714285714285,58.74285714285714,27.77142857142857,834
21.457142857142856,10.985714285714286,16.514285714285712,21.457142857142856,10.642857142857142,16.45714285714286,64.58571428571429,0.0964285714285714,14.285714285714286,1.19,0.0,16.314285714285713,291.31428571428575,1020.7142857142856,44.08571428571429,22.67142857142857,1077
13.171428571428573,5.771428571428571,9.628571428571428,12.514285714285714,4.371428571428572,8.87142857142857,80.07142857142857,0.0912857142857142,85.71428571428571,4.168571428571428,0.0,18.385714285714283,290.07142857142856,1024.5,50.84285714285714,15.62857142857143,955
