tempmax,tempmin,temp,feelslikemax,feelslikemin,feelslike,humidity,precip,precipprob,precipcover,snowdepth,windspeed,winddir,sealevelpressure,cloudcover,visibility,excess_deaths
13.914285714285716,6.128571428571428,9.671428571428573,13.542857142857144,3.242857142857143,8.285714285714286,77.91428571428571,0.2951428571428571,71.42857142857143,4.167142857142857,0.0,23.2,183.4857142857143,1023.3142857142856,46.18571428571429,12.37142857142857,-65.86862287637177
13.05714285714286,6.857142857142857,10.328571428571427,13.05714285714286,5.442857142857143,9.385714285714286,82.57142857142857,1.2715714285714286,71.42857142857143,4.761428571428572,0.0,32.2,229.25714285714284,1008.2428571428572,65.94285714285715,21.37142857142857,5.889964691001524
6.457142857142857,-0.0714285714285714,3.2285714285714286,2.7857142857142856,-4.357142857142857,-0.7857142857142857,70.64285714285714,0.4465714285714286,57.142857142857146,2.382857142857143,2.033333333333333,29.52857142857143,319.0571428571429,1016.4285714285714,60.04285714285714,17.1,-0.7549767896293815
19.057142857142857,10.642857142857142,14.985714285714286,19.057142857142857,10.12857142857143,14.928571428571429,72.28571428571429,0.6537142857142858,42.85714285714285,2.381428571428572,0.0,29.342857142857145,271.0,1013.4142857142856,59.81428571428571,12.328571428571427,-44.67881271380304
26.52857142857143,15.714285714285714,20.714285714285715,26.428571428571427,15.714285714285714,20.714285714285715,68.18571428571428,0.0,0.0,0.0,0.0,26.97142857142857,289.1428571428572,1020.6142857142858,45.271428571428565,12.757142857142856,27.371232777106343
6.1000000000000005,2.157142857142857,4.442857142857143,3.2285714285714286,-1.742857142857143,0.7714285714285714,91.84285714285714,1.0597142857142856,100.0,7.142857142857143,0.0,28.15714285714285,134.6,1021.8571428571428,75.01428571428572,6.628571428571428,-21.442296413541044
19.02857142857143,13.05714285714286,16.057142857142857,19.02857142857143,13.05714285714286,16.057142857142857,81.45714285714287,1.3671428571428572,57.142857142857146,3.571428571428572,0.0,32.614285714285714,203.7142857142857,1012.4857142857144,70.42857142857143,11.9,-39.38121892239201
11.6,5.385714285714286,8.185714285714285,11.12857142857143,1.9285714285714288,6.114285714285714,87.94285714285715,0.5184285714285715,42.85714285714285,2.381428571428572,1.0,27.5,174.85714285714286,1016.1,85.48571428571428,8.857142857142858,-14.398058898689897
11.171428571428573,3.1714285714285717,7.357142857142857,10.714285714285714,0.7142857142857143,5.442857142857143,78.62857142857142,2.0805714285714285,85.71428571428571,4.762857142857143,0.0,25.61428571428571,214.57142857142856,1013.1285714285714,64.21428571428571,12.542857142857144,13.483952969824712
18.414285714285715,9.642857142857142,13.614285714285714,18.414285714285715,8.128571428571428,13.114285714285714,82.62857142857142,0.197,42.85714285714285,2.9771428571428573,0.0,21.47142857142857,142.92857142857142,1017.0857142857144,43.02857142857143,9.0,45.09300599896597
16.928571428571427,10.614285714285714,13.542857142857144,16.928571428571427,10.271428571428572,13.457142857142856,81.22857142857143,2.7095714285714285,85.71428571428571,5.357142857142857,0.0,28.62857142857143,278.7142857142857,1014.1142857142858,79.84285714285714,9.185714285714283,-51.38487260227794
10.257142857142856,4.628571428571428,7.528571428571429,9.814285714285717,1.1,4.9,87.62857142857142,2.129142857142857,100.0,6.547142857142857,0.0,44.54285714285714,215.3571428571429,1009.7285714285716,63.17142857142857,13.37142857142857,18.199629774598407
2.0285714285714285,0.0999999999999999,1.1,-2.628571428571429,-5.314285714285715,-4.0,84.52857142857144,0.153,71.42857142857143,5.355714285714286,2.333333333333333,27.54285714285714,82.11428571428571,1012.9571428571428,92.34285714285714,6.085714285714286,-93.7222181318666
8.628571428571428,4.442857142857142,6.471428571428571,7.728571428571429,1.1857142857142855,4.014285714285714,91.07142857142856,4.046714285714286,85.71428571428571,7.738571428571428,0.0,26.02857142857143,205.0142857142857,1010.1714285714286,82.57142857142857,9.1,48.5840251685529
7.314285714285715,2.2285714285714286,4.642857142857143,5.1571428571428575,-1.1428571428571428,2.0285714285714285,87.22857142857143,0.5277142857142857,71.42857142857143,7.738571428571428,0.0,23.085714285714285,180.78571428571428,1021.5428571428572,64.22857142857143,10.685714285714283,31.677137186543177
17.714285714285715,8.085714285714285,13.185714285714283,17.714285714285715,5.785714285714286,12.685714285714283,69.77142857142857,0.255,14.285714285714286,1.19,0.0,24.9,131.77142857142857,1025.2714285714285,33.01428571428571,17.242857142857144,-41.877389812563024
10.685714285714283,7.185714285714285,8.885714285714284,9.985714285714286,3.8857142857142857,6.871428571428572,91.58571428571427,0.1312857142857142,57.142857142857146,3.571428571428572,0.0,26.25714285714286,179.08571428571426,1016.2571428571428,81.67142857142858,7.057142857142857,-16.04365962623524
20.314285714285717,12.157142857142857,15.685714285714283,20.314285714285717,11.928571428571429,15.657142857142857,77.64285714285714,0.1605714285714285,42.85714285714285,2.9771428571428573,0.0,24.071428571428573,241.12857142857143,1018.9428571428572,52.91428571428572,10.971428571428572,-5.028986509895844
12.0,4.671428571428572,8.171428571428573,11.585714285714284,1.9857142857142855,6.542857142857143,81.52857142857144,2.202571428571429,100.0,10.712857142857144,0.0,22.814285714285717,147.71428571428572,1005.3714285714286,64.75714285714285,10.6,11.497371958411804
3.4285714285714284,-2.0571428571428574,0.7285714285714288,1.7142857142857142,-5.714285714285714,-2.157142857142857,91.32857142857142,0.1008571428571428,85.71428571428571,4.168571428571428,0.0,17.95714285714286,97.92857142857144,1022.9714285714286,62.8,6.042857142857143,136.62879239369067
4.585714285714286,-0.6714285714285715,2.042857142857143,1.7142857142857142,-4.071428571428571,-1.1714285714285717,86.35714285714286,1.3107142857142855,85.71428571428571,8.332857142857142,0.0999999999999999,20.385714285714283,195.18571428571428,1013.7571428571428,60.21428571428572,8.914285714285715,-5.81273758391103
20.7,11.342857142857143,15.657142857142857,20.7,10.842857142857143,15.6,78.64285714285714,0.681,57.142857142857146,4.762857142857143,0.0,18.17142857142857,158.44285714285712,1016.6,56.98571428571428,13.328571428571427,-43.30593347085346
8.285714285714286,3.571428571428572,6.242857142857143,6.1571428571428575,-0.2142857142857143,3.228571428571428,84.62857142857142,2.0775714285714284,100.0,5.952857142857143,0.0,33.94285714285714,217.92857142857144,1008.6428571428572,73.31428571428572,12.985714285714286,-49.80958123651794
16.12857142857143,10.357142857142858,13.114285714285714,16.12857142857143,9.614285714285714,13.085714285714284,84.34285714285714,2.880571428571429,85.71428571428571,4.762857142857143,42.5,24.95714285714286,247.17142857142855,1014.5285714285714,66.4,12.37142857142857,-23.2709517406945
19.914285714285715,11.542857142857144,15.4,19.914285714285715,11.342857142857143,15.37142857142857,78.28571428571429,0.2541428571428571,57.142857142857146,3.571428571428572,0.0,19.785714285714285,264.8285714285714,1022.0142857142856,45.02857142857143,12.014285714285714,-1.080423745684584
12.471428571428572,7.042857142857143,9.685714285714283,12.471428571428572,5.014285714285714,8.8,83.44285714285715,1.4727142857142856,100.0,6.547142857142857,0.0,25.37142857142857,186.7142857142857,1008.5,73.08571428571429,12.585714285714284,-22.010523272373234
13.12857142857143,6.014285714285714,9.514285714285714,13.12857142857143,3.3714285714285714,8.057142857142857,77.62857142857142,0.9902857142857144,85.71428571428571,5.952857142857143,0.0,26.414285714285715,229.95714285714288,1018.8,60.81428571428571,11.2,6.115347073965722
16.414285714285715,8.914285714285715,12.414285714285716,16.414285714285715,8.228571428571428,12.185714285714283,81.11428571428571,0.500857142857143,57.142857142857146,3.571428571428572,0.0,21.12857142857143,148.05714285714288,1018.3142857142856,77.7,10.528571428571428,39.86517842336559
18.12857142857143,11.114285714285714,14.314285714285717,18.12857142857143,11.05714285714286,14.285714285714286,75.57142857142857,0.8267142857142857,57.142857142857146,4.167142857142857,0.0,29.357142857142858,236.4,1013.0428571428572,71.14285714285714,22.7,-57.33708381666554
11.257142857142856,3.814285714285714,7.3,10.471428571428572,1.2285714285714284,5.614285714285714,77.65714285714286,0.1385714285714286,28.571428571428573,2.381428571428572,0.0,18.228571428571428,189.3857142857143,1016.3142857142856,55.84285714285715,10.614285714285714,9.45013243536664
8.542857142857143,3.242857142857143,5.971428571428571,6.957142857142857,-0.2285714285714286,3.185714285714286,79.81428571428572,1.6284285714285711,57.142857142857146,4.167142857142857,0.0,28.87142857142857,252.0142857142857,1006.1,68.77142857142857,11.3,55.602945628150565
16.285714285714285,9.4,12.44285714285714,16.285714285714285,8.414285714285715,12.2,76.81428571428572,0.0258571428571428,28.571428571428573,1.1914285714285715,0.0,22.47142857142857,115.92857142857144,1023.0142857142856,63.3,13.028571428571428,-7.0855028899535455
11.842857142857142,2.7285714285714286,7.071428571428571,11.557142857142855,-0.3285714285714286,4.942857142857143,73.67142857142858,0.2161428571428571,42.85714285714285,2.381428571428572,0.0,23.942857142857143,91.98571428571428,1018.0142857142856,58.957142857142856,10.657142857142857,3.5711138508117983
23.842857142857145,12.214285714285714,17.9,23.77142857142857,11.785714285714286,17.857142857142858,65.0,0.0,0.0,0.0,0.0,25.714285714285715,91.74285714285716,1021.3,46.71428571428572,13.385714285714286,32.63165258223603
14.814285714285717,9.485714285714286,12.157142857142857,14.814285714285717,7.928571428571429,11.771428571428572,86.92857142857143,5.158428571428572,100.0,30.358571428571427,0.0,21.97142857142857,222.57142857142856,1015.842857142857,66.27142857142857,10.1,-19.81688067723917
17.742857142857144,12.485714285714286,14.842857142857143,17.742857142857144,12.4,14.8,83.52857142857144,0.9562857142857144,71.42857142857143,4.761428571428572,0.0,30.985714285714288,134.8,1014.6,86.28571428571429,8.471428571428572,30.53277781747772
19.557142857142857,14.028571428571428,16.442857142857143,19.557142857142857,14.028571428571428,16.442857142857143,82.94285714285715,0.7569999999999999,71.42857142857143,5.358571428571429,0.0,26.428571428571427,226.2,1016.0,64.02857142857142,13.3,-33.017294597177056
6.642857142857143,1.6857142857142855,4.142857142857143,3.3285714285714287,-2.628571428571429,0.4142857142857142,75.02857142857144,0.6210000000000001,42.85714285714285,1.7871428571428571,0.0,27.557142857142857,209.8,1021.657142857143,69.2,10.385714285714286,43.81436888139115
15.12857142857143,10.614285714285714,13.042857142857144,15.12857142857143,10.185714285714283,13.014285714285714,88.92857142857143,0.382,85.71428571428571,6.545714285714285,0.0,21.442857142857143,241.72857142857143,1007.4571428571428,85.89999999999999,10.857142857142858,39.05165903064233
19.27142857142857,12.785714285714286,15.771428571428572,19.27142857142857,12.671428571428573,15.757142857142856,84.52857142857144,1.9721428571428568,71.42857142857143,5.355714285714286,0.0,26.728571428571428,190.4857142857143,1010.2142857142856,74.81428571428572,11.414285714285716,-60.97433083062526
10.1,4.614285714285714,7.385714285714286,8.72857142857143,1.6714285714285713,5.014285714285714,84.5,2.646428571428572,100.0,6.547142857142857,0.0,31.542857142857144,207.67142857142855,1006.842857142857,62.957142857142856,21.24285714285714,-25.60480020242676
6.971428571428571,1.8571428571428568,4.7,4.7,-1.4714285714285715,1.342857142857143,92.07142857142856,6.067857142857143,100.0,11.308571428571428,0.0,28.02857142857143,227.3,991.9714285714286,70.52857142857142,10.342857142857142,45.94940482252059
17.714285714285715,7.728571428571429,12.271428571428572,17.714285714285715,5.785714285714286,11.7,72.9,0.0,0.0,0.0,0.0,20.057142857142857,203.57142857142856,1023.4428571428572,27.4,8.485714285714286,-10.347764830166057
18.25714285714286,11.385714285714286,15.2,18.25714285714286,10.87142857142857,15.142857142857142,80.32857142857142,0.978,85.71428571428571,5.357142857142857,0.0,27.8,217.7428571428572,1013.3285714285714,77.60000000000001,21.342857142857145,-23.09531049529005
10.757142857142856,2.642857142857143,6.971428571428571,10.185714285714283,0.3142857142857143,4.942857142857143,71.48571428571428,1.1055714285714286,85.71428571428571,5.952857142857143,0.0,29.814285714285717,240.42857142857144,1012.3571428571428,66.57142857142857,22.428571428571427,28.23285643010536
10.0,1.7142857142857142,5.457142857142857,8.485714285714286,-1.4714285714285715,2.8285714285714287,77.81428571428572,0.1077142857142857,57.142857142857146,2.382857142857143,0.0,27.12857142857143,232.5428571428572,1023.6142857142858,49.6,13.4,-81.10920009720621
14.3,9.685714285714283,11.914285714285716,14.3,9.114285714285714,11.814285714285717,84.11428571428571,0.8711428571428572,42.85714285714285,3.571428571428572,0.0,22.75714285714286,211.2428571428572,1015.7857142857144,79.88571428571429,13.457142857142856,-31.839654894993718
7.528571428571428,1.6285714285714286,4.671428571428572,5.6000000000000005,-2.571428571428572,1.7285714285714289,92.21428571428572,0.3845714285714285,100.0,4.17,0.0,21.32857142857143,164.29999999999998,1019.5,69.55714285714285,5.028571428571429,328.53911520068664
8.27142857142857,1.914285714285714,5.328571428571428,5.8,-1.5857142857142856,2.0285714285714285,90.3,0.176,42.85714285714285,2.381428571428572,0.0,31.6,280.9857142857143,1028.7714285714285,70.35714285714286,11.142857142857142,35.48096486561326
13.44285714285714,8.257142857142856,10.728571428571428,13.44285714285714,6.785714285714286,10.0,90.77142857142856,3.537714285714286,100.0,28.57,0.0,25.47142857142857,167.31428571428572,1012.4,63.25714285714285,9.4,27.440250316890115
17.071428571428573,10.242857142857144,13.357142857142858,17.071428571428573,9.314285714285717,13.142857142857142,75.37142857142858,1.120428571428571,100.0,7.738571428571428,0.0,30.7,114.78571428571428,1011.3142857142856,78.08571428571429,8.585714285714285,-13.433715858465234
10.071428571428571,4.114285714285715,6.828571428571428,8.328571428571427,1.5285714285714285,4.514285714285714,81.34285714285714,1.4157142857142857,85.71428571428571,5.951428571428571,0.0,24.642857142857142,182.2142857142857,1003.4142857142856,76.18571428571428,16.5,-0.7142506283112198
18.75714285714286,12.328571428571427,15.142857142857142,18.75714285714286,12.328571428571427,15.142857142857142,82.0,0.5325714285714286,42.85714285714285,2.975714285714285,0.0,23.928571428571427,216.4142857142857,1011.8285714285714,75.01428571428572,14.842857142857142,44.08240274067816
20.385714285714283,11.428571428571429,15.828571428571427,20.385714285714283,11.3,15.814285714285717,74.31428571428572,0.6045714285714286,28.571428571428573,1.7857142857142858,0.0,20.085714285714285,41.285714285714285,1023.0428571428572,61.41428571428571,13.828571428571427,11.25269518447385
21.942857142857143,15.142857142857142,18.057142857142857,21.942857142857143,15.142857142857142,18.057142857142857,78.7,0.2764285714285714,57.142857142857146,4.1657142857142855,0.0,19.15714285714285,224.9142857142857,1018.2857142857144,68.25714285714285,13.914285714285716,-31.77343654936294
5.185714285714285,-0.6428571428571429,2.1714285714285717,2.585714285714286,-4.585714285714286,-1.4714285714285715,85.28571428571429,0.3527142857142857,28.571428571428573,1.1914285714285715,0.0,23.87142857142857,154.4,1013.5857142857144,75.37142857142858,6.014285714285714,-4.854854744437262
19.9,12.828571428571427,16.157142857142855,19.9,12.828571428571427,16.157142857142855,84.14285714285714,1.154,71.42857142857143,7.737142857142857,0.0,18.842857142857145,218.08571428571423,1019.7142857142856,58.12857142857143,11.357142857142858,-27.721862714552685
4.828571428571428,0.1428571428571429,2.657142857142857,1.742857142857143,-3.6571428571428575,-0.8857142857142858,89.68571428571428,0.5944285714285715,85.71428571428571,5.952857142857143,0.0,24.0,166.9857142857143,1022.8,71.55714285714285,8.77142857142857,-6.612786855235527
4.114285714285715,0.3999999999999999,2.1,-0.5857142857142856,-4.814285714285715,-2.8285714285714283,86.77142857142857,1.844,100.0,6.548571428571429,0.0,30.785714285714285,43.24285714285714,1012.3142857142856,72.01428571428572,8.442857142857143,25.613252136646
11.142857142857142,3.685714285714286,7.528571428571429,11.142857142857142,1.457142857142857,6.214285714285714,85.31428571428572,0.6970000000000001,71.42857142857143,4.167142857142857,0.0,19.442857142857143,263.42857142857144,1025.928571428571,69.37142857142858,15.114285714285716,-5.297217189447451
6.4,1.4857142857142855,3.8285714285714287,3.3857142857142857,-2.3999999999999995,0.3285714285714285,89.74285714285715,3.7657142857142856,100.0,11.31,0.0,26.857142857142858,261.4142857142857,1003.657142857143,67.47142857142858,13.714285714285714,308.0731926813007
5.114285714285714,-0.0571428571428571,2.757142857142857,1.8714285714285717,-3.9,-0.8428571428571429,87.08571428571429,0.0037142857142857,14.285714285714286,0.5957142857142858,0.0,23.5,78.91428571428571,1027.957142857143,66.3,9.528571428571428,-3.265564277062367
21.728571428571428,11.142857142857142,16.17142857142857,21.728571428571428,10.757142857142856,16.085714285714285,69.2,0.0052857142857142,14.285714285714286,0.5957142857142858,0.0,17.2,206.7142857142857,1021.8,59.18571428571429,11.05714285714286,40.78053007407891
19.957142857142856,13.085714285714284,16.1,19.957142857142856,13.085714285714284,16.1,80.72857142857143,1.721142857142857,85.71428571428571,7.738571428571428,0.0,25.342857142857145,254.8428571428572,1018.4285714285714,66.98571428571428,11.8,-78.81436770312871
18.7,12.171428571428573,15.185714285714283,18.7,12.171428571428573,15.185714285714283,86.57142857142857,26.97871428571429,100.0,17.857142857142858,0.0,15.314285714285717,165.92857142857142,1023.3142857142856,59.142857142857146,9.071428571428571,-23.30001572456399
16.62857142857143,11.957142857142856,14.014285714285714,16.62857142857143,11.742857142857144,14.014285714285714,87.48571428571428,1.9785714285714289,100.0,21.428571428571427,0.0,30.47142857142857,260.45714285714286,1015.2,66.64285714285714,10.6,-43.13461026782181
20.214285714285715,13.44285714285714,16.54285714285714,20.214285714285715,13.44285714285714,16.54285714285714,85.77142857142857,3.2844285714285717,100.0,6.548571428571429,0.0,17.0,211.37142857142857,1014.1142857142858,67.15714285714286,10.55714285714286,80.96328286298206
4.0,-0.5428571428571428,1.7571428571428571,0.6428571428571429,-4.0285714285714285,-1.7285714285714289,83.98571428571428,1.9977142857142856,71.42857142857143,4.761428571428572,6.699999999999999,27.24285714285714,182.54285714285717,1009.0571428571428,71.21428571428571,12.27142857142857,-56.15566662513061
12.571428571428571,3.928571428571429,8.042857142857143,12.571428571428571,1.0142857142857142,6.200000000000001,71.61428571428571,0.1931428571428571,42.85714285714285,2.975714285714285,0.0,25.62857142857143,210.90000000000003,1020.3857142857142,39.72857142857144,13.94285714285714,-6.8324529815793085
21.82857142857143,11.714285714285714,16.785714285714285,21.82857142857143,11.714285714285714,16.785714285714285,68.31428571428572,0.9767142857142858,57.142857142857146,2.9771428571428573,0.0,24.485714285714288,92.75714285714288,1012.0428571428572,50.457142857142856,8.328571428571427,-19.365474317273083
15.142857142857142,9.085714285714284,12.014285714285714,15.142857142857142,7.957142857142857,11.642857142857142,87.12857142857142,0.4455714285714286,85.71428571428571,6.548571428571429,0.0,21.428571428571427,223.1142857142857,1018.8571428571428,44.91428571428572,9.642857142857142,-43.53715288042304
15.94285714285714,11.242857142857144,13.428571428571429,15.94285714285714,11.085714285714284,13.4,89.92857142857143,7.046571428571428,100.0,26.19142857142857,0.0,25.942857142857143,226.32857142857145,1008.3285714285714,65.22857142857143,9.685714285714283,45.519319364021726
5.628571428571428,0.0714285714285714,2.628571428571429,1.0142857142857142,-5.028571428571429,-2.185714285714286,80.74285714285715,0.8294285714285714,57.142857142857146,3.571428571428572,1.0,35.871428571428574,297.24285714285713,1016.0714285714286,63.32857142857143,18.857142857142858,40.08329769585043
4.6571428571428575,-0.7714285714285715,1.7142857142857142,2.028571428571429,-3.914285714285714,-1.2,92.92857142857144,0.439,100.0,6.548571428571429,0.6571428571428571,20.814285714285717,121.41428571428573,1026.1,48.58571428571429,6.057142857142857,51.33349915101371
17.385714285714286,9.385714285714286,13.171428571428573,17.385714285714286,8.928571428571429,13.071428571428571,77.35714285714286,2.607714285714285,85.71428571428571,8.332857142857142,0.0,23.557142857142857,260.45714285714286,1007.8285714285714,66.18571428571428,19.142857142857142,-8.479723386484125
6.014285714285714,-0.4714285714285715,2.4,2.9285714285714284,-5.028571428571429,-1.5428571428571427,90.94285714285716,0.1808571428571428,71.42857142857143,4.167142857142857,0.0,29.27142857142857,145.6,1026.3142857142857,50.72857142857144,7.771428571428571,0.0764275723622631
14.328571428571427,8.171428571428573,11.285714285714286,14.328571428571427,6.885714285714286,10.914285714285716,77.68571428571428,1.9408571428571428,71.42857142857143,4.761428571428572,0.0,20.814285714285717,250.15714285714284,1007.8142857142856,74.8,20.314285714285717,-18.401045342281805
6.171428571428571,-0.5000000000000001,2.7,3.985714285714285,-3.7285714285714286,0.0714285714285713,80.78571428571429,0.3294285714285714,42.85714285714285,3.5700000000000003,0.0,18.04285714285714,186.55714285714288,1022.9428571428572,53.52857142857143,8.585714285714285,96.48600262559673
17.228571428571428,11.37142857142857,13.885714285714286,17.228571428571428,11.05714285714286,13.842857142857143,83.94285714285715,3.892571428571429,100.0,5.3585714285714285,0.0,28.02857142857143,239.38571428571427,1001.342857142857,67.37142857142858,11.285714285714286,-30.85495579543499
25.6,14.157142857142858,19.87142857142857,25.414285714285715,14.157142857142858,19.82857142857143,65.2,0.2881428571428572,42.85714285714285,2.9771428571428573,0.0,24.842857142857145,124.84285714285716,1016.2,36.54285714285714,11.585714285714284,43.19950195988429
18.857142857142858,11.242857142857144,14.842857142857143,18.857142857142858,11.12857142857143,14.828571428571427,79.34285714285714,0.116,71.42857142857143,4.764285714285714,0.0,20.414285714285715,85.31428571428572,1022.3142857142856,55.67142857142857,9.785714285714286,12.489409125780073
17.914285714285715,12.857142857142858,15.185714285714283,17.914285714285715,12.857142857142858,15.185714285714283,91.91428571428573,0.0362857142857142,14.285714285714286,1.19,0.0,19.77142857142857,217.58571428571423,1020.5714285714286,73.95714285714287,6.528571428571429,-12.613545958963757
9.885714285714286,5.342857142857143,7.714285714285714,9.257142857142856,1.8857142857142857,5.242857142857143,84.64285714285714,0.154,57.142857142857146,2.9771428571428573,0.0,33.08571428571428,256.65714285714284,1023.9142857142856,78.28571428571429,14.257142857142856,44.53079373995706
10.4,5.057142857142857,8.257142857142856,9.057142857142855,1.6,6.1571428571428575,87.14285714285714,1.9985714285714289,100.0,6.547142857142857,0.0,39.55714285714286,219.58571428571432,1016.7142857142856,80.51428571428572,15.914285714285716,110.2274111372476
17.285714285714285,10.44285714285714,13.657142857142857,17.285714285714285,9.685714285714283,13.614285714285714,77.68571428571428,0.0,0.0,0.0,0.0,21.342857142857145,53.3,1021.7857142857144,71.14285714285714,11.857142857142858,-13.51228070372258
9.7,5.6571428571428575,7.457142857142857,8.428571428571429,2.8857142857142857,5.171428571428572,90.82857142857142,4.072571428571428,71.42857142857143,10.714285714285714,0.0,21.914285714285715,141.18571428571428,999.1,72.21428571428571,9.271428571428572,-42.04629018016999
11.528571428571428,7.0,9.7,11.142857142857142,5.128571428571428,8.328571428571427,84.68571428571428,1.1732857142857145,57.142857142857146,2.9771428571428573,0.0,35.6,224.72857142857143,1014.4,73.12857142857142,12.471428571428572,-29.326893006123555
21.62857142857143,13.457142857142856,17.12857142857143,21.62857142857143,13.457142857142856,17.12857142857143,78.97142857142856,0.0585714285714285,57.142857142857146,3.571428571428572,0.0,23.514285714285712,276.9142857142857,1018.6142857142858,51.62857142857143,11.8,20.976059470330483
13.585714285714284,7.8428571428571425,10.657142857142857,13.585714285714284,6.2,9.757142857142856,82.71428571428571,3.664,85.71428571428571,13.097142857142858,0.0,27.82857142857143,254.28571428571428,1015.0142857142856,45.57142857142857,9.571428571428571,25.373253831596344
9.814285714285717,4.971428571428571,7.928571428571429,8.042857142857143,0.5285714285714285,4.671428571428572,81.81428571428572,1.086,100.0,4.764285714285714,0.0,44.9,261.9142857142857,1019.1714285714286,76.52857142857144,10.571428571428571,-16.126011080127
10.142857142857142,4.742857142857143,7.6,9.228571428571428,1.2285714285714284,5.2,86.25714285714285,3.4152857142857145,100.0,26.19,0.0,33.05714285714286,217.9142857142857,997.9571428571428,52.54285714285714,10.7,36.79348465187081
11.742857142857144,6.528571428571429,9.1,11.271428571428572,3.2,7.057142857142857,86.74285714285715,0.104,28.571428571428573,1.7857142857142858,0.0,32.65714285714286,206.3428571428572,1017.9857142857144,71.1,8.457142857142857,-10.905596620875258
16.114285714285717,8.385714285714286,12.357142857142858,16.114285714285717,7.042857142857143,11.94285714285714,78.7,0.0614285714285714,57.142857142857146,2.382857142857143,0.0,26.685714285714287,242.57142857142856,1018.0142857142856,57.114285714285714,13.828571428571427,-26.80112079242849
10.0,4.514285714285714,7.314285714285715,8.200000000000001,0.4428571428571428,4.242857142857143,86.15714285714286,3.1925714285714286,100.0,10.712857142857144,0.0142857142857142,36.34285714285714,224.0,999.157142857143,67.68571428571428,10.528571428571428,-17.508367858708198
14.114285714285714,7.828571428571428,11.528571428571428,14.114285714285714,6.728571428571429,10.971428571428572,85.55714285714285,2.450285714285714,100.0,8.335714285714285,0.0,36.35714285714285,236.2,1012.342857142857,71.37142857142858,13.385714285714286,58.853334608357954
13.742857142857144,8.842857142857143,10.9,13.742857142857144,6.985714285714286,10.1,87.92857142857143,6.139714285714286,100.0,36.90428571428571,0.0142857142857142,26.15714285714285,187.5142857142857,1012.2714285714284,67.77142857142857,11.328571428571427,-8.055446223849572
19.77142857142857,12.828571428571427,16.4,19.77142857142857,12.828571428571427,16.4,81.67142857142858,0.9742857142857144,85.71428571428571,4.168571428571428,0.0,30.17142857142857,187.7428571428572,1016.5285714285714,65.51428571428572,10.928571428571429,-23.900232917679887
8.914285714285715,5.214285714285714,6.842857142857143,7.6571428571428575,2.571428571428572,4.771428571428571,88.51428571428572,2.449857142857143,85.71428571428571,5.951428571428571,0.0,25.342857142857145,180.45714285714288,1006.4857142857144,86.10000000000001,11.0,23.08586747418167
6.514285714285714,1.5571428571428572,3.7857142857142856,3.242857142857143,-2.128571428571429,0.2428571428571428,80.05714285714285,0.3942857142857142,42.85714285714285,2.381428571428572,0.0,23.571428571428573,114.17142857142856,1022.2857142857144,77.55714285714285,6.514285714285713,10.185245200982536
15.94285714285714,9.37142857142857,12.757142857142856,15.94285714285714,8.5,12.571428571428571,81.85714285714286,0.8657142857142857,85.71428571428571,5.3585714285714285,0.0,28.642857142857142,244.27142857142857,1015.5142857142856,63.07142857142857,22.728571428571428,-20.8319116415496
13.971428571428572,7.614285714285714,10.571428571428571,13.971428571428572,4.785714285714286,9.5,83.95714285714284,1.33,85.71428571428571,16.665714285714284,0.0,29.61428571428572,209.6,1011.3285714285714,62.142857142857146,12.12857142857143,-29.310318406209035
9.685714285714283,5.014285714285714,7.328571428571428,7.614285714285714,0.2857142857142857,3.357142857142857,82.62857142857142,3.1591428571428573,100.0,10.712857142857144,0.0571428571428571,47.2,254.52857142857144,1011.7571428571428,70.7,9.685714285714283,17.960345300066365
13.157142857142857,6.557142857142857,9.6,13.157142857142857,4.3,8.428571428571429,85.05714285714285,0.1265714285714285,71.42857142857143,4.167142857142857,0.0,20.357142857142858,43.91428571428571,1021.0,59.957142857142856,10.785714285714286,-4.040928497090363
8.785714285714286,4.014285714285714,6.571428571428571,6.714285714285714,0.3857142857142857,3.5285714285714285,86.07142857142857,0.676,100.0,6.547142857142857,0.0,32.17142857142857,198.94285714285712,1009.8571428571428,69.8,9.857142857142858,-13.90847740141112
5.857142857142857,0.3714285714285714,3.3142857142857145,3.414285714285714,-3.271428571428572,0.0428571428571428,89.07142857142857,1.0402857142857145,71.42857142857143,6.545714285714285,0.0,23.985714285714288,151.5142857142857,1029.4,61.31428571428571,10.5,41.66173829501645
10.614285714285714,6.385714285714286,8.528571428571428,9.657142857142857,2.642857142857143,5.814285714285715,83.12857142857142,4.037857142857143,100.0,29.167142857142856,0.0,41.81428571428571,225.9714285714286,994.657142857143,60.42857142857143,10.6,-29.580070065921063
7.628571428571428,1.9714285714285715,4.828571428571428,4.614285714285715,-1.3571428571428572,1.4714285714285715,84.22857142857143,1.2365714285714289,85.71428571428571,5.357142857142857,0.0,26.0,209.4,1005.0142857142856,78.64285714285714,13.114285714285714,12.055114510853628
18.74285714285714,12.642857142857142,15.5,18.74285714285714,12.642857142857142,15.5,79.81428571428572,1.6014285714285716,57.142857142857146,4.167142857142857,0.0,18.685714285714287,132.71428571428572,1015.8,80.32857142857142,12.671428571428573,5.967476567645804
5.142857142857143,1.7571428571428571,3.4285714285714284,3.628571428571429,-2.4285714285714284,0.6428571428571431,91.3,1.0044285714285714,85.71428571428571,7.74,1.5714285714285714,21.61428571428572,155.45714285714286,1021.5,67.34285714285714,6.914285714285714,101.44619808801076
17.228571428571428,10.828571428571427,13.914285714285713,17.228571428571428,10.614285714285714,13.87142857142857,81.44285714285715,1.1934285714285713,71.42857142857143,8.927142857142856,0.0,22.457142857142856,232.9,1023.0857142857144,61.42857142857143,11.985714285714286,-10.518070089461048
8.828571428571427,3.442857142857143,6.0,7.628571428571428,-0.0571428571428572,3.0285714285714285,87.39999999999999,4.959428571428572,85.71428571428571,11.905714285714286,0.0,29.2,164.32857142857142,998.3,71.7,11.385714285714286,-29.039787101110733
9.214285714285714,3.8857142857142857,6.957142857142857,7.8428571428571425,0.1142857142857142,4.1,93.07142857142856,2.0861428571428573,85.71428571428571,5.357142857142857,0.0,35.42857142857143,209.15714285714284,1011.1714285714286,82.5,10.528571428571428,-29.757323312405106
9.37142857142857,3.971428571428572,6.471428571428571,7.042857142857143,-0.6428571428571429,2.5285714285714285,87.51428571428572,1.2835714285714286,85.71428571428571,6.545714285714285,0.0,39.65714285714286,230.9857142857143,1014.7857142857144,68.02857142857142,12.742857142857144,-3.4430696396289022
16.87142857142857,11.571428571428571,14.214285714285714,16.87142857142857,11.314285714285717,14.2,85.77142857142857,1.7402857142857144,71.42857142857143,11.31,0.0,27.2,214.7142857142857,1017.5714285714286,72.15714285714286,11.3,-10.056402853899383
18.257142857142856,13.071428571428571,15.471428571428572,18.257142857142856,12.957142857142856,15.471428571428572,84.22857142857143,0.3872857142857143,71.42857142857143,3.5728571428571425,0.0,25.042857142857144,244.3571428571429,1015.6285714285714,82.87142857142858,12.44285714285714,45.25914595165091
18.5,11.585714285714284,15.285714285714286,18.5,11.457142857142856,15.271428571428572,77.25714285714285,0.1758571428571428,71.42857142857143,5.357142857142857,0.0,22.9,214.1,1013.6428571428572,54.65714285714286,10.414285714285716,-22.306085838135687
9.885714285714286,4.471428571428572,7.1,9.271428571428572,0.9571428571428572,4.185714285714286,89.07142857142857,6.567428571428572,100.0,32.73857142857143,0.0,28.442857142857143,204.95714285714288,1001.2,55.8,11.2,-14.656292359174133
7.485714285714286,2.1,5.342857142857143,4.785714285714286,-0.7999999999999999,2.314285714285714,92.28571428571428,0.7684285714285715,71.42857142857143,4.167142857142857,0.0,26.357142857142858,223.02857142857144,1023.5285714285714,74.68571428571428,8.914285714285715,-11.850736639677052
8.857142857142858,5.557142857142857,7.142857142857143,6.528571428571429,2.5285714285714285,4.357142857142857,89.48571428571428,5.234571428571429,71.42857142857143,7.738571428571428,0.0,29.928571428571427,76.7,1012.7428571428572,83.82857142857142,7.985714285714286,-22.746335813250653
9.62857142857143,5.228571428571429,7.3428571428571425,8.328571428571427,1.3285714285714287,4.828571428571428,84.88571428571427,2.3524285714285718,100.0,9.524285714285714,32.0,35.01428571428571,183.3857142857143,1015.2571428571428,69.34285714285714,11.62857142857143,-22.560490705910524
18.442857142857143,12.728571428571428,15.3,18.442857142857143,12.728571428571428,15.3,84.28571428571429,3.504,100.0,16.071428571428573,0.0,22.65714285714285,192.9,1008.0571428571428,59.0,10.328571428571427,-23.73729124083843
16.942857142857143,10.12857142857143,13.485714285714286,16.942857142857143,9.3,13.328571428571427,68.51428571428572,0.2232857142857143,57.142857142857146,3.571428571428572,0.0,28.3,213.08571428571423,1018.0142857142856,66.61428571428571,14.314285714285717,0.566277117261393
17.985714285714284,12.8,15.44285714285714,17.985714285714284,12.8,15.44285714285714,83.7,0.331,57.142857142857146,3.571428571428572,0.0,29.728571428571428,229.15714285714284,1012.6,68.74285714285715,13.05714285714286,-22.122765668620104
9.37142857142857,4.6571428571428575,7.257142857142857,7.728571428571429,2.2857142857142856,5.442857142857143,87.54285714285713,0.757,100.0,8.334285714285715,0.0,21.4,157.27142857142857,1028.0285714285717,79.94285714285715,9.457142857142856,56.185159564733794
9.44285714285714,4.4,6.628571428571428,7.914285714285714,1.1,4.071428571428571,92.57142857142856,4.672857142857143,100.0,24.40428571428572,0.3,28.24285714285714,206.3428571428572,1010.5,81.3,8.842857142857143,-1.8908222445784304
13.085714285714284,5.114285714285714,9.2,13.085714285714284,3.928571428571429,8.8,88.31428571428572,0.1778571428571428,42.85714285714285,2.975714285714285,0.0,19.37142857142857,197.28571428571428,1020.5714285714286,60.5,11.614285714285714,19.094904432676003
10.228571428571428,3.557142857142857,6.985714285714286,9.228571428571428,0.757142857142857,5.171428571428572,90.31428571428572,1.4209999999999998,57.142857142857146,3.571428571428572,0.0,18.442857142857143,176.44285714285712,1024.7142857142858,73.51428571428572,7.8428571428571425,7.584180367845647
8.928571428571429,4.185714285714286,6.414285714285714,7.714285714285714,1.957142857142857,4.185714285714286,90.55714285714284,1.618285714285714,100.0,9.524285714285714,0.0,22.085714285714285,166.34285714285713,1005.3571428571428,52.51428571428572,10.414285714285716,6.092146880452219
8.485714285714286,3.0,6.285714285714286,5.628571428571428,-1.1714285714285713,2.7857142857142856,82.31428571428572,1.0361428571428573,85.71428571428571,5.951428571428571,0.0,36.51428571428572,247.12857142857143,1005.0428571428572,68.08571428571427,20.5,-33.94205979892763
13.471428571428572,7.614285714285714,10.814285714285717,13.471428571428572,6.214285714285714,10.257142857142856,90.37142857142858,7.309857142857142,85.71428571428571,12.5,0.0,25.942857142857143,158.6142857142857,1012.7285714285716,72.88571428571429,8.82857142857143,-26.94101801292345
6.1,1.0,3.5142857142857147,3.7857142857142856,-2.3428571428571425,0.5714285714285714,81.61428571428571,0.2912857142857142,28.571428571428573,1.7857142857142858,0.0,21.814285714285717,211.6,1024.2,51.9,8.6,-2.7715632964227552
15.0,9.44285714285714,12.528571428571428,15.0,8.871428571428572,12.27142857142857,86.35714285714286,5.757142857142857,100.0,25.00142857142857,0.0,31.27142857142857,245.8857142857143,1007.6142857142858,60.22857142857144,11.042857142857144,-72.8298137880513
12.485714285714286,5.742857142857142,9.157142857142857,11.6,3.6142857142857134,7.7,77.8,2.2287142857142856,57.142857142857146,4.1657142857142855,0.0,26.642857142857142,198.8571428571429,1013.1285714285714,78.08571428571429,15.5,23.463391507283177
4.828571428571428,-0.1142857142857142,2.4,2.257142857142857,-3.928571428571429,-1.0142857142857142,88.68571428571428,1.9757142857142855,85.71428571428571,4.762857142857143,6.300000000000001,23.642857142857142,168.3857142857143,997.9142857142856,72.8,11.385714285714286,110.12100042242469
14.542857142857144,7.328571428571428,10.728571428571428,14.542857142857144,4.728571428571429,9.828571428571427,81.98571428571428,1.1812857142857145,57.142857142857146,9.524285714285714,0.0,23.24285714285714,87.55714285714285,1022.157142857143,53.41428571428571,11.814285714285717,2.0568438107962947
5.814285714285714,1.4285714285714286,3.928571428571429,2.2142857142857144,-2.8285714285714287,-0.2285714285714285,83.07142857142857,0.7467142857142858,85.71428571428571,8.927142857142858,0.0,33.75714285714286,286.8,1014.5142857142856,60.92857142857143,10.028571428571428,-70.94897838007842
19.642857142857142,11.714285714285714,15.528571428571428,19.642857142857142,11.671428571428573,15.514285714285714,77.15714285714286,0.8504285714285714,85.71428571428571,7.142857142857143,0.0,20.842857142857145,214.15714285714284,1020.0714285714286,44.84285714285715,13.242857142857144,84.24484032079113
19.37142857142857,13.985714285714286,16.342857142857145,19.37142857142857,13.671428571428573,16.314285714285713,91.81428571428572,0.7711428571428571,100.0,13.094285714285714,0.0,26.814285714285717,254.8571428571429,1018.0285714285714,84.52857142857144,10.72857142857143,7.784926305209638
4.057142857142857,-0.357142857142857,1.4428571428571428,2.942857142857143,-2.4857142857142853,-0.2571428571428572,90.22857142857144,0.0639999999999999,57.142857142857146,2.382857142857143,0.0,11.314285714285717,148.14285714285714,1024.3142857142857,56.02857142857143,6.1571428571428575,-24.497153209075577
1.4142857142857144,-3.557142857142857,-1.3000000000000005,-1.4428571428571426,-8.1,-5.585714285714286,90.94285714285716,0.8534285714285714,100.0,7.141428571428572,0.0,22.357142857142858,141.04285714285714,1005.842857142857,59.371428571428574,9.071428571428571,174.71911699551174
14.657142857142857,10.814285714285717,12.928571428571429,14.657142857142857,9.957142857142856,12.785714285714286,90.07142857142857,2.1967142857142856,57.142857142857146,7.144285714285715,0.0,31.7,175.0,1012.3142857142856,69.87142857142858,8.1,21.22343749247534
12.071428571428571,4.628571428571428,8.128571428571428,12.071428571428571,2.985714285714286,7.028571428571428,89.64285714285714,0.078,28.571428571428573,2.38,0.0,16.314285714285713,171.92857142857142,1022.0285714285714,56.5,8.785714285714286,-11.04352538476337
12.314285714285717,7.5,9.771428571428572,12.228571428571428,5.257142857142857,8.7,87.88571428571429,3.131142857142857,85.71428571428571,10.118571428571428,0.0,28.057142857142857,209.3857142857143,1000.342857142857,67.77142857142857,11.0,27.16611802115324
11.542857142857144,7.442857142857142,9.971428571428572,11.0,4.542857142857143,8.742857142857144,86.07142857142857,3.0505714285714283,100.0,11.31,0.0,38.48571428571428,231.0142857142857,1017.3714285714286,89.17142857142858,9.414285714285716,21.72690649710057
22.7,12.87142857142857,17.614285714285714,22.7,12.87142857142857,17.614285714285714,71.07142857142857,0.3965714285714286,42.85714285714285,4.1657142857142855,0.0,24.02857142857143,211.02857142857144,1014.6285714285714,58.07142857142857,19.1,-4.520242077821308
5.828571428571428,1.8571428571428568,3.757142857142857,2.9,-2.3000000000000003,0.5142857142857143,89.72857142857143,3.5297142857142854,100.0,7.141428571428572,1.0,30.3,246.3571428571429,992.5571428571428,66.75714285714285,10.94285714285714,51.866072273074224
15.742857142857144,7.214285714285714,11.042857142857144,15.742857142857144,4.214285714285714,9.728571428571428,76.38571428571429,0.5177142857142858,57.142857142857146,2.9771428571428573,0.0,27.228571428571428,150.67142857142858,1010.9857142857144,57.42857142857143,5.628571428571428,-29.601323235325708
13.914285714285716,6.414285714285714,10.271428571428572,13.914285714285716,4.014285714285714,9.214285714285714,78.64285714285714,0.1699999999999999,28.571428571428573,2.975714285714285,0.0,25.571428571428573,229.6142857142857,1016.7,58.95714285714286,12.171428571428573,13.818169828767168
7.528571428571429,3.6,5.2,5.685714285714285,-0.5714285714285714,1.6857142857142855,90.3,1.5907142857142855,85.71428571428571,5.952857142857143,0.0,24.45714285714286,123.51428571428572,1024.3285714285714,77.11428571428571,7.899999999999999,-7.498957589211841
16.3,9.4,12.828571428571427,16.3,8.242857142857144,12.485714285714286,82.87142857142858,0.6667142857142857,71.42857142857143,5.952857142857143,0.0,24.37142857142857,257.5857142857143,1018.0428571428572,53.371428571428574,11.55714285714286,-10.420256649132966
20.071428571428573,11.5,15.614285714285714,20.071428571428573,11.385714285714286,15.6,82.05714285714285,0.2672857142857143,28.571428571428573,2.38,0.0,27.785714285714285,192.94285714285712,1013.9285714285714,63.44285714285714,13.085714285714287,11.076604648125908
18.342857142857145,11.414285714285716,14.62857142857143,18.342857142857145,11.414285714285716,14.62857142857143,82.77142857142857,1.9954285714285716,85.71428571428571,9.525714285714288,0.0,22.342857142857145,209.5,1012.7571428571428,66.04285714285714,10.385714285714286,-25.681018501659537
12.114285714285714,7.457142857142857,9.6,12.114285714285714,4.685714285714285,8.2,83.07142857142857,1.0927142857142855,100.0,7.74,0.0,35.7,210.3142857142857,1013.9,65.22857142857143,10.257142857142856,45.88578149557475
19.385714285714283,11.342857142857143,15.3,19.385714285714283,11.185714285714283,15.285714285714286,78.82857142857142,0.0401428571428571,42.85714285714285,1.7871428571428571,0.0,19.17142857142857,127.18571428571428,1025.242857142857,48.58571428571429,11.414285714285716,1.406053327482482
21.65714285714285,12.37142857142857,16.8,21.75714285714286,12.1,16.785714285714285,69.18571428571428,0.0,0.0,0.0,0.0,22.17142857142857,184.8428571428572,1021.4428571428572,48.62857142857143,12.857142857142858,-0.9389431178863106
17.8,12.414285714285716,14.928571428571429,17.8,12.414285714285716,14.928571428571429,82.47142857142856,2.0548571428571427,100.0,13.095714285714283,0.0,30.842857142857145,243.87142857142857,1008.7428571428572,77.8,16.728571428571428,-60.51623256738901
23.24285714285714,15.614285714285714,19.057142857142857,23.24285714285714,15.614285714285714,19.057142857142857,83.39999999999999,0.0,0.0,0.0,0.0,18.04285714285714,225.15714285714287,1019.9857142857144,49.385714285714286,9.742857142857144,4.88554360374053
18.814285714285717,12.114285714285714,15.3,18.814285714285717,11.628571428571428,15.257142857142856,80.57142857142857,4.861285714285715,85.71428571428571,10.118571428571428,0.0,24.12857142857143,70.3,1005.7142857142856,68.37142857142858,8.614285714285714,64.26544028044532
4.5,-0.9714285714285716,1.7571428571428571,1.3285714285714287,-5.357142857142857,-1.957142857142857,87.5,0.0772857142857142,71.42857142857143,3.5728571428571425,0.0,20.342857142857145,92.25714285714284,1029.3,56.07142857142857,7.842857142857143,-88.45162690261782
9.357142857142858,3.685714285714286,6.257142857142857,8.12857142857143,-0.157142857142857,2.8000000000000003,80.77142857142857,1.1648571428571428,71.42857142857143,2.9785714285714286,0.0,35.05714285714286,232.17142857142855,1009.9285714285714,66.44285714285715,11.814285714285717,6.213178426894501
5.1000000000000005,2.3285714285714287,3.6571428571428575,3.071428571428572,-2.6,0.1285714285714285,97.0,0.6668571428571429,57.142857142857146,4.1657142857142855,0.0,29.685714285714287,119.82857142857142,1003.0,90.94285714285716,4.428571428571429,221.373709071225
9.528571428571428,3.8,6.842857142857143,8.042857142857143,1.3,4.442857142857142,90.55714285714284,2.3832857142857145,100.0,13.095714285714283,0.0,30.557142857142857,218.5,1016.6714285714286,75.07142857142857,9.471428571428572,453.8603865942373
9.357142857142858,5.3,7.557142857142857,8.385714285714286,2.142857142857143,5.585714285714286,86.08571428571429,0.2685714285714285,57.142857142857146,2.9771428571428573,0.0,42.5,272.5857142857143,1026.8714285714286,76.75714285714285,11.957142857142856,-23.111527819824687
16.842857142857145,11.44285714285714,13.985714285714286,16.842857142857145,11.271428571428572,13.957142857142856,85.28571428571429,2.583,100.0,17.857142857142858,0.0,22.1,185.0142857142857,1013.7,53.0,11.6,-48.22301956874742
13.05714285714286,5.942857142857143,9.3,12.385714285714286,3.585714285714286,7.899999999999999,83.24285714285715,3.4714285714285715,85.71428571428571,16.667142857142856,0.4285714285714285,23.61428571428572,202.0,1006.3571428571428,53.02857142857143,10.642857142857142,11.738676155933945
18.714285714285715,12.285714285714286,15.285714285714286,18.714285714285715,12.285714285714286,15.285714285714286,83.34285714285714,1.922428571428572,85.71428571428571,14.285714285714286,0.0,25.942857142857143,225.18571428571428,1015.7571428571428,59.54285714285714,12.014285714285714,-17.62153669861118
21.285714285714285,8.314285714285715,15.37142857142857,21.285714285714285,7.814285714285715,15.285714285714286,61.8,0.0,0.0,0.0,0.0,15.12857142857143,282.31428571428575,1023.3,32.2,19.928571428571427,-37.30667982388172
21.6,11.914285714285716,16.785714285714285,21.6,11.614285714285714,16.785714285714285,78.57142857142857,1.1112857142857142,42.85714285714285,6.547142857142857,0.0,17.942857142857143,125.48571428571428,1017.0428571428572,53.6,11.685714285714283,12.99404813381534
18.657142857142865,7.942857142857143,13.571428571428571,18.657142857142865,6.471428571428572,13.228571428571428,72.14285714285714,0.0018571428571428,14.285714285714286,0.5957142857142858,0.0,17.642857142857142,99.01428571428572,1023.8285714285714,55.10000000000001,14.0,8.946392960573007
10.514285714285714,5.857142857142857,7.957142857142857,9.342857142857143,2.271428571428572,5.714285714285714,78.39999999999999,0.5021428571428571,85.71428571428571,5.357142857142857,0.0,29.814285714285717,196.9857142857143,1013.4571428571428,67.24285714285715,9.885714285714286,-18.279968461958788
12.514285714285714,7.057142857142857,9.985714285714286,12.514285714285714,5.014285714285714,8.9,79.14285714285714,2.8934285714285712,85.71428571428571,6.545714285714285,0.0,31.24285714285714,228.9857142857143,1015.1142857142858,67.5142857142857,20.085714285714285,-16.795795080728453
12.414285714285716,5.4,8.9,12.042857142857144,3.4,7.228571428571429,80.28571428571429,0.2721428571428571,42.85714285714285,2.381428571428572,0.0,28.785714285714285,184.2428571428572,1006.4428571428572,78.68571428571428,17.285714285714285,-1.4167545652035187
20.47142857142857,13.157142857142857,16.5,20.47142857142857,13.157142857142857,16.5,78.61428571428571,2.983857142857143,100.0,14.287142857142856,0.0,22.27142857142857,235.32857142857145,1011.157142857143,45.3,11.357142857142858,-19.02719485391765
15.12857142857143,9.657142857142857,12.585714285714284,15.12857142857143,8.757142857142856,12.471428571428572,79.92857142857143,0.3075714285714285,85.71428571428571,4.762857142857143,0.0,24.7,255.37142857142857,1020.7714285714284,75.8142857142857,12.728571428571428,26.86929862045622
16.357142857142858,10.214285714285714,13.357142857142858,16.357142857142858,9.814285714285717,13.271428571428572,83.07142857142857,0.8264285714285714,100.0,11.904285714285717,0.0,20.428571428571427,215.8571428571429,1014.1428571428572,60.12857142857143,11.457142857142856,5.7144255226616
11.242857142857144,5.542857142857143,8.342857142857143,9.94285714285714,2.7,6.285714285714286,86.11428571428571,0.1408571428571428,57.142857142857146,3.571428571428572,0.0,27.485714285714288,111.2,1021.0857142857144,65.94285714285715,6.971428571428571,-88.96976582765296
13.042857142857144,8.314285714285713,10.585714285714284,13.042857142857144,6.4,9.757142857142856,89.34285714285714,5.263,100.0,15.474285714285712,0.0,30.4,215.72857142857143,1006.2428571428572,62.07142857142857,11.114285714285714,55.15199071161203
14.642857142857142,5.371428571428572,9.271428571428572,14.385714285714284,2.7142857142857144,7.7,74.10000000000001,0.3897142857142857,42.85714285714285,3.5700000000000003,1.0,21.428571428571427,104.58571428571427,1017.3571428571428,64.71428571428571,10.428571428571429,-3.0314976169172496
14.785714285714286,7.857142857142857,11.5,14.785714285714286,5.814285714285715,11.014285714285714,78.48571428571428,0.1267142857142857,28.571428571428573,1.1914285714285715,0.0,23.8,234.97142857142856,1017.8,71.62857142857143,12.228571428571428,12.296926252760612
4.242857142857143,-0.0714285714285715,2.0285714285714285,1.4857142857142858,-4.314285714285715,-1.5285714285714285,90.84285714285714,1.7382857142857142,85.71428571428571,5.36,0.0,23.12857142857143,99.24285714285716,1016.6,75.91428571428571,9.028571428571428,44.57844160802256
20.0,9.814285714285717,14.614285714285714,20.0,9.6,14.585714285714284,77.34285714285714,0.0,0.0,0.0,0.0,16.271428571428572,225.7428571428572,1023.3857142857142,44.42857142857143,13.87142857142857,-14.477804047371706
17.400000000000002,12.428571428571429,14.828571428571427,17.400000000000002,12.428571428571429,14.828571428571427,91.12857142857142,9.150857142857143,100.0,28.571428571428573,0.0,30.057142857142857,162.24285714285716,1009.7142857142856,70.04285714285714,9.2,31.135995857873127
18.6,10.4,14.285714285714286,18.6,9.914285714285716,14.228571428571428,83.48571428571428,1.120142857142857,71.42857142857143,4.761428571428572,0.0,22.514285714285712,182.2,1011.3,63.142857142857146,10.1,-3.409516943979611
16.5,10.7,13.614285714285714,16.5,9.9,13.4,85.97142857142856,1.2724285714285717,85.71428571428571,7.144285714285715,0.0,23.457142857142856,180.92857142857144,1016.5857142857144,63.771428571428565,9.2,35.32906014581067
16.67142857142857,12.571428571428571,14.385714285714286,16.67142857142857,12.571428571428571,14.385714285714286,86.95714285714287,1.294,100.0,6.547142857142857,0.0,21.428571428571427,141.95714285714286,1012.9428571428572,92.48571428571428,8.542857142857143,-2.5264648361655877
8.528571428571428,2.642857142857143,5.842857142857143,6.671428571428572,-1.3000000000000005,2.7857142857142856,81.68571428571428,0.9034285714285714,57.142857142857146,5.355714285714286,0.0,32.714285714285715,258.92857142857144,1011.1714285714286,66.57142857142857,18.7,24.697196895591787
20.485714285714288,13.071428571428571,15.914285714285716,20.485714285714288,13.071428571428571,15.914285714285716,82.11428571428571,0.9217142857142856,57.142857142857146,6.547142857142857,0.0,17.357142857142858,270.6428571428572,1016.4142857142856,65.67142857142858,12.2,5.783812767790323
14.8,5.628571428571428,10.314285714285717,14.8,2.814285714285714,8.985714285714286,74.64285714285714,0.4534285714285714,71.42857142857143,4.762857142857143,0.0,21.442857142857143,46.62857142857143,1023.0285714285714,60.41428571428571,14.071428571428571,-20.0189422445294
11.457142857142856,6.442857142857142,9.271428571428572,11.457142857142856,3.7857142857142856,7.899999999999999,91.91428571428573,0.6557142857142857,100.0,9.525714285714288,0.0,21.457142857142856,181.57142857142856,1020.0714285714286,56.68571428571429,7.828571428571428,3.97204940339941
16.842857142857145,6.985714285714286,11.614285714285714,16.842857142857145,5.257142857142857,10.94285714285714,74.77142857142857,0.6414285714285715,57.142857142857146,4.76,0.0,22.65714285714285,284.4428571428572,1014.9142857142856,46.92857142857143,12.785714285714286,40.98485469097386
6.442857142857142,1.8285714285714283,4.357142857142857,3.242857142857143,-3.2285714285714286,0.3142857142857141,86.21428571428571,3.4532857142857147,85.71428571428571,5.951428571428571,10.1,33.92857142857143,144.94285714285715,1009.9142857142856,82.0,10.671428571428573,-150.1204233873541
14.785714285714286,9.228571428571428,11.828571428571427,14.785714285714286,7.957142857142857,11.271428571428572,81.87142857142858,0.2691428571428571,71.42857142857143,5.355714285714286,0.0,25.285714285714285,239.28571428571428,1006.4,72.38571428571429,20.014285714285712,-6.964403999270758
8.128571428571428,2.7285714285714286,5.528571428571429,5.314285714285715,-0.1714285714285714,2.4714285714285715,87.08571428571429,0.146,57.142857142857146,3.571428571428572,0.0,28.071428571428573,258.2,1020.6857142857144,76.42857142857143,14.328571428571427,-29.61480034068404
8.3,3.8857142857142857,6.428571428571429,6.057142857142857,-0.8714285714285717,2.914285714285714,87.27142857142857,2.3568571428571423,85.71428571428571,7.141428571428572,0.0,32.27142857142857,248.57142857142856,1016.7714285714284,80.27142857142857,11.071428571428571,43.45978841121087
12.085714285714284,5.7,8.985714285714286,12.085714285714284,3.3000000000000003,7.714285714285714,76.54285714285713,0.129,71.42857142857143,6.545714285714285,0.0,21.728571428571428,217.82857142857145,1028.8142857142857,64.88571428571429,11.642857142857142,-38.81048323780419
9.828571428571427,3.5285714285714285,6.857142857142857,8.528571428571428,0.6857142857142857,4.371428571428572,88.18571428571428,4.058857142857144,100.0,10.714285714285714,0.0,31.3,164.18571428571428,1020.9714285714286,70.39999999999999,12.4,-43.48228951494821
11.742857142857144,4.742857142857143,8.557142857142857,11.742857142857144,2.6142857142857143,7.271428571428571,88.74285714285715,1.451142857142857,100.0,5.3585714285714285,0.0,22.085714285714285,222.3142857142857,995.2428571428572,55.785714285714285,13.014285714285714,8.544768296972052
19.642857142857142,12.314285714285717,16.042857142857144,19.642857142857142,11.914285714285716,15.957142857142856,77.82857142857142,0.399,71.42857142857143,4.761428571428572,0.0,24.957142857142856,287.65714285714284,1017.842857142857,75.45714285714287,22.914285714285715,-23.75175568367968
15.285714285714286,8.928571428571429,12.014285714285714,15.285714285714286,7.642857142857143,11.757142857142856,79.08571428571429,3.4745714285714286,85.71428571428571,4.168571428571428,0.0,27.085714285714285,189.92857142857144,1008.6,75.11428571428571,18.985714285714288,28.92419286534357
12.9,6.057142857142857,9.242857142857144,12.9,3.3142857142857145,7.771428571428571,85.25714285714285,3.678714285714286,85.71428571428571,20.237142857142857,0.0,22.057142857142857,99.92857142857144,1011.9428571428572,55.44285714285714,9.657142857142857,65.59993073339899
7.8428571428571425,1.2857142857142858,4.528571428571429,5.042857142857143,-2.371428571428571,1.6857142857142855,87.17142857142858,1.7709999999999997,71.42857142857143,6.548571428571429,0.0999999999999999,24.942857142857143,247.55714285714288,1002.5857142857144,57.05714285714286,11.214285714285714,27.00161682125565
8.285714285714286,2.942857142857143,5.442857142857143,6.142857142857143,-0.3,2.4142857142857146,87.7,2.532571428571429,85.71428571428571,6.545714285714285,0.0,29.842857142857145,175.25714285714284,1008.7571428571428,70.34285714285714,13.142857142857142,-8.996647831164182
8.857142857142858,5.271428571428571,6.785714285714286,7.314285714285715,1.9,4.257142857142857,91.2,0.0368571428571428,14.285714285714286,1.19,0.0,23.17142857142857,272.3,1026.8,70.22857142857143,9.057142857142855,-8.974518107601398
19.442857142857143,12.171428571428573,15.5,19.442857142857143,11.914285714285716,15.457142857142856,84.21428571428571,0.0995714285714285,28.571428571428573,3.571428571428572,0.0,20.75714285714286,209.4857142857143,1026.5,50.91428571428571,10.9,29.05301800909456
5.971428571428571,2.142857142857143,3.957142857142857,3.4714285714285715,-2.357142857142857,0.6714285714285715,94.82857142857142,0.1917142857142857,57.142857142857146,4.1657142857142855,0.0,24.82857142857143,116.24285714285716,1019.0428571428572,83.5,6.2,19.021625324453225
20.357142857142858,11.857142857142858,16.085714285714285,20.357142857142858,11.585714285714284,16.04285714285714,78.17142857142858,2.1155714285714287,85.71428571428571,5.952857142857143,0.0,21.185714285714287,166.5,1021.8142857142856,54.48571428571428,11.857142857142858,-40.04761909900492
5.728571428571429,0.0857142857142856,3.3285714285714287,2.585714285714286,-2.814285714285714,0.0999999999999999,86.8,0.7628571428571428,42.85714285714285,3.5700000000000003,0.6,27.357142857142858,198.34285714285716,1008.9285714285714,72.95714285714287,13.142857142857142,25.44801577713497
9.457142857142856,2.685714285714286,6.571428571428571,8.014285714285714,-0.0571428571428571,4.114285714285715,85.71428571428571,0.0,0.0,0.0,0.0,33.15714285714286,247.65714285714284,1016.3,76.39999999999999,11.585714285714284,-8.451345408775751
8.757142857142858,3.0285714285714285,6.028571428571429,5.985714285714286,-0.5571428571428572,2.557142857142857,82.21428571428571,0.8111428571428572,71.42857142857143,4.167142857142857,0.0,35.728571428571435,267.4857142857143,1016.3857142857142,63.75714285714286,16.742857142857144,-9.338393521621128
20.085714285714285,12.2,16.02857142857143,20.085714285714285,12.05714285714286,16.0,80.32857142857142,0.0481428571428571,28.571428571428573,1.1914285714285715,0.0,17.04285714285714,171.0,1018.3571428571428,67.6,10.385714285714284,-5.871760154935373
1.8571428571428568,-4.828571428571428,-1.2142857142857142,-2.742857142857143,-9.185714285714283,-5.971428571428571,83.35714285714286,0.2981428571428571,42.85714285714285,2.381428571428572,7.0200000000000005,35.028571428571425,119.79999999999998,999.7,57.771428571428565,10.028571428571428,34.6543439880661
17.900000000000002,11.9,14.785714285714286,17.900000000000002,11.542857142857144,14.757142857142856,82.97142857142856,0.7088571428571429,85.71428571428571,8.930000000000001,0.0,27.67142857142857,249.55714285714288,1016.5857142857144,78.22857142857143,11.728571428571428,-11.724239658548754
7.614285714285714,3.4714285714285715,5.428571428571429,5.685714285714285,-0.9571428571428572,2.414285714285714,88.7,1.282714285714286,57.142857142857146,4.1657142857142855,0.0,30.814285714285717,178.14285714285714,1016.9714285714284,81.3,7.457142857142857,171.5073669720141
8.442857142857143,3.1714285714285717,5.7,6.3,-0.7714285714285714,2.257142857142857,85.97142857142856,2.8521428571428573,100.0,11.31,0.0,37.41428571428571,219.7428571428572,1017.2285714285714,70.21428571428571,9.714285714285714,19.225868054690864
25.6,16.142857142857142,20.785714285714285,25.75714285714286,16.142857142857142,20.8,69.57142857142857,0.0,0.0,0.0,0.0,20.428571428571427,142.37142857142857,1025.2571428571428,37.94285714285714,11.685714285714283,21.831879653409715
17.885714285714286,11.885714285714286,14.785714285714286,17.885714285714286,11.671428571428573,14.757142857142856,83.7,0.9798571428571428,71.42857142857143,4.167142857142857,0.0,24.61428571428572,223.58571428571432,1015.5,72.6,20.12857142857143,3.302860372664668
8.17142857142857,3.1714285714285717,5.6000000000000005,6.642857142857143,0.3857142857142857,3.3857142857142857,87.01428571428572,1.9092857142857145,14.285714285714286,2.381428571428572,0.0,21.728571428571428,214.17142857142852,1019.5714285714286,55.01428571428572,9.157142857142857,3.6113500398751057
7.285714285714286,2.2285714285714286,5.071428571428571,4.757142857142857,-0.5571428571428573,2.3285714285714287,89.07142857142857,0.7598571428571429,100.0,12.5,0.0,21.857142857142858,169.4857142857143,1016.5,63.48571428571428,10.55714285714286,-30.426888924754167
14.528571428571428,6.042857142857143,10.028571428571428,14.257142857142856,2.957142857142857,8.485714285714286,80.38571428571429,1.225428571428571,42.85714285714285,4.1657142857142855,0.0,24.342857142857145,83.3,1020.7857142857144,64.32857142857144,9.685714285714283,1.4939115541776573
9.528571428571428,2.1,6.128571428571428,7.871428571428571,-1.157142857142857,2.8285714285714287,81.37142857142858,0.4382857142857143,100.0,4.17,0.0,34.9,244.32857142857145,1026.4714285714283,63.01428571428571,12.9,27.43364876076248
12.12857142857143,7.557142857142857,9.828571428571427,11.757142857142856,4.542857142857143,8.1,88.87142857142858,3.226142857142857,100.0,11.308571428571428,0.0,32.471428571428575,240.15714285714284,998.4142857142856,62.114285714285714,12.05714285714286,-58.78698093247351
14.228571428571428,9.7,11.642857142857142,14.228571428571428,8.557142857142857,11.428571428571429,86.39999999999999,0.0,0.0,0.0,0.0,29.6,221.05714285714288,1009.4714285714286,81.67142857142858,11.814285714285717,-9.578434327650143
18.25714285714286,11.814285714285717,14.985714285714286,18.25714285714286,11.671428571428573,14.971428571428572,75.65714285714286,0.1712857142857143,57.142857142857146,4.1657142857142855,0.0,24.82857142857143,239.3857142857143,1013.5,52.457142857142856,10.685714285714283,-13.46569497802966
18.87142857142857,12.071428571428571,15.342857142857143,18.87142857142857,11.814285714285717,15.3,79.48571428571428,0.182,57.142857142857146,2.9771428571428573,0.0,23.02857142857143,258.2857142857143,1017.9714285714286,77.71428571428571,19.557142857142857,-31.692171062423768
11.12857142857143,5.914285714285714,8.72857142857143,10.657142857142857,3.742857142857143,7.142857142857143,86.72857142857143,0.8151428571428572,85.71428571428571,4.762857142857143,0.0,31.928571428571427,218.5,1015.1,78.32857142857142,11.342857142857143,26.72831535159321
6.714285714285714,1.242857142857143,4.114285714285715,4.242857142857143,-2.628571428571429,1.0428571428571427,80.52857142857144,2.049857142857143,71.42857142857143,5.952857142857143,0.5571428571428572,23.585714285714285,224.5142857142857,1011.1857142857144,80.35714285714286,11.185714285714283,18.83297517157439
23.17142857142857,12.6,17.5,23.042857142857144,12.6,17.47142857142857,74.12857142857142,0.3884285714285714,42.85714285714285,1.7871428571428571,0.0,26.2,216.52857142857144,1018.1428571428572,49.31428571428571,12.94285714285714,-76.81462880459549
18.642857142857142,12.1,15.042857142857144,18.642857142857142,12.1,15.042857142857144,86.98571428571428,2.0461428571428573,100.0,10.12,0.0,25.228571428571428,177.41428571428574,1010.9428571428572,52.94285714285714,11.414285714285716,-17.9185944524894
9.485714285714284,4.128571428571428,6.971428571428571,8.528571428571428,0.3857142857142857,3.8857142857142857,92.74285714285716,6.090285714285714,100.0,25.595714285714287,0.0,36.67142857142857,217.75714285714284,996.8571428571428,64.22857142857143,10.185714285714283,74.08013407803219
11.6,5.314285714285715,8.257142857142856,10.8,1.9285714285714288,6.1000000000000005,79.24285714285715,0.9557142857142856,28.571428571428573,7.142857142857143,0.0,25.25714285714286,192.2,1012.7,72.82857142857144,11.55714285714286,15.427669629161985
9.814285714285717,4.571428571428571,6.914285714285714,8.37142857142857,1.0285714285714287,4.314285714285715,90.95714285714288,3.979857142857143,100.0,8.332857142857142,0.0,30.057142857142857,202.25714285714284,1011.7142857142856,69.68571428571428,9.44285714285714,-21.85305813358809
9.27142857142857,3.4,6.428571428571429,8.257142857142856,0.742857142857143,4.285714285714286,89.51428571428572,0.4884285714285714,57.142857142857146,2.9771428571428573,0.0,30.314285714285717,223.58571428571423,1020.8714285714286,58.52857142857143,11.971428571428572,23.845942561427137
12.785714285714286,9.085714285714284,10.957142857142856,12.785714285714286,8.114285714285716,10.571428571428571,85.28571428571429,2.9992857142857146,85.71428571428571,5.952857142857143,0.0,35.34285714285714,181.94285714285712,1001.3142857142856,77.3,14.957142857142856,-16.720343363740312
10.514285714285714,6.328571428571428,8.371428571428572,9.457142857142856,3.157142857142857,6.228571428571429,88.04285714285713,5.287999999999999,100.0,31.545714285714286,0.0,32.128571428571426,247.4857142857143,999.4714285714286,63.02857142857143,11.185714285714283,-27.582785881798717
14.514285714285714,9.285714285714286,11.9,14.514285714285714,7.828571428571429,11.5,82.45714285714287,3.4828571428571427,57.142857142857146,3.571428571428572,0.0,28.485714285714288,196.7142857142857,1010.3142857142856,65.12857142857142,10.6,-22.254987160903624
15.12857142857143,8.042857142857143,11.657142857142857,15.12857142857143,5.414285714285714,10.742857142857144,77.75714285714285,1.3202857142857145,71.42857142857143,13.69,0.0,28.142857142857142,226.12857142857143,1019.8,48.08571428571429,12.114285714285714,-15.25153221565904
10.614285714285714,1.6285714285714286,5.442857142857143,10.228571428571428,-0.2428571428571428,3.8857142857142857,82.0,0.1601428571428571,14.285714285714286,0.5957142857142858,0.0,16.47142857142857,151.08571428571426,1024.4571428571428,64.31428571428572,6.057142857142857,58.48192993250791
12.342857142857143,6.9,9.457142857142856,12.342857142857143,5.2,8.542857142857143,87.3,3.4651428571428573,100.0,16.07,0.0,24.514285714285712,210.15714285714284,1001.8142857142856,46.91428571428571,11.971428571428572,43.13588242515857
4.942857142857143,0.4,2.4714285714285715,1.4857142857142858,-4.671428571428572,-1.8142857142857145,90.12857142857142,0.2365714285714286,85.71428571428571,5.954285714285715,0.0,23.5,65.44285714285715,1036.5428571428572,44.885714285714286,7.385714285714286,-57.44332637737534
4.885714285714286,-0.8142857142857143,2.128571428571429,0.8714285714285713,-6.428571428571429,-2.757142857142857,78.92857142857143,1.100428571428571,71.42857142857143,7.142857142857143,0.0,32.94285714285714,138.84285714285713,1007.8571428571428,62.57142857142857,9.742857142857144,-35.06199903473453
16.942857142857143,9.214285714285714,12.657142857142857,16.942857142857143,8.8,12.614285714285714,82.60000000000001,0.1931428571428571,42.85714285714285,2.381428571428572,0.0,19.185714285714287,232.3857142857143,1021.1,65.9,8.414285714285715,-5.3148005729797205
17.45714285714286,12.328571428571427,14.7,17.45714285714286,12.185714285714283,14.685714285714283,88.35714285714286,2.7139999999999995,85.71428571428571,14.285714285714286,0.0,25.02857142857143,230.3857142857143,1013.1285714285714,61.60000000000001,10.728571428571428,-67.50966909672013
7.328571428571428,2.271428571428572,4.871428571428572,4.814285714285715,-0.7285714285714286,1.9857142857142855,93.87142857142858,3.1410000000000005,85.71428571428571,5.952857142857143,0.0,29.15714285714285,172.75714285714284,1010.3857142857144,66.98571428571428,8.528571428571428,70.86125971641627
4.485714285714286,-1.2285714285714284,1.8857142857142857,1.657142857142857,-5.614285714285714,-1.8571428571428568,91.37142857142858,2.135857142857143,85.71428571428571,7.74,0.0,22.37142857142857,184.82857142857145,1015.1857142857144,53.74285714285714,9.928571428571429,-42.85421642709571
16.95714285714286,11.214285714285714,13.928571428571429,16.95714285714286,10.728571428571428,13.842857142857143,88.01428571428572,0.817,85.71428571428571,9.524285714285714,0.0,22.885714285714283,255.57142857142856,1020.5857142857144,74.47142857142856,11.8,-54.25365647054412
5.1571428571428575,-0.8142857142857143,1.871428571428572,3.642857142857143,-3.3000000000000003,0.1571428571428572,88.57142857142857,0.0297142857142857,28.571428571428573,1.1914285714285715,0.0,11.142857142857142,123.08571428571427,1036.7857142857142,69.31428571428572,4.242857142857143,-52.52651719616188
4.928571428571429,1.6571428571428573,3.3714285714285714,2.8285714285714287,-3.3285714285714287,-0.0714285714285714,96.82857142857142,2.874571428571429,100.0,5.952857142857143,1.0,28.142857142857142,93.2,1011.1,94.02857142857144,4.442857142857143,194.50284101644704
12.44285714285714,4.514285714285714,8.114285714285714,12.44285714285714,3.0,6.842857142857143,85.9,0.004,14.285714285714286,0.5957142857142858,0.0,16.571428571428573,54.457142857142856,1028.1142857142856,35.871428571428574,4.785714285714286,12.289617260801265
18.228571428571428,11.414285714285716,14.771428571428572,18.228571428571428,11.414285714285716,14.771428571428572,78.3,2.681142857142857,85.71428571428571,8.334285714285715,0.0,28.357142857142858,272.35714285714283,1015.9714285714286,55.37142857142857,13.114285714285714,-18.21475242249346
10.271428571428572,4.485714285714286,7.399999999999999,9.171428571428573,1.6285714285714283,5.314285714285715,86.48571428571428,0.0,0.0,0.0,0.0,29.728571428571428,169.6,1006.0428571428572,75.32857142857142,9.857142857142858,6.603810694598224
10.62857142857143,2.242857142857143,6.557142857142857,9.228571428571428,-0.4999999999999999,4.342857142857143,76.41428571428571,0.5561428571428572,42.85714285714285,2.975714285714285,0.0,26.428571428571427,257.1,1018.8714285714286,58.74285714285714,18.585714285714285,-28.55591920211191
12.428571428571429,7.328571428571428,10.12857142857143,11.542857142857144,5.028571428571429,8.7,86.81428571428572,1.2818571428571428,100.0,6.547142857142857,0.0,35.67142857142857,241.9857142857143,1011.1285714285714,69.58571428571427,14.342857142857143,-52.091299404019765
20.557142857142857,12.214285714285714,16.214285714285715,20.557142857142857,12.214285714285714,16.214285714285715,73.01428571428572,0.0,0.0,0.0,0.0,27.357142857142858,170.70000000000002,1017.1,54.72857142857144,13.485714285714286,12.376886923088591
24.7,12.314285714285717,18.428571428571427,24.442857142857143,12.014285714285714,18.37142857142857,59.471428571428575,0.0,0.0,0.0,0.0,22.985714285714288,83.02857142857144,1020.9857142857144,39.6,15.44285714285714,-7.4024075493426835
11.185714285714283,4.057142857142857,7.542857142857143,10.642857142857142,1.1285714285714286,5.828571428571428,74.8,1.0475714285714286,85.71428571428571,8.928571428571429,0.0,20.12857142857143,256.1,1015.3714285714286,55.22857142857142,13.05714285714286,114.67925482520444
15.285714285714286,9.485714285714286,12.242857142857144,15.285714285714286,8.942857142857143,12.085714285714284,87.88571428571429,1.3547142857142858,71.42857142857143,5.954285714285715,0.0,16.17142857142857,140.84285714285713,1024.9714285714283,61.48571428571428,8.228571428571428,14.051400519285608
19.62857142857143,10.271428571428572,15.0,19.62857142857143,9.842857142857143,14.9,71.78571428571429,0.091,71.42857142857143,2.9785714285714286,0.0,22.585714285714285,276.85714285714283,1017.3857142857142,65.74285714285715,23.714285714285715,-13.277229099385636
13.971428571428572,8.685714285714285,11.2,13.971428571428572,6.8,10.528571428571428,86.04285714285713,2.798,42.85714285714285,2.975714285714285,0.0,27.042857142857144,127.84285714285714,1007.4,68.74285714285715,9.357142857142858,-6.696939714984865
8.757142857142856,4.442857142857143,6.8,7.8,2.157142857142857,4.828571428571428,94.41428571428573,0.7792857142857142,100.0,5.952857142857143,0.0,20.37142857142857,152.6142857142857,1023.9285714285714,74.47142857142856,8.1,27.193034779088748
17.1,10.071428571428571,13.5,17.1,9.7,13.44285714285714,79.35714285714286,0.6158571428571429,42.85714285714285,2.975714285714285,0.0,16.271428571428572,227.67142857142855,1014.7285714285716,75.82857142857142,17.4,-42.140299748998586
9.685714285714283,5.028571428571429,7.385714285714285,7.914285714285714,1.9,4.871428571428572,88.42857142857143,2.9895714285714283,100.0,10.714285714285714,0.0,29.342857142857145,227.94285714285712,1008.5285714285714,71.77142857142857,9.728571428571428,-16.710944720631915
17.47142857142857,9.214285714285714,13.242857142857144,17.47142857142857,8.157142857142857,13.028571428571428,76.45714285714287,0.5857142857142857,57.142857142857146,6.548571428571429,0.0,24.61428571428572,263.5,1023.3428571428572,47.98571428571428,14.014285714285714,17.257877617291456
14.657142857142857,6.228571428571429,10.485714285714286,14.657142857142857,4.042857142857143,9.814285714285717,78.10000000000001,0.3945714285714286,28.571428571428573,1.7857142857142858,0.0,24.87142857142857,177.85714285714286,1012.2571428571428,62.1,10.55714285714286,9.96681231424236
15.05714285714286,8.828571428571427,12.085714285714284,15.05714285714286,7.3,11.471428571428572,85.58571428571429,0.2342857142857143,100.0,7.738571428571428,0.0,23.0,222.12857142857143,1022.8142857142856,51.01428571428572,10.528571428571428,-52.25224713336274
7.328571428571429,3.271428571428572,5.442857142857143,4.985714285714286,0.0571428571428571,2.542857142857143,87.7,1.7929999999999997,85.71428571428571,14.287142857142856,0.0,25.814285714285717,117.74285714285716,1007.6857142857144,63.31428571428571,10.257142857142856,41.959334177015535
11.028571428571428,7.528571428571428,9.657142857142857,10.62857142857143,5.3,8.371428571428572,84.98571428571428,1.3274285714285714,85.71428571428571,8.927142857142858,0.0,32.91428571428572,214.55714285714288,1021.7142857142856,80.42857142857143,9.814285714285717,-12.89468837988079
9.228571428571428,3.571428571428572,6.171428571428572,7.3428571428571425,0.0714285714285713,3.157142857142857,77.22857142857143,0.3737142857142857,71.42857142857143,3.5728571428571425,0.0,29.52857142857143,230.68571428571428,1009.0714285714286,71.25714285714285,22.25714285714286,-12.089981706008755
7.771428571428571,2.9,5.442857142857143,5.142857142857143,-1.585714285714286,1.5142857142857142,89.31428571428572,6.367285714285714,100.0,23.214285714285715,0.0,38.1,240.45714285714288,1002.8142857142856,56.6,10.528571428571428,66.39393283747972
15.714285714285714,8.6,11.885714285714286,15.714285714285714,6.942857142857143,11.37142857142857,78.82857142857142,0.7122857142857143,42.85714285714285,2.975714285714285,0.0,24.47142857142857,277.37142857142857,1019.4142857142856,57.01428571428572,9.971428571428572,-16.894164723322888
17.085714285714285,9.6,13.3,17.085714285714285,8.7,12.971428571428572,75.75714285714285,1.7202857142857142,42.85714285714285,3.5700000000000003,0.0,27.32857142857143,139.3,1007.8285714285714,69.54285714285713,11.014285714285714,-11.866333922917876
4.957142857142857,1.4,3.3285714285714283,2.1142857142857143,-2.7,-0.3285714285714286,94.0,1.6381428571428571,71.42857142857143,6.547142857142857,0.0,25.385714285714283,97.64285714285714,1018.157142857143,75.18571428571428,6.514285714285714,17.75982862154501
9.485714285714286,5.5,7.299999999999999,7.2,2.0571428571428574,4.285714285714286,82.75714285714285,0.0851428571428571,57.142857142857146,3.571428571428572,0.0,24.9,46.71428571428572,1031.7714285714285,76.0,10.4,-4.639940814086231
6.785714285714286,3.142857142857143,5.014285714285714,4.6571428571428575,-0.4714285714285715,1.7,91.87142857142858,1.7085714285714286,85.71428571428571,7.738571428571428,0.0,31.285714285714285,160.21428571428572,1001.8571428571428,69.32857142857144,8.214285714285714,-33.57485476571492
8.3,-0.3142857142857144,3.8428571428571434,7.185714285714285,-2.4,2.085714285714286,89.75714285714285,1.0052857142857143,85.71428571428571,4.762857142857143,0.0,20.014285714285712,239.28571428571428,1023.8714285714286,57.3,8.12857142857143,-32.86417660543043
23.514285714285712,15.871428571428572,19.085714285714285,23.514285714285712,15.871428571428572,19.085714285714285,81.8,1.294857142857143,57.142857142857146,2.9771428571428573,0.0,15.214285714285714,171.4857142857143,1012.157142857143,79.12857142857142,5.814285714285715,-20.966242073376748
12.614285714285714,6.799999999999999,9.485714285714286,12.614285714285714,4.5,8.242857142857144,86.52857142857144,1.1014285714285714,85.71428571428571,8.928571428571429,0.0,23.942857142857143,136.35714285714286,1013.1857142857144,59.57142857142857,6.857142857142857,2.9825570126222374
7.571428571428571,1.4142857142857144,4.742857142857143,5.2,-2.071428571428572,1.5857142857142856,69.18571428571428,0.2597142857142857,28.571428571428573,1.1914285714285715,0.0,29.2,262.24285714285713,1025.2714285714285,66.87142857142858,12.87142857142857,-35.08656006539968
10.971428571428572,6.828571428571428,8.871428571428572,10.514285714285714,3.7285714285714286,6.885714285714286,90.3,1.875857142857143,85.71428571428571,6.548571428571429,0.0,27.5,148.57142857142858,1015.9857142857144,73.98571428571428,7.899999999999999,58.43493590008802
17.571428571428573,10.514285714285714,14.0,17.571428571428573,9.671428571428573,13.8,80.0,0.8732857142857143,100.0,10.118571428571428,0.0,27.3,235.37142857142857,1014.8857142857142,51.37142857142857,11.185714285714283,9.195595958835042
7.3,2.8285714285714287,4.714285714285714,4.357142857142857,-1.1714285714285717,1.3714285714285717,80.77142857142857,1.211142857142857,100.0,11.31,0.0,26.0,117.62857142857142,1013.1285714285714,77.18571428571428,10.357142857142858,-12.1461352295687
17.414285714285715,10.7,13.928571428571429,17.414285714285715,10.271428571428572,13.885714285714286,82.3,1.8472857142857144,85.71428571428571,4.762857142857143,0.0,29.857142857142858,237.5142857142857,1007.0285714285714,76.51428571428572,21.885714285714283,40.02308048872851
9.55714285714286,4.114285714285715,7.2,8.328571428571427,1.2714285714285716,5.271428571428571,87.52857142857144,2.071285714285714,100.0,18.45142857142857,0.0,21.357142857142858,265.0,1023.2285714285716,58.18571428571429,12.12857142857143,-14.130774673216024
10.685714285714283,4.8,7.485714285714286,9.814285714285717,2.814285714285714,5.742857142857143,92.88571428571429,0.2348571428571428,100.0,6.55,0.0,18.5,230.3142857142857,1026.0571428571427,55.32857142857142,7.442857142857143,8.721732553754237
14.471428571428572,10.214285714285714,12.214285714285714,14.471428571428572,9.4,11.914285714285716,89.32857142857142,6.728142857142857,100.0,29.16857142857143,0.0,30.485714285714288,157.20000000000002,1005.6714285714286,75.51428571428572,9.585714285714284,-27.798768612348
11.1,4.4,7.6,9.928571428571429,1.7285714285714284,5.285714285714286,83.07142857142857,0.2985714285714285,57.142857142857146,2.9771428571428573,0.0,25.88571428571429,139.74285714285713,1007.3857142857142,64.87142857142858,11.428571428571429,-85.873521464188
13.242857142857144,6.757142857142857,9.37142857142857,13.242857142857144,4.0,7.757142857142857,87.91428571428571,0.9278571428571428,57.142857142857146,3.571428571428572,0.0,26.9,216.5142857142857,1012.2,66.07142857142857,11.771428571428572,23.993729230493276
10.257142857142856,5.2,8.028571428571428,9.314285714285717,2.1714285714285717,5.842857142857143,85.47142857142856,2.0621428571428573,71.42857142857143,4.761428571428572,0.0,36.27142857142857,263.0857142857143,1007.6,68.77142857142857,11.142857142857142,-15.136843025807591
11.771428571428572,6.371428571428572,9.028571428571428,10.885714285714286,4.014285714285714,7.571428571428571,87.04285714285713,3.633428571428571,100.0,13.095714285714283,0.0,27.642857142857142,231.22857142857143,1000.3857142857142,60.34285714285714,10.428571428571429,-41.70471763427565
15.714285714285714,9.55714285714286,12.528571428571428,15.714285714285714,8.542857142857143,12.3,88.39999999999999,3.0524285714285715,100.0,14.287142857142856,0.0,26.27142857142857,236.8857142857143,1013.5,63.9,10.5,4.092687832542538
11.914285714285716,8.67142857142857,10.4,11.914285714285716,6.357142857142857,9.342857142857143,89.52857142857144,6.498285714285714,100.0,12.5,0.0,37.48571428571428,215.75714285714284,1011.4285714285714,86.17142857142858,10.028571428571428,28.10598747923291
9.128571428571428,4.7,7.071428571428571,7.028571428571429,1.0285714285714285,3.8285714285714287,88.64285714285714,4.213,100.0,24.40571428571429,0.0,34.042857142857144,204.07142857142856,999.4714285714286,64.6,9.342857142857143,42.9867329441322
5.4,0.1857142857142857,2.771428571428572,2.142857142857143,-4.385714285714285,-1.1142857142857143,84.0,0.7125714285714285,85.71428571428571,6.547142857142857,1.2,26.642857142857142,215.45714285714288,1009.1857142857144,57.84285714285714,12.37142857142857,-48.4952480635186
16.771428571428572,10.514285714285714,13.742857142857144,16.771428571428572,10.342857142857143,13.728571428571428,80.84285714285714,0.9064285714285714,71.42857142857143,3.5728571428571425,0.0,22.02857142857143,187.94285714285712,1013.0,80.0,12.042857142857144,-41.65015028754465
11.114285714285714,4.914285714285714,7.8,11.114285714285714,2.6142857142857143,5.871428571428572,81.45714285714287,0.1265714285714285,71.42857142857143,3.5728571428571425,0.0,25.442857142857147,242.12857142857143,1029.9,51.12857142857143,9.55714285714286,-20.994641390411743
5.914285714285714,-0.4142857142857142,2.3285714285714287,3.3000000000000003,-5.842857142857143,-1.9,84.57142857142857,0.8775714285714286,42.85714285714285,3.5700000000000003,1.5,28.085714285714285,104.31428571428572,1013.7428571428572,71.6,4.671428571428572,3.873351252027305
10.0,5.242857142857143,7.557142857142858,9.014285714285714,1.8714285714285717,4.785714285714286,82.62857142857142,0.6565714285714286,57.142857142857146,2.9771428571428573,0.0,31.942857142857143,223.47142857142856,1010.5,76.75714285714285,11.171428571428573,19.460627039117757
15.914285714285716,7.228571428571428,11.9,15.914285714285716,6.0,11.528571428571428,69.04285714285714,0.408,71.42857142857143,6.547142857142857,0.0,22.185714285714287,277.07142857142856,1017.1714285714286,53.92857142857143,22.142857142857142,-18.63345239419607
10.471428571428572,7.0,8.757142857142856,9.242857142857144,3.257142857142857,6.414285714285714,88.17142857142858,7.123142857142858,100.0,14.882857142857144,9.928571428571429,40.91428571428571,218.4857142857143,1001.0857142857144,63.8,11.842857142857143,9.238708912837865
6.8,1.5857142857142856,4.2,5.014285714285714,-2.157142857142857,0.9571428571428572,91.47142857142856,5.311714285714286,100.0,12.501428571428573,1.1,34.31428571428571,174.1,998.6,66.10000000000001,9.228571428571428,33.65220946389559
16.37142857142857,9.5,12.785714285714286,16.37142857142857,8.2,12.6,76.41428571428571,2.965285714285714,100.0,10.715714285714286,0.0,27.071428571428573,270.90000000000003,1014.657142857143,49.642857142857146,12.814285714285717,-22.248148978922018
19.257142857142856,13.571428571428571,16.257142857142856,19.257142857142856,13.571428571428571,16.257142857142856,94.67142857142858,3.232142857142857,85.71428571428571,19.642857142857142,0.0,22.82857142857143,78.61428571428571,1016.3142857142856,77.12857142857142,6.857142857142857,-57.69579201600175
18.928571428571427,12.357142857142858,15.3,18.928571428571427,12.357142857142858,15.3,81.61428571428571,0.4424285714285714,71.42857142857143,7.142857142857143,0.0,24.814285714285717,264.8428571428572,1017.3714285714286,74.37142857142858,12.114285714285714,-22.995747145329343
21.842857142857145,13.585714285714284,17.45714285714286,21.842857142857145,13.585714285714284,17.45714285714286,79.41428571428571,0.1854285714285714,57.142857142857146,3.571428571428572,0.0,22.814285714285717,186.77142857142857,1016.4714285714286,63.52857142857143,10.671428571428573,20.30148542187192
18.27142857142857,10.857142857142858,14.285714285714286,18.27142857142857,10.185714285714283,14.2,80.57142857142857,0.0,0.0,0.0,0.0,19.228571428571428,166.85714285714286,1025.7857142857142,66.28571428571429,12.157142857142857,-35.282605826684176
14.6,6.028571428571429,10.4,14.6,3.857142857142857,9.414285714285716,70.92857142857143,0.0,0.0,0.0,0.0,24.24285714285714,231.68571428571428,1030.357142857143,62.07142857142857,16.014285714285712,-58.73070585240998
-2.2857142857142856,-6.528571428571429,-4.142857142857143,-8.22857142857143,-13.6,-10.657142857142857,81.84285714285714,0.2597142857142857,42.85714285714285,2.381428571428572,2.457142857142857,30.74285714285714,33.457142857142856,1020.1285714285714,68.25714285714285,10.571428571428571,107.47456424898404
18.642857142857142,11.314285714285717,15.028571428571428,18.642857142857142,11.2,15.014285714285714,74.55714285714285,0.3332857142857143,71.42857142857143,4.168571428571428,0.0,31.65714285714285,255.4142857142857,1015.1285714285714,70.98571428571428,12.771428571428572,31.667106864220045
10.728571428571428,4.557142857142857,7.971428571428571,9.9,1.7571428571428571,6.128571428571428,78.28571428571429,1.1404285714285716,85.71428571428571,5.357142857142857,0.0,37.54285714285714,225.82857142857145,1014.3571428571428,76.47142857142858,11.357142857142858,-19.94951808261544
8.442857142857143,2.585714285714286,5.6571428571428575,6.557142857142857,-0.1285714285714286,3.085714285714286,84.5,0.4904285714285714,57.142857142857146,3.571428571428572,0.0,25.885714285714283,287.3285714285715,1024.3428571428572,64.98571428571428,14.3,-73.0377972799954
10.7,6.257142857142857,8.642857142857142,10.2,3.6714285714285713,7.128571428571428,95.0,1.606857142857143,100.0,13.69,0.0,20.814285714285717,174.95714285714286,1020.6857142857144,79.37142857142858,8.257142857142856,-2.1133031840154217
11.642857142857142,4.371428571428572,7.585714285714286,10.757142857142856,0.5428571428571428,4.971428571428571,72.2,0.015,28.571428571428573,1.1914285714285715,0.0,28.985714285714288,61.17142857142858,1020.7857142857144,64.6,10.357142857142858,-31.92852519487451
19.4,11.4,15.3,19.4,11.285714285714286,15.3,77.28571428571429,1.891714285714286,71.42857142857143,11.904285714285717,0.0,21.728571428571428,272.6142857142857,1013.7857142857144,42.31428571428571,12.3,3.90949863255446
26.814285714285717,15.142857142857142,20.87142857142857,26.7,15.142857142857142,20.8,67.84285714285714,0.5960000000000001,28.571428571428573,1.1914285714285715,0.0,19.728571428571428,199.8,1021.3857142857142,40.885714285714286,11.857142857142858,26.45259339535062
12.042857142857144,5.071428571428571,8.742857142857144,11.828571428571427,2.657142857142857,7.257142857142857,85.01428571428572,0.0018571428571428,14.285714285714286,0.5957142857142858,0.0,24.357142857142858,220.3142857142857,1027.5571428571427,59.57142857142857,8.785714285714286,-22.967157766201357
10.8,3.857142857142857,7.214285714285714,10.171428571428573,1.0857142857142856,5.057142857142857,82.62857142857142,4.074857142857143,100.0,11.905714285714286,0.0,24.942857142857143,226.77142857142852,1005.7571428571428,65.04285714285714,11.828571428571427,-1.019747078348928
16.37142857142857,9.228571428571428,12.457142857142856,16.37142857142857,7.542857142857143,11.785714285714286,82.52857142857144,2.782142857142857,57.142857142857146,6.547142857142857,0.0,28.442857142857143,194.14285714285717,1011.6285714285714,69.5,11.728571428571428,-9.444173447297658
8.72857142857143,2.8428571428571425,6.057142857142857,5.557142857142857,-0.5857142857142856,2.6142857142857143,77.47142857142856,0.8162857142857144,57.142857142857146,4.1657142857142855,0.0,29.957142857142856,216.87142857142857,1010.7857142857144,77.22857142857143,17.071428571428573,2.978637114094454
10.785714285714286,6.514285714285713,8.27142857142857,9.357142857142858,2.7142857142857144,5.785714285714286,89.39999999999999,7.742142857142857,100.0,31.54714285714286,5.328571428571429,31.071428571428573,49.67142857142857,1011.8714285714286,80.17142857142858,7.771428571428571,-36.63353242119479
19.428571428571427,12.842857142857143,15.757142857142856,19.428571428571427,12.642857142857142,15.728571428571428,77.35714285714286,1.8534285714285716,85.71428571428571,5.357142857142857,0.0,27.485714285714288,235.3428571428572,1011.5428571428572,70.21428571428571,9.642857142857142,15.973147883103591
6.3,1.5714285714285714,4.171428571428572,3.571428571428572,-1.3571428571428572,1.2,90.07142857142857,2.407857142857143,85.71428571428571,7.144285714285715,0.0,21.485714285714288,113.65714285714286,1022.342857142857,74.54285714285713,7.628571428571428,-41.58733220943213
18.785714285714285,11.571428571428571,14.900000000000002,18.785714285714285,11.357142857142858,14.885714285714286,79.0,0.947,85.71428571428571,4.762857142857143,0.0,24.957142857142856,275.1142857142857,1014.1714285714286,79.77142857142857,22.15714285714285,2.076540957953057
11.257142857142856,5.714285714285714,8.385714285714286,10.9,2.5285714285714285,6.2,82.89999999999999,1.3311428571428572,85.71428571428571,5.951428571428571,0.0,28.342857142857145,259.6142857142857,991.9142857142856,56.65714285714286,15.357142857142858,4.401928384546636
12.085714285714284,6.842857142857143,9.385714285714286,12.085714285714284,4.242857142857143,8.057142857142857,88.44285714285715,1.1535714285714285,85.71428571428571,9.524285714285714,0.0,26.3,236.82857142857145,1016.8,63.72857142857144,10.285714285714286,-14.710097340333732
16.271428571428572,10.285714285714286,13.2,16.271428571428572,9.528571428571428,13.0,80.44285714285715,0.9654285714285714,57.142857142857146,3.571428571428572,0.0,29.185714285714287,209.32857142857145,1018.0714285714286,68.97142857142858,10.614285714285714,-19.536035075408563
8.22857142857143,4.3,6.385714285714286,6.0,1.3714285714285717,3.757142857142857,85.58571428571429,3.4572857142857143,85.71428571428571,6.547142857142857,0.0,31.47142857142857,135.45714285714286,1001.0,80.61428571428571,16.7,-55.56171603096277
16.785714285714285,10.257142857142856,13.2,16.785714285714285,9.342857142857143,12.914285714285716,81.61428571428571,0.6321428571428571,85.71428571428571,9.524285714285714,0.0,28.714285714285715,253.8142857142857,1017.4571428571428,69.85714285714286,11.485714285714286,-4.748242369512809
16.585714285714285,8.942857142857143,12.5,16.585714285714285,7.742857142857143,12.12857142857143,76.38571428571429,0.0,0.0,0.0,0.0,19.27142857142857,145.55714285714288,1023.1,57.957142857142856,12.342857142857143,38.08611375978455
2.842857142857143,-2.3857142857142857,0.3999999999999999,0.5857142857142856,-6.814285714285715,-3.042857142857143,90.14285714285714,2.050142857142857,71.42857142857143,15.477142857142857,0.5428571428571428,20.814285714285717,178.91428571428574,1035.928571428571,72.87142857142858,7.971428571428571,10.759569907484549
11.37142857142857,3.8,7.471428571428571,11.242857142857144,1.7285714285714284,6.271428571428571,89.01428571428572,0.24,71.42857142857143,7.142857142857143,0.0,17.728571428571428,230.68571428571428,1027.5,43.72857142857144,6.485714285714286,15.84762116845468
12.171428571428573,8.67142857142857,10.5,11.757142857142856,6.7,9.5,87.08571428571429,13.122285714285711,100.0,17.855714285714285,0.0,40.05714285714286,246.0142857142857,1011.4857142857144,88.34285714285714,9.571428571428571,-84.57158748359507
25.342857142857145,14.085714285714284,19.514285714285712,25.042857142857144,14.085714285714284,19.47142857142857,69.84285714285714,0.3045714285714285,42.85714285714285,2.381428571428572,0.0,17.87142857142857,114.44285714285716,1015.2428571428572,53.5,8.442857142857143,34.89198488937973
4.428571428571429,0.7857142857142857,2.6714285714285717,0.8142857142857143,-3.985714285714286,-1.3714285714285714,90.14285714285714,2.4001428571428574,100.0,9.527142857142858,0.0,27.47142857142857,206.6,995.8571428571428,61.34285714285714,9.242857142857144,0.7445382850162332
12.742857142857144,6.871428571428572,9.928571428571429,12.742857142857144,4.542857142857143,8.871428571428572,85.45714285714287,8.751285714285714,100.0,10.715714285714286,0.0,27.17142857142857,230.7142857142857,1016.0857142857144,57.01428571428572,10.94285714285714,-20.094254373024
5.514285714285714,1.2571428571428571,3.357142857142857,2.7857142857142856,-2.742857142857143,-0.057142857142857,86.35714285714286,1.350142857142857,57.142857142857146,4.1657142857142855,2.0,24.4,83.58571428571429,1019.4285714285714,79.91428571428571,10.5,-38.62819659595812
8.5,4.775,6.7,6.55,1.9,4.275,92.575,0.08125,75.0,5.21,0.0,21.05,166.125,1032.025,78.825,8.475,-15.18000634306759
18.085714285714285,12.828571428571427,15.385714285714286,18.085714285714285,12.828571428571427,15.385714285714286,88.42857142857143,3.564857142857143,100.0,8.927142857142858,0.0,22.928571428571427,213.8428571428572,1014.4142857142856,76.3,10.428571428571429,-49.35368956892546
14.542857142857144,7.3,10.728571428571428,14.542857142857144,4.971428571428571,9.728571428571428,81.74285714285715,0.4988571428571428,71.42857142857143,7.738571428571428,0.0,24.24285714285714,196.9142857142857,1020.6857142857142,48.65714285714286,12.028571428571428,33.04719440923827
16.7,11.4,13.885714285714286,16.7,10.685714285714283,13.8,84.62857142857142,1.7442857142857144,100.0,8.928571428571429,0.0,32.214285714285715,225.54285714285717,1009.9285714285714,58.642857142857146,12.314285714285717,14.63506284157711
18.185714285714287,10.142857142857142,13.742857142857144,18.185714285714287,9.514285714285714,13.62857142857143,80.27142857142857,0.5775714285714286,57.142857142857146,4.1657142857142855,0.0,25.514285714285712,257.1,1006.4714285714286,63.25714285714286,10.428571428571429,2.8601003104190568
16.142857142857142,10.971428571428572,13.457142857142856,16.142857142857142,10.971428571428572,13.457142857142856,86.94285714285715,3.4528571428571437,100.0,11.902857142857142,0.0,25.02857142857143,274.90000000000003,1005.2,66.35714285714286,10.757142857142856,45.16826927927809
8.914285714285715,3.5285714285714285,6.142857142857143,7.771428571428572,0.6,3.6714285714285713,85.60000000000001,0.0884285714285714,57.142857142857146,2.9771428571428573,0.0,27.24285714285714,225.0142857142857,1032.257142857143,66.77142857142857,11.414285714285716,-46.97153295691555
5.6000000000000005,0.6,2.9857142857142853,1.3714285714285714,-4.342857142857143,-1.8428571428571427,76.8142857142857,0.4605714285714286,71.42857142857143,5.355714285714286,1.0,33.98571428571429,23.74285714285714,1022.2857142857144,73.61428571428571,13.2,-58.07731239304872
6.7,0.9285714285714284,3.6,4.4,-3.1142857142857148,0.0714285714285714,88.71428571428571,6.603571428571429,85.71428571428571,10.714285714285714,6.32,37.58571428571429,193.28571428571428,1015.0,70.22857142857143,11.4,15.011568049072594
8.77142857142857,5.171428571428572,7.028571428571429,7.5,2.0142857142857142,5.028571428571429,94.78571428571428,0.9515714285714284,100.0,9.522857142857143,0.0285714285714285,23.314285714285717,266.18571428571425,1030.1714285714286,64.42857142857143,6.557142857142857,-20.739912423764054
22.17142857142857,14.985714285714286,18.1,22.32857142857143,14.985714285714286,18.114285714285717,81.27142857142857,1.8032857142857144,57.142857142857146,3.571428571428572,0.0,22.142857142857142,227.9714285714286,1020.2142857142856,71.54285714285714,9.8,-10.683377632494512
7.528571428571429,2.5285714285714285,5.0,4.828571428571428,-1.3000000000000005,1.6714285714285713,87.81428571428572,1.6780000000000002,85.71428571428571,7.738571428571428,0.0,31.042857142857144,259.1,1015.5428571428572,55.67142857142857,12.44285714285714,23.48512560604513
7.8428571428571425,1.5571428571428572,4.471428571428571,5.214285714285714,-2.0,1.3,78.48571428571428,0.867,85.71428571428571,5.357142857142857,0.0,23.9,181.2428571428572,1009.342857142857,60.25714285714286,17.1,21.347235156232276
11.157142857142857,4.957142857142857,8.085714285714285,10.671428571428573,1.6,5.971428571428571,82.42857142857143,2.875857142857143,85.71428571428571,10.12,0.0,31.442857142857147,203.58571428571423,1005.6714285714286,59.55714285714286,11.457142857142856,-5.178518703297414
9.142857142857142,5.428571428571429,7.485714285714286,7.114285714285714,1.3428571428571427,4.285714285714286,93.18571428571428,4.394571428571428,85.71428571428571,17.26142857142857,1.6142857142857143,34.31428571428572,238.6,1016.7428571428572,74.21428571428571,8.27142857142857,59.12726762826969
6.871428571428572,3.057142857142857,4.871428571428572,5.5,-0.8714285714285713,2.185714285714285,95.11428571428571,0.6729999999999999,57.142857142857146,4.167142857142857,0.0,25.87142857142857,115.7,1029.2285714285715,87.92857142857143,4.685714285714285,-13.772416105762204
19.47142857142857,13.885714285714286,16.214285714285715,19.47142857142857,13.885714285714286,16.214285714285715,87.14285714285714,1.1828571428571428,100.0,8.930000000000001,0.0,21.885714285714283,225.3857142857143,1014.7285714285716,57.642857142857146,11.185714285714283,-10.971881354382276
8.328571428571427,3.814285714285714,6.0,5.885714285714286,-0.4285714285714285,2.3857142857142857,84.34285714285714,2.155142857142857,100.0,13.095714285714283,0.0,34.614285714285714,249.25714285714284,1008.9571428571428,60.9,14.414285714285716,-75.21577060462391
8.342857142857143,4.185714285714286,6.3,5.857142857142857,-0.4428571428571429,2.542857142857143,81.75714285714285,1.4362857142857144,100.0,16.66857142857143,0.0,36.52857142857143,257.5,1007.6428571428572,49.82857142857143,12.671428571428573,-24.166701591001583
15.428571428571429,7.528571428571428,11.428571428571429,15.428571428571429,5.142857142857143,10.714285714285714,78.65714285714286,9.273714285714286,71.42857142857143,7.738571428571428,0.0,25.8,213.3142857142857,1018.5142857142856,55.785714285714285,11.314285714285711,38.11665393182364
3.4714285714285715,-1.2142857142857142,1.0857142857142856,0.9714285714285716,-4.785714285714286,-2.1142857142857143,95.64285714285714,0.2888571428571428,85.71428571428571,4.168571428571428,0.0,22.24285714285714,81.11428571428571,1039.8285714285714,75.0,2.314285714285714,67.47047412949246
5.271428571428571,1.157142857142857,2.942857142857143,1.2142857142857142,-3.757142857142857,-1.4428571428571428,86.51428571428572,0.4838571428571429,100.0,10.712857142857144,0.0,31.442857142857143,141.37142857142857,1011.4,64.95714285714286,13.028571428571428,7.840655758340745
9.842857142857142,3.8,6.771428571428571,8.571428571428571,0.8428571428571429,4.185714285714286,74.39999999999999,5.117999999999999,71.42857142857143,4.167142857142857,0.0,29.67142857142857,203.82857142857145,1014.4285714285714,75.38571428571429,9.728571428571428,56.25455679049946
15.257142857142856,8.828571428571427,11.94285714285714,15.257142857142856,7.942857142857143,11.728571428571428,86.12857142857142,0.2701428571428571,71.42857142857143,4.167142857142857,0.0,26.4,253.8857142857143,1016.657142857143,68.15714285714286,12.671428571428573,-60.19367044797764
14.87142857142857,6.628571428571428,10.957142857142856,14.87142857142857,3.942857142857143,9.657142857142857,77.75714285714285,1.0655714285714286,57.142857142857146,11.904285714285717,0.0,30.228571428571428,207.91428571428568,1013.9428571428572,52.08571428571429,12.642857142857142,-25.36121218867993
8.142857142857142,3.171428571428572,5.542857142857144,5.714285714285714,-0.1999999999999999,2.4428571428571426,91.77142857142856,3.767142857142857,100.0,26.192857142857147,0.0,25.514285714285712,196.75714285714284,1001.1428571428572,51.8,12.014285714285714,36.55248301998404
8.299999999999999,4.857142857142857,6.428571428571429,6.557142857142857,1.5714285714285714,3.8428571428571434,93.17142857142858,1.5792857142857142,85.71428571428571,8.930000000000001,0.0714285714285714,25.685714285714283,173.0,1020.157142857143,80.37142857142858,6.3,-64.03238222882169
19.52857142857143,12.37142857142857,15.642857142857142,19.52857142857143,12.37142857142857,15.642857142857142,84.58571428571429,1.288142857142857,42.85714285714285,2.381428571428572,0.0,17.02857142857143,211.3142857142857,1017.8142857142856,77.0,12.485714285714286,-13.02924939415675
6.028571428571429,-0.1714285714285714,2.914285714285714,4.042857142857143,-3.571428571428572,0.1571428571428572,85.5,0.5634285714285715,57.142857142857146,4.1657142857142855,0.0,18.542857142857144,81.72857142857143,1029.0857142857144,51.957142857142856,10.085714285714284,-7.527096962540327
18.985714285714288,13.44285714285714,15.771428571428572,18.985714285714288,13.44285714285714,15.771428571428572,89.08571428571429,4.677142857142856,100.0,12.501428571428573,0.0,16.95714285714286,214.82857142857145,1012.7571428571428,72.41428571428571,9.457142857142856,-37.65829903807151
11.857142857142858,4.1571428571428575,8.028571428571428,10.814285714285717,0.6428571428571429,5.328571428571428,69.38571428571429,0.5038571428571429,71.42857142857143,3.5728571428571425,0.0,36.35714285714285,269.45714285714286,1015.8714285714286,66.31428571428572,10.457142857142856,15.900026117387595
20.11428571428572,13.94285714285714,16.52857142857143,20.11428571428572,13.94285714285714,16.52857142857143,79.12857142857142,1.9855714285714288,85.71428571428571,11.905714285714286,0.0,27.314285714285717,209.88571428571427,1008.5714285714286,64.3,11.842857142857143,-14.498130496654994
6.728571428571429,1.4285714285714286,3.842857142857143,3.957142857142857,-1.6285714285714286,1.2714285714285716,72.87142857142857,0.004,14.285714285714286,0.5957142857142858,0.0,20.77142857142857,242.42857142857144,1027.4714285714283,60.17142857142857,13.185714285714283,-86.3323902569125
16.52857142857143,8.914285714285715,12.3,16.52857142857143,7.042857142857143,11.842857142857143,79.51428571428572,0.8774285714285714,71.42857142857143,10.12,0.0,24.057142857142857,153.0142857142857,1018.4142857142856,48.12857142857143,8.7,-5.708261589457948
15.485714285714286,9.542857142857144,12.342857142857143,15.485714285714286,7.614285714285714,11.87142857142857,88.97142857142856,8.860142857142858,100.0,10.118571428571428,0.0,31.185714285714287,85.64285714285714,1009.9571428571428,72.14285714285714,8.014285714285714,-13.34086391378105
8.057142857142857,2.8714285714285714,5.457142857142857,5.6571428571428575,-0.6714285714285714,2.414285714285714,79.67142857142858,0.5531428571428572,71.42857142857143,4.761428571428572,0.3,26.62857142857143,166.58571428571426,1021.1285714285714,85.28571428571429,12.357142857142858,9.671840137254094
7.271428571428572,2.442857142857143,5.285714285714286,4.814285714285715,-1.7571428571428571,1.9142857142857144,90.58571428571427,0.7655714285714286,57.142857142857146,2.9771428571428573,1.0,31.414285714285715,114.05714285714284,1015.6857142857144,78.2,8.2,35.9521766146629
16.271428571428572,10.528571428571428,13.37142857142857,16.271428571428572,9.985714285714286,13.214285714285714,87.2,2.4105714285714286,100.0,5.954285714285715,0.0,23.571428571428573,138.9,1015.0428571428572,72.08571428571429,9.114285714285714,-36.73168915608528
10.87142857142857,3.814285714285714,7.685714285714285,10.114285714285714,1.3,6.028571428571429,80.95714285714287,0.5424285714285714,100.0,6.547142857142857,0.0,21.442857142857143,241.68571428571428,1020.4571428571428,42.471428571428575,14.671428571428573,29.486225328330192
20.414285714285715,12.3,16.185714285714287,20.414285714285715,12.028571428571428,16.157142857142855,76.17142857142858,0.1475714285714285,57.142857142857146,2.9771428571428573,0.0,25.87142857142857,212.92857142857144,1018.4428571428572,49.72857142857144,10.271428571428572,-19.74074862297425
14.657142857142857,7.357142857142857,11.042857142857144,14.657142857142857,5.7,10.471428571428572,75.87142857142858,0.0,0.0,0.0,0.0,20.61428571428572,277.75714285714287,1016.0571428571428,65.18571428571428,15.12857142857143,-24.28081892021669
19.1,12.057142857142855,15.328571428571427,19.1,11.828571428571427,15.271428571428572,79.42857142857143,0.0502857142857142,28.571428571428573,2.381428571428572,0.0,19.97142857142857,171.34285714285716,1021.0,70.02857142857142,11.728571428571428,37.43053370253642
14.44285714285714,8.257142857142856,10.914285714285716,14.44285714285714,5.714285714285714,10.185714285714283,86.68571428571428,1.9887142857142857,57.142857142857146,5.358571428571429,0.0,24.342857142857145,132.67142857142858,1012.1428571428572,67.08571428571429,7.757142857142857,15.440091731755274
10.485714285714286,2.757142857142857,6.257142857142857,8.428571428571429,-6.344131569286607e-17,3.9,73.08571428571429,0.5797142857142857,42.85714285714285,1.7871428571428571,0.0,23.414285714285715,166.87142857142857,1015.6,53.0,10.614285714285714,-8.93046318055326
4.585714285714286,1.1999999999999995,3.0285714285714285,1.657142857142857,-3.842857142857143,-0.9857142857142858,83.98571428571428,1.4295714285714285,71.42857142857143,5.358571428571429,0.2428571428571428,27.928571428571427,213.67142857142852,1027.1285714285714,68.42857142857143,11.757142857142856,-3.3603820042449115
9.385714285714286,3.6571428571428575,6.542857142857143,6.928571428571429,-0.3857142857142857,3.6,81.7,1.0312857142857144,57.142857142857146,3.571428571428572,4.566666666666666,30.77142857142857,172.71428571428572,1013.4285714285714,86.04285714285713,16.54285714285714,-2.152598338454027
16.4,12.0,14.357142857142858,16.4,12.0,14.357142857142858,90.22857142857144,2.6515714285714287,71.42857142857143,4.761428571428572,0.0,30.785714285714285,227.3428571428572,1005.4142857142858,70.95714285714286,12.114285714285714,1.769338757134847
9.428571428571429,4.642857142857143,7.257142857142857,8.214285714285714,0.8285714285714284,4.342857142857143,88.18571428571428,0.9992857142857144,85.71428571428571,5.951428571428571,0.0,42.42857142857143,235.3857142857143,1008.7428571428572,74.87142857142858,12.2,-42.77765696526467
12.485714285714284,7.785714285714286,10.228571428571428,11.985714285714286,5.371428571428572,8.985714285714286,88.67142857142858,6.379,100.0,10.714285714285714,0.0,30.428571428571427,229.4,1012.6142857142858,67.24285714285715,11.257142857142856,-24.89261896366247
2.3428571428571425,-1.1999999999999995,0.2857142857142857,-0.7000000000000001,-6.3,-3.7,87.62857142857142,0.0641428571428571,57.142857142857146,2.9771428571428573,0.0,23.77142857142857,91.92857142857144,1025.7285714285715,74.07142857142857,6.9,14.220883465812904
14.614285714285714,7.928571428571429,11.071428571428571,14.614285714285714,6.171428571428572,10.2,84.18571428571428,3.181857142857143,100.0,5.3585714285714285,0.0,27.285714285714285,166.44285714285712,1011.157142857143,77.78571428571429,15.885714285714284,0.1274689497382723
6.4,1.6714285714285713,3.971428571428571,3.642857142857143,-2.357142857142857,0.8285714285714285,75.65714285714286,0.1108571428571428,14.285714285714286,0.5957142857142858,0.0,23.842857142857145,263.74285714285713,1025.9428571428573,76.57142857142857,13.7,6.265641845487153
9.314285714285717,2.657142857142857,6.042857142857143,7.914285714285714,-0.1714285714285715,3.971428571428571,88.0,0.6812857142857143,100.0,7.737142857142857,0.0,18.585714285714285,222.7428571428572,1030.8714285714286,64.9,11.5,-0.720104195449494
11.528571428571428,7.6,9.4,11.528571428571428,4.885714285714286,7.857142857142857,90.72857142857144,7.836571428571429,100.0,13.691428571428572,0.0,28.65714285714285,203.78571428571428,993.4285714285714,68.4,10.957142857142856,11.032877182812626
7.042857142857143,0.7714285714285714,3.742857142857143,3.142857142857143,-5.485714285714286,-1.2142857142857142,75.14285714285714,0.4938571428571428,28.571428571428573,3.571428571428572,0.0,36.15714285714286,81.38571428571429,1008.657142857143,74.94285714285715,10.0,25.940547060007702
19.014285714285712,10.8,14.885714285714286,19.014285714285712,10.714285714285714,14.857142857142858,76.38571428571429,0.1624285714285714,14.285714285714286,1.19,0.0,19.385714285714283,252.6,1017.5857142857144,74.10000000000001,16.057142857142857,-33.605457542383874
17.185714285714287,9.671428571428573,13.55714285714286,17.185714285714287,9.485714285714286,13.528571428571428,73.58571428571429,0.9037142857142858,57.142857142857146,4.1657142857142855,0.0,21.014285714285712,226.05714285714288,1011.6428571428572,72.1,19.342857142857145,-35.04200264735789
13.1,7.985714285714286,10.614285714285714,13.1,6.428571428571429,10.071428571428571,89.67142857142858,0.5477142857142857,57.142857142857146,2.9771428571428573,0.0,17.185714285714287,244.6142857142857,1022.0142857142856,80.94285714285715,11.55714285714286,-34.67703883075217
17.37142857142857,11.55714285714286,14.242857142857144,17.37142857142857,11.428571428571429,14.242857142857144,82.67142857142858,1.9317142857142853,100.0,10.714285714285714,0.0,27.885714285714283,249.3571428571429,1011.7142857142856,61.88571428571429,11.985714285714286,-15.796203465897634
23.62857142857143,12.457142857142856,17.985714285714288,23.485714285714288,12.457142857142856,17.97142857142857,67.75714285714285,0.0612857142857142,28.571428571428573,1.1914285714285715,0.0,23.47142857142857,247.78571428571428,1019.0285714285714,44.385714285714286,12.55714285714286,33.30067305848479
19.2,13.12857142857143,15.785714285714286,19.2,13.12857142857143,15.785714285714286,86.60000000000001,1.812,85.71428571428571,10.118571428571428,0.0,23.11428571428572,228.2428571428572,1018.2,62.04285714285714,10.885714285714286,53.39998514028434
10.271428571428572,3.271428571428572,6.342857142857143,8.6,-1.0142857142857142,2.942857142857143,80.42857142857143,0.1791428571428571,57.142857142857146,2.9771428571428573,0.0,36.8,229.57142857142856,1020.0142857142856,73.48571428571428,12.94285714285714,-21.95506768791074
18.185714285714287,10.828571428571427,14.142857142857142,18.185714285714287,10.414285714285716,14.071428571428571,78.98571428571428,1.7321428571428572,71.42857142857143,5.357142857142857,0.0,22.728571428571428,244.8857142857143,1021.2142857142856,67.81428571428572,11.271428571428572,-7.9926129220172015
11.957142857142856,4.3,7.928571428571429,11.014285714285714,0.8714285714285713,5.628571428571428,76.05714285714285,6.268857142857143,42.85714285714285,2.381428571428572,0.0,25.62857142857143,110.31428571428572,1020.2,68.58571428571429,7.685714285714285,-21.65664499229933
15.3,10.171428571428573,12.5,15.3,9.7,12.4,86.48571428571428,2.3355714285714284,100.0,12.5,0.0,25.27142857142857,209.0142857142857,1009.2857142857144,79.05714285714285,11.0,15.770457800241276
14.228571428571428,8.342857142857143,11.62857142857143,14.228571428571428,6.785714285714286,11.228571428571428,80.61428571428571,10.54857142857143,85.71428571428571,5.3585714285714285,0.0,33.08571428571428,253.22857142857143,1008.3142857142856,62.72857142857144,13.814285714285717,45.05589575337342
5.357142857142857,0.3285714285714287,2.9857142857142853,4.614285714285715,-2.4714285714285715,0.7714285714285714,92.97142857142856,0.0731428571428571,57.142857142857146,3.571428571428572,199.0,23.3,164.79999999999998,1022.1285714285714,64.3,10.114285714285714,5.843868729172755
9.928571428571429,6.757142857142857,8.042857142857143,9.157142857142857,3.542857142857143,5.557142857142857,94.12857142857142,1.783,85.71428571428571,10.118571428571428,0.0,21.485714285714288,118.94285714285716,1009.2142857142856,80.35714285714286,6.171428571428572,-47.18451203052996
20.385714285714283,11.0,15.714285714285714,20.385714285714283,10.842857142857143,15.714285714285714,75.17142857142858,1.951142857142857,42.85714285714285,1.7871428571428571,0.0,23.914285714285715,199.78571428571428,1018.6142857142858,52.21428571428572,13.785714285714286,5.348334264763025
15.142857142857142,8.128571428571428,11.7,15.142857142857142,6.985714285714286,11.257142857142856,85.75714285714285,0.2442857142857142,57.142857142857146,2.9771428571428573,0.0,20.385714285714283,247.14285714285717,1023.7142857142856,79.02857142857144,15.3,12.50717456310656
16.0,9.342857142857143,12.614285714285714,16.0,7.399999999999999,12.142857142857142,80.39999999999999,1.2134285714285713,71.42857142857143,3.5728571428571425,0.0,28.257142857142856,278.18571428571425,1009.1714285714286,69.32857142857144,18.085714285714285,19.573655557797224
7.628571428571428,2.9857142857142853,5.4,4.457142857142857,-1.2857142857142858,1.6714285714285713,90.22857142857144,1.0755714285714286,100.0,7.735714285714286,0.0,35.15714285714286,240.8857142857143,1008.4285714285714,72.28571428571429,12.414285714285716,12.988687157986078
13.2,7.928571428571429,10.5,13.2,5.571428571428571,9.6,88.39999999999999,8.034428571428572,100.0,13.095714285714283,0.0142857142857142,35.72857142857143,236.47142857142856,1005.4285714285714,77.34285714285714,9.328571428571427,8.899146630087557
16.942857142857143,12.428571428571429,14.428571428571429,16.942857142857143,12.428571428571429,14.428571428571429,91.11428571428571,1.9495714285714285,85.71428571428571,6.548571428571429,0.0,20.642857142857142,135.54285714285714,1018.3285714285714,65.48571428571428,8.085714285714285,63.12521582634554
8.457142857142857,3.4857142857142853,5.957142857142857,5.985714285714286,0.9,3.5142857142857147,89.27142857142857,3.5907142857142853,100.0,13.691428571428572,0.0,25.228571428571428,228.67142857142855,1002.0571428571428,64.1,11.285714285714286,-56.05929358572666
7.114285714285714,2.0,4.271428571428571,4.685714285714286,-2.4714285714285715,0.3571428571428571,87.55714285714285,6.747,100.0,29.762857142857143,0.0,32.642857142857146,233.55714285714288,998.9428571428572,58.24285714285714,11.642857142857142,107.88223281617276
14.37142857142857,8.014285714285714,11.2,14.37142857142857,6.457142857142857,10.714285714285714,81.05714285714285,24.732,100.0,30.954285714285717,0.0,29.0,200.37142857142857,1004.3142857142856,48.02857142857143,11.12857142857143,13.208010755623263
6.571428571428571,1.2571428571428571,4.014285714285714,3.257142857142857,-2.7285714285714286,0.2857142857142857,85.10000000000001,1.7825714285714285,85.71428571428571,8.928571428571429,15.0,25.985714285714288,245.7142857142857,1009.1714285714286,62.75714285714286,11.142857142857142,20.568080044564567
12.728571428571428,8.571428571428571,10.4,12.228571428571428,6.685714285714285,9.228571428571428,86.72857142857143,0.0201428571428571,28.571428571428573,1.1914285714285715,0.0,24.942857142857143,86.61428571428571,1018.2142857142856,68.45714285714286,8.5,-32.26800893383927
20.185714285714287,10.114285714285714,15.3,20.185714285714287,8.914285714285715,15.014285714285714,66.27142857142857,0.7471428571428572,28.571428571428573,1.1914285714285715,0.0,22.714285714285715,161.9857142857143,1016.3285714285714,31.942857142857143,11.271428571428572,0.1869919019943609
9.057142857142855,5.485714285714286,7.2,6.6571428571428575,2.142857142857143,4.185714285714286,89.3,2.949142857142857,100.0,7.735714285714286,0.0,31.485714285714288,186.8142857142857,986.9428571428572,73.92857142857143,16.04285714285714,90.04937403621057
15.171428571428573,9.785714285714286,12.271428571428572,15.171428571428573,8.385714285714286,11.971428571428572,84.37142857142858,1.0618571428571428,71.42857142857143,4.167142857142857,0.0,27.1,224.40000000000003,1014.157142857143,71.54285714285713,10.571428571428571,25.58413754114872
17.0,12.2,14.485714285714286,17.0,12.2,14.485714285714286,86.60000000000001,2.391142857142857,100.0,19.64428571428571,0.0,30.442857142857143,227.82857142857145,1008.7428571428572,73.92857142857143,10.785714285714286,-30.43135072127029
16.17142857142857,5.2,11.3,16.17142857142857,2.457142857142857,10.314285714285717,63.62857142857143,0.0407142857142857,28.571428571428573,1.1914285714285715,0.0,19.642857142857142,113.54285714285716,1026.0285714285717,39.88571428571429,12.485714285714286,-25.441860058154816
19.8,12.7,15.914285714285716,19.8,12.7,15.914285714285716,81.58571428571429,0.8218571428571428,71.42857142857143,4.167142857142857,0.0,25.514285714285712,108.52857142857144,1012.2142857142856,81.95714285714287,8.957142857142857,-76.28043653405712
19.571428571428573,8.657142857142857,13.94285714285714,19.571428571428573,7.828571428571428,13.728571428571428,66.32857142857144,0.1002857142857142,14.285714285714286,0.5957142857142858,0.0,22.62857142857143,171.4857142857143,1023.4285714285714,58.84285714285714,10.585714285714284,-36.5347581374989
7.428571428571429,2.3285714285714287,4.557142857142857,4.471428571428571,-2.085714285714286,1.1428571428571428,94.97142857142856,1.000857142857143,71.42857142857143,4.761428571428572,0.0,26.65714285714285,109.24285714285716,1011.5285714285714,83.39999999999999,4.257142857142857,-33.98437309769156
8.1,3.5285714285714285,6.257142857142857,5.814285714285715,-0.0857142857142857,2.8428571428571425,85.10000000000001,0.0,0.0,0.0,0.0,32.82857142857143,254.5,1022.2428571428572,83.01428571428572,9.94285714285714,93.23604958677402
6.857142857142857,2.357142857142857,5.028571428571429,4.114285714285715,-1.7714285714285711,1.5285714285714285,86.75714285714285,1.2002857142857144,42.85714285714285,2.381428571428572,0.0,28.928571428571427,226.3142857142857,1021.0142857142856,79.22857142857143,11.971428571428572,-18.259832965312626
12.94285714285714,4.271428571428571,9.085714285714284,12.94285714285714,2.628571428571429,8.071428571428571,75.42857142857143,0.0018571428571428,14.285714285714286,0.5957142857142858,0.0,22.1,265.0571428571429,1024.9142857142856,38.885714285714286,12.457142857142856,-7.630657178397769
18.32857142857143,10.957142857142856,14.571428571428571,18.32857142857143,10.671428571428573,14.514285714285714,81.95714285714287,0.819,100.0,8.335714285714285,0.0,27.1,280.42857142857144,1018.3571428571428,72.48571428571428,16.071428571428573,-11.654244666780189
9.742857142857144,4.957142857142857,7.228571428571429,8.457142857142857,0.2285714285714285,3.7714285714285714,87.94285714285715,1.4374285714285715,100.0,6.547142857142857,0.0,43.371428571428574,228.8857142857143,1000.8857142857142,70.91428571428571,12.757142857142856,-18.45823970454967
15.05714285714286,10.37142857142857,12.228571428571428,15.05714285714286,9.62857142857143,12.114285714285714,88.22857142857143,3.335142857142857,100.0,8.928571428571429,0.0,25.442857142857143,135.0142857142857,1011.3857142857142,59.75714285714286,9.2,-22.80198302400049
7.957142857142856,4.542857142857143,6.3,6.485714285714286,0.9571428571428572,3.628571428571429,90.98571428571428,2.462,42.85714285714285,2.975714285714285,0.0,24.9,172.6142857142857,1017.7,78.7,6.542857142857143,11.63592826660124
9.314285714285717,5.571428571428571,7.285714285714286,7.6571428571428575,2.314285714285714,4.557142857142857,86.34285714285714,0.0091428571428571,14.285714285714286,0.5957142857142858,0.0,25.1,176.6142857142857,1022.4142857142856,84.35714285714286,12.814285714285717,-21.7394028601866
23.6,12.671428571428573,17.914285714285715,23.642857142857142,12.671428571428573,17.914285714285715,69.94285714285715,0.0151428571428571,28.571428571428573,1.1914285714285715,0.0,16.900000000000002,196.7,1019.8571428571428,21.942857142857143,14.55714285714286,26.23769672002584
6.742857142857143,1.3714285714285714,4.371428571428571,3.814285714285714,-1.9285714285714288,1.1571428571428573,86.85714285714286,1.2027142857142858,100.0,10.12,0.0,24.714285714285715,209.1,1023.7285714285716,61.42857142857143,11.214285714285714,295.47721847301045
11.028571428571428,5.4,8.314285714285715,10.114285714285714,2.857142857142857,6.328571428571428,92.67142857142856,0.5808571428571428,85.71428571428571,7.142857142857143,0.0,25.24285714285714,242.58571428571423,1024.357142857143,75.74285714285715,7.542857142857143,-45.79221626276217
9.8,6.571428571428571,8.17142857142857,8.414285714285715,3.8285714285714287,6.057142857142857,94.75714285714284,3.1462857142857144,100.0,20.238571428571426,0.0,19.77142857142857,110.61428571428571,1005.4285714285714,87.88571428571429,5.371428571428572,7.151190986559868
7.471428571428571,3.2285714285714286,5.514285714285714,5.371428571428572,-1.2142857142857142,1.9428571428571428,91.74285714285716,1.126,57.142857142857146,5.358571428571429,0.0142857142857142,31.485714285714288,176.1285714285714,1016.7285714285716,56.44285714285714,10.357142857142858,20.3391604283388
4.285714285714286,-1.3714285714285714,1.2571428571428571,0.5285714285714286,-6.385714285714286,-3.1714285714285717,77.27142857142857,0.1524285714285714,71.42857142857143,4.761428571428572,0.0,30.085714285714285,177.34285714285713,1011.2285714285716,59.67142857142857,11.085714285714284,-23.60708080451809
16.571428571428573,12.314285714285717,14.214285714285714,16.571428571428573,12.314285714285717,14.214285714285714,85.3,4.015571428571429,100.0,14.881428571428572,0.0,30.157142857142865,203.72857142857143,1004.5571428571428,73.94285714285715,12.642857142857142,7.694087971383851
5.514285714285713,0.6571428571428573,3.2428571428571438,1.871428571428572,-3.5,-0.5857142857142857,83.38571428571429,1.7422857142857142,85.71428571428571,5.951428571428571,0.0,28.12857142857143,185.22857142857143,1012.7428571428572,59.9,10.385714285714286,3.882627042590229
18.714285714285715,11.4,15.0,18.714285714285715,11.4,15.0,76.55714285714285,0.1665714285714285,57.142857142857146,4.168571428571428,0.0,21.514285714285712,247.25714285714284,1017.7142857142856,46.642857142857146,11.728571428571428,-41.12018346644561
7.485714285714286,2.9285714285714284,5.471428571428571,5.442857142857143,-0.0571428571428571,3.071428571428572,84.21428571428571,0.1002857142857143,42.85714285714285,1.7871428571428571,0.0,20.728571428571428,245.47142857142856,1030.1142857142856,65.14285714285714,11.7,23.27810060274851
9.62857142857143,3.1142857142857143,6.1000000000000005,8.6,-0.1142857142857142,3.5,77.2,1.2168571428571429,100.0,5.952857142857143,0.0,23.62857142857143,204.87142857142857,1005.5285714285714,63.371428571428574,12.028571428571428,-4.799788294112886
8.72857142857143,3.4285714285714284,6.442857142857142,6.614285714285714,0.5428571428571428,3.8428571428571434,94.18571428571428,2.35,100.0,11.907142857142857,0.0,26.357142857142858,205.9857142857143,1020.5571428571428,67.1,9.514285714285714,-13.280181617765264
14.314285714285717,3.3428571428571425,8.9,14.314285714285717,1.9428571428571428,7.899999999999999,72.9,0.2755714285714286,42.85714285714285,2.381428571428572,0.0,20.67142857142857,232.17142857142855,1016.2142857142856,49.07142857142857,14.728571428571428,19.740564797882485
19.557142857142857,13.614285714285714,16.271428571428572,19.557142857142857,13.614285714285714,16.271428571428572,83.47142857142856,0.1205714285714285,42.85714285714285,2.381428571428572,0.0,25.542857142857144,258.0285714285714,1018.1,73.42857142857143,13.87142857142857,-16.80776093239399
7.014285714285714,1.3857142857142857,3.742857142857143,2.9714285714285715,-3.828571428571428,-0.7571428571428571,75.35714285714286,0.5365714285714286,71.42857142857143,4.167142857142857,0.8333333333333334,38.6,258.9,1002.0714285714286,53.01428571428572,18.457142857142856,-28.461542673068838
18.25714285714286,12.771428571428572,15.142857142857142,18.25714285714286,12.771428571428572,15.142857142857142,85.10000000000001,1.401,85.71428571428571,5.357142857142857,0.0,27.0,253.4857142857143,1015.157142857143,81.45714285714287,11.214285714285714,-14.254009211915443
3.314285714285714,0.5,1.9714285714285715,1.8142857142857145,-3.4,-0.6857142857142857,97.4,0.0829999999999999,71.42857142857143,3.5728571428571425,0.0,17.157142857142855,75.64285714285714,1018.4,89.89999999999999,3.257142857142857,-33.80495073893485
9.114285714285716,5.2,7.3428571428571425,7.742857142857143,1.5142857142857142,4.857142857142857,95.1,8.033,100.0,12.5,0.0,29.857142857142858,236.94285714285712,997.9714285714286,87.08571428571429,9.242857142857144,24.011130431681977
21.12857142857143,12.514285714285714,16.9,21.12857142857143,12.385714285714286,16.885714285714286,76.62857142857142,0.1197142857142857,42.85714285714285,2.381428571428572,0.0,17.728571428571428,181.7142857142857,1022.0714285714286,66.78571428571429,18.885714285714283,-6.198136445490604
-0.4571428571428572,-5.242857142857143,-2.571428571428572,-5.428571428571429,-11.828571428571427,-8.385714285714284,88.05714285714285,0.0095714285714285,14.285714285714286,0.5957142857142858,0.0,28.042857142857144,44.52857142857143,1020.3714285714286,60.84285714285714,10.4,317.79738647452314
16.285714285714285,8.6,12.214285714285714,16.285714285714285,7.114285714285714,11.771428571428572,84.65714285714286,0.1961428571428571,28.571428571428573,2.38,0.0,19.185714285714287,154.54285714285714,1016.1142857142858,62.84285714285714,8.128571428571428,-14.527046173685449
20.47142857142857,11.157142857142857,15.514285714285716,20.47142857142857,10.557142857142855,15.4,78.74285714285715,0.0148571428571428,14.285714285714286,0.5957142857142858,0.0,24.385714285714283,220.7,1017.2428571428572,50.9,14.785714285714286,-31.618621963544115
9.9,6.028571428571429,7.971428571428572,7.885714285714286,2.957142857142857,5.571428571428571,86.44285714285715,0.0,0.0,0.0,0.0,36.82857142857143,232.55714285714288,1003.8714285714286,74.05714285714285,12.9,65.92138352765483
17.571428571428573,11.471428571428572,14.37142857142857,17.571428571428573,11.328571428571427,14.357142857142858,81.98571428571428,4.543857142857143,100.0,28.57,0.0,28.82857142857143,252.0142857142857,1007.7285714285716,53.0,11.37142857142857,-22.888858299267557
19.25714285714286,10.671428571428573,14.9,19.25714285714286,10.285714285714286,14.842857142857143,77.42857142857143,1.9294285714285715,42.85714285714285,2.975714285714285,0.0,19.74285714285714,235.4857142857143,1017.5571428571428,39.62857142857143,11.242857142857144,-32.742779976464135
17.928571428571427,12.814285714285717,15.171428571428573,17.928571428571427,12.814285714285717,15.171428571428573,83.58571428571429,1.4961428571428572,85.71428571428571,6.547142857142857,0.0,23.5,246.6,1007.1285714285714,88.17142857142858,18.114285714285717,-28.98679923408565
8.085714285714285,1.4714285714285715,4.471428571428572,5.057142857142857,-2.6142857142857143,0.557142857142857,76.95714285714287,1.4152857142857145,100.0,13.69,0.0,32.2,283.2857142857143,1001.5857142857144,55.614285714285714,10.957142857142856,14.160214601351754
16.8,10.7,13.9,16.8,10.485714285714286,13.842857142857143,82.75714285714285,0.467,71.42857142857143,5.355714285714286,0.0,27.385714285714283,257.68571428571425,1011.0571428571428,75.47142857142856,15.94285714285714,-24.23032233739309
14.514285714285714,7.485714285714286,10.985714285714286,14.514285714285714,4.742857142857143,9.94285714285714,76.47142857142856,0.9051428571428572,57.142857142857146,9.524285714285714,0.0,34.385714285714286,232.8142857142857,1018.4142857142856,52.67142857142857,13.014285714285714,-12.04357505750147
10.44285714285714,6.0,8.257142857142856,9.757142857142856,2.8428571428571425,6.214285714285714,85.22857142857143,0.8347142857142857,85.71428571428571,7.737142857142857,0.0,29.51428571428572,210.3857142857143,1009.5,62.385714285714286,20.414285714285715,-8.643958509418098
16.54285714285714,9.9,13.185714285714283,16.54285714285714,9.0,13.014285714285714,77.68571428571428,1.692714285714286,71.42857142857143,7.141428571428572,0.1142857142857143,27.428571428571427,258.1714285714286,1010.8142857142856,53.67142857142857,10.157142857142857,14.958206940100354
17.557142857142857,10.314285714285717,13.857142857142858,17.557142857142857,9.6,13.614285714285714,84.64285714285714,1.3671428571428572,71.42857142857143,4.761428571428572,0.0,27.714285714285715,198.55714285714288,1007.4142857142856,64.97142857142856,17.228571428571428,-17.830583284350155
10.428571428571429,6.914285714285714,8.928571428571429,10.157142857142857,5.342857142857143,8.185714285714285,89.07142857142857,0.1539999999999999,57.142857142857146,3.571428571428572,0.0,27.37142857142857,206.6,1023.4714285714286,92.37142857142858,7.942857142857143,25.2198364507949
29.357142857142858,16.97142857142857,23.142857142857142,29.814285714285717,16.97142857142857,23.32857142857143,68.08571428571427,0.0,0.0,0.0,0.0,16.614285714285714,155.27142857142857,1021.1142857142858,24.2,5.342857142857143,93.34844270597124
8.185714285714285,4.085714285714286,6.257142857142857,5.7,0.1714285714285714,3.128571428571429,87.57142857142857,1.6207142857142856,57.142857142857146,3.571428571428572,0.0,32.114285714285714,146.04285714285714,1011.8,78.85714285714286,11.971428571428572,224.4999999999934
20.9,13.928571428571429,17.02857142857143,20.9,13.928571428571429,17.02857142857143,77.28571428571429,0.1939999999999999,71.42857142857143,5.355714285714286,0.0,24.9,298.3,1020.1714285714286,59.15714285714286,11.328571428571427,14.41368360723436
11.8,3.271428571428572,7.485714285714286,11.042857142857144,0.5285714285714286,5.214285714285714,73.65714285714286,0.4082857142857143,71.42857142857143,3.5728571428571425,0.0,25.528571428571432,41.07142857142857,1015.2285714285716,60.957142857142856,9.785714285714286,-29.84328701698269
11.257142857142856,5.857142857142857,8.742857142857142,10.714285714285714,3.3428571428571425,7.0,82.34285714285714,2.6990000000000003,85.71428571428571,6.547142857142857,0.0,37.58571428571429,223.95714285714288,1011.4428571428572,73.91428571428571,11.028571428571428,2.764516921797167
2.0,-2.628571428571429,-0.2857142857142857,-0.4428571428571429,-6.3,-3.657142857142857,93.1,0.3911428571428571,71.42857142857143,4.764285714285714,0.0,17.885714285714286,173.57142857142858,1013.657142857143,60.74285714285714,8.242857142857142,7.970878984520823
6.342857142857143,0.8857142857142858,3.5,4.128571428571428,-1.5714285714285714,0.9285714285714286,77.7,0.0,0.0,0.0,0.0,20.085714285714285,98.85714285714286,1013.4142857142856,87.78571428571429,4.357142857142857,8.761332502759387
15.0,9.414285714285716,12.028571428571428,15.0,8.142857142857142,11.671428571428573,86.2,3.455142857142857,100.0,13.095714285714283,0.0,35.57142857142857,263.54285714285714,1002.6857142857144,51.2,10.828571428571427,-11.565345039055272
17.228571428571428,8.157142857142857,12.685714285714283,17.228571428571428,6.485714285714286,12.05714285714286,77.81428571428572,0.1844285714285714,42.85714285714285,2.9771428571428573,0.0,20.357142857142858,215.4142857142857,1016.4571428571428,46.3,9.87142857142857,-5.5062849211323055
23.314285714285717,13.9,18.014285714285712,23.314285714285717,13.9,18.014285714285712,78.04285714285716,0.0148571428571428,14.285714285714286,0.5957142857142858,0.0,16.75714285714286,198.5142857142857,1013.2714285714284,58.114285714285714,9.62857142857143,6.050579507250063
11.94285714285714,3.514285714285714,7.2,10.814285714285717,-1.1,4.071428571428571,73.0,0.2284285714285714,28.571428571428573,1.7857142857142858,0.0,32.58571428571428,74.6,1025.6571428571428,45.957142857142856,9.785714285714286,-26.6267805626303
5.485714285714286,0.6571428571428571,3.0142857142857147,2.5285714285714285,-4.128571428571428,-0.8285714285714285,94.1,0.511,71.42857142857143,7.7371428571428575,0.0428571428571428,26.61428571428572,83.38571428571429,1015.3857142857142,67.41428571428571,7.557142857142857,49.97769897460989
8.842857142857143,2.7857142857142856,5.871428571428572,6.814285714285715,-1.1428571428571428,2.128571428571429,79.87142857142858,0.3261428571428572,71.42857142857143,8.334285714285715,0.0,37.01428571428572,268.87142857142857,1018.1714285714286,58.37142857142857,10.928571428571429,13.4468453545594
18.842857142857145,12.571428571428571,15.514285714285714,18.842857142857145,12.571428571428571,15.514285714285714,83.68571428571428,1.0718571428571428,42.85714285714285,2.975714285714285,0.0,21.6,226.25714285714284,1014.4142857142856,69.87142857142858,8.785714285714286,32.15420616190738
24.442857142857143,15.3,19.7,24.414285714285715,15.3,19.7,73.87142857142858,0.7168571428571429,57.142857142857146,2.9771428571428573,0.0,18.314285714285717,170.67142857142858,1017.5,52.31428571428571,11.571428571428571,40.83899859061876
12.7,6.671428571428571,9.485714285714286,12.171428571428573,3.5285714285714285,7.642857142857143,83.72857142857143,1.1880000000000002,57.142857142857146,2.9771428571428573,0.0,27.61428571428572,82.94285714285715,1007.3571428571428,85.17142857142858,9.885714285714286,11.963115897466537
8.785714285714286,4.385714285714285,6.528571428571428,6.128571428571428,0.3857142857142857,3.185714285714286,84.54285714285713,1.9958571428571428,85.71428571428571,5.951428571428571,101.0,36.957142857142856,197.87142857142857,1000.7857142857144,72.52857142857142,11.028571428571428,-60.09861725104588
9.757142857142856,4.428571428571429,7.057142857142857,7.828571428571428,0.7999999999999999,3.814285714285714,89.67142857142858,1.1185714285714283,85.71428571428571,11.905714285714286,0.0,32.114285714285714,241.7142857142857,1013.6142857142858,73.71428571428571,9.914285714285716,-12.84637364991761
7.814285714285715,3.971428571428572,5.728571428571429,6.342857142857143,1.6428571428571428,3.7714285714285714,90.4,0.1892857142857142,57.142857142857146,4.167142857142857,0.0,16.157142857142855,223.8428571428572,1028.0285714285717,77.60000000000001,8.757142857142856,-32.325112382013685
9.0,4.5,7.2,6.971428571428571,1.1285714285714286,4.071428571428571,82.54285714285713,0.7874285714285714,71.42857142857143,4.761428571428572,0.0,31.571428571428573,271.87142857142857,1019.3571428571428,77.41428571428571,12.742857142857144,-43.07032237462931
16.614285714285714,9.571428571428571,12.885714285714286,16.614285714285714,8.857142857142858,12.8,81.10000000000001,2.021857142857143,71.42857142857143,5.357142857142857,0.0,14.357142857142858,140.08571428571426,1023.1142857142858,36.957142857142856,9.228571428571428,16.08072977430777
19.228571428571428,13.357142857142858,16.285714285714285,19.228571428571428,13.3,16.285714285714285,87.60000000000001,2.965428571428572,71.42857142857143,13.691428571428572,0.0,26.1,232.08571428571423,1015.2142857142856,75.17142857142858,11.242857142857144,-36.21805414557457
11.9,7.528571428571429,9.542857142857144,11.62857142857143,5.214285714285714,8.142857142857142,92.32857142857142,1.1489999999999998,85.71428571428571,6.547142857142857,0.0,21.571428571428573,139.21428571428572,1022.4142857142856,82.41428571428571,7.928571428571429,-11.4427982481061
5.214285714285714,0.7,3.042857142857143,3.628571428571429,-2.9285714285714284,0.3857142857142856,91.75714285714284,0.7702857142857142,71.42857142857143,3.5728571428571425,0.0,21.342857142857145,145.29999999999998,1025.2857142857142,79.37142857142858,5.814285714285715,41.13920344760777
16.8,11.328571428571427,14.114285714285714,16.8,10.685714285714283,14.014285714285714,84.32857142857142,0.1001428571428571,71.42857142857143,2.9785714285714286,0.0,23.571428571428573,232.2142857142857,1018.657142857143,84.34285714285714,16.8,48.07073351055942
18.514285714285712,11.657142857142857,15.0,18.514285714285712,11.285714285714286,14.928571428571429,82.78571428571429,0.2882857142857142,85.71428571428571,4.762857142857143,0.0,22.185714285714283,230.4,1017.4142857142856,78.92857142857143,17.085714285714285,-50.9110520919204
19.37142857142857,13.457142857142856,16.057142857142857,19.37142857142857,13.457142857142856,16.057142857142857,85.17142857142858,2.111142857142857,85.71428571428571,17.857142857142858,0.0,16.7,213.3857142857143,1016.8714285714286,56.24285714285714,10.028571428571428,-2.774522054095087
4.2,0.1714285714285714,2.157142857142857,1.3571428571428572,-3.3428571428571425,-1.042857142857143,89.3,2.207,100.0,10.714285714285714,0.0,19.27142857142857,172.29999999999998,1001.842857142857,74.64285714285714,8.671428571428573,27.15072633982527
20.6,11.285714285714286,15.614285714285714,20.6,10.714285714285714,15.585714285714284,70.6,0.7664285714285715,14.285714285714286,0.5957142857142858,0.0,27.37142857142857,235.72857142857143,1022.9142857142856,62.785714285714285,14.085714285714284,-25.05957641859891
8.885714285714286,5.014285714285714,6.9,6.6571428571428575,1.5714285714285714,3.914285714285714,89.28571428571429,4.562571428571429,100.0,14.287142857142856,0.0,29.228571428571428,201.2142857142857,989.4857142857144,74.5,9.87142857142857,22.36191652827256
18.82857142857143,12.55714285714286,15.657142857142857,18.82857142857143,12.357142857142858,15.642857142857142,82.0,1.2285714285714284,71.42857142857143,7.7371428571428575,0.0,24.314285714285717,245.27142857142857,1019.657142857143,54.62857142857143,12.342857142857143,-11.33059361530968
21.74285714285714,10.8,16.1,21.74285714285714,10.8,16.1,75.27142857142857,0.7255714285714285,14.285714285714286,1.19,0.0,19.371428571428574,192.02857142857144,1017.5142857142856,56.81428571428571,9.028571428571428,-2.7364108194756227
11.671428571428573,3.942857142857143,7.728571428571429,10.55714285714286,1.2571428571428571,5.9,71.37142857142858,0.387,71.42857142857143,8.332857142857142,0.0,21.985714285714288,261.7285714285714,1020.7714285714284,55.55714285714286,12.385714285714286,-32.70749963626122
8.957142857142857,4.414285714285714,6.9,6.914285714285714,0.3142857142857142,3.2142857142857144,85.24285714285715,1.8481428571428573,71.42857142857143,4.167142857142857,0.0,38.114285714285714,227.58571428571423,1005.2142857142856,68.57142857142857,14.757142857142856,13.650544798108967
10.328571428571427,5.957142857142857,8.042857142857143,9.214285714285714,1.8142857142857145,5.042857142857143,87.52857142857144,7.693142857142858,85.71428571428571,11.904285714285717,0.0,37.85714285714285,239.17142857142855,1015.3714285714286,62.75714285714286,10.828571428571427,62.3879859553017
9.671428571428573,1.5285714285714287,5.771428571428571,8.528571428571428,-2.0,3.2285714285714286,71.25714285714285,0.0402857142857142,42.85714285714285,1.7871428571428571,0.0,29.071428571428573,82.88571428571429,1023.1857142857144,58.82857142857143,17.614285714285714,15.938511521563214
10.571428571428571,4.057142857142857,7.228571428571429,9.771428571428572,0.5285714285714286,4.685714285714285,73.21428571428571,0.2759999999999999,85.71428571428571,4.168571428571428,0.0,26.228571428571428,257.7142857142857,1010.7714285714284,65.31428571428572,15.900000000000002,-9.079011554172894
24.285714285714285,11.814285714285717,17.82857142857143,24.11428571428572,11.814285714285717,17.771428571428572,68.25714285714285,0.0,0.0,0.0,0.0,25.8,76.45714285714287,1022.6142857142858,40.42857142857143,11.014285714285714,19.434652967624743
18.585714285714285,6.871428571428572,12.571428571428571,18.585714285714285,4.857142857142857,11.914285714285716,69.58571428571429,0.2057142857142857,42.85714285714285,1.7871428571428571,0.0,24.27142857142857,67.85714285714286,1016.9142857142856,48.07142857142857,12.471428571428572,-35.91380700286413
8.757142857142856,3.314285714285714,5.8,6.671428571428572,-0.9714285714285716,2.585714285714286,79.54285714285713,1.4844285714285714,100.0,9.525714285714288,0.0,32.614285714285714,158.44285714285712,1015.5428571428572,63.2,12.142857142857142,-5.910353971336235
16.02857142857143,10.428571428571429,13.214285714285714,16.02857142857143,9.9,13.05714285714286,79.78571428571429,3.4235714285714285,71.42857142857143,8.332857142857142,0.0,31.514285714285712,224.3142857142857,1011.6142857142858,58.94285714285714,13.0,-24.02101736145255
17.37142857142857,6.671428571428572,11.914285714285716,17.37142857142857,4.114285714285715,11.085714285714284,64.78571428571429,0.2057142857142857,28.571428571428573,1.1914285714285715,0.0,25.585714285714285,118.64285714285714,1019.842857142857,46.7,14.785714285714286,-18.470870558407
9.342857142857142,4.242857142857143,6.8,7.542857142857143,1.2714285714285716,3.942857142857143,88.85714285714286,4.753,100.0,13.095714285714283,0.0,28.15714285714285,207.4857142857143,993.5,68.05714285714285,11.071428571428571,12.777762045080408
10.0,2.3428571428571425,5.757142857142857,8.5,-1.257142857142857,2.857142857142857,84.60000000000001,0.0827142857142857,42.85714285714285,2.975714285714285,0.0,22.27142857142857,148.42857142857142,1023.0142857142856,43.2,8.2,17.410816617457613
15.385714285714286,5.557142857142857,10.671428571428573,15.385714285714286,3.071428571428572,9.671428571428573,68.35714285714286,0.0,0.0,0.0,0.0,23.714285714285715,111.48571428571428,1028.5857142857144,51.6,11.2,41.81218744371836
1.2142857142857142,-1.7142857142857142,0.157142857142857,-2.7142857142857144,-7.114285714285714,-4.614285714285715,94.87142857142858,0.6445714285714287,71.42857142857143,6.547142857142857,5.042857142857143,25.857142857142858,77.60000000000001,1012.3714285714286,87.85714285714286,5.042857142857144,60.49230390121488
15.342857142857142,9.771428571428572,12.542857142857144,15.342857142857142,8.757142857142856,12.285714285714286,88.82857142857142,0.2855714285714286,85.71428571428571,5.357142857142857,0.0,31.042857142857144,201.9142857142857,1017.657142857143,70.47142857142858,11.22857142857143,12.805610846857462
3.7285714285714286,0.7142857142857143,2.3428571428571425,1.2571428571428571,-3.8285714285714287,-1.2714285714285716,91.34285714285714,0.6238571428571429,85.71428571428571,5.952857142857143,0.0,21.61428571428572,65.94285714285715,1019.8714285714286,70.5,8.314285714285715,-60.8786301093769
11.685714285714283,4.871428571428572,8.428571428571429,11.4,2.128571428571429,6.714285714285714,82.07142857142857,4.980714285714286,85.71428571428571,11.311428571428571,0.0,26.08571428571429,213.42857142857144,1001.9285714285714,64.94285714285715,11.542857142857144,-17.16145318175745
7.685714285714285,1.614285714285714,4.971428571428571,5.257142857142857,-1.6285714285714286,1.8142857142857145,86.17142857142858,1.0394285714285714,100.0,10.12,0.0,26.085714285714285,271.8857142857143,1011.2285714285716,56.6,10.514285714285714,-44.80353225342788
12.085714285714284,7.014285714285714,9.257142857142856,12.085714285714284,4.242857142857143,7.671428571428572,80.48571428571428,0.9158571428571428,85.71428571428571,6.545714285714285,0.0,27.814285714285717,183.05714285714288,1007.7142857142856,78.02857142857144,18.642857142857142,-23.80497578981124
18.32857142857143,11.728571428571428,14.771428571428572,18.32857142857143,11.55714285714286,14.757142857142856,80.01428571428572,1.854142857142857,71.42857142857143,7.142857142857143,0.0,25.9,209.7428571428572,1012.9428571428572,55.05714285714286,10.028571428571428,-19.77120697502244
20.042857142857144,10.485714285714286,14.585714285714284,20.042857142857144,9.242857142857144,14.44285714285714,79.91428571428571,0.0275714285714285,14.285714285714286,0.5957142857142858,0.0,17.485714285714288,240.3,1030.3714285714286,65.84285714285714,7.985714285714286,26.186615827469723
11.3,3.5,7.414285714285714,10.971428571428572,0.6428571428571429,5.142857142857143,77.47142857142856,1.0177142857142858,85.71428571428571,3.5742857142857143,0.0,31.24285714285714,237.3142857142857,1001.4285714285714,55.84285714285715,12.44285714285714,34.98443571511507
7.185714285714285,0.4571428571428572,3.628571428571429,4.685714285714285,-3.3000000000000003,0.7142857142857143,86.67142857142858,0.8852857142857143,57.142857142857146,3.571428571428572,0.0,20.75714285714286,178.27142857142857,1016.657142857143,41.6,12.55714285714286,-2.139693150403218
16.914285714285715,12.014285714285714,14.342857142857143,16.914285714285715,12.0,14.328571428571427,90.05714285714285,0.0,0.0,0.0,0.0,26.842857142857145,170.92857142857142,997.7285714285716,74.7,10.757142857142856,-68.04239992384464
7.057142857142857,2.8428571428571425,5.257142857142857,5.571428571428571,1.657142857142857,3.8,93.8,0.0,0.0,0.0,0.0,15.185714285714283,223.7,1033.857142857143,78.89999999999999,6.457142857142856,-118.0525373783737
22.214285714285715,13.814285714285717,17.5,22.214285714285715,13.814285714285717,17.5,78.51428571428572,1.2244285714285714,57.142857142857146,5.952857142857143,0.0,23.457142857142856,257.3,1016.4285714285714,51.65714285714286,12.185714285714283,20.90948742204023
15.757142857142856,8.642857142857142,11.971428571428572,15.757142857142856,7.628571428571428,11.771428571428572,78.47142857142856,0.222,42.85714285714285,2.381428571428572,0.0,21.728571428571428,150.0285714285714,1011.9285714285714,73.54285714285713,9.885714285714286,-9.23155055420807
24.342857142857145,16.32857142857143,19.642857142857142,24.385714285714283,16.32857142857143,19.642857142857142,83.81428571428572,0.0494285714285714,42.85714285714285,2.975714285714285,0.0,15.328571428571433,208.52857142857144,1018.2142857142856,62.94285714285714,9.157142857142857,5.133666315144751
19.52857142857143,12.928571428571429,16.071428571428573,19.52857142857143,12.928571428571429,16.071428571428573,80.78571428571429,1.405857142857143,71.42857142857143,6.55,0.0,26.285714285714285,121.87142857142858,1015.5285714285714,69.78571428571429,10.157142857142857,-46.51890318610265
12.628571428571428,8.685714285714285,10.62857142857143,12.628571428571428,6.857142857142857,9.8,85.02857142857144,2.444857142857143,100.0,11.31,6.142857142857143,36.84285714285714,206.2142857142857,1003.7285714285716,59.85714285714285,12.44285714285714,-11.295670497142057
14.028571428571428,6.414285714285714,10.357142857142858,14.028571428571428,4.214285714285714,9.271428571428572,76.38571428571429,0.309,71.42857142857143,4.167142857142857,0.0,23.0,196.02857142857144,1012.842857142857,66.44285714285715,10.885714285714286,16.412604803580166
16.67142857142857,10.385714285714286,13.157142857142857,16.67142857142857,9.771428571428572,13.014285714285714,76.07142857142857,1.905285714285714,71.42857142857143,5.355714285714286,0.0,25.785714285714285,206.87142857142857,1012.0428571428572,75.98571428571428,8.77142857142857,3.7235997675617223
6.314285714285715,-0.1142857142857143,2.942857142857143,3.071428571428572,-4.342857142857143,-0.6571428571428571,81.15714285714286,0.8005714285714287,57.142857142857146,5.357142857142857,1.5,25.214285714285715,139.72857142857143,1022.5,70.22857142857143,9.971428571428572,20.38314612555177
8.328571428571427,6.142857142857143,7.314285714285715,7.214285714285714,3.242857142857143,5.228571428571429,83.62857142857142,11.980428571428572,14.285714285714286,0.5957142857142858,0.0,23.485714285714288,221.17142857142855,1032.642857142857,86.12857142857142,10.628571428571428,44.944788012704976
6.728571428571429,-0.2142857142857142,2.9857142857142853,4.285714285714286,-4.757142857142857,-0.7999999999999999,87.07142857142857,0.0342857142857142,42.85714285714285,1.7871428571428571,0.0,24.300000000000004,128.31428571428572,1027.9428571428573,38.57142857142857,6.9,26.689484627050888
18.87142857142857,9.342857142857143,14.071428571428571,18.87142857142857,8.171428571428573,13.814285714285717,71.0,0.8825714285714286,28.571428571428573,1.7857142857142858,0.0,24.885714285714283,110.24285714285716,1020.7428571428572,41.84285714285714,12.814285714285717,-26.670940315070425
12.142857142857142,8.557142857142857,10.657142857142857,11.9,7.271428571428571,9.94285714285714,90.98571428571428,1.3695714285714289,100.0,10.117142857142856,0.0,27.071428571428573,180.67142857142855,1015.8571428571428,90.87142857142858,9.185714285714283,-22.17089060369813
17.928571428571427,12.8,15.214285714285714,17.928571428571427,12.8,15.214285714285714,83.44285714285715,4.926285714285714,100.0,20.83571428571429,0.0,30.057142857142857,236.52857142857144,1011.6285714285714,60.271428571428565,11.757142857142856,10.020038950629782
8.285714285714286,2.7857142857142856,5.8,6.328571428571428,-1.657142857142857,2.371428571428571,90.25714285714284,1.961714285714286,85.71428571428571,5.357142857142857,0.0,35.371428571428574,206.27142857142857,1012.3714285714286,70.68571428571428,11.314285714285717,-12.798917123611773
6.057142857142857,0.6857142857142858,3.457142857142857,2.6142857142857143,-2.8857142857142857,-0.0857142857142857,87.55714285714285,1.7824285714285717,100.0,17.26142857142857,0.0428571428571428,27.300000000000004,263.0142857142857,1010.4857142857144,47.971428571428575,11.885714285714286,-16.78099602748648
15.671428571428567,8.9,12.314285714285717,15.671428571428567,7.042857142857143,11.914285714285716,73.15714285714286,1.255857142857143,85.71428571428571,5.951428571428571,0.0,35.471428571428575,245.7,1006.842857142857,59.2,13.428571428571429,23.34387308737155
16.742857142857144,12.257142857142856,14.485714285714286,16.742857142857144,11.8,14.428571428571429,87.95714285714287,0.8707142857142858,71.42857142857143,3.5728571428571425,0.0,24.457142857142856,214.25714285714284,1018.5285714285714,77.41428571428571,16.82857142857143,-10.455443607620282
12.857142857142858,6.442857142857143,9.728571428571428,12.857142857142858,4.514285714285714,8.557142857142857,89.31428571428572,0.4344285714285714,57.142857142857146,2.9771428571428573,0.0,22.057142857142857,172.6142857142857,1030.757142857143,65.95714285714286,5.314285714285715,-28.007453233358547
11.657142857142857,4.057142857142858,7.957142857142857,11.657142857142857,1.042857142857143,5.971428571428571,71.2,0.0551428571428571,28.571428571428573,1.7857142857142858,0.0,25.942857142857143,150.65714285714284,1017.4428571428572,48.54285714285714,13.62857142857143,-2.1826341187575053
14.442857142857145,8.428571428571429,11.357142857142858,14.442857142857145,7.071428571428571,10.957142857142856,85.39999999999999,0.5498571428571428,57.142857142857146,3.571428571428572,0.0,24.585714285714285,187.6142857142857,1018.0714285714286,72.60000000000001,10.928571428571429,19.2477908435543
8.942857142857143,1.7714285714285716,5.357142857142857,5.842857142857143,-2.814285714285714,1.3142857142857145,77.41428571428571,1.195714285714286,100.0,7.141428571428572,0.0,41.81428571428571,263.9428571428571,1006.4142857142856,62.01428571428572,14.014285714285714,0.1324047954869911
17.7,9.785714285714286,13.528571428571428,17.7,8.485714285714286,13.228571428571428,78.97142857142856,1.608857142857143,71.42857142857143,4.167142857142857,0.0,24.857142857142858,82.17142857142856,1018.157142857143,65.74285714285715,10.828571428571427,-51.22350766749298
18.557142857142857,10.44285714285714,14.014285714285714,18.557142857142857,9.7,13.914285714285713,81.64285714285714,0.3361428571428571,71.42857142857143,5.355714285714286,0.0,23.1,254.3,1020.9142857142856,69.41428571428571,17.785714285714285,-22.605283693812908
19.4,12.12857142857143,15.6,19.4,11.671428571428573,15.55714285714286,86.3,0.139,57.142857142857146,4.167142857142857,0.0,20.17142857142857,77.25714285714285,1016.9714285714286,63.67142857142857,10.728571428571428,1.5642530882651045
8.285714285714286,4.385714285714285,6.242857142857143,6.385714285714285,0.5,3.685714285714286,91.22857142857144,1.9812857142857143,57.142857142857146,3.571428571428572,0.0,21.442857142857143,140.78571428571428,1016.8285714285714,88.41428571428571,7.328571428571428,-111.2641593223052
9.971428571428572,5.5,7.8,9.44285714285714,3.3857142857142857,6.514285714285714,93.17142857142858,1.1405714285714286,85.71428571428571,7.144285714285714,0.0,17.5,170.64285714285714,1016.5857142857144,70.35714285714286,8.22857142857143,39.591824332906526
18.114285714285717,10.914285714285716,14.657142857142857,18.114285714285717,10.3,14.514285714285714,81.04285714285713,0.6762857142857143,42.85714285714285,2.381428571428572,0.0,23.814285714285717,222.9,1016.342857142857,69.27142857142857,21.557142857142857,18.789090309888707
11.642857142857142,6.0,9.271428571428572,11.642857142857142,3.257142857142857,7.7,86.60000000000001,0.0364285714285714,14.285714285714286,0.5957142857142858,0.0,27.685714285714287,238.7,1022.3714285714286,71.37142857142857,10.642857142857142,-77.79797044657312
12.771428571428572,5.042857142857143,8.8,12.771428571428572,1.9714285714285715,7.314285714285715,73.98571428571428,0.8300000000000001,57.142857142857146,9.525714285714288,0.0,26.442857142857143,219.3142857142857,1021.2428571428572,38.57142857142857,13.085714285714284,-41.54917535780373
20.67142857142857,12.228571428571428,16.442857142857143,20.67142857142857,12.228571428571428,16.442857142857143,71.04285714285714,1.3190000000000002,28.571428571428573,5.357142857142857,0.0,17.557142857142857,146.25714285714284,1018.1857142857144,50.01428571428572,13.742857142857144,-11.873981281575992
12.3,6.414285714285714,9.528571428571428,12.3,3.4285714285714284,8.042857142857143,83.64285714285714,0.2537142857142857,28.571428571428573,1.1914285714285715,0.0,33.15714285714286,258.7857142857143,1017.7857142857144,70.52857142857142,10.914285714285716,7.341692947643423
17.314285714285713,10.285714285714286,13.642857142857142,17.314285714285713,9.542857142857144,13.471428571428572,81.08571428571429,0.5821428571428572,28.571428571428573,1.7857142857142858,0.0,24.442857142857143,182.75714285714284,1014.2714285714284,75.94285714285715,18.257142857142856,-43.762026287144295
22.357142857142858,13.328571428571427,17.400000000000002,22.357142857142858,13.328571428571427,17.400000000000002,78.95714285714287,0.0,0.0,0.0,0.0,23.75714285714286,214.97142857142856,1017.7571428571428,53.47142857142857,12.428571428571429,30.195123082274563
19.842857142857145,12.44285714285714,15.87142857142857,19.842857142857145,12.44285714285714,15.87142857142857,86.34285714285714,0.2145714285714285,57.142857142857146,5.355714285714286,0.0,20.75714285714286,203.37142857142857,1021.9142857142856,64.9,11.214285714285714,-12.37821166317542
15.585714285714284,11.114285714285714,13.1,15.585714285714284,10.842857142857143,13.085714285714284,88.35714285714286,1.6785714285714286,57.142857142857146,8.334285714285715,2.7,27.7,233.18571428571428,1000.2285714285716,77.37142857142858,12.171428571428573,25.271293712145397
9.457142857142856,0.4428571428571429,5.257142857142857,7.928571428571429,-2.814285714285714,2.8000000000000003,70.7,0.0,0.0,0.0,0.0,17.914285714285715,54.5,1021.2,48.02857142857143,10.62857142857143,-1.3405052738744416
18.385714285714283,10.585714285714284,14.6,18.385714285714283,9.971428571428572,14.55714285714286,76.82857142857142,0.158,42.85714285714285,2.381428571428572,0.0,22.314285714285717,152.8714285714286,1020.7142857142856,70.54285714285714,12.157142857142857,-8.839998069242256
13.957142857142856,7.142857142857143,10.457142857142856,13.957142857142856,5.842857142857143,9.914285714285716,80.22857142857143,0.3302857142857142,85.71428571428571,4.762857142857143,0.0,25.957142857142856,201.57142857142856,1000.8571428571428,61.85714285714285,22.32857142857143,34.122771845570696
21.014285714285712,11.05714285714286,15.62857142857143,21.014285714285712,10.7,15.599999999999998,73.34285714285714,1.2795714285714284,71.42857142857143,6.547142857142857,0.0,22.300000000000004,161.17142857142858,1016.5,41.34285714285714,11.12857142857143,56.6059621734214
15.2,11.142857142857142,13.4,15.2,10.657142857142857,13.314285714285717,88.84285714285714,3.341857142857143,100.0,9.524285714285714,0.0,30.82857142857143,198.1142857142857,1005.8285714285714,60.2,11.37142857142857,-3.542371123206294
10.728571428571428,6.7,8.814285714285715,10.614285714285714,3.4714285714285715,6.671428571428572,89.24285714285715,4.942857142857143,100.0,26.787142857142857,0.0,41.68571428571429,234.32857142857145,1009.1285714285714,76.60000000000001,9.642857142857142,9.624866618723216
8.657142857142857,3.5,6.028571428571429,6.514285714285714,-0.1142857142857143,3.085714285714286,87.01428571428572,3.281142857142857,85.71428571428571,23.81,0.7142857142857143,27.642857142857142,247.4,1000.8857142857142,55.9,12.242857142857144,-19.492702359070226
18.67142857142857,11.528571428571428,14.771428571428572,18.67142857142857,11.342857142857143,14.742857142857144,78.77142857142857,1.086142857142857,57.142857142857146,3.5728571428571425,0.0,24.057142857142857,249.3571428571429,1018.1285714285714,54.6,9.514285714285714,7.949126779240032
3.042857142857143,-1.842857142857143,0.5428571428571428,-0.8714285714285713,-6.271428571428571,-3.5,84.10000000000001,1.654,100.0,10.117142857142856,3.5,23.485714285714288,140.57142857142858,1001.1285714285714,60.58571428571429,11.028571428571428,29.57200791977584
3.628571428571429,0.2714285714285713,1.7142857142857142,1.2714285714285716,-3.057142857142857,-1.042857142857143,84.41428571428571,0.0251428571428571,42.85714285714285,1.7871428571428571,0.0,15.05714285714286,46.11428571428571,1021.7,69.52857142857142,8.114285714285714,-0.5059384859775946
5.5,1.5,3.6142857142857134,3.042857142857143,-3.085714285714286,0.2142857142857142,91.81428571428572,0.4445714285714285,71.42857142857143,4.761428571428572,1.0333333333333334,24.514285714285712,109.2,1021.0857142857144,84.8,7.5,-67.496803105769
15.37142857142857,9.657142857142857,12.757142857142856,15.37142857142857,8.728571428571428,12.485714285714286,88.0,0.7825714285714286,71.42857142857143,4.167142857142857,0.0,31.714285714285715,201.3857142857143,1010.0285714285714,66.67142857142856,12.771428571428572,72.78100722834608
3.685714285714286,0.1285714285714287,1.8571428571428568,1.8285714285714287,-3.2285714285714286,-0.9571428571428572,89.2,1.9921428571428568,85.71428571428571,5.357142857142857,4.050000000000001,18.542857142857144,213.77142857142857,999.3142857142856,79.85714285714286,11.642857142857142,-126.00204976068676
6.4,2.571428571428572,4.728571428571429,2.914285714285714,-2.5,0.2571428571428571,80.01428571428572,0.8755714285714286,85.71428571428571,5.357142857142857,0.0,38.15714285714286,279.7714285714286,1023.0714285714286,59.72857142857144,9.214285714285714,-38.24564386319912
4.0,-2.2,0.8142857142857142,0.6571428571428573,-5.571428571428571,-2.657142857142857,84.44285714285715,0.6365714285714285,57.142857142857146,4.1657142857142855,0.0,28.9,176.77142857142857,1001.1285714285714,58.22857142857144,14.342857142857143,89.42410013045287
10.071428571428571,5.371428571428572,7.542857142857144,8.957142857142857,2.571428571428572,5.428571428571429,88.08571428571429,4.839,100.0,21.427142857142854,1.042857142857143,27.342857142857145,244.9142857142857,992.4,62.58571428571429,11.085714285714284,-33.645735433033906
19.04285714285714,12.2,15.085714285714284,19.04285714285714,12.2,15.085714285714284,80.41428571428571,0.6957142857142857,71.42857142857143,6.547142857142857,0.0,24.385714285714283,148.35714285714286,1012.8857142857142,74.0,9.5,11.768087371815454
13.0,8.942857142857141,11.042857142857144,13.0,7.071428571428571,10.457142857142856,88.38571428571429,6.409142857142856,100.0,13.691428571428572,0.0,32.028571428571425,170.58571428571426,997.0,65.08571428571429,11.6,21.300240694836816
9.185714285714283,5.714285714285714,7.257142857142857,7.528571428571429,2.7857142857142856,5.2,93.01428571428572,0.2195714285714285,71.42857142857143,4.167142857142857,0.0,24.071428571428573,133.21428571428572,1024.428571428571,73.72857142857143,7.671428571428572,0.8201704790067197
6.0,-2.2142857142857144,1.7142857142857142,1.657142857142857,-8.242857142857144,-3.585714285714286,64.54285714285714,0.0,0.0,0.0,0.0,34.32857142857143,50.77142857142858,1013.5142857142856,45.271428571428565,11.214285714285714,13.814458508100644
12.342857142857143,6.385714285714286,9.142857142857142,12.342857142857143,4.285714285714286,7.757142857142858,83.2,1.616,71.42857142857143,5.355714285714286,0.0,27.97142857142857,153.24285714285716,1007.6142857142858,69.88571428571429,12.471428571428572,1.53313510381804
9.657142857142857,4.5,7.314285714285715,8.428571428571429,1.4142857142857144,4.942857142857143,90.52857142857144,4.927428571428571,100.0,28.572857142857146,0.0,32.4,190.62857142857143,1014.1285714285714,60.7,11.228571428571428,-36.3398766478183
15.542857142857144,8.357142857142858,11.814285714285717,15.542857142857144,6.728571428571429,11.385714285714286,81.11428571428573,4.048571428571429,100.0,7.74,0.0,24.8,126.35714285714286,1008.4142857142856,64.11428571428571,11.285714285714286,25.35178603242525
6.171428571428572,0.6857142857142856,3.8285714285714287,3.9,-2.4857142857142853,0.9428571428571428,89.71428571428571,0.5428571428571429,85.71428571428571,4.168571428571428,0.0,22.485714285714288,136.17142857142858,1015.8,55.82857142857143,9.085714285714284,-11.496754081960717
7.6571428571428575,2.3000000000000003,5.128571428571428,5.714285714285714,-0.1142857142857144,2.8285714285714287,87.95714285714287,0.4991428571428571,100.0,4.764285714285714,0.0,24.0,212.3571428571429,1006.5714285714286,83.8,11.385714285714286,-65.04230174915915
17.771428571428572,6.714285714285714,11.985714285714286,17.771428571428572,3.557142857142857,10.857142857142858,62.74285714285714,0.0357142857142857,28.571428571428573,1.1914285714285715,0.0,31.4,96.01428571428572,1013.4,43.15714285714286,15.142857142857142,28.607359195721077
18.571428571428573,9.585714285714284,13.885714285714286,18.571428571428573,8.971428571428572,13.757142857142856,79.28571428571429,0.0884285714285714,28.571428571428573,1.1914285714285715,0.0,22.585714285714285,296.24285714285713,1023.4428571428572,66.6,11.357142857142858,-13.413244688745522
16.614285714285714,10.0,13.185714285714283,16.614285714285714,9.242857142857144,13.05714285714286,82.28571428571429,0.0437142857142857,57.142857142857146,2.382857142857143,0.0,17.928571428571427,247.91428571428568,1023.9571428571428,63.72857142857144,12.87142857142857,25.63780903136933
19.4,12.228571428571428,15.485714285714286,19.4,12.228571428571428,15.485714285714286,78.51428571428572,1.2124285714285714,71.42857142857143,7.737142857142857,0.0,25.15714285714285,235.8857142857143,1017.3714285714286,49.85714285714285,12.271428571428572,-25.57968576801045
19.74285714285714,11.37142857142857,15.571428571428571,19.74285714285714,11.014285714285714,15.542857142857144,71.54285714285714,0.1998571428571428,42.85714285714285,1.7871428571428571,0.0,24.642857142857142,261.85714285714283,1016.8285714285714,56.371428571428574,15.542857142857144,-20.138181584189965
8.514285714285714,1.4142857142857144,4.757142857142857,6.271428571428571,-2.4714285714285715,1.7285714285714284,85.35714285714286,0.7729999999999999,100.0,8.93,0.0,22.12857142857143,195.4142857142857,1011.4714285714286,45.8,12.385714285714286,25.352253707175123
14.742857142857144,6.342857142857143,10.485714285714286,14.742857142857144,6.028571428571428,10.314285714285717,85.18571428571428,0.0734285714285714,28.571428571428573,1.1914285714285715,0.0,12.014285714285716,139.17142857142858,1024.314285714286,53.01428571428572,7.428571428571429,-39.95908635068338
16.285714285714285,10.471428571428572,13.071428571428571,16.285714285714285,10.3,13.042857142857144,84.42857142857143,0.9844285714285712,71.42857142857143,4.167142857142857,0.0,26.67142857142857,231.3142857142857,1013.9857142857144,85.41428571428571,13.8,-32.86461008191111
12.014285714285716,6.557142857142857,9.385714285714286,11.585714285714287,3.3428571428571425,7.371428571428572,83.81428571428572,1.7415714285714283,85.71428571428571,4.762857142857143,0.0,40.771428571428565,215.87142857142857,999.7857142857144,84.44285714285715,16.67142857142857,16.27026271196928
15.585714285714284,10.528571428571428,12.828571428571427,15.585714285714284,9.585714285714284,12.62857142857143,90.98571428571428,0.0584285714285714,42.85714285714285,1.7871428571428571,0.0,25.085714285714285,226.1,1022.8,71.31428571428572,11.114285714285714,-66.02749865657756
24.61428571428572,15.185714285714283,19.61428571428572,24.6,15.185714285714283,19.61428571428572,75.91428571428571,1.1122857142857143,57.142857142857146,3.571428571428572,0.0,17.87142857142857,170.31428571428572,1017.2571428571428,60.22857142857144,10.6,-5.163004808904702
15.714285714285714,7.142857142857143,11.142857142857142,15.714285714285714,5.014285714285714,10.428571428571429,72.42857142857143,0.0067142857142857,14.285714285714286,0.5957142857142858,0.0,18.014285714285712,154.62857142857143,1023.2714285714284,43.22857142857144,8.77142857142857,22.44549599021525
8.671428571428573,2.4714285714285715,5.057142857142857,5.642857142857143,-1.7714285714285711,0.8857142857142858,83.55714285714285,2.0867142857142857,100.0,5.952857142857143,0.8333333333333334,36.85714285714285,224.82857142857145,983.7285714285716,64.62857142857142,13.385714285714286,30.367290908129466
17.185714285714287,10.028571428571428,13.7,17.185714285714287,9.242857142857144,13.528571428571428,78.57142857142857,0.0,0.0,0.0,0.0,22.6,266.90000000000003,1024.3714285714286,70.57142857142857,19.985714285714288,5.390328836020444
10.342857142857143,4.457142857142857,7.542857142857143,9.771428571428572,2.814285714285714,6.3,85.10000000000001,0.0304285714285714,28.571428571428573,1.7857142857142858,0.0,14.428571428571429,162.1142857142857,1028.6714285714286,68.38571428571429,7.514285714285714,-0.8801364519545132
9.571428571428571,4.385714285714285,6.985714285714286,8.185714285714285,1.7857142857142858,4.785714285714286,87.64285714285714,0.5738571428571427,57.142857142857146,2.9771428571428573,0.0,19.87142857142857,193.52857142857144,1014.8142857142856,72.85714285714286,8.471428571428572,-6.8385133303545445
12.44285714285714,5.871428571428572,9.285714285714286,12.44285714285714,3.757142857142857,8.428571428571429,89.88571428571429,0.2562857142857143,85.71428571428571,7.142857142857143,0.0,20.1,209.2428571428572,1022.2428571428572,42.32857142857143,9.37142857142857,-0.1805193127083839
9.585714285714284,5.042857142857143,7.657142857142857,8.285714285714286,2.457142857142857,5.357142857142857,87.34285714285714,0.308,57.142857142857146,2.9771428571428573,0.0,27.0,255.1142857142857,1027.857142857143,74.28571428571429,11.771428571428572,75.2741904268571
9.9,5.1571428571428575,7.671428571428572,8.4,2.1714285714285717,5.285714285714286,87.27142857142857,0.51,100.0,7.738571428571428,0.0,23.3,131.22857142857143,1031.6571428571428,67.12857142857142,14.028571428571428,-41.744521817546
11.814285714285717,3.871428571428571,8.571428571428571,11.271428571428572,1.6,7.014285714285714,73.47142857142856,0.5598571428571428,28.571428571428573,1.1914285714285715,0.0,23.24285714285714,165.15714285714284,1018.3857142857142,66.61428571428571,11.728571428571428,11.753662904877617
8.485714285714286,2.0,4.914285714285714,5.971428571428571,-1.8285714285714283,1.6285714285714286,77.91428571428571,0.8204285714285714,100.0,8.331428571428571,0.7,26.642857142857142,269.1714285714286,1001.2714285714284,62.72857142857144,22.61428571428572,-1.7449753422495178
7.557142857142857,0.8571428571428571,4.371428571428572,5.028571428571429,-3.2142857142857144,0.7571428571428571,83.01428571428572,0.1735714285714285,71.42857142857143,5.357142857142857,0.0,27.7,164.41428571428574,1022.1142857142858,52.94285714285714,10.242857142857144,14.082749026976444
16.071428571428573,8.014285714285714,11.757142857142856,16.071428571428573,6.200000000000001,11.271428571428572,76.45714285714287,0.2414285714285714,14.285714285714286,1.19,0.0,22.1,184.27142857142857,1016.1714285714286,71.4,13.157142857142857,37.29893539846376
16.47142857142857,9.742857142857144,12.771428571428572,16.47142857142857,9.342857142857143,12.728571428571428,83.41428571428571,4.002428571428571,85.71428571428571,22.02285714285714,0.0,24.6,198.7,1012.8,60.1,10.44285714285714,9.651074576990936
7.471428571428571,0.5,4.1,4.1,-3.414285714285714,0.1142857142857143,81.67142857142858,2.211,100.0,17.262857142857143,0.0714285714285714,33.92857142857143,219.3,1009.6428571428572,55.55714285714286,11.12857142857143,-7.495783056838263
12.242857142857144,6.5,9.342857142857143,11.857142857142858,3.7,7.871428571428572,83.3,3.649428571428572,85.71428571428571,26.787142857142857,0.0,26.014285714285712,160.21428571428572,1011.3857142857142,68.38571428571429,12.042857142857144,3.338296020114626
15.7,10.214285714285714,12.885714285714286,15.7,9.571428571428571,12.785714285714286,83.22857142857143,1.794,71.42857142857143,4.167142857142857,0.0,23.25714285714286,250.28571428571428,1012.6714285714286,83.28571428571429,19.557142857142857,-5.109323889530742
19.685714285714287,11.157142857142857,15.2,19.685714285714287,10.914285714285716,15.2,73.01428571428572,0.0078571428571428,14.285714285714286,0.5957142857142858,0.0,16.67142857142857,133.74285714285713,1026.4142857142856,54.60000000000001,11.3,-18.896913489200983
10.5,6.6000000000000005,8.757142857142856,9.785714285714286,2.8428571428571425,6.542857142857143,88.10000000000001,3.788,100.0,18.454285714285717,0.0,39.02857142857143,229.58571428571423,1012.7428571428572,69.04285714285714,10.271428571428572,-23.43811342935373
17.385714285714286,10.257142857142856,13.828571428571427,17.385714285714286,9.5,13.714285714285714,82.62857142857142,24.671714285714284,100.0,18.45142857142857,0.0,20.485714285714288,194.92857142857144,1021.0714285714286,53.371428571428574,9.5,-4.379628290256505
11.485714285714286,6.071428571428571,8.728571428571428,11.485714285714286,3.014285714285714,7.042857142857143,89.25714285714285,1.3605714285714288,100.0,7.737142857142857,0.0,30.928571428571427,236.7428571428572,1007.0142857142856,73.21428571428571,10.55714285714286,-44.01511234551185
8.785714285714286,2.942857142857143,5.728571428571429,5.814285714285715,-0.9,2.2,84.24285714285715,2.341285714285714,71.42857142857143,4.761428571428572,0.0,35.27142857142857,247.8857142857143,1014.3857142857142,71.81428571428572,17.685714285714287,-36.94429205206052
19.385714285714283,13.071428571428571,16.057142857142857,19.385714285714283,13.071428571428571,16.057142857142857,80.12857142857142,0.3738571428571428,57.142857142857146,3.571428571428572,0.0,29.1,95.81428571428572,1015.5714285714286,75.01428571428572,11.87142857142857,-3.0370338963246013
22.214285714285715,12.599999999999998,16.942857142857143,22.214285714285715,12.599999999999998,16.942857142857143,76.95714285714287,0.0014285714285714,14.285714285714286,0.5957142857142858,0.0,22.685714285714287,254.27142857142857,1020.5571428571428,49.6,13.528571428571428,-24.79139372950158
12.671428571428573,4.757142857142857,8.714285714285714,12.671428571428573,2.9,7.428571428571429,81.61428571428571,1.3058571428571428,85.71428571428571,7.140000000000001,0.0,23.357142857142858,155.35714285714286,1006.2428571428572,68.74285714285715,18.15714285714285,-7.179322073626736
15.685714285714283,9.542857142857144,12.614285714285714,15.685714285714283,8.585714285714285,12.485714285714286,84.18571428571428,3.9077142857142855,100.0,13.691428571428572,0.0,30.214285714285715,247.8857142857143,1008.9,74.02857142857144,12.3,-36.70564393903305
7.3,2.5857142857142854,5.314285714285715,5.185714285714285,-1.7,2.1,88.61428571428571,5.033571428571429,71.42857142857143,5.951428571428571,0.0,35.17142857142857,219.6,1012.4142857142856,67.52857142857142,10.571428571428571,9.8467989899666
19.314285714285717,12.914285714285716,15.814285714285717,19.314285714285717,12.914285714285716,15.814285714285717,85.78571428571429,4.113,85.71428571428571,11.905714285714286,0.0,22.6,214.67142857142855,1013.3857142857142,71.44285714285715,10.614285714285714,19.93555648026529
4.585714285714286,-0.3142857142857143,1.9142857142857144,0.7571428571428571,-5.357142857142857,-2.7142857142857144,88.38571428571429,1.1432857142857142,85.71428571428571,5.951428571428571,1.5,30.557142857142857,101.45714285714288,1009.3857142857142,82.85714285714286,3.642857142857143,52.46724614637924
7.814285714285715,1.9857142857142855,4.642857142857143,4.742857142857143,-2.3428571428571425,1.0285714285714285,82.87142857142858,2.4002857142857144,85.71428571428571,7.74,0.0,30.042857142857144,258.5285714285714,1006.2,59.85714285714285,9.37142857142857,103.57801450100692
12.957142857142856,6.557142857142857,9.485714285714286,12.757142857142856,4.385714285714285,8.528571428571428,82.18571428571428,1.1387142857142858,100.0,16.667142857142856,0.0,19.1,153.05714285714285,1008.6285714285714,62.771428571428565,9.55714285714286,-8.688983705658643
6.985714285714286,3.0285714285714285,5.214285714285714,4.057142857142857,3.1720657846433036e-17,2.042857142857143,90.97142857142856,2.533428571428572,85.71428571428571,7.142857142857143,0.0,26.87142857142857,246.55714285714288,1005.9,55.22857142857144,10.857142857142858,-8.88487406289073
17.900000000000002,11.657142857142857,14.328571428571427,17.900000000000002,11.571428571428571,14.314285714285717,81.72857142857143,0.7207142857142858,85.71428571428571,7.141428571428572,0.0,21.02857142857143,214.02857142857144,1017.0285714285714,68.85714285714286,13.857142857142858,6.829732983638451
22.75714285714286,13.714285714285714,18.014285714285712,22.75714285714286,13.714285714285714,18.014285714285712,72.31428571428572,0.6852857142857143,71.42857142857143,5.954285714285715,0.0,22.1,242.92857142857144,1016.8571428571428,46.12857142857143,13.542857142857144,42.50733556697014
20.928571428571427,13.814285714285717,17.0,20.928571428571427,13.814285714285717,17.0,83.72857142857143,0.3324285714285714,71.42857142857143,4.167142857142857,0.0,20.728571428571428,259.4714285714286,1019.3714285714286,69.07142857142857,10.357142857142858,-69.45973398583999
17.085714285714285,11.12857142857143,13.842857142857143,17.085714285714285,10.94285714285714,13.814285714285717,87.85714285714286,4.5048571428571424,100.0,12.501428571428573,0.0,29.8,170.52857142857144,1007.7714285714284,67.34285714285714,10.385714285714286,-5.262989755902936
15.928571428571429,10.142857142857142,12.957142857142856,15.928571428571429,9.357142857142858,12.771428571428572,85.37142857142858,3.727857142857143,85.71428571428571,17.262857142857143,0.0,29.657142857142865,228.32857142857145,1005.0714285714286,58.114285714285714,10.6,-8.169968904108487
17.414285714285715,8.214285714285714,12.671428571428573,17.414285714285715,6.942857142857143,12.314285714285717,79.10000000000001,0.0041428571428571,14.285714285714286,0.5957142857142858,0.0,20.728571428571428,146.6,1023.4,40.51428571428572,9.742857142857144,-3.902878426990583
17.47142857142857,11.142857142857142,14.471428571428572,17.47142857142857,11.142857142857142,14.471428571428572,81.39999999999999,0.8914285714285715,85.71428571428571,5.357142857142857,0.0,30.65714285714285,242.14285714285717,1015.1285714285714,75.55714285714285,16.428571428571427,-18.415093344914567
9.057142857142855,2.7,6.085714285714286,7.3,0.4857142857142856,4.0,86.55714285714285,2.343857142857143,100.0,5.952857142857143,0.0,29.585714285714285,185.87142857142857,1016.2428571428572,61.42857142857143,16.04285714285714,-20.75948337907903
8.257142857142856,3.914285714285714,5.957142857142857,5.257142857142857,0.3142857142857143,2.5857142857142854,87.18571428571428,3.4682857142857144,71.42857142857143,9.524285714285714,0.0,29.11428571428572,220.78571428571428,1005.0714285714286,59.04285714285714,9.87142857142857,-24.98643245286371
25.785714285714285,12.12857142857143,19.62857142857143,25.47142857142857,11.985714285714286,19.571428571428573,56.4,0.0,0.0,0.0,0.0,19.314285714285717,84.08571428571429,1025.1142857142856,14.642857142857142,12.2,46.98473028040223
15.642857142857142,9.114285714285714,12.4,15.642857142857142,8.5,12.285714285714286,81.97142857142856,3.774857142857143,85.71428571428571,4.762857142857143,0.0,28.67142857142857,185.8428571428572,1007.9714285714286,62.08571428571429,22.928571428571427,4.511820576533069
6.957142857142857,3.3714285714285714,5.185714285714285,4.342857142857143,-0.7285714285714286,1.542857142857143,80.55714285714285,0.2378571428571428,57.142857142857146,4.1657142857142855,0.0,32.17142857142857,251.15714285714287,1016.2142857142856,65.37142857142858,18.228571428571428,13.485152382969773
17.8,10.528571428571428,14.0,17.8,10.05714285714286,13.928571428571429,84.81428571428572,0.1934285714285714,14.285714285714286,0.5957142857142858,0.0,17.914285714285715,214.22857142857143,1022.4571428571428,69.25714285714285,8.8,-34.62953029246239
12.485714285714286,6.785714285714286,9.2,11.328571428571427,3.828571428571428,7.128571428571428,90.74285714285716,0.0048571428571428,28.571428571428573,1.1914285714285715,0.0,27.057142857142857,268.25714285714287,1025.242857142857,79.7,7.428571428571429,32.10559544206899
13.342857142857143,5.185714285714285,9.542857142857144,13.342857142857143,2.8000000000000003,8.242857142857144,72.41428571428571,0.434,57.142857142857146,4.1657142857142855,0.0,25.557142857142857,298.9428571428571,1010.4714285714284,68.98571428571428,20.12857142857143,0.989755045418633
15.228571428571428,8.942857142857143,11.971428571428572,15.228571428571428,7.542857142857143,11.6,83.34285714285714,0.4281428571428571,100.0,7.144285714285714,0.0,22.75714285714286,251.94285714285712,1016.7857142857144,54.41428571428571,12.385714285714286,2.71817645322767
18.37142857142857,12.428571428571429,15.328571428571427,18.37142857142857,12.3,15.328571428571427,79.44285714285715,0.018,14.285714285714286,0.5957142857142858,0.0,29.9,269.4142857142857,1024.928571428571,65.08571428571429,12.0,-2.818041990245433
17.442857142857143,8.942857142857143,13.271428571428572,17.442857142857143,7.528571428571429,12.957142857142856,81.02857142857144,0.825857142857143,42.85714285714285,4.761428571428572,0.0,24.62857142857143,246.0142857142857,1021.2714285714286,51.5,10.928571428571429,27.70511644034127
8.514285714285714,2.7857142857142856,5.4,6.014285714285713,-1.3571428571428572,1.8,84.61428571428571,2.349,100.0,11.308571428571428,0.0,31.314285714285717,251.0,1016.5714285714286,54.32857142857143,11.828571428571427,7.597951595363384
13.571428571428571,6.785714285714286,9.842857142857143,13.571428571428571,4.457142857142857,8.571428571428571,77.98571428571428,1.612857142857143,100.0,6.547142857142857,0.0,30.042857142857144,217.3571428571429,1011.5,70.21428571428571,18.971428571428568,-48.51603774055957
14.742857142857144,7.785714285714286,11.37142857142857,14.742857142857144,5.342857142857143,10.814285714285717,76.7,0.9175714285714286,100.0,5.3585714285714285,0.0,26.414285714285715,276.3,1012.0428571428572,70.22857142857143,24.571428571428573,-2.708907994082552
15.314285714285717,8.371428571428572,11.742857142857144,15.314285714285717,6.885714285714286,11.342857142857143,88.15714285714286,1.2205714285714286,100.0,6.548571428571429,0.0,21.5,221.07142857142856,1016.8857142857142,47.15714285714285,10.857142857142858,29.507152345005352
17.9,11.757142857142856,14.44285714285714,17.9,11.757142857142856,14.44285714285714,84.21428571428571,11.011285714285714,71.42857142857143,7.738571428571428,0.0,24.971428571428568,143.3857142857143,1009.2285714285716,61.785714285714285,9.728571428571428,24.060979419091492
8.842857142857143,1.3571428571428572,4.842857142857143,7.071428571428571,-3.4,1.3285714285714287,81.62857142857142,5.409142857142858,100.0,11.311428571428571,0.0,26.27142857142857,84.24285714285715,1008.6,67.05714285714285,9.7,-1.0457867928346332
20.342857142857145,12.757142857142856,16.32857142857143,20.342857142857145,12.585714285714284,16.314285714285713,73.94285714285715,1.1495714285714285,42.85714285714285,2.975714285714285,0.0,32.55714285714286,236.7142857142857,1011.4714285714286,51.1,14.528571428571428,3.1466492175935628
14.071428571428571,4.728571428571429,9.314285714285717,13.257142857142858,1.4428571428571428,7.485714285714286,68.8,0.2218571428571428,14.285714285714286,1.19,0.0,24.857142857142858,80.34285714285714,1021.9714285714286,53.17142857142857,8.914285714285715,96.72727289367911
12.828571428571427,6.457142857142857,9.2,12.828571428571427,4.014285714285714,7.8428571428571425,81.48571428571428,0.608,71.42857142857143,8.332857142857142,0.0,24.285714285714285,224.44285714285715,1020.7714285714284,50.67142857142857,11.914285714285716,-2.108128305679088
12.257142857142856,5.614285714285714,8.828571428571427,12.257142857142856,2.642857142857143,6.957142857142857,84.91428571428571,0.1462857142857143,28.571428571428573,1.1914285714285715,0.0,32.114285714285714,222.2142857142857,1028.242857142857,68.47142857142858,10.3,6.256653960963604
18.4,6.714285714285714,12.6,18.4,4.571428571428571,11.757142857142856,63.57142857142857,0.0,0.0,0.0,0.0,24.5,88.44285714285714,1021.9,47.92857142857143,12.44285714285714,-8.105003924730795
11.914285714285716,6.814285714285715,9.271428571428572,11.914285714285716,5.542857142857143,8.528571428571428,87.47142857142856,4.632714285714286,85.71428571428571,4.762857142857143,0.0,17.54285714285714,258.65714285714284,1000.842857142857,73.8,13.528571428571428,-36.555783295430615
19.985714285714288,14.114285714285714,16.54285714285714,19.985714285714288,14.114285714285714,16.54285714285714,84.88571428571429,3.387285714285714,100.0,11.905714285714286,0.0,23.557142857142857,205.6142857142857,1005.3571428571428,67.41428571428571,12.271428571428572,10.148878564006282
13.87142857142857,7.214285714285714,10.4,13.585714285714284,4.857142857142857,9.2,80.51428571428572,4.987428571428572,100.0,30.358571428571427,0.0,27.2,164.34285714285716,1006.5714285714286,59.15714285714286,10.4,-22.285024768326025
8.571428571428571,2.3714285714285714,4.957142857142857,6.5,-1.3714285714285717,1.9,82.84285714285714,0.1455714285714285,85.71428571428571,5.357142857142857,0.0142857142857142,21.357142857142858,90.34285714285714,1028.5,63.31428571428571,6.0,81.71549753651357
6.6000000000000005,2.8857142857142857,4.6571428571428575,4.142857142857143,-0.9714285714285714,1.3571428571428572,92.42857142857144,0.5635714285714285,57.142857142857146,2.9771428571428573,0.0,25.47142857142857,46.85714285714285,1010.3714285714284,76.82857142857142,8.357142857142858,-24.35257272080503
14.4,7.514285714285714,10.928571428571429,14.4,6.342857142857143,10.55714285714286,81.65714285714286,1.6977142857142855,100.0,5.3585714285714285,0.0,22.5,253.2142857142857,1012.657142857143,75.75714285714285,13.3,15.34974989918669
7.5,2.571428571428572,5.1000000000000005,4.542857142857143,-1.4428571428571428,1.2428571428571429,86.45714285714287,6.079142857142857,100.0,13.095714285714283,0.0428571428571428,37.32857142857143,213.44285714285712,993.9,72.31428571428572,10.757142857142856,6.895685456845513
17.214285714285715,9.985714285714286,13.514285714285714,17.214285714285715,9.157142857142857,13.4,79.75714285714285,1.596,42.85714285714285,5.357142857142857,0.0,20.77142857142857,212.45714285714288,1014.9285714285714,51.01428571428572,11.914285714285716,28.35679337813792
12.4,5.314285714285714,8.571428571428571,12.214285714285714,2.6714285714285717,7.185714285714285,79.89999999999999,0.7522857142857143,57.142857142857146,4.167142857142857,0.0,21.52857142857143,139.02857142857144,1011.5285714285714,66.08571428571429,8.8,-15.704684440464687
23.74285714285714,12.742857142857144,18.142857142857142,23.728571428571428,12.6,18.114285714285717,68.08571428571427,0.0042857142857142,14.285714285714286,0.5957142857142858,0.0,24.52857142857143,183.2428571428572,1021.9714285714286,64.55714285714285,10.671428571428573,32.745008960149335
6.042857142857143,0.8142857142857143,3.242857142857143,2.971428571428571,-3.6,-0.2857142857142857,90.11428571428571,5.280428571428572,100.0,14.285714285714286,0.1142857142857143,27.514285714285712,127.38571428571429,998.4428571428572,67.6,7.085714285714286,69.43473415207018
25.52857142857143,15.171428571428573,20.142857142857142,25.814285714285717,15.171428571428573,20.2,72.95714285714286,0.0201428571428571,28.571428571428573,1.1914285714285715,0.0,19.02857142857143,122.62857142857142,1019.4,38.04285714285714,8.285714285714286,152.94922664899957
7.8428571428571425,2.0,4.885714285714286,4.628571428571428,-2.4,1.042857142857143,86.41428571428571,1.9667142857142856,85.71428571428571,10.714285714285714,0.0285714285714285,31.028571428571432,248.44285714285712,1007.1285714285714,58.48571428571428,8.957142857142857,34.03415161833914
9.585714285714284,4.1,6.785714285714286,8.028571428571428,0.5285714285714286,3.914285714285714,80.54285714285713,2.099857142857142,85.71428571428571,8.332857142857142,0.0,28.185714285714283,277.75714285714287,1013.4857142857144,60.785714285714285,12.071428571428571,9.189900229982072
19.25714285714286,13.485714285714286,16.17142857142857,19.25714285714286,13.485714285714286,16.17142857142857,86.84285714285714,0.7348571428571429,85.71428571428571,10.118571428571428,0.0,25.15714285714285,250.47142857142856,1017.4428571428572,76.17142857142858,10.957142857142856,-20.274162855911413
15.028571428571428,8.957142857142857,11.971428571428572,15.028571428571428,7.528571428571428,11.542857142857144,87.94285714285715,0.88,85.71428571428571,4.762857142857143,0.0,30.842857142857145,233.57142857142856,1014.842857142857,69.87142857142858,10.385714285714286,10.032076156869152
6.828571428571428,0.6571428571428571,3.642857142857143,5.742857142857143,-1.5285714285714285,2.271428571428572,85.74285714285715,0.2767142857142857,42.85714285714285,2.381428571428572,0.0,16.585714285714285,152.05714285714288,1020.0285714285714,65.04285714285714,7.8428571428571425,11.282863805529814
9.44285714285714,2.7857142857142856,5.857142857142857,7.385714285714285,-0.6857142857142857,2.9,79.48571428571428,1.4948571428571429,57.142857142857146,3.571428571428572,0.0,27.65714285714285,110.04285714285712,1013.4,55.57142857142857,9.957142857142856,-48.70277634391573
14.528571428571428,6.885714285714286,10.62857142857143,13.685714285714283,4.642857142857143,9.171428571428573,71.34285714285714,0.153,28.571428571428573,1.1914285714285715,0.0,24.385714285714283,178.18571428571428,1016.2,56.58571428571429,13.485714285714286,-35.29969357106597
18.457142857142856,10.0,14.285714285714286,18.457142857142856,9.285714285714286,14.2,70.47142857142858,0.0582857142857142,28.571428571428573,1.1914285714285715,0.0,14.971428571428572,170.31428571428572,1023.7142857142856,57.52857142857143,10.685714285714283,-6.08948462391686
11.62857142857143,2.542857142857143,6.928571428571429,11.62857142857143,-2.085714285714286,4.214285714285714,69.31428571428572,0.0168571428571428,14.285714285714286,0.5957142857142858,0.0,32.628571428571426,33.857142857142854,1017.5428571428572,28.542857142857144,9.985714285714286,31.26531572867225
18.7,8.7,13.671428571428573,18.7,6.428571428571429,13.014285714285714,77.60000000000001,2.092714285714285,57.142857142857146,3.571428571428572,0.0,23.985714285714288,133.5,1016.4857142857144,62.1,13.385714285714286,-13.52369980187268
10.714285714285714,5.585714285714286,8.1,9.985714285714286,2.7,6.2,88.7,3.498285714285714,42.85714285714285,4.761428571428572,0.0,19.042857142857144,112.94285714285714,1013.0714285714286,77.60000000000001,5.8,-48.76759937774591
5.628571428571428,0.7714285714285715,3.142857142857143,2.9,-3.2285714285714286,-0.0714285714285714,90.54285714285712,0.0067142857142857,28.571428571428573,1.7857142857142858,0.0,19.485714285714288,78.8,1036.7285714285715,67.75714285714285,7.428571428571429,-69.97526808785756
21.27142857142857,11.285714285714286,16.04285714285714,21.27142857142857,10.985714285714286,16.0,65.5,0.0,0.0,0.0,0.0,19.7,233.1142857142857,1024.142857142857,50.98571428571428,11.55714285714286,4.163180428839496
10.114285714285714,4.4,7.114285714285714,8.871428571428572,0.6714285714285714,4.257142857142857,85.24285714285715,2.013571428571429,71.42857142857143,7.737142857142857,0.0,36.22857142857143,208.94285714285712,1017.842857142857,61.48571428571428,11.742857142857144,1.4663595561391958
9.257142857142856,5.528571428571429,7.685714285714285,8.671428571428573,3.257142857142857,6.057142857142857,98.32857142857142,48.51014285714286,100.0,64.88142857142857,0.0,18.17142857142857,202.87142857142857,1026.3714285714286,87.54285714285713,8.428571428571429,-72.12740898174684
9.957142857142856,1.842857142857143,6.1000000000000005,8.8,-0.0428571428571428,4.014285714285714,76.82857142857142,0.2918571428571428,71.42857142857143,4.761428571428572,0.0,27.571428571428573,264.54285714285714,1012.7857142857144,53.74285714285714,13.728571428571428,6.91082743335437
20.12857142857143,13.514285714285714,16.657142857142855,20.12857142857143,13.228571428571428,16.614285714285714,82.07142857142857,0.5861428571428571,71.42857142857143,10.118571428571428,0.0,27.885714285714283,181.9857142857143,1018.8142857142858,60.41428571428571,10.44285714285714,-33.43970328526814
19.585714285714285,12.12857142857143,15.12857142857143,19.585714285714285,12.12857142857143,15.12857142857143,82.89999999999999,0.8701428571428572,57.142857142857146,2.9771428571428573,0.0,27.085714285714285,200.95714285714288,1024.1571428571428,61.08571428571429,13.157142857142857,35.97331702835152
24.47142857142857,11.457142857142856,17.942857142857143,24.428571428571427,11.457142857142856,17.942857142857143,69.1,0.1081428571428571,28.571428571428573,1.1914285714285715,0.0,19.942857142857143,168.52857142857144,1022.4142857142856,49.25714285714286,10.485714285714286,25.12890734788164
11.457142857142856,7.785714285714286,9.62857142857143,10.94285714285714,5.614285714285715,8.114285714285714,86.48571428571428,4.918571428571428,100.0,10.118571428571428,0.0,38.98571428571428,180.58571428571423,1013.2714285714284,77.02857142857144,9.857142857142858,31.015747692080826
13.642857142857142,7.8428571428571425,10.5,13.328571428571427,6.814285714285715,9.885714285714286,85.57142857142857,1.0115714285714286,71.42857142857143,4.167142857142857,0.0,24.3,153.97142857142856,1011.5857142857144,68.85714285714286,17.085714285714285,-10.551112708973506
16.1,9.285714285714286,12.814285714285717,16.1,8.328571428571427,12.55714285714286,77.21428571428571,1.156285714285714,71.42857142857143,5.952857142857143,0.0,27.685714285714287,283.4714285714286,1016.0,61.84285714285714,17.7,-15.550016142544337
21.02857142857143,11.228571428571428,16.45714285714286,21.02857142857143,10.685714285714283,16.37142857142857,77.77142857142857,0.0,0.0,0.0,0.0,23.785714285714285,174.8857142857143,1017.2142857142856,42.642857142857146,10.62857142857143,-11.933310760671247
18.485714285714288,11.914285714285716,14.9,18.485714285714288,11.471428571428572,14.885714285714286,86.89999999999999,4.135285714285714,100.0,13.097142857142858,0.0,24.97142857142857,225.95714285714283,1006.6142857142858,59.01428571428572,9.914285714285716,29.7186197457213
16.571428571428573,8.814285714285715,12.94285714285714,16.571428571428573,7.142857142857143,12.514285714285714,81.11428571428571,0.8248571428571428,71.42857142857143,10.12,0.0,29.928571428571427,188.22857142857143,1021.842857142857,58.0,11.342857142857143,8.543030981477614
9.614285714285714,4.485714285714286,7.471428571428571,8.157142857142857,0.5285714285714286,4.5,86.57142857142857,4.2785714285714285,100.0,5.952857142857143,0.0,41.371428571428574,221.67142857142855,1002.7857142857144,75.39999999999999,13.328571428571427,14.898337300265212
13.428571428571429,6.9,10.214285714285714,13.428571428571429,4.0,9.014285714285714,78.8,1.0084285714285717,71.42857142857143,7.142857142857143,0.0,31.4,261.62857142857143,1018.9714285714286,54.94285714285714,9.485714285714286,-3.325521564944552
15.242857142857144,5.628571428571428,10.185714285714283,15.242857142857144,4.0285714285714285,9.342857142857143,74.27142857142857,0.0261428571428571,28.571428571428573,1.1914285714285715,0.0,17.771428571428572,66.4,1027.5285714285717,43.371428571428574,8.9,-7.551949951752931
8.071428571428571,3.914285714285714,6.1,5.957142857142856,0.0714285714285715,3.2142857142857144,91.88571428571429,2.2512857142857143,100.0,16.071428571428573,0.0,29.61428571428572,257.04285714285714,1017.4714285714286,62.871428571428574,11.2,-1.2333188987149697
4.228571428571429,-0.8428571428571429,1.5,0.7714285714285716,-6.171428571428572,-2.7,84.94285714285715,0.2261428571428571,71.42857142857143,4.761428571428572,1.45,29.24285714285714,104.88571428571429,1018.8285714285714,75.47142857142856,5.542857142857143,-25.549306128779108
8.657142857142857,4.314285714285714,6.6571428571428575,6.085714285714286,0.5714285714285714,3.242857142857143,85.32857142857142,2.228285714285714,100.0,25.59714285714286,0.0,35.32857142857143,179.55714285714288,1004.9142857142856,60.285714285714285,10.87142857142857,-35.08436273607231
16.1,10.342857142857143,13.028571428571428,16.1,9.485714285714286,12.87142857142857,81.57142857142857,3.574428571428572,71.42857142857143,3.5728571428571425,0.0,25.071428571428573,279.1,1010.3285714285714,76.84285714285714,16.157142857142855,-5.273264873093126
24.285714285714285,14.971428571428572,19.214285714285715,24.3,14.971428571428572,19.228571428571428,74.8,1.0681428571428573,71.42857142857143,5.952857142857143,0.0,20.985714285714288,153.79999999999998,1015.6428571428572,43.07142857142857,11.62857142857143,-22.53738884540121
18.47142857142857,9.228571428571428,13.9,18.47142857142857,7.714285714285714,13.44285714285714,75.38571428571429,0.083,28.571428571428573,1.1914285714285715,0.0,21.214285714285715,240.78571428571428,1023.9285714285714,57.32857142857143,11.657142857142858,10.847218379710284
14.957142857142856,9.7,12.37142857142857,14.957142857142856,9.071428571428571,12.228571428571428,84.75714285714285,2.653142857142857,57.142857142857146,2.9771428571428573,0.0,31.37142857142857,208.95714285714288,1012.7857142857144,76.2,10.885714285714286,-61.33275210282409
10.4,5.728571428571429,8.071428571428571,9.62857142857143,2.8000000000000003,6.114285714285714,91.31428571428572,1.485,100.0,12.497142857142856,0.0,23.728571428571428,246.15714285714284,1019.4571428571428,67.82857142857144,9.55714285714286,10.861931479324085
17.857142857142858,5.571428571428571,11.757142857142856,17.857142857142858,4.271428571428571,11.37142857142857,60.42857142857143,0.0,0.0,0.0,0.0,23.2,117.95714285714288,1022.2857142857144,52.71428571428572,13.214285714285714,37.86914728058628
19.071428571428573,11.742857142857144,15.214285714285714,19.071428571428573,11.528571428571428,15.171428571428573,76.07142857142857,0.8874285714285713,57.142857142857146,2.9771428571428573,0.0,21.257142857142856,290.2,1017.657142857143,79.64285714285714,22.185714285714287,-7.171308440618532
11.071428571428571,7.857142857142857,9.642857142857142,10.785714285714286,5.085714285714286,8.114285714285714,91.7,0.620142857142857,71.42857142857143,4.761428571428572,0.0,32.5,226.07142857142856,1022.0142857142856,83.7,10.028571428571428,-95.85460476140292
14.5,7.928571428571429,10.885714285714286,14.5,5.528571428571429,9.7,84.31428571428572,0.0651428571428571,42.85714285714285,1.7871428571428571,0.0,29.3,84.07142857142857,1017.9285714285714,49.85714285714285,10.385714285714286,-36.91268224571877
17.45714285714286,11.285714285714286,14.4,17.45714285714286,10.985714285714286,14.328571428571427,84.87142857142858,6.130428571428571,85.71428571428571,20.23857142857143,0.0,26.042857142857144,235.52857142857144,1014.1285714285714,50.3,11.914285714285716,-54.10380036178037
9.742857142857144,4.571428571428571,6.928571428571429,7.7,0.2285714285714285,3.6,80.72857142857143,0.6849999999999999,42.85714285714285,3.572857142857143,0.0,32.8,142.87142857142857,1022.3142857142856,68.11428571428571,10.985714285714286,-16.515943199465482
13.528571428571428,8.27142857142857,10.928571428571429,13.528571428571428,6.9,10.357142857142858,84.55714285714285,3.969571428571428,71.42857142857143,17.26142857142857,0.0,24.542857142857144,122.34285714285714,1004.4428571428572,50.98571428571428,10.157142857142857,-19.97554436056214
20.25714285714286,13.385714285714286,16.514285714285712,20.25714285714286,13.385714285714286,16.514285714285712,81.3,0.4318571428571429,85.71428571428571,5.3585714285714285,0.0,21.2,211.55714285714288,1018.0571428571428,44.871428571428574,12.842857142857143,-21.978847046194687
23.37142857142857,13.185714285714283,17.942857142857143,23.37142857142857,13.185714285714283,17.942857142857143,70.67142857142856,0.0,0.0,0.0,0.0,21.02857142857143,83.25714285714285,1022.5142857142856,42.285714285714285,12.642857142857142,-11.055382359601596
5.642857142857143,-0.1428571428571428,2.4714285714285715,2.2857142857142856,-4.428571428571429,-1.6285714285714286,81.22857142857143,1.1854285714285715,71.42857142857143,5.355714285714286,2.2666666666666666,33.971428571428575,185.17142857142855,1008.3,56.0,16.814285714285713,-17.350676251491905
10.414285714285716,5.042857142857143,7.542857142857143,9.085714285714284,1.8285714285714287,4.828571428571428,88.2,1.887285714285715,100.0,7.738571428571428,0.0,29.82857142857143,146.94285714285712,1002.3142857142856,73.31428571428572,8.157142857142857,28.08108808110387
8.8,0.3285714285714285,4.071428571428571,6.671428571428572,-2.8285714285714283,1.3285714285714283,81.42857142857143,0.0272857142857142,57.142857142857146,2.382857142857143,0.0,22.585714285714285,86.14285714285714,1028.4,23.785714285714285,10.014285714285714,-20.77865371042958
18.314285714285717,9.985714285714284,14.528571428571428,18.314285714285717,9.342857142857142,14.357142857142858,69.71428571428571,0.225,28.571428571428573,2.38,0.0,23.014285714285712,301.5857142857143,1016.7,59.72857142857144,24.714285714285715,14.041222490674954
3.557142857142857,-2.6,0.142857142857143,0.7285714285714285,-6.342857142857143,-3.0142857142857147,80.05714285714285,0.0497142857142857,42.85714285714285,1.7871428571428571,1.4142857142857144,16.342857142857145,119.85714285714286,1031.757142857143,67.54285714285714,10.514285714285714,43.22278531459119
14.685714285714283,9.114285714285714,11.671428571428573,14.685714285714283,7.214285714285714,10.857142857142858,84.75714285714285,2.2884285714285717,100.0,11.31,0.0,26.1,183.97142857142856,1016.7428571428572,57.385714285714286,10.94285714285714,-8.570392941320051
9.271428571428572,4.485714285714286,6.728571428571429,7.528571428571428,0.5285714285714286,3.7714285714285714,81.41428571428571,1.4748571428571429,85.71428571428571,6.545714285714285,0.0,32.55714285714286,262.68571428571425,1009.8571428571428,64.84285714285714,21.357142857142858,14.460548061360214
20.5,14.014285714285714,17.04285714285714,20.5,14.014285714285714,17.04285714285714,78.7,1.4701428571428572,57.142857142857146,4.167142857142857,0.0,20.228571428571428,82.47142857142858,1015.6142857142858,78.17142857142858,10.742857142857144,-21.72105536884953
20.728571428571428,13.485714285714286,16.771428571428572,20.728571428571428,13.485714285714286,16.771428571428572,81.72857142857143,0.7104285714285714,85.71428571428571,7.74,0.0,19.1,159.47142857142856,1020.342857142857,38.68571428571429,9.9,18.83579369899724
12.342857142857143,8.014285714285714,10.514285714285714,12.342857142857143,5.714285714285714,9.757142857142856,94.1,3.895428571428572,85.71428571428571,20.23857142857143,0.0,32.6,153.02857142857144,1004.3857142857142,79.01428571428572,9.55714285714286,41.18552330923194
17.8,10.014285714285714,13.657142857142857,17.8,9.6,13.542857142857144,80.45714285714287,0.4587142857142857,28.571428571428573,1.7857142857142858,0.0,19.342857142857145,236.62857142857143,1022.3857142857142,60.62857142857143,12.257142857142856,41.9174670315615
9.957142857142856,4.614285714285714,7.571428571428571,8.4,2.3000000000000003,5.457142857142857,89.0,0.5854285714285714,71.42857142857143,3.5728571428571425,0.0,23.25714285714286,215.8142857142857,1017.6142857142858,79.55714285714285,9.342857142857143,0.848575226670846
20.342857142857145,13.685714285714283,16.614285714285714,20.342857142857145,13.685714285714283,16.614285714285714,77.92857142857143,3.418857142857143,57.142857142857146,11.31,0.0142857142857142,23.414285714285715,218.1,1015.4285714285714,65.72857142857143,11.5,5.261727691214787
11.342857142857143,7.271428571428571,9.428571428571429,11.342857142857143,5.085714285714286,7.928571428571429,90.27142857142856,0.5582857142857143,71.42857142857143,10.118571428571428,0.0,30.9,269.4857142857143,1023.0285714285714,69.67142857142856,8.785714285714286,-78.231428389656
20.65714285714285,12.971428571428572,16.685714285714287,20.65714285714285,12.971428571428572,16.685714285714287,75.39999999999999,0.5889999999999999,28.571428571428573,2.381428571428572,0.0,25.91428571428571,275.2285714285714,1017.2857142857144,51.0,13.05714285714286,-10.66451649522378
14.12857142857143,4.228571428571429,9.185714285714283,13.571428571428571,2.042857142857143,7.614285714285714,69.8,0.0598571428571428,28.571428571428573,1.1914285714285715,0.0,22.27142857142857,269.6,1027.8,44.74285714285714,17.085714285714285,-30.291562270780105
14.2,5.442857142857142,9.714285714285714,13.657142857142857,3.128571428571429,8.171428571428573,75.04285714285713,0.3128571428571428,57.142857142857146,4.1657142857142855,0.0,25.428571428571427,236.78571428571428,1020.0142857142856,58.27142857142858,15.985714285714286,-38.95725570265836
14.657142857142857,7.785714285714286,10.528571428571428,14.657142857142857,5.228571428571429,9.428571428571429,81.41428571428571,1.0968571428571428,100.0,11.31,0.0,26.17142857142857,224.44285714285715,1025.9142857142856,72.85714285714286,10.2,-7.178221250467686
13.085714285714284,8.885714285714286,10.757142857142856,13.085714285714284,7.471428571428571,10.414285714285716,88.61428571428573,6.678,100.0,32.73714285714286,0.0,23.82857142857143,187.6142857142857,1003.6142857142858,63.371428571428574,11.228571428571428,65.19208457027571
8.67142857142857,4.4,6.585714285714286,6.171428571428572,0.9,3.242857142857143,88.54285714285713,2.835,100.0,24.40285714285714,0.0,30.8,211.82857142857145,1003.0428571428572,62.114285714285714,10.528571428571428,19.4476059863307
12.771428571428572,8.571428571428571,10.457142857142856,12.771428571428572,6.671428571428572,9.571428571428571,85.84285714285714,2.0342857142857143,100.0,10.715714285714286,0.0,32.2,170.17142857142858,1014.3857142857142,75.60000000000001,9.7,32.91461360741664
8.428571428571429,4.442857142857143,6.357142857142857,6.828571428571428,0.7428571428571429,3.728571428571428,88.11428571428571,6.864,100.0,32.142857142857146,0.0,29.45714285714286,192.94285714285712,994.5285714285714,65.42857142857143,10.028571428571428,4.242232868460405
8.428571428571429,4.5285714285714285,6.5857142857142845,7.3,1.4714285714285715,4.485714285714286,80.61428571428571,0.1261428571428571,42.85714285714285,2.381428571428572,0.0,24.942857142857143,194.1,1029.2857142857142,81.60000000000001,12.2,22.2565621553847
7.728571428571429,3.185714285714286,5.6571428571428575,4.471428571428572,-0.6142857142857142,2.0285714285714285,85.37142857142858,0.5164285714285715,71.42857142857143,4.762857142857143,0.0,30.571428571428573,245.8714285714286,1022.9857142857144,60.54285714285714,10.685714285714283,-38.10845027622895
18.242857142857144,11.485714285714286,14.94285714285714,18.242857142857144,11.485714285714286,14.94285714285714,73.71428571428571,3.2972857142857146,57.142857142857146,18.452857142857145,0.0,21.75714285714286,200.65714285714284,1010.4285714285714,52.74285714285714,13.314285714285717,19.879804071403555
21.914285714285715,12.728571428571428,16.842857142857145,21.87142857142857,12.728571428571428,16.842857142857145,73.38571428571429,0.571,57.142857142857146,3.571428571428572,0.0,27.4,193.82857142857145,1012.657142857143,61.15714285714286,16.942857142857143,26.104984521047527
11.585714285714287,7.485714285714286,9.428571428571429,11.257142857142856,5.114285714285714,7.814285714285715,90.37142857142858,0.976,85.71428571428571,5.952857142857143,0.0,24.014285714285712,183.05714285714288,1007.5857142857144,75.44285714285715,7.471428571428571,-33.29435361308356
8.5,4.728571428571429,6.557142857142857,6.485714285714286,1.3285714285714287,3.6,93.58571428571427,4.618571428571428,100.0,22.02285714285714,0.0,25.285714285714285,207.92857142857144,1004.0857142857144,61.785714285714285,9.057142857142855,67.79029113558113
12.757142857142856,7.0,10.214285714285714,12.757142857142856,4.128571428571428,8.928571428571429,81.57142857142857,1.1515714285714285,85.71428571428571,4.762857142857143,15.0,31.300000000000004,230.9,1015.3285714285714,71.85714285714286,18.6,62.01830988830318
3.6,-0.3285714285714285,1.5285714285714285,-0.5428571428571428,-5.457142857142857,-2.8285714285714287,87.02857142857144,0.1184285714285714,85.71428571428571,4.762857142857143,0.0,26.82857142857143,26.2,1018.2428571428572,67.88571428571429,10.2,-61.57431177235458
19.17142857142857,12.828571428571427,15.657142857142857,19.17142857142857,12.828571428571427,15.657142857142857,83.54285714285713,2.3422857142857145,85.71428571428571,7.144285714285714,0.0,22.37142857142857,229.0142857142857,1019.0285714285714,63.285714285714285,11.842857142857143,-28.10544088349184
19.0,11.242857142857144,15.0,19.0,11.114285714285714,14.985714285714286,78.42857142857143,0.0334285714285714,28.571428571428573,1.7857142857142858,0.0,18.27142857142857,232.4,1016.1142857142858,78.68571428571428,18.342857142857145,36.83225870034176
22.042857142857144,14.428571428571429,17.67142857142857,22.0,14.428571428571429,17.67142857142857,83.8,0.3177142857142857,42.85714285714285,2.381428571428572,0.0,25.385714285714283,255.4857142857143,1014.4714285714286,67.37142857142858,12.157142857142857,0.9294787252422338
14.757142857142856,7.771428571428571,10.842857142857143,14.757142857142856,5.385714285714286,10.071428571428571,80.17142857142858,1.372142857142857,85.71428571428571,5.3585714285714285,0.0,22.957142857142856,112.7,1007.4857142857144,56.22857142857142,10.114285714285714,71.74875805349745
20.9,9.328571428571427,15.328571428571427,20.9,8.685714285714285,15.271428571428572,67.74285714285715,0.0054285714285714,14.285714285714286,0.5957142857142858,0.0,16.057142857142857,79.89999999999999,1026.9857142857145,47.142857142857146,11.042857142857144,7.053447708841645
17.285714285714285,9.771428571428572,13.228571428571428,17.285714285714285,8.814285714285715,13.042857142857144,77.89999999999999,1.9918571428571428,85.71428571428571,16.667142857142856,0.0,21.74285714285714,183.8571428571429,1009.0857142857144,56.471428571428575,12.014285714285714,-2.763984127364097
15.542857142857144,9.44285714285714,12.62857142857143,15.542857142857144,8.257142857142858,12.271428571428572,86.97142857142858,2.6825714285714284,71.42857142857143,5.355714285714286,0.0,27.1,194.5,1002.5142857142856,71.32857142857144,19.17142857142857,-26.90437131181511
18.47142857142857,8.785714285714286,13.414285714285713,18.47142857142857,7.742857142857143,13.057142857142855,79.95714285714287,0.0787142857142857,42.85714285714285,2.381428571428572,0.0,23.87142857142857,221.32857142857145,1019.9857142857144,48.871428571428574,12.042857142857144,-33.073805181548096
20.142857142857142,10.8,15.342857142857143,20.142857142857142,10.357142857142858,15.157142857142857,78.51428571428572,0.5842857142857143,57.142857142857146,6.548571428571429,0.0,22.3,188.41428571428568,1020.2285714285714,42.04285714285714,11.257142857142856,17.157813962641058
5.314285714285715,1.8571428571428568,3.542857142857143,2.3142857142857145,-1.9714285714285715,-0.157142857142857,83.8,0.0708571428571428,57.142857142857146,2.9771428571428573,0.0,25.057142857142857,128.12857142857143,1018.0142857142856,88.14285714285714,9.1,11.66763954769158
14.514285714285714,10.05714285714286,12.085714285714284,14.514285714285714,9.228571428571428,12.0,85.42857142857143,6.802142857142856,100.0,14.287142857142856,0.0,33.5,191.05714285714288,1003.3142857142856,76.51428571428572,10.985714285714286,-1.8378994860778448
12.5,7.814285714285715,10.142857142857142,12.5,5.6,9.228571428571428,91.24285714285716,5.841142857142857,100.0,17.26142857142857,0.0,24.228571428571428,102.01428571428572,1012.3142857142856,69.68571428571428,8.442857142857143,-16.08941553297086
8.642857142857142,2.3428571428571425,5.414285714285714,5.6000000000000005,-2.2285714285714286,1.614285714285714,70.12857142857142,0.5552857142857143,85.71428571428571,4.762857142857143,1.55,33.15714285714286,142.77142857142857,1017.6142857142858,65.32857142857144,12.928571428571429,11.286157371102718
12.985714285714286,8.0,10.157142857142857,12.55714285714286,5.314285714285715,8.814285714285715,88.22857142857143,7.363142857142857,100.0,25.59714285714286,0.0,27.11428571428572,183.2428571428572,1002.1428571428572,57.1,11.4,-1.236194620091851
15.114285714285714,7.128571428571428,11.042857142857144,15.114285714285714,5.342857142857143,10.357142857142858,80.85714285714286,2.8200000000000003,42.85714285714285,11.904285714285717,0.0,20.12857142857143,158.35714285714286,1028.9428571428573,39.18571428571429,11.114285714285714,28.62977800528563
11.5,3.157142857142857,7.485714285714286,10.37142857142857,0.1714285714285714,5.514285714285714,72.91428571428571,0.0435714285714285,28.571428571428573,1.1914285714285715,0.0,22.1,128.38571428571427,1019.2714285714284,58.471428571428575,12.657142857142857,30.81385975950297
12.142857142857142,5.228571428571429,8.428571428571429,11.8,3.6857142857142855,7.242857142857143,90.34285714285714,0.1108571428571428,71.42857142857143,3.5728571428571425,0.0,24.457142857142856,145.4857142857143,1017.2571428571428,71.6,6.371428571428572,32.964218724920784
19.428571428571427,12.671428571428573,15.785714285714286,19.428571428571427,12.671428571428573,15.785714285714286,81.21428571428571,1.9188571428571424,85.71428571428571,8.928571428571429,0.0,21.25714285714286,221.52857142857144,1015.0285714285714,66.22857142857143,12.157142857142857,-42.16280517140774
11.87142857142857,8.014285714285714,9.757142857142856,11.114285714285714,5.371428571428572,8.3,92.65714285714286,1.2612857142857143,85.71428571428571,7.142857142857143,0.0,24.2,113.87142857142857,1019.3142857142856,65.35714285714286,6.6000000000000005,8.339713092401439
17.17142857142857,10.257142857142856,13.671428571428573,17.17142857142857,9.085714285714284,13.5,79.81428571428572,1.658,42.85714285714285,2.975714285714285,0.0,25.714285714285715,149.34285714285716,1011.3857142857142,71.41428571428571,11.614285714285714,27.66987003299994
21.82857142857143,13.44285714285714,17.485714285714288,21.82857142857143,13.44285714285714,17.485714285714288,74.52857142857144,0.1278571428571428,28.571428571428573,2.38,0.0,18.842857142857145,276.2285714285714,1017.2,65.98571428571428,12.342857142857143,-35.210809626644505
8.085714285714285,2.042857142857143,4.857142857142857,5.1000000000000005,-1.5714285714285714,1.3571428571428572,83.94285714285715,1.816,100.0,20.83285714285714,0.0,27.62857142857143,167.3857142857143,1010.1,54.142857142857146,10.385714285714286,-9.02946861634166
24.714285714285715,14.042857142857144,19.15714285714285,24.385714285714283,14.042857142857144,19.1,70.65714285714286,2.974,42.85714285714285,4.761428571428572,0.0,20.62857142857143,157.25714285714284,1013.7,47.957142857142856,11.085714285714284,52.03056352973272
10.271428571428572,3.657142857142857,6.885714285714286,9.328571428571427,0.5714285714285714,4.842857142857143,89.87142857142858,0.5922857142857143,57.142857142857146,4.167142857142857,0.0,23.52857142857143,177.74285714285716,1016.4,70.42857142857143,7.214285714285714,13.09856083501927
15.742857142857144,6.014285714285714,11.171428571428573,15.742857142857144,3.5285714285714285,10.428571428571429,75.95714285714287,0.2414285714285714,28.571428571428573,2.975714285714285,0.0,19.085714285714285,178.95714285714286,1021.4285714285714,42.68571428571429,11.528571428571428,-2.8227158901800067
16.22857142857143,9.157142857142857,12.728571428571428,16.22857142857143,8.371428571428572,12.542857142857144,71.57142857142857,3.712285714285714,85.71428571428571,10.714285714285714,0.0,31.6,240.1142857142857,1007.4857142857144,60.08571428571429,13.685714285714283,-7.893376637074994
9.94285714285714,6.057142857142857,7.8428571428571425,9.057142857142855,2.142857142857143,4.714285714285714,92.08571428571427,6.033142857142858,85.71428571428571,9.522857142857143,0.0,35.51428571428571,245.4142857142857,1016.0,76.65714285714286,6.642857142857143,7.455753120228564
17.514285714285712,9.985714285714286,13.514285714285714,17.514285714285712,9.3,13.44285714285714,72.87142857142858,0.5254285714285715,42.85714285714285,2.381428571428572,0.0,18.04285714285714,183.0,1020.7285714285716,82.05714285714285,7.8,2.9677925862825987
21.97142857142857,11.414285714285716,16.985714285714288,21.97142857142857,11.271428571428572,16.985714285714288,63.31428571428571,0.1437142857142857,28.571428571428573,1.1914285714285715,0.0,18.814285714285717,164.87142857142857,1026.757142857143,28.042857142857144,10.428571428571429,75.17437646748442
13.314285714285717,6.9,9.914285714285716,13.314285714285717,5.185714285714285,9.128571428571428,80.27142857142857,1.677,85.71428571428571,5.951428571428571,0.0,22.6,156.68571428571428,1004.4428571428572,71.54285714285713,21.02857142857143,-35.006783890033034
16.585714285714285,8.114285714285714,12.62857142857143,16.585714285714285,7.6,12.314285714285717,76.04285714285713,0.2605714285714285,28.571428571428573,1.1914285714285715,0.0,23.928571428571427,148.17142857142858,1017.0142857142856,58.75714285714286,8.814285714285715,4.08871127183545
9.857142857142858,6.457142857142856,8.157142857142857,9.485714285714284,3.057142857142857,5.885714285714286,87.28571428571429,4.723714285714286,100.0,11.905714285714286,0.0,38.24285714285714,228.64285714285717,1004.4428571428572,68.64285714285714,11.071428571428571,-22.950900114058868
9.385714285714286,0.5142857142857143,4.5285714285714285,7.514285714285714,-3.314285714285714,1.542857142857143,74.05714285714285,0.0414285714285714,28.571428571428573,1.1914285714285715,0.0,23.97142857142857,124.42857142857144,1029.6571428571428,31.985714285714284,13.657142857142857,-18.208349428719657
21.214285714285715,13.814285714285717,17.242857142857144,21.214285714285715,13.814285714285717,17.242857142857144,76.39999999999999,2.2651428571428576,71.42857142857143,11.905714285714286,0.0,23.62857142857143,219.0,1011.0142857142856,56.885714285714286,12.542857142857144,-29.93942977674681
14.771428571428572,7.371428571428572,10.714285714285714,14.771428571428572,5.728571428571429,9.9,82.11428571428571,4.342857142857143,100.0,10.715714285714286,0.0,26.32857142857143,214.95714285714288,1011.8285714285714,69.18571428571428,12.114285714285714,-36.96659177168863
3.0285714285714285,-1.3142857142857145,0.8142857142857143,1.0714285714285714,-5.057142857142857,-2.242857142857143,85.34285714285714,0.044,57.142857142857146,3.571428571428572,3.0,19.47142857142857,94.35714285714286,1033.2714285714285,66.62857142857142,4.142857142857143,48.699075144792914
16.785714285714285,9.2,12.842857142857143,16.785714285714285,7.414285714285714,12.514285714285714,78.08571428571429,2.765,57.142857142857146,7.142857142857143,0.0,27.285714285714285,169.0142857142857,1011.9857142857144,71.77142857142857,12.228571428571428,18.74268911544118
22.1,12.3,17.4,22.1,12.3,17.4,76.31428571428572,0.1975714285714285,14.285714285714286,0.5957142857142858,0.0,16.942857142857143,180.6142857142857,1018.0,57.8,13.014285714285714,89.38949725019302
22.071428571428573,13.728571428571428,17.228571428571428,22.071428571428573,13.62857142857143,17.228571428571428,81.37142857142858,0.0925714285714285,14.285714285714286,1.19,0.0,21.0,234.8857142857143,1016.9857142857144,65.41428571428571,10.485714285714286,-80.24141444657664
21.97142857142857,11.585714285714284,16.928571428571427,21.97142857142857,11.528571428571428,16.928571428571427,72.67142857142856,0.2098571428571428,28.571428571428573,1.1914285714285715,0.0,19.557142857142857,181.1,1013.5571428571428,54.85714285714285,6.714285714285714,23.07837324594584
13.528571428571428,9.414285714285716,11.157142857142857,13.528571428571428,7.814285714285714,10.671428571428573,88.38571428571429,2.623428571428572,100.0,10.712857142857144,0.0,33.15714285714286,228.64285714285717,1011.4428571428572,77.78571428571429,10.071428571428571,25.95496347302128
20.442857142857143,15.171428571428573,17.45714285714286,20.542857142857144,15.171428571428573,17.45714285714286,88.62857142857142,3.53,85.71428571428571,7.142857142857143,0.0,24.02857142857143,92.85714285714286,1017.2571428571428,79.55714285714285,8.128571428571428,32.52290395223065
4.828571428571428,-0.8142857142857144,1.871428571428572,2.3,-5.328571428571428,-1.4428571428571428,79.18571428571428,0.0,0.0,0.0,0.0,23.37142857142857,256.3285714285714,1015.3142857142856,56.285714285714285,13.542857142857144,-18.359035555371293
17.9,9.571428571428571,13.885714285714286,17.9,8.685714285714285,13.742857142857144,76.77142857142857,2.584,71.42857142857143,16.665714285714284,0.0,23.585714285714285,133.32857142857142,1007.7,41.44285714285714,12.2,-26.27778593286496
7.014285714285714,2.185714285714285,4.571428571428571,3.571428571428572,-2.2857142857142856,0.5285714285714285,92.02857142857144,0.997714285714286,100.0,14.285714285714286,0.0142857142857142,27.057142857142857,67.87142857142858,1017.1142857142858,62.3,8.028571428571428,-65.37435733331063
9.0,2.414285714285714,5.671428571428572,6.914285714285714,-1.3142857142857145,2.7142857142857144,82.32857142857142,0.6254285714285714,85.71428571428571,4.762857142857143,0.0,30.8,176.45714285714286,1010.8285714285714,58.34285714285714,12.585714285714284,61.186977797747886
7.457142857142856,0.7285714285714285,3.914285714285714,5.957142857142857,-1.9714285714285715,1.6,89.64285714285714,0.342,85.71428571428571,7.738571428571428,0.0,19.714285714285715,213.54285714285717,1031.8714285714284,69.77142857142857,7.3428571428571425,-32.147322657100176
12.614285714285714,8.2,10.271428571428572,12.614285714285714,5.114285714285714,8.9,88.34285714285714,1.1031428571428572,85.71428571428571,5.357142857142857,0.0,33.44285714285714,197.04285714285717,1003.7714285714284,88.27142857142857,12.857142857142858,40.16400738665129
13.928571428571429,5.957142857142857,9.657142857142857,13.928571428571429,3.5285714285714285,8.628571428571428,83.71428571428571,0.918142857142857,100.0,9.524285714285714,0.0,21.385714285714283,189.0,1010.1714285714286,56.42857142857143,7.257142857142857,-36.74004946334821
25.62857142857143,12.914285714285716,18.97142857142857,25.642857142857142,12.914285714285716,18.97142857142857,62.271428571428565,0.0972857142857143,14.285714285714286,0.5957142857142858,14.0,21.87142857142857,88.31428571428572,1020.6285714285716,26.17142857142857,11.87142857142857,-30.577098641632915
12.742857142857144,4.6571428571428575,8.471428571428572,12.742857142857144,0.7142857142857143,6.3,70.2,0.0,0.0,0.0,0.0,26.75714285714286,47.07142857142857,1026.7857142857142,46.62857142857143,12.642857142857142,-16.3880752809996
17.54285714285714,11.285714285714286,14.3,17.54285714285714,11.12857142857143,14.285714285714286,84.25714285714285,1.9557142857142855,85.71428571428571,16.072857142857142,0.0,22.62857142857143,281.1428571428572,1018.657142857143,65.32857142857142,11.614285714285714,-8.391932517154714
12.314285714285717,6.7,9.414285714285716,12.314285714285717,3.4857142857142853,7.814285714285715,88.01428571428572,0.2665714285714285,42.85714285714285,2.381428571428572,0.0,38.85714285714285,208.94285714285712,1017.3285714285712,71.6,11.171428571428573,24.811724026616048
12.085714285714284,3.4714285714285715,7.357142857142857,11.771428571428572,1.957142857142857,6.271428571428571,84.17142857142858,0.0297142857142857,28.571428571428573,1.1914285714285715,0.0,16.514285714285712,194.65714285714284,1028.6571428571428,47.12857142857143,10.9,-17.852637755395904
11.071428571428571,4.357142857142857,7.399999999999999,10.071428571428571,1.5714285714285714,5.214285714285714,83.28571428571429,1.304142857142857,57.142857142857146,4.761428571428572,0.0,25.071428571428573,264.7,1016.657142857143,67.27142857142857,12.014285714285714,10.112414893080311
8.442857142857143,4.285714285714286,6.428571428571429,6.614285714285714,0.7857142857142856,3.6714285714285713,88.85714285714286,0.6321428571428571,100.0,6.547142857142857,0.0,24.17142857142857,259.5285714285714,1025.3714285714286,74.81428571428572,10.642857142857142,11.2604220002504
21.914285714285715,10.642857142857142,15.714285714285714,21.914285714285715,10.642857142857142,15.714285714285714,83.28571428571429,0.0,0.0,0.0,0.0,11.242857142857144,134.07142857142858,1022.9428571428572,39.114285714285714,6.528571428571429,20.874706587044894
11.37142857142857,4.728571428571429,7.685714285714285,9.985714285714286,0.6285714285714284,4.742857142857143,85.04285714285713,1.7455714285714286,57.142857142857146,4.1657142857142855,0.0,31.642857142857142,254.4,1008.8285714285714,63.51428571428572,8.685714285714285,19.477911237270064
16.428571428571427,10.685714285714283,13.657142857142858,16.428571428571427,9.9,13.62857142857143,86.85714285714286,0.9515714285714284,71.42857142857143,4.167142857142857,0.0,25.11428571428572,249.8857142857143,1017.0571428571428,84.14285714285714,10.971428571428572,15.572736657835662
7.528571428571428,4.0285714285714285,5.671428571428572,6.057142857142857,0.5714285714285714,3.071428571428572,86.74285714285715,0.1972857142857143,71.42857142857143,5.357142857142857,0.0,21.457142857142856,161.08571428571426,1017.3857142857142,59.8,10.271428571428572,-52.5760486304539
14.885714285714286,7.442857142857143,11.2,14.885714285714286,5.8,10.44285714285714,84.39999999999999,1.458,71.42857142857143,5.355714285714286,0.0,26.057142857142857,173.14285714285714,1012.7714285714284,61.142857142857146,13.071428571428571,-2.457099921909048
4.7,0.3571428571428572,2.3428571428571425,1.2428571428571429,-4.0,-1.8142857142857145,90.11428571428571,1.5791428571428572,85.71428571428571,10.118571428571428,0.8428571428571429,28.942857142857147,201.55714285714288,997.2,59.21428571428572,10.514285714285714,38.9351858206353
15.857142857142858,9.471428571428572,12.9,15.857142857142858,8.314285714285715,12.585714285714284,84.24285714285715,1.731142857142857,85.71428571428571,7.738571428571428,0.0,30.457142857142856,218.52857142857144,1015.4428571428572,63.02857142857143,12.214285714285714,-2.4986780637980246
5.142857142857143,1.1857142857142855,3.5142857142857147,3.5428571428571423,-1.3,1.0714285714285714,89.0,0.1855714285714285,71.42857142857143,4.167142857142857,0.0,17.242857142857144,140.27142857142857,1036.4714285714283,81.07142857142857,8.057142857142857,3.8882727061270543
13.457142857142856,7.571428571428571,10.471428571428572,13.071428571428571,4.1,8.971428571428572,82.65714285714286,2.661857142857143,85.71428571428571,17.857142857142858,0.0,30.957142857142856,201.62857142857143,1013.657142857143,71.85714285714286,10.6,-26.02799179587919
17.900000000000002,11.485714285714284,14.685714285714283,17.900000000000002,11.485714285714284,14.685714285714283,80.3,1.6964285714285714,57.142857142857146,6.548571428571429,0.0,27.485714285714288,273.1,1013.9285714285714,64.28571428571429,12.642857142857142,-11.30432239103311
12.071428571428571,2.9,7.314285714285715,11.7,-0.8857142857142858,4.685714285714285,73.47142857142856,0.2408571428571428,14.285714285714286,0.5957142857142858,0.0,31.485714285714288,210.9714285714286,1017.2,52.72857142857144,13.085714285714284,-4.748143762788004
8.642857142857142,1.2285714285714284,4.742857142857143,6.871428571428571,-1.9857142857142855,2.042857142857143,85.85714285714286,0.2895714285714286,28.571428571428573,1.7857142857142858,0.0,28.65714285714285,240.9857142857143,1021.4142857142858,53.3,14.785714285714286,-39.61276410279174
9.285714285714286,3.085714285714286,6.214285714285714,7.3,-0.7285714285714285,2.9714285714285715,82.15714285714286,2.544714285714285,85.71428571428571,13.097142857142858,0.0,30.25714285714286,259.4142857142857,1024.357142857143,51.54285714285714,12.871428571428572,-36.52650643071115
13.885714285714286,6.114285714285714,9.55714285714286,13.885714285714286,2.9714285714285715,7.8,74.75714285714285,1.251,42.85714285714285,4.762857142857143,0.0,28.7,110.91428571428573,1012.5857142857144,69.3,8.82857142857143,43.924627358667294
22.02857142857143,13.37142857142857,17.4,22.02857142857143,13.37142857142857,17.4,75.2,0.0615714285714285,42.85714285714285,2.381428571428572,0.0,22.485714285714288,224.52857142857144,1018.6,61.92857142857143,11.44285714285714,14.289157305167237
20.52857142857143,11.114285714285714,15.9,20.52857142857143,11.114285714285714,15.885714285714286,81.05714285714285,0.0164285714285714,28.571428571428573,1.1914285714285715,0.0,13.642857142857142,270.88571428571424,1020.9285714285714,59.771428571428565,12.142857142857142,-10.290787008201391
10.071428571428571,5.928571428571429,8.185714285714285,9.94285714285714,3.7285714285714286,6.914285714285714,90.42857142857144,2.314285714285714,57.142857142857146,5.952857142857143,0.0,23.82857142857143,189.67142857142855,1022.9428571428572,82.92857142857143,8.985714285714286,19.006210220920597
9.957142857142856,5.442857142857143,8.171428571428573,8.728571428571428,1.8857142857142857,5.614285714285714,88.8,3.9158571428571434,100.0,13.691428571428572,0.0,36.57142857142857,211.6142857142857,1003.0714285714286,75.94285714285715,10.857142857142858,42.862587618725
12.585714285714284,8.22857142857143,10.671428571428573,12.328571428571427,6.071428571428571,9.728571428571428,87.97142857142856,1.5528571428571427,100.0,6.547142857142857,0.0,36.91428571428572,243.97142857142856,1014.4714285714286,79.67142857142858,13.814285714285717,44.65811313991048
19.142857142857142,7.014285714285714,13.05714285714286,19.142857142857142,4.528571428571429,12.428571428571429,57.22857142857144,0.0468571428571428,14.285714285714286,0.5957142857142858,0.0,24.97142857142857,87.27142857142857,1017.9428571428572,36.31428571428572,9.642857142857142,28.17252753125604
8.7,2.557142857142857,5.6000000000000005,7.1000000000000005,-1.3,2.771428571428572,79.84285714285714,2.9552857142857145,85.71428571428571,8.334285714285715,0.75,26.1,164.54285714285714,1002.7,67.27142857142857,9.328571428571427,24.75429277193757
14.9,9.87142857142857,12.157142857142857,14.9,9.257142857142856,12.042857142857144,91.4,2.370142857142857,100.0,11.905714285714286,0.0,18.685714285714287,113.54285714285712,1019.842857142857,65.71428571428571,7.299999999999999,-19.643507931261297
1.7285714285714284,-2.6,-0.7999999999999999,-2.514285714285714,-7.8428571428571425,-5.457142857142856,88.85714285714286,0.0335714285714285,28.571428571428573,1.1914285714285715,0.0,23.52857142857143,132.0142857142857,1018.2428571428572,48.885714285714286,9.585714285714284,-30.759203540764247
10.571428571428571,5.328571428571428,7.742857142857142,9.2,1.385714285714286,4.685714285714285,85.71428571428571,12.098571428571429,100.0,15.47857142857143,0.0,40.18571428571429,225.05714285714288,991.1857142857144,67.12857142857142,11.55714285714286,24.548448671192773
8.87142857142857,3.4857142857142853,6.328571428571428,6.828571428571428,-0.7428571428571428,2.871428571428571,85.64285714285714,5.126714285714286,100.0,11.311428571428571,0.0,36.72857142857144,235.3571428571429,997.4571428571428,68.64285714285714,12.185714285714283,21.840105651681142
20.385714285714283,14.7,17.22857142857143,20.385714285714283,14.7,17.22857142857143,81.62857142857142,2.788,100.0,19.047142857142852,0.0,24.685714285714287,193.4857142857143,1008.9285714285714,60.285714285714285,11.87142857142857,14.904286247520304
15.842857142857143,8.714285714285714,12.05714285714286,15.842857142857143,6.728571428571429,11.457142857142856,80.01428571428572,0.3175714285714285,71.42857142857143,5.952857142857143,0.0,24.314285714285717,188.2,1017.8571428571428,65.77142857142857,9.0,-22.123880045081933
14.828571428571427,7.128571428571428,11.2,14.828571428571427,5.1000000000000005,10.485714285714286,73.39999999999999,0.1381428571428571,57.142857142857146,4.167142857142857,0.0,22.385714285714283,83.24285714285715,1013.7714285714284,59.57142857142857,10.257142857142856,-0.0407587935927722
2.071428571428572,-1.914285714285714,0.0571428571428571,-3.0571428571428574,-8.085714285714285,-5.6571428571428575,76.65714285714286,0.4984285714285714,14.285714285714286,1.7857142857142858,0.0857142857142857,32.55714285714286,51.02857142857143,1011.1857142857144,77.04285714285713,9.242857142857144,-15.902702141291227
25.0,15.185714285714283,19.82857142857143,24.928571428571427,15.185714285714283,19.842857142857145,72.88571428571429,3.276142857142857,71.42857142857143,5.952857142857143,0.0,21.842857142857145,245.58571428571423,1017.4285714285714,34.67142857142857,10.171428571428573,-4.699600339424819
22.228571428571428,12.585714285714284,17.571428571428573,22.37142857142857,12.44285714285714,17.585714285714285,74.8,0.3901428571428571,71.42857142857143,4.167142857142857,0.0,24.02857142857143,189.58571428571423,1018.4714285714286,43.92857142857143,10.3,18.59461370361873
16.47142857142857,10.428571428571429,13.171428571428573,16.47142857142857,10.428571428571429,13.171428571428573,86.67142857142858,0.0091428571428571,28.571428571428573,1.1914285714285715,0.0,13.242857142857144,218.3571428571429,1027.7571428571428,77.61428571428573,6.242857142857143,14.297378204537496
15.571428571428571,7.757142857142857,11.357142857142858,15.571428571428571,5.557142857142857,10.62857142857143,76.81428571428572,0.1842857142857143,28.571428571428573,1.7857142857142858,0.0,24.02857142857143,267.4142857142857,1026.257142857143,76.25714285714285,10.142857142857142,11.10718085422036
19.342857142857145,9.771428571428572,14.857142857142858,19.342857142857145,9.242857142857144,14.757142857142856,69.62857142857142,0.1165714285714285,42.85714285714285,1.7871428571428571,0.0,23.65714285714285,307.2142857142857,1021.0428571428572,52.92857142857143,27.6,-47.27841109104679
11.014285714285714,6.057142857142857,8.442857142857143,10.285714285714286,3.7142857142857135,6.728571428571429,87.01428571428572,1.0514285714285714,57.142857142857146,2.9771428571428573,0.0,24.3,90.91428571428573,1013.4285714285714,82.11428571428571,6.185714285714286,-39.71189043898448
10.271428571428572,5.2,7.871428571428572,9.271428571428572,1.2714285714285711,5.2,83.28571428571429,0.348,42.85714285714285,2.975714285714285,0.0,33.8,248.8571428571429,1021.3857142857142,74.28571428571429,12.771428571428572,-11.901894758450908
18.642857142857142,13.571428571428571,15.928571428571429,18.642857142857142,13.571428571428571,15.928571428571429,84.89999999999999,0.0,0.0,0.0,0.0,21.571428571428573,127.78571428571428,1009.9285714285714,86.37142857142858,9.514285714285714,-34.20903831986334
2.657142857142857,-2.185714285714286,-0.1,-2.5285714285714285,-7.971428571428571,-5.428571428571429,77.04285714285713,0.0205714285714285,14.285714285714286,1.19,0.0,29.514285714285712,44.24285714285714,1027.1857142857143,44.114285714285714,12.514285714285714,148.2039169077393
4.271428571428571,-2.3285714285714287,1.0857142857142856,0.0714285714285714,-6.628571428571428,-3.271428571428572,75.67142857142858,0.2281428571428571,57.142857142857146,2.382857142857143,2.85,28.4,232.97142857142856,1012.6142857142858,56.957142857142856,12.55714285714286,-36.41939639690486
18.214285714285715,10.414285714285716,14.114285714285714,18.214285714285715,9.771428571428572,14.014285714285714,83.05714285714285,4.0081428571428575,57.142857142857146,5.951428571428571,0.0,20.4,169.15714285714284,1016.8285714285714,51.142857142857146,11.1,37.71794674378714
17.157142857142855,9.428571428571429,12.87142857142857,17.157142857142855,8.157142857142857,12.528571428571428,78.95714285714287,0.0722857142857142,57.142857142857146,2.9771428571428573,0.0,22.385714285714283,233.40000000000003,1016.4714285714286,50.02857142857143,9.6,11.700545858446048
7.328571428571428,1.0857142857142856,3.685714285714286,4.728571428571429,-3.057142857142857,0.4285714285714285,80.18571428571428,1.827,71.42857142857143,4.762857142857143,0.0,22.342857142857145,176.31428571428572,1012.2857142857144,55.01428571428572,10.457142857142856,-73.70762681060614
15.757142857142856,8.1,11.814285714285717,15.757142857142856,5.971428571428571,11.157142857142857,78.44285714285715,0.3552857142857143,57.142857142857146,2.9771428571428573,0.0,30.428571428571427,202.45714285714288,1015.657142857143,79.52857142857144,11.62857142857143,-4.736694649729316
4.714285714285714,1.0142857142857142,2.8714285714285714,2.4714285714285715,-2.814285714285714,-0.1142857142857142,91.52857142857144,3.607,100.0,10.714285714285714,0.0,19.914285714285715,143.1,1011.7142857142856,82.5,8.671428571428573,203.08144040035563
12.05714285714286,5.4,9.042857142857144,11.157142857142857,3.2285714285714286,7.457142857142856,76.84285714285714,0.3115714285714285,42.85714285714285,2.975714285714285,0.0,21.67142857142857,174.8857142857143,1020.1142857142858,71.18571428571428,13.385714285714286,27.176435210269236
17.885714285714286,11.085714285714284,14.157142857142857,17.885714285714286,10.728571428571428,14.085714285714284,83.11428571428571,0.3234285714285714,42.85714285714285,2.381428571428572,0.0,27.04285714285714,282.0857142857143,1018.7571428571428,74.38571428571429,13.55714285714286,-0.0165372224328166
12.171428571428573,4.057142857142857,7.942857142857142,12.171428571428573,1.3714285714285714,6.7,73.0,0.0331428571428571,42.85714285714285,2.381428571428572,0.0,18.071428571428573,255.54285714285717,1033.1,39.98571428571428,11.085714285714284,13.92456453829982
13.242857142857144,5.942857142857143,9.55714285714286,13.242857142857144,2.9285714285714284,8.442857142857143,82.10000000000001,0.6624285714285715,71.42857142857143,6.547142857142857,0.0,20.728571428571428,61.67142857142857,1018.7714285714286,67.5142857142857,8.057142857142857,22.66594649398985
12.428571428571429,5.757142857142857,9.857142857142858,12.428571428571429,4.3,8.814285714285715,92.81428571428572,1.2787142857142857,85.71428571428571,5.357142857142857,0.0,26.542857142857144,125.2,1003.9857142857144,66.78571428571429,6.614285714285714,50.44468755149978
16.771428571428572,10.514285714285714,13.228571428571428,16.771428571428572,9.55714285714286,13.085714285714284,83.65714285714286,2.643,100.0,6.547142857142857,0.0,28.25714285714286,206.52857142857144,1001.8714285714286,70.3,16.514285714285712,10.320061058360238
19.957142857142856,10.87142857142857,15.685714285714283,19.957142857142856,10.7,15.642857142857142,75.52857142857144,0.0689999999999999,28.571428571428573,1.1914285714285715,0.0,22.085714285714285,283.1428571428572,1019.657142857143,57.18571428571429,22.071428571428573,-3.948158683669135
27.185714285714287,15.3,21.12857142857143,27.12857142857143,15.3,21.11428571428572,64.22857142857143,0.0047142857142857,14.285714285714286,0.5957142857142858,0.0,18.74285714285714,225.5,1024.5142857142855,15.071428571428571,15.585714285714284,45.638305229852335
10.585714285714284,5.9,8.27142857142857,9.471428571428572,2.457142857142857,6.057142857142857,90.02857142857144,2.117,100.0,7.735714285714286,0.0,34.471428571428575,191.8142857142857,1008.7428571428572,82.81428571428572,11.542857142857144,58.5952252004937
19.228571428571428,12.014285714285714,15.714285714285714,19.228571428571428,12.014285714285714,15.714285714285714,82.74285714285715,2.0491428571428574,57.142857142857146,4.167142857142857,0.0,21.0,165.17142857142858,1017.7285714285716,55.95714285714286,9.614285714285714,80.1032003426975
8.014285714285714,2.957142857142857,5.228571428571429,5.357142857142857,0.3428571428571428,2.542857142857143,82.81428571428572,1.6817142857142855,100.0,7.735714285714286,0.0,20.37142857142857,246.57142857142856,1000.6714285714286,90.35714285714286,12.685714285714283,4.115112166829704
15.785714285714286,10.042857142857144,13.114285714285714,15.785714285714286,9.257142857142856,12.814285714285717,83.71428571428571,1.4502857142857144,85.71428571428571,5.951428571428571,0.0,33.25714285714286,246.3857142857143,1009.2714285714284,77.3142857142857,12.485714285714286,3.436673494433535
9.485714285714286,0.9428571428571428,4.614285714285714,8.342857142857143,-2.728571428571428,1.6142857142857143,82.14285714285714,0.0577142857142857,71.42857142857143,2.9785714285714286,0.0,20.457142857142856,83.41428571428571,1033.5,26.071428571428573,8.114285714285714,-52.853392565694094
17.3,12.214285714285714,14.585714285714284,17.3,12.214285714285714,14.585714285714284,90.9,0.3301428571428571,42.85714285714285,2.381428571428572,0.0,22.142857142857142,197.15714285714284,1020.3714285714286,66.6,8.1,-0.6735664078346417
17.271428571428572,11.257142857142856,14.0,17.271428571428572,10.87142857142857,13.957142857142856,81.74285714285715,0.8307142857142856,100.0,12.501428571428573,0.0,31.9,206.14285714285717,1010.3714285714286,55.24285714285715,10.985714285714286,5.598554374673313
14.214285714285714,9.87142857142857,12.271428571428572,14.214285714285714,8.842857142857143,11.94285714285714,90.71428571428572,1.877857142857143,85.71428571428571,9.522857142857143,0.0,26.77142857142857,249.8857142857143,1017.842857142857,68.2,9.485714285714286,-27.35196464656974
9.242857142857144,5.985714285714286,7.8,7.728571428571429,2.2142857142857144,5.271428571428571,94.21428571428572,8.384142857142857,100.0,14.882857142857144,0.0,31.428571428571427,171.65714285714284,1004.2,79.55714285714285,8.285714285714286,120.85617497359226
13.957142857142856,9.085714285714284,11.271428571428572,13.957142857142856,7.085714285714286,10.528571428571428,85.37142857142858,3.648428571428572,85.71428571428571,6.545714285714285,0.0,31.15714285714285,228.8571428571429,1004.7142857142856,67.91428571428571,13.614285714285714,-33.20780102354297
10.8,5.671428571428572,8.328571428571427,9.071428571428571,2.557142857142857,6.1000000000000005,87.12857142857142,3.5627142857142857,71.42857142857143,19.047142857142852,0.0,24.82857142857143,143.92857142857142,1016.8285714285714,67.37142857142857,10.571428571428571,11.671596124523148
10.928571428571429,3.871428571428571,7.328571428571428,9.785714285714286,0.8142857142857143,5.057142857142857,74.25714285714285,0.1321428571428571,28.571428571428573,1.7857142857142858,0.0,26.514285714285712,126.44285714285716,1013.8714285714286,70.87142857142858,10.685714285714283,35.91068718430506
18.6,12.728571428571428,15.342857142857143,18.6,12.614285714285714,15.328571428571433,80.87142857142858,0.6327142857142858,100.0,11.904285714285717,0.0,29.12857142857143,256.35714285714283,1014.3571428571428,51.44285714285714,10.928571428571429,38.723040821649306
8.971428571428572,4.814285714285715,7.114285714285714,8.6,2.1142857142857143,5.6571428571428575,90.48571428571428,2.629285714285714,100.0,7.735714285714286,0.0,25.571428571428573,222.47142857142856,997.1142857142858,82.02857142857144,9.214285714285714,25.49318781234183
20.87142857142857,10.87142857142857,15.728571428571428,20.87142857142857,10.55714285714286,15.7,67.28571428571429,0.2071428571428571,14.285714285714286,1.19,0.0,21.842857142857145,249.7142857142857,1021.2285714285716,38.4,13.857142857142858,1.3642914943898177
10.414285714285716,4.628571428571428,7.557142857142857,9.857142857142858,1.1428571428571428,4.757142857142857,85.67142857142858,5.716571428571428,100.0,20.237142857142857,0.0142857142857142,35.285714285714285,231.62857142857143,1008.3571428571428,58.12857142857143,10.4,-61.84161873615972
20.8,10.1,15.828571428571427,20.8,8.871428571428572,15.714285714285714,63.971428571428575,0.7678571428571429,28.571428571428573,1.7857142857142858,0.0,22.214285714285715,85.51428571428572,1021.8714285714286,28.714285714285715,13.114285714285714,5.618634258474799
5.985714285714286,0.3714285714285714,3.557142857142857,2.142857142857143,-3.7285714285714286,-0.3999999999999999,83.68571428571428,1.022,100.0,13.095714285714283,0.0,34.18571428571429,271.87142857142857,1010.2428571428572,53.52857142857143,14.12857142857143,91.86340346199609
2.9857142857142853,-3.5571428571428574,-0.3999999999999999,0.8857142857142856,-7.028571428571429,-3.2857142857142856,92.1857142857143,0.0425714285714285,28.571428571428573,1.1914285714285715,0.0,15.55714285714286,125.47142857142856,1034.9714285714283,37.07142857142857,4.971428571428571,-4.408686504019215
11.55714285714286,6.257142857142857,8.72857142857143,11.55714285714286,3.2,6.7,83.38571428571429,0.1555714285714285,28.571428571428573,1.7857142857142858,0.0,32.31428571428571,212.92857142857144,1023.842857142857,60.642857142857146,11.12857142857143,-25.70863970687901
11.114285714285714,7.885714285714286,9.5,10.757142857142856,5.557142857142857,8.542857142857143,89.92857142857143,0.0755714285714285,57.142857142857146,2.382857142857143,0.0,26.77142857142857,212.87142857142857,1027.4,81.25714285714285,10.242857142857144,0.0907194333185543
14.771428571428572,7.6,11.071428571428571,14.771428571428572,5.728571428571429,10.428571428571429,79.15714285714286,1.4312857142857145,42.85714285714285,3.5700000000000003,0.0,28.442857142857143,223.57142857142856,1012.6142857142858,61.642857142857146,12.728571428571428,32.30867652663255
9.87142857142857,3.114285714285714,7.0,8.828571428571427,-1.5857142857142856,4.371428571428572,82.60000000000001,4.477857142857142,85.71428571428571,8.928571428571429,0.0,29.62857142857143,183.3142857142857,1001.3142857142856,71.47142857142858,10.6,-0.5073160820784324
9.057142857142855,5.557142857142857,7.271428571428571,7.0,1.8571428571428568,4.042857142857143,90.98571428571428,1.1294285714285714,100.0,8.331428571428571,0.0,30.342857142857145,221.3571428571429,1012.9571428571428,77.82857142857142,8.0,19.96945068045011
12.44285714285714,7.614285714285714,9.8,12.44285714285714,4.5,8.371428571428572,87.8,4.776285714285714,100.0,13.097142857142858,0.0,31.714285714285715,197.07142857142856,1002.7714285714284,71.61428571428571,11.185714285714283,-67.76055032669956
11.1,7.414285714285714,9.2,10.642857142857142,4.585714285714286,7.371428571428572,89.22857142857143,7.850857142857143,100.0,15.47857142857143,0.0,37.94285714285714,178.14285714285714,999.0285714285714,71.38571428571429,10.5,-18.368797010796243
22.11428571428572,12.485714285714286,17.257142857142856,22.11428571428572,12.485714285714286,17.257142857142856,78.34285714285714,0.0067142857142857,14.285714285714286,0.5957142857142858,0.0,15.55714285714286,192.07142857142856,1023.3714285714286,43.457142857142856,12.342857142857143,21.96439651072251
15.071428571428571,7.185714285714285,11.2,15.071428571428571,5.5,10.514285714285714,70.64285714285714,0.6798571428571429,71.42857142857143,4.761428571428572,0.0,22.285714285714285,211.57142857142856,1014.4571428571428,71.07142857142857,12.857142857142858,-24.552414614878103
23.042857142857144,13.1,18.12857142857143,23.014285714285712,13.05714285714286,18.12857142857143,69.88571428571429,0.8311428571428571,57.142857142857146,4.1657142857142855,0.0,25.38571428571429,90.12857142857142,1019.9857142857144,46.52857142857143,9.828571428571427,2.549093202599124
21.314285714285717,12.485714285714286,16.742857142857144,21.314285714285717,12.485714285714286,16.742857142857144,79.88571428571429,0.8318571428571427,85.71428571428571,4.762857142857143,0.0,18.728571428571428,175.72857142857146,1019.3285714285714,44.21428571428572,12.042857142857144,-10.061884738375625
7.328571428571428,1.442857142857143,4.442857142857143,5.957142857142857,-2.3285714285714287,1.5142857142857142,84.27142857142857,1.035,85.71428571428571,4.168571428571428,0.0,28.9,196.52857142857144,1025.0857142857144,76.47142857142856,6.1000000000000005,110.04213129211826
9.957142857142856,4.5285714285714285,7.242857142857143,7.8,0.2857142857142857,3.628571428571429,79.18571428571428,0.439,85.71428571428571,4.762857142857143,0.0,38.142857142857146,252.2142857142857,1020.842857142857,71.88571428571429,11.814285714285717,-94.26522637780818
3.0142857142857147,0.8142857142857143,1.957142857142857,-1.2285714285714284,-5.071428571428571,-3.2142857142857144,91.72857142857144,0.8821428571428572,71.42857142857143,4.761428571428572,1.0,31.042857142857144,44.55714285714286,1019.6714285714286,88.22857142857143,5.957142857142856,-31.617320666762907
9.357142857142858,3.357142857142857,6.228571428571429,6.971428571428571,-0.6714285714285715,2.8857142857142857,79.28571428571429,3.7292857142857145,85.71428571428571,20.237142857142857,0.0714285714285714,28.77142857142857,170.4857142857143,1001.9571428571428,52.957142857142856,13.214285714285714,-10.379404699104724
15.957142857142856,6.071428571428571,11.171428571428573,15.957142857142856,4.328571428571428,10.471428571428572,70.21428571428571,0.1157142857142857,28.571428571428573,1.1914285714285715,0.0,23.27142857142857,182.78571428571428,1020.9142857142856,56.371428571428574,15.94285714285714,-7.961530868193108
17.442857142857143,9.828571428571427,13.385714285714286,17.442857142857143,9.414285714285716,13.271428571428572,83.31428571428572,1.2944285714285717,42.85714285714285,3.571428571428572,0.0,17.985714285714288,168.6,1023.7714285714284,62.971428571428575,10.285714285714286,-39.66606843054399
17.0,11.757142857142856,14.671428571428573,17.0,11.55714285714286,14.657142857142857,79.07142857142857,1.6801428571428574,100.0,5.3585714285714285,0.0,32.385714285714286,216.67142857142855,1007.2571428571428,72.21428571428571,11.257142857142856,-42.955695134098505
8.328571428571427,2.3000000000000003,5.271428571428571,6.214285714285714,-2.257142857142857,1.9142857142857144,84.85714285714286,1.183142857142857,42.85714285714285,2.975714285714285,0.0,29.457142857142856,161.6,1018.4857142857144,71.77142857142857,9.885714285714286,2.1831856167887054
16.885714285714286,11.328571428571427,13.971428571428572,16.885714285714286,11.214285714285714,13.94285714285714,86.89999999999999,4.713857142857143,100.0,25.0,0.0,27.97142857142857,219.7428571428572,1004.4714285714286,56.5,10.8,-17.79915689370557
0.6,-4.457142857142857,-2.3285714285714287,-5.457142857142857,-11.814285714285717,-9.128571428571428,76.2,7.038285714285714,28.571428571428573,1.1914285714285715,1.7857142857142858,37.285714285714285,58.7,1015.0857142857142,55.25714285714286,9.44285714285714,64.51087679265356
17.771428571428572,7.571428571428571,12.885714285714286,17.771428571428572,6.314285714285715,12.4,69.55714285714285,0.0575714285714285,28.571428571428573,1.1914285714285715,0.0,21.4,247.8571428571429,1016.2142857142856,39.885714285714286,11.5,-48.536264861392056
15.257142857142856,9.428571428571429,12.114285714285714,15.257142857142856,7.914285714285714,11.7,82.04285714285713,3.943857142857143,100.0,17.855714285714285,0.0,28.82857142857143,205.2428571428572,1018.5,52.05714285714286,11.457142857142856,-12.564740320656938
7.814285714285715,3.685714285714286,6.071428571428571,4.842857142857143,0.1571428571428572,2.4714285714285715,85.38571428571429,0.0,0.0,0.0,0.0,34.55714285714286,238.62857142857143,1013.157142857143,75.31428571428572,11.842857142857143,13.358874807228403
-0.8857142857142858,-4.771428571428571,-2.9,-5.271428571428571,-10.385714285714286,-7.6571428571428575,86.12857142857142,0.4571428571428572,57.142857142857146,4.761428571428572,2.742857142857143,22.52857142857143,86.88571428571427,1021.8,77.27142857142857,5.571428571428571,150.91523898656123
15.514285714285716,11.771428571428572,13.685714285714283,15.514285714285716,11.257142857142856,13.55714285714286,90.97142857142856,0.2317142857142857,100.0,7.737142857142857,5.957142857142857,31.214285714285715,212.3857142857143,1022.9571428571428,77.10000000000001,8.471428571428572,-0.4424318769329147
19.042857142857144,9.1,14.085714285714284,19.042857142857144,7.928571428571429,13.857142857142858,75.38571428571429,0.1159999999999999,28.571428571428573,2.381428571428572,0.0,18.7,121.98571428571428,1027.1857142857143,28.8,11.957142857142856,44.95066499077643
11.12857142857143,4.871428571428572,7.628571428571428,10.37142857142857,0.3,4.857142857142857,84.11428571428571,1.9548571428571428,71.42857142857143,2.9785714285714286,0.0,31.485714285714288,114.27142857142856,1011.9571428571428,69.07142857142857,8.914285714285715,-15.561868002429948
18.0,10.957142857142856,13.87142857142857,18.0,10.414285714285716,13.785714285714286,84.5,0.0,0.0,0.0,0.0,28.11428571428572,234.9142857142857,1010.5285714285714,76.65714285714286,11.671428571428573,0.0036146706668205
9.357142857142858,5.771428571428571,7.742857142857143,8.557142857142857,3.1142857142857143,5.828571428571428,87.54285714285713,0.6925714285714285,57.142857142857146,3.571428571428572,0.0,25.8,203.72857142857143,1027.7,90.54285714285712,10.94285714285714,-84.16519881360477
10.614285714285714,5.171428571428572,8.271428571428572,9.842857142857143,3.7285714285714286,7.214285714285714,85.98571428571428,1.445142857142857,71.42857142857143,5.355714285714286,0.0,25.08571428571429,206.1,1019.5571428571428,85.52857142857144,14.285714285714286,-5.038634648027141
15.242857142857144,9.085714285714284,12.571428571428571,15.242857142857144,8.257142857142856,12.3,78.88571428571429,1.102142857142857,71.42857142857143,3.5728571428571425,0.0,21.32857142857143,211.97142857142856,1012.0142857142856,75.45714285714287,11.914285714285716,-3.973508863857205
11.342857142857143,6.414285714285714,8.885714285714286,10.485714285714286,3.585714285714286,7.014285714285714,87.67142857142858,0.0314285714285714,28.571428571428573,1.7857142857142858,0.0,23.25714285714286,219.52857142857144,1025.6857142857143,70.0,10.142857142857142,-16.303506868271143
8.457142857142857,3.728571428571428,5.914285714285714,6.357142857142857,0.5857142857142856,2.914285714285714,90.98571428571428,2.530142857142857,100.0,12.5,0.0,29.11428571428571,220.1142857142857,996.8285714285714,74.11428571428571,10.114285714285714,1.328876707753352
18.228571428571428,10.742857142857144,14.471428571428572,18.228571428571428,9.357142857142858,14.042857142857144,75.75714285714285,1.673,42.85714285714285,9.524285714285714,0.0,25.414285714285715,59.05714285714286,1015.1,47.89999999999999,9.257142857142856,-1.761500822935318
7.028571428571428,1.5,4.285714285714286,4.5285714285714285,-2.9714285714285715,0.8428571428571429,89.94285714285715,1.2161428571428572,85.71428571428571,10.12142857142857,0.0,27.02857142857143,165.6142857142857,1023.342857142857,53.67142857142857,8.585714285714285,12.64523768970298
16.02857142857143,9.057142857142855,12.428571428571429,16.02857142857143,8.0,12.12857142857143,84.10000000000001,4.851714285714285,100.0,23.214285714285715,0.0,27.557142857142857,208.0,1012.2571428571428,60.35714285714285,12.114285714285714,37.21281773582928
16.400000000000002,11.771428571428572,13.94285714285714,16.400000000000002,11.4,13.9,89.67142857142858,4.074285714285715,100.0,20.832857142857144,0.0,22.9,196.3857142857143,1010.0571428571428,69.6,10.114285714285714,-31.82729710299111
18.542857142857144,10.94285714285714,14.7,18.542857142857144,10.785714285714286,14.671428571428573,80.07142857142857,1.949,71.42857142857143,7.144285714285715,0.0,29.38571428571429,206.62857142857143,1014.0714285714286,53.08571428571429,10.8,2.5295028202860976
20.185714285714287,13.1,16.514285714285712,20.185714285714287,13.1,16.514285714285712,82.41428571428571,0.2174285714285714,42.85714285714285,3.571428571428572,0.0,23.24285714285714,250.12857142857143,1014.8571428571428,66.87142857142858,9.87142857142857,13.549018736064228
15.785714285714286,10.342857142857143,12.857142857142858,15.785714285714286,9.542857142857144,12.742857142857144,82.35714285714286,3.032714285714285,100.0,13.69,0.0,29.27142857142857,231.3142857142857,1011.4571428571428,64.62857142857142,11.328571428571427,-25.413895788934724
18.65714285714285,12.642857142857142,15.271428571428572,18.65714285714285,12.642857142857142,15.271428571428572,86.31428571428572,4.652571428571428,100.0,12.5,0.0,15.728571428571428,108.11428571428571,1011.9285714285714,82.94285714285715,7.942857142857143,-15.28307867785952
12.94285714285714,6.0,10.12857142857143,12.142857142857142,3.685714285714286,8.657142857142857,82.15714285714286,1.4762857142857142,85.71428571428571,5.951428571428571,0.0,31.385714285714283,257.2714285714286,1000.1,73.89999999999999,13.528571428571428,28.16130555523728
6.771428571428571,2.1714285714285717,4.628571428571428,4.414285714285714,-1.7857142857142858,1.5285714285714285,89.21428571428571,4.465142857142857,71.42857142857143,17.857142857142858,0.0714285714285714,25.928571428571427,279.0857142857143,1007.9285714285714,63.82857142857142,10.485714285714284,-22.13282696076817
15.757142857142858,9.342857142857143,12.542857142857144,15.757142857142858,7.471428571428571,12.071428571428571,81.08571428571429,0.4648571428571428,57.142857142857146,7.144285714285715,0.0,28.54285714285714,140.8,1014.2,65.91428571428571,11.985714285714286,13.642263294916576
16.714285714285715,12.1,14.328571428571427,16.714285714285715,12.1,14.328571428571427,85.64285714285714,0.4584285714285714,85.71428571428571,4.762857142857143,0.0,25.185714285714287,114.82857142857142,1007.8571428571428,73.35714285714286,9.55714285714286,-17.139874719535896
9.685714285714283,5.114285714285714,7.228571428571429,8.528571428571428,1.9142857142857144,4.685714285714285,90.0,1.9327142857142856,100.0,8.33,0.0,29.385714285714283,189.3571428571429,995.0571428571428,82.2,11.685714285714283,24.15851179898823
19.15714285714285,10.828571428571427,14.257142857142856,19.15714285714285,10.328571428571427,14.228571428571428,78.21428571428571,0.1887142857142857,85.71428571428571,4.168571428571428,0.0,25.185714285714287,262.9,1016.5571428571428,69.14285714285714,13.5,43.922757794488575
21.37142857142857,14.05714285714286,17.34285714285714,21.37142857142857,14.05714285714286,17.34285714285714,84.77142857142857,2.253142857142857,57.142857142857146,14.881428571428572,0.0,22.4,219.7,1014.2857142857144,71.71428571428571,11.514285714285714,-21.830410423419607
15.528571428571428,7.985714285714286,11.857142857142858,15.528571428571428,6.528571428571429,11.528571428571428,78.71428571428571,0.697,42.85714285714285,2.381428571428572,0.0,23.571428571428573,300.3285714285715,1019.2714285714284,67.5,14.442857142857145,-16.772257031999516
7.8428571428571425,3.1142857142857143,5.7,5.9,0.4428571428571428,3.3000000000000003,82.04285714285713,0.282,28.571428571428573,2.38,0.0,25.442857142857143,241.3428571428572,1028.6571428571428,69.67142857142856,11.1,5.951795613413651
20.814285714285717,14.171428571428573,17.1,20.814285714285717,14.171428571428573,17.1,81.72857142857143,1.94,85.71428571428571,10.714285714285714,0.0,18.285714285714285,203.8428571428572,1014.0428571428572,59.98571428571428,11.042857142857144,-1.3227426288461857
17.657142857142855,11.657142857142857,14.4,17.657142857142855,11.657142857142857,14.4,84.44285714285715,0.3405714285714286,71.42857142857143,4.762857142857143,0.0,27.77142857142857,249.27142857142857,1018.8857142857142,61.72857142857142,9.457142857142856,-30.988818909583983
6.7,3.742857142857143,5.285714285714286,4.742857142857143,0.3571428571428571,2.5285714285714285,94.15714285714286,0.7528571428571428,100.0,7.142857142857143,0.0,21.32857142857143,120.82857142857142,1012.0714285714286,86.24285714285715,5.6000000000000005,10.99673243424968
17.728571428571428,9.114285714285716,13.328571428571427,17.728571428571428,8.2,12.985714285714286,80.84285714285714,0.614,42.85714285714285,2.381428571428572,0.0,23.87142857142857,183.0,1021.7571428571428,63.142857142857146,20.65714285714285,2.8673052558741574
20.17142857142857,10.928571428571429,15.857142857142858,20.17142857142857,10.657142857142857,15.814285714285717,72.35714285714286,0.0224285714285714,14.285714285714286,0.5957142857142858,0.0,18.428571428571427,274.4857142857143,1022.2,54.114285714285714,26.842857142857145,-4.558392752314262
19.028571428571432,9.757142857142856,14.214285714285714,19.028571428571432,9.014285714285714,14.05714285714286,73.08571428571429,0.151,28.571428571428573,1.7857142857142858,0.0,18.3,222.75714285714284,1025.6857142857143,36.32857142857143,11.328571428571427,-26.53385861202264
10.857142857142858,3.985714285714285,7.228571428571428,10.37142857142857,0.2428571428571429,4.757142857142857,79.15714285714286,0.3845714285714285,57.142857142857146,3.5728571428571425,0.0,22.74285714285714,65.87142857142858,1015.5857142857144,61.74285714285714,8.67142857142857,9.463930650719249
23.24285714285714,14.914285714285716,18.6,23.2,14.914285714285716,18.6,77.98571428571428,0.9591428571428572,57.142857142857146,4.167142857142857,0.0,20.11428571428572,220.2142857142857,1019.6285714285714,64.98571428571428,12.328571428571427,11.307852997789835
14.571428571428571,8.528571428571428,11.55714285714286,14.571428571428571,6.914285714285714,10.9,79.35714285714286,0.4541428571428571,71.42857142857143,2.9785714285714286,0.0,23.185714285714287,299.0285714285714,1015.9571428571428,80.44285714285715,17.6,4.4546783183443495
6.942857142857143,2.657142857142857,4.885714285714286,3.628571428571429,-0.7999999999999999,1.442857142857143,83.48571428571428,0.0727142857142857,71.42857142857143,3.5728571428571425,0.0,23.571428571428573,226.8428571428572,1011.4,72.38571428571429,14.728571428571428,-82.93324500589415
12.785714285714286,7.399999999999999,10.0,12.785714285714286,5.1000000000000005,8.914285714285715,82.34285714285714,0.367,100.0,7.738571428571428,0.0,32.55714285714286,255.8428571428572,1021.0285714285714,68.28571428571429,12.071428571428571,6.157055984416843
0.0428571428571428,-2.642857142857143,-1.3,-3.6714285714285713,-8.942857142857143,-6.6571428571428575,85.57142857142857,0.0,0.0,0.0,0.0,26.61428571428572,73.22857142857143,1015.4428571428572,88.85714285714286,9.87142857142857,536.823145276222
17.771428571428572,11.342857142857143,14.157142857142857,17.771428571428572,10.971428571428572,14.114285714285714,86.47142857142856,1.6421428571428571,85.71428571428571,9.525714285714288,0.0,27.057142857142857,249.4857142857143,1014.3857142857142,59.17142857142857,10.62857142857143,22.46300616746896
5.085714285714286,1.4714285714285715,3.2142857142857144,2.242857142857143,-2.685714285714286,-0.3142857142857143,88.44285714285715,2.2815714285714286,71.42857142857143,7.738571428571428,0.0,26.571428571428573,195.1857142857143,1009.0714285714286,76.32857142857142,8.842857142857143,-13.878520950441953
5.842857142857143,0.8714285714285713,3.257142857142857,3.628571428571429,-2.8428571428571425,0.4857142857142857,93.11428571428571,1.3217142857142856,85.71428571428571,8.331428571428571,0.0,20.02857142857143,164.0142857142857,1014.8857142857144,75.24285714285715,8.4,-6.630712751383953
13.757142857142856,10.014285714285714,12.1,13.757142857142856,9.071428571428571,11.685714285714283,93.58571428571427,3.4570000000000003,100.0,6.547142857142857,0.0,29.8,180.08571428571426,1002.2714285714284,80.11428571428571,10.671428571428573,-39.416487653294325
14.12857142857143,10.5,12.357142857142858,14.12857142857143,9.8,12.142857142857142,90.95714285714288,3.3665714285714285,100.0,18.45142857142857,0.0,23.471428571428568,172.58571428571426,1005.7857142857144,65.47142857142858,10.114285714285714,68.45674761585269
9.44285714285714,4.1,6.971428571428571,6.985714285714286,0.7714285714285715,3.742857142857143,84.48571428571428,0.9251428571428572,71.42857142857143,4.167142857142857,0.0,32.4,227.68571428571428,1025.7,73.02857142857142,18.014285714285712,60.77037658881295
16.342857142857145,7.828571428571428,12.571428571428571,16.342857142857145,6.914285714285714,12.314285714285717,73.68571428571428,0.1431428571428571,28.571428571428573,1.7857142857142858,0.0,23.52857142857143,232.07142857142856,1015.5285714285714,66.6,21.8,22.204093959583588
5.471428571428571,1.457142857142857,3.414285714285714,3.3714285714285714,-2.1,0.0857142857142857,92.85714285714286,3.655285714285714,100.0,16.07,0.0,23.928571428571427,156.54285714285714,1010.8571428571428,72.7,7.0,22.34374564815812
17.728571428571428,12.085714285714284,14.7,17.728571428571428,12.085714285714284,14.7,84.88571428571429,2.6939999999999995,100.0,14.882857142857144,0.0,25.442857142857147,192.08571428571423,1005.4285714285714,64.37142857142858,10.614285714285714,-32.338216643812416
23.27142857142857,12.228571428571428,17.6,23.342857142857145,11.742857142857144,17.52857142857143,71.35714285714286,0.4442857142857143,14.285714285714286,0.5957142857142858,0.0,26.428571428571427,76.7,1021.2857142857144,50.58571428571429,6.6571428571428575,5.418028727681644
12.485714285714284,8.342857142857143,10.5,12.485714285714284,6.6571428571428575,9.814285714285717,90.47142857142856,2.906714285714286,100.0,6.547142857142857,0.0,28.314285714285717,198.1142857142857,1008.6,88.08571428571429,10.785714285714286,-23.3934588365978
4.642857142857143,0.7142857142857143,2.7,0.6428571428571429,-5.328571428571429,-1.9142857142857144,78.05714285714285,0.5461428571428572,71.42857142857143,5.954285714285715,0.0,31.7,94.25714285714284,1022.657142857143,78.57142857142857,8.657142857142857,-4.745341103109922
14.185714285714283,9.757142857142856,11.87142857142857,14.185714285714283,8.6,11.642857142857142,84.61428571428571,1.1462857142857144,71.42857142857143,4.761428571428572,0.0,34.885714285714286,232.7,1009.157142857143,75.21428571428571,9.928571428571429,5.387468186350475
15.328571428571427,9.057142857142855,12.342857142857143,15.328571428571427,7.385714285714286,11.728571428571428,84.68571428571428,2.6752857142857143,85.71428571428571,6.545714285714285,0.0,28.142857142857142,177.9,1002.0285714285714,82.2,15.085714285714284,-30.88646118150928
17.614285714285714,10.457142857142856,13.971428571428572,17.614285714285714,10.028571428571428,13.885714285714286,82.84285714285714,0.799142857142857,100.0,8.334285714285715,0.0,23.02857142857143,221.77142857142852,1016.4285714285714,71.18571428571428,10.0,-6.588959133319008
10.571428571428571,6.171428571428572,8.185714285714285,10.3,2.942857142857143,6.0,89.87142857142858,18.391571428571428,100.0,22.02285714285714,0.0,34.128571428571426,233.7,1011.7428571428572,60.2,10.028571428571428,47.45127057020477
7.085714285714286,2.857142857142857,5.171428571428572,4.785714285714286,-0.4285714285714285,2.442857142857143,81.44285714285715,0.0,0.0,0.0,0.0,19.414285714285715,76.87142857142858,1023.2142857142856,71.52857142857142,7.885714285714285,-10.864068399642749
17.67142857142857,10.7,13.957142857142856,17.67142857142857,10.257142857142856,13.914285714285716,83.55714285714285,0.4071428571428571,14.285714285714286,1.19,0.0,22.5,246.7428571428571,1021.2714285714284,60.785714285714285,15.62857142857143,-1.0859266233441076
11.05714285714286,4.328571428571428,7.6,10.328571428571427,1.5,5.328571428571428,76.88571428571429,0.7507142857142857,71.42857142857143,4.167142857142857,0.0,24.014285714285712,150.87142857142857,1009.4714285714286,68.52857142857142,8.628571428571428,15.169590618386792
7.857142857142857,2.857142857142857,5.285714285714286,4.785714285714286,-2.071428571428572,1.3428571428571427,84.97142857142856,6.478142857142857,100.0,12.501428571428573,0.0,40.51428571428572,209.47142857142856,1000.5714285714286,64.97142857142858,11.685714285714283,13.192293694401542
7.785714285714286,2.8714285714285714,5.285714285714286,3.9,-2.314285714285714,0.9714285714285714,81.08571428571429,2.029714285714286,100.0,6.547142857142857,0.0,38.25714285714286,228.17142857142855,991.7714285714284,68.75714285714285,17.271428571428572,24.455082172148423
8.957142857142857,3.442857142857143,6.4,7.528571428571429,-0.3285714285714284,3.4857142857142853,86.0,8.264428571428573,100.0,35.12,0.0,39.785714285714285,206.8,993.3857142857142,54.51428571428572,10.842857142857143,19.966160353583973
4.242857142857143,-2.157142857142857,1.0285714285714285,0.4428571428571429,-5.542857142857143,-2.6142857142857143,79.68571428571428,0.7552857142857142,71.42857142857143,5.355714285714286,3.233333333333333,23.82857142857143,200.02857142857144,1002.1428571428572,60.34285714285714,12.857142857142858,0.2492935661007322
14.428571428571429,7.8428571428571425,11.028571428571428,14.428571428571429,6.342857142857143,10.485714285714286,81.27142857142857,0.2167142857142857,57.142857142857146,3.5728571428571425,0.0,31.22857142857143,261.1714285714286,1020.7571428571428,59.87142857142857,11.842857142857143,-38.32409414148276
6.557142857142857,2.5,4.6000000000000005,3.6714285714285713,-1.542857142857143,0.9571428571428572,88.05714285714285,4.6337142857142855,100.0,29.165714285714284,0.0,29.142857142857142,128.18571428571428,1002.7,61.642857142857146,10.971428571428572,-26.42069245287348
15.257142857142856,10.385714285714286,12.785714285714286,15.257142857142856,9.857142857142858,12.642857142857142,86.68571428571428,0.4024285714285714,57.142857142857146,2.9771428571428573,0.0,28.414285714285715,179.70000000000002,1014.4714285714286,76.2,12.171428571428573,-117.69365180590262
25.442857142857143,15.214285714285714,20.214285714285715,25.82857142857143,15.214285714285714,20.342857142857145,72.44285714285714,0.0,0.0,0.0,0.0,20.77142857142857,182.1142857142857,1018.6285714285714,39.82857142857143,11.271428571428572,128.81754467802887
12.128571428571428,4.0,8.157142857142857,11.6,1.1285714285714286,6.371428571428571,78.71428571428571,1.0234285714285716,57.142857142857146,8.928571428571429,0.0,23.057142857142857,188.44285714285715,1026.5,42.42857142857143,11.4,6.324950578107519
19.914285714285715,10.3,15.185714285714283,19.914285714285715,9.585714285714284,15.014285714285714,75.45714285714287,1.098142857142857,57.142857142857146,11.31,0.0,23.62857142857143,86.68571428571428,1018.4285714285714,36.82857142857143,9.2,-32.091732891638685
18.557142857142857,8.842857142857143,13.2,18.557142857142857,7.614285714285714,12.885714285714286,76.84285714285714,0.0884285714285714,14.285714285714286,0.5957142857142858,0.0,20.97142857142857,218.3571428571429,1015.157142857143,65.5,6.185714285714285,-14.795097651049671
9.2,4.042857142857143,6.857142857142857,7.2,0.8285714285714285,4.314285714285714,92.57142857142856,3.551,100.0,15.47857142857143,0.0,25.542857142857144,201.3142857142857,1018.7285714285716,71.77142857142857,8.942857142857143,-7.459478845462627
23.47142857142857,12.085714285714284,18.142857142857142,23.514285714285712,11.94285714285714,18.142857142857142,63.2,0.0,0.0,0.0,0.0,15.957142857142856,243.47142857142856,1022.0285714285714,44.614285714285714,20.15714285714285,15.401298456383415
9.671428571428573,7.014285714285714,8.342857142857143,8.257142857142858,3.5142857142857147,5.257142857142857,88.95714285714287,2.1068571428571428,100.0,13.691428571428572,0.0,34.98571428571429,253.55714285714288,1019.6,87.58571428571429,10.285714285714286,14.93388756665604
9.457142857142856,3.871428571428571,7.1000000000000005,8.514285714285714,-0.5714285714285714,4.714285714285714,81.68571428571428,2.576857142857143,100.0,7.735714285714286,0.0,36.12857142857143,212.8428571428572,1000.1142857142858,73.37142857142858,12.014285714285714,-75.1539412847535
13.357142857142858,8.457142857142857,10.714285714285714,13.357142857142858,6.2,9.542857142857144,84.98571428571428,6.166571428571429,85.71428571428571,5.357142857142857,0.0,26.3,158.17142857142858,1005.9428571428572,63.02857142857143,8.271428571428572,-23.625670052916803
22.77142857142857,12.485714285714286,18.02857142857143,22.77142857142857,12.228571428571428,18.0,72.07142857142857,0.0065714285714285,14.285714285714286,0.5957142857142858,0.0,16.685714285714287,163.07142857142858,1021.1142857142858,45.84285714285714,13.414285714285716,5.850640687816053
22.885714285714283,11.614285714285714,17.057142857142857,22.885714285714283,11.614285714285714,17.057142857142857,62.971428571428575,0.0989999999999999,14.285714285714286,0.5957142857142858,0.0,19.62857142857143,147.9,1019.0714285714286,50.02857142857143,9.614285714285714,5.592459716057988
8.114285714285714,2.5,5.257142857142857,4.042857142857143,-1.8428571428571427,1.2571428571428571,83.42857142857143,2.005428571428572,100.0,10.117142857142856,0.0,37.285714285714285,262.77142857142854,1012.4428571428572,61.614285714285714,11.171428571428573,-13.475578252129026
9.671428571428573,2.4,6.0,8.8,-1.042857142857143,3.4857142857142853,79.74285714285715,0.6061428571428572,57.142857142857146,5.357142857142857,0.0,22.27142857142857,149.47142857142856,1014.2714285714284,53.91428571428571,11.528571428571428,6.17453972461044
6.428571428571429,2.1142857142857143,4.342857142857143,2.814285714285714,-2.585714285714286,0.1571428571428572,80.25714285714285,1.2258571428571428,57.142857142857146,6.547142857142857,0.1857142857142857,33.31428571428571,187.17142857142855,1009.6142857142858,76.42857142857143,11.042857142857144,-58.49476068922263
14.142857142857142,10.114285714285714,11.842857142857143,14.142857142857142,8.785714285714286,11.528571428571428,83.11428571428571,0.4802857142857143,28.571428571428573,2.381428571428572,0.0,16.642857142857142,178.81428571428572,1024.9142857142856,72.91428571428571,9.128571428571428,47.43270985891115
9.157142857142857,5.257142857142857,7.414285714285714,6.842857142857143,1.7857142857142858,4.128571428571428,84.98571428571428,0.9462857142857144,28.571428571428573,2.38,0.0,43.82857142857143,192.9857142857143,1001.8857142857142,73.38571428571429,14.414285714285716,113.287473536609
17.414285714285715,11.242857142857144,13.87142857142857,17.414285714285715,11.171428571428573,13.828571428571427,80.18571428571428,1.0114285714285711,85.71428571428571,4.762857142857143,0.0,21.4,163.54285714285714,1013.4285714285714,68.07142857142857,8.6,-36.80600481371255
21.228571428571428,12.414285714285716,16.47142857142857,21.17142857142857,11.928571428571429,16.4,75.25714285714285,0.9345714285714284,42.85714285714285,2.975714285714285,0.0,24.785714285714285,94.81428571428572,1017.6,70.81428571428572,9.7,16.55870967550959
8.214285714285714,3.4714285714285715,5.6571428571428575,6.1571428571428575,-0.2714285714285714,2.842857142857143,85.68571428571428,5.091285714285713,100.0,12.5,0.0,24.414285714285715,186.58571428571423,1004.5857142857144,66.05714285714285,9.857142857142858,-5.581615108501865
11.05714285714286,4.214285714285714,8.085714285714285,10.514285714285714,1.7142857142857142,6.342857142857143,85.98571428571428,1.9211428571428573,100.0,17.26142857142857,0.0,32.24285714285714,217.28571428571428,1015.8571428571428,60.771428571428565,11.242857142857144,-35.317698938407034
9.885714285714286,5.385714285714285,7.642857142857143,9.342857142857143,2.542857142857143,5.514285714285714,92.24285714285716,3.0665714285714287,100.0,10.12,107.0,24.87142857142857,154.25714285714284,1002.9285714285714,61.6,11.042857142857144,-19.611513503043625
6.428571428571429,2.0285714285714285,3.971428571428572,4.057142857142857,-1.6857142857142855,1.0285714285714287,89.92857142857143,6.113,100.0,7.737142857142857,0.0142857142857142,18.47142857142857,176.6142857142857,1031.0,58.01428571428572,9.7,-22.98984465250965
9.257142857142856,2.271428571428572,5.857142857142857,6.914285714285714,-0.4857142857142857,3.0285714285714285,75.57142857142857,0.5778571428571428,100.0,8.93,0.0,31.67142857142857,260.38571428571424,1017.3571428571428,65.71428571428571,12.7,-4.398544123400143
16.942857142857143,10.94285714285714,13.742857142857144,16.942857142857143,10.314285714285717,13.6,84.85714285714286,2.0302857142857142,100.0,6.547142857142857,0.0,33.8,227.32857142857145,1003.8,74.61428571428571,15.185714285714289,0.0571064143681496
10.257142857142856,3.871428571428571,6.728571428571429,9.071428571428571,0.2714285714285714,4.185714285714286,75.51428571428572,1.139857142857143,85.71428571428571,5.357142857142857,0.0,31.714285714285715,226.1142857142857,1001.3,53.92857142857143,12.971428571428572,53.4434004518032
17.885714285714286,11.314285714285717,14.614285714285714,17.885714285714286,10.914285714285716,14.55714285714286,80.05714285714285,0.1137142857142857,85.71428571428571,5.357142857142857,0.0,23.557142857142857,251.95714285714288,1018.3714285714286,66.62857142857143,11.657142857142857,28.09264750917077
13.6,8.77142857142857,11.142857142857142,13.6,7.514285714285714,10.6,91.21428571428572,0.6042857142857143,100.0,9.524285714285714,0.0,23.3,254.54285714285717,1024.142857142857,58.31428571428571,9.785714285714286,67.19574665738821
8.528571428571428,1.8285714285714283,5.985714285714286,6.542857142857143,-0.3428571428571428,3.7142857142857135,81.78571428571429,0.5197142857142857,42.85714285714285,2.381428571428572,0.0,21.24285714285714,230.5142857142857,1024.042857142857,65.15714285714286,12.514285714285716,-54.79322819079425
20.77142857142857,13.971428571428572,17.37142857142857,20.77142857142857,13.971428571428572,17.37142857142857,75.8,0.3842857142857143,42.85714285714285,2.381428571428572,0.0,25.228571428571428,251.7428571428572,1017.7,72.41428571428571,21.928571428571427,19.118107062301306
17.614285714285714,10.085714285714284,13.94285714285714,17.614285714285714,9.528571428571428,13.842857142857143,82.57142857142857,1.014714285714286,71.42857142857143,4.167142857142857,0.0,20.585714285714285,254.6857142857143,1017.3142857142856,75.22857142857143,14.357142857142858,11.988449232336052
15.828571428571427,9.142857142857142,12.314285714285717,15.828571428571427,7.871428571428572,11.914285714285716,80.5,0.0,0.0,0.0,0.0,28.357142857142858,230.55714285714288,1018.4,75.42857142857143,13.642857142857142,-0.9898692664024792
5.228571428571429,1.2428571428571429,2.942857142857143,2.6142857142857143,-2.542857142857143,-0.3857142857142857,90.45714285714288,2.8401428571428573,85.71428571428571,8.331428571428571,0.0,22.228571428571428,99.6,1015.4571428571428,63.8,9.37142857142857,10.22864386100946
1.2428571428571429,-2.3428571428571425,-0.1142857142857143,-3.271428571428572,-8.7,-5.685714285714285,89.89999999999999,1.1384285714285711,71.42857142857143,5.952857142857143,3.2,30.82857142857143,66.91428571428573,996.4285714285714,70.1,7.242857142857143,20.345228432278645
17.54285714285714,11.214285714285714,14.142857142857142,17.54285714285714,10.971428571428572,14.085714285714284,75.82857142857142,1.4067142857142856,100.0,4.17,0.0,24.442857142857143,200.12857142857143,1015.5714285714286,73.28571428571429,22.585714285714285,44.11658415366833
9.228571428571428,3.7714285714285714,6.342857142857143,7.528571428571429,0.8714285714285713,4.057142857142857,77.31428571428572,0.6920000000000001,28.571428571428573,2.975714285714285,0.0,21.957142857142856,164.52857142857144,1019.8,79.47142857142856,10.785714285714286,65.98871495922617
12.185714285714283,7.914285714285714,9.771428571428572,12.185714285714283,4.8,8.385714285714286,88.8,3.87,100.0,10.712857142857144,0.0,34.800000000000004,215.2142857142857,999.0285714285714,81.77142857142857,9.771428571428572,12.986756333126324
11.414285714285716,3.7857142857142856,7.628571428571428,10.585714285714284,0.6142857142857142,5.457142857142856,79.85714285714286,3.2310000000000003,71.42857142857143,5.357142857142857,0.1428571428571428,25.52857142857143,134.68571428571428,1007.0142857142856,64.51428571428572,10.714285714285714,-3.8098323390368014
19.0,12.071428571428571,15.44285714285714,19.0,12.071428571428571,15.44285714285714,86.92857142857143,2.0894285714285714,85.71428571428571,13.095714285714283,0.0,20.4,186.5142857142857,1016.7142857142856,62.271428571428565,10.214285714285714,20.186621416819207
7.614285714285714,1.2428571428571429,4.414285714285714,4.8,-2.357142857142857,1.2857142857142858,86.45714285714287,0.6044285714285714,100.0,4.764285714285714,0.0,26.542857142857144,207.2428571428572,1016.1142857142858,55.271428571428565,10.785714285714286,-48.27274700506541
10.971428571428572,7.142857142857143,9.171428571428573,10.657142857142857,3.971428571428571,7.357142857142857,85.54285714285713,1.1187142857142858,71.42857142857143,5.355714285714286,0.0,34.1,236.6,1007.7857142857144,73.97142857142856,12.742857142857144,-0.8902787399740646
5.314285714285715,0.8285714285714285,2.771428571428572,1.2571428571428571,-3.871428571428571,-1.3714285714285714,81.75714285714285,1.3695714285714284,71.42857142857143,4.167142857142857,1.0,29.5,130.12857142857143,1016.4285714285714,67.38571428571429,8.757142857142858,36.57735544676802
10.05714285714286,2.8000000000000003,6.6571428571428575,8.528571428571428,-0.5285714285714286,4.057142857142857,80.14285714285714,0.7132857142857142,42.85714285714285,1.7871428571428571,0.0,28.085714285714285,247.02857142857144,1023.9428571428572,67.42857142857143,16.52857142857143,7.108380452795473
16.885714285714286,9.285714285714286,12.814285714285717,16.885714285714286,7.8,12.014285714285714,80.37142857142858,0.8652857142857143,100.0,7.144285714285715,0.0,25.285714285714285,228.75714285714284,1013.8285714285714,67.67142857142856,10.142857142857142,-11.603719796206065
18.47142857142857,11.12857142857143,14.8,18.47142857142857,10.742857142857144,14.728571428571428,81.89999999999999,0.4312857142857143,57.142857142857146,2.9771428571428573,0.0,27.314285714285717,221.82857142857145,1016.6285714285714,72.7,12.957142857142856,-9.64545474893896
14.028571428571428,8.114285714285714,11.171428571428573,13.62857142857143,6.228571428571428,9.957142857142856,76.88571428571429,2.1582857142857144,42.85714285714285,7.737142857142857,0.0,20.971428571428568,111.12857142857142,1014.5857142857144,70.92857142857143,9.271428571428572,9.25363027953938
23.085714285714285,14.042857142857144,18.142857142857142,23.085714285714285,14.042857142857144,18.142857142857142,73.10000000000001,0.0684285714285714,42.85714285714285,2.975714285714285,0.0,21.428571428571427,259.4857142857143,1017.0285714285714,46.957142857142856,12.028571428571428,-23.109551302502386
9.9,6.985714285714286,8.385714285714286,8.628571428571428,3.3857142857142857,5.685714285714285,88.92857142857143,0.7268571428571429,85.71428571428571,5.357142857142857,0.0,33.25714285714286,201.44285714285712,1008.9285714285714,67.57142857142857,10.571428571428571,-13.078082360418191
8.914285714285715,4.328571428571428,6.7,7.5,0.5428571428571428,4.114285714285715,86.34285714285714,4.194714285714286,100.0,10.12,0.0,36.92857142857143,188.6142857142857,992.9857142857144,63.957142857142856,11.014285714285714,-27.52464609846584
18.3,11.085714285714284,14.457142857142856,18.3,10.1,14.257142857142856,81.21428571428571,0.1654285714285714,85.71428571428571,3.5742857142857143,0.0,24.585714285714285,137.1142857142857,1025.4571428571428,53.65714285714286,12.985714285714286,26.177758950161547
15.428571428571429,8.657142857142857,12.142857142857142,15.428571428571429,6.814285714285715,11.6,76.11428571428571,0.4665714285714286,42.85714285714285,2.381428571428572,0.0,33.08571428571429,282.1428571428572,1020.9285714285714,71.98571428571428,12.9,37.86658374059425
20.97142857142857,10.857142857142858,16.2,20.97142857142857,10.471428571428572,16.157142857142855,70.37142857142858,0.0348571428571428,14.285714285714286,0.5957142857142858,0.0,20.342857142857145,282.8285714285714,1020.8142857142856,40.42857142857143,11.714285714285714,24.964280211948903
17.057142857142857,10.957142857142856,13.828571428571427,17.057142857142857,10.642857142857142,13.685714285714283,85.32857142857144,0.9231428571428572,71.42857142857143,4.167142857142857,0.0,19.61428571428572,209.6,1010.9285714285714,64.8,14.842857142857143,27.110752055704666
17.24285714285714,10.585714285714284,13.885714285714286,17.24285714285714,10.171428571428573,13.828571428571427,80.67142857142858,0.4571428571428572,85.71428571428571,5.951428571428571,0.0,22.042857142857144,241.77142857142857,1013.6428571428572,67.91428571428571,24.928571428571427,16.24248469633983
8.085714285714285,1.6857142857142855,5.042857142857143,4.771428571428571,-1.7142857142857142,1.7571428571428571,76.89999999999999,0.5574285714285715,71.42857142857143,4.761428571428572,0.0,27.52857142857143,197.3857142857143,1004.8714285714286,73.92857142857143,19.31428571428572,11.131482705461394
19.014285714285712,10.985714285714286,14.771428571428572,19.014285714285712,10.542857142857144,14.685714285714283,79.21428571428571,0.3358571428571428,42.85714285714285,3.572857142857143,0.0,20.75714285714286,140.9,1019.8714285714286,57.44285714285714,10.928571428571429,-28.35589565088594
16.842857142857145,7.885714285714286,12.4,16.842857142857145,5.771428571428571,11.971428571428572,79.21428571428571,2.6768571428571426,100.0,7.737142857142857,0.0,18.52857142857143,126.52857142857142,1016.7714285714284,51.24285714285714,9.285714285714286,28.73527202810999
14.7,6.814285714285714,10.5,14.7,3.8285714285714287,9.085714285714284,78.38571428571429,0.0238571428571428,14.285714285714286,0.5957142857142858,0.0,30.24285714285714,99.58571428571427,1018.0142857142856,60.71428571428572,9.928571428571429,-7.390830146659255
10.828571428571427,4.6571428571428575,7.6,9.814285714285717,1.7,4.985714285714286,82.85714285714286,1.8,85.71428571428571,6.547142857142857,0.0,29.81428571428572,230.8571428571429,999.6,70.41428571428571,18.17142857142857,41.38868270199828
7.028571428571429,1.9142857142857144,4.514285714285714,4.2,-2.071428571428572,1.0285714285714285,80.71428571428571,1.130857142857143,71.42857142857143,6.548571428571429,0.0714285714285714,29.58571428571429,261.07142857142856,1020.4428571428572,63.957142857142856,11.928571428571429,-12.426929261815758
8.342857142857143,2.414285714285714,5.414285714285714,5.085714285714286,-1.7714285714285716,1.7142857142857142,81.7,2.161285714285714,85.71428571428571,6.545714285714285,2.0,36.31428571428571,223.67142857142855,1007.7714285714284,68.92857142857143,20.785714285714285,41.67989271006718
8.657142857142857,3.2,6.0,6.757142857142857,-0.4142857142857143,2.8428571428571425,87.3142857142857,1.1254285714285714,85.71428571428571,14.284285714285714,0.0,31.4,254.62857142857143,1019.5714285714286,71.14285714285714,9.94285714285714,12.339119605049746
12.928571428571429,6.985714285714286,9.642857142857142,12.928571428571429,4.014285714285714,8.242857142857144,90.92857142857144,1.0862857142857143,42.85714285714285,2.381428571428572,0.0,27.557142857142857,111.84285714285714,1011.4714285714286,70.32857142857144,8.785714285714286,24.841815690198477
9.8,4.642857142857143,7.3428571428571425,8.471428571428572,1.3714285714285717,4.542857142857143,88.57142857142857,4.982714285714287,100.0,33.93,0.2142857142857142,29.6,205.64285714285717,996.6714285714286,66.65714285714286,11.285714285714286,46.61414900212981
6.271428571428571,1.7714285714285711,3.642857142857143,2.9,-3.185714285714286,-0.4999999999999999,92.25714285714284,4.528571428571429,100.0,11.905714285714286,1.8,32.57142857142857,93.37142857142858,1002.1142857142858,87.39999999999999,7.128571428571428,0.7195542730282796
16.74285714285714,9.971428571428572,13.12857142857143,16.74285714285714,9.342857142857143,13.014285714285714,81.81428571428572,10.471857142857145,71.42857142857143,9.524285714285714,0.0,26.042857142857144,260.2714285714286,1021.342857142857,66.12857142857142,11.685714285714283,-28.782331475417323
8.3,3.271428571428572,6.014285714285714,6.914285714285714,0.6428571428571429,3.7,82.65714285714286,1.6644285714285714,85.71428571428571,4.762857142857143,0.0,26.357142857142858,220.7142857142857,1011.3285714285714,65.41428571428571,9.042857142857144,-37.740737763310335
20.385714285714283,9.55714285714286,14.728571428571428,20.385714285714283,8.428571428571429,14.571428571428571,61.1,0.0,0.0,0.0,0.0,19.942857142857143,231.92857142857144,1014.1142857142858,50.1,13.357142857142858,-20.364148246176
17.357142857142858,10.357142857142858,13.44285714285714,17.357142857142858,9.314285714285717,13.142857142857142,80.28571428571429,1.3022857142857145,100.0,6.547142857142857,0.0,26.8,251.0,1012.9,72.57142857142857,13.014285714285714,9.57236500654335
18.557142857142857,12.485714285714286,15.5,18.557142857142857,11.985714285714286,15.414285714285716,89.52857142857144,2.358142857142857,100.0,17.85857142857143,0.0,31.928571428571427,215.2,1012.8285714285714,77.44285714285715,10.314285714285717,18.114565111392157
8.22857142857143,2.2,4.6571428571428575,6.328571428571428,-2.0285714285714285,1.2285714285714284,84.27142857142857,0.6619999999999999,57.142857142857146,2.382857142857143,0.0,27.685714285714287,168.25714285714284,1025.7142857142858,64.95714285714286,9.414285714285716,-10.25295528195943
18.37142857142857,9.985714285714286,13.87142857142857,18.37142857142857,9.714285714285714,13.785714285714286,77.01428571428572,0.1558571428571428,28.571428571428573,2.38,0.0,25.857142857142858,269.0857142857143,1016.9714285714286,58.44285714285714,14.271428571428572,-45.55841684680525
10.0,3.0142857142857147,6.328571428571428,8.742857142857144,-0.4714285714285714,3.2857142857142856,74.39999999999999,0.6295714285714286,42.85714285714285,3.571428571428572,0.0285714285714285,32.27142857142857,234.4142857142857,1013.7571428571428,42.07142857142857,11.214285714285714,-7.456379367411728
9.528571428571428,7.314285714285715,8.4,8.185714285714285,4.428571428571429,6.414285714285714,94.9,0.0014285714285714,14.285714285714286,0.5957142857142858,0.0,22.014285714285712,159.91428571428574,1028.7285714285715,93.3,6.128571428571428,-34.98589151904798
23.457142857142856,14.028571428571428,18.2,23.585714285714285,14.028571428571428,18.2,77.91428571428571,0.098,42.85714285714285,2.381428571428572,0.0,26.4,145.07142857142858,1013.3571428571428,64.81428571428572,10.814285714285717,-25.35082039695192
25.228571428571428,14.842857142857143,20.17142857142857,25.11428571428572,14.842857142857143,20.15714285714285,68.98571428571428,0.636,14.285714285714286,1.19,0.0,18.2,141.20000000000002,1023.4142857142856,33.24285714285714,11.471428571428572,-30.41104205184456
11.042857142857144,6.0,8.685714285714285,10.157142857142857,3.8,7.257142857142857,93.11428571428571,1.3645714285714283,71.42857142857143,4.167142857142857,0.0,25.985714285714288,211.2142857142857,1005.3714285714286,69.5,9.671428571428573,-35.42431300461294
18.45714285714286,8.671428571428573,13.685714285714283,18.45714285714286,8.1,13.585714285714284,78.28571428571429,0.3838571428571429,57.142857142857146,4.1657142857142855,0.0,20.77142857142857,256.12857142857143,1021.7714285714284,50.74285714285714,21.02857142857143,-34.3299180921324
9.657142857142857,4.5285714285714285,7.014285714285714,8.114285714285714,0.557142857142857,3.6000000000000005,88.55714285714285,6.889142857142857,100.0,16.66857142857143,0.1571428571428571,39.51428571428572,233.7142857142857,1004.157142857143,62.25714285714286,9.714285714285714,12.985745760646296
11.5,3.4142857142857146,7.328571428571428,11.5,1.9,6.4,89.2,0.2775714285714286,85.71428571428571,3.5742857142857143,0.0,15.114285714285714,112.17142857142858,1019.1857142857144,56.35714285714285,8.385714285714286,2.8135150552598134
7.314285714285715,2.071428571428572,4.714285714285714,5.742857142857143,-0.7857142857142856,2.542857142857143,90.07142857142857,0.9024285714285716,57.142857142857146,4.1657142857142855,0.0,20.442857142857143,177.4857142857143,1018.3142857142856,79.05714285714285,5.6571428571428575,5.281214504411992
15.05714285714286,4.357142857142857,9.714285714285714,15.05714285714286,0.6285714285714284,8.071428571428571,69.84285714285714,0.0421428571428571,42.85714285714285,1.7871428571428571,0.0,26.414285714285715,86.84285714285714,1024.8857142857144,31.62857142857143,10.157142857142857,-29.975225462723078
10.514285714285714,4.442857142857143,7.457142857142856,9.928571428571429,1.8142857142857145,5.5,87.0,0.6962857142857144,85.71428571428571,5.951428571428571,0.0,24.1,234.95714285714288,1011.0428571428572,70.82857142857144,17.685714285714287,24.859324499786453
2.985714285714286,-2.4714285714285715,-0.0285714285714285,0.2285714285714286,-7.271428571428572,-4.114285714285715,87.04285714285713,0.5275714285714285,100.0,7.144285714285714,97.0,27.185714285714287,180.25714285714284,1022.4714285714286,46.285714285714285,11.485714285714286,91.96509601941148
20.77142857142857,11.957142857142856,16.0,20.77142857142857,11.957142857142856,16.0,75.67142857142858,0.0454285714285714,28.571428571428573,1.7857142857142858,0.0,24.74285714285714,197.37142857142857,1018.5285714285714,43.04285714285714,14.085714285714284,29.41843396088086
16.47142857142857,8.071428571428571,12.428571428571429,16.47142857142857,7.571428571428571,12.285714285714286,77.75714285714285,1.0237142857142858,57.142857142857146,4.167142857142857,0.0,17.82857142857143,272.6,1014.5285714285714,73.52857142857144,19.642857142857142,-1.208077747926268
4.542857142857143,-0.5857142857142856,1.957142857142857,1.2857142857142858,-5.3,-1.5714285714285714,90.77142857142856,2.674285714285714,71.42857142857143,7.737142857142857,2.185714285714286,25.628571428571423,250.58571428571423,1008.342857142857,63.21428571428572,9.614285714285714,-16.519204555652777
1.0857142857142856,-4.171428571428572,-1.3571428571428572,-1.5285714285714285,-8.385714285714284,-4.5,89.48571428571428,0.0712857142857142,28.571428571428573,2.381428571428572,0.0,15.3,120.87142857142858,1025.8,52.22857142857144,8.814285714285715,84.28139051027438
11.114285714285714,7.8428571428571425,9.157142857142857,11.114285714285714,4.428571428571429,7.3,91.1,3.3402857142857143,100.0,11.904285714285717,0.0,31.142857142857142,210.58571428571423,1008.9857142857144,81.7,8.942857142857143,42.6643867727073
19.814285714285717,11.928571428571429,15.8,19.814285714285717,11.928571428571429,15.8,78.5,1.8807142857142856,57.142857142857146,5.952857142857143,0.0,16.771428571428572,145.6142857142857,1018.5142857142856,49.771428571428565,9.44285714285714,6.705377883650044
14.4,9.2,11.885714285714286,14.4,7.071428571428571,11.285714285714286,82.47142857142856,1.8468571428571428,85.71428571428571,5.951428571428571,0.0,30.842857142857145,234.6142857142857,1012.3,73.44285714285715,22.1,12.31699846937886
9.157142857142857,3.071428571428572,6.214285714285714,7.328571428571428,-0.1142857142857142,3.585714285714286,87.64285714285714,2.1052857142857144,100.0,13.095714285714283,0.0,23.7,207.3428571428572,1007.0571428571428,55.22857142857144,11.357142857142858,22.820254691822583
19.885714285714283,13.05714285714286,16.585714285714285,19.885714285714283,12.928571428571429,16.571428571428573,85.2,1.7392857142857143,57.142857142857146,11.31,0.0,24.61428571428572,194.14285714285717,1011.9714285714286,54.771428571428565,10.314285714285717,-16.802539360471997
19.77142857142857,11.671428571428573,15.585714285714284,19.77142857142857,11.642857142857142,15.571428571428571,73.85714285714286,1.0594285714285714,42.85714285714285,2.975714285714285,0.0,20.27142857142857,197.3857142857143,1021.5428571428572,62.74285714285715,16.52857142857143,2.967554346552106
9.771428571428572,2.542857142857143,5.842857142857143,8.885714285714286,-0.3999999999999998,3.8428571428571434,86.78571428571429,2.8025714285714285,100.0,8.334285714285715,0.0,26.52857142857143,210.15714285714287,1028.7142857142858,52.02857142857143,10.414285714285716,-24.81154127861328
18.82857142857143,11.828571428571427,15.4,18.82857142857143,11.828571428571427,15.4,79.82857142857142,0.0528571428571428,28.571428571428573,1.1914285714285715,0.0,26.071428571428573,214.97142857142856,1015.1857142857144,74.38571428571429,12.485714285714286,37.10823670314289
19.357142857142858,14.8,17.02857142857143,19.357142857142858,14.8,17.02857142857143,87.51428571428572,2.294,85.71428571428571,16.665714285714284,0.0,24.928571428571427,209.12857142857143,1015.9142857142856,78.81428571428572,10.0,0.869776769195937
18.714285714285715,12.271428571428572,15.44285714285714,18.714285714285715,12.028571428571428,15.44285714285714,84.97142857142856,3.1998571428571423,71.42857142857143,19.047142857142852,0.0,25.842857142857145,240.77142857142857,1010.1714285714286,55.285714285714285,11.614285714285714,-18.988973777176284
17.02857142857143,9.928571428571429,13.428571428571429,17.02857142857143,8.514285714285714,13.142857142857142,76.01428571428572,0.0308571428571428,42.85714285714285,1.7871428571428571,0.0,25.82857142857143,38.57142857142857,1024.857142857143,54.71428571428572,13.028571428571428,-9.199250698632568
16.5,12.328571428571427,14.6,16.5,12.328571428571427,14.6,84.82857142857142,1.256714285714286,85.71428571428571,4.762857142857143,0.0,32.542857142857144,256.98571428571427,1010.2285714285716,74.72857142857143,12.085714285714284,-43.61348559005046
9.171428571428573,3.7285714285714286,6.7,8.17142857142857,0.4285714285714285,4.014285714285714,88.11428571428571,0.0251428571428571,57.142857142857146,2.382857142857143,0.0,26.77142857142857,68.32857142857144,1012.0714285714286,63.68571428571429,5.9,-115.40402014339315
15.885714285714286,10.857142857142858,13.028571428571428,15.885714285714286,10.857142857142858,13.028571428571428,80.85714285714286,0.2472857142857142,85.71428571428571,4.168571428571428,0.0,37.85714285714285,262.3428571428572,1008.5857142857144,73.48571428571428,15.37142857142857,28.940218534608675
13.685714285714283,8.257142857142856,10.757142857142856,13.685714285714283,6.514285714285714,10.12857142857143,87.55714285714285,3.9642857142857135,100.0,7.735714285714286,0.0,22.985714285714288,199.14285714285717,995.657142857143,71.65714285714286,10.900000000000002,60.084151219431305
7.585714285714286,2.457142857142857,4.985714285714286,5.3,-0.2571428571428573,2.5285714285714285,89.02857142857144,0.9085714285714284,85.71428571428571,5.357142857142857,0.0,23.285714285714285,221.4,1014.9428571428572,73.55714285714285,15.328571428571427,18.984869041703405
8.4,2.0142857142857142,5.1,5.814285714285715,-0.7999999999999999,2.442857142857143,84.94285714285715,2.526142857142857,85.71428571428571,6.547142857142857,0.0,24.742857142857144,243.3428571428572,997.5285714285714,68.7,14.528571428571428,-17.925494863072572
15.957142857142856,10.785714285714286,13.114285714285714,15.957142857142856,10.2,13.042857142857144,81.54285714285713,1.8435714285714289,85.71428571428571,10.714285714285714,0.0,30.17142857142857,279.8285714285714,1008.5285714285714,80.91428571428571,11.385714285714286,4.051287922719666
13.457142857142856,9.114285714285716,10.957142857142856,13.457142857142856,8.357142857142858,10.55714285714286,91.8,0.0809999999999999,42.85714285714285,2.381428571428572,0.0,17.128571428571426,141.0,1017.2714285714284,76.25714285714285,3.657142857142857,8.54855789672888
16.385714285714286,8.6,12.314285714285717,16.385714285714286,6.685714285714286,11.9,77.68571428571428,0.0,0.0,0.0,0.0,19.342857142857145,136.14285714285714,1014.8857142857142,59.957142857142856,8.77142857142857,-16.73151925126365
12.271428571428572,7.442857142857143,9.87142857142857,12.271428571428572,5.357142857142857,8.928571428571429,87.68571428571428,2.008857142857143,100.0,11.308571428571428,0.0,28.24285714285714,238.47142857142856,1014.3714285714286,77.85714285714286,10.657142857142857,13.56216811930517
8.685714285714285,4.271428571428571,6.328571428571428,7.914285714285714,0.7714285714285714,3.914285714285714,80.35714285714286,0.0414285714285714,71.42857142857143,3.5728571428571425,0.0,24.728571428571428,232.4,1031.8857142857144,75.72857142857143,7.1571428571428575,-8.457314839920173
16.82857142857143,10.928571428571429,14.014285714285714,16.82857142857143,10.214285714285714,13.9,84.35714285714286,10.879714285714286,100.0,22.02428571428572,0.0,25.17142857142857,176.37142857142857,1011.4571428571428,64.75714285714285,11.114285714285716,78.21267534037008
12.142857142857142,4.0,8.22857142857143,11.257142857142856,0.9857142857142857,6.228571428571429,73.2,0.391142857142857,71.42857142857143,5.357142857142857,0.0,25.87142857142857,301.0571428571429,1014.3285714285714,72.37142857142858,21.62857142857143,-7.456047480956386
24.385714285714283,13.05714285714286,18.928571428571427,24.428571428571427,13.05714285714286,18.942857142857143,69.25714285714285,0.8087142857142858,28.571428571428573,1.7857142857142858,0.0,12.114285714285714,197.3,1019.2428571428572,40.98571428571428,14.342857142857143,3.7979053060271326
20.228571428571428,12.357142857142858,16.32857142857143,20.228571428571428,12.228571428571428,16.32857142857143,74.77142857142857,0.0328571428571428,28.571428571428573,1.7857142857142858,0.0,24.728571428571428,200.95714285714288,1019.2,57.72857142857144,10.742857142857144,-33.45460375398579
12.457142857142856,7.957142857142857,10.042857142857144,12.457142857142856,6.014285714285714,9.057142857142855,88.5,4.309857142857143,85.71428571428571,21.427142857142854,0.0,32.84285714285714,228.95714285714288,1006.6714285714286,66.57142857142857,10.142857142857142,2.137068258616523
4.928571428571429,-1.3285714285714287,1.4857142857142858,3.0,-5.971428571428571,-2.0428571428571427,88.44285714285715,1.0497142857142858,57.142857142857146,10.12,0.0999999999999999,21.514285714285712,72.65714285714286,1011.1,39.39999999999999,7.271428571428571,-21.99275189475384
15.4,8.957142857142857,11.614285714285714,15.4,6.728571428571429,11.1,82.05714285714285,0.041,28.571428571428573,1.1914285714285715,0.0,24.27142857142857,106.75714285714284,1014.6714285714286,69.14285714285714,10.2,-27.591683362637355
9.814285714285717,6.528571428571429,8.27142857142857,8.457142857142857,3.3857142857142857,6.085714285714286,89.31428571428572,1.390285714285714,100.0,13.691428571428572,0.0,29.485714285714288,197.2142857142857,1015.5857142857144,77.98571428571428,8.628571428571428,7.832275916880235
12.714285714285714,8.328571428571427,10.614285714285714,12.714285714285714,6.557142857142857,10.0,92.57142857142856,2.99,85.71428571428571,7.140000000000001,0.0,31.557142857142857,203.7428571428572,1004.9428571428572,75.32857142857142,10.87142857142857,35.46184876331131
7.571428571428571,2.1,4.685714285714285,3.757142857142857,-2.8000000000000003,0.1285714285714286,84.54285714285713,5.487,100.0,32.142857142857146,0.0,45.18571428571429,212.52857142857144,987.5428571428572,64.35714285714286,10.5,31.36317432452984
12.271428571428572,7.057142857142857,9.914285714285716,12.271428571428572,4.242857142857143,8.371428571428572,86.44285714285715,2.292857142857143,100.0,11.904285714285717,0.0,38.42857142857143,209.77142857142857,1012.7,76.65714285714286,9.842857142857143,-42.00124167271474
18.285714285714285,12.971428571428572,15.4,18.285714285714285,12.971428571428572,15.4,84.22857142857143,0.9955714285714284,85.71428571428571,5.3585714285714285,0.0,28.27142857142857,221.9,1015.6285714285716,77.95714285714287,12.62857142857143,-36.247839207778384
16.742857142857144,7.042857142857143,11.571428571428571,16.742857142857144,4.485714285714286,10.657142857142857,79.27142857142857,0.0,0.0,0.0,0.0,23.942857142857143,65.44285714285715,1031.1714285714286,21.51428571428572,9.37142857142857,26.222613350368874
8.1,2.657142857142857,5.257142857142857,6.171428571428571,-1.1,2.571428571428572,81.28571428571429,0.7735714285714286,57.142857142857146,6.548571428571429,0.0,29.228571428571428,222.0142857142857,1013.4142857142856,70.32857142857144,10.87142857142857,-14.965952995121595
19.17142857142857,12.6,15.657142857142857,19.17142857142857,12.6,15.657142857142857,81.27142857142857,1.2074285714285715,85.71428571428571,6.548571428571429,0.0,26.214285714285715,261.57142857142856,1013.8285714285714,58.885714285714286,11.542857142857144,-39.98523238540565
18.32857142857143,12.614285714285714,15.228571428571428,18.32857142857143,12.614285714285714,15.228571428571428,78.61428571428571,1.7007142857142858,57.142857142857146,7.142857142857143,0.0,27.457142857142856,248.87142857142857,1011.3857142857142,51.27142857142858,12.614285714285714,-16.303046866943305
18.77142857142857,13.914285714285716,16.17142857142857,18.77142857142857,13.914285714285716,16.17142857142857,88.67142857142858,3.8804285714285713,100.0,20.83285714285714,0.0,24.342857142857145,232.40000000000003,1010.5,64.78571428571429,10.257142857142856,-4.101397255702636
5.914285714285714,0.8714285714285713,3.5285714285714285,2.9,-3.5,-0.1285714285714285,89.8,1.6942857142857142,71.42857142857143,8.334285714285715,0.0,25.1,223.14285714285717,1005.3571428571428,55.22857142857142,10.814285714285717,5.610208597073324
8.857142857142858,3.314285714285714,6.3,5.671428571428572,-0.4285714285714285,2.8000000000000003,84.21428571428571,4.758285714285714,100.0,13.095714285714283,0.0,37.285714285714285,243.37142857142857,1011.9857142857144,70.81428571428572,10.642857142857142,10.22278138545903
11.342857142857143,5.914285714285714,8.571428571428571,10.357142857142858,1.957142857142857,5.985714285714286,85.17142857142858,3.875714285714286,57.142857142857146,3.571428571428572,0.0,40.957142857142856,222.4857142857143,1010.4142857142856,67.4,13.385714285714286,-31.96000342758498
11.542857142857144,1.7428571428571429,6.785714285714286,11.028571428571428,-0.3285714285714286,4.871428571428572,78.75714285714285,0.0022857142857142,14.285714285714286,0.5957142857142858,0.0,18.414285714285715,108.88571428571429,1031.1714285714286,28.4,10.214285714285714,58.76288388912917
9.0,2.3000000000000003,6.114285714285714,8.571428571428571,-0.5857142857142856,4.1571428571428575,83.37142857142858,0.4272857142857143,85.71428571428571,7.144285714285714,0.1142857142857142,21.385714285714283,252.52857142857144,1022.8,48.05714285714286,10.728571428571428,-42.03804514340118
18.0,10.657142857142857,13.94285714285714,18.0,9.87142857142857,13.757142857142856,83.25714285714285,0.059,14.285714285714286,1.19,0.0,23.67142857142857,84.34285714285714,1026.2285714285715,53.17142857142857,9.571428571428571,35.390756066981
16.842857142857145,9.485714285714284,12.914285714285716,16.842857142857145,8.614285714285714,12.757142857142856,82.38571428571429,3.4681428571428574,85.71428571428571,8.334285714285715,0.0,24.27142857142857,213.8142857142857,1007.8714285714284,69.48571428571428,10.3,-50.25302347023501
22.142857142857142,12.357142857142858,16.685714285714287,22.142857142857142,12.242857142857144,16.685714285714287,69.85714285714286,0.0,0.0,0.0,0.0,15.271428571428572,181.8857142857143,1022.8142857142856,54.52857142857143,9.814285714285717,45.71433181222199
13.585714285714284,7.714285714285714,10.685714285714283,13.585714285714284,4.728571428571429,9.6,84.24285714285715,2.7572857142857146,85.71428571428571,9.522857142857143,0.0,32.07142857142857,215.6,1013.5,63.885714285714286,14.114285714285714,29.408857387938497
10.428571428571429,4.614285714285714,7.0,9.55714285714286,0.4428571428571428,4.1000000000000005,85.31428571428572,1.3658571428571429,42.85714285714285,3.571428571428572,0.0,29.11428571428572,116.65714285714286,1013.7714285714284,63.12857142857143,7.757142857142857,41.208825677303366
17.642857142857142,12.2,14.8,17.642857142857142,12.085714285714284,14.785714285714286,91.67142857142858,0.8247142857142856,85.71428571428571,8.332857142857142,0.0,15.971428571428572,136.35714285714286,1019.1285714285716,73.67142857142858,7.542857142857143,0.1463293417670002
13.385714285714286,7.485714285714286,10.37142857142857,13.385714285714286,5.4,9.37142857142857,83.10000000000001,3.781,100.0,14.287142857142856,1.0,27.75714285714286,224.7142857142857,1009.0714285714286,61.957142857142856,12.928571428571429,-3.221180636999861
20.642857142857142,12.571428571428571,16.485714285714288,20.642857142857142,12.571428571428571,16.485714285714288,70.77142857142857,0.0734285714285714,14.285714285714286,0.5957142857142858,0.0,26.014285714285712,276.35714285714283,1022.7285714285716,56.01428571428572,14.142857142857142,-38.67752866453725
21.1,11.857142857142858,16.414285714285715,21.1,11.471428571428572,16.385714285714286,76.51428571428572,0.1811428571428571,85.71428571428571,4.764285714285714,0.0,15.714285714285714,241.72857142857143,1022.8857142857142,52.17142857142857,12.571428571428571,3.209916781748575
3.871428571428571,-1.1142857142857143,1.2,-0.4571428571428572,-5.757142857142857,-3.2,78.12857142857142,0.3168571428571428,100.0,5.952857142857143,0.2714285714285714,25.65714285714285,138.22857142857143,1012.3,49.92857142857143,10.485714285714286,-37.22775762830247
9.671428571428573,4.014285714285714,7.185714285714285,7.085714285714286,0.1285714285714285,3.8428571428571434,81.5,0.4341428571428571,100.0,6.547142857142857,0.0,44.32857142857142,249.2428571428572,1010.5428571428572,67.12857142857142,13.014285714285714,13.938771381964443
18.014285714285712,9.585714285714284,13.642857142857142,18.014285714285712,8.614285714285714,13.44285714285714,76.14285714285714,2.0604285714285715,71.42857142857143,4.762857142857143,0.0,22.74285714285714,140.0857142857143,1017.4571428571428,52.271428571428565,10.814285714285717,-29.402016389905956
11.05714285714286,3.542857142857143,7.142857142857143,11.05714285714286,1.0857142857142856,5.128571428571428,78.68571428571428,1.0415714285714286,71.42857142857143,4.167142857142857,0.0,24.7,230.25714285714284,1022.8142857142858,56.21428571428572,12.27142857142857,-36.98721608749361
16.771428571428572,11.885714285714286,14.0,16.771428571428572,11.885714285714286,14.0,87.3,10.028857142857143,100.0,22.618571428571432,0.0,31.985714285714288,217.8714285714286,1004.4571428571428,69.42857142857143,10.457142857142856,12.774162775617924
19.885714285714283,5.942857142857143,12.585714285714284,19.885714285714283,3.4428571428571426,11.742857142857144,58.94285714285714,0.0,0.0,0.0,0.0,23.957142857142856,68.61428571428571,1023.9714285714286,22.6,14.228571428571428,-18.12723913081527
9.471428571428572,4.214285714285714,6.785714285714286,7.885714285714286,0.9857142857142858,4.142857142857143,90.05714285714285,3.1681428571428576,71.42857142857143,8.928571428571429,0.0,31.65714285714285,185.42857142857144,1024.1285714285714,76.02857142857144,8.542857142857143,260.8216971863926
24.5,12.785714285714286,18.67142857142857,24.5,12.785714285714286,18.67142857142857,65.12857142857142,0.0047142857142857,14.285714285714286,0.5957142857142858,0.0,19.728571428571428,73.27142857142857,1028.242857142857,17.428571428571427,16.67142857142857,47.36775089440744
14.657142857142857,8.971428571428572,11.728571428571428,14.657142857142857,7.685714285714285,11.285714285714286,87.04285714285713,1.856142857142857,57.142857142857146,3.571428571428572,0.0,26.885714285714283,161.57142857142858,1011.2714285714284,72.67142857142858,8.157142857142857,30.62362072378596
17.414285714285715,12.028571428571428,14.585714285714284,17.414285714285715,11.87142857142857,14.55714285714286,84.77142857142857,1.0395714285714284,71.42857142857143,8.332857142857142,0.0,23.057142857142857,256.65714285714284,1015.6428571428572,73.8,11.457142857142856,2.4812142179486045
14.028571428571428,6.442857142857143,9.8,14.028571428571428,3.585714285714286,8.428571428571429,79.95714285714287,0.5028571428571429,57.142857142857146,4.1657142857142855,0.0,27.485714285714288,128.14285714285714,1019.7571428571428,51.17142857142857,10.44285714285714,4.296020385308793
9.87142857142857,4.742857142857143,7.3,8.314285714285715,0.0142857142857144,4.0285714285714285,78.58571428571429,3.101,100.0,8.33,0.0,47.642857142857146,225.72857142857143,1006.9571428571428,74.38571428571429,12.685714285714283,59.46172206938672
8.171428571428573,4.042857142857143,6.185714285714285,6.0,0.3285714285714284,3.5142857142857147,88.3,0.8264285714285714,85.71428571428571,5.952857142857143,0.0,28.65714285714285,186.0,1013.5,71.38571428571429,15.385714285714286,-1.9088718054249512
24.3,13.471428571428572,18.52857142857143,24.1,13.471428571428572,18.514285714285712,68.54285714285714,0.2914285714285714,28.571428571428573,1.7857142857142858,0.0,27.571428571428573,228.27142857142857,1010.4,52.05714285714286,12.914285714285716,10.753869164666751
8.042857142857143,5.814285714285715,7.071428571428571,6.942857142857142,2.257142857142857,4.614285714285714,91.75714285714284,10.93942857142857,100.0,10.118571428571428,0.0,27.228571428571428,158.8857142857143,1032.7142857142858,85.22857142857143,7.885714285714286,-9.252691887547144
16.714285714285715,9.785714285714286,13.271428571428572,16.714285714285715,8.742857142857144,13.114285714285714,78.15714285714286,1.5242857142857142,71.42857142857143,4.167142857142857,0.0,33.385714285714286,249.28571428571428,1009.7571428571428,68.31428571428572,13.414285714285716,32.5635992497165
8.071428571428571,1.457142857142857,5.057142857142857,6.942857142857142,-0.8714285714285716,2.9,86.22857142857143,1.0872857142857144,42.85714285714285,1.7871428571428571,0.0,22.214285714285715,207.32857142857145,1037.0142857142855,68.64285714285714,9.0,22.563850476827383
16.54285714285714,9.414285714285716,12.9,16.54285714285714,8.985714285714286,12.785714285714286,72.14285714285714,0.1531428571428571,71.42857142857143,4.167142857142857,0.0,20.25714285714286,229.6142857142857,1023.8857142857142,69.38571428571429,22.414285714285715,-16.49302689772037
13.171428571428573,6.885714285714286,10.1,12.785714285714286,4.942857142857143,8.942857142857143,82.41428571428571,2.313142857142857,71.42857142857143,5.355714285714286,0.0,23.785714285714285,157.12857142857143,1006.4142857142856,84.04285714285716,13.328571428571427,35.82641225030966
5.957142857142857,2.057142857142857,4.0285714285714285,4.0285714285714285,-0.8571428571428571,1.4714285714285715,95.51428571428572,1.5011428571428571,100.0,9.524285714285714,0.1714285714285714,19.942857142857143,200.7428571428572,1011.342857142857,68.85714285714286,8.9,34.862708764705985
14.7,8.914285714285715,11.485714285714284,14.7,7.228571428571429,10.742857142857144,87.74285714285715,2.757285714285714,100.0,10.118571428571428,0.0,24.15714285714285,134.18571428571428,1011.3714285714286,74.22857142857143,11.185714285714283,-36.45039589499595
8.8,2.771428571428572,5.628571428571428,6.142857142857143,-1.3571428571428572,1.9142857142857144,80.24285714285715,1.19,57.142857142857146,7.142857142857143,0.0,34.1,240.8857142857143,1019.2857142857144,53.04285714285714,10.328571428571427,-81.31980429159307
3.6142857142857134,-2.2142857142857144,0.3714285714285714,0.9714285714285714,-5.171428571428572,-2.314285714285714,82.81428571428572,0.0,0.0,0.0,0.0,17.085714285714285,71.11428571428571,1026.1285714285714,56.95714285714286,7.214285714285714,28.915287460183208
12.1,5.614285714285714,8.571428571428571,11.62857142857143,2.3,6.642857142857143,76.67142857142858,1.911,85.71428571428571,5.952857142857143,0.0,25.185714285714287,99.8,1016.9857142857144,68.22857142857143,10.614285714285714,-45.23597372051165
9.857142857142858,2.042857142857143,6.257142857142857,9.028571428571428,-0.557142857142857,4.014285714285714,68.61428571428571,0.4009999999999999,42.85714285714285,2.381428571428572,0.0,24.5,205.58571428571423,1024.6,41.57142857142857,11.328571428571427,-26.451036553444737
12.5,8.014285714285714,10.471428571428572,12.5,6.814285714285715,10.0,89.48571428571428,3.0435714285714286,100.0,6.547142857142857,0.0,26.142857142857142,231.0,1005.1714285714286,81.24285714285715,12.542857142857144,57.53649497608228
14.571428571428571,10.1,12.271428571428572,14.571428571428571,10.014285714285714,12.228571428571428,92.41428571428573,0.5088571428571428,42.85714285714285,2.381428571428572,0.0,24.642857142857142,122.0,1015.5857142857144,82.5,5.628571428571428,23.883828174411747
20.557142857142857,12.185714285714283,16.285714285714285,20.557142857142857,12.0,16.242857142857144,78.18571428571428,0.0315714285714285,57.142857142857146,2.382857142857143,0.0,20.814285714285717,231.68571428571428,1018.2285714285716,63.642857142857146,18.04285714285714,6.184131795690405
10.785714285714286,5.342857142857143,7.928571428571429,10.685714285714283,2.5285714285714285,5.871428571428572,84.71428571428571,2.4147142857142856,100.0,6.547142857142857,0.0,26.5,209.0142857142857,1001.9428571428572,81.68571428571428,14.728571428571428,1.0383004692046145
15.55714285714286,7.828571428571428,11.828571428571427,15.55714285714286,6.557142857142857,11.3,79.45714285714287,1.3618571428571429,42.85714285714285,2.381428571428572,0.0,29.74285714285714,223.3857142857143,1016.1428571428572,64.11428571428571,11.685714285714283,37.917348800152695
17.5,5.014285714285714,11.1,17.5,2.514285714285714,10.12857142857143,64.45714285714286,0.0,0.0,0.0,0.0999999999999999,17.257142857142856,96.82857142857142,1031.1285714285714,4.6571428571428575,11.685714285714283,-7.900386228940761
13.414285714285716,5.271428571428571,9.414285714285716,13.414285714285716,3.128571428571429,8.071428571428571,72.02857142857142,0.4018571428571428,28.571428571428573,2.38,0.0,25.085714285714285,276.5571428571429,1009.5285714285714,58.6,18.9,9.90176306271178
17.914285714285715,12.785714285714286,15.328571428571427,17.914285714285715,12.785714285714286,15.328571428571427,88.92857142857143,2.347714285714286,71.42857142857143,4.761428571428572,0.0,26.957142857142856,223.6,1015.5571428571428,72.14285714285714,14.257142857142856,-28.13973586175598
16.742857142857144,9.071428571428571,12.728571428571428,16.742857142857144,7.871428571428572,12.485714285714286,80.89999999999999,2.506142857142857,57.142857142857146,3.571428571428572,0.0,20.62857142857143,53.52857142857143,1028.5,41.54285714285714,9.285714285714286,-5.855615524028053
20.7,11.385714285714286,16.142857142857142,20.7,11.385714285714286,16.142857142857142,73.34285714285714,0.3865714285714285,28.571428571428573,1.7857142857142858,0.0,20.814285714285717,116.28571428571428,1016.5428571428572,49.42857142857143,13.071428571428571,-19.56711692656654
6.928571428571429,1.157142857142857,3.985714285714285,4.171428571428572,-2.8428571428571425,0.2428571428571428,88.11428571428571,0.4094285714285713,100.0,5.952857142857143,2.3666666666666667,30.37142857142857,263.4857142857143,1007.8142857142856,66.37142857142858,13.3,53.40623603196241
13.428571428571429,5.828571428571428,9.6,13.428571428571429,3.6571428571428575,8.557142857142857,71.62857142857142,0.7844285714285714,42.85714285714285,2.975714285714285,0.0,20.228571428571428,36.971428571428575,1012.6,73.7,14.428571428571429,-22.94519213767217
8.042857142857143,2.6714285714285717,5.257142857142857,5.9,-1.6,2.0285714285714285,79.18571428571428,0.7541428571428571,57.142857142857146,4.76,0.0,27.15714285714285,136.47142857142856,993.8285714285714,77.65714285714286,10.857142857142858,57.45660976319505
9.814285714285717,5.357142857142857,7.457142857142857,7.957142857142857,1.1,3.9,78.58571428571429,0.0054285714285714,14.285714285714286,0.5957142857142858,0.0,37.31428571428571,252.12857142857143,1028.9714285714283,81.64285714285714,15.157142857142857,-3.022877748083601
10.114285714285714,5.314285714285715,8.200000000000001,9.242857142857144,2.3714285714285714,6.314285714285715,93.44285714285716,0.4928571428571429,71.42857142857143,4.761428571428572,0.0,27.24285714285714,225.4857142857143,1026.3142857142857,78.82857142857142,8.885714285714284,-194.10523476000003
10.114285714285714,6.185714285714285,7.985714285714286,9.314285714285717,3.242857142857143,5.985714285714286,88.41428571428571,10.975571428571428,100.0,8.927142857142858,0.0,27.442857142857143,191.65714285714284,1005.3571428571428,74.64285714285714,10.528571428571428,25.41824726617051
9.0,4.2,7.0,7.742857142857143,1.1857142857142855,5.1000000000000005,86.02857142857144,0.8190000000000001,42.85714285714285,4.761428571428572,0.0,27.985714285714288,280.0571428571429,1026.2,70.04285714285714,11.614285714285714,-40.5640631695843
15.714285714285714,8.971428571428572,12.1,15.714285714285714,8.057142857142857,11.62857142857143,87.21428571428571,0.0551428571428571,14.285714285714286,1.19,0.0,22.685714285714287,219.3571428571429,1023.8428571428572,61.02857142857143,10.814285714285717,-9.061902515803697
17.62857142857143,8.971428571428572,13.142857142857142,17.62857142857143,7.728571428571429,13.0,69.92857142857143,0.1225714285714285,42.85714285714285,2.381428571428572,0.0,17.814285714285713,305.3428571428572,1014.9571428571428,57.54285714285714,12.37142857142857,42.78311415291057
15.214285714285714,7.457142857142856,11.214285714285714,15.214285714285714,5.757142857142857,10.642857142857142,77.88571428571429,1.8415714285714289,71.42857142857143,4.167142857142857,0.0,20.842857142857145,217.44285714285712,1004.0,76.65714285714286,10.528571428571428,-26.61830611570167
22.314285714285717,10.44285714285714,16.185714285714287,22.214285714285715,9.55714285714286,16.0,58.5,0.0,0.0,0.0,0.0,27.6,148.75714285714284,1025.5285714285717,47.81428571428571,13.271428571428572,10.943645529533228
9.742857142857144,2.557142857142857,6.114285714285715,8.042857142857143,-1.0285714285714287,3.385714285714286,82.01428571428572,2.9411428571428573,71.42857142857143,7.738571428571428,0.0285714285714285,27.385714285714283,184.78571428571428,1008.7,58.74285714285714,10.1,-72.41376996264853
10.357142857142858,3.685714285714286,6.9,9.071428571428571,0.0142857142857143,4.385714285714285,86.32857142857142,0.1057142857142857,71.42857142857143,4.762857142857143,0.0,24.75714285714286,109.64285714285714,1028.242857142857,41.51428571428572,6.6571428571428575,0.3808050157284697
10.185714285714283,5.985714285714286,7.985714285714287,9.271428571428572,2.7,5.742857142857143,87.11428571428571,0.9201428571428572,85.71428571428571,8.334285714285715,0.0,27.37142857142857,246.78571428571428,1021.7571428571428,75.87142857142858,10.5,-66.26361526977462
17.6,8.471428571428572,13.157142857142857,17.6,7.785714285714286,12.985714285714286,77.2,0.5858571428571429,28.571428571428573,1.1914285714285715,0.0,19.214285714285715,164.65714285714284,1018.6285714285714,55.271428571428565,10.257142857142856,-25.3498280317566
9.385714285714286,3.5,6.571428571428571,6.814285714285715,-0.1,3.071428571428572,82.28571428571429,1.7108571428571426,85.71428571428571,5.357142857142857,0.0,39.32857142857143,217.3571428571429,997.8571428571428,70.07142857142857,17.085714285714285,-4.569592075798482
10.6,4.357142857142857,7.442857142857143,9.342857142857143,2.071428571428572,5.328571428571428,81.71428571428571,0.2004285714285714,57.142857142857146,2.9771428571428573,0.0,23.2,283.68571428571425,1029.5285714285717,68.17142857142856,10.028571428571428,-47.03833278098705
9.185714285714283,5.171428571428571,7.2,8.085714285714285,2.4285714285714284,5.471428571428571,86.8,0.8621428571428572,100.0,11.31,0.0,25.12857142857143,170.25714285714284,1021.342857142857,75.48571428571428,11.757142857142856,11.748850548842029
10.642857142857142,4.742857142857143,7.942857142857143,10.0,1.7857142857142858,6.271428571428571,88.45714285714287,2.4724285714285714,100.0,9.522857142857143,0.0,23.37142857142857,259.8,1018.6285714285714,47.12857142857143,9.757142857142856,-20.87451373914746
9.714285714285714,3.357142857142857,6.585714285714286,7.5,-0.9714285714285714,2.914285714285714,77.71428571428571,0.6172857142857142,85.71428571428571,4.762857142857143,0.0,39.5,239.75714285714284,1000.3571428571428,73.91428571428571,18.642857142857142,-12.661883571038516
11.428571428571429,3.5142857142857147,7.442857142857143,11.085714285714284,1.042857142857143,5.857142857142857,78.15714285714286,1.597,85.71428571428571,6.55,0.0,18.4,96.68571428571428,1021.4285714285714,65.52857142857142,7.742857142857143,-16.82187847779005
-1.4142857142857144,-4.757142857142857,-2.8428571428571425,-5.242857142857142,-10.271428571428572,-7.757142857142857,93.05714285714284,0.4074285714285715,85.71428571428571,5.954285714285715,5.471428571428571,22.728571428571428,119.54285714285712,1004.1714285714286,67.24285714285715,6.671428571428572,20.883635769756665
9.2,4.314285714285714,6.957142857142857,7.0,-0.1857142857142857,3.4285714285714284,83.38571428571429,2.286142857142857,85.71428571428571,7.737142857142857,0.0,40.1,238.58571428571423,1016.8571428571428,64.82857142857144,10.05714285714286,-67.97043030769555
22.428571428571427,11.37142857142857,16.571428571428573,22.428571428571427,10.528571428571428,16.442857142857143,71.0,0.0047142857142857,28.571428571428573,1.1914285714285715,0.0,24.1,151.64285714285714,1027.1714285714286,49.42857142857143,14.071428571428571,-55.22738784607509
14.714285714285714,9.585714285714284,11.971428571428572,14.714285714285714,8.042857142857143,11.5,89.01428571428572,5.420285714285714,100.0,29.762857142857143,0.0,27.3,218.78571428571428,1009.9142857142856,61.65714285714286,10.428571428571429,-31.54491355622281
19.728571428571428,11.714285714285714,15.7,19.728571428571428,11.714285714285714,15.7,76.64285714285714,0.0,0.0,0.0,0.0,26.87142857142857,261.24285714285713,1016.1857142857144,65.08571428571429,15.400000000000002,-15.346119627365056
9.842857142857143,4.628571428571428,7.142857142857143,8.457142857142857,1.1,4.1571428571428575,77.75714285714285,0.9781428571428572,100.0,4.764285714285714,0.0,34.94285714285714,223.02857142857144,1018.8571428571428,75.91428571428571,10.485714285714286,-47.49442202867385
27.642857142857142,13.085714285714284,20.3,27.37142857142857,13.085714285714284,20.257142857142856,59.82857142857143,0.0,0.0,0.0,0.0,19.17142857142857,208.52857142857144,1022.8857142857142,23.457142857142856,11.428571428571429,31.931081747161212
13.928571428571429,8.385714285714286,11.0,13.928571428571429,6.585714285714286,10.428571428571429,87.28571428571429,4.286857142857143,85.71428571428571,22.02285714285714,0.0,24.857142857142858,231.78571428571428,1010.9,53.971428571428575,10.957142857142856,17.098819298119565
9.328571428571427,5.414285714285714,7.457142857142856,6.985714285714286,1.5714285714285714,4.328571428571428,88.28571428571429,4.007571428571429,100.0,24.40428571428572,0.0,40.68571428571429,245.8571428571429,1010.8142857142856,63.58571428571429,10.2,85.41428059299346
22.0,10.62857142857143,16.685714285714287,22.0,10.457142857142856,16.62857142857143,69.97142857142858,0.0,0.0,0.0,0.0,23.228571428571428,132.14285714285714,1018.7428571428572,41.15714285714286,12.7,-9.444418455343907
11.87142857142857,2.2857142857142856,7.214285714285714,11.414285714285716,0.3142857142857142,5.485714285714286,72.24285714285715,0.2211428571428571,42.85714285714285,2.9771428571428573,0.0,22.47142857142857,210.5142857142857,1029.5,51.15714285714286,12.185714285714283,-24.829139854819687
13.014285714285714,6.271428571428571,9.071428571428571,13.014285714285714,4.6000000000000005,8.2,79.62857142857142,0.182,42.85714285714285,2.381428571428572,0.0,19.3,183.02857142857144,1019.2571428571428,73.08571428571429,9.87142857142857,-29.191865815377128
7.728571428571429,2.8428571428571425,5.271428571428571,5.271428571428571,-0.4428571428571429,2.2142857142857144,86.32857142857142,1.0201428571428572,85.71428571428571,5.951428571428571,0.0,27.5,133.04285714285714,1004.1428571428572,87.17142857142858,12.285714285714286,150.72370746189745
23.25714285714286,12.914285714285716,18.014285714285712,23.32857142857143,12.8,18.02857142857143,69.61428571428571,0.0,0.0,0.0,0.0,21.25714285714286,167.07142857142858,1020.7571428571428,59.17142857142857,15.985714285714286,15.542179643071904
6.471428571428571,2.3285714285714287,4.385714285714285,5.014285714285714,-0.9857142857142858,1.8571428571428572,89.7,2.6741428571428574,100.0,8.927142857142858,0.0,23.285714285714285,171.32857142857142,1026.8428571428572,51.9,9.685714285714283,-17.754995827798894
4.9,0.5999999999999999,2.8,1.5857142857142856,-4.128571428571429,-1.3,86.75714285714285,3.493,85.71428571428571,6.545714285714285,1.175,31.11428571428572,172.65714285714284,999.5857142857144,76.10000000000001,13.657142857142857,74.22766260672074
9.257142857142856,4.471428571428572,6.8,6.485714285714286,-0.3714285714285714,2.942857142857143,71.0,0.9142857142857144,100.0,5.952857142857143,0.0,45.7,266.3428571428572,1009.657142857143,67.8,13.528571428571428,0.1354281902722505
8.3,1.542857142857143,4.828571428571428,6.742857142857143,-2.3428571428571425,1.7999999999999996,84.98571428571428,1.8072857142857144,71.42857142857143,6.548571428571429,0.0,25.928571428571427,133.22857142857143,1001.5714285714286,65.75714285714285,8.6,109.78906269450933
13.44285714285714,3.985714285714285,8.5,13.44285714285714,1.7857142857142858,7.3,78.27142857142857,0.0,0.0,0.0,0.0,20.0,140.64285714285714,1030.0285714285717,50.3,10.471428571428572,-4.195764408041441
4.457142857142857,0.3571428571428571,2.5285714285714285,1.6857142857142855,-3.985714285714285,-0.9857142857142857,88.39999999999999,0.4261428571428571,85.71428571428571,8.930000000000001,0.0,23.3,100.54285714285712,1033.242857142857,65.45714285714286,9.55714285714286,-24.908985240765105
17.057142857142857,9.285714285714286,12.928571428571429,17.057142857142857,7.728571428571429,12.62857142857143,76.05714285714285,0.4328571428571429,57.142857142857146,2.9771428571428573,0.0,26.11428571428572,262.5285714285714,1024.7714285714285,60.02857142857143,14.842857142857143,-7.948191680646801
11.62857142857143,4.085714285714286,7.871428571428572,10.728571428571428,1.3000000000000005,5.871428571428572,77.97142857142856,1.4420000000000002,57.142857142857146,5.358571428571429,0.0,23.042857142857144,233.12857142857143,1018.2571428571428,49.38571428571429,14.071428571428571,-31.277264643778267
16.442857142857143,10.5,13.55714285714286,16.442857142857143,9.3,13.357142857142858,86.24285714285715,1.0198571428571428,100.0,9.522857142857143,0.0,29.414285714285715,264.68571428571425,1017.5285714285714,50.9,13.05714285714286,-54.13121657791487
1.1714285714285713,-4.428571428571429,-1.6857142857142855,-2.7285714285714286,-9.342857142857143,-6.1571428571428575,79.11428571428571,0.0067142857142857,14.285714285714286,0.5957142857142858,0.7428571428571429,22.314285714285717,65.2,1024.4571428571428,52.81428571428571,6.542857142857143,8.028491876109001
9.657142857142857,3.7285714285714286,6.6000000000000005,7.142857142857143,-1.3,2.6714285714285717,77.10000000000001,0.9127142857142856,71.42857142857143,5.355714285714286,0.0,51.4,259.7714285714286,1008.4857142857144,60.7,14.385714285714286,-8.637867238674744
5.7,0.8999999999999998,3.257142857142857,2.8285714285714283,-2.971428571428571,-0.3428571428571428,87.17142857142858,0.1894285714285714,57.142857142857146,4.761428571428572,0.0,27.0,179.21428571428572,1023.1,70.65714285714286,9.314285714285717,2.835054462417247
9.142857142857142,4.142857142857143,6.942857142857143,7.214285714285714,1.0,4.328571428571428,91.45714285714288,4.700857142857143,100.0,11.31,0.0,29.6,228.18571428571428,1007.5,68.87142857142858,9.828571428571427,35.86949113680885
13.957142857142856,5.771428571428571,9.914285714285716,13.957142857142856,2.6,8.657142857142857,76.34285714285714,1.4104285714285714,57.142857142857146,6.547142857142857,0.0,27.32857142857143,108.21428571428572,1015.9,70.02857142857142,12.157142857142857,28.630400562331943
9.457142857142856,5.928571428571429,7.8428571428571425,7.757142857142857,1.7,4.957142857142857,87.21428571428571,1.5575714285714286,85.71428571428571,14.881428571428572,0.0,32.41428571428572,239.64285714285717,1026.1571428571428,75.21428571428571,10.728571428571428,36.244503637514526
10.94285714285714,4.842857142857143,7.971428571428571,10.4,0.7714285714285715,5.128571428571428,77.8,2.657571428571429,57.142857142857146,4.1657142857142855,0.0,43.15714285714286,233.7142857142857,1007.1428571428572,72.45714285714287,12.271428571428572,-35.630946348986754
15.6,10.214285714285714,12.785714285714286,15.6,9.357142857142858,12.44285714285714,86.52857142857144,1.7124285714285714,100.0,6.547142857142857,0.0,32.68571428571429,211.5142857142857,1015.0142857142856,68.78571428571429,13.214285714285714,-0.4464917736122515
16.54285714285714,8.357142857142858,12.357142857142858,16.54285714285714,7.728571428571429,12.214285714285714,76.28571428571429,0.1668571428571428,71.42857142857143,3.5728571428571425,0.0,21.214285714285715,273.35714285714283,1023.7,64.21428571428571,19.514285714285712,-26.745252999524155
16.72857142857143,10.6,13.3,16.72857142857143,10.228571428571428,13.228571428571428,86.60000000000001,0.7402857142857143,71.42857142857143,5.355714285714286,0.0,24.985714285714288,284.1857142857143,1013.9428571428572,65.65714285714286,12.842857142857143,-30.68136624906981
19.2,13.5,15.957142857142856,19.2,13.5,15.957142857142856,85.97142857142856,3.0302857142857142,57.142857142857146,7.738571428571428,0.0,27.071428571428573,198.2142857142857,1012.8857142857142,72.71428571428571,11.585714285714287,-58.43267864324275
9.742857142857144,4.985714285714286,7.6571428571428575,9.37142857142857,2.6,6.1571428571428575,89.34285714285714,2.492142857142857,85.71428571428571,9.524285714285714,0.0,21.057142857142857,272.3428571428572,1021.7285714285716,53.85714285714285,9.214285714285714,20.31090216939242
11.642857142857142,2.357142857142857,7.114285714285714,10.585714285714284,0.6,5.7,67.54285714285713,0.0044285714285714,14.285714285714286,0.5957142857142858,0.0,19.342857142857145,241.72857142857143,1021.5142857142856,54.4,20.042857142857144,9.579605275884433
14.785714285714286,8.5,11.37142857142857,14.785714285714286,6.6571428571428575,10.7,82.45714285714287,2.9915714285714285,100.0,14.285714285714286,0.0,29.542857142857144,271.0571428571429,1009.4142857142856,54.81428571428571,11.785714285714286,-16.839071914079796
15.528571428571428,9.514285714285714,12.471428571428572,15.528571428571428,8.357142857142858,12.242857142857144,83.78571428571429,1.2212857142857143,42.85714285714285,1.7871428571428571,0.0,23.27142857142857,233.08571428571423,1017.5285714285714,68.22857142857143,11.428571428571429,-35.06321332822279
4.485714285714286,0.0571428571428571,2.314285714285714,1.1,-3.7142857142857135,-1.457142857142857,81.11428571428571,0.9758571428571428,71.42857142857143,12.5,0.0571428571428571,25.3,218.8428571428572,1018.4714285714286,75.0,11.514285714285714,-48.72197757133222
11.528571428571428,8.257142857142856,9.928571428571429,11.528571428571428,6.757142857142857,9.3,97.05714285714284,2.2515714285714283,85.71428571428571,5.951428571428571,0.0,25.25714285714286,160.21428571428572,1006.4571428571428,82.84285714285714,7.042857142857143,1.0201132689792305
2.8285714285714287,-1.3,0.6428571428571429,-2.7428571428571438,-8.77142857142857,-5.914285714285714,91.51428571428572,0.733,57.142857142857146,4.1657142857142855,0.0,42.05714285714286,75.25714285714285,1009.842857142857,89.55714285714285,5.328571428571428,-115.88539732060644
13.157142857142857,3.8428571428571434,8.614285714285714,13.157142857142857,0.2142857142857142,6.957142857142857,69.21428571428571,0.1524285714285714,28.571428571428573,1.1914285714285715,0.0,29.17142857142857,161.5142857142857,1018.6,45.12857142857143,13.842857142857143,-5.881292247537431
10.257142857142856,5.714285714285714,8.185714285714285,9.8,4.371428571428571,6.914285714285714,92.15714285714286,1.023285714285714,71.42857142857143,3.5728571428571425,0.0,15.442857142857145,109.35714285714286,1029.3857142857144,74.95714285714287,3.2857142857142856,-20.134762551487256
19.285714285714285,12.957142857142856,15.6,19.285714285714285,12.1,15.514285714285714,77.97142857142856,1.0012857142857143,71.42857142857143,11.905714285714286,0.0,30.585714285714285,224.05714285714288,1019.1285714285714,46.02857142857143,10.471428571428572,-35.55337998282948
17.12857142857143,9.471428571428572,13.5,17.12857142857143,8.842857142857143,13.342857142857143,78.75714285714285,0.9132857142857144,42.85714285714285,4.761428571428572,0.0,21.728571428571428,158.20000000000002,1025.5142857142855,60.82857142857143,11.971428571428572,-18.23353012760083
9.3,4.857142857142857,7.085714285714286,6.642857142857143,0.5,3.457142857142857,87.55714285714285,1.1425714285714286,57.142857142857146,5.951428571428571,0.0,38.34285714285714,234.44285714285712,1012.8714285714286,73.75714285714285,10.714285714285714,-75.85706179246176
9.228571428571428,5.671428571428572,7.7,6.985714285714286,1.7142857142857142,4.642857142857143,82.87142857142858,1.8107142857142855,85.71428571428571,5.951428571428571,0.0,32.142857142857146,252.4857142857143,1012.3571428571428,79.37142857142858,16.385714285714286,33.6126581002718
10.428571428571429,5.2,8.085714285714285,10.12857142857143,3.3714285714285714,6.871428571428572,83.72857142857143,0.0,0.0,0.0,0.0,17.714285714285715,262.0571428571429,1036.2285714285715,68.28571428571429,11.585714285714284,-39.65423807842899
17.914285714285715,12.314285714285717,15.0,17.914285714285715,12.314285714285717,15.0,82.68571428571428,0.4098571428571428,57.142857142857146,2.9771428571428573,0.0,26.1,255.0285714285714,1013.1142857142858,74.61428571428571,12.757142857142856,5.147476367662875
5.714285714285714,0.6571428571428571,3.2285714285714286,2.3857142857142857,-2.5285714285714285,-0.0714285714285714,82.82857142857142,0.6842857142857143,42.85714285714285,2.381428571428572,0.0,25.3,277.9142857142857,1022.8714285714286,58.04285714285714,19.37142857142857,5.2835323745191545
8.171428571428573,3.414285714285714,5.857142857142857,4.457142857142857,-0.5857142857142856,2.128571428571429,89.71428571428571,3.3445714285714283,100.0,5.952857142857143,0.0,40.44285714285714,205.3,1006.5571428571428,78.45714285714287,13.028571428571428,20.479334731167
8.071428571428571,2.6714285714285717,5.4,4.957142857142857,-1.9857142857142855,1.2714285714285716,82.42857142857143,2.637142857142857,100.0,7.141428571428572,0.0,43.0,253.7428571428572,1001.1142857142858,73.8,12.585714285714284,15.341837356900214
20.47142857142857,11.542857142857144,15.742857142857144,20.47142857142857,11.314285714285717,15.742857142857144,73.34285714285714,0.0694285714285714,42.85714285714285,2.381428571428572,0.0,28.15714285714285,166.18571428571428,1015.7285714285716,62.21428571428572,13.485714285714286,14.07380057233172
13.6,8.057142857142857,10.7,13.6,6.542857142857143,10.157142857142857,84.25714285714285,2.160285714285714,100.0,5.952857142857143,0.0,22.8,201.07142857142856,1006.4285714285714,82.15714285714286,18.357142857142858,64.1936357480298
17.942857142857143,11.042857142857144,14.342857142857143,17.942857142857143,10.8,14.314285714285717,81.14285714285714,0.5422857142857144,71.42857142857143,4.761428571428572,0.0,24.02857142857143,183.7428571428572,1016.6,72.15714285714286,11.314285714285717,9.490689409316817
13.942857142857145,9.4,11.885714285714286,13.942857142857145,8.185714285714287,11.285714285714286,90.24285714285716,1.8134285714285716,85.71428571428571,5.951428571428571,0.0,25.885714285714283,263.9857142857143,1013.7571428571428,75.39999999999999,11.814285714285717,-23.99193466993279
9.485714285714286,3.3000000000000003,6.357142857142857,7.171428571428571,-0.4285714285714285,2.7285714285714286,77.24285714285715,1.151,100.0,5.952857142857143,0.0,37.9,265.81428571428575,1007.8857142857142,70.7,20.857142857142858,-40.22300241099538
8.528571428571428,3.7142857142857135,6.3,6.528571428571428,-0.4714285714285714,3.314285714285714,89.78571428571429,1.779,100.0,7.141428571428572,0.0,32.42857142857143,213.8428571428572,1016.5142857142856,71.58571428571429,6.771428571428571,54.829844303569416
1.542857142857143,-0.3285714285714285,0.4571428571428572,-0.1714285714285714,-4.414285714285714,-2.628571428571429,92.72857142857144,0.1145714285714285,28.571428571428573,1.7857142857142858,0.55,15.814285714285717,96.88571428571429,1028.2714285714285,87.44285714285715,4.114285714285714,-54.89283822416087
17.514285714285712,10.328571428571427,13.542857142857144,17.514285714285712,9.9,13.485714285714286,75.42857142857143,2.967714285714286,71.42857142857143,7.142857142857143,0.0,27.685714285714283,177.52857142857144,1013.7857142857144,62.08571428571429,13.685714285714283,71.61096929360019
15.928571428571429,9.728571428571428,12.685714285714283,15.928571428571429,8.914285714285715,12.528571428571428,86.72857142857143,4.360857142857143,100.0,11.311428571428571,0.0,24.042857142857144,185.77142857142852,1006.5714285714286,70.65714285714286,10.44285714285714,60.48008008506156
8.22857142857143,1.657142857142857,5.428571428571429,6.285714285714286,-0.9571428571428572,2.8428571428571425,89.71428571428571,1.4117142857142857,42.85714285714285,2.975714285714285,0.0,29.685714285714287,203.17142857142855,1018.0714285714286,68.82857142857144,11.985714285714286,-72.76964262667298
16.385714285714286,7.2,11.857142857142858,16.385714285714286,4.957142857142857,11.12857142857143,68.2,0.0485714285714285,14.285714285714286,0.5957142857142858,0.0,25.15714285714285,156.0142857142857,1015.4857142857144,53.5,12.142857142857142,-40.32856207947884
8.700000000000001,4.128571428571428,6.771428571428571,7.114285714285714,0.7142857142857143,3.828571428571428,95.85714285714286,0.8185714285714286,71.42857142857143,5.355714285714286,0.0,29.914285714285715,188.87142857142857,1012.7571428571428,87.45714285714287,7.114285714285715,-43.2075392644058
14.542857142857144,8.8,11.471428571428572,14.542857142857144,8.385714285714284,11.228571428571428,85.97142857142856,4.163285714285714,71.42857142857143,12.501428571428573,0.0428571428571428,17.585714285714285,156.08571428571426,1022.2714285714284,61.91428571428571,8.985714285714286,-23.835663931854583
12.385714285714286,9.55714285714286,11.242857142857144,12.385714285714286,8.799999999999999,11.071428571428571,95.97142857142856,0.4154285714285714,57.142857142857146,3.571428571428572,0.0,22.185714285714287,221.27142857142857,1024.8,88.41428571428571,8.485714285714286,-49.78092166834483
19.014285714285712,10.314285714285717,14.428571428571429,19.014285714285712,9.55714285714286,14.314285714285717,75.62857142857142,0.0184285714285714,28.571428571428573,1.1914285714285715,0.0,18.957142857142856,211.07142857142856,1025.6,61.62857142857143,11.828571428571427,3.030191846310231
14.2,9.671428571428573,12.357142857142858,13.828571428571427,8.357142857142858,11.728571428571428,87.38571428571429,4.492428571428571,100.0,12.501428571428573,0.0142857142857142,35.55714285714286,189.32857142857145,1004.0714285714286,65.57142857142857,11.828571428571427,16.26188013994431
4.6000000000000005,-0.2428571428571428,2.0285714285714285,0.3142857142857141,-5.514285714285714,-2.8714285714285714,68.15714285714286,0.0372857142857142,42.85714285714285,2.381428571428572,33.333333333333336,32.32857142857143,67.15714285714286,1022.657142857143,68.78571428571429,10.828571428571427,57.83479909195967
20.37142857142857,11.9,16.114285714285714,20.37142857142857,11.571428571428571,16.085714285714285,74.58571428571429,0.0105714285714285,14.285714285714286,0.5957142857142858,0.0,19.571428571428573,303.61428571428576,1018.7,48.1,13.914285714285716,10.622584837994625
14.342857142857143,9.985714285714286,12.2,14.342857142857143,9.44285714285714,12.014285714285714,90.47142857142856,6.588857142857143,100.0,13.095714285714283,0.0,24.857142857142858,222.32857142857145,1008.9,66.2,10.94285714285714,-11.757873458450945
5.442857142857143,-0.2714285714285713,2.5285714285714285,2.557142857142857,-4.442857142857143,-0.7285714285714286,87.74285714285715,12.859714285714286,85.71428571428571,9.524285714285714,0.0,20.057142857142857,143.17142857142855,1023.1285714285714,60.4,8.2,17.830852888065692
8.214285714285714,2.6142857142857143,5.128571428571428,5.042857142857143,-1.7714285714285716,1.3000000000000005,85.08571428571429,1.7542857142857142,85.71428571428571,5.357142857142857,0.0,42.07142857142857,243.67142857142855,996.8714285714286,74.82857142857142,14.157142857142857,-10.193217574371827
19.11428571428572,7.042857142857143,13.257142857142856,19.11428571428572,4.685714285714285,12.642857142857142,67.48571428571428,0.0281428571428571,28.571428571428573,1.1914285714285715,0.0,17.62857142857143,102.18571428571428,1015.8,24.142857142857142,10.428571428571429,-4.539454299074805
9.228571428571428,2.2285714285714286,5.614285714285714,7.171428571428572,-2.8000000000000003,1.9,84.18571428571428,3.767,100.0,10.712857142857144,0.4571428571428571,38.68571428571429,235.95714285714288,1006.8142857142856,59.21428571428572,10.0,176.53865662680892
11.714285714285714,6.0,9.214285714285714,11.342857142857143,3.871428571428571,8.114285714285714,81.11428571428571,0.772142857142857,71.42857142857143,4.761428571428572,0.0,29.057142857142857,236.7,1019.0285714285714,68.05714285714285,9.7,-6.211536470994133
21.6,12.957142857142856,17.057142857142857,21.6,12.771428571428572,17.057142857142857,78.37142857142858,0.1451428571428571,42.85714285714285,2.381428571428572,0.0,20.7,181.7142857142857,1019.3285714285714,58.3,9.357142857142858,29.250862999037054
13.228571428571428,7.385714285714286,10.257142857142856,12.228571428571428,5.342857142857143,8.857142857142858,80.42857142857143,1.3111428571428572,57.142857142857146,4.76,0.0,21.442857142857143,196.45714285714283,1010.4714285714286,76.21428571428571,12.085714285714284,40.31361212420211
8.6,2.071428571428572,5.257142857142857,6.614285714285714,-1.585714285714286,2.3285714285714287,86.34285714285714,1.0595714285714286,71.42857142857143,7.144285714285714,0.0,21.957142857142856,86.51428571428572,1007.657142857143,57.07142857142857,6.614285714285714,72.65813467564749
3.985714285714285,-0.1714285714285714,2.0571428571428574,1.9857142857142855,-4.028571428571429,-1.2142857142857142,91.0,0.2967142857142857,71.42857142857143,3.5728571428571425,0.0,21.11428571428572,229.1142857142857,1023.2428571428572,63.2,9.514285714285714,-16.189868127988802
15.657142857142858,10.87142857142857,13.157142857142857,15.657142857142858,10.7,13.157142857142857,84.55714285714285,2.381857142857143,85.71428571428571,7.735714285714286,0.0,34.74285714285714,191.5,1002.0285714285714,85.15714285714286,11.62857142857143,25.851897232318606
11.3,6.728571428571429,9.042857142857144,11.3,3.6571428571428575,6.842857142857143,81.22857142857143,1.6432857142857142,100.0,8.331428571428571,0.0,36.81428571428571,243.57142857142856,1008.8571428571428,79.67142857142858,12.785714285714286,95.3585642930534
12.385714285714286,7.8428571428571425,10.3,12.385714285714286,5.185714285714286,8.814285714285715,81.10000000000001,3.691142857142857,100.0,10.117142857142856,0.0,48.74285714285714,261.37142857142857,1006.6285714285714,69.71428571428571,14.585714285714284,-7.071310850485816
7.5857142857142845,3.5285714285714285,5.771428571428571,5.042857142857143,0.3142857142857143,2.742857142857143,90.97142857142856,5.6850000000000005,100.0,27.381428571428568,0.0,24.814285714285717,144.38571428571427,1005.7,65.5142857142857,8.757142857142856,12.232746513080428
16.37142857142857,10.457142857142856,13.342857142857143,16.37142857142857,9.771428571428572,13.185714285714283,82.42857142857143,0.6731428571428569,71.42857142857143,5.952857142857143,0.0,18.914285714285715,204.94285714285712,1017.7428571428572,58.6,10.12857142857143,-14.657324180072578
15.4,9.528571428571428,12.514285714285714,15.4,8.528571428571428,12.44285714285714,90.45714285714288,2.9528571428571424,100.0,7.141428571428572,0.0,23.314285714285717,176.21428571428572,1008.342857142857,65.9,10.914285714285716,-14.092844350035762
16.814285714285713,9.885714285714286,13.114285714285714,16.814285714285713,9.185714285714283,13.042857142857144,88.05714285714285,1.2412857142857143,57.142857142857146,3.571428571428572,0.0,23.942857142857143,102.85714285714286,1018.1428571428572,70.18571428571428,8.985714285714286,14.87743114205341
9.94285714285714,2.9285714285714284,6.142857142857143,9.228571428571428,0.1285714285714285,4.057142857142857,86.17142857142858,3.9107142857142856,85.71428571428571,7.144285714285714,0.0,20.585714285714285,174.85714285714286,1003.9571428571428,56.385714285714286,10.328571428571427,52.73432412917941
12.87142857142857,7.385714285714286,10.042857142857144,12.87142857142857,4.685714285714286,8.871428571428572,86.75714285714285,2.3200000000000003,57.142857142857146,5.952857142857143,0.0,30.214285714285715,176.12857142857143,1011.8714285714286,51.92857142857143,9.671428571428573,94.1021867674749
5.871428571428572,2.2,3.985714285714285,3.6,-1.4714285714285713,0.6285714285714287,93.1,7.990285714285714,85.71428571428571,5.951428571428571,2.3,28.228571428571428,140.35714285714286,990.9857142857144,87.54285714285713,6.971428571428571,35.08436857320612
8.785714285714286,4.885714285714286,7.042857142857143,6.885714285714285,1.6142857142857143,4.3,88.48571428571428,1.6114285714285714,85.71428571428571,7.738571428571428,5.0,30.885714285714283,218.32857142857145,1013.6428571428572,69.5,10.914285714285716,15.946973741428335
15.585714285714284,4.3,9.857142857142858,15.585714285714284,1.6999999999999995,8.671428571428573,63.871428571428574,0.0108571428571428,14.285714285714286,0.5957142857142858,0.0,22.77142857142857,67.28571428571429,1012.2285714285714,40.642857142857146,11.157142857142857,33.87541453048675
11.385714285714286,6.328571428571428,8.928571428571429,10.857142857142858,4.242857142857143,7.828571428571428,91.12857142857142,2.9752857142857145,85.71428571428571,7.144285714285714,0.0,15.042857142857144,160.71428571428572,1024.5285714285717,71.44285714285715,7.457142857142857,39.09912755322989
5.285714285714286,0.1714285714285714,2.6714285714285717,1.457142857142857,-5.357142857142857,-2.2285714285714286,78.68571428571428,7.721571428571429,71.42857142857143,8.332857142857142,1.2,34.05714285714286,122.42857142857144,1015.9571428571428,79.31428571428572,10.285714285714286,-16.487185712489918
12.5,5.357142857142857,8.657142857142857,12.5,2.5285714285714285,6.9,80.31428571428572,2.507142857142857,100.0,9.524285714285714,0.0,28.385714285714283,207.6,1016.7857142857144,61.2,12.242857142857144,-33.769291436289905
9.62857142857143,5.271428571428571,7.371428571428572,7.8428571428571425,2.242857142857143,4.671428571428572,83.55714285714285,0.0,0.0,0.0,0.0,30.057142857142857,232.28571428571428,1010.4142857142856,78.28571428571429,12.342857142857143,-32.28526051153267
13.814285714285711,3.242857142857143,8.614285714285714,13.814285714285711,1.1,7.571428571428571,76.31428571428572,0.0792857142857142,85.71428571428571,3.5742857142857143,0.0,15.728571428571428,127.98571428571428,1032.8,37.15714285714286,9.214285714285714,-19.459948327479765
14.642857142857142,9.228571428571428,11.857142857142858,14.642857142857142,8.17142857142857,11.657142857142857,85.05714285714285,1.2697142857142858,71.42857142857143,4.761428571428572,0.0,18.557142857142857,131.47142857142856,1011.1,85.2,8.114285714285714,-50.836560802645295
8.157142857142857,2.585714285714286,5.457142857142857,5.7,-0.1571428571428571,2.6,89.21428571428571,1.559,100.0,6.547142857142857,0.0,28.185714285714287,179.08571428571426,1013.6285714285714,69.14285714285714,9.44285714285714,-6.500690333682996
10.714285714285714,5.557142857142857,8.171428571428573,10.242857142857144,1.9142857142857144,5.871428571428572,79.35714285714286,0.9215714285714284,71.42857142857143,4.167142857142857,0.0,40.17142857142857,231.27142857142857,1019.2571428571428,73.61428571428571,12.314285714285717,-13.473829133292156
8.514285714285714,3.1,6.028571428571428,8.042857142857143,0.5571428571428573,4.257142857142857,90.48571428571428,0.6102857142857143,71.42857142857143,4.167142857142857,0.0,23.928571428571427,137.34285714285713,1011.1857142857142,84.0,6.514285714285713,31.59679184115248
16.885714285714286,10.7,13.62857142857143,16.885714285714286,10.257142857142856,13.528571428571428,84.3,0.1927142857142857,42.85714285714285,2.381428571428572,0.0,18.3,285.18571428571425,1024.4714285714283,61.1,11.571428571428571,-4.636048516249275
14.885714285714284,10.357142857142858,12.342857142857143,14.885714285714284,9.828571428571427,12.271428571428572,93.5,0.6648571428571428,71.42857142857143,4.761428571428572,0.0,22.314285714285717,171.52857142857144,1019.5,84.94285714285715,7.942857142857143,7.979824518058649
17.6,11.642857142857142,14.471428571428572,17.6,11.471428571428572,14.471428571428572,83.85714285714286,2.7172857142857145,100.0,17.85857142857143,0.0,22.314285714285717,190.4857142857143,1012.7571428571428,54.67142857142857,10.714285714285714,21.11829696186396
5.342857142857143,2.028571428571429,3.6,2.542857142857143,-1.7428571428571429,0.3428571428571428,91.78571428571428,0.0174285714285714,28.571428571428573,1.1914285714285715,0.0,20.942857142857143,68.3,1031.2857142857142,85.5,4.2,15.406390347467095
4.342857142857143,-2.942857142857143,0.8285714285714285,0.5571428571428572,-7.528571428571429,-3.642857142857143,83.55714285714285,0.0464285714285714,14.285714285714286,1.7857142857142858,96.0,22.65714285714285,80.44285714285715,1023.6285714285716,52.58571428571429,7.685714285714285,17.262262476300975
12.471428571428572,6.785714285714286,9.4,12.471428571428572,4.285714285714286,8.2,85.85714285714286,3.119428571428571,100.0,10.118571428571428,0.0,23.585714285714285,194.14285714285717,1006.342857142857,79.58571428571429,10.571428571428571,-5.6518784920133385
14.771428571428572,9.728571428571428,12.171428571428573,14.771428571428572,8.471428571428572,11.842857142857143,84.72857142857143,0.7644285714285715,71.42857142857143,6.548571428571429,0.0,30.3,249.22857142857143,1018.6142857142858,56.08571428571428,10.414285714285716,-36.20605615973864
18.014285714285716,12.671428571428573,15.185714285714283,18.014285714285716,12.671428571428573,15.185714285714283,84.27142857142857,1.0237142857142858,85.71428571428571,7.74,0.0,29.15714285714285,210.9857142857143,1011.9285714285714,62.871428571428574,12.728571428571428,-38.27196303788037
22.514285714285712,12.242857142857144,17.571428571428573,22.514285714285712,12.242857142857144,17.571428571428573,67.74285714285715,0.0,0.0,0.0,0.0,23.32857142857143,154.78571428571428,1014.1714285714286,47.35714285714285,9.5,56.75556617133134
5.257142857142857,1.6857142857142855,3.3000000000000003,4.3,-1.3857142857142857,1.4142857142857144,91.7,0.0522857142857142,42.85714285714285,2.975714285714285,0.0,15.185714285714283,91.3,1036.6571428571428,76.91428571428571,4.685714285714285,-23.58943971232065
19.38571428571429,11.971428571428572,15.828571428571427,19.38571428571429,11.728571428571428,15.828571428571427,76.48571428571428,0.0751428571428571,85.71428571428571,4.168571428571428,0.0,19.442857142857143,217.4,1016.7571428571428,54.771428571428565,13.1,13.063082976919077
10.185714285714283,4.0285714285714285,6.914285714285714,8.942857142857143,0.4857142857142857,4.142857142857143,84.52857142857144,0.6827142857142857,71.42857142857143,6.547142857142857,0.0571428571428571,27.042857142857144,229.64285714285717,1024.9428571428573,65.32857142857144,8.057142857142857,-16.709565338708444
7.814285714285715,4.757142857142857,6.1571428571428575,5.585714285714286,1.2,3.2857142857142856,87.37142857142858,0.7655714285714286,42.85714285714285,2.381428571428572,0.0,23.957142857142856,253.37142857142857,1016.0142857142856,78.02857142857144,11.9,-4.7372251416773
9.757142857142856,5.585714285714286,7.457142857142857,8.8,3.4857142857142853,5.9,86.27142857142857,1.377571428571429,57.142857142857146,4.1657142857142855,0.0,26.11428571428572,207.68571428571428,1014.8714285714286,76.54285714285713,16.285714285714285,-6.373603979485097
14.271428571428572,7.685714285714285,10.914285714285716,14.171428571428573,5.457142857142857,9.94285714285714,78.57142857142857,2.0122857142857145,85.71428571428571,5.951428571428571,0.0,28.7,196.82857142857145,1017.9,57.35714285714285,10.228571428571428,35.15716510046673
14.257142857142858,8.8,11.471428571428572,14.257142857142858,7.142857142857143,11.085714285714284,86.58571428571429,4.023285714285715,85.71428571428571,21.428571428571427,0.0,26.75714285714286,197.27142857142852,998.5714285714286,57.24285714285714,9.528571428571428,14.492210001020794
18.985714285714288,12.485714285714286,15.428571428571429,18.985714285714288,12.228571428571428,15.385714285714286,79.39999999999999,1.3528571428571428,42.85714285714285,8.927142857142856,0.0,26.914285714285715,170.5142857142857,1014.4857142857144,58.3,10.485714285714286,15.16767463580618
13.614285714285714,7.985714285714286,10.671428571428573,13.614285714285714,6.442857142857143,10.05714285714286,90.54285714285712,3.6954285714285713,100.0,11.31,2.9333333333333336,21.857142857142858,218.0,1006.5285714285714,66.2,10.55714285714286,-20.41062216237424
20.1,13.985714285714284,16.942857142857143,20.1,13.985714285714284,16.942857142857143,85.25714285714285,1.433142857142857,85.71428571428571,15.477142857142857,0.0,22.085714285714285,210.72857142857143,1016.9,67.08571428571429,9.957142857142856,16.819807456934882
16.285714285714285,11.714285714285714,13.885714285714286,16.285714285714285,11.714285714285714,13.885714285714286,88.7,7.421857142857143,100.0,22.02285714285714,0.0,26.014285714285712,219.3428571428572,1006.5285714285714,67.18571428571428,10.728571428571428,-16.506535692165585
8.685714285714285,5.585714285714286,7.285714285714286,8.157142857142857,3.414285714285714,5.728571428571429,91.77142857142856,0.111,42.85714285714285,2.381428571428572,0.0,14.957142857142856,187.8142857142857,1027.4142857142856,85.15714285714286,7.3428571428571425,-22.60607024959927
24.37142857142857,15.328571428571427,19.7,24.428571428571427,15.328571428571427,19.714285714285715,76.10000000000001,1.393142857142857,57.142857142857146,6.548571428571429,0.0,22.085714285714285,203.45714285714288,1014.2571428571428,49.285714285714285,12.342857142857143,16.567709332716504
10.114285714285714,2.5142857142857147,6.3,7.957142857142857,-1.1428571428571428,2.7857142857142856,78.14285714285714,0.6034285714285714,100.0,7.141428571428572,0.0,37.15714285714286,233.08571428571423,1012.7,62.142857142857146,15.185714285714283,-4.284370022910025
13.671428571428573,6.871428571428572,10.314285714285717,13.185714285714289,4.757142857142857,8.985714285714286,76.91428571428571,0.2342857142857142,42.85714285714285,4.1657142857142855,0.0,25.571428571428573,310.0285714285714,1014.1,61.271428571428565,12.785714285714286,13.102481657450994
22.285714285714285,12.05714285714286,16.985714285714284,22.1,12.05714285714286,16.97142857142857,74.97142857142856,0.2078571428571428,42.85714285714285,2.975714285714285,0.0,22.75714285714286,206.54285714285717,1015.2571428571428,54.15714285714286,12.914285714285716,32.67895294438574
5.514285714285714,2.871428571428571,4.214285714285714,2.257142857142857,-1.7714285714285711,0.2428571428571427,85.22857142857143,4.017142857142857,100.0,11.308571428571428,0.0571428571428571,30.12857142857143,244.6,999.3714285714286,62.21428571428572,11.071428571428571,21.3669300661486
19.457142857142856,13.842857142857143,16.6,19.457142857142856,13.842857142857143,16.6,85.48571428571428,0.7941428571428572,42.85714285714285,2.381428571428572,0.0,29.342857142857145,255.64285714285717,1018.3857142857142,67.02857142857142,13.2,-31.48744779031256
4.442857142857143,0.9285714285714286,2.8000000000000003,1.8571428571428568,-2.7285714285714286,-0.6142857142857144,86.85714285714286,0.512,85.71428571428571,4.762857142857143,0.0,19.514285714285712,95.29999999999998,1028.3857142857144,81.64285714285714,8.22857142857143,22.622073180963294
22.185714285714287,11.05714285714286,16.242857142857144,22.185714285714287,10.814285714285717,16.214285714285715,69.41428571428571,0.0045714285714285,14.285714285714286,0.5957142857142858,0.0,18.228571428571428,126.41428571428573,1021.3571428571428,44.32857142857143,8.72857142857143,11.7690160343177
8.842857142857143,4.557142857142857,6.8,7.614285714285714,1.4714285714285715,4.628571428571428,89.97142857142856,2.0305714285714287,100.0,11.905714285714286,0.0,28.785714285714285,247.3857142857143,1012.0857142857144,64.47142857142858,8.457142857142857,25.17291538282097
13.571428571428571,6.628571428571428,9.928571428571429,13.571428571428571,4.6571428571428575,9.057142857142855,79.72857142857143,1.9997142857142856,71.42857142857143,8.334285714285715,3.4714285714285715,24.228571428571428,225.22857142857143,1017.3857142857142,57.68571428571429,13.571428571428571,-45.668072701298456
19.942857142857143,10.585714285714284,15.028571428571428,19.942857142857143,9.614285714285714,14.87142857142857,69.15714285714286,0.2917142857142857,28.571428571428573,1.1914285714285715,0.0,33.24285714285714,89.45714285714287,1014.8714285714286,62.51428571428571,11.585714285714284,56.36969810077278
20.9,12.571428571428571,16.614285714285714,20.9,12.571428571428571,16.614285714285714,75.0,0.3011428571428571,14.285714285714286,1.7857142857142858,0.0,20.571428571428573,55.614285714285714,1025.9428571428573,50.1,11.1,-22.20026435021009
5.785714285714286,1.7142857142857142,3.6,2.814285714285714,-2.4714285714285715,0.3714285714285715,87.65714285714286,0.3092857142857143,100.0,6.547142857142857,0.5,26.585714285714285,196.07142857142856,1011.9,74.25714285714285,10.857142857142858,1.1629523175008671
11.185714285714283,4.328571428571428,7.585714285714286,10.742857142857144,1.5142857142857145,5.985714285714286,88.10000000000001,0.8341428571428572,42.85714285714285,1.7871428571428571,1.0,19.1,161.45714285714286,1020.2714285714284,81.52857142857144,4.842857142857143,16.841787940972836
11.842857142857143,9.071428571428571,10.314285714285717,11.842857142857143,6.814285714285715,9.471428571428572,91.62857142857142,2.8484285714285718,100.0,5.952857142857143,0.0,35.25714285714286,222.64285714285717,1002.5428571428572,93.28571428571428,10.971428571428572,0.9404417166676922
24.914285714285715,14.742857142857142,19.857142857142858,24.514285714285712,14.742857142857142,19.8,67.8,0.5121428571428571,42.85714285714285,2.381428571428572,0.0,22.542857142857144,188.4,1017.6285714285714,38.94285714285714,11.87142857142857,16.730646257754756
20.257142857142856,12.314285714285717,15.885714285714286,20.257142857142856,12.314285714285717,15.885714285714286,70.91428571428571,0.967714285714286,71.42857142857143,2.9785714285714286,0.0,19.885714285714283,204.3,1014.3285714285714,69.1,11.8,-30.336937044136903
17.614285714285714,12.857142857142858,15.014285714285714,17.614285714285714,12.857142857142858,15.014285714285714,86.65714285714286,4.495571428571429,100.0,22.02428571428572,0.0,26.47142857142857,220.65714285714284,1009.4,59.114285714285714,11.671428571428573,9.556791053361849
14.085714285714287,7.571428571428571,10.485714285714286,14.085714285714287,5.485714285714286,9.828571428571427,78.88571428571429,1.8685714285714283,71.42857142857143,17.857142857142858,0.0,29.6,199.07142857142856,1014.0,53.614285714285714,10.928571428571429,39.708965546957984
7.985714285714287,3.2142857142857144,5.8,5.542857142857143,-0.3714285714285715,2.7142857142857144,77.24285714285715,0.031,42.85714285714285,1.7871428571428571,0.0,29.385714285714283,269.7857142857143,1028.642857142857,66.48571428571428,23.014285714285712,-132.88336728443255
7.371428571428572,3.3,5.542857142857143,4.057142857142857,-1.3142857142857145,1.3,86.44285714285715,6.973714285714286,100.0,36.31,0.0,39.51428571428572,188.4857142857143,991.3857142857142,66.0,10.471428571428572,15.808138220338831
16.571428571428573,9.214285714285714,13.042857142857144,16.571428571428573,8.32857142857143,12.814285714285717,78.34285714285714,1.202142857142857,71.42857142857143,5.95,0.0,24.0,267.7,1015.6142857142858,74.98571428571428,18.61428571428572,-8.418677442188937
12.6,7.457142857142857,9.857142857142858,12.6,5.742857142857143,9.042857142857144,83.88571428571429,1.945857142857143,71.42857142857143,7.142857142857143,0.0,20.25714285714286,138.47142857142856,1007.7428571428572,60.885714285714286,11.914285714285716,40.078523291876536
8.542857142857143,2.2142857142857144,5.142857142857143,7.071428571428571,-0.6857142857142857,2.8000000000000003,84.57142857142857,0.1792857142857142,42.85714285714285,2.975714285714285,0.0,22.6,176.32857142857142,1018.4142857142856,41.01428571428572,11.3,-46.16800941209499
21.185714285714287,12.728571428571428,16.771428571428572,21.185714285714287,12.728571428571428,16.771428571428572,76.68571428571428,2.176142857142857,42.85714285714285,5.952857142857143,0.0,20.014285714285712,200.55714285714285,1017.6428571428572,55.5,11.857142857142858,16.397429075636296
8.27142857142857,3.457142857142857,6.171428571428572,4.185714285714286,-1.457142857142857,1.8,87.41428571428571,2.9205714285714284,100.0,7.735714285714286,0.0,46.55714285714286,213.28571428571428,991.7285714285716,68.98571428571428,14.028571428571428,7.055214845873934
6.3,1.5714285714285714,3.871428571428571,2.7,-2.5142857142857147,0.0142857142857143,83.8,0.896,57.142857142857146,5.355714285714286,0.0285714285714285,26.8,298.42857142857144,1016.5285714285714,36.07142857142857,11.042857142857144,-46.877374567891366
17.82857142857143,9.728571428571428,13.514285714285714,17.82857142857143,7.985714285714286,13.042857142857144,86.18571428571428,1.126,100.0,8.927142857142858,0.0,26.385714285714283,58.04285714285714,1016.5142857142856,70.9,5.1571428571428575,-0.1778765147424792
13.785714285714286,10.3,11.9,13.785714285714286,9.614285714285714,11.657142857142857,95.71428571428572,6.902142857142857,100.0,24.404285714285717,0.0,18.942857142857147,137.04285714285714,1017.4857142857144,83.88571428571429,5.5,44.75741604158134
14.514285714285714,5.557142857142857,9.94285714285714,14.514285714285714,4.085714285714285,9.242857142857144,76.34285714285714,0.0134285714285714,14.285714285714286,0.5957142857142858,0.0,17.428571428571427,141.1,1023.2428571428572,51.54285714285714,12.685714285714283,33.32691407716857
15.614285714285714,7.028571428571429,11.685714285714283,15.614285714285714,5.3,11.214285714285714,75.8,0.4294285714285714,28.571428571428573,2.38,0.0,26.028571428571432,177.05714285714288,1016.4,58.05714285714286,13.728571428571428,-8.99407787207383
7.371428571428572,2.0142857142857147,4.514285714285714,5.0,-1.157142857142857,1.6428571428571428,85.05714285714285,0.1855714285714285,85.71428571428571,7.74,0.0714285714285714,22.8,255.3142857142857,1029.9571428571428,67.3,10.2,47.88575910780492
17.342857142857145,9.142857142857142,13.328571428571427,17.342857142857145,7.871428571428572,13.171428571428573,79.10000000000001,0.0121428571428571,28.571428571428573,1.1914285714285715,0.0,22.857142857142858,189.4857142857143,1025.5571428571427,54.92857142857143,12.857142857142858,-58.99207107875111
17.557142857142857,12.471428571428572,14.714285714285714,17.557142857142857,12.471428571428572,14.714285714285714,90.61428571428571,0.0362857142857142,28.571428571428573,1.1914285714285715,0.0,15.814285714285717,78.74285714285715,1023.6428571428572,76.88571428571429,3.8428571428571434,-3.174190709560662
14.12857142857143,6.4,10.285714285714286,14.12857142857143,4.057142857142857,8.957142857142857,80.89999999999999,0.813,42.85714285714285,2.381428571428572,0.0,23.542857142857144,97.65714285714286,1015.5428571428572,67.51428571428572,7.3428571428571425,-15.200848818717644
17.54285714285714,10.757142857142856,13.985714285714286,17.54285714285714,10.414285714285716,13.928571428571429,78.65714285714286,1.8218571428571428,57.142857142857146,4.168571428571428,0.0,20.185714285714287,234.68571428571428,1011.8142857142856,70.75714285714285,14.157142857142857,16.689993194244607
5.142857142857143,0.7142857142857143,2.685714285714286,1.4857142857142858,-4.2,-1.3,89.60000000000001,4.357857142857143,85.71428571428571,10.715714285714286,1.1857142857142855,31.985714285714288,190.55714285714288,996.7428571428572,52.41428571428571,9.457142857142856,-9.054825727776688
9.62857142857143,2.8000000000000003,6.142857142857143,7.942857142857143,-0.8714285714285713,3.1142857142857143,69.58571428571429,0.7841428571428571,85.71428571428571,7.144285714285714,0.0,29.9,251.27142857142857,1014.8285714285714,57.3,12.5,-10.159019603778688
8.714285714285714,3.0,6.085714285714286,6.728571428571429,0.2285714285714286,3.271428571428572,82.02857142857144,0.0,0.0,0.0,0.0,33.31428571428571,251.3571428571429,1006.1,65.68571428571428,13.114285714285714,-10.230137303019204
18.114285714285717,11.571428571428571,14.342857142857143,18.114285714285717,11.357142857142858,14.3,85.75714285714285,6.552857142857143,85.71428571428571,13.097142857142858,0.0,26.642857142857142,249.92857142857144,1011.9857142857144,65.47142857142858,14.185714285714283,-52.062373652102565
9.485714285714286,3.8428571428571434,6.714285714285714,7.8428571428571425,1.0714285714285714,3.757142857142857,83.12857142857142,2.1212857142857144,100.0,6.547142857142857,0.0,34.4,219.48571428571427,1013.0428571428572,78.55714285714285,11.228571428571428,28.27315084996394
14.485714285714286,9.171428571428573,11.685714285714283,14.485714285714286,7.542857142857143,11.342857142857143,83.77142857142857,4.626428571428571,100.0,27.382857142857144,0.0,24.785714285714285,111.78571428571428,1009.6714285714288,61.07142857142857,11.87142857142857,-7.61481321017277
14.842857142857143,9.314285714285717,11.7,14.842857142857143,7.542857142857143,11.185714285714283,88.34285714285714,5.324714285714285,100.0,14.287142857142856,0.0,30.37142857142857,240.07142857142856,1008.0714285714286,70.88571428571429,9.62857142857143,-46.31110588657509
18.785714285714285,13.257142857142856,16.02857142857143,18.785714285714285,13.257142857142856,16.02857142857143,85.7,1.0852857142857144,85.71428571428571,10.715714285714286,0.0,26.74285714285714,190.54285714285717,1015.7714285714284,76.7,8.72857142857143,4.736665785022865
16.914285714285715,7.857142857142857,12.314285714285717,16.914285714285715,6.057142857142857,11.6,70.62857142857142,3.1585714285714284,57.142857142857146,3.571428571428572,0.0,29.971428571428568,227.64285714285717,1016.2285714285716,55.98571428571428,12.385714285714286,22.050155999195
15.657142857142857,11.542857142857144,13.285714285714286,15.657142857142857,11.542857142857144,13.285714285714286,91.05714285714284,0.6835714285714286,85.71428571428571,6.548571428571429,0.0,24.9,237.8,1017.7142857142856,69.25714285714285,10.428571428571429,-0.603059811082403
21.61428571428572,11.714285714285714,16.62857142857143,21.61428571428572,11.585714285714284,16.614285714285714,77.34285714285714,0.4138571428571428,14.285714285714286,0.5957142857142858,0.0,17.185714285714287,218.94285714285712,1022.157142857143,59.21428571428572,17.32857142857143,12.510987044042508
22.7,15.014285714285714,18.557142857142857,22.7,15.014285714285714,18.557142857142857,79.64285714285714,0.9988571428571428,71.42857142857143,5.355714285714286,0.0,18.385714285714283,111.75714285714288,1019.5714285714286,60.84285714285714,9.2,23.6177284909611
3.142857142857143,-1.0,0.9571428571428572,-0.4571428571428571,-5.257142857142857,-3.142857142857143,86.57142857142857,0.5801428571428572,28.571428571428573,2.38,2.9,27.985714285714284,90.52857142857144,1016.9571428571428,82.18571428571428,4.357142857142857,98.8775531958936
24.0,13.714285714285714,18.27142857142857,24.0,13.714285714285714,18.27142857142857,72.74285714285715,0.4687142857142857,28.571428571428573,1.1914285714285715,0.0,22.25714285714286,248.3,1022.3142857142856,53.82857142857143,10.228571428571428,-97.38683855529268
14.885714285714286,8.857142857142858,11.842857142857143,14.885714285714286,7.685714285714285,11.585714285714284,84.01428571428572,0.4507142857142857,71.42857142857143,4.167142857142857,0.0,24.442857142857143,146.15714285714287,1010.7428571428572,74.27142857142857,11.314285714285717,13.55512104492732
17.014285714285712,12.042857142857144,14.828571428571427,17.014285714285712,12.042857142857144,14.828571428571427,86.88571428571429,2.3091428571428567,85.71428571428571,9.522857142857143,0.0142857142857142,21.342857142857145,195.72857142857143,1006.8857142857142,78.22857142857143,10.885714285714286,-20.1441189844561
14.328571428571427,3.914285714285714,8.557142857142857,14.328571428571427,0.5571428571428572,7.028571428571428,78.85714285714286,0.0234285714285714,14.285714285714286,0.5957142857142858,0.0,19.25714285714286,132.81428571428572,1019.0857142857144,36.9,5.357142857142857,20.28372638388464
17.728571428571428,10.585714285714284,13.94285714285714,17.728571428571428,10.328571428571427,13.87142857142857,79.72857142857143,1.7579999999999998,57.142857142857146,5.357142857142857,0.0,23.585714285714285,217.44285714285712,1015.9857142857144,63.12857142857143,11.314285714285717,17.92767741387388
13.671428571428573,10.87142857142857,12.214285714285714,13.671428571428573,10.657142857142857,12.171428571428573,93.38571428571429,0.635,71.42857142857143,4.761428571428572,0.0,18.7,156.35714285714286,1021.8714285714286,92.54285714285712,4.814285714285715,-34.1845521088668
21.65714285714285,13.485714285714284,17.442857142857143,21.65714285714285,13.385714285714286,17.428571428571427,77.71428571428571,0.2145714285714285,28.571428571428573,2.381428571428572,0.0,17.557142857142857,274.45714285714286,1024.0,71.98571428571428,15.742857142857142,-39.36807237459072
20.785714285714285,13.471428571428572,16.714285714285715,20.785714285714285,13.471428571428572,16.714285714285715,77.5,0.246,57.142857142857146,3.571428571428572,0.0,23.514285714285712,205.14285714285717,1017.8,75.44285714285715,11.771428571428572,-7.275712623300592
9.62857142857143,2.0,5.585714285714286,9.1,0.7142857142857143,4.228571428571429,84.61428571428571,0.0297142857142857,28.571428571428573,1.1914285714285715,0.0,16.0,247.58571428571423,1029.3428571428572,56.31428571428573,9.657142857142857,1.6317534344891556
18.3,12.1,15.1,18.3,11.857142857142858,15.085714285714284,80.92857142857143,4.035857142857143,71.42857142857143,8.334285714285715,0.0,27.65714285714285,228.3571428571429,1012.2142857142856,66.77142857142857,12.9,-17.245171644373045
21.071428571428573,12.771428571428572,16.642857142857142,21.071428571428573,12.542857142857144,16.642857142857142,75.82857142857142,0.2752857142857143,42.85714285714285,1.7871428571428571,0.0,26.27142857142857,248.7,1013.0571428571428,62.01428571428572,13.7,18.32663285794536
15.957142857142856,7.399999999999999,11.142857142857142,15.957142857142856,4.428571428571429,9.9,73.68571428571428,0.649,57.142857142857146,3.571428571428572,0.0,31.214285714285715,81.37142857142858,1012.9,72.32857142857144,7.399999999999999,-17.61156861642837
16.757142857142856,8.557142857142857,12.757142857142856,16.757142857142856,7.214285714285714,12.314285714285717,73.52857142857144,0.7468571428571428,28.571428571428573,2.38,0.0,21.82857142857143,112.71428571428572,1020.7428571428572,60.98571428571428,11.671428571428573,-21.760805599967625
13.571428571428571,7.471428571428572,10.3,13.571428571428571,5.957142857142856,9.771428571428572,86.78571428571429,0.6562857142857144,100.0,8.332857142857142,0.0,20.942857142857143,212.4,1025.928571428571,60.84285714285714,12.157142857142857,-25.642157953427727
11.528571428571428,5.871428571428572,8.8,10.87142857142857,4.171428571428572,7.614285714285714,81.35714285714286,0.1988571428571428,71.42857142857143,4.762857142857143,0.0,23.514285714285712,153.14285714285714,1024.7714285714285,47.85714285714285,8.742857142857142,-59.940339915833874
13.071428571428571,3.914285714285714,7.914285714285714,13.071428571428571,0.8142857142857143,6.2,80.18571428571428,0.0527142857142857,42.85714285714285,2.381428571428572,0.0,21.5,152.9,1028.742857142857,31.714285714285715,8.328571428571427,-35.661144683869566
5.342857142857143,-0.7000000000000001,1.9857142857142855,1.9714285714285715,-5.957142857142857,-2.271428571428572,81.32857142857142,0.1061428571428571,71.42857142857143,2.9785714285714286,0.0,25.27142857142857,93.78571428571428,1019.9714285714286,51.142857142857146,8.714285714285714,-35.167459043768986
11.085714285714284,3.3857142857142857,6.885714285714286,9.87142857142857,-0.1428571428571429,4.357142857142857,82.37142857142858,0.8354285714285714,28.571428571428573,2.975714285714285,0.0,24.214285714285715,112.32857142857144,1016.0142857142856,48.24285714285714,6.142857142857143,-21.53660597537123
17.142857142857142,12.771428571428572,14.742857142857144,17.142857142857142,12.771428571428572,14.742857142857144,86.74285714285715,1.564142857142857,100.0,20.235714285714288,0.0,27.67142857142857,223.05714285714288,1007.4428571428572,65.71428571428571,10.614285714285714,20.356037304257256
16.185714285714287,9.44285714285714,12.542857142857144,16.185714285714287,8.014285714285714,11.857142857142858,88.41428571428571,2.422571428571428,57.142857142857146,10.714285714285714,0.0,27.185714285714287,168.0142857142857,1013.342857142857,59.17142857142857,10.814285714285717,22.594540897608567
9.94285714285714,1.9428571428571428,6.042857142857143,8.857142857142858,-1.5,3.1142857142857143,75.78571428571429,0.5848571428571429,85.71428571428571,9.524285714285714,0.0285714285714285,29.442857142857143,185.4142857142857,1010.3857142857142,39.77142857142858,10.5,11.568558799206585
10.014285714285714,6.757142857142857,8.357142857142858,9.5,4.7,6.642857142857143,84.74285714285715,0.0044285714285714,14.285714285714286,0.5957142857142858,0.0,19.557142857142857,279.92857142857144,1034.4428571428573,80.92857142857143,11.1,0.7176553387901095
7.771428571428571,1.1142857142857143,4.685714285714285,5.557142857142857,-2.071428571428572,1.8285714285714283,88.77142857142857,1.5781428571428573,57.142857142857146,2.9771428571428573,0.0,24.2,119.87142857142857,1018.3142857142856,66.6,7.642857142857143,-16.124652343985645
11.171428571428573,5.471428571428571,8.014285714285714,10.585714285714284,2.085714285714286,5.528571428571429,80.27142857142857,1.4982857142857144,100.0,9.522857142857143,0.0,28.428571428571427,215.07142857142856,1007.3,65.91428571428571,10.514285714285714,-23.822718395836542
7.8,2.8714285714285714,5.285714285714286,7.3,-1.1,2.642857142857143,91.0,1.955142857142857,71.42857142857143,4.761428571428572,0.0,31.1,152.08571428571426,1001.9714285714286,79.47142857142856,6.371428571428572,510.6054249216113
13.0,7.457142857142857,9.957142857142856,13.0,5.185714285714285,8.814285714285715,88.39999999999999,3.481142857142857,100.0,20.83428571428572,0.0,22.642857142857142,116.81428571428572,1010.3142857142856,70.22857142857143,8.371428571428572,-20.61495009394173
10.5,5.1000000000000005,8.171428571428573,9.2,2.0571428571428574,5.885714285714286,90.4,2.2397142857142858,100.0,9.522857142857143,0.0,26.11428571428571,185.45714285714288,1007.1714285714286,70.42857142857143,9.285714285714286,32.84920517983937
9.985714285714286,4.414285714285714,7.257142857142857,8.27142857142857,0.8857142857142856,4.042857142857143,86.98571428571428,4.503571428571429,100.0,24.404285714285717,0.0,36.51428571428572,239.62857142857143,999.8142857142856,63.142857142857146,10.271428571428572,29.87400168417957
20.82857142857143,11.671428571428573,15.9,20.82857142857143,11.257142857142856,15.842857142857143,77.61428571428571,3.152428571428572,57.142857142857146,6.547142857142857,0.0,23.3,165.07142857142858,1015.3571428571428,54.71428571428572,10.414285714285716,-22.63901398970393
21.957142857142856,13.885714285714286,17.7,21.957142857142856,13.885714285714286,17.7,78.71428571428571,0.6370000000000001,85.71428571428571,6.548571428571429,0.0,23.228571428571428,211.3142857142857,1015.657142857143,58.92857142857143,10.8,-16.380365992152292
21.071428571428573,12.7,16.87142857142857,21.071428571428573,12.585714285714284,16.857142857142858,82.74285714285715,1.6325714285714283,42.85714285714285,2.975714285714285,0.0,15.614285714285716,171.97142857142856,1021.5714285714286,64.65714285714286,9.8,10.67633429415946
9.8,5.628571428571428,7.528571428571428,8.071428571428571,1.614285714285714,4.271428571428571,80.72857142857143,1.2415714285714283,85.71428571428571,6.547142857142857,0.0,35.142857142857146,222.0142857142857,1006.0285714285714,90.68571428571428,12.771428571428572,17.392231131987273
7.871428571428572,2.8714285714285714,5.5,4.614285714285714,-0.7714285714285715,1.8714285714285717,79.34285714285714,5.483142857142857,57.142857142857146,15.477142857142857,0.0,32.17142857142857,155.82857142857142,1011.2142857142856,67.08571428571429,9.428571428571429,-12.007999114794076
9.614285714285714,2.857142857142857,6.6000000000000005,7.671428571428572,0.0428571428571428,3.814285714285714,87.51428571428572,1.368,85.71428571428571,7.738571428571428,0.0,31.6,196.25714285714284,1016.0285714285714,62.89999999999999,10.142857142857142,-18.20158759213677
12.571428571428571,8.757142857142856,10.542857142857144,12.571428571428571,6.785714285714286,9.914285714285716,85.55714285714285,13.226142857142856,57.142857142857146,11.311428571428571,0.0,21.885714285714283,155.35714285714286,1021.6,90.58571428571427,8.985714285714286,-18.95368625075912
5.1000000000000005,0.3714285714285714,2.757142857142857,2.1714285714285717,-3.157142857142857,-0.1285714285714286,88.44285714285715,0.6474285714285715,71.42857142857143,3.5728571428571425,0.0,19.957142857142856,277.6428571428572,1026.242857142857,57.9,11.014285714285714,-35.00185047052196
19.685714285714287,12.971428571428572,16.32857142857143,19.685714285714287,12.842857142857143,16.32857142857143,85.67142857142858,0.23,57.142857142857146,2.9771428571428573,0.0,21.185714285714287,260.7857142857143,1019.4285714285714,59.48571428571428,10.914285714285716,13.057159260790511
9.7,4.885714285714286,7.285714285714286,8.842857142857143,1.2142857142857142,4.785714285714286,91.45714285714288,3.6371428571428575,100.0,10.118571428571428,0.0,29.571428571428573,197.3,1010.342857142857,54.08571428571429,9.628571428571428,-60.37833405143647
8.014285714285714,3.6571428571428575,5.828571428571429,6.1571428571428575,0.1428571428571428,2.914285714285714,90.9,1.9972857142857143,100.0,7.141428571428572,0.0,26.385714285714283,194.65714285714284,993.8142857142856,85.02857142857144,9.9,-26.54281490929316
8.114285714285714,0.1999999999999999,4.1000000000000005,5.485714285714286,-3.4,0.9142857142857144,80.84285714285714,0.6535714285714286,85.71428571428571,7.738571428571428,0.0,26.61428571428572,269.87142857142857,1003.4857142857144,45.871428571428574,10.642857142857142,-21.50186007774596
10.071428571428571,6.057142857142857,8.185714285714285,8.628571428571428,2.5142857142857147,5.728571428571428,92.9,6.9275714285714285,100.0,30.95142857142857,0.0,33.25714285714286,220.4857142857143,1003.5571428571428,70.3,10.314285714285717,-18.733154517546154
7.671428571428571,2.4285714285714284,5.014285714285714,5.785714285714286,-1.1857142857142855,2.242857142857143,96.98571428571428,0.6462857142857142,100.0,6.547142857142857,0.0,26.414285714285715,191.3714285714286,1007.4714285714286,83.98571428571428,6.528571428571428,-24.21561663504599
11.27142857142857,6.771428571428571,9.242857142857144,10.728571428571428,3.4285714285714284,7.385714285714286,88.95714285714287,6.8,100.0,13.691428571428572,0.0,37.41428571428571,211.8,1008.4285714285714,76.14285714285714,10.05714285714286,-45.99512662331336
23.214285714285715,13.071428571428571,17.914285714285715,23.2,13.071428571428571,17.914285714285715,73.41428571428571,0.4009999999999999,42.85714285714285,3.571428571428572,0.0,23.6,189.45714285714288,1016.7857142857144,63.54285714285714,15.071428571428571,23.17069793244877
20.17142857142857,12.457142857142856,16.0,20.17142857142857,12.457142857142856,16.0,72.91428571428571,0.9184285714285716,71.42857142857143,4.761428571428572,0.0,23.02857142857143,168.62857142857143,1017.4714285714286,73.65714285714286,9.94285714285714,0.3981594463144802
7.071428571428571,2.6142857142857143,5.0,3.7857142857142856,-1.3857142857142857,1.5714285714285714,85.81428571428572,0.3167142857142857,42.85714285714285,2.381428571428572,0.0,27.17142857142857,198.67142857142855,1026.2714285714285,63.371428571428574,11.514285714285714,45.213984303803954
14.928571428571429,6.228571428571429,10.171428571428573,14.857142857142858,3.7,9.271428571428572,87.48571428571428,0.0018571428571428,14.285714285714286,0.5957142857142858,0.0,17.057142857142857,118.58571428571427,1024.9,58.142857142857146,5.385714285714286,-21.65393367946376
21.814285714285717,12.271428571428572,17.157142857142855,21.814285714285717,12.171428571428573,17.142857142857142,71.4,1.0284285714285717,42.85714285714285,3.5700000000000003,0.0,19.557142857142857,274.68571428571425,1019.2571428571428,56.6,24.02857142857143,-30.667378364654724
14.914285714285716,9.357142857142858,12.05714285714286,14.6,8.685714285714285,11.62857142857143,84.04285714285713,2.089714285714286,100.0,7.142857142857143,0.0,17.728571428571428,198.4,1011.9857142857144,86.7,14.37142857142857,43.23688254573392
13.87142857142857,3.457142857142857,8.571428571428571,13.87142857142857,1.0285714285714287,7.428571428571429,62.971428571428575,0.0065714285714285,14.285714285714286,0.5957142857142858,0.0,16.82857142857143,173.6285714285714,1018.4571428571428,21.9,14.0,-3.723232568609092
11.3,7.885714285714285,9.642857142857142,11.3,5.728571428571429,8.571428571428571,90.47142857142856,0.671,57.142857142857146,4.761428571428572,0.0,17.642857142857142,124.6,1018.4571428571428,70.12857142857142,7.242857142857143,-14.533618375655578
8.028571428571428,3.7714285714285714,5.928571428571429,5.428571428571429,-0.942857142857143,2.5142857142857147,84.34285714285714,5.303285714285715,100.0,7.142857142857143,0.0,39.385714285714286,249.92857142857144,1003.7714285714284,73.98571428571428,12.6,-71.58236517931118
10.514285714285714,2.2857142857142856,6.6000000000000005,9.342857142857143,-1.4714285714285715,4.085714285714286,68.04285714285714,0.0,0.0,0.0,0.0,25.285714285714285,52.2,1020.2571428571428,50.24285714285715,14.042857142857144,-63.155803048538246
16.87142857142857,9.328571428571427,12.957142857142856,16.87142857142857,8.428571428571429,12.728571428571428,75.81428571428572,0.3778571428571428,71.42857142857143,6.547142857142857,0.0,24.67142857142857,214.65714285714287,1012.2714285714284,52.12857142857143,11.05714285714286,13.43529418865876
6.485714285714286,1.4857142857142858,4.1571428571428575,3.642857142857143,-2.1142857142857143,0.8428571428571429,88.3,4.9361428571428565,100.0,9.524285714285714,0.0142857142857142,27.585714285714285,249.68571428571428,996.2571428571428,68.14285714285714,10.828571428571427,55.35966928971038
19.4,13.400000000000002,16.342857142857145,19.4,13.400000000000002,16.342857142857145,83.47142857142856,0.0,0.0,0.0,0.0,20.957142857142856,220.3571428571429,1017.8285714285714,68.15714285714286,10.985714285714286,16.20705256890335
7.314285714285715,-0.1142857142857142,3.628571428571429,4.285714285714286,-3.2285714285714286,0.6142857142857144,72.45714285714286,0.2602857142857143,28.571428571428573,1.1914285714285715,0.0,24.1,146.5,1014.9142857142856,61.01428571428572,14.757142857142856,8.718105030785864
4.628571428571428,-0.2428571428571428,2.2285714285714286,2.2,-3.3714285714285714,-0.8,80.44285714285715,0.2312857142857143,100.0,5.3585714285714285,0.0,22.4,238.7142857142857,1022.0857142857144,57.18571428571429,13.685714285714283,-30.35895906480505
22.5,12.985714285714286,17.3,22.47142857142857,12.985714285714286,17.3,79.3,0.7635714285714287,42.85714285714285,5.952857142857143,0.0,19.542857142857144,224.12857142857143,1017.4857142857144,51.1,11.142857142857142,-23.679384146769166
14.028571428571428,7.985714285714286,10.685714285714283,14.028571428571428,5.171428571428572,9.6,82.91428571428571,2.315857142857143,100.0,4.17,0.0,36.27142857142857,233.3142857142857,1007.4285714285714,68.0142857142857,13.271428571428572,-19.011247431976017
7.857142857142857,4.0,5.942857142857143,4.985714285714286,0.7571428571428571,2.8857142857142857,91.87142857142858,0.9935714285714284,71.42857142857143,5.355714285714286,9.733333333333333,23.3,158.8857142857143,1019.0428571428572,73.75714285714285,8.72857142857143,25.03317579364898
6.8,0.7571428571428572,3.642857142857143,4.514285714285714,-3.071428571428572,0.3571428571428572,86.07142857142857,3.01,85.71428571428571,11.907142857142858,0.0,25.24285714285714,205.28571428571428,1019.342857142857,52.22857142857144,9.55714285714286,-58.59836559601422
14.314285714285717,7.942857142857142,10.914285714285716,14.314285714285717,6.614285714285714,10.257142857142856,83.61428571428571,0.3991428571428571,71.42857142857143,7.738571428571428,3.7857142857142856,20.91428571428571,162.4,1026.357142857143,51.34285714285714,10.857142857142858,14.365971419464586
20.542857142857144,12.614285714285714,16.157142857142855,20.542857142857144,12.614285714285714,16.157142857142855,80.64285714285714,3.007142857142857,85.71428571428571,13.69,0.0,20.27142857142857,196.08571428571423,1013.9571428571428,44.85714285714285,9.285714285714286,-22.810551854681307
5.614285714285714,0.5428571428571429,3.142857142857143,1.8857142857142857,-4.1571428571428575,-1.1428571428571428,83.41428571428571,1.375857142857143,85.71428571428571,12.501428571428573,0.0,33.628571428571426,167.74285714285716,1017.842857142857,55.58571428571429,11.014285714285714,-9.88025642367461
10.385714285714286,5.842857142857143,8.242857142857144,9.585714285714284,1.4714285714285715,5.257142857142857,86.31428571428572,1.8558571428571429,100.0,11.904285714285717,0.0,45.4,262.5142857142857,1012.9714285714286,75.81428571428572,8.171428571428573,43.20323671622964
8.3,2.8285714285714287,5.771428571428571,5.457142857142857,-1.3,1.9714285714285715,86.07142857142857,2.876857142857143,100.0,13.691428571428572,0.0,44.25714285714286,128.5857142857143,1009.6714285714286,74.37142857142858,10.55714285714286,20.16839652947965
19.042857142857144,9.971428571428572,14.657142857142857,19.042857142857144,9.214285714285714,14.485714285714286,71.31428571428572,1.0751428571428572,42.85714285714285,2.381428571428572,0.0,22.4,289.2857142857143,1016.9428571428572,59.0,18.5,-56.44724133798343
22.32857142857143,8.714285714285714,15.857142857142858,22.32857142857143,8.014285714285714,15.571428571428571,64.77142857142857,0.0,0.0,0.0,0.0,22.25714285714286,124.21428571428572,1028.7714285714285,15.414285714285713,9.157142857142857,57.48659427170583
14.842857142857143,4.571428571428571,9.842857142857143,14.842857142857143,1.6285714285714286,8.571428571428571,57.114285714285714,0.0,0.0,0.0,0.0,24.014285714285712,129.88571428571427,1024.3,43.1,13.114285714285714,29.742178828467104
19.914285714285715,13.742857142857144,16.642857142857142,19.914285714285715,13.742857142857144,16.642857142857142,80.37142857142858,0.154,14.285714285714286,0.5957142857142858,0.0,19.914285714285715,233.2,1019.7714285714284,76.05714285714285,11.985714285714286,-12.73398890229953
8.27142857142857,3.185714285714286,5.742857142857143,6.728571428571428,0.5285714285714286,3.2142857142857144,87.3,0.0848571428571428,57.142857142857146,2.9771428571428573,0.0,22.071428571428573,238.87142857142857,1033.1,58.12857142857143,9.985714285714286,-56.21030482581728
0.0571428571428572,-4.871428571428572,-2.3285714285714287,-3.7285714285714286,-10.6,-6.9,88.84285714285714,0.1957142857142857,42.85714285714285,2.381428571428572,1.4666666666666668,21.95714285714286,67.84285714285714,1026.142857142857,59.75714285714286,4.857142857142857,27.575131968289043
21.071428571428573,11.957142857142856,16.571428571428573,21.071428571428573,11.828571428571427,16.557142857142857,79.10000000000001,1.7392857142857143,28.571428571428573,5.952857142857143,0.0,27.357142857142858,152.78571428571428,1021.0142857142856,56.5,11.12857142857143,14.604642292662902
10.771428571428572,6.714285714285714,8.742857142857144,10.485714285714286,4.885714285714285,7.6,91.05714285714284,2.5661428571428573,100.0,9.522857142857143,0.0,27.04285714285714,235.72857142857143,1010.4,65.7,9.514285714285714,-5.357148620349108
7.571428571428571,2.8285714285714287,5.242857142857143,4.9,-0.1571428571428572,2.5428571428571423,84.38571428571429,0.2398571428571428,57.142857142857146,2.9771428571428573,0.0,20.25714285714286,246.8571428571429,1026.242857142857,60.15714285714286,11.842857142857143,-15.991959445635985
8.77142857142857,2.2,5.285714285714286,6.671428571428572,-1.8428571428571427,2.1,77.22857142857143,1.9934285714285715,57.142857142857146,5.952857142857143,0.0,28.071428571428573,105.64285714285714,1005.0714285714286,51.7,8.542857142857143,30.125278620815607
18.228571428571428,11.585714285714284,14.757142857142856,18.228571428571428,11.028571428571428,14.657142857142857,84.07142857142857,0.194,71.42857142857143,7.142857142857143,0.0,27.714285714285715,269.6428571428572,1021.5142857142856,71.9,11.3,-43.3417305915483
3.1,-1.8428571428571427,0.8285714285714285,0.8857142857142856,-5.9,-2.357142857142857,89.39999999999999,0.0562857142857142,57.142857142857146,2.382857142857143,0.0,19.342857142857145,137.27142857142857,1032.4142857142856,60.31428571428571,6.6000000000000005,-16.22836384255129
8.085714285714285,4.0285714285714285,6.228571428571429,6.557142857142857,1.842857142857143,4.285714285714286,94.47142857142856,0.5295714285714286,100.0,12.5,0.0,18.61428571428572,180.8142857142857,1027.5,78.97142857142856,7.8,-47.82974800640227
16.428571428571427,8.514285714285714,12.8,16.428571428571427,7.671428571428572,12.657142857142858,79.07142857142857,0.7412857142857143,42.85714285714285,2.381428571428572,0.0,26.6,226.8142857142857,1017.0857142857144,63.114285714285714,11.814285714285717,-45.99896973440377
13.542857142857144,9.485714285714286,11.685714285714283,13.542857142857144,7.785714285714286,10.957142857142856,88.8,14.678285714285712,100.0,14.284285714285714,0.0,32.614285714285714,218.97142857142856,1019.7714285714284,85.21428571428571,9.885714285714286,-37.4416477795512
13.657142857142857,3.642857142857143,8.3,13.142857142857142,-0.0428571428571428,5.9,71.58571428571429,0.0768571428571428,42.85714285714285,1.7871428571428571,0.0,30.885714285714283,73.62857142857142,1025.0142857142855,33.957142857142856,9.157142857142857,18.53864954480832
17.914285714285715,10.971428571428572,14.242857142857144,17.914285714285715,10.971428571428572,14.228571428571428,80.0,0.0837142857142857,57.142857142857146,2.382857142857143,0.0,22.857142857142858,185.65714285714287,1019.7,73.58571428571429,14.771428571428572,15.943702526911808
20.542857142857144,11.285714285714286,15.87142857142857,20.542857142857144,10.8,15.828571428571427,74.22857142857143,0.2775714285714285,28.571428571428573,2.975714285714285,0.0,20.74285714285714,271.75714285714287,1016.9857142857144,39.51428571428572,11.328571428571427,-26.93569741257727
19.571428571428573,12.05714285714286,15.885714285714286,19.571428571428573,11.685714285714283,15.87142857142857,71.77142857142857,0.0142857142857142,57.142857142857146,2.382857142857143,0.0,23.014285714285712,187.8142857142857,1023.4428571428572,64.02857142857144,13.885714285714286,-33.35984212327469
20.085714285714285,12.328571428571427,15.914285714285716,20.085714285714285,12.328571428571427,15.914285714285716,83.82857142857142,1.0595714285714286,42.85714285714285,2.975714285714285,0.0,17.942857142857143,175.54285714285714,1014.1714285714286,58.614285714285714,8.857142857142858,-41.43244758432775
-2.442857142857143,-9.9,-5.6571428571428575,-6.714285714285714,-15.1,-10.6,86.78571428571429,2.1182857142857143,28.571428571428573,1.7857142857142858,18.47142857142857,22.02857142857143,47.58571428571429,1019.2285714285716,57.57142857142857,5.642857142857143,73.9739734032778
5.114285714285714,-1.7714285714285716,1.7571428571428571,2.571428571428572,-3.8428571428571434,-0.7999999999999999,84.24285714285715,0.4787142857142857,100.0,7.141428571428572,0.0,20.87142857142857,198.45714285714288,1025.2285714285715,46.885714285714286,9.05714285714286,-13.126932861971907
16.428571428571427,10.37142857142857,13.085714285714284,16.428571428571427,10.028571428571428,13.028571428571428,87.37142857142858,3.3724285714285718,100.0,17.262857142857143,0.0,26.342857142857145,168.81428571428572,1004.157142857143,53.94285714285714,11.314285714285717,16.62551192772014
20.085714285714285,13.985714285714286,16.814285714285713,20.085714285714285,13.985714285714286,16.814285714285713,83.10000000000001,0.1348571428571428,85.71428571428571,4.168571428571428,0.0,23.914285714285715,259.04285714285714,1018.5142857142856,61.02857142857143,10.657142857142857,26.289670714268595
1.6,-3.1,-0.5142857142857143,-2.2142857142857144,-7.585714285714286,-4.842857142857143,88.08571428571429,0.9545714285714284,42.85714285714285,2.975714285714285,5.75,26.97142857142857,129.67142857142855,1002.1428571428572,77.87142857142858,8.157142857142857,7.913716648995432
3.457142857142857,-4.071428571428571,0.057142857142857,0.3714285714285715,-8.442857142857143,-3.914285714285714,87.55714285714285,0.2201428571428571,71.42857142857143,5.357142857142857,4.485714285714286,23.714285714285715,205.41428571428568,1016.3571428571428,58.24285714285714,6.814285714285715,152.14519145176155
19.314285714285717,12.014285714285716,15.385714285714286,19.314285714285717,12.014285714285716,15.385714285714286,83.87142857142858,0.0081428571428571,42.85714285714285,1.7871428571428571,0.0,21.47142857142857,116.74285714285716,1023.3285714285712,53.12857142857143,6.842857142857143,-16.412118992280398
9.6,5.6000000000000005,7.471428571428571,8.685714285714285,2.7,5.414285714285714,94.6,2.732428571428571,100.0,12.501428571428573,0.0,27.414285714285715,174.72857142857143,1003.5571428571428,71.98571428571428,7.799999999999999,17.471458167617243
19.67142857142857,12.671428571428573,16.114285714285714,19.67142857142857,12.671428571428573,16.114285714285714,80.32857142857142,2.6652857142857145,71.42857142857143,8.928571428571429,0.0,20.97142857142857,190.65714285714284,1015.9571428571428,52.48571428571428,12.585714285714284,21.20353998770247
9.428571428571429,5.414285714285714,7.5,7.8,1.8857142857142857,4.628571428571428,85.39999999999999,0.7111428571428571,85.71428571428571,5.951428571428571,0.0,37.271428571428565,232.92857142857144,1023.2,66.85714285714286,12.7,17.161878492742517
11.428571428571429,1.8000000000000005,6.485714285714286,10.785714285714286,-1.8571428571428568,4.485714285714286,73.61428571428571,0.0704285714285714,42.85714285714285,1.7871428571428571,0.0,26.04285714285714,130.52857142857144,1019.8714285714286,49.71428571428572,11.542857142857144,3.499304730273934
9.55714285714286,5.014285714285714,7.328571428571429,7.614285714285714,1.5714285714285714,4.8,94.92857142857144,12.113428571428573,85.71428571428571,24.40571428571429,0.0,32.51428571428571,123.9,1007.8142857142856,77.31428571428572,8.857142857142858,13.65944497864075
10.757142857142856,5.214285714285714,8.385714285714284,10.742857142857144,1.842857142857143,6.585714285714286,83.72857142857143,1.0314285714285714,71.42857142857143,4.167142857142857,0.0,31.61428571428572,179.07142857142858,1025.5571428571427,75.94285714285715,10.457142857142856,-8.921385638712081
4.185714285714286,-1.4142857142857144,1.1714285714285713,0.4142857142857142,-6.2,-2.842857142857143,81.65714285714286,0.7007142857142857,57.142857142857146,6.548571428571429,0.0714285714285714,30.957142857142856,119.31428571428572,1015.3571428571428,67.37142857142858,12.385714285714286,14.190658461833436
7.357142857142857,3.8285714285714287,5.557142857142857,4.9,-0.5428571428571428,2.0142857142857142,92.15714285714286,6.783285714285715,57.142857142857146,8.930000000000001,0.0428571428571428,31.557142857142853,58.771428571428565,1004.8142857142856,77.61428571428571,9.957142857142856,-14.909758623534572
15.385714285714284,9.485714285714286,12.0,15.385714285714284,8.4,11.44285714285714,84.41428571428571,0.6181428571428571,57.142857142857146,4.761428571428572,0.0,17.17142857142857,222.25714285714284,1017.0285714285714,78.24285714285715,8.428571428571429,-11.258831973933413
12.342857142857143,6.7,9.542857142857144,12.114285714285714,6.357142857142857,9.285714285714286,85.81428571428572,0.1391428571428571,42.85714285714285,3.5700000000000003,0.0,22.8,174.6,1025.6571428571428,70.01428571428572,12.828571428571427,15.66601627003206
14.357142857142858,6.928571428571429,10.22857142857143,14.357142857142858,3.8285714285714287,9.0,74.04285714285713,0.9998571428571428,42.85714285714285,5.357142857142857,0.0,26.52857142857143,72.27142857142857,1014.4857142857144,74.01428571428572,11.571428571428571,38.91327565964525
5.371428571428572,-0.1142857142857144,2.7857142857142856,3.6142857142857134,-4.271428571428571,-0.4714285714285712,88.22857142857143,1.618142857142857,85.71428571428571,7.142857142857143,0.1142857142857143,22.571428571428573,152.07142857142858,1020.2571428571428,69.74285714285715,9.55714285714286,-29.219161031116755
15.87142857142857,10.62857142857143,12.914285714285716,15.87142857142857,10.44285714285714,12.87142857142857,84.88571428571429,6.8872857142857145,100.0,15.477142857142857,0.0,29.74285714285714,258.5857142857143,1007.1714285714286,62.41428571428571,10.828571428571427,-3.325216025692157
19.47142857142857,10.857142857142858,15.37142857142857,19.47142857142857,10.171428571428573,15.214285714285714,77.38571428571429,0.9881428571428572,57.142857142857146,3.571428571428572,0.0,23.37142857142857,248.4857142857143,1020.9428571428572,48.2,11.785714285714286,-29.007310500472727
11.7,8.185714285714285,9.728571428571428,11.314285714285717,6.242857142857143,8.442857142857141,92.4,0.9027142857142856,100.0,11.31,0.0,24.185714285714287,115.28571428571428,1015.6285714285714,66.52857142857142,7.1000000000000005,-6.223014638596624
17.228571428571428,9.62857142857143,13.414285714285716,17.228571428571428,9.171428571428573,13.328571428571427,80.77142857142857,0.0,0.0,0.0,0.0,19.67142857142857,270.37142857142857,1024.6857142857143,58.65714285714286,11.4,16.74645373623116
17.099999999999998,11.185714285714283,14.071428571428571,17.099999999999998,11.014285714285714,14.05714285714286,77.85714285714286,0.9228571428571428,71.42857142857143,8.334285714285715,0.0,28.6,263.45714285714286,1020.6428571428572,53.5,12.571428571428571,4.111663868007668
8.185714285714285,2.3285714285714287,5.428571428571429,5.928571428571429,-1.5857142857142856,2.185714285714286,91.54285714285712,4.163285714285714,100.0,11.31,0.5428571428571429,31.15714285714285,225.9,1012.842857142857,62.75714285714286,10.385714285714286,-12.93521643890722
20.785714285714285,12.485714285714286,16.414285714285715,20.785714285714285,12.485714285714286,16.414285714285715,78.44285714285715,1.2997142857142856,42.85714285714285,2.381428571428572,0.0,20.5,207.1,1017.1,67.89999999999999,18.928571428571427,31.753008848333025
22.6,13.185714285714283,17.557142857142857,22.6,13.185714285714283,17.557142857142857,80.04285714285713,0.299,85.71428571428571,4.762857142857143,0.0,20.67142857142857,155.20000000000002,1014.1285714285714,53.4,10.4,-4.600014478380331
20.0,12.742857142857144,15.757142857142856,20.0,12.742857142857144,15.757142857142856,81.18571428571428,2.12,100.0,10.117142857142856,0.0,21.17142857142857,222.04285714285717,1016.0285714285714,56.51428571428572,11.571428571428571,-20.181826558553325
21.52857142857143,14.314285714285717,17.228571428571428,21.52857142857143,14.314285714285717,17.228571428571428,82.10000000000001,0.1041428571428571,28.571428571428573,1.1914285714285715,0.0,23.6,262.87142857142857,1019.6571428571428,68.41428571428571,9.928571428571429,15.98421052395031
17.857142857142858,11.857142857142858,14.7,17.857142857142858,11.857142857142858,14.685714285714283,83.12857142857142,4.028142857142857,100.0,6.547142857142857,0.0,20.185714285714287,174.87142857142857,1008.9428571428572,80.37142857142858,16.314285714285713,15.51511159821041
18.457142857142856,13.328571428571427,15.742857142857142,18.457142857142856,13.328571428571427,15.742857142857142,84.8,4.103285714285714,71.42857142857143,16.667142857142856,0.0142857142857142,26.2,256.62857142857143,1014.0285714285714,72.68571428571428,10.9,0.2242501211005674
11.542857142857144,4.342857142857143,8.042857142857143,11.542857142857144,0.9,5.914285714285714,73.52857142857144,1.0751428571428572,85.71428571428571,7.142857142857143,0.0,26.985714285714288,88.18571428571428,1011.8857142857142,60.25714285714286,14.385714285714286,29.22059529532862
7.085714285714286,1.6857142857142855,4.757142857142857,5.071428571428571,-0.8285714285714285,2.4285714285714284,86.02857142857144,0.0,0.0,0.0,0.0,20.0,214.5142857142857,1017.842857142857,66.2,10.642857142857142,98.84607464160604
14.0,7.899999999999999,10.785714285714286,14.0,5.642857142857143,10.071428571428571,84.11428571428571,4.620571428571429,85.71428571428571,9.524285714285714,0.0,28.87142857142857,196.78571428571428,1012.2285714285716,57.18571428571429,12.685714285714283,-49.8157865645685
9.014285714285714,3.071428571428572,6.6571428571428575,8.314285714285715,0.9571428571428572,4.814285714285714,91.65714285714286,0.4742857142857142,85.71428571428571,5.357142857142857,0.0,21.4,224.52857142857144,1020.7714285714284,73.18571428571428,9.128571428571428,47.027607691253934
19.37142857142857,10.857142857142858,15.242857142857144,19.37142857142857,10.271428571428572,15.042857142857144,76.81428571428572,0.258,71.42857142857143,3.5728571428571425,0.0,23.15714285714285,171.62857142857143,1020.6142857142858,72.47142857142856,15.3,-26.79263140234957
8.9,4.442857142857143,6.814285714285715,7.985714285714286,1.8142857142857145,5.042857142857143,93.35714285714286,2.100285714285714,100.0,10.118571428571428,0.0,19.385714285714283,109.17142857142858,1013.4285714285714,69.97142857142858,7.414285714285714,-9.14938566812907
10.742857142857144,5.814285714285715,8.27142857142857,10.014285714285714,3.042857142857143,6.1571428571428575,85.85714285714286,0.2659999999999999,85.71428571428571,5.952857142857143,0.0,22.67142857142857,186.3857142857143,1020.9285714285714,57.5,10.014285714285714,-13.741478736767704
19.7,8.528571428571428,14.271428571428572,19.7,7.371428571428572,14.042857142857144,71.75714285714285,0.0,0.0,0.0,0.0,20.67142857142857,261.8,1025.857142857143,48.41428571428571,11.414285714285716,-20.64732653638941
13.2,6.171428571428571,9.928571428571429,13.2,3.871428571428571,8.714285714285714,81.95714285714287,0.1285714285714286,14.285714285714286,1.19,0.0,32.457142857142856,218.8,1022.2428571428572,68.2,10.3,-12.209287185998392
22.457142857142856,13.514285714285714,17.871428571428574,22.357142857142858,13.514285714285714,17.857142857142858,68.44285714285715,1.8122857142857145,42.85714285714285,2.381428571428572,0.0,20.11428571428572,183.52857142857144,1015.3714285714286,70.14285714285714,7.885714285714286,-5.455274188360249
14.114285714285714,8.1,11.028571428571428,14.114285714285714,6.314285714285715,10.571428571428571,83.48571428571428,1.6125714285714283,100.0,11.904285714285717,0.0,30.11428571428572,226.3857142857143,1012.3571428571428,64.34285714285714,11.44285714285714,-64.1116062721519
8.214285714285714,3.3000000000000003,5.571428571428571,6.785714285714286,0.2714285714285714,3.3285714285714287,89.3,4.440285714285714,100.0,11.31,0.0,21.842857142857145,188.05714285714288,1034.4857142857145,55.4,10.014285714285714,6.255535471654412
15.685714285714283,9.028571428571428,12.242857142857144,15.685714285714283,7.314285714285715,11.757142857142856,79.22857142857143,4.369000000000001,85.71428571428571,4.762857142857143,0.0,27.6,233.7,1010.9285714285714,66.45714285714286,11.314285714285717,-11.489048826353836
14.671428571428573,9.1,11.62857142857143,14.671428571428573,7.757142857142857,11.271428571428572,86.7,0.5487142857142857,57.142857142857146,2.9771428571428573,0.0,25.442857142857143,188.8142857142857,1010.6714285714286,78.82857142857142,10.085714285714284,-12.110678436205037
13.814285714285711,5.914285714285714,9.671428571428573,13.814285714285711,3.4857142857142853,8.485714285714286,76.94285714285715,0.0,0.0,0.0,0.0,26.4,248.95714285714288,1022.2,48.642857142857146,11.585714285714284,33.311019499878284
18.014285714285716,8.485714285714286,13.05714285714286,18.014285714285716,7.271428571428571,12.671428571428573,74.7,0.8251428571428571,28.571428571428573,1.7857142857142858,0.0,19.25714285714286,193.87142857142857,1019.5142857142856,51.85714285714285,10.514285714285714,-32.81145207398674
11.614285714285714,6.442857142857143,8.828571428571427,11.185714285714283,3.7,6.885714285714286,86.35714285714286,2.861571428571428,85.71428571428571,9.524285714285714,0.0,31.814285714285717,211.95714285714288,1016.8857142857142,76.34285714285714,10.428571428571429,33.59118608449285
18.542857142857144,8.628571428571428,13.657142857142857,18.542857142857144,7.085714285714286,13.385714285714286,75.2,0.0452857142857142,57.142857142857146,2.9771428571428573,0.0,20.7,180.15714285714284,1021.8285714285714,35.32857142857143,15.22857142857143,5.547122098912155
16.014285714285712,9.028571428571428,12.742857142857144,16.014285714285712,7.6,12.457142857142856,72.2,0.2705714285714286,57.142857142857146,2.382857142857143,0.0,31.542857142857144,221.55714285714288,1016.9714285714286,62.785714285714285,13.62857142857143,31.2597109830931
13.028571428571428,7.542857142857143,10.028571428571428,13.028571428571428,5.328571428571428,9.071428571428571,79.78571428571429,0.2848571428571428,42.85714285714285,1.7871428571428571,0.0,29.442857142857143,230.08571428571423,1015.8142857142856,81.95714285714287,8.971428571428572,-23.620803164950303
12.257142857142856,5.6000000000000005,9.0,12.257142857142856,3.2142857142857144,7.714285714285714,83.28571428571429,2.349857142857142,100.0,15.477142857142857,0.0,24.24285714285714,208.5142857142857,1007.1,57.60000000000001,11.714285714285714,11.049647110145544
9.657142857142857,2.642857142857143,6.700000000000001,8.085714285714285,-1.842857142857143,3.5,83.45714285714287,1.1474285714285717,85.71428571428571,4.762857142857143,0.0,39.957142857142856,245.8142857142857,1011.4142857142856,69.0,12.457142857142856,-31.14424660598911
8.928571428571429,3.814285714285714,6.214285714285714,8.142857142857142,1.5857142857142856,4.571428571428571,89.87142857142858,0.0,0.0,0.0,0.0,30.15714285714285,212.77142857142857,1011.0714285714286,60.957142857142856,9.785714285714286,17.76662042246221
0.2285714285714285,-4.485714285714286,-1.9714285714285715,-3.0285714285714285,-9.614285714285714,-6.4,91.02857142857144,0.1804285714285714,71.42857142857143,5.357142857142857,2.914285714285714,21.442857142857143,181.64285714285717,1014.7857142857144,41.471428571428575,10.571428571428571,38.63220015727256
14.757142857142856,5.957142857142856,10.2,14.757142857142856,3.414285714285714,9.114285714285714,78.01428571428572,0.1122857142857143,28.571428571428573,1.7857142857142858,0.0,20.77142857142857,129.95714285714286,1022.2,51.82857142857142,9.571428571428571,-28.896312315486853
12.542857142857144,6.0,9.014285714285714,11.62857142857143,3.657142857142857,7.399999999999999,79.42857142857143,0.0121428571428571,28.571428571428573,1.1914285714285715,0.0,21.61428571428572,100.74285714285716,1022.9142857142856,79.92857142857143,7.171428571428572,-13.456857147153189
21.928571428571427,13.87142857142857,17.928571428571427,21.928571428571427,13.87142857142857,17.928571428571427,73.78571428571429,0.9608571428571429,42.85714285714285,4.762857142857143,0.0,22.842857142857145,280.92857142857144,1015.4285714285714,43.142857142857146,12.342857142857142,-0.3682221960052629
11.885714285714286,3.8428571428571434,7.714285714285714,11.457142857142856,0.2285714285714285,5.5,71.57142857142857,1.5758571428571426,57.142857142857146,3.571428571428572,0.0,26.714285714285715,160.75714285714284,1020.5714285714286,64.42857142857143,11.8,-19.709716024980253
14.357142857142858,6.7,10.542857142857144,14.357142857142858,4.314285714285714,9.642857142857142,74.41428571428571,0.105,57.142857142857146,2.9771428571428573,0.0,28.3,257.0142857142857,1022.1428571428572,67.18571428571428,23.342857142857145,-31.6483384525809
19.214285714285715,10.8,14.742857142857144,19.214285714285715,10.714285714285714,14.7,82.34285714285714,0.0479999999999999,71.42857142857143,2.9785714285714286,0.0,16.728571428571428,247.65714285714284,1025.257142857143,46.48571428571428,10.114285714285714,-49.69241854942948
14.142857142857142,4.1571428571428575,8.871428571428572,14.142857142857142,1.3000000000000005,7.3428571428571425,74.60000000000001,0.4338571428571428,42.85714285714285,2.381428571428572,0.0,19.82857142857143,152.4857142857143,1027.7714285714285,31.357142857142858,8.742857142857144,58.14170766947473
8.685714285714285,5.457142857142857,7.314285714285715,6.685714285714285,1.9714285714285715,4.242857142857143,91.22857142857144,0.2947142857142857,85.71428571428571,6.545714285714285,0.0,31.12857142857143,222.37142857142857,1029.7714285714285,68.1,8.471428571428572,-60.21807755117425
15.814285714285711,5.685714285714285,10.457142857142856,15.814285714285711,2.857142857142857,9.085714285714284,74.52857142857144,0.2568571428571428,57.142857142857146,2.9771428571428573,0.0,25.642857142857142,140.22857142857143,1019.157142857143,53.142857142857146,7.399999999999999,10.692989775051728
18.5,11.62857142857143,14.94285714285714,18.5,10.8,14.77142857142857,82.02857142857144,0.0,0.0,0.0,0.0,25.142857142857142,145.44285714285715,1017.4857142857144,74.25714285714285,11.157142857142857,0.3885381921019188
20.32857142857143,9.3,14.971428571428572,20.32857142857143,8.3,14.757142857142858,69.24285714285715,0.3104285714285714,28.571428571428573,1.1914285714285715,0.0,19.1,107.21428571428572,1018.2428571428572,64.1,11.828571428571427,57.2428030691766
1.342857142857143,-2.3000000000000003,-0.7428571428571428,-2.957142857142857,-7.785714285714286,-5.528571428571429,76.75714285714285,0.0067142857142857,14.285714285714286,0.5957142857142858,0.0,25.97142857142857,54.54285714285714,1010.2142857142856,78.32857142857142,8.242857142857142,149.21709504028672
8.257142857142856,4.557142857142858,6.485714285714286,6.314285714285715,1.7142857142857142,4.057142857142857,88.15714285714286,0.6422857142857142,85.71428571428571,4.762857142857143,0.0,26.514285714285712,254.84285714285716,1019.2,85.84285714285714,12.62857142857143,-20.256154414821367
12.642857142857142,6.757142857142857,9.3,12.05714285714286,3.271428571428572,7.171428571428572,85.41428571428571,1.2497142857142858,71.42857142857143,13.094285714285714,0.0999999999999999,30.485714285714288,127.34285714285714,1010.3285714285714,69.32857142857144,7.6,34.30352561165341
15.171428571428573,7.057142857142857,10.542857142857144,15.171428571428573,4.185714285714286,9.314285714285717,76.01428571428572,0.0544285714285714,14.285714285714286,1.19,0.0,24.61428571428572,77.3,1023.0,58.81428571428571,10.357142857142858,-77.5460779830978
13.0,8.785714285714286,10.585714285714284,13.0,6.514285714285714,9.671428571428573,71.28571428571429,0.2658571428571428,57.142857142857146,2.9771428571428573,0.0,32.25714285714286,73.82857142857144,1019.2285714285716,75.10000000000001,11.385714285714286,9.508002064907942
9.271428571428572,4.871428571428572,7.028571428571429,8.171428571428573,1.8857142857142857,4.771428571428571,84.98571428571428,0.3807142857142857,85.71428571428571,8.927142857142858,0.0,25.942857142857143,261.1428571428572,1017.4285714285714,76.3,11.357142857142858,-5.974117658917521
7.314285714285715,2.8285714285714287,4.942857142857143,5.242857142857143,-0.6857142857142857,2.128571428571429,86.64285714285714,2.085714285714286,100.0,6.548571428571429,0.0,20.442857142857143,185.12857142857143,1018.5714285714286,59.92857142857143,8.871428571428572,48.0903113269012
11.957142857142856,5.228571428571429,9.028571428571428,11.642857142857142,1.8714285714285717,7.328571428571428,85.3,4.524,85.71428571428571,8.930000000000001,0.0,31.11428571428572,189.1,999.7571428571428,66.52857142857142,12.114285714285714,7.27449310998054
15.157142857142857,9.585714285714284,12.014285714285714,15.157142857142857,9.057142857142855,11.957142857142856,87.75714285714285,2.236428571428572,100.0,9.522857142857143,0.0,30.142857142857142,207.8571428571429,1011.8714285714286,71.9,8.671428571428573,-34.24621963232403
12.271428571428572,6.871428571428572,9.37142857142857,12.271428571428572,4.185714285714285,8.1,83.3,0.0,0.0,0.0,0.0,21.61428571428572,26.842857142857145,1021.7,69.3,9.428571428571429,19.13071830659192
23.6,13.728571428571428,18.428571428571427,23.82857142857143,13.728571428571428,18.457142857142856,78.21428571428571,2.5905714285714287,14.285714285714286,1.7857142857142858,0.0,19.11428571428572,241.3142857142857,1019.157142857143,55.71428571428572,12.428571428571429,16.11335110387506
15.142857142857142,7.728571428571429,11.6,15.142857142857142,5.842857142857143,10.928571428571429,78.35714285714286,1.598142857142857,71.42857142857143,3.5728571428571425,0.0,26.47142857142857,194.94285714285715,1015.5142857142856,70.31428571428572,17.685714285714287,15.511083096803418
12.657142857142858,5.785714285714286,9.057142857142855,12.657142857142858,2.7857142857142856,7.171428571428572,72.11428571428571,2.5458571428571424,57.142857142857146,2.9771428571428573,0.0,31.47142857142857,229.25714285714284,1023.6428571428572,60.15714285714286,10.857142857142858,-11.70180057424318
8.528571428571428,4.557142857142857,6.542857142857143,5.771428571428571,-0.1428571428571428,2.8285714285714287,87.04285714285713,3.692142857142857,100.0,21.43,0.0,39.6,230.75714285714284,996.5571428571428,66.2,9.671428571428573,-20.763548836428527
17.285714285714285,11.857142857142858,14.428571428571429,17.285714285714285,11.44285714285714,14.4,82.47142857142856,0.7965714285714285,85.71428571428571,4.762857142857143,0.0,32.84285714285714,254.54285714285717,1013.157142857143,75.7,12.814285714285717,-36.48728599569176
8.571428571428571,4.242857142857143,6.742857142857143,6.9,0.7142857142857143,4.285714285714286,87.94285714285715,0.056,28.571428571428573,1.7857142857142858,0.0,23.12857142857143,236.3571428571429,1029.2714285714285,80.52857142857144,9.785714285714286,10.836817944932136
6.771428571428571,2.771428571428572,4.628571428571428,3.928571428571429,-0.8142857142857142,1.6571428571428573,84.12857142857142,0.2348571428571428,57.142857142857146,4.167142857142857,0.0,22.814285714285717,104.6,1027.6571428571428,76.77142857142857,8.828571428571427,-42.991961270330194
10.94285714285714,4.985714285714286,7.957142857142857,10.3,2.042857142857143,6.142857142857143,84.92857142857143,0.0481428571428571,42.85714285714285,1.7871428571428571,0.2857142857142857,17.985714285714284,100.07142857142856,1026.0,52.785714285714285,8.5,49.709020107795936
18.257142857142856,10.55714285714286,14.414285714285716,18.257142857142856,10.514285714285714,14.4,79.8,1.120142857142857,100.0,4.764285714285714,0.0,28.24285714285714,228.78571428571428,1015.0857142857144,72.0142857142857,19.728571428571428,-13.993235283673243
8.22857142857143,2.685714285714286,5.314285714285714,5.357142857142857,-2.028571428571429,1.6285714285714283,82.78571428571429,1.3615714285714289,85.71428571428571,6.545714285714285,1.0666666666666669,32.08571428571429,148.92857142857142,1005.7285714285716,72.12857142857142,8.557142857142857,9.92214652364737
20.071428571428573,12.042857142857144,16.02857142857143,20.071428571428573,12.042857142857144,16.02857142857143,79.0,0.055,28.571428571428573,1.7857142857142858,0.0,22.02857142857143,126.97142857142856,1015.4714285714286,62.271428571428565,10.971428571428572,19.76127457929624
18.242857142857144,7.585714285714286,13.285714285714286,18.242857142857144,5.642857142857143,12.614285714285714,71.25714285714285,0.0,0.0,0.0,0.0,24.542857142857144,114.44285714285714,1027.8428571428572,28.414285714285715,12.928571428571429,9.131111728791096
10.885714285714286,6.042857142857143,9.142857142857142,10.671428571428573,4.385714285714286,7.685714285714285,96.15714285714286,1.2874285714285716,85.71428571428571,5.951428571428571,0.0,25.97142857142857,135.91428571428574,1006.842857142857,81.0,7.114285714285714,-28.51135542138786
6.728571428571429,0.5857142857142857,3.6571428571428575,3.0285714285714285,-3.742857142857143,-0.2285714285714286,85.41428571428571,1.2924285714285717,71.42857142857143,5.355714285714286,1.8,38.12857142857143,217.2428571428572,1002.9428571428572,59.84285714285715,14.585714285714284,-19.49479374214616
11.44285714285714,6.6571428571428575,8.814285714285715,11.44285714285714,3.6571428571428575,6.942857142857143,83.38571428571429,0.1922857142857143,85.71428571428571,4.168571428571428,0.0,29.72857142857143,250.82857142857145,1021.7,86.10000000000001,9.242857142857144,-21.926728517557198
7.5,1.4428571428571428,4.314285714285714,5.828571428571428,-0.6428571428571427,2.0285714285714285,90.62857142857142,1.3524285714285715,100.0,6.547142857142857,1.4333333333333331,23.3,174.55714285714288,1016.5571428571428,67.01428571428572,15.185714285714283,-8.561451411141888
15.371428571428572,10.185714285714283,12.94285714285714,15.371428571428572,9.37142857142857,12.757142857142856,80.12857142857142,0.9915714285714284,71.42857142857143,7.7371428571428575,0.0,33.971428571428575,263.18571428571425,1015.5571428571428,67.44285714285715,12.842857142857143,82.46905042967978
20.17142857142857,12.814285714285717,16.442857142857143,20.042857142857144,12.814285714285717,16.414285714285715,76.7,1.5637142857142856,57.142857142857146,7.142857142857143,0.0,28.15714285714285,196.17142857142855,1014.7,57.57142857142857,10.185714285714283,12.937187026099878
19.67142857142857,11.571428571428571,15.342857142857143,19.67142857142857,11.142857142857142,15.285714285714286,78.39999999999999,1.8097142857142856,71.42857142857143,7.144285714285715,0.0,23.32857142857143,229.94285714285715,1008.3714285714286,67.08571428571429,11.514285714285714,3.62517582689236
20.02857142857143,12.1,16.37142857142857,20.02857142857143,12.1,16.357142857142858,74.62857142857142,0.0,0.0,0.0,0.0,21.142857142857142,67.28571428571429,1025.4428571428573,67.98571428571428,16.728571428571428,-5.89541019520891
13.142857142857142,6.857142857142857,10.042857142857144,13.142857142857142,4.585714285714286,9.114285714285714,84.92857142857143,4.989142857142857,100.0,11.308571428571428,0.0,26.357142857142858,242.2,1011.0285714285714,77.24285714285715,10.957142857142856,-13.835944624126114
15.62857142857143,9.671428571428573,12.3,15.62857142857143,7.985714285714286,12.0,78.62857142857142,0.6325714285714286,100.0,10.714285714285714,0.0,25.38571428571429,279.0857142857143,1017.7571428571428,72.11428571428571,14.5,43.82199352578573
17.785714285714285,9.114285714285714,13.742857142857144,17.785714285714285,8.214285714285714,13.4,80.41428571428571,0.5464285714285714,42.85714285714285,5.357142857142857,0.0,17.5,176.85714285714286,1017.7714285714284,57.01428571428572,11.0,10.997791529909136
12.4,6.371428571428572,9.085714285714284,12.4,4.042857142857143,7.6,88.47142857142856,6.260142857142857,100.0,11.905714285714286,0.0,25.9,243.4142857142857,997.5285714285714,69.94285714285715,10.385714285714286,20.78647409074449
6.857142857142857,2.0285714285714285,4.7,3.157142857142857,-2.2142857142857144,0.7285714285714285,88.74285714285715,5.671142857142857,100.0,11.905714285714286,0.0,36.52857142857143,220.78571428571428,989.4714285714286,58.7,12.228571428571428,11.70146997984034
16.342857142857145,9.44285714285714,12.728571428571428,16.342857142857145,8.971428571428572,12.585714285714284,81.04285714285713,2.0457142857142854,85.71428571428571,4.762857142857143,0.0,26.65714285714285,182.28571428571428,1013.7285714285716,63.18571428571429,19.74285714285714,18.785010627755582
11.885714285714286,5.485714285714286,8.757142857142856,11.885714285714286,2.3857142857142857,7.185714285714285,82.72857142857143,1.0765714285714283,85.71428571428571,13.095714285714283,0.0,28.957142857142856,192.6,1009.157142857143,61.32857142857143,11.457142857142856,72.92145873751929
10.1,2.7142857142857144,6.242857142857143,9.585714285714284,-1.085714285714286,3.5857142857142854,81.2,0.5008571428571429,57.142857142857146,2.9771428571428573,0.0,23.885714285714283,211.8428571428572,1019.6142857142858,72.67142857142858,13.071428571428571,-35.579730656703305
7.728571428571429,3.857142857142857,5.714285714285714,5.8,0.6285714285714287,3.2571428571428567,89.28571428571429,0.862,85.71428571428571,5.952857142857143,0.0,25.814285714285717,141.92857142857142,1007.9285714285714,85.68571428571428,6.957142857142857,51.633570239029495
10.014285714285714,4.357142857142857,7.399999999999999,8.285714285714286,-0.0714285714285714,3.957142857142857,77.08571428571429,0.5294285714285715,85.71428571428571,5.357142857142857,0.0,45.04285714285714,261.9428571428571,1015.7285714285716,71.82857142857142,11.857142857142858,15.41337237433322
17.385714285714286,9.928571428571429,14.357142857142858,17.385714285714286,9.742857142857144,14.342857142857143,80.64285714285714,0.4752857142857142,42.85714285714285,2.381428571428572,0.0,23.342857142857145,294.1857142857143,1018.1,66.58571428571429,12.742857142857144,-29.63021473231004
11.857142857142858,5.642857142857143,8.671428571428573,11.257142857142856,2.185714285714285,6.485714285714286,88.11428571428571,3.4194285714285715,100.0,12.5,0.0,36.25714285714286,211.8142857142857,1008.5571428571428,76.48571428571428,11.671428571428573,36.506202260485
18.814285714285717,11.757142857142856,14.857142857142858,18.814285714285717,11.257142857142856,14.814285714285717,85.7,0.1651428571428571,57.142857142857146,3.5728571428571425,0.0,23.75714285714286,219.92857142857144,1026.2714285714285,53.871428571428574,9.685714285714283,15.060399703557664
7.185714285714285,2.4,4.957142857142857,5.5,-0.4142857142857142,2.542857142857143,88.45714285714287,0.712,42.85714285714285,3.571428571428572,0.0,17.15714285714286,187.14285714285717,1016.1,66.98571428571428,10.085714285714284,8.593296588014482
2.571428571428572,-0.8,0.7999999999999999,-0.8142857142857143,-6.314285714285715,-3.6714285714285713,89.15714285714286,1.5815714285714286,71.42857142857143,7.737142857142857,2.55,27.142857142857142,114.25714285714284,997.6,75.3,9.057142857142855,-21.88491781767607
21.414285714285715,14.042857142857144,17.485714285714288,21.442857142857143,14.042857142857144,17.485714285714288,81.54285714285713,2.886571428571429,100.0,10.12,0.0,23.47142857142857,191.05714285714288,1013.3857142857142,48.67142857142857,10.257142857142856,-2.615786996987481
12.471428571428572,8.442857142857143,10.314285714285717,12.471428571428572,5.728571428571429,9.385714285714286,92.97142857142856,3.4981428571428568,71.42857142857143,14.88,0.0,24.61428571428572,177.85714285714286,1011.2285714285716,56.24285714285714,9.571428571428571,-0.6127776334842565
17.985714285714284,11.028571428571428,14.185714285714283,17.985714285714284,10.37142857142857,14.085714285714284,83.72857142857143,0.7937142857142857,100.0,8.334285714285715,0.0,26.17142857142857,165.65714285714284,1012.2142857142856,62.98571428571428,10.328571428571427,8.995876530647024
20.042857142857144,12.414285714285716,15.671428571428573,20.042857142857144,12.414285714285716,15.671428571428573,85.2,5.956571428571428,85.71428571428571,10.118571428571428,0.0,23.885714285714283,59.07142857142857,1015.8285714285714,55.54285714285714,7.585714285714286,-1.465247219486514
8.67142857142857,1.8714285714285717,5.3,6.9,-0.8714285714285713,2.7285714285714286,84.08571428571429,2.309428571428572,100.0,10.121428571428572,0.0,23.2,238.98571428571427,1022.6428571428572,66.68571428571428,10.5,-26.45648376050144
28.15714285714285,15.071428571428571,21.542857142857144,27.62857142857143,15.071428571428571,21.442857142857143,64.12857142857142,0.0768571428571428,28.571428571428573,1.1914285714285715,0.0,21.77142857142857,112.45714285714288,1016.2571428571428,39.94285714285714,11.171428571428573,64.47807657526232
13.55714285714286,2.8285714285714287,8.042857142857143,13.042857142857144,1.4285714285714286,6.842857142857143,65.1,0.0035714285714285,14.285714285714286,0.5957142857142858,0.0,23.485714285714288,225.15714285714284,1021.9,60.72857142857144,17.414285714285715,56.02773636293887
9.428571428571429,5.0,6.942857142857143,8.357142857142858,3.1,5.6571428571428575,85.14285714285714,0.0662857142857142,28.571428571428573,2.38,0.0,13.414285714285716,160.6142857142857,1021.8714285714286,80.5,6.171428571428572,22.67083659141099
20.428571428571427,11.7,16.085714285714285,20.428571428571427,11.514285714285714,16.04285714285714,73.0,0.1178571428571428,71.42857142857143,3.5728571428571425,0.0,18.942857142857143,238.68571428571428,1020.7428571428572,59.371428571428574,21.185714285714287,-5.448413385776689
10.05714285714286,4.785714285714286,7.3428571428571425,8.8,1.7285714285714284,5.3,83.85714285714286,0.569,42.85714285714285,2.975714285714285,0.0,26.3,236.02857142857144,1016.3285714285714,75.22857142857143,11.44285714285714,37.819226309825126
10.657142857142857,5.285714285714286,8.257142857142856,10.042857142857144,2.0142857142857147,5.942857142857143,87.22857142857143,4.617428571428571,100.0,15.477142857142857,6.0,38.12857142857143,211.17142857142855,1006.1428571428572,71.02857142857142,11.157142857142857,-43.46722163122149
6.814285714285714,3.6,5.485714285714286,4.085714285714286,-0.7142857142857143,1.914285714285714,92.0,5.200142857142857,100.0,10.118571428571428,0.5142857142857143,31.0,242.12857142857143,1006.5571428571428,65.42857142857143,9.071428571428571,34.08752018788755
18.27142857142857,11.042857142857144,14.042857142857144,18.27142857142857,10.085714285714284,13.857142857142858,85.95714285714287,0.4732857142857143,28.571428571428573,1.7857142857142858,0.0,22.385714285714283,86.72857142857143,1019.2285714285716,66.82857142857144,6.228571428571429,36.6263419011475
18.27142857142857,10.757142857142856,14.914285714285716,18.27142857142857,10.342857142857143,14.8,77.11428571428571,1.3342857142857143,71.42857142857143,4.167142857142857,0.0,29.4,227.05714285714288,1011.0571428571428,62.9,25.085714285714285,-10.731315140913352
10.228571428571428,5.985714285714287,8.514285714285714,9.314285714285717,2.985714285714286,6.442857142857143,90.11428571428571,1.9735714285714283,100.0,14.287142857142856,0.0,33.77142857142857,237.1142857142857,1022.842857142857,74.64285714285714,9.585714285714284,-14.148396779478617
11.842857142857143,7.6571428571428575,9.757142857142856,11.842857142857143,5.557142857142857,8.871428571428572,88.39999999999999,4.740285714285714,100.0,14.882857142857144,0.0,31.457142857142856,164.81428571428572,998.0285714285714,59.35714285714285,10.542857142857144,39.62691820326086
19.228571428571428,10.37142857142857,14.7,19.228571428571428,9.3,14.542857142857144,76.85714285714286,0.0644285714285714,42.85714285714285,1.7871428571428571,0.0,16.242857142857144,99.91428571428573,1019.7,39.114285714285714,9.642857142857142,-5.237068535639764
7.314285714285715,1.042857142857143,3.871428571428571,4.757142857142857,-2.942857142857143,0.7857142857142857,74.39999999999999,0.1987142857142857,57.142857142857146,2.9771428571428573,5.0,23.714285714285715,282.87142857142857,1013.4428571428572,74.89999999999999,18.8,-3.283709888036356
14.171428571428573,7.085714285714286,10.485714285714286,13.885714285714286,5.0,9.514285714285716,80.8,2.4215714285714287,85.71428571428571,7.738571428571428,0.0,22.557142857142857,245.15714285714284,1012.3,52.942857142857136,11.342857142857143,5.131520373658532
18.7,11.671428571428573,15.157142857142857,18.7,11.671428571428573,15.157142857142857,80.7,0.1641428571428571,42.85714285714285,5.358571428571429,0.0,29.97142857142857,229.97142857142856,1017.6428571428572,59.21428571428572,11.328571428571427,-8.75345605628604
9.414285714285716,5.3,7.442857142857143,8.442857142857143,2.4285714285714284,5.485714285714286,91.25714285714284,0.1822857142857143,100.0,5.3585714285714285,0.0,19.62857142857143,178.94285714285712,1024.571428571429,82.05714285714285,9.814285714285717,6.662696919848713
12.285714285714286,6.514285714285714,9.171428571428573,12.285714285714286,3.6000000000000005,7.471428571428571,80.21428571428571,2.874714285714286,85.71428571428571,5.951428571428571,0.0,29.87142857142857,218.4142857142857,997.5,68.64285714285714,20.142857142857142,-58.31277787824854
8.528571428571428,3.257142857142857,5.642857142857143,6.814285714285715,-0.4428571428571427,2.4857142857142853,87.41428571428571,2.794,100.0,10.714285714285714,0.0,25.38571428571429,152.74285714285716,1001.8285714285714,83.67142857142858,10.385714285714286,-32.55024636756912
6.9,0.4571428571428572,3.485714285714286,4.6571428571428575,-2.9714285714285715,0.4428571428571429,75.32857142857142,0.6835714285714286,71.42857142857143,4.167142857142857,0.0,25.61428571428572,226.2,1029.814285714286,54.2,12.585714285714284,-3.5045506216322337
11.87142857142857,7.0857142857142845,9.185714285714283,11.471428571428572,3.8428571428571434,7.2,84.91428571428571,3.5491428571428574,71.42857142857143,7.7371428571428575,0.0,29.585714285714285,128.42857142857142,1006.5857142857144,72.64285714285714,11.614285714285714,39.10084942151343
11.05714285714286,5.271428571428571,8.328571428571427,10.242857142857144,2.685714285714286,6.571428571428571,82.52857142857144,0.5408571428571428,71.42857142857143,3.5728571428571425,0.0,30.61428571428572,232.72857142857143,1021.2,74.35714285714286,19.15714285714285,-45.41521342089868
21.314285714285717,12.1,16.62857142857143,21.314285714285717,11.971428571428572,16.6,70.28571428571429,0.0,0.0,0.0,0.0,21.11428571428572,116.94285714285716,1022.0857142857142,61.08571428571429,14.12857142857143,20.583112983571823
13.4,4.014285714285714,9.314285714285717,13.4,2.157142857142857,8.442857142857143,72.87142857142858,0.0,0.0,0.0,0.0,19.8,95.38571428571429,1028.4857142857145,45.885714285714286,11.5,-6.368519241489366
5.528571428571429,1.2142857142857142,3.128571428571429,3.6,-2.457142857142857,0.1857142857142857,86.54285714285713,3.895857142857143,71.42857142857143,4.762857142857143,0.0285714285714285,19.585714285714285,170.0142857142857,1026.6714285714286,68.74285714285715,7.814285714285715,-9.808377867181662
10.914285714285716,4.842857142857143,7.514285714285714,10.428571428571429,1.7571428571428571,5.342857142857143,85.74285714285715,2.013571428571429,100.0,18.45,0.0285714285714285,25.014285714285712,231.4,1002.6428571428572,59.48571428571428,11.8,15.379428782076502
24.314285714285717,14.814285714285717,19.585714285714285,24.314285714285717,14.814285714285717,19.585714285714285,75.14285714285714,1.7737142857142858,42.85714285714285,7.738571428571428,0.0,19.87142857142857,145.5,1016.5142857142856,41.22857142857144,11.771428571428572,60.96298463485289
18.542857142857144,11.214285714285714,14.585714285714284,18.542857142857144,10.957142857142856,14.542857142857144,78.71428571428571,0.4622857142857142,71.42857142857143,4.762857142857143,0.0,22.11428571428572,251.15714285714284,1012.5428571428572,70.11428571428571,14.428571428571429,-19.810117715228444
8.0,2.2,5.0,5.514285714285714,-2.242857142857143,1.0142857142857142,73.62857142857142,0.7101428571428572,71.42857142857143,8.928571428571429,0.0,33.628571428571426,265.4857142857143,1014.0714285714286,62.0,10.542857142857144,21.242638734004004
3.5,0.0428571428571428,1.7571428571428571,-0.3285714285714285,-5.2,-2.8000000000000003,83.71428571428571,0.0474285714285714,42.85714285714285,1.7871428571428571,0.0,25.142857142857142,28.185714285714287,1028.3285714285714,82.05714285714285,8.457142857142857,-7.101633693909662
11.1,7.614285714285714,9.342857142857143,11.1,5.085714285714286,7.985714285714286,95.05714285714284,5.887999999999999,100.0,11.904285714285717,0.0,32.114285714285714,172.21428571428572,1001.4571428571428,79.12857142857142,8.585714285714285,43.9881629716449
16.357142857142858,9.8,12.928571428571429,16.357142857142858,9.057142857142855,12.714285714285714,84.88571428571429,2.795428571428571,100.0,19.642857142857142,0.0,22.042857142857144,272.18571428571425,1018.2571428571428,60.31428571428573,10.714285714285714,-5.730239681226749
12.071428571428571,4.8,8.514285714285714,12.071428571428571,2.3000000000000003,7.142857142857143,73.7,2.6732857142857145,57.142857142857146,7.738571428571428,0.0,22.4,198.97142857142856,1011.8857142857142,65.95714285714286,12.214285714285714,-48.64453980320354
8.442857142857143,5.971428571428571,7.228571428571429,6.857142857142857,2.4714285714285715,4.571428571428571,96.31428571428572,0.3478571428571428,71.42857142857143,4.167142857142857,0.0,24.871428571428574,147.92857142857142,1017.157142857143,84.78571428571429,5.4,-79.45014419167546
18.8,12.257142857142856,15.314285714285717,18.8,11.914285714285716,15.2,85.10000000000001,1.868,100.0,8.334285714285715,0.0,24.071428571428573,117.14285714285714,1018.4,67.98571428571428,9.457142857142856,-35.74899045568543
8.385714285714286,4.071428571428571,6.142857142857143,6.171428571428572,0.4428571428571429,3.071428571428572,89.14285714285714,3.2607142857142857,100.0,11.31,0.0,25.27142857142857,183.2428571428571,1010.1857142857144,59.67142857142857,10.7,11.646453351016817
16.12857142857143,9.542857142857144,12.357142857142858,16.12857142857143,7.728571428571429,11.6,75.08571428571429,0.0,0.0,0.0,0.0,23.142857142857142,49.51428571428572,1027.4,77.01428571428572,9.285714285714286,-62.32902238086433
15.1,7.585714285714286,11.62857142857143,15.1,5.871428571428571,10.985714285714286,79.34285714285714,1.5525714285714287,71.42857142857143,8.334285714285715,0.0,22.957142857142856,142.3857142857143,1015.1142857142858,61.1,11.114285714285714,-13.709556311469896
20.3,13.7,16.771428571428572,20.3,13.7,16.771428571428572,77.95714285714287,1.4658571428571427,100.0,6.55,0.0,26.82857142857143,256.7142857142857,1011.342857142857,55.48571428571428,10.771428571428572,-10.325189968599377
20.228571428571428,12.814285714285717,16.45714285714286,20.228571428571428,12.814285714285717,16.45714285714286,82.32857142857142,2.026428571428572,71.42857142857143,12.501428571428573,0.0,17.62857142857143,160.42857142857142,1010.0857142857144,56.44285714285714,8.714285714285714,55.72494108795741
14.185714285714283,8.428571428571429,11.514285714285714,14.185714285714283,6.671428571428572,10.914285714285713,78.55714285714285,0.6747142857142857,85.71428571428571,6.548571428571429,0.0,33.042857142857144,272.04285714285714,1015.0714285714286,69.24285714285715,11.528571428571428,15.306845780145522
3.5,0.5571428571428572,2.2,-0.1714285714285714,-4.3,-2.3000000000000003,90.85714285714286,2.432142857142857,71.42857142857143,7.738571428571428,1.457142857142857,29.342857142857145,149.58571428571426,998.4571428571428,59.71428571428572,11.042857142857144,50.96855343936068
14.171428571428573,9.55714285714286,11.728571428571428,14.171428571428573,8.471428571428572,11.485714285714286,89.35714285714286,3.098,100.0,32.73857142857143,0.0,18.957142857142856,158.31428571428572,1015.7,72.94285714285715,9.2,5.662736536821171
8.314285714285715,2.8000000000000003,5.5,5.5,-1.3,1.8285714285714287,88.17142857142858,2.3714285714285714,100.0,7.141428571428572,0.0,35.94285714285714,228.57142857142856,1005.8142857142856,62.68571428571429,14.385714285714286,49.51006078030901
15.771428571428572,9.485714285714286,12.471428571428572,15.771428571428572,8.742857142857144,12.171428571428573,88.38571428571429,0.9585714285714284,100.0,9.524285714285714,0.0,19.12857142857143,135.62857142857143,1013.8857142857142,71.52857142857142,7.899999999999999,4.430436171002384
21.142857142857142,13.885714285714286,17.12857142857143,21.142857142857142,13.885714285714286,17.12857142857143,83.05714285714285,0.3508571428571428,71.42857142857143,5.952857142857143,0.0,16.54285714285714,267.12857142857143,1021.1571428571428,69.78571428571429,11.414285714285716,-47.99813570281276
2.771428571428572,-1.7714285714285716,0.6857142857142857,-0.3714285714285715,-6.585714285714286,-3.6571428571428575,91.24285714285716,1.4074285714285717,100.0,9.524285714285714,0.7999999999999999,26.0,145.28571428571428,1010.7,59.55714285714286,7.885714285714286,-74.64368605694176
7.142857142857143,0.8857142857142858,4.014285714285714,4.871428571428572,-1.8285714285714287,1.542857142857143,78.82857142857142,1.1257142857142857,71.42857142857143,4.167142857142857,0.0,20.942857142857143,257.2857142857143,1015.6428571428572,49.54285714285714,21.342857142857145,-2.3374706817685365
8.814285714285715,4.2,6.8,7.571428571428571,0.3142857142857143,4.342857142857143,91.57142857142856,2.6460000000000004,100.0,13.095714285714283,0.0,27.928571428571427,195.7142857142857,1002.4857142857144,80.58571428571429,10.157142857142857,19.671075275466137
8.085714285714285,2.8857142857142857,5.471428571428572,5.342857142857143,-0.4714285714285714,2.1,85.65714285714286,0.6152857142857143,85.71428571428571,5.951428571428571,0.0,31.75714285714286,237.9857142857143,1005.7142857142856,65.08571428571427,15.714285714285714,-0.4012393244140639
10.828571428571427,1.9,6.314285714285715,10.157142857142857,-1.1,3.928571428571429,75.87142857142858,0.6037142857142858,57.142857142857146,2.9771428571428573,0.0,22.942857142857143,184.5285714285714,1013.9285714285714,60.22857142857144,9.685714285714283,28.98102068884714
16.342857142857145,9.62857142857143,12.828571428571427,16.342857142857145,8.328571428571427,12.457142857142856,83.62857142857142,2.072714285714286,71.42857142857143,11.904285714285717,0.0,22.314285714285717,229.1142857142857,1015.2,59.10000000000001,11.257142857142856,-12.699113338210507
19.285714285714285,14.314285714285717,16.485714285714288,19.285714285714285,14.314285714285717,16.485714285714288,79.64285714285714,0.8004285714285714,100.0,5.3585714285714285,0.0,31.75714285714286,249.07142857142856,1013.2571428571428,80.14285714285714,10.5,2.090571785098632
6.442857142857143,2.185714285714286,4.242857142857143,2.357142857142857,-2.5,-0.1285714285714285,85.87142857142858,1.2420000000000002,57.142857142857146,4.76,0.0,34.15714285714286,192.9142857142857,1015.8714285714286,69.95714285714286,12.314285714285717,-10.366661896981668
13.8,8.357142857142858,10.928571428571429,13.8,6.928571428571429,10.242857142857144,87.81428571428572,0.8658571428571429,71.42857142857143,4.167142857142857,0.0,28.314285714285717,193.3,1004.5285714285714,62.2,11.757142857142856,15.625160288440725
11.1,4.128571428571428,7.871428571428572,10.1,1.6285714285714286,6.185714285714285,78.62857142857142,0.2224285714285714,57.142857142857146,4.1657142857142855,0.0,25.75714285714286,220.02857142857144,999.9428571428572,65.75714285714285,22.02857142857143,-5.511036293690722
17.414285714285715,11.328571428571427,14.285714285714286,17.414285714285715,11.014285714285714,14.257142857142856,81.94285714285715,1.2951428571428572,71.42857142857143,4.167142857142857,0.0,34.67142857142857,229.42857142857144,1012.6,63.114285714285714,15.099999999999998,-43.21710119072361
10.842857142857143,5.371428571428572,8.314285714285715,10.085714285714284,2.5,6.814285714285715,92.95714285714288,0.213,85.71428571428571,5.357142857142857,0.0,29.557142857142857,210.12857142857143,1026.2,81.55714285714285,11.728571428571428,-88.77979801069296
20.928571428571427,12.142857142857142,16.657142857142855,20.928571428571427,12.0,16.657142857142855,74.15714285714286,3.5535714285714284,85.71428571428571,5.357142857142857,0.0,19.985714285714288,168.34285714285716,1020.1,48.55714285714286,10.4,-3.354826076019094
22.385714285714283,12.62857142857143,17.214285714285715,22.385714285714283,12.62857142857143,17.214285714285715,73.7,0.1105714285714285,57.142857142857146,2.9771428571428573,0.0,11.87142857142857,173.5142857142857,1019.5857142857144,54.91428571428571,7.357142857142857,-20.30228137446716
8.942857142857141,2.085714285714286,5.528571428571429,7.285714285714286,-1.0714285714285714,2.9285714285714284,78.17142857142858,0.5822857142857142,57.142857142857146,5.357142857142857,0.0428571428571428,23.342857142857145,201.4142857142857,1016.7,53.02857142857143,10.257142857142856,-62.06519889748802
8.871428571428572,5.5,7.3,7.214285714285714,1.3857142857142857,4.628571428571428,85.95714285714287,0.0,0.0,0.0,0.0,37.2,271.0857142857143,1001.2857142857144,79.8,11.3,-2.4670794509299867
17.157142857142855,11.4,13.914285714285716,17.157142857142855,11.4,13.914285714285716,81.34285714285714,2.1854285714285715,100.0,7.141428571428572,0.0,31.32857142857143,206.27142857142857,1010.7571428571428,68.78571428571429,23.7,-3.8608374391113776
6.142857142857143,2.957142857142857,4.6000000000000005,4.828571428571428,0.3000000000000001,2.571428571428572,85.55714285714285,0.0724285714285714,14.285714285714286,0.5957142857142858,0.0,16.657142857142855,181.0,1034.857142857143,88.68571428571428,3.057142857142857,-6.6125983383824405
9.642857142857142,4.0,7.142857142857143,7.671428571428571,1.042857142857143,4.6,91.12857142857142,2.819,85.71428571428571,6.545714285714285,0.0,33.642857142857146,226.32857142857145,1003.8,77.97142857142856,11.042857142857144,102.5921442270319
13.242857142857144,6.214285714285714,9.485714285714286,12.94285714285714,3.8428571428571434,8.142857142857142,76.35714285714286,1.3772857142857142,71.42857142857143,3.5728571428571425,0.0,21.642857142857142,35.385714285714286,1021.7571428571428,59.614285714285714,12.171428571428573,1.2131513701619951
12.728571428571428,6.757142857142857,9.55714285714286,12.085714285714284,4.542857142857143,8.171428571428573,84.3,2.0985714285714283,71.42857142857143,4.761428571428572,0.0,23.957142857142856,157.4,1001.0428571428572,66.18571428571428,12.614285714285714,-14.259706561171924
1.7571428571428571,-1.6285714285714286,0.1571428571428571,-2.3714285714285714,-6.828571428571429,-4.571428571428571,89.52857142857144,0.0112857142857142,14.285714285714286,0.5957142857142858,0.0,26.47142857142857,70.6,1032.757142857143,70.47142857142858,6.214285714285714,-18.51461050243188
20.857142857142858,13.6,16.7,20.857142857142858,13.6,16.7,85.0,1.5642857142857145,100.0,13.095714285714283,0.0,21.67142857142857,209.7428571428572,1015.0142857142856,75.37142857142858,13.228571428571428,12.795096841687725
18.87142857142857,11.428571428571429,15.0,18.87142857142857,10.985714285714286,14.957142857142856,72.15714285714286,0.5514285714285714,71.42857142857143,2.9785714285714286,0.0,26.75714285714286,241.4142857142857,1018.3857142857142,62.85714285714285,14.785714285714286,-39.89525040894284
24.714285714285715,15.228571428571428,19.74285714285714,24.714285714285715,15.228571428571428,19.74285714285714,74.10000000000001,0.1565714285714285,28.571428571428573,2.38,0.0,19.52857142857143,253.98571428571427,1014.4571428571428,60.642857142857146,12.128571428571428,29.201351329039998
14.542857142857144,9.257142857142856,11.714285714285714,14.542857142857144,7.457142857142857,11.05714285714286,94.01428571428572,3.793428571428572,85.71428571428571,19.04714285714286,0.0,24.457142857142856,123.98571428571428,1016.0142857142856,74.05714285714285,9.385714285714286,-22.513916738289023
15.071428571428571,7.957142857142857,11.571428571428571,15.071428571428571,6.7,11.071428571428571,88.34285714285714,2.460714285714286,71.42857142857143,5.952857142857143,0.0,25.857142857142858,214.07142857142856,1014.1428571428572,57.871428571428574,10.728571428571428,17.834196334458852
11.114285714285714,6.457142857142857,8.828571428571427,9.971428571428572,1.985714285714285,6.271428571428571,88.61428571428571,5.414,85.71428571428571,18.454285714285717,0.0,43.74285714285714,246.3142857142857,1003.5285714285714,63.142857142857146,10.314285714285717,27.83003255944527
15.671428571428573,11.37142857142857,13.3,15.671428571428573,11.014285714285714,13.285714285714286,88.65714285714286,0.8057142857142857,71.42857142857143,5.357142857142857,0.0,27.957142857142856,191.17142857142855,1015.4285714285714,68.01428571428572,10.642857142857142,3.2334005533095933
9.328571428571427,5.314285714285715,7.557142857142857,8.128571428571428,2.314285714285714,5.328571428571428,90.98571428571428,0.8944285714285715,100.0,14.88,0.0,21.442857142857143,190.8857142857143,1025.7142857142858,64.55714285714285,9.242857142857144,-6.16137574647405
19.228571428571428,11.114285714285714,15.042857142857144,19.228571428571428,11.042857142857144,15.028571428571428,79.61428571428571,1.477714285714286,85.71428571428571,4.762857142857143,0.0,23.17142857142857,243.62857142857143,1014.4571428571428,74.07142857142857,21.985714285714288,-31.502798765484957
9.757142857142856,3.2857142857142856,6.5,8.857142857142858,0.7571428571428571,4.428571428571429,83.21428571428571,1.6065714285714283,85.71428571428571,6.545714285714285,0.0,23.728571428571428,174.32857142857142,1003.7,81.74285714285715,13.142857142857142,36.45997643990563
8.585714285714285,3.128571428571429,6.042857142857143,6.571428571428571,-0.7714285714285715,2.642857142857143,85.38571428571429,1.8987142857142856,85.71428571428571,12.501428571428573,0.7571428571428571,36.52857142857143,202.08571428571423,1011.8857142857142,60.42857142857143,10.571428571428571,1.487979940402283
21.62857142857143,13.271428571428572,17.5,21.62857142857143,13.271428571428572,17.5,73.8,0.0978571428571428,28.571428571428573,1.1914285714285715,0.0,18.7,141.47142857142856,1020.5571428571428,49.54285714285714,12.085714285714284,-19.236694340626627
11.414285714285716,6.871428571428572,9.428571428571429,10.885714285714286,3.8142857142857145,7.671428571428572,88.22857142857143,5.018857142857143,100.0,13.691428571428572,0.0,36.44285714285714,191.02857142857144,999.7428571428572,74.94285714285715,10.642857142857142,28.001226992181728
25.885714285714283,13.114285714285714,19.585714285714285,25.75714285714286,13.114285714285714,19.557142857142857,58.25714285714286,0.0,0.0,0.0,0.0,21.11428571428572,212.82857142857145,1025.0857142857142,34.34285714285714,10.828571428571427,80.04401848548457
12.771428571428572,6.471428571428571,9.44285714285714,12.771428571428572,3.257142857142857,7.957142857142857,74.32857142857142,1.6344285714285711,100.0,6.547142857142857,0.0,35.68571428571429,252.44285714285712,1011.7,66.82857142857144,12.857142857142858,7.750193349523897
16.22857142857143,7.885714285714286,11.728571428571428,15.871428571428572,5.914285714285714,10.814285714285717,81.10000000000001,3.0742857142857143,100.0,8.335714285714285,0.0,25.714285714285715,177.15714285714284,1008.6142857142858,65.44285714285714,14.685714285714283,11.56037187044501
8.285714285714286,3.6142857142857134,6.085714285714286,5.714285714285714,0.3714285714285715,2.8428571428571425,86.7,5.321142857142857,71.42857142857143,8.335714285714287,0.0,29.071428571428573,210.07142857142856,1003.5428571428572,63.24285714285714,10.957142857142856,10.539948491115863
9.028571428571428,4.1000000000000005,6.342857142857143,6.985714285714286,0.0999999999999999,3.0,87.22857142857143,2.728428571428572,100.0,11.904285714285717,0.0,31.785714285714285,222.58571428571423,999.5285714285714,71.7,10.62857142857143,36.47432333574454
9.828571428571427,4.285714285714286,7.471428571428572,7.771428571428571,1.342857142857143,4.728571428571429,88.78571428571429,1.2714285714285716,71.42857142857143,5.355714285714286,0.0,28.7,198.2,1016.6714285714286,79.65714285714286,13.957142857142856,-46.54358844462468
7.3428571428571425,2.3857142857142857,4.957142857142857,4.628571428571428,-1.5428571428571427,1.457142857142857,89.37142857142858,3.6697142857142855,100.0,11.311428571428571,0.0,29.6,195.55714285714285,997.2857142857144,57.24285714285714,11.471428571428572,7.388754872632489
15.171428571428573,8.757142857142856,12.014285714285714,15.171428571428573,7.542857142857143,11.7,88.51428571428572,1.575,71.42857142857143,7.142857142857143,0.0,19.75714285714286,152.52857142857144,1011.1714285714286,72.47142857142858,7.742857142857143,24.043500402274503
9.971428571428572,4.114285714285715,7.257142857142857,8.614285714285714,0.6714285714285714,4.385714285714285,82.28571428571429,0.2854285714285714,71.42857142857143,2.9785714285714286,0.0,30.414285714285715,213.45714285714288,1024.2714285714285,73.94285714285715,8.857142857142858,-4.967296005537492
10.142857142857142,4.514285714285714,7.614285714285714,9.085714285714284,1.6285714285714283,5.485714285714286,86.5,3.556142857142857,100.0,5.3585714285714285,0.0,34.22857142857143,227.8571428571429,1011.8571428571428,68.12857142857142,17.02857142857143,-24.247394780357126
7.628571428571428,2.857142857142857,5.014285714285714,5.7,-1.157142857142857,1.9142857142857144,90.95714285714288,0.6107142857142857,100.0,6.547142857142857,0.0,31.12857142857143,201.95714285714288,1010.0571428571428,69.6,10.857142857142858,-48.93098990291492
25.442857142857143,13.485714285714286,19.285714285714285,25.32857142857143,13.485714285714286,19.25714285714286,68.47142857142856,0.0121428571428571,14.285714285714286,1.19,0.0,20.52857142857143,173.91428571428574,1017.0571428571428,36.67142857142857,13.87142857142857,-30.25506582265075
17.057142857142857,9.928571428571429,13.271428571428572,17.057142857142857,9.357142857142858,13.185714285714283,82.58571428571429,2.6274285714285712,57.142857142857146,2.9771428571428573,0.0,33.128571428571426,203.95714285714288,1002.7,65.0,21.457142857142856,3.08020156929274
9.414285714285716,3.8142857142857145,6.914285714285714,7.185714285714285,0.6714285714285716,4.242857142857143,87.68571428571428,0.6964285714285714,85.71428571428571,5.357142857142857,103.0,30.714285714285715,239.42857142857144,1023.0285714285714,61.08571428571429,13.685714285714283,-168.56238324283527
8.985714285714286,3.642857142857143,6.385714285714286,7.471428571428571,0.0999999999999999,3.857142857142857,87.07142857142857,0.2042857142857142,71.42857142857143,2.9785714285714286,0.0,27.928571428571427,217.08571428571423,1007.342857142857,65.12857142857142,11.942857142857145,-33.39760108464611
12.714285714285714,7.985714285714286,10.328571428571427,12.714285714285714,6.1571428571428575,9.685714285714289,88.2,1.3334285714285714,100.0,11.308571428571428,0.0,26.9,194.65714285714284,1013.2285714285716,68.91428571428571,10.685714285714289,-15.847732729808058
12.542857142857144,8.014285714285714,10.528571428571428,12.542857142857144,5.414285714285714,9.514285714285714,94.78571428571428,1.5398571428571428,85.71428571428571,4.762857142857143,0.0,29.11428571428572,236.95714285714288,1013.1,78.74285714285715,10.828571428571427,-29.400665949706536
20.442857142857143,13.814285714285717,16.785714285714285,20.442857142857143,13.814285714285717,16.785714285714285,74.67142857142858,1.1274285714285714,85.71428571428571,4.762857142857143,0.0,25.1,207.32857142857145,1017.1,65.02857142857142,12.12857142857143,-76.33048637253432
7.214285714285714,1.2285714285714284,4.1,5.057142857142857,-1.1857142857142855,1.4714285714285715,88.27142857142857,1.247142857142857,100.0,6.547142857142857,0.0,27.37142857142857,185.0142857142857,1000.5571428571428,64.27142857142857,13.814285714285717,-22.33178059967622
9.042857142857144,3.5142857142857147,6.385714285714286,7.442857142857143,0.0142857142857142,3.5285714285714285,87.60000000000001,0.0655714285714285,28.571428571428573,1.7857142857142858,0.0,26.285714285714285,194.5,1025.3285714285714,71.95714285714286,10.714285714285714,-20.39462814613671
24.62857142857143,13.5,18.585714285714285,24.557142857142857,13.5,18.585714285714285,69.7,0.0161428571428571,14.285714285714286,0.5957142857142858,0.0,18.65714285714285,112.27142857142856,1024.5571428571427,31.65714285714285,9.914285714285716,10.515868750191885
11.2,6.571428571428571,9.271428571428572,11.185714285714283,3.6,8.128571428571428,96.77142857142856,28.920428571428573,100.0,39.88285714285714,0.0,29.7,206.9,1007.1714285714286,84.18571428571428,9.142857142857142,-41.5407471221024
15.114285714285714,5.771428571428571,10.242857142857144,15.114285714285714,3.2857142857142856,8.971428571428572,76.44285714285715,0.1515714285714285,57.142857142857146,2.9771428571428573,0.0,25.885714285714283,188.54285714285717,1021.4,48.885714285714286,9.44285714285714,-11.69503251984338
18.214285714285715,12.385714285714286,15.028571428571428,18.214285714285715,12.385714285714286,15.028571428571428,88.8,8.898,100.0,20.83285714285714,0.0,22.74285714285714,237.72857142857143,1012.8,62.285714285714285,10.342857142857143,-5.393482229992173
20.085714285714285,10.828571428571427,15.5,20.085714285714285,10.671428571428573,15.5,74.52857142857144,0.0,0.0,0.0,0.0,17.257142857142856,248.9857142857143,1024.142857142857,60.51428571428571,14.271428571428572,4.28560612128399
