tempmax,tempmin,temp,feelslikemax,feelslikemin,feelslike,humidity,precip,precipprob,precipcover,snowdepth,windspeed,winddir,sealevelpressure,cloudcover,visibility,excess_deaths
5.642857142857143,-1.1571428571428573,2.1,2.742857142857143,-5.928571428571429,-1.6,79.8,0.584,42.85714285714285,5.952857142857143,0.0,27.25714285714286,249.58571428571423,1019.4571428571428,87.68571428571428,12.857142857142858,-15.050885674010033
28.585714285714285,15.171428571428573,22.442857142857143,28.142857142857142,15.171428571428573,22.385714285714283,53.0,0.0104285714285714,14.285714285714286,0.5957142857142858,0.0,19.285714285714285,162.8714285714286,1016.6857142857144,32.1,15.94285714285714,-10.919720218453904
1.4714285714285715,-1.9285714285714288,-0.1428571428571428,-1.1428571428571428,-5.514285714285714,-3.2,86.0,1.2100000000000002,57.142857142857146,25.594285714285714,2.857142857142857,17.042857142857144,142.21428571428572,1025.4,94.45714285714288,9.757142857142856,100.92414247818716
5.257142857142858,0.0571428571428571,2.3857142857142857,1.4714285714285715,-4.6571428571428575,-1.9,80.0,2.773142857142857,71.42857142857143,17.262857142857143,4.75,26.4,221.6,1015.4285714285714,79.98571428571428,12.7,6.533941575646168
-5.185714285714285,-13.457142857142856,-9.428571428571429,-11.05714285714286,-20.4,-15.5,70.24285714285715,0.0925714285714285,28.571428571428573,1.7857142857142858,8.785714285714286,23.15714285714285,285.87142857142857,1021.9,55.32857142857143,13.857142857142858,-35.48928884748898
0.8571428571428571,-1.985714285714285,-0.3999999999999999,-2.0142857142857142,-6.628571428571428,-4.242857142857143,85.71428571428571,1.0284285714285717,71.42857142857143,17.259999999999998,1.6800000000000002,18.385714285714283,191.27142857142857,1019.657142857143,97.38571428571429,8.614285714285714,5.888167058806857
15.971428571428572,5.885714285714286,10.9,15.785714285714286,3.7142857142857135,9.87142857142857,65.42857142857143,4.453,71.42857142857143,20.23857142857143,0.1,24.457142857142856,212.4,1011.3,60.02857142857143,14.814285714285717,39.237863867420174
-4.214285714285714,-11.471428571428572,-7.242857142857143,-10.671428571428573,-19.957142857142856,-14.4,68.27142857142857,0.3954285714285714,57.142857142857146,3.5728571428571425,6.4,29.1,153.47142857142856,1017.6,69.38571428571429,16.685714285714287,-10.177852380709057
30.52857142857143,18.985714285714288,25.02857142857143,31.442857142857143,18.985714285714288,25.342857142857145,64.18571428571428,1.2487142857142857,57.142857142857146,4.762857142857143,0.0,16.757142857142856,138.35714285714286,1017.0428571428572,27.32857142857143,14.285714285714286,118.6051017024272
27.0,18.957142857142856,22.957142857142856,27.5,18.957142857142856,23.071428571428573,76.52857142857142,7.300857142857143,85.71428571428571,17.85857142857143,0.0,20.928571428571427,176.08571428571426,1009.8857142857142,66.02857142857142,10.857142857142858,-65.5233343414643
24.15714285714285,11.114285714285714,17.82857142857143,23.685714285714287,10.814285714285711,17.62857142857143,59.52857142857143,0.0651428571428571,28.571428571428573,5.357142857142857,0.0,18.785714285714285,173.15714285714284,1021.6142857142858,43.6,15.214285714285714,47.53398957035074
17.1,6.257142857142857,11.528571428571428,17.1,4.1,10.7,65.82857142857144,0.8738571428571429,42.85714285714285,11.905714285714286,0.0,26.97142857142857,202.0142857142857,1012.3142857142856,61.21428571428572,18.428571428571427,-33.64134642066324
17.04285714285714,4.928571428571429,10.714285714285714,17.04285714285714,3.557142857142857,10.171428571428573,71.1,1.2364285714285717,71.42857142857143,19.047142857142852,0.0,17.02857142857143,144.21428571428572,1020.2428571428572,45.4,13.042857142857144,38.161912711544346
1.1,-6.442857142857143,-2.3285714285714287,-1.8571428571428568,-10.585714285714284,-6.114285714285715,68.98571428571428,0.1102857142857142,14.285714285714286,2.381428571428572,2.8857142857142857,23.228571428571428,315.1428571428572,1016.1142857142858,61.285714285714285,15.2,129.65439553307806
21.9,10.171428571428573,15.62857142857143,21.9,9.6,15.542857142857144,72.97142857142858,0.1454285714285714,14.285714285714286,0.5957142857142858,0.0,19.9,169.79999999999998,1021.7285714285716,55.15714285714286,17.842857142857145,-8.229433031261806
6.571428571428571,-5.828571428571429,0.7000000000000001,4.3,-10.614285714285714,-3.342857142857143,57.02857142857143,0.0475714285714285,14.285714285714286,1.7857142857142858,7.766666666666667,29.014285714285712,159.74285714285716,1021.2428571428572,56.15714285714286,19.6,-4.546931434562112
13.471428571428572,5.8,9.285714285714286,12.742857142857144,3.8428571428571434,7.828571428571428,82.25714285714285,6.710285714285713,57.142857142857146,29.76,0.0,21.571428571428573,202.8428571428572,1020.9,75.88571428571429,12.214285714285714,81.85640802242165
15.62857142857143,4.428571428571429,9.814285714285717,15.014285714285714,1.2857142857142858,7.857142857142857,64.5,3.814285714285714,57.142857142857146,24.404285714285717,0.0,26.11428571428572,213.57142857142856,1010.3571428571428,62.15714285714286,14.771428571428572,-63.672135724829786
27.52857142857143,15.642857142857142,21.87142857142857,28.17142857142857,15.3,21.957142857142856,64.12857142857142,1.741,42.85714285714285,10.118571428571428,0.0,23.4,237.58571428571423,1013.9857142857144,53.18571428571429,21.914285714285715,2.146250647490888
1.9571428571428573,-1.542857142857143,0.0857142857142857,-1.0571428571428572,-6.285714285714286,-3.7714285714285714,82.74285714285715,0.45,28.571428571428573,6.547142857142857,0.0,20.314285714285717,248.1142857142857,1022.2857142857144,79.02857142857144,11.1,-14.782812419762196
6.814285714285715,-5.528571428571429,0.3000000000000001,4.1,-8.971428571428572,-2.542857142857143,64.64285714285714,0.0095714285714285,14.285714285714286,0.5957142857142858,7.725,19.942857142857143,229.87142857142857,1024.1142857142856,46.32857142857143,16.514285714285712,-8.902531308542848
10.1,3.4714285714285715,6.471428571428571,8.814285714285713,-0.2714285714285714,3.928571428571429,72.92857142857143,2.799428571428572,71.42857142857143,16.667142857142856,0.0,22.17142857142857,242.94285714285712,1012.5428571428572,87.60000000000001,17.24285714285714,10.364021505300798
21.857142857142858,11.05714285714286,16.557142857142857,21.842857142857145,10.571428571428571,16.485714285714284,65.88571428571429,1.7567142857142857,57.142857142857146,11.31,0.0,21.342857142857145,221.22857142857143,1012.6,48.7,17.428571428571427,11.403854655091664
20.75714285714286,8.5,14.971428571428572,20.82857142857143,8.114285714285716,14.842857142857143,62.2,1.265857142857143,28.571428571428573,5.357142857142857,0.0,21.27142857142857,171.65714285714284,1018.8,36.21428571428572,15.157142857142858,18.28823728051475
25.4,15.37142857142857,20.32857142857143,26.342857142857145,15.37142857142857,20.6,71.45714285714286,4.732,57.142857142857146,27.38142857142857,0.0,22.942857142857143,165.05714285714288,1016.9,45.98571428571428,13.214285714285714,-22.293793165215448
13.342857142857143,4.957142857142857,8.757142857142856,13.342857142857143,3.0,7.514285714285714,70.92857142857143,0.7107142857142857,57.142857142857146,12.5,0.0,24.17142857142857,246.57142857142856,1009.7428571428572,61.285714285714285,15.614285714285716,-67.61200926143965
24.77142857142857,13.014285714285714,19.285714285714285,24.8,13.014285714285714,19.3,61.81428571428571,0.9697142857142858,42.85714285714285,8.332857142857142,0.0,20.61428571428572,239.65714285714284,1015.2571428571428,35.31428571428572,15.428571428571429,15.422453786070491
4.271428571428571,-1.7857142857142858,1.2142857142857142,1.1571428571428573,-6.314285714285715,-2.8857142857142857,76.52857142857144,3.121,57.142857142857146,29.16714285714286,3.0,24.1,249.37142857142857,1013.8571428571428,73.18571428571428,13.585714285714287,48.7992659290494
27.9,16.87142857142857,22.24285714285714,28.12857142857143,16.87142857142857,22.314285714285717,68.39999999999999,0.1215714285714285,42.85714285714285,5.952857142857143,0.0,14.528571428571428,199.9142857142857,1018.8714285714286,31.1,13.157142857142857,4.149385411040839
17.54285714285714,6.014285714285714,11.828571428571427,17.54285714285714,3.742857142857143,10.742857142857144,64.25714285714285,0.6617142857142857,57.142857142857146,11.308571428571428,0.0,26.385714285714283,217.41428571428568,1010.5571428571428,76.10000000000001,14.928571428571429,-68.7387870679404
23.928571428571427,13.785714285714286,18.942857142857143,23.928571428571427,13.785714285714286,18.942857142857143,66.88571428571429,1.4594285714285713,14.285714285714286,4.761428571428572,0.0,21.328571428571426,214.08571428571423,1011.8714285714286,43.15714285714286,20.47142857142857,-51.72516338200239
1.5142857142857142,-5.528571428571429,-1.957142857142857,-3.642857142857143,-12.12857142857143,-7.728571428571429,70.11428571428571,1.5175714285714286,57.142857142857146,9.524285714285714,0.925,29.7,239.4142857142857,1018.6,63.02857142857143,20.02857142857143,1.2292771549493864
21.0,6.671428571428572,14.285714285714286,21.0,5.242857142857143,13.828571428571427,61.0,1.7544285714285714,28.571428571428573,5.357142857142857,0.0,23.1,160.24285714285716,1012.9428571428572,32.97142857142857,23.17142857142857,-6.092170756602172
0.1,-5.9,-2.9857142857142853,-4.228571428571429,-12.142857142857142,-8.542857142857143,70.58571428571429,0.3465714285714285,57.142857142857146,11.905714285714286,0.1714285714285714,26.285714285714285,181.2142857142857,1013.157142857143,78.41428571428571,13.042857142857144,28.981527076248994
-1.8428571428571427,-7.5,-4.228571428571429,-6.557142857142857,-12.857142857142858,-9.2,76.5,0.1781428571428571,71.42857142857143,14.285714285714286,1.7285714285714284,23.9,241.05714285714288,1015.7571428571428,86.41428571428571,12.44285714285714,36.70392286605375
9.314285714285717,-2.042857142857143,3.6,8.028571428571428,-4.9,1.3,58.92857142857143,0.6384285714285715,14.285714285714286,7.142857142857143,6.4,18.52857142857143,171.27142857142857,1022.2285714285714,29.514285714285712,15.271428571428572,29.648007798675508
31.642857142857142,21.728571428571428,26.65714285714285,35.08571428571429,21.728571428571428,28.4,73.60000000000001,3.3901428571428567,71.42857142857143,16.071428571428573,0.0,23.2,252.65714285714284,1012.9714285714286,31.742857142857144,13.757142857142856,-39.13481979722724
20.914285714285715,8.4,14.7,20.9,6.642857142857143,14.099999999999998,68.21428571428571,0.5745714285714286,42.85714285714285,4.167142857142857,0.0,24.857142857142858,112.08571428571427,1017.9571428571428,50.385714285714286,15.657142857142858,-32.720559913262605
27.857142857142858,18.5,22.885714285714283,28.97142857142857,18.5,23.11428571428572,71.91428571428571,4.6532857142857145,85.71428571428571,21.428571428571427,0.0,23.3,208.14285714285717,1014.4142857142856,53.51428571428572,15.042857142857144,-18.31529230024012
29.75714285714286,20.0,24.74285714285714,31.25714285714286,20.0,25.2,68.84285714285714,3.2262857142857144,71.42857142857143,12.5,0.0,15.4,224.97142857142856,1014.5428571428572,39.971428571428575,14.9,3.1230549442707343
-3.2,-13.257142857142856,-7.542857142857143,-7.399999999999999,-19.185714285714287,-13.214285714285714,74.17142857142858,0.3501428571428571,28.571428571428573,5.357142857142857,3.185714285714286,21.714285714285715,237.2428571428572,1022.5142857142856,66.01428571428572,13.285714285714286,-8.99143441582828
11.157142857142857,0.4571428571428572,6.042857142857143,10.285714285714286,-0.942857142857143,4.757142857142857,69.24285714285715,1.2924285714285717,42.85714285714285,14.285714285714286,0.0,19.185714285714287,216.05714285714288,1020.2571428571428,62.25714285714286,12.842857142857143,-3.9838419026593774
22.557142857142857,14.285714285714286,18.17142857142857,24.15714285714285,13.528571428571428,18.428571428571427,75.15714285714286,6.019285714285715,28.571428571428573,11.904285714285717,0.0,21.042857142857144,102.58571428571427,1021.7857142857144,57.971428571428575,18.014285714285712,13.58303132648416
22.985714285714288,14.12857142857143,18.714285714285715,22.857142857142858,13.44285714285714,18.557142857142857,63.25714285714286,1.362142857142857,57.142857142857146,14.285714285714286,0.0,22.314285714285717,191.12857142857143,1012.2285714285716,57.71428571428572,15.085714285714284,1.0024042676109275
-1.1571428571428568,-8.114285714285714,-4.642857142857143,-5.114285714285714,-14.728571428571428,-10.271428571428572,74.78571428571429,0.3757142857142857,42.85714285714285,6.547142857142857,5.04,26.914285714285715,169.44285714285712,1020.7285714285716,74.94285714285715,13.357142857142858,52.39393060209181
10.528571428571428,2.0,6.571428571428571,9.085714285714284,-0.7571428571428572,4.442857142857143,69.61428571428571,1.0485714285714285,28.571428571428573,11.904285714285717,4.8,20.87142857142857,187.87142857142857,1018.657142857143,82.74285714285715,19.5,38.73504231109928
18.485714285714288,10.014285714285714,14.0,18.257142857142856,8.828571428571427,13.4,81.28571428571429,1.2844285714285717,57.142857142857146,11.31,1.0,27.11428571428572,182.68571428571428,1014.8571428571428,88.89999999999999,10.471428571428572,-28.20132637518259
20.985714285714288,9.814285714285717,15.37142857142857,21.0,9.0,15.171428571428573,72.82857142857144,2.7797142857142854,42.85714285714285,7.738571428571428,0.0,26.1,224.12857142857143,1013.5,41.3,15.714285714285714,-59.54579629067234
20.928571428571427,9.44285714285714,15.085714285714284,20.928571428571427,9.257142857142856,15.05714285714286,76.11428571428571,0.7961428571428572,57.142857142857146,11.904285714285717,0.0,15.914285714285716,167.97142857142856,1019.8,49.32857142857143,14.214285714285714,65.55764097629344
4.757142857142857,-0.057142857142857,2.314285714285714,1.9428571428571428,-3.942857142857143,-1.3285714285714287,85.62857142857142,4.789428571428571,57.142857142857146,19.048571428571428,0.0,23.642857142857142,155.68571428571428,1014.4714285714286,88.18571428571428,13.285714285714286,56.99879050645063
-9.971428571428572,-18.0,-13.342857142857143,-15.357142857142858,-24.15714285714285,-19.585714285714285,72.7,0.155,42.85714285714285,5.357142857142857,9.314285714285717,21.814285714285717,260.37142857142857,1027.9571428571428,53.785714285714285,14.414285714285713,-17.01321975068595
26.457142857142856,16.814285714285713,21.8,26.942857142857143,16.814285714285713,22.0,66.62857142857142,1.745428571428571,42.85714285714285,7.738571428571428,0.0,24.757142857142856,209.9142857142857,1010.8142857142856,72.15714285714286,17.257142857142856,12.137201600669869
12.828571428571427,5.328571428571428,9.071428571428571,12.285714285714286,2.8714285714285714,7.642857142857143,82.55714285714285,2.532857142857143,57.142857142857146,19.047142857142852,0.0,21.928571428571427,199.65714285714284,1013.0571428571428,67.58571428571429,12.257142857142856,34.78762861064092
-1.4,-8.571428571428571,-4.842857142857143,-5.7,-13.342857142857143,-9.8,76.25714285714285,0.3115714285714285,42.85714285714285,7.738571428571428,3.85,25.5,207.97142857142856,1022.342857142857,64.41428571428571,12.94285714285714,-10.024876706708255
8.614285714285716,-1.9142857142857144,2.857142857142857,6.557142857142857,-6.471428571428571,-0.5142857142857142,64.21428571428571,0.3741428571428571,42.85714285714285,6.548571428571429,0.0,24.071428571428573,105.88571428571429,1017.9428571428572,57.1,17.32857142857143,-33.36701943495859
10.94285714285714,2.942857142857143,7.014285714285714,9.914285714285716,0.0285714285714284,5.0,71.44285714285715,1.8932857142857145,42.85714285714285,13.69,0.0,23.7,202.9857142857143,1016.4571428571428,67.72857142857143,17.02857142857143,17.00818607886822
1.0,-6.342857142857143,-2.7857142857142856,-4.414285714285715,-13.028571428571428,-8.714285714285714,61.385714285714286,0.0964285714285714,42.85714285714285,3.572857142857143,1.1333333333333333,28.87142857142857,250.52857142857144,1024.0285714285717,69.64285714285714,22.52857142857143,32.5651570659827
10.914285714285716,4.857142857142857,7.671428571428572,9.785714285714286,2.814285714285714,5.785714285714286,84.01428571428572,2.429,71.42857142857143,25.595714285714287,0.0,23.228571428571428,217.67142857142855,1018.0571428571428,75.98571428571428,13.5,-13.608157120364467
12.285714285714286,0.2428571428571427,6.371428571428571,11.042857142857144,-2.1142857142857143,4.314285714285714,53.05714285714286,2.023428571428572,28.571428571428573,17.857142857142858,0.0,19.385714285714283,75.70000000000002,1022.1142857142858,39.04285714285714,15.342857142857143,3.501837927657789
26.228571428571428,15.842857142857143,21.428571428571427,26.4,15.842857142857143,21.457142857142856,70.9,2.414714285714286,42.85714285714285,8.928571428571429,0.0,17.157142857142855,133.97142857142856,1018.0571428571428,57.55714285714286,13.714285714285714,-4.861968496761392
-0.0714285714285714,-6.857142857142857,-3.457142857142857,-3.185714285714286,-10.5,-7.028571428571429,70.54285714285714,0.0,0.0,0.0,0.5428571428571428,23.285714285714285,217.3,1019.3857142857142,62.957142857142856,13.9,13.517508635108696
29.314285714285717,21.15714285714285,24.885714285714283,30.74285714285714,21.15714285714285,25.385714285714283,75.12857142857142,6.004,85.71428571428571,15.477142857142857,0.0,19.3,235.22857142857143,1015.3,49.92857142857143,12.857142857142858,5.47260630414894
22.75714285714286,10.12857142857143,16.542857142857144,22.957142857142856,10.042857142857144,16.52857142857143,57.02857142857143,1.5811428571428574,42.85714285714285,8.332857142857142,0.0,18.12857142857143,135.18571428571428,1013.0714285714286,58.01428571428572,15.042857142857144,27.76584269093405
27.61428571428572,16.7,22.02857142857143,28.67142857142857,16.7,22.24285714285714,73.77142857142857,1.0857142857142856,14.285714285714286,0.5957142857142858,0.0,20.585714285714285,196.0,1017.842857142857,51.71428571428572,16.071428571428573,-56.31749755555484
24.87142857142857,18.014285714285716,21.32857142857143,25.928571428571427,18.014285714285716,21.542857142857144,77.48571428571428,3.166,85.71428571428571,22.02428571428572,0.0,24.1,245.67142857142855,1008.8857142857142,63.12857142857143,14.05714285714286,-7.412363234899885
32.17142857142857,18.15714285714286,25.542857142857144,32.94285714285714,18.15714285714286,25.928571428571427,57.75714285714286,0.1631428571428571,14.285714285714286,0.5957142857142858,0.0,16.785714285714285,145.47142857142856,1017.9,23.24285714285714,14.014285714285714,123.46219116859584
10.214285714285714,1.3571428571428572,5.671428571428572,9.542857142857144,-3.157142857142857,2.571428571428572,69.61428571428571,2.900714285714286,85.71428571428571,22.025714285714287,0.0857142857142857,31.557142857142857,201.2,1005.8571428571428,66.47142857142858,14.471428571428572,61.52922611475742
2.942857142857143,-6.1000000000000005,-1.4428571428571428,-0.8571428571428571,-11.157142857142857,-6.057142857142857,74.3,0.0711428571428571,42.85714285714285,3.571428571428572,8.714285714285714,22.585714285714285,194.3,1023.5,61.3,15.671428571428573,23.978087222577187
23.25714285714286,13.957142857142856,18.47142857142857,23.357142857142858,13.414285714285716,18.428571428571427,67.74285714285715,1.276857142857143,42.85714285714285,9.522857142857143,0.0,26.314285714285717,160.41428571428574,1009.9,70.8,15.828571428571433,-43.470315176765325
26.25714285714286,16.342857142857145,21.385714285714283,26.428571428571427,16.342857142857145,21.428571428571427,76.91428571428571,3.773142857142857,42.85714285714285,11.904285714285717,0.0,19.25714285714286,212.9,1015.0285714285714,59.54285714285714,16.928571428571427,-20.0431579909241
18.17142857142857,6.842857142857143,12.342857142857143,18.17142857142857,5.414285714285714,12.028571428571428,71.82857142857144,1.5757142857142858,28.571428571428573,5.357142857142857,0.0,25.042857142857144,145.92857142857142,1019.3142857142856,41.65714285714286,22.8,12.335824344677349
3.771428571428572,-2.357142857142857,0.5857142857142856,1.4,-6.785714285714286,-3.314285714285714,71.87142857142858,0.527,57.142857142857146,9.524285714285714,2.0,21.414285714285715,265.8285714285714,1017.7,70.31428571428572,17.17142857142857,-63.918896678690544
14.2,5.414285714285714,9.785714285714286,14.2,3.2142857142857144,8.5,70.17142857142856,0.2071428571428571,28.571428571428573,4.761428571428572,3.142857142857143,24.057142857142853,215.2428571428571,1016.9714285714286,61.0,15.657142857142857,41.60499885670151
25.714285714285715,15.228571428571428,20.142857142857142,26.24285714285714,15.228571428571428,20.2,78.02857142857144,1.759285714285714,42.85714285714285,5.357142857142857,0.0,19.67142857142857,154.29999999999998,1017.4428571428572,61.2,14.357142857142858,-95.67112788408122
10.72857142857143,0.5857142857142857,5.328571428571428,10.342857142857143,-0.5571428571428572,4.385714285714285,68.64285714285714,1.211,28.571428571428573,6.548571428571429,0.0,17.04285714285714,187.14285714285717,1025.3,52.84285714285714,13.928571428571429,-29.980767602075275
24.9,14.0,19.042857142857144,25.057142857142857,13.7,18.928571428571427,74.10000000000001,7.141285714285714,100.0,38.09571428571429,0.0,24.385714285714283,159.15714285714284,1017.8,52.15714285714286,12.642857142857142,-19.90532489744578
23.985714285714288,11.171428571428573,17.485714285714284,23.928571428571427,10.857142857142858,17.47142857142857,62.62857142857143,1.217857142857143,57.142857142857146,13.094285714285714,0.0,19.585714285714285,180.1,1019.1428571428572,49.05714285714286,14.257142857142856,35.223524944801056
16.342857142857145,4.057142857142857,10.514285714285714,15.785714285714286,0.8857142857142855,8.9,55.48571428571428,1.9317142857142853,42.85714285714285,6.548571428571429,0.0,36.871428571428574,235.9142857142857,1015.1142857142858,53.31428571428571,21.142857142857142,-6.54185012855919
19.514285714285712,6.571428571428571,13.3,19.514285714285712,6.571428571428571,13.157142857142858,68.41428571428571,1.233,71.42857142857143,10.12,0.0,15.542857142857144,180.8428571428572,1024.0,47.92857142857143,15.014285714285714,8.808659726344104
17.414285714285715,4.714285714285714,11.157142857142857,16.985714285714288,3.628571428571429,10.44285714285714,62.72857142857144,2.0868571428571427,28.571428571428573,13.69,0.0,25.542857142857144,186.08571428571423,1017.0428571428572,41.42857142857143,14.642857142857142,32.43189607304976
24.285714285714285,11.44285714285714,17.32857142857143,24.285714285714285,11.44285714285714,17.32857142857143,70.48571428571428,0.0454285714285714,57.142857142857146,4.167142857142857,0.0,12.728571428571428,127.27142857142856,1026.5,25.914285714285715,13.357142857142858,13.510536078879795
3.3285714285714287,-5.1571428571428575,-1.0714285714285714,0.8142857142857144,-9.914285714285716,-4.857142857142857,70.58571428571429,0.6738571428571429,57.142857142857146,10.714285714285714,4.971428571428571,25.942857142857143,165.91428571428574,1013.7428571428572,72.45714285714286,13.514285714285714,7.153064212889603
7.899999999999999,1.4285714285714286,4.342857142857143,5.171428571428572,-3.7142857142857135,0.0999999999999999,77.37142857142858,8.205714285714285,100.0,27.38,1.0,37.15714285714286,167.08571428571426,1005.1714285714286,90.38571428571429,16.728571428571428,-2.7305735312043
26.02857142857143,14.857142857142858,20.24285714285714,26.057142857142857,14.857142857142858,20.25714285714286,72.34285714285714,1.4808571428571429,28.571428571428573,7.737142857142857,0.0,12.157142857142857,154.17142857142858,1018.6285714285714,40.05714285714286,13.428571428571429,-33.71355435349665
20.62857142857143,9.771428571428572,15.585714285714287,20.62857142857143,9.342857142857143,15.514285714285714,78.02857142857144,0.1218571428571428,14.285714285714286,0.5957142857142858,0.0,24.514285714285712,198.12857142857143,1014.6,53.9,17.95714285714286,32.09033834955699
-0.6285714285714284,-9.471428571428572,-4.885714285714286,-4.885714285714286,-15.142857142857142,-10.085714285714284,74.85714285714286,2.2014285714285715,42.85714285714285,16.071428571428573,10.142857142857142,24.014285714285712,135.27142857142857,1021.4571428571428,53.04285714285714,14.285714285714286,141.6977512667927
-0.8428571428571429,-10.085714285714284,-5.557142857142857,-5.585714285714286,-16.214285714285715,-11.014285714285714,65.14285714285714,0.3391428571428571,28.571428571428573,6.547142857142857,2.08,22.914285714285715,85.18571428571428,1025.7285714285715,49.25714285714286,18.585714285714285,-59.82869673020855
27.714285714285715,18.714285714285715,22.928571428571427,29.15714285714285,18.714285714285715,23.32857142857143,78.10000000000001,4.097428571428572,42.85714285714285,14.881428571428572,0.0,19.75714285714286,102.32857142857142,1014.9285714285714,68.81428571428572,13.742857142857144,6.650951657067935
16.87142857142857,8.842857142857143,12.885714285714286,16.87142857142857,8.014285714285714,12.671428571428573,73.22857142857143,6.740571428571428,71.42857142857143,17.262857142857143,0.0,19.17142857142857,269.3285714285714,1015.3857142857142,66.3,17.757142857142856,-31.667454416555078
15.842857142857143,8.571428571428571,12.314285714285717,15.37142857142857,6.271428571428571,11.242857142857144,70.11428571428571,8.495714285714286,100.0,26.785714285714285,0.0,29.61428571428572,221.9857142857143,1015.3571428571428,78.02857142857144,18.65714285714285,9.189923143502028
26.9,17.02857142857143,21.857142857142858,27.7,17.02857142857143,22.1,75.61428571428571,0.4537142857142857,71.42857142857143,8.332857142857144,0.0,18.2,256.7857142857143,1015.2,48.285714285714285,13.94285714285714,6.866214507758059
28.585714285714285,15.828571428571433,22.5,29.12857142857143,15.828571428571433,22.67142857142857,63.74285714285714,0.4994285714285714,14.285714285714286,3.571428571428572,0.0,18.085714285714285,236.3428571428572,1012.9,49.12857142857143,15.485714285714286,62.409659954608514
11.7,1.3714285714285714,6.228571428571429,11.37142857142857,-1.2,4.742857142857143,66.18571428571428,0.1657142857142857,28.571428571428573,3.571428571428572,0.0,17.242857142857144,71.7,1015.3142857142856,44.07142857142857,14.87142857142857,-42.56538294897541
-5.285714285714286,-12.228571428571428,-8.285714285714286,-12.1,-20.057142857142857,-15.757142857142856,74.14285714285714,1.3548571428571428,57.142857142857146,17.26142857142857,4.6000000000000005,30.67142857142857,221.2,1017.2428571428572,74.51428571428572,15.285714285714286,-107.65736418505162
9.9,-1.1,4.071428571428571,8.514285714285714,-4.6,1.7571428571428571,65.98571428571428,1.3278571428571428,42.85714285714285,12.5,0.1999999999999999,24.928571428571427,230.1,1014.6714285714286,54.871428571428574,14.157142857142857,44.1336147519753
21.1,8.685714285714285,14.957142857142856,21.1,8.27142857142857,14.842857142857143,60.1,0.7368571428571429,71.42857142857143,7.142857142857143,0.0,19.228571428571428,249.04285714285717,1014.8571428571428,44.58571428571429,15.55714285714286,-19.64364668413259
13.242857142857144,3.0142857142857147,7.585714285714286,12.742857142857144,-0.0999999999999999,5.4,65.24285714285715,1.5365714285714287,71.42857142857143,13.097142857142858,0.0,25.24285714285714,123.72857142857144,1010.5285714285714,71.17142857142858,22.714285714285715,-1.6505733342814892
-0.157142857142857,-7.414285714285714,-3.3857142857142857,-4.271428571428571,-12.37142857142857,-7.871428571428571,59.98571428571428,0.3495714285714286,42.85714285714285,12.5,0.1285714285714285,22.542857142857144,223.52857142857144,1018.1428571428572,63.142857142857146,14.94285714285714,3.8516483296800734
20.057142857142857,7.428571428571429,14.1,20.057142857142857,7.057142857142857,14.028571428571428,60.92857142857143,0.3928571428571428,28.571428571428573,6.547142857142857,0.0,18.914285714285715,166.57142857142858,1015.157142857143,45.01428571428572,15.828571428571427,13.209250734724035
6.857142857142857,-0.6285714285714284,3.228571428571428,3.828571428571428,-4.857142857142857,-0.357142857142857,72.75714285714285,3.1494285714285715,57.142857142857146,16.66857142857143,0.0,31.142857142857142,219.9142857142857,1018.7714285714284,87.02857142857144,18.442857142857143,101.7473738286742
23.285714285714285,11.357142857142858,17.514285714285712,23.285714285714285,11.357142857142858,17.514285714285712,59.457142857142856,3.8045714285714287,57.142857142857146,7.144285714285715,0.0,23.985714285714288,221.64285714285717,1012.3285714285714,38.385714285714286,15.542857142857144,-56.29055207174406
33.128571428571426,21.228571428571428,27.15714285714285,36.785714285714285,21.228571428571428,28.75714285714286,70.47142857142858,1.314,42.85714285714285,2.975714285714285,0.0,24.02857142857143,239.9857142857143,1019.4142857142856,37.75714285714286,10.55714285714286,1.0957219284557596
0.6857142857142858,-5.857142857142857,-2.485714285714286,-3.3285714285714283,-11.171428571428573,-7.6571428571428575,76.01428571428572,3.2118571428571427,71.42857142857143,18.452857142857145,2.65,24.857142857142858,234.57142857142856,1020.0857142857142,72.62857142857142,15.37142857142857,78.54602739852044
1.2857142857142858,-1.9428571428571428,-0.4142857142857142,0.0999999999999999,-6.271428571428571,-3.814285714285714,86.84285714285714,3.606714285714286,85.71428571428571,39.88142857142857,9.257142857142856,16.900000000000002,217.72857142857143,1012.5857142857144,99.6,8.657142857142857,-13.831643013474377
14.028571428571428,4.442857142857143,9.157142857142857,13.485714285714286,1.7,7.328571428571429,72.84285714285714,0.9865714285714288,57.142857142857146,18.452857142857145,0.0,25.75714285714286,236.14285714285717,1015.5571428571428,76.34285714285714,19.085714285714285,-0.8069777200746557
1.5,-6.4,-2.1142857142857143,-2.5285714285714285,-11.085714285714284,-6.557142857142857,75.07142857142857,0.1151428571428571,14.285714285714286,4.761428571428572,1.7285714285714284,24.02857142857143,258.6142857142857,1015.842857142857,57.371428571428574,18.82857142857143,57.88959004263916
12.05714285714286,1.385714285714286,6.885714285714286,11.542857142857144,-1.542857142857143,4.8,61.6,2.0365714285714285,28.571428571428573,10.714285714285714,0.0,26.928571428571427,111.2,1011.8571428571428,49.31428571428571,20.314285714285717,16.4892974625061
25.77142857142857,16.5,21.214285714285715,25.814285714285717,16.5,21.214285714285715,65.6,1.4684285714285714,28.571428571428573,7.142857142857143,0.0,19.9,226.05714285714288,1016.7714285714284,46.91428571428571,15.114285714285714,-25.20647238252536
15.357142857142858,8.8,11.44285714285714,15.357142857142858,7.185714285714285,10.7,82.15714285714286,4.292714285714285,100.0,53.57142857142857,0.0,21.057142857142857,208.2142857142857,1005.157142857143,91.38571428571429,13.285714285714286,-15.181413661269062
19.514285714285712,12.2,15.614285714285714,19.514285714285712,12.0,15.6,76.61428571428571,3.7897142857142856,71.42857142857143,16.072857142857142,0.0,25.52857142857143,197.04285714285717,1010.8571428571428,59.08571428571429,13.171428571428573,-12.45111896287267
26.8,15.742857142857144,21.428571428571427,26.542857142857144,15.742857142857144,21.442857142857143,67.48571428571428,1.1397142857142857,28.571428571428573,4.762857142857143,0.0,16.3,169.28571428571428,1019.3285714285714,57.04285714285714,18.5,37.15067699869087
12.842857142857143,3.771428571428572,7.957142857142857,12.44285714285714,1.5,6.1571428571428575,68.24285714285715,1.6947142857142858,28.571428571428573,8.928571428571429,0.0,24.77142857142857,253.7,1012.8285714285714,56.35714285714285,15.485714285714286,-20.26200008234673
-6.442857142857143,-12.1,-9.042857142857144,-10.6,-18.6,-14.642857142857142,77.11428571428571,0.336,57.142857142857146,9.522857142857143,18.285714285714285,20.457142857142856,218.87142857142857,1020.3857142857142,72.71428571428571,14.014285714285714,55.71071566681962
4.642857142857143,-2.571428571428572,1.1,1.6,-7.471428571428571,-3.157142857142857,70.72857142857143,0.1247142857142857,42.85714285714285,2.9771428571428573,0.0,27.057142857142857,285.75714285714287,1018.9714285714286,70.21428571428571,18.2,17.013164507413876
3.314285714285714,-2.657142857142857,-0.0142857142857142,-0.4285714285714285,-6.742857142857143,-3.8142857142857145,75.17142857142858,0.1804285714285714,28.571428571428573,1.7857142857142858,3.0,23.585714285714285,236.8428571428572,1020.3714285714286,72.75714285714285,15.87142857142857,7.547849411770585
-10.071428571428571,-16.65714285714286,-13.37142857142857,-18.542857142857144,-27.314285714285717,-22.75714285714286,61.25714285714286,0.7277142857142856,42.85714285714285,10.714285714285714,13.314285714285717,32.42857142857143,240.32857142857145,1019.9857142857144,64.05714285714286,16.185714285714287,10.161186762619536
-4.785714285714286,-11.928571428571429,-8.314285714285715,-9.714285714285714,-18.728571428571428,-14.528571428571428,77.44285714285715,1.1288571428571428,57.142857142857146,17.26142857142857,9.8,25.4,242.0142857142857,1016.7857142857144,56.07142857142857,15.05714285714286,22.203180678944136
22.8,16.242857142857144,19.414285714285715,23.514285714285712,16.242857142857144,19.514285714285712,88.41428571428571,9.827857142857145,100.0,39.28714285714285,0.0,20.62857142857143,164.0,1014.7428571428572,91.61428571428571,10.085714285714284,-11.36220146385017
-2.9285714285714284,-9.0,-5.885714285714286,-8.042857142857143,-15.085714285714284,-11.614285714285714,77.89999999999999,0.0559999999999999,28.571428571428573,2.381428571428572,6.385714285714286,23.27142857142857,264.2714285714286,1018.7857142857144,58.5,14.571428571428571,64.15597754621581
15.971428571428572,5.557142857142857,10.485714285714286,15.971428571428572,4.185714285714286,9.928571428571429,66.24285714285715,0.1301428571428571,14.285714285714286,2.381428571428572,0.0,23.87142857142857,216.32857142857145,1014.0571428571428,26.65714285714285,15.814285714285717,-41.155361097851255
5.557142857142857,-2.4285714285714284,1.1428571428571428,2.414285714285714,-5.8,-2.1,66.37142857142858,0.0,0.0,0.0,0.0,20.342857142857145,129.92857142857142,1025.9428571428573,77.05714285714285,15.44285714285714,82.9863800149426
7.071428571428571,-0.2714285714285713,3.0857142857142854,4.971428571428571,-4.5285714285714285,0.0428571428571428,68.87142857142858,1.3821428571428571,28.571428571428573,16.665714285714284,0.2857142857142857,21.67142857142857,110.31428571428572,1021.3857142857142,62.385714285714286,14.328571428571427,29.4307595675607
15.771428571428572,6.042857142857143,10.657142857142857,15.771428571428572,3.857142857142857,9.62857142857143,63.457142857142856,0.3558571428571428,42.85714285714285,7.737142857142857,0.0,23.714285714285715,194.28571428571428,1014.7142857142856,78.58571428571429,18.17142857142857,18.88184781008863
14.2,6.028571428571428,9.614285714285714,14.2,3.557142857142857,7.985714285714286,68.75714285714285,2.505428571428571,71.42857142857143,17.857142857142858,0.0,26.842857142857135,179.68571428571428,1010.7571428571428,75.78571428571429,14.671428571428573,13.449276270775954
27.5,17.97142857142857,22.785714285714285,28.142857142857142,17.97142857142857,22.942857142857143,66.62857142857142,3.1747142857142854,57.142857142857146,12.498571428571427,0.0,19.814285714285717,238.58571428571423,1017.0285714285714,48.51428571428572,18.214285714285715,-8.0557369554258
12.94285714285714,3.914285714285714,8.7,12.94285714285714,2.4714285714285715,7.7,76.10000000000001,2.1965714285714286,71.42857142857143,11.311428571428571,3.4,20.414285714285715,188.12857142857143,1023.4,52.9,15.314285714285711,-11.351643437685652
13.3,1.3142857142857145,7.5,12.842857142857143,-0.4142857142857142,6.1571428571428575,55.3,0.0317142857142857,14.285714285714286,1.7857142857142858,0.0,23.82857142857143,282.51428571428573,1018.8285714285714,44.58571428571429,15.6,-9.865612597554446
25.74285714285714,15.642857142857142,20.77142857142857,26.32857142857143,15.642857142857142,20.914285714285715,74.64285714285714,2.699857142857143,42.85714285714285,11.904285714285717,0.0,18.61428571428572,174.57142857142858,1012.5571428571428,46.67142857142857,14.257142857142856,17.207070005519427
18.17142857142857,8.257142857142856,13.514285714285714,18.17142857142857,6.6000000000000005,13.042857142857144,59.85714285714285,1.759,42.85714285714285,8.332857142857142,0.0,23.942857142857143,197.52857142857144,1014.1285714285714,79.61428571428571,24.985714285714288,-135.00101990286248
19.571428571428573,10.5,14.757142857142856,19.571428571428573,10.014285714285714,14.642857142857142,78.77142857142857,0.922,42.85714285714285,4.1657142857142855,0.0,20.17142857142857,271.0857142857143,1013.657142857143,50.285714285714285,19.1,-83.63493980853423
24.514285714285712,14.2,19.3,24.77142857142857,14.2,19.357142857142858,69.97142857142858,1.6981428571428572,42.85714285714285,8.930000000000001,0.0,22.4,115.98571428571428,1010.2,52.48571428571428,17.5,-3.198861889806494
15.44285714285714,3.414285714285714,9.4,15.44285714285714,1.1,7.885714285714286,51.87142857142857,0.7647142857142857,42.85714285714285,8.334285714285715,0.0,22.4,184.02857142857144,1017.0428571428572,53.9,15.228571428571428,41.20586652074553
1.8142857142857145,-7.114285714285714,-2.071428571428572,-2.5285714285714285,-12.314285714285717,-7.057142857142857,69.01428571428572,6.518857142857143,28.571428571428573,19.047142857142852,8.342857142857143,26.61428571428572,228.8571428571429,1022.4571428571428,44.51428571428572,18.314285714285717,13.811551171776271
5.742857142857142,-2.1,0.9428571428571432,4.042857142857143,-6.1571428571428575,-2.4,77.88571428571429,7.292857142857143,71.42857142857143,29.16714285714286,0.0,26.0,193.7142857142857,1019.4857142857144,73.21428571428571,11.828571428571427,-38.11564806559136
21.228571428571428,10.642857142857142,15.642857142857142,21.228571428571428,10.642857142857142,15.642857142857142,79.41428571428571,1.6,42.85714285714285,10.714285714285714,0.0,16.642857142857142,178.32857142857142,1015.5285714285714,58.57142857142857,12.528571428571428,44.00525027138679
17.271428571428572,8.071428571428571,12.642857142857142,17.271428571428572,6.085714285714286,12.0,55.82857142857143,0.5927142857142857,42.85714285714285,4.1657142857142855,0.0,25.014285714285712,266.6428571428572,1010.8285714285714,72.5,24.27142857142857,36.80109711067598
-0.8142857142857142,-7.057142857142857,-3.5142857142857147,-2.957142857142857,-13.614285714285714,-7.514285714285714,74.10000000000001,0.84,57.142857142857146,9.525714285714288,1.3285714285714287,24.071428571428573,255.4,1010.1142857142858,90.68571428571428,12.94285714285714,193.94796577532588
16.54285714285714,6.928571428571429,11.542857142857144,16.0,4.242857142857143,10.257142857142856,63.42857142857143,0.4544285714285714,71.42857142857143,9.522857142857143,0.0,28.2,249.6142857142857,1014.5285714285714,64.65714285714286,24.47142857142857,9.765475539290492
14.242857142857142,3.0,8.642857142857142,13.571428571428571,0.7,7.3428571428571425,68.32857142857144,2.629714285714286,57.142857142857146,10.12,0.0,23.02857142857143,213.07142857142856,1011.8571428571428,58.3,14.585714285714284,-35.53644137770584
18.485714285714288,4.871428571428572,12.2,18.357142857142858,3.357142857142857,11.614285714285714,47.94285714285714,0.4551428571428571,14.285714285714286,5.357142857142857,0.0,25.442857142857143,201.2142857142857,1025.1285714285714,58.785714285714285,15.0,-53.95826785770282
25.314285714285717,14.028571428571428,19.471428571428568,25.442857142857143,14.028571428571428,19.514285714285712,69.72857142857143,0.6207142857142857,42.85714285714285,7.142857142857143,0.0,23.285714285714285,242.8571428571429,1014.9428571428572,49.871428571428574,24.12857142857143,37.65806632096815
28.228571428571428,17.385714285714286,23.02857142857143,29.957142857142856,17.385714285714286,23.6,62.48571428571428,0.7005714285714285,14.285714285714286,2.381428571428572,0.0,24.714285714285715,237.95714285714288,1014.5285714285714,52.01428571428572,21.785714285714285,-48.95188823215517
29.82857142857143,15.05714285714286,22.357142857142858,29.685714285714287,15.05714285714286,22.385714285714283,60.44285714285714,0.0,0.0,0.0,0.0,19.1,238.12857142857143,1018.4571428571428,15.314285714285717,14.428571428571429,-7.559264264823469
28.67142857142857,18.32857142857143,23.74285714285714,29.65714285714285,18.32857142857143,24.057142857142857,69.7,0.0,0.0,0.0,0.0,14.571428571428571,192.58571428571423,1017.6714285714286,46.142857142857146,10.642857142857142,16.117162632716827
24.185714285714287,12.9,18.32857142857143,24.185714285714287,12.62857142857143,18.314285714285717,69.8,0.5808571428571428,57.142857142857146,8.928571428571429,0.0,18.02857142857143,263.8285714285714,1013.5142857142856,44.58571428571429,15.257142857142856,-21.2609374874055
17.157142857142855,6.842857142857143,11.757142857142856,17.157142857142855,5.6,11.142857142857142,67.44285714285714,0.0414285714285714,28.571428571428573,2.381428571428572,0.0,24.62857142857143,253.94285714285712,1011.2428571428572,47.68571428571429,15.828571428571427,-15.789246234816574
0.5142857142857143,-3.6714285714285713,-1.4428571428571428,-2.757142857142857,-8.657142857142857,-6.0,78.27142857142857,0.2902857142857143,85.71428571428571,15.477142857142857,1.9142857142857144,24.842857142857145,223.5142857142857,1014.5571428571428,82.94285714285715,12.157142857142857,-1.6008384236338316
2.942857142857143,-2.2,0.2571428571428571,-1.6,-8.171428571428573,-4.928571428571429,78.72857142857143,1.1247142857142856,57.142857142857146,16.07,1.6,30.32857142857143,241.38571428571427,1008.1,72.94285714285715,12.428571428571429,-113.5263574086398
14.242857142857144,2.0,8.085714285714285,13.714285714285714,-1.0571428571428572,6.314285714285715,54.01428571428572,0.5032857142857142,28.571428571428573,2.9771428571428578,0.0,22.214285714285715,136.31428571428572,1015.7285714285716,54.68571428571429,20.914285714285715,47.44183420674699
17.3,8.6,12.542857142857144,17.3,7.357142857142857,11.842857142857143,68.65714285714286,1.898428571428572,71.42857142857143,17.85857142857143,0.0,24.5,220.7142857142857,1015.3,51.5,14.757142857142856,6.668867903360251
9.185714285714283,2.1142857142857143,5.485714285714286,7.728571428571429,-0.8857142857142856,2.6714285714285717,79.39999999999999,6.135,71.42857142857143,27.97714285714286,0.0,27.685714285714287,140.77142857142857,1012.3714285714286,86.04285714285713,12.414285714285716,173.96221986195542
0.3,-4.671428571428572,-2.142857142857143,-1.8,-9.0,-5.757142857142857,81.0,0.2015714285714285,42.85714285714285,7.142857142857143,5.985714285714286,18.15714285714285,201.77142857142857,1016.3857142857142,88.84285714285714,13.55714285714286,-27.258549212586782
14.314285714285717,1.457142857142857,7.957142857142857,13.657142857142857,-0.0285714285714285,6.7,56.114285714285714,0.0071428571428571,14.285714285714286,1.19,0.0,16.95714285714286,211.87142857142857,1015.9285714285714,50.457142857142856,15.428571428571429,97.25043820847782
21.67142857142857,10.671428571428573,16.114285714285714,21.9,10.028571428571428,15.985714285714286,71.27142857142857,3.4907142857142857,71.42857142857143,18.45142857142857,0.0,25.52857142857143,216.38571428571427,1016.1285714285716,40.91428571428571,14.142857142857142,-11.606205804027695
5.871428571428572,-0.8428571428571427,2.6714285714285717,2.7857142857142856,-4.714285714285714,-0.7142857142857143,69.24285714285715,0.2575714285714285,28.571428571428573,3.571428571428572,0.0,24.8,234.97142857142856,1014.8142857142856,80.82857142857142,15.385714285714286,22.847553230899848
6.028571428571429,-4.557142857142857,0.4428571428571429,2.985714285714286,-8.657142857142857,-2.857142857142857,55.51428571428572,0.0,0.0,0.0,0.4428571428571429,21.842857142857145,199.47142857142856,1017.3857142857142,22.414285714285715,16.0,9.337794784940115
1.6285714285714286,-3.642857142857143,-0.8142857142857142,-0.8571428571428573,-8.828571428571427,-5.128571428571428,83.31428571428572,0.9685714285714284,28.571428571428573,7.737142857142857,3.14,22.7,229.47142857142856,1022.4285714285714,70.41428571428571,10.842857142857143,-60.127122305385456
29.12857142857143,19.15714285714285,24.314285714285717,30.071428571428573,19.15714285714285,24.65714285714285,66.47142857142858,1.3855714285714282,42.85714285714285,4.167142857142857,0.0,16.357142857142858,184.7428571428572,1019.1,52.885714285714286,16.571428571428573,14.708151508588344
6.014285714285714,0.3142857142857143,3.1,2.771428571428572,-4.614285714285714,-0.8714285714285716,70.62857142857142,0.8111428571428572,71.42857142857143,13.095714285714283,1.0,28.228571428571428,235.7142857142857,1012.8,75.05714285714285,15.014285714285716,-49.05778325263509
27.542857142857144,18.47142857142857,22.957142857142856,28.957142857142856,18.47142857142857,23.32857142857143,72.07142857142857,2.4347142857142856,42.85714285714285,4.761428571428572,0.0,23.685714285714283,210.97142857142856,1010.3857142857142,57.75714285714286,13.55714285714286,11.960497650209163
19.25714285714286,11.542857142857144,15.028571428571428,19.25714285714286,10.885714285714286,14.9,73.71428571428571,5.701428571428571,85.71428571428571,23.214285714285715,0.0,20.042857142857144,162.24285714285716,1009.8571428571428,76.45714285714287,14.05714285714286,91.02396946471843
6.5,-2.7285714285714286,2.1,4.414285714285714,-6.057142857142857,-0.8857142857142858,79.97142857142856,0.7568571428571429,57.142857142857146,10.714285714285714,0.4571428571428572,26.6,218.67142857142855,1012.8142857142856,69.27142857142857,13.957142857142856,-27.363387891929733
31.24285714285714,18.414285714285715,25.25714285714286,31.9,18.414285714285715,25.514285714285712,62.48571428571428,1.6861428571428572,14.285714285714286,2.381428571428572,0.0,18.142857142857142,214.48571428571427,1015.7571428571428,24.785714285714285,14.614285714285714,-22.362214424741524
24.357142857142858,15.585714285714284,19.74285714285714,24.7,15.585714285714284,19.8,76.74285714285715,12.532,71.42857142857143,19.642857142857142,0.0,22.285714285714285,193.45714285714288,1014.0428571428572,67.82857142857144,18.842857142857145,13.920821687088164
17.82857142857143,8.785714285714286,13.857142857142858,17.271428571428572,7.385714285714286,13.1,68.28571428571429,2.4134285714285717,85.71428571428571,19.047142857142852,0.0,27.6,185.07142857142856,1008.6,70.87142857142858,14.2,-10.349924048669209
29.3,17.657142857142855,23.77142857142857,31.128571428571423,17.657142857142855,24.5,68.64285714285714,0.014,14.285714285714286,0.5957142857142858,0.0,15.728571428571428,214.7142857142857,1017.5285714285714,42.885714285714286,13.1,-5.852690511483615
25.542857142857144,17.385714285714286,21.37142857142857,26.1,17.385714285714286,21.485714285714288,78.41428571428571,4.142428571428572,42.85714285714285,6.547142857142857,0.0,16.357142857142858,199.05714285714285,1020.4857142857144,53.457142857142856,14.3,-68.60281071638838
25.61428571428572,13.585714285714284,19.942857142857143,25.842857142857145,13.585714285714284,19.97142857142857,63.55714285714286,1.3484285714285715,57.142857142857146,5.357142857142857,0.0,22.02857142857143,185.32857142857145,1019.2142857142856,44.271428571428565,15.657142857142857,-2.883023017940559
-1.5,-7.628571428571429,-4.228571428571429,-5.271428571428571,-12.014285714285714,-8.285714285714286,80.15714285714286,0.4738571428571428,71.42857142857143,18.452857142857145,9.242857142857144,21.228571428571428,241.7428571428572,1020.3142857142858,80.94285714285715,11.2,141.86246091311773
-2.2285714285714286,-7.328571428571428,-4.557142857142857,-6.1571428571428575,-13.142857142857142,-9.685714285714283,77.65714285714286,1.5654285714285712,57.142857142857146,20.83428571428572,14.485714285714286,22.714285714285715,207.2142857142857,1012.6285714285714,82.39999999999999,12.0,-22.10424185015177
2.6000000000000005,-2.0,0.4857142857142857,-0.4285714285714285,-7.399999999999999,-3.857142857142857,72.54285714285714,0.5101428571428571,28.571428571428573,7.142857142857143,0.0,26.2,220.47142857142856,1014.5857142857144,88.77142857142857,14.971428571428572,87.87718491177952
10.585714285714284,4.185714285714286,7.6571428571428575,9.828571428571427,1.0,5.5,78.51428571428572,2.084142857142857,71.42857142857143,18.452857142857145,0.0,21.414285714285715,215.92857142857144,1015.2,88.77142857142857,15.242857142857144,-87.72573467759617
27.12857142857143,14.1,21.25714285714286,26.5,13.914285714285716,21.02857142857143,53.75714285714286,0.0845714285714285,14.285714285714286,2.975714285714285,0.0,19.4,167.9857142857143,1016.9857142857144,25.9,15.571428571428571,2.594787627338974
15.485714285714286,6.585714285714286,10.957142857142856,14.585714285714284,5.214285714285714,9.77142857142857,73.52857142857144,3.8762857142857134,57.142857142857146,20.83285714285714,0.0,28.557142857142857,211.2,1021.1857142857144,57.58571428571429,15.085714285714284,10.635398388999874
19.285714285714285,12.471428571428572,15.485714285714286,19.285714285714285,11.957142857142856,15.342857142857143,81.11428571428571,1.9964285714285717,28.571428571428573,15.477142857142857,0.0,16.985714285714288,95.35714285714286,1025.9142857142856,79.24285714285715,7.428571428571429,21.26069136032538
4.057142857142857,-1.9428571428571428,1.3285714285714283,1.8714285714285717,-5.271428571428571,-1.4714285714285715,86.8,1.9524285714285716,42.85714285714285,17.857142857142858,0.0,19.485714285714288,200.08571428571423,1015.0857142857144,77.7,11.314285714285717,-37.85445638263832
-0.057142857142857,-8.0,-4.185714285714286,-4.757142857142858,-13.014285714285714,-9.128571428571428,70.88571428571429,0.1451428571428571,14.285714285714286,2.381428571428572,0.0,22.357142857142858,118.51428571428572,1025.571428571429,54.22857142857144,13.171428571428573,58.799806656633336
26.085714285714285,14.257142857142856,20.585714285714285,25.885714285714283,14.257142857142856,20.557142857142857,64.10000000000001,0.0,0.0,0.0,0.0,19.585714285714285,224.3,1014.5571428571428,39.3,15.728571428571428,13.380623032090623
4.471428571428572,-3.157142857142857,0.8714285714285713,0.7142857142857143,-8.671428571428573,-3.4571428571428577,75.91428571428571,0.5788571428571428,57.142857142857146,9.524285714285714,0.0,27.0,164.18571428571428,1021.1714285714286,64.51428571428572,13.714285714285714,-15.479840586070395
22.557142857142857,15.357142857142858,18.357142857142858,23.3,15.357142857142858,18.514285714285712,80.38571428571429,1.9485714285714288,71.42857142857143,17.85857142857143,0.0,21.985714285714288,142.37142857142857,1013.5,86.89999999999999,16.7,20.659368623578303
25.842857142857145,15.3,20.457142857142856,25.87142857142857,15.3,20.485714285714288,77.58571428571429,0.7472857142857142,14.285714285714286,4.761428571428572,0.0,15.071428571428571,207.04285714285717,1017.6,41.75714285714286,14.385714285714286,-117.2373217445031
9.771428571428572,1.5,5.228571428571429,8.6,-1.1142857142857143,3.257142857142857,83.08571428571429,0.3929999999999999,42.85714285714285,6.547142857142857,0.0,21.057142857142857,168.82857142857142,1017.9142857142858,70.08571428571429,9.3,-92.22151968181764
16.9,7.6571428571428575,12.614285714285714,16.9,5.4,11.828571428571427,69.74285714285715,7.907857142857144,71.42857142857143,25.00142857142857,0.0,27.3,181.28571428571428,1015.2428571428572,70.89999999999999,13.814285714285717,-37.803325244395865
4.371428571428572,-2.671428571428572,0.8285714285714285,0.0142857142857142,-6.742857142857143,-3.614285714285714,76.72857142857143,2.420428571428572,71.42857142857143,21.427142857142854,1.8333333333333333,28.885714285714283,216.6857142857143,1013.1428571428572,80.98571428571428,13.228571428571428,11.049501947973797
20.214285714285715,7.8428571428571425,14.157142857142857,19.65714285714285,5.557142857142857,13.242857142857144,66.4,0.5491428571428572,14.285714285714286,4.167142857142857,0.0,27.17142857142857,200.25714285714284,1016.3714285714286,59.371428571428574,13.94285714285714,17.46042230838907
28.714285714285715,17.842857142857145,23.65714285714285,29.571428571428573,17.842857142857145,23.9,68.91428571428573,0.7008571428571428,57.142857142857146,6.547142857142857,0.0,21.557142857142857,244.22857142857143,1011.1142857142858,47.557142857142864,15.62857142857143,1.5355709935899997
12.457142857142856,6.428571428571429,9.585714285714284,11.485714285714286,4.357142857142857,8.071428571428571,79.65714285714286,2.2841428571428573,85.71428571428571,28.571428571428573,0.0,21.8,221.45714285714288,1013.0285714285714,79.75714285714285,13.685714285714283,78.61181067982125
18.542857142857144,9.842857142857142,14.242857142857144,18.542857142857144,9.2,14.157142857142857,76.05714285714285,3.017857142857143,42.85714285714285,17.857142857142858,0.0,17.185714285714287,100.1,1014.0,70.28571428571429,14.914285714285716,-88.96620558671066
24.25714285714286,17.114285714285714,20.185714285714287,24.37142857142857,17.114285714285714,20.2,86.65714285714286,26.673285714285715,71.42857142857143,26.19,0.0,19.65714285714285,182.7428571428572,1011.2,89.64285714285714,12.814285714285717,23.11317839109552
9.1,-0.2142857142857142,4.228571428571429,7.071428571428571,-4.371428571428572,0.9285714285714286,63.94285714285714,0.78,57.142857142857146,14.285714285714286,3.5,25.542857142857144,238.45714285714288,1021.3142857142856,60.7,14.171428571428573,17.109785241727195
6.257142857142857,-1.4285714285714286,1.8571428571428568,3.8,-4.5285714285714285,-0.9285714285714286,83.3,0.0961428571428571,14.285714285714286,2.381428571428572,1.4333333333333331,18.185714285714287,246.9142857142857,1022.9142857142856,59.7,10.771428571428572,29.809311592947097
12.471428571428572,3.7285714285714286,8.057142857142857,12.257142857142856,0.7714285714285714,6.057142857142857,66.38571428571429,3.184857142857143,57.142857142857146,16.071428571428573,0.0,28.557142857142857,246.77142857142857,1011.1142857142858,64.62857142857142,14.157142857142857,8.745826850735966
24.47142857142857,12.714285714285714,18.65714285714285,24.6,12.571428571428571,18.65714285714285,73.60000000000001,2.335714285714286,71.42857142857143,11.311428571428571,0.0,17.685714285714287,272.0142857142857,1013.4142857142858,55.957142857142856,14.55714285714286,7.10385159658631
14.0,2.585714285714286,8.2,14.0,-0.1857142857142858,6.585714285714286,65.2,0.8864285714285715,28.571428571428573,8.332857142857142,0.0,23.11428571428571,137.92857142857142,1013.4428571428572,48.25714285714286,16.45714285714286,-23.25551033108127
11.028571428571428,0.8714285714285713,6.028571428571429,9.557142857142855,-3.0,3.4,64.37142857142858,1.042,71.42857142857143,10.12,0.0,29.842857142857145,178.25714285714284,1019.4142857142856,77.38571428571429,18.814285714285717,-55.87417736306293
26.071428571428573,16.157142857142855,21.314285714285717,26.02857142857143,16.157142857142855,21.342857142857145,61.5,2.478857142857143,28.571428571428573,2.9771428571428578,0.0,23.942857142857143,181.77142857142852,1016.3714285714286,54.3,20.285714285714285,15.045175378940256
0.1285714285714283,-9.185714285714283,-4.9,-5.057142857142857,-15.157142857142857,-10.342857142857143,62.18571428571429,0.0071428571428571,14.285714285714286,0.5957142857142858,0.1142857142857143,27.88571428571429,248.8,1019.3142857142856,51.32857142857143,15.428571428571429,-9.068647391668492
11.77142857142857,2.071428571428572,6.628571428571428,11.085714285714284,-0.7285714285714285,4.714285714285714,66.68571428571428,0.8257142857142857,57.142857142857146,13.69,3.2,23.31428571428572,157.58571428571432,1017.5142857142856,59.92857142857143,20.342857142857145,16.34185396267003
-0.3285714285714285,-6.385714285714286,-3.3714285714285714,-3.914285714285714,-11.642857142857142,-8.085714285714285,74.25714285714285,0.8404285714285714,57.142857142857146,20.238571428571426,1.6,22.785714285714285,235.4857142857143,1014.7428571428572,78.47142857142856,12.914285714285716,16.33604355328066
9.142857142857142,-0.157142857142857,4.085714285714286,7.057142857142857,-4.8,0.7999999999999999,67.57142857142857,2.725714285714285,28.571428571428573,10.118571428571428,0.0,29.414285714285715,244.8857142857143,1014.6142857142858,69.6,13.742857142857144,58.882355407343766
14.614285714285714,6.071428571428571,10.12857142857143,13.814285714285717,3.3428571428571425,8.457142857142857,76.67142857142858,9.240857142857145,42.85714285714285,20.237142857142857,0.0,30.985714285714288,233.5,1012.7,67.12857142857142,14.542857142857144,-11.059425535292576
3.7142857142857135,-2.3714285714285714,0.5857142857142856,0.6285714285714287,-7.371428571428572,-3.3714285714285714,75.52857142857144,0.6938571428571428,14.285714285714286,7.142857142857143,0.0,22.057142857142857,226.1142857142857,1016.1142857142858,82.10000000000001,14.05714285714286,4.975510288874602
22.314285714285717,14.885714285714286,18.414285714285715,22.314285714285717,14.885714285714286,18.414285714285715,86.77142857142857,4.223857142857143,85.71428571428571,17.857142857142858,0.0,16.557142857142857,222.45714285714288,1012.5285714285714,69.77142857142857,11.12857142857143,21.95442724761301
-1.6857142857142855,-7.8,-4.557142857142857,-4.9,-12.37142857142857,-9.071428571428571,74.38571428571429,2.8048571428571427,71.42857142857143,22.02285714285714,2.7857142857142856,20.814285714285717,249.17142857142855,1015.2,80.61428571428571,12.728571428571428,-59.60976455092941
26.842857142857145,15.771428571428572,21.15714285714285,26.8,15.771428571428572,21.17142857142857,72.89999999999999,4.026714285714286,42.85714285714285,11.31,0.0,15.614285714285714,206.05714285714288,1016.7571428571428,47.6,14.757142857142856,-43.527484530939546
20.4,11.114285714285714,15.971428571428572,20.4,10.785714285714286,15.885714285714286,65.52857142857142,0.3985714285714286,14.285714285714286,4.167142857142857,0.0,18.071428571428573,139.4142857142857,1014.342857142857,59.15714285714286,15.914285714285716,-32.08259662245405
11.55714285714286,6.328571428571428,8.77142857142857,10.728571428571428,3.4,6.685714285714285,73.82857142857142,3.830142857142857,57.142857142857146,30.952857142857145,0.0,31.428571428571427,242.42857142857144,1004.2714285714284,73.07142857142857,14.314285714285717,-3.186917316317931
16.928571428571427,5.242857142857143,11.3,16.9,3.5857142857142854,10.414285714285716,58.57142857142857,2.623142857142857,42.85714285714285,11.31,0.0,27.37142857142857,252.17142857142855,1020.8571428571428,50.62857142857143,20.042857142857144,-80.03235208153569
13.0,2.3285714285714287,7.571428571428571,11.542857142857144,-1.4142857142857144,4.914285714285716,66.85714285714286,3.588,42.85714285714285,17.26142857142857,1.0,29.74285714285714,66.61428571428571,1014.3142857142856,52.92857142857143,18.685714285714287,81.22111195905472
5.6000000000000005,0.8714285714285713,3.3428571428571425,4.057142857142857,-2.4428571428571426,0.4571428571428572,83.87142857142858,2.4531428571428573,71.42857142857143,23.214285714285715,0.0571428571428571,22.414285714285715,236.77142857142852,1006.2714285714284,91.67142857142858,10.657142857142857,49.96228936858847
-7.171428571428572,-15.457142857142856,-10.671428571428573,-12.1,-22.042857142857144,-16.52857142857143,83.22857142857143,0.2074285714285714,57.142857142857146,6.548571428571429,32.48571428571429,20.6,226.75714285714284,1025.7714285714285,70.5,12.214285714285714,95.59582692105846
20.87142857142857,13.814285714285717,17.37142857142857,20.942857142857143,13.814285714285717,17.385714285714286,80.27142857142857,3.377142857142857,100.0,33.332857142857144,0.0,14.55714285714286,227.65714285714284,1018.0,70.58571428571429,14.485714285714284,-18.479974499808804
29.02857142857143,17.428571428571427,23.2,29.67142857142857,17.428571428571427,23.357142857142858,68.38571428571429,0.1685714285714285,14.285714285714286,0.5957142857142858,0.0,18.185714285714287,149.74285714285716,1018.1428571428572,41.871428571428574,16.82857142857143,0.6300687472796653
25.414285714285715,12.257142857142856,18.957142857142856,25.17142857142857,11.728571428571428,18.8,61.52857142857143,0.3302857142857142,14.285714285714286,2.381428571428572,0.0,23.47142857142857,178.17142857142858,1016.8857142857142,43.51428571428572,14.442857142857145,12.091377309093332
25.414285714285715,15.0,20.12857142857143,25.52857142857143,15.0,20.142857142857142,75.37142857142858,3.001142857142857,71.42857142857143,7.144285714285714,0.0,16.014285714285712,194.14285714285717,1018.6857142857144,58.142857142857146,13.557142857142855,7.1476560587282165
25.557142857142857,15.357142857142858,20.9,25.514285714285712,15.357142857142858,20.87142857142857,60.35714285714285,0.3928571428571428,42.85714285714285,5.358571428571429,0.0,26.428571428571427,203.47142857142856,1010.7285714285716,56.08571428571428,21.67142857142857,-8.533962689112514
16.45714285714286,5.4,10.814285714285717,16.45714285714286,4.914285714285714,10.642857142857142,69.37142857142858,0.6692857142857143,57.142857142857146,14.287142857142856,0.0,16.214285714285715,179.31428571428572,1021.7714285714284,39.57142857142857,14.585714285714284,-23.92639431572593
-3.257142857142857,-11.6,-7.628571428571428,-7.142857142857143,-18.8,-13.87142857142857,61.871428571428574,0.2135714285714285,28.571428571428573,5.357142857142857,1.0,23.357142857142858,255.6,1025.6285714285714,49.642857142857146,19.52857142857143,-36.93522522391595
-1.8571428571428568,-7.3428571428571425,-4.542857142857143,-6.414285714285714,-13.014285714285714,-9.528571428571428,77.45714285714284,0.1291428571428571,42.85714285714285,4.761428571428572,11.014285714285714,20.285714285714285,256.6142857142857,1021.8,61.871428571428574,12.785714285714286,29.93780745806862
6.728571428571429,0.4714285714285714,3.7142857142857135,4.6000000000000005,-3.928571428571429,0.3571428571428571,80.58571428571429,0.4848571428571429,42.85714285714285,10.714285714285714,1.0,23.3,219.45714285714288,1013.2857142857144,94.7,13.828571428571427,39.44423350123088
-1.557142857142857,-8.942857142857143,-5.171428571428572,-5.242857142857143,-13.885714285714286,-9.785714285714286,75.85714285714286,0.1728571428571428,42.85714285714285,7.144285714285715,13.685714285714283,19.228571428571428,260.92857142857144,1023.6857142857144,62.57142857142857,14.05714285714286,132.34088531368752
27.914285714285715,17.485714285714288,22.74285714285714,28.728571428571428,17.485714285714288,23.057142857142857,74.58571428571429,0.0,0.0,0.0,0.0,16.485714285714288,288.0857142857143,1016.1428571428572,33.41428571428571,14.94285714285714,32.977827388732294
23.214285714285715,17.65714285714286,20.314285714285717,23.514285714285712,17.65714285714286,20.37142857142857,84.12857142857142,6.638285714285715,57.142857142857146,19.047142857142852,0.0,17.185714285714287,88.25714285714285,1018.4428571428572,93.01428571428572,9.985714285714286,16.93948781193899
16.97142857142857,5.328571428571428,10.928571428571429,16.97142857142857,4.314285714285714,10.5,61.12857142857143,0.028,14.285714285714286,1.19,0.0,19.142857142857142,168.37142857142857,1022.1714285714288,49.10000000000001,21.67142857142857,37.56916679542701
12.828571428571427,4.871428571428572,8.7,12.1,3.0857142857142854,7.257142857142857,72.34285714285714,3.4908571428571427,85.71428571428571,17.85857142857143,0.0,21.24285714285714,233.62857142857143,1010.5285714285714,81.71428571428571,14.571428571428571,-43.69021554055644
4.085714285714286,-4.957142857142857,-0.2142857142857143,0.2857142857142858,-9.771428571428572,-4.728571428571429,70.55714285714285,1.4945714285714284,85.71428571428571,15.475714285714286,0.85,29.61428571428572,235.7428571428572,1013.3142857142856,66.78571428571429,16.228571428571428,38.354454293048775
15.085714285714284,5.857142857142857,10.671428571428573,15.085714285714284,4.557142857142857,9.928571428571429,72.32857142857144,1.9712857142857143,71.42857142857143,19.642857142857142,0.0,17.214285714285715,128.05714285714285,1012.5571428571428,67.4,13.542857142857144,-16.505309533481068
8.414285714285715,-1.3285714285714283,3.571428571428572,6.2,-6.085714285714286,-0.0142857142857142,64.22857142857143,2.972142857142857,57.142857142857146,17.857142857142858,1.4,27.27142857142857,262.37142857142857,1020.5142857142856,62.44285714285714,17.7,62.24857019214642
13.814285714285717,3.7714285714285714,8.757142857142856,13.37142857142857,0.9857142857142857,7.057142857142858,65.39999999999999,0.5245714285714286,57.142857142857146,8.334285714285715,0.0,23.8,259.75714285714287,1014.5142857142856,49.85714285714285,22.97142857142857,36.51136196439097
-2.2142857142857144,-9.914285714285716,-5.8,-4.414285714285714,-12.828571428571427,-8.642857142857142,77.82857142857142,0.088,28.571428571428573,3.571428571428572,0.5714285714285714,17.414285714285715,181.0142857142857,1023.4285714285714,68.95714285714286,12.285714285714286,-32.78742820700904
-3.471428571428571,-12.857142857142858,-7.928571428571429,-8.4,-18.2,-13.1,69.4,0.0581428571428571,14.285714285714286,1.7857142857142858,16.15714285714286,21.814285714285717,244.64285714285717,1017.6,48.67142857142857,14.8,22.068536133435146
5.114285714285714,1.0142857142857142,2.857142857142857,2.6714285714285717,-3.742857142857143,-0.8142857142857142,89.81428571428572,2.9425714285714286,85.71428571428571,27.38142857142857,1.0,23.0,216.8857142857143,1012.8714285714286,99.47142857142856,8.200000000000001,-2.093085734512215
1.3142857142857145,-4.128571428571428,-1.1428571428571428,-0.3857142857142857,-8.542857142857143,-4.628571428571428,76.52857142857144,0.6998571428571428,71.42857142857143,13.095714285714283,2.071428571428572,19.77142857142857,246.95714285714288,1023.0857142857144,80.34285714285714,12.985714285714286,8.687218749312706
26.285714285714285,16.557142857142857,21.457142857142856,26.642857142857142,16.557142857142857,21.5,73.84285714285714,2.058428571428572,57.142857142857146,14.284285714285714,0.0,18.414285714285715,239.2,1012.9285714285714,47.04285714285714,15.114285714285714,21.150522671894805
4.085714285714286,-3.1142857142857143,0.5428571428571428,1.3285714285714287,-6.542857142857143,-2.885714285714286,76.98571428571428,1.701142857142857,57.142857142857146,10.715714285714286,3.3428571428571425,22.557142857142857,201.7428571428572,1021.5428571428572,54.1,11.857142857142858,-5.340884777170459
1.8857142857142857,-4.457142857142857,-1.2142857142857142,-2.1714285714285717,-9.571428571428571,-5.8,76.27142857142857,0.7888571428571429,71.42857142857143,16.66857142857143,7.914285714285714,24.228571428571428,248.64285714285717,1014.8142857142856,74.77142857142857,14.242857142857142,21.49718505138594
15.0,5.314285714285715,10.171428571428573,15.0,3.2285714285714286,9.314285714285717,71.75714285714285,0.4995714285714285,28.571428571428573,6.548571428571429,0.0,20.514285714285712,147.45714285714286,1024.6,48.18571428571429,17.857142857142858,6.865737298645399
24.25714285714286,13.785714285714286,18.32857142857143,24.185714285714287,13.785714285714286,18.314285714285717,73.5,0.2678571428571429,100.0,11.905714285714286,0.0,17.571428571428573,248.1,1018.9285714285714,52.771428571428565,14.428571428571429,-7.09419887828858
18.742857142857144,8.9,13.671428571428573,18.77142857142857,8.214285714285714,13.257142857142856,71.52857142857142,1.3907142857142858,57.142857142857146,19.642857142857142,0.0,21.357142857142858,138.95714285714286,1018.342857142857,70.88571428571429,16.7,1.8472981491363496
6.842857142857143,0.7428571428571431,3.8857142857142857,5.514285714285714,-2.4714285714285715,1.2714285714285716,85.37142857142858,3.166571428571428,85.71428571428571,30.95142857142857,12.575,20.985714285714288,196.04285714285717,1021.9285714285714,89.10000000000001,12.471428571428572,39.60139328691616
26.071428571428573,14.44285714285714,20.685714285714287,26.185714285714287,14.44285714285714,20.714285714285715,60.68571428571429,0.0278571428571428,42.85714285714285,2.975714285714285,0.0,21.02857142857143,260.5,1015.2714285714284,47.614285714285714,15.785714285714286,26.10799295744277
-4.214285714285714,-9.528571428571428,-6.414285714285714,-9.2,-17.3,-12.985714285714286,74.74285714285715,1.763857142857143,85.71428571428571,26.78428571428572,6.3,26.87142857142857,242.25714285714284,1019.6428571428572,70.97142857142858,14.414285714285716,206.596204582612
25.0,12.814285714285717,19.085714285714285,25.142857142857142,12.757142857142856,19.1,67.14285714285714,1.9825714285714289,42.85714285714285,5.952857142857143,0.0,21.142857142857142,144.44285714285715,1018.6285714285714,49.371428571428574,16.8,54.03589888523448
4.642857142857143,-2.742857142857143,0.9285714285714286,0.8857142857142858,-7.114285714285714,-3.1,67.24285714285715,2.780857142857143,57.142857142857146,15.475714285714286,0.7142857142857143,28.3,228.14285714285717,1014.2285714285716,71.5,13.914285714285713,-57.16364048308401
-0.9571428571428572,-4.871428571428572,-2.685714285714286,-3.8,-9.257142857142856,-6.6571428571428575,77.22857142857143,0.4532857142857143,42.85714285714285,11.31,1.1833333333333331,18.857142857142858,230.2142857142857,1020.4142857142856,86.10000000000001,14.885714285714286,31.32499912127196
26.928571428571427,15.014285714285714,20.528571428571432,27.428571428571427,15.014285714285714,20.62857142857143,60.48571428571429,2.5458571428571424,28.571428571428573,4.761428571428572,0.0,26.828571428571426,162.08571428571426,1013.6,52.15714285714285,22.457142857142856,10.939108247485365
30.985714285714288,21.24285714285714,25.8,33.08571428571428,21.24285714285714,26.514285714285712,71.07142857142857,4.494285714285715,57.142857142857146,10.117142857142856,0.0,18.02857142857143,215.6142857142857,1016.1,54.885714285714286,13.485714285714286,44.14687500131072
5.142857142857143,-0.4428571428571429,2.528571428571429,2.685714285714286,-4.114285714285715,-0.7285714285714285,82.64285714285714,2.190142857142857,71.42857142857143,19.047142857142852,0.0571428571428571,22.2,197.4142857142857,1010.9,78.68571428571428,11.585714285714284,76.08750697959726
-7.242857142857143,-13.12857142857143,-10.142857142857142,-14.12857142857143,-20.942857142857143,-17.37142857142857,70.11428571428571,0.0,0.0,0.0,3.0,26.65714285714285,273.57142857142856,1018.4285714285714,62.74285714285714,14.671428571428573,-41.834912585708935
12.242857142857144,2.042857142857143,6.214285714285714,11.528571428571428,-1.342857142857143,3.885714285714286,70.0,1.3448571428571428,42.85714285714285,8.332857142857142,0.0,22.085714285714285,199.57142857142856,1014.6142857142858,70.74285714285715,13.828571428571427,25.021473804358493
24.557142857142857,13.87142857142857,19.714285714285715,24.3,13.87142857142857,19.642857142857142,73.37142857142858,2.120714285714286,42.85714285714285,12.5,0.0,23.5,219.3,1017.4714285714286,55.42857142857143,13.042857142857144,-62.24090272352191
23.885714285714283,10.87142857142857,17.485714285714288,23.685714285714287,10.4,17.3,58.614285714285714,0.0401428571428571,14.285714285714286,1.19,0.0,24.285714285714285,212.65714285714284,1012.3142857142856,45.98571428571428,15.87142857142857,-47.33686845083639
31.61428571428572,18.457142857142856,25.357142857142858,33.32857142857143,18.457142857142856,26.02857142857143,64.64285714285714,0.0154285714285714,14.285714285714286,0.5957142857142858,0.0,21.557142857142857,198.9857142857143,1017.6714285714286,20.942857142857143,13.6,-44.057363584560335
21.61428571428572,15.228571428571428,18.128571428571423,21.74285714285714,15.228571428571428,18.15714285714285,82.60000000000001,3.6362857142857146,85.71428571428571,22.02285714285714,0.0,20.75714285714286,225.82857142857145,1013.0857142857144,84.2,13.9,34.76026239505086
4.614285714285714,-3.042857142857143,0.8571428571428571,1.842857142857143,-7.057142857142858,-2.2857142857142856,73.8,1.4229999999999998,42.85714285714285,8.930000000000001,0.0,22.428571428571427,209.45714285714288,1012.5142857142856,75.77142857142857,15.971428571428572,3.666479576968186
23.47142857142857,9.885714285714286,16.571428571428573,23.47142857142857,9.885714285714286,16.571428571428573,71.52857142857142,1.156285714285714,14.285714285714286,5.952857142857143,0.0,15.94285714285714,99.32857142857142,1021.8,27.814285714285717,14.757142857142856,50.18470715039757
-1.9428571428571428,-9.042857142857144,-5.442857142857142,-5.742857142857143,-14.385714285714286,-9.914285714285716,79.22857142857143,0.0655714285714285,28.571428571428573,1.1914285714285715,4.275,18.47142857142857,143.45714285714286,1017.7142857142856,74.18571428571428,12.914285714285716,221.8756572639054
22.97142857142857,12.4,17.728571428571428,22.97142857142857,11.514285714285714,17.428571428571427,65.22857142857143,4.489857142857143,42.85714285714285,10.12,0.0,27.557142857142857,217.7428571428572,1011.9857142857144,74.95714285714287,18.37142857142857,8.46896649860355
25.485714285714288,15.9,20.885714285714283,25.87142857142857,15.842857142857143,21.014285714285712,66.95714285714286,0.6338571428571429,57.142857142857146,4.761428571428572,0.0,23.342857142857145,237.9,1013.8714285714286,48.35714285714285,17.914285714285715,-39.50318010834849
22.228571428571428,9.342857142857143,16.32857142857143,22.228571428571428,8.514285714285714,16.12857142857143,55.785714285714285,0.0982857142857142,14.285714285714286,2.381428571428572,0.0,21.15714285714285,132.35714285714286,1015.657142857143,43.4,20.714285714285715,10.35257010313444
31.514285714285712,20.057142857142857,25.985714285714288,32.15714285714286,20.057142857142857,26.457142857142856,63.142857142857146,0.6685714285714285,14.285714285714286,4.167142857142857,0.0,18.685714285714287,253.3428571428572,1016.3285714285714,33.457142857142856,13.914285714285716,8.553602170570684
30.52857142857143,20.47142857142857,25.442857142857143,32.471428571428575,20.47142857142857,26.057142857142857,67.55714285714285,2.447714285714286,42.85714285714285,9.524285714285714,0.0,20.957142857142856,194.07142857142856,1015.4285714285714,24.628571428571423,12.1,-0.5625707575350134
24.25714285714286,13.014285714285714,18.285714285714285,24.285714285714285,12.085714285714284,17.84285714285714,66.18571428571428,0.6892857142857143,57.142857142857146,8.930000000000001,0.0,21.942857142857143,221.05714285714288,1013.6857142857142,51.6,15.014285714285714,-15.171126571133527
30.17142857142857,17.928571428571427,24.428571428571427,31.82857142857143,17.928571428571427,25.042857142857144,61.75714285714286,0.1408571428571428,14.285714285714286,0.5957142857142858,0.0,17.271428571428572,202.7142857142857,1017.7857142857144,28.857142857142858,16.657142857142855,71.17221160593203
-6.757142857142857,-13.028571428571428,-9.742857142857144,-13.142857142857142,-20.914285714285715,-17.1,68.42857142857143,0.2265714285714286,42.85714285714285,7.738571428571428,6.514285714285713,28.071428571428573,208.7142857142857,1019.0714285714286,68.14285714285714,12.985714285714286,94.48929523399352
8.628571428571428,-0.4285714285714286,3.6571428571428575,7.257142857142857,-4.728571428571428,0.5714285714285714,64.7,0.7768571428571429,42.85714285714285,10.12,0.0,26.65714285714285,186.97142857142856,1016.2571428571428,62.71428571428572,14.857142857142858,66.90552214048193
8.871428571428572,0.4,4.914285714285714,6.914285714285714,-2.757142857142857,2.2857142857142856,77.39999999999999,1.8842857142857143,57.142857142857146,16.071428571428573,0.1999999999999999,25.62857142857143,229.57142857142856,1014.7857142857144,68.78571428571429,13.6,-71.8186522859678
9.785714285714286,1.3714285714285714,5.9,8.157142857142857,-1.1714285714285713,3.414285714285714,72.07142857142857,0.058,42.85714285714285,2.381428571428572,0.0,27.914285714285715,240.8142857142857,1013.7285714285716,73.31428571428572,16.27142857142857,-75.84689646176889
22.014285714285712,13.457142857142856,17.857142857142858,22.014285714285712,13.457142857142856,17.857142857142858,79.57142857142857,1.8218571428571428,71.42857142857143,17.26142857142857,0.0,18.7,222.54285714285717,1014.8714285714286,69.42857142857143,14.328571428571427,10.267160263203095
23.75714285714286,14.1,18.685714285714287,24.142857142857142,13.885714285714286,18.685714285714287,74.48571428571428,5.696,71.42857142857143,14.285714285714286,0.0,22.65714285714285,171.64285714285714,1020.0142857142856,47.3,15.028571428571428,-39.68390978845059
-2.957142857142857,-10.62857142857143,-6.5,-8.057142857142857,-17.242857142857144,-12.0,80.35714285714286,0.8665714285714285,28.571428571428573,11.904285714285717,10.328571428571427,25.3,269.6142857142857,1011.1571428571428,65.64285714285714,11.842857142857142,-90.41240727118702
25.52857142857143,17.071428571428573,21.0,26.228571428571428,17.071428571428573,21.142857142857142,75.67142857142856,0.8038571428571428,14.285714285714286,2.381428571428572,0.0,16.728571428571428,154.0,1018.5285714285714,55.971428571428575,14.571428571428571,15.81403286665818
32.885714285714286,22.12857142857143,27.314285714285717,37.1,22.12857142857143,29.485714285714288,70.8,3.8957142857142855,57.142857142857146,8.334285714285715,0.0,23.24285714285714,226.8,1016.7714285714284,47.51428571428572,10.742857142857144,41.14362168281264
30.65714285714285,19.11428571428572,25.071428571428573,31.7,19.11428571428572,25.557142857142857,64.42857142857143,0.5774285714285714,28.571428571428573,7.737142857142857,0.0,18.61428571428572,188.9,1015.2285714285716,26.914285714285715,11.971428571428572,82.44055637799966
12.757142857142856,4.085714285714285,8.3,12.414285714285716,1.6428571428571428,6.614285714285714,78.84285714285714,3.254142857142857,57.142857142857146,23.214285714285715,0.0,25.071428571428573,187.3857142857143,1019.8714285714286,61.57142857142857,19.042857142857144,-1.2635593049762974
3.357142857142857,-3.5142857142857147,-0.3285714285714285,-0.9714285714285716,-8.757142857142858,-5.085714285714286,72.61428571428571,0.0,0.0,0.0,0.0,25.52857142857143,109.82857142857142,1019.2571428571428,66.77142857142857,21.11428571428572,-43.738033772406425
17.52857142857143,5.942857142857143,11.685714285714283,17.52857142857143,4.628571428571428,11.2,71.62857142857142,1.8605714285714283,28.571428571428573,7.738571428571428,0.0,21.485714285714288,165.04285714285714,1023.1285714285714,44.18571428571429,23.12857142857143,25.81235066657473
30.728571428571428,19.085714285714285,24.77142857142857,32.42857142857143,19.085714285714285,25.61428571428572,66.32857142857144,2.503285714285714,42.85714285714285,7.738571428571428,20.0,21.285714285714285,227.7428571428571,1016.0,59.7,16.02857142857143,19.09638765525028
8.357142857142858,2.157142857142857,5.257142857142857,6.271428571428571,-2.2142857142857144,2.0428571428571427,76.91428571428571,3.4018571428571427,71.42857142857143,22.62,0.0,25.74285714285714,185.2142857142857,1014.4285714285714,89.31428571428572,18.814285714285717,21.00896234777997
27.4,15.5,21.65714285714285,27.642857142857142,15.5,21.74285714285714,68.17142857142856,0.0062857142857142,14.285714285714286,0.5957142857142858,0.0,15.242857142857144,168.1,1019.8714285714286,24.714285714285715,14.442857142857145,32.80730239423406
-2.242857142857143,-7.471428571428571,-4.771428571428571,-6.228571428571429,-12.142857142857142,-9.785714285714286,76.22857142857143,0.4707142857142857,57.142857142857146,12.498571428571427,4.871428571428572,25.357142857142858,263.3857142857143,1013.0285714285714,71.07142857142857,13.12857142857143,87.8123506304064
8.228571428571428,0.7285714285714285,4.842857142857143,5.5,-1.7142857142857142,2.157142857142857,70.74285714285715,0.7607142857142858,28.571428571428573,4.761428571428572,0.0,23.74285714285714,222.08571428571423,1014.1142857142858,67.57142857142857,14.614285714285714,-16.140532816473524
25.642857142857142,16.685714285714287,21.32857142857143,26.285714285714285,16.685714285714287,21.571428571428573,62.55714285714286,0.8404285714285714,57.142857142857146,7.738571428571428,0.0,23.885714285714283,122.61428571428571,1018.1714285714286,81.18571428571428,19.914285714285715,5.005534959146644
5.014285714285714,-4.314285714285715,-0.0857142857142856,1.3142857142857145,-8.385714285714286,-4.0,70.72857142857143,0.0345714285714285,14.285714285714286,1.19,2.3000000000000003,26.185714285714287,241.2,1017.3,71.27142857142857,14.928571428571429,-15.986511325470929
-0.6142857142857142,-4.542857142857143,-2.6,-4.414285714285714,-9.428571428571429,-6.971428571428571,82.64285714285714,0.7902857142857143,85.71428571428571,11.904285714285717,5.0,19.285714285714285,191.2,1018.5285714285714,93.64285714285714,11.257142857142856,-10.435449169272944
3.2285714285714286,-2.557142857142857,0.2142857142857142,0.585714285714286,-6.542857142857143,-3.4714285714285715,79.22857142857143,2.226857142857143,28.571428571428573,10.714285714285714,0.0,19.54285714285714,228.55714285714288,1015.842857142857,76.08571428571429,12.485714285714286,-45.82727517090984
24.67142857142857,15.414285714285716,19.97142857142857,24.62857142857143,15.414285714285716,19.957142857142856,69.97142857142858,2.4541428571428567,42.85714285714285,12.5,0.0,20.685714285714287,170.12857142857143,1018.9428571428572,67.64285714285714,21.028571428571432,-17.416436967320124
25.085714285714285,14.05714285714286,19.928571428571427,25.2,13.985714285714286,19.957142857142856,62.22857142857144,0.1921428571428571,14.285714285714286,5.952857142857143,0.0,20.485714285714288,276.0857142857143,1015.9,38.68571428571429,14.957142857142856,103.02702897883046
15.571428571428571,2.9571428571428577,9.1,15.571428571428571,1.5142857142857142,8.257142857142856,70.95714285714287,0.0182857142857142,14.285714285714286,0.5957142857142858,0.0,17.685714285714287,113.20000000000002,1024.9428571428573,26.442857142857143,15.157142857142857,29.476989456413094
-1.6142857142857143,-9.357142857142858,-5.5,-5.9,-15.1,-10.228571428571428,74.51428571428572,0.6475714285714286,42.85714285714285,8.334285714285715,4.1000000000000005,23.428571428571427,255.65714285714284,1024.7,64.94285714285715,14.728571428571428,2.5465851649641987e-11
21.3,8.714285714285714,14.757142857142856,21.2,8.185714285714285,14.657142857142857,69.5142857142857,0.0382857142857142,28.571428571428573,2.381428571428572,0.0,20.514285714285712,224.45714285714288,1017.1428571428572,33.77142857142857,16.914285714285715,-47.03943285296327
25.428571428571427,12.857142857142858,18.957142857142856,25.8,12.55714285714286,19.057142857142857,65.28571428571429,0.5038571428571429,42.85714285714285,4.167142857142857,0.0,23.485714285714288,239.25714285714284,1015.842857142857,29.342857142857145,19.47142857142857,-37.51963549312177
8.4,2.3000000000000003,5.371428571428572,6.014285714285714,-1.7428571428571429,1.9714285714285715,82.87142857142858,9.183285714285716,85.71428571428571,36.90428571428571,1.0,29.085714285714285,244.82857142857145,1007.2428571428572,94.68571428571428,13.457142857142856,49.84797800692422
11.12857142857143,1.9285714285714288,6.485714285714286,9.471428571428572,-2.071428571428572,3.542857142857143,70.71428571428571,2.572571428571429,42.85714285714285,13.69,0.0,30.74285714285714,200.17142857142855,1016.3142857142856,66.85714285714286,19.37142857142857,-10.067055554857689
27.914285714285715,14.814285714285717,21.37142857142857,27.65714285714285,14.814285714285717,21.32857142857143,61.24285714285714,0.0117142857142857,28.571428571428573,1.1914285714285715,0.0,18.985714285714288,173.6285714285714,1019.1,40.2,15.314285714285717,32.315008324133714
25.4,16.52857142857143,20.67142857142857,25.61428571428572,16.52857142857143,20.74285714285714,79.55714285714285,2.300428571428572,85.71428571428571,16.665714285714284,0.0,18.185714285714287,181.1142857142857,1012.7857142857144,72.17142857142856,11.671428571428573,-16.831982676434563
3.8,-1.5714285714285714,1.1428571428571428,0.0142857142857142,-7.557142857142857,-3.7857142857142856,76.65714285714286,2.424428571428572,85.71428571428571,25.0,2.983333333333333,29.042857142857144,202.97142857142856,1017.7285714285716,88.62857142857142,14.142857142857142,24.776096666361585
9.714285714285714,2.9857142857142853,6.485714285714286,8.642857142857142,0.2428571428571428,4.471428571428572,71.91428571428573,0.0468571428571428,57.142857142857146,3.571428571428572,0.0,22.228571428571428,263.74285714285713,1014.3857142857142,80.62857142857142,12.1,-29.001816856738515
17.271428571428572,6.628571428571428,11.642857142857142,16.9,4.2,10.614285714285714,65.58571428571429,2.0064285714285712,71.42857142857143,14.881428571428572,0.0,27.642857142857142,183.44285714285712,1017.9285714285714,75.3,20.414285714285715,-14.457484216673947
25.885714285714283,15.385714285714286,20.385714285714283,26.02857142857143,15.314285714285717,20.414285714285715,69.0,0.9448571428571428,71.42857142857143,9.522857142857143,0.0,18.185714285714287,164.94285714285712,1016.2714285714284,48.68571428571429,13.628571428571428,38.96020168423388
13.0,6.285714285714286,9.642857142857142,12.257142857142856,3.971428571428571,8.014285714285714,81.34285714285714,2.2422857142857144,57.142857142857146,11.904285714285717,0.0,24.314285714285717,191.0,1016.9857142857144,81.97142857142856,14.971428571428572,-55.142639033292426
29.642857142857142,20.185714285714287,24.74285714285714,31.82857142857143,20.185714285714287,25.571428571428573,75.61428571428571,4.110285714285714,85.71428571428571,8.930000000000001,0.0,16.014285714285712,229.7428571428572,1021.7571428571428,63.97142857142857,9.0,128.21649658715228
31.485714285714288,17.814285714285713,24.814285714285717,31.214285714285715,17.814285714285713,24.785714285714285,48.3,0.8577142857142858,28.571428571428573,3.571428571428572,0.0,26.2,180.3142857142857,1015.7857142857144,48.642857142857146,19.3,-40.29650699301601
13.085714285714284,1.6714285714285717,6.785714285714286,12.828571428571427,-1.0714285714285714,4.985714285714286,69.7,2.338285714285714,14.285714285714286,5.952857142857143,0.0,20.071428571428573,201.8428571428572,1019.2142857142856,53.05714285714286,22.457142857142856,-11.357266519843506
13.671428571428573,1.5857142857142856,7.514285714285714,12.857142857142858,-0.7285714285714285,5.828571428571428,63.5,0.978,28.571428571428573,19.047142857142852,0.0,22.342857142857145,141.47142857142856,1012.3714285714286,58.614285714285714,14.614285714285714,18.17308307506869
28.042857142857144,16.185714285714287,22.285714285714285,27.9,16.185714285714287,22.3,61.1,0.7545714285714286,28.571428571428573,3.571428571428572,0.0,19.27142857142857,281.15714285714284,1018.1714285714286,46.82857142857143,16.642857142857142,-34.861758265723665
5.028571428571429,-1.3571428571428572,1.5285714285714287,1.8000000000000005,-5.914285714285714,-2.4714285714285715,80.44285714285715,1.3085714285714285,42.85714285714285,10.118571428571428,1.72,24.61428571428572,219.18571428571428,1021.1428571428572,78.97142857142856,12.5,-161.0063964699361
-2.314285714285714,-8.22857142857143,-5.085714285714286,-7.614285714285714,-15.257142857142856,-11.085714285714284,80.01428571428572,3.7432857142857134,85.71428571428571,50.0,23.585714285714285,26.65714285714285,191.32857142857145,1013.9714285714286,85.47142857142856,9.9,-55.37770997879807
11.2,0.7714285714285717,5.228571428571429,9.37142857142857,-3.942857142857143,1.7285714285714284,64.22857142857143,7.190714285714286,57.142857142857146,16.07,0.0,34.25714285714286,188.18571428571428,1017.6428571428572,71.85714285714286,14.357142857142858,-10.036647836297334
5.471428571428571,0.4428571428571428,2.814285714285714,2.7857142857142856,-3.2285714285714286,-0.5571428571428572,84.48571428571428,1.633571428571429,57.142857142857146,21.43,1.05,23.8,198.8571428571429,1015.4285714285714,82.14285714285714,13.142857142857142,10.19438434362587
25.75714285714286,17.928571428571427,21.87142857142857,25.942857142857143,17.928571428571427,21.942857142857143,77.47142857142856,3.868571428571428,57.142857142857146,20.83285714285714,0.0,17.642857142857142,152.9857142857143,1013.0285714285714,67.81428571428572,9.471428571428572,-16.665295949883557
28.3,16.685714285714287,22.9,27.985714285714288,16.685714285714287,22.82857142857143,53.81428571428571,0.9717142857142856,28.571428571428573,8.332857142857142,0.0,20.75714285714286,239.52857142857144,1016.0571428571428,37.85714285714285,15.014285714285714,-29.37498690237885
29.62857142857143,14.285714285714286,22.642857142857142,28.928571428571427,14.285714285714286,22.457142857142856,53.55714285714286,0.0382857142857142,14.285714285714286,1.19,0.0,15.8,181.22857142857143,1022.1285714285714,22.942857142857143,15.885714285714286,-26.62791014615641
26.285714285714285,15.642857142857142,21.042857142857144,26.4,15.642857142857142,21.12857142857143,70.08571428571429,2.4737142857142858,71.42857142857143,20.83428571428572,0.0,23.4,241.0142857142857,1008.1428571428572,44.614285714285714,15.55714285714286,241.1920793399113
6.971428571428571,-3.414285714285714,1.3142857142857145,4.714285714285714,-7.357142857142857,-2.142857142857143,74.95714285714287,0.2585714285714285,28.571428571428573,3.571428571428572,0.0,22.785714285714285,269.4428571428571,1019.9714285714286,38.67142857142857,18.12857142857143,-69.4842488707859
25.185714285714287,16.514285714285716,20.75714285714286,25.485714285714288,16.514285714285716,20.8,74.2,3.115142857142857,71.42857142857143,13.69,0.0,23.12857142857143,191.77142857142857,1012.2285714285716,71.81428571428572,16.271428571428572,41.66975871415502
27.4,16.32857142857143,21.6,28.1,16.32857142857143,21.814285714285717,80.08571428571429,0.7538571428571429,71.42857142857143,9.524285714285714,0.0,13.971428571428572,115.47142857142858,1017.5714285714286,46.72857142857142,12.542857142857144,-13.112563517902116
2.442857142857143,-2.942857142857143,-0.3142857142857143,-1.457142857142857,-8.87142857142857,-5.385714285714286,83.39999999999999,4.280571428571428,57.142857142857146,24.40571428571429,6.728571428571429,26.985714285714288,213.32857142857145,1016.1,68.41428571428571,12.985714285714286,13.866856395831746
-8.042857142857143,-16.72857142857143,-12.5,-14.585714285714284,-24.842857142857145,-19.957142857142856,70.92857142857143,0.9242857142857144,57.142857142857146,11.904285714285717,17.928571428571427,24.75714285714286,259.1,1021.2285714285716,61.12857142857143,17.5,-26.89720236795188
24.47142857142857,12.757142857142856,18.62857142857143,25.042857142857144,12.585714285714284,18.714285714285715,76.10000000000001,1.3551428571428572,42.85714285714285,11.308571428571428,0.0,22.37142857142857,154.94285714285712,1016.3714285714286,67.64285714285714,11.1,-41.947194080110194
4.6571428571428575,-0.7142857142857143,1.8142857142857145,2.271428571428572,-5.642857142857143,-1.5857142857142856,71.55714285714285,0.7855714285714287,42.85714285714285,10.12,0.0714285714285714,22.257142857142856,158.02857142857144,1017.4428571428572,77.21428571428571,13.2,49.79444072887373
1.542857142857143,-6.528571428571429,-1.7857142857142858,-1.2571428571428571,-8.9,-5.1571428571428575,77.02857142857144,1.403857142857143,57.142857142857146,16.071428571428573,10.1,20.47142857142857,218.4142857142857,1020.1142857142858,64.81428571428572,12.6,-13.553490770377266
-6.071428571428571,-15.44285714285714,-10.94285714285714,-12.514285714285714,-22.52857142857143,-17.77142857142857,68.05714285714285,1.3871428571428572,42.85714285714285,17.262857142857143,9.385714285714286,25.97142857142857,143.35714285714286,1022.8571428571428,59.57142857142857,21.214285714285715,-103.9900917728387
4.8,-3.3142857142857145,0.7571428571428572,1.657142857142857,-8.542857142857143,-3.7,66.62857142857142,0.3695714285714285,42.85714285714285,3.5700000000000003,0.0,31.414285714285715,249.14285714285717,1026.1714285714286,60.8,21.11428571428572,52.20512435040382
25.12857142857143,12.4,18.957142857142856,24.914285714285715,12.342857142857143,18.914285714285715,61.07142857142857,0.0355714285714285,42.85714285714285,1.7871428571428571,0.0,17.071428571428573,141.6142857142857,1017.0,45.457142857142856,20.071428571428573,-25.5859892226938
28.685714285714287,17.285714285714285,23.17142857142857,30.185714285714287,17.285714285714285,23.714285714285715,71.22857142857143,1.2834285714285714,57.142857142857146,12.5,0.0,19.985714285714288,225.4857142857143,1012.1,34.214285714285715,14.585714285714284,20.448009823428265
21.885714285714283,12.114285714285714,16.97142857142857,21.885714285714283,12.114285714285714,16.97142857142857,75.0,0.4871428571428571,28.571428571428573,3.571428571428572,0.0,17.32857142857143,238.9714285714286,1017.3142857142856,59.67142857142857,15.357142857142858,12.899676325348082
1.0857142857142856,-3.0285714285714285,-0.8714285714285713,-1.4,-8.114285714285714,-5.071428571428571,81.85714285714286,4.363571428571428,71.42857142857143,29.762857142857143,0.7285714285714285,24.085714285714285,144.68571428571428,1009.5571428571428,93.78571428571428,10.071428571428571,16.390978427601567
29.542857142857144,19.228571428571428,24.457142857142856,30.542857142857144,19.228571428571428,24.814285714285717,68.8,0.4262857142857142,28.571428571428573,5.357142857142857,0.0,17.885714285714286,187.54285714285717,1017.5142857142856,33.44285714285714,13.4,14.145387442338006
5.857142857142857,-2.842857142857143,0.9428571428571428,4.471428571428572,-5.785714285714286,-1.3142857142857145,76.27142857142857,1.6052857142857142,28.571428571428573,6.547142857142857,0.0,16.714285714285715,165.44285714285712,1016.3571428571428,59.1,15.085714285714284,66.0686560982208
28.228571428571428,18.47142857142857,23.442857142857143,29.485714285714288,18.47142857142857,23.814285714285717,66.37142857142858,5.416428571428571,28.571428571428573,7.142857142857143,0.0,18.314285714285717,107.98571428571428,1015.4285714285714,49.34285714285714,17.071428571428573,-17.647587579415358
9.771428571428572,2.657142857142857,6.0857142857142845,8.028571428571428,-1.5571428571428572,2.914285714285714,73.2,3.5937142857142854,71.42857142857143,40.47571428571428,1.2571428571428571,28.842857142857145,284.6714285714285,1004.0285714285714,80.87142857142858,12.728571428571428,8.42994015668296
4.442857142857143,-0.6,1.9142857142857144,1.442857142857143,-4.885714285714286,-1.9857142857142855,77.02857142857144,1.2524285714285714,42.85714285714285,11.904285714285717,0.0,24.82857142857143,189.67142857142855,1012.9714285714286,84.47142857142856,17.52857142857143,-180.9682082439715
10.285714285714286,1.5285714285714285,5.871428571428571,8.657142857142857,-1.8428571428571432,3.2,78.0,3.1612857142857145,57.142857142857146,13.691428571428572,0.0,25.414285714285715,169.42857142857142,1014.5714285714286,66.94285714285715,13.957142857142856,-14.078397804021051
25.685714285714283,16.17142857142857,20.914285714285715,26.02857142857143,16.17142857142857,20.97142857142857,70.60000000000001,17.087142857142858,71.42857142857143,8.332857142857142,0.0,24.74285714285714,250.0142857142857,1012.8714285714286,64.71428571428571,22.4,-18.21021562118699
22.214285714285715,9.4,15.342857142857143,22.214285714285715,8.9,15.214285714285714,68.31428571428572,0.0,0.0,0.0,0.0,15.642857142857142,170.91428571428574,1026.5142857142855,32.6,12.171428571428573,-19.740769716487197
28.9,18.071428571428573,23.571428571428573,30.27142857142857,18.071428571428573,23.914285714285715,74.61428571428571,3.186857142857143,85.71428571428571,11.905714285714286,0.0,17.071428571428573,211.4,1017.4285714285714,42.57142857142857,14.0,4.538865605961746
16.485714285714288,5.857142857142857,10.7,16.485714285714288,5.057142857142857,10.12857142857143,62.58571428571429,1.3272857142857144,28.571428571428573,7.737142857142857,0.0,24.885714285714283,224.3428571428572,1017.7857142857144,35.385714285714286,14.87142857142857,-19.84034956500841
12.5,3.557142857142857,7.671428571428571,11.085714285714287,-0.7428571428571429,4.557142857142857,71.08571428571429,2.325142857142857,85.71428571428571,17.857142857142858,0.0,37.18571428571429,238.67142857142855,1006.5,80.11428571428571,19.11428571428572,6.375483430026407
25.47142857142857,14.9,20.057142857142857,25.414285714285715,14.9,20.071428571428573,69.62857142857142,2.7692857142857146,42.85714285714285,14.881428571428572,0.0,19.785714285714285,178.28571428571428,1016.8857142857142,50.642857142857146,14.55714285714286,-57.396775152919645
11.857142857142858,3.771428571428572,7.685714285714285,11.12857142857143,2.2285714285714286,6.371428571428572,71.1,1.7244285714285714,42.85714285714285,8.930000000000001,0.0,17.842857142857145,181.4,1016.6857142857144,68.27142857142857,12.528571428571428,-28.913505050531057
26.1,16.285714285714285,21.27142857142857,26.557142857142857,16.285714285714285,21.4,74.64285714285714,3.678,42.85714285714285,13.094285714285714,0.0,20.728571428571428,250.3,1018.1428571428572,56.285714285714285,10.471428571428572,-63.23852983273423
25.65714285714285,17.814285714285713,21.442857142857143,26.3,17.814285714285713,21.6,75.10000000000001,0.7307142857142858,71.42857142857143,8.928571428571429,0.0,20.17142857142857,169.35714285714286,1014.8571428571428,77.0,14.271428571428572,-26.326327848377105
22.428571428571427,12.6,17.442857142857143,22.457142857142856,12.6,17.428571428571427,68.27142857142857,1.338,42.85714285714285,16.667142857142856,0.0,20.314285714285717,223.78571428571428,1013.4857142857144,64.08571428571429,15.528571428571428,-5.162497582119386
-4.142857142857143,-11.585714285714284,-7.614285714285714,-7.399999999999999,-16.62857142857143,-11.94285714285714,66.8,0.0,0.0,0.0,3.085714285714286,21.87142857142857,250.7428571428572,1021.1714285714286,55.48571428571428,14.1,20.20770039351828
23.428571428571427,10.8,17.3,23.0,10.4,17.0,55.8,0.7335714285714285,28.571428571428573,4.761428571428572,0.0,23.728571428571428,194.6142857142857,1012.2714285714284,43.114285714285714,15.842857142857143,24.218850326174103
15.228571428571428,6.1000000000000005,10.7,14.814285714285717,3.871428571428571,9.357142857142858,69.45714285714286,6.387428571428572,85.71428571428571,27.37857142857143,0.0,24.7,187.87142857142857,1016.3714285714286,65.92857142857143,13.44285714285714,-16.466081540997266
21.62857142857143,12.642857142857142,16.914285714285715,21.62857142857143,12.485714285714286,16.885714285714286,75.74285714285715,2.817142857142857,57.142857142857146,12.5,0.0,17.814285714285713,205.15714285714284,1017.7,58.94285714285714,15.157142857142857,-46.51093194995815
15.585714285714284,5.714285714285714,11.285714285714286,14.828571428571427,3.185714285714286,9.928571428571429,69.91428571428573,1.616142857142857,28.571428571428573,6.547142857142857,0.0,26.914285714285715,181.87142857142857,1020.9714285714286,65.07142857142857,18.442857142857143,-32.41982081926881
4.0,0.2857142857142857,1.9,0.8571428571428571,-4.557142857142857,-2.2285714285714286,85.75714285714285,2.188285714285714,85.71428571428571,28.571428571428573,1.0571428571428572,26.142857142857142,193.2428571428572,1015.8,95.45714285714288,9.514285714285714,16.649709280861316
27.042857142857144,17.842857142857145,22.27142857142857,27.714285714285715,17.842857142857145,22.47142857142857,71.58571428571427,3.863285714285714,71.42857142857143,13.691428571428572,0.0,17.257142857142856,168.44285714285712,1014.8571428571428,44.68571428571429,14.657142857142857,27.96808063644789
4.614285714285714,-1.7571428571428571,1.285714285714286,1.7714285714285716,-5.728571428571429,-2.257142857142857,70.55714285714286,0.1387142857142857,14.285714285714286,1.19,0.0,20.357142857142858,270.04285714285714,1021.8857142857144,57.72857142857144,16.785714285714285,21.59178340883136
8.385714285714286,-0.1857142857142855,3.957142857142857,5.985714285714286,-4.0,0.4428571428571429,69.28571428571429,0.5525714285714286,42.85714285714285,9.524285714285714,0.0,29.3,245.87142857142857,1015.5,47.5,19.61428571428572,-92.34146222753338
-2.7857142857142856,-8.185714285714285,-5.742857142857143,-8.171428571428573,-15.528571428571428,-12.257142857142856,76.7,0.9107142857142856,42.85714285714285,15.477142857142857,4.457142857142857,27.2,147.57142857142858,1016.7571428571428,91.18571428571428,17.8,60.21210520392674
13.94285714285714,3.1142857142857143,8.471428571428572,12.985714285714286,-0.0999999999999999,6.1571428571428575,63.21428571428572,1.1328571428571428,57.142857142857146,13.094285714285714,0.0,27.82857142857143,204.57142857142856,1010.1714285714286,68.12857142857142,17.214285714285715,65.08654409090786
27.985714285714288,17.3,22.6,28.428571428571427,17.3,22.77142857142857,66.0,2.149857142857143,71.42857142857143,8.332857142857142,0.0,20.071428571428573,184.6,1019.4142857142856,61.22857142857144,15.414285714285716,-26.43679487396912
-4.6571428571428575,-12.014285714285714,-7.928571428571429,-9.028571428571428,-17.02857142857143,-13.142857142857142,69.18571428571428,0.693,57.142857142857146,12.5,15.142857142857142,23.642857142857142,178.82857142857142,1021.3,60.02857142857143,12.928571428571429,-15.978906923585328
6.185714285714285,-2.7,1.0714285714285714,3.8,-8.057142857142857,-2.9714285714285715,86.68571428571428,1.6982857142857146,42.85714285714285,13.095714285714283,2.628571428571429,27.128571428571423,201.2142857142857,1014.9571428571428,90.6,10.3,18.70198252229852
26.071428571428573,12.7,19.914285714285715,25.97142857142857,12.7,19.914285714285715,54.07142857142857,0.0167142857142857,28.571428571428573,1.7857142857142858,0.0,18.557142857142857,161.5142857142857,1015.7714285714284,31.27142857142857,15.828571428571427,17.583595517887943
10.185714285714283,0.3714285714285715,5.442857142857143,8.514285714285714,-1.842857142857143,3.4714285714285715,71.52857142857142,0.351,42.85714285714285,5.358571428571429,0.0,22.4,238.48571428571427,1018.3285714285714,54.285714285714285,20.242857142857144,-13.059004967135024
-0.0571428571428572,-7.771428571428571,-3.971428571428572,-4.1,-13.271428571428572,-9.128571428571428,78.05714285714285,1.3011428571428572,71.42857142857143,14.882857142857144,3.857142857142857,27.214285714285715,179.92857142857142,1017.3,78.84285714285714,11.842857142857143,59.994948661973694
23.62857142857143,10.528571428571428,16.814285714285713,23.61428571428572,9.414285714285716,16.571428571428573,70.02857142857142,3.821,42.85714285714285,16.072857142857142,3.04,25.25714285714286,212.78571428571428,1015.9142857142856,42.785714285714285,14.285714285714286,48.97915603287129
28.142857142857142,18.3,23.2,30.385714285714283,18.3,23.914285714285715,70.67142857142858,7.851285714285715,42.85714285714285,16.665714285714284,0.0,19.65714285714285,256.12857142857143,1016.0285714285714,45.54285714285714,14.885714285714286,-26.33085052421416
22.75714285714286,11.6,17.228571428571428,22.642857142857142,11.542857142857144,17.214285714285715,74.11428571428571,2.13,57.142857142857146,19.642857142857142,0.0,15.8,242.27142857142857,1017.6714285714286,58.42857142857143,14.2,-13.39620245861397
22.642857142857142,13.814285714285717,18.242857142857144,22.785714285714285,13.514285714285716,18.2,77.58571428571429,0.2782857142857143,42.85714285714285,5.358571428571429,0.0,23.042857142857144,274.35714285714283,1014.0,61.6,16.885714285714286,-29.98223385705478
21.485714285714288,10.542857142857144,16.02857142857143,21.485714285714288,10.485714285714286,16.0,64.12857142857142,0.9535714285714284,42.85714285714285,10.714285714285714,0.0,21.414285714285715,148.4,1018.6714285714286,44.54285714285714,13.757142857142856,-22.43667548649455
11.142857142857142,2.085714285714286,6.642857142857143,9.785714285714286,-0.1714285714285715,4.757142857142857,76.10000000000001,1.1994285714285715,57.142857142857146,14.285714285714286,0.0,19.65714285714285,143.34285714285713,1024.2285714285715,67.3,11.12857142857143,-11.331581684110915
18.557142857142857,6.471428571428571,12.44285714285714,18.557142857142857,4.714285714285714,11.757142857142856,72.68571428571428,4.296142857142858,28.571428571428573,4.761428571428572,0.0,24.1,244.32857142857145,1020.4857142857144,35.95714285714286,23.3,-93.49714005586588
16.914285714285715,4.742857142857143,10.914285714285716,16.914285714285715,2.585714285714286,9.857142857142858,59.6,0.9931428571428572,71.42857142857143,11.904285714285717,0.0,27.257142857142856,177.07142857142858,1010.7857142857144,53.72857142857144,18.97142857142857,52.09145678031541
-1.0714285714285714,-8.3,-4.0,-6.528571428571429,-14.3,-9.914285714285716,76.44285714285715,0.0,0.0,0.0,14.957142857142856,28.228571428571428,250.58571428571423,1019.1,63.54285714285714,14.485714285714286,-51.23761483971612
23.74285714285714,13.3,18.571428571428573,23.785714285714285,12.828571428571427,18.52857142857143,70.65714285714286,2.6235714285714287,28.571428571428573,10.12,0.0,20.385714285714283,198.67142857142855,1014.4571428571428,44.41428571428571,14.457142857142856,-61.163432134060486
27.61428571428572,14.171428571428567,20.77142857142857,27.9,14.171428571428567,20.87142857142857,68.88571428571429,1.485142857142857,42.85714285714285,2.9771428571428573,0.0,22.185714285714283,196.75714285714284,1013.4714285714286,38.7,14.171428571428573,-7.139833625420351
26.3,18.485714285714288,22.17142857142857,27.357142857142858,18.485714285714288,22.4,77.91428571428571,5.287999999999999,57.142857142857146,13.691428571428572,0.0,17.257142857142856,228.62857142857143,1013.5142857142856,51.5,14.44285714285714,-24.759550670887396
7.828571428571428,-1.6428571428571428,3.242857142857143,5.285714285714286,-6.414285714285714,-0.2428571428571427,56.21428571428572,0.7667142857142857,14.285714285714286,5.952857142857143,6.633333333333333,25.65714285714285,274.85714285714283,1013.1428571428572,50.8,20.97142857142857,58.55309550320544
-9.94285714285714,-16.814285714285713,-13.55714285714286,-16.357142857142858,-25.15714285714285,-21.17142857142857,73.88571428571429,0.3224285714285714,42.85714285714285,8.928571428571429,6.471428571428571,23.857142857142858,249.91428571428568,1026.142857142857,52.04285714285714,16.4,642.5718372590909
8.742857142857142,0.5428571428571428,4.6571428571428575,7.0,-3.542857142857143,1.3714285714285714,63.957142857142856,1.9232857142857136,57.142857142857146,22.618571428571425,0.0,25.67142857142857,238.7,1012.9428571428572,72.65714285714286,17.7,8.079871989438516
27.814285714285717,17.128571428571426,22.2,28.814285714285717,17.128571428571426,22.342857142857145,73.45714285714287,5.754,28.571428571428573,7.738571428571428,0.0,22.8,241.44285714285712,1018.8,62.05714285714286,14.314285714285711,39.61266029687181
3.3000000000000003,-5.171428571428572,-0.8428571428571427,0.4428571428571428,-9.171428571428573,-4.457142857142857,68.34285714285714,0.0181428571428571,14.285714285714286,1.19,0.8142857142857143,21.82857142857143,224.44285714285712,1014.2142857142856,63.05714285714286,14.028571428571428,-24.73766750605546
8.871428571428572,0.5142857142857142,4.514285714285714,6.971428571428571,-3.485714285714286,1.3428571428571427,77.35714285714286,1.7974285714285716,42.85714285714285,16.665714285714284,0.0,28.32857142857143,203.3857142857143,1015.3142857142856,83.22857142857143,13.671428571428573,-58.11258996199422
23.842857142857145,12.728571428571428,18.485714285714288,24.15714285714285,12.3,18.457142857142856,71.47142857142858,0.4085714285714285,42.85714285714285,7.141428571428571,0.0,19.52857142857143,149.52857142857144,1013.6,63.05714285714286,15.4,7.542842818363397
5.1571428571428575,-3.0285714285714285,1.0714285714285716,4.128571428571429,-4.471428571428572,-0.8142857142857142,77.5,0.2254285714285714,42.85714285714285,8.332857142857142,3.8857142857142857,15.342857142857142,181.6,1016.8714285714286,63.34285714285714,11.94285714285714,21.283806602978075
7.6571428571428575,-0.9571428571428572,2.9857142857142853,4.714285714285714,-4.571428571428571,-0.6857142857142858,73.88571428571429,3.338714285714286,71.42857142857143,21.428571428571427,0.8285714285714285,29.142857142857142,203.05714285714288,1014.0857142857144,56.91428571428571,13.94285714285714,-30.441361030797907
-2.585714285714286,-8.27142857142857,-5.285714285714286,-5.7,-13.171428571428573,-9.714285714285714,74.67142857142858,0.3314285714285714,28.571428571428573,10.714285714285714,6.0,21.27142857142857,148.78571428571428,1016.1285714285714,76.7,13.37142857142857,-69.59603879041924
17.385714285714286,4.5,10.72857142857143,16.942857142857143,1.657142857142857,9.157142857142857,53.82857142857143,0.6245714285714286,42.85714285714285,7.738571428571428,0.0,27.814285714285717,200.78571428571428,1013.2857142857144,33.31428571428571,15.785714285714286,-85.13162845078591
19.61428571428572,9.071428571428571,14.042857142857144,19.61428571428572,8.571428571428571,13.94285714285714,70.35714285714286,1.0292857142857144,71.42857142857143,14.287142857142856,0.0,17.614285714285714,164.98571428571427,1014.8142857142856,64.68571428571428,14.885714285714286,57.14872845945092
12.728571428571428,2.7,7.685714285714285,12.728571428571428,-0.6,5.6,60.457142857142856,2.362428571428571,42.85714285714285,17.262857142857143,0.0,25.014285714285712,201.68571428571428,1012.6714285714286,43.785714285714285,15.014285714285714,-27.218065268263217
28.414285714285715,16.942857142857143,22.6,29.32857142857143,16.942857142857143,22.814285714285717,72.15714285714286,0.014,14.285714285714286,0.5957142857142858,0.0,20.185714285714283,69.71428571428571,1018.7714285714284,47.55714285714286,15.042857142857144,-38.64255634362621
19.457142857142856,13.571428571428571,16.34285714285714,19.457142857142856,13.571428571428571,16.34285714285714,81.27142857142857,4.792285714285714,71.42857142857143,29.76142857142857,0.0,15.5,44.24285714285714,1018.3857142857142,84.31428571428572,12.142857142857142,-13.00028445494263
28.02857142857143,17.214285714285715,22.642857142857142,28.428571428571427,17.214285714285715,22.75714285714286,65.97142857142858,1.412,28.571428571428573,4.762857142857143,0.0,19.88571428571429,183.82857142857145,1016.6,34.614285714285714,14.2,-19.02638688760203
-0.2571428571428572,-6.885714285714286,-3.5285714285714285,-3.842857142857143,-12.385714285714286,-8.242857142857144,74.91428571428571,2.663,85.71428571428571,22.62,0.3142857142857143,27.185714285714287,249.8428571428572,1016.6857142857144,81.01428571428572,12.8,0.246307742783074
3.271428571428572,-1.042857142857143,0.8571428571428571,-0.0571428571428572,-6.6571428571428575,-3.585714285714286,78.21428571428571,0.9421428571428572,42.85714285714285,8.334285714285715,6.7,29.485714285714288,221.4,1016.8285714285714,91.42857142857144,13.671428571428573,-29.15308873424715
27.514285714285712,15.7,21.914285714285715,27.5,15.7,21.97142857142857,64.24285714285715,0.7497142857142858,42.85714285714285,9.524285714285714,0.0,19.5,201.2428571428572,1015.157142857143,34.84285714285714,15.657142857142858,23.09226458133753
28.02857142857143,14.7,21.1,27.314285714285717,14.7,20.97142857142857,66.65714285714286,2.1728571428571426,71.42857142857143,13.691428571428572,0.0,14.685714285714289,186.04285714285717,1017.5142857142856,39.5,13.714285714285714,-47.21745606102991
-1.114285714285714,-5.714285714285714,-3.742857142857143,-6.685714285714285,-12.314285714285717,-9.928571428571429,71.32857142857144,0.0608571428571428,42.85714285714285,5.358571428571429,0.2999999999999999,25.5,251.22857142857143,1022.5714285714286,83.22857142857143,13.985714285714286,-74.94401373448318
18.357142857142858,9.114285714285714,13.842857142857143,18.357142857142858,8.485714285714286,13.528571428571428,70.58571428571429,4.289,42.85714285714285,20.237142857142857,0.0,20.185714285714287,168.20000000000002,1012.2571428571428,59.42857142857143,13.785714285714286,84.88689401476518
16.3,4.671428571428571,10.414285714285716,16.3,2.185714285714286,9.428571428571429,57.385714285714286,1.0924285714285713,42.85714285714285,14.285714285714286,0.0,21.685714285714287,173.08571428571426,1014.6,43.471428571428575,15.242857142857144,-45.87399649329336
25.885714285714283,15.014285714285714,20.542857142857144,26.02857142857143,15.014285714285714,20.61428571428572,67.5,0.5462857142857144,28.571428571428573,3.571428571428572,0.0,18.442857142857143,238.9857142857143,1018.8857142857142,51.114285714285714,19.914285714285715,-28.05644572638539
15.528571428571428,6.128571428571429,10.857142857142858,15.528571428571428,4.028571428571429,9.785714285714286,70.15714285714286,6.233428571428571,71.42857142857143,24.40571428571429,0.0,29.071428571428573,202.9142857142857,1008.7,64.92857142857143,16.9,18.631169317661037
22.414285714285715,11.985714285714286,17.585714285714285,22.414285714285715,11.985714285714286,17.585714285714285,65.12857142857142,1.0018571428571428,71.42857142857143,10.714285714285714,0.0,23.52857142857143,254.28571428571428,1015.8142857142856,46.02857142857143,15.385714285714286,-19.03514310659466
11.457142857142856,1.9428571428571428,6.6000000000000005,10.957142857142856,-0.6,4.957142857142857,79.5,4.333142857142858,28.571428571428573,13.69,0.0,20.37142857142857,92.4,1022.2428571428572,61.07142857142857,12.5,37.61546464116009
22.87142857142857,12.971428571428572,18.02857142857143,22.87142857142857,12.614285714285714,18.014285714285712,74.52857142857144,1.7577142857142858,28.571428571428573,5.357142857142857,0.0,23.514285714285712,217.68571428571428,1017.1857142857144,45.94285714285714,22.542857142857144,-2.7004465109985176
27.985714285714288,19.2,23.385714285714283,29.1,19.2,23.714285714285715,77.35714285714286,5.742285714285714,85.71428571428571,25.595714285714287,0.0,18.142857142857142,224.1142857142857,1011.4142857142856,54.02857142857143,14.428571428571429,-25.76605560905045
15.2,3.0285714285714285,9.514285714285714,15.2,0.1857142857142855,8.128571428571428,45.285714285714285,0.0095714285714285,14.285714285714286,0.5957142857142858,0.0,29.814285714285717,231.57142857142856,1017.0857142857144,30.642857142857142,28.8,41.14230482897369
26.728571428571428,16.142857142857142,21.885714285714283,27.928571428571427,15.914285714285716,22.285714285714285,64.9,1.3215714285714288,28.571428571428573,2.9771428571428578,0.0,20.75714285714286,254.17142857142855,1017.6,46.54285714285714,22.52857142857143,12.125250396168894
26.3,12.6,19.9,25.77142857142857,12.6,19.77142857142857,59.3,0.1751428571428571,14.285714285714286,1.19,0.0,19.15714285714285,216.7428571428572,1015.2714285714284,30.628571428571423,15.44285714285714,143.23051620420597
15.585714285714284,8.857142857142858,12.3,15.185714285714283,7.028571428571429,11.342857142857143,81.51428571428572,4.549285714285714,85.71428571428571,33.92714285714286,0.0,18.357142857142858,87.3,1011.1142857142858,93.92857142857144,11.9,-10.993583963734409
8.200000000000001,-1.2857142857142854,3.6,5.928571428571429,-4.314285714285714,1.0,66.38571428571429,1.2345714285714289,28.571428571428573,5.357142857142857,0.0,28.62857142857143,250.6142857142857,1021.6857142857144,50.57142857142857,14.2,9.817220558552664
10.2,6.342857142857143,8.242857142857144,8.428571428571429,3.5,6.057142857142857,86.91428571428571,0.5244285714285714,71.42857142857143,12.5,0.0,23.428571428571427,109.61428571428571,1014.0714285714286,93.22857142857144,14.385714285714286,15.424573919857949
2.0,-4.771428571428571,-1.2285714285714289,-1.342857142857143,-9.471428571428572,-5.414285714285716,79.08571428571429,0.3875714285714285,57.142857142857146,5.357142857142857,11.033333333333331,22.97142857142857,199.68571428571428,1017.5,86.42857142857143,13.842857142857143,34.737734038141525
2.8285714285714287,-5.3,-1.1285714285714286,-1.985714285714285,-11.571428571428571,-6.742857142857143,60.17142857142857,0.1495714285714285,71.42857142857143,4.168571428571428,0.0,33.15714285714286,297.6857142857143,1005.3142857142856,60.48571428571428,20.071428571428573,-3.4753280950169483
1.7714285714285716,-3.914285714285714,-0.9428571428571428,-1.2428571428571429,-7.442857142857143,-4.314285714285714,74.18571428571428,0.1112857142857142,28.571428571428573,7.737142857142857,1.7285714285714284,18.942857142857143,237.4,1022.9142857142856,80.39999999999999,14.385714285714286,-13.3496630803661
-7.271428571428571,-14.228571428571428,-10.328571428571427,-12.842857142857143,-21.557142857142857,-17.071428571428573,70.35714285714286,0.0704285714285714,28.571428571428573,4.167142857142857,2.571428571428572,27.057142857142857,259.35714285714283,1020.4857142857144,67.55714285714285,21.7,12.539405714326904
27.27142857142857,17.942857142857143,22.2,28.0,17.942857142857143,22.428571428571427,74.78571428571429,3.569714285714286,85.71428571428571,20.237142857142857,0.0,23.6,200.72857142857143,1016.4142857142856,74.51428571428572,10.9,-30.267656580652783
22.642857142857142,9.8,16.342857142857145,22.642857142857142,9.8,16.32857142857143,56.82857142857143,0.3794285714285714,42.85714285714285,4.761428571428572,0.0,21.957142857142856,138.15714285714284,1016.7714285714284,46.62857142857143,14.2,46.80251592583386
17.32857142857143,8.942857142857143,12.9,17.32857142857143,7.357142857142857,12.257142857142856,58.114285714285714,2.0997142857142856,28.571428571428573,9.524285714285714,0.0,23.414285714285715,127.52857142857142,1016.9,77.97142857142856,19.15714285714285,23.915493416763184
1.9285714285714288,-7.671428571428571,-2.857142857142857,-2.5285714285714285,-12.7,-7.757142857142857,77.44285714285715,1.5241428571428572,42.85714285714285,11.905714285714286,9.042857142857144,24.47142857142857,200.68571428571428,1012.6285714285714,61.07142857142857,13.7,63.43681759109632
-2.3428571428571425,-7.242857142857143,-4.714285714285714,-8.0,-13.4,-10.4,75.41428571428571,0.5037142857142857,42.85714285714285,13.69,3.0142857142857147,25.15714285714285,207.7428571428572,1020.8285714285714,71.84285714285714,16.04285714285714,84.34431215404175
14.714285714285714,3.257142857142857,8.671428571428573,14.3,0.7428571428571429,7.128571428571428,78.2,0.5848571428571429,42.85714285714285,6.548571428571429,7.5,19.428571428571427,140.42857142857142,1010.9,47.642857142857146,10.1,12.88851670474446
20.67142857142857,12.0,16.5,20.642857142857142,11.214285714285714,16.214285714285715,78.87142857142858,6.191571428571429,100.0,26.785714285714285,0.0,20.228571428571428,144.9,1009.7142857142856,75.57142857142857,13.714285714285714,-125.2070784418529
-5.828571428571428,-17.04285714285714,-10.828571428571427,-10.571428571428571,-24.142857142857142,-16.785714285714285,78.72857142857143,0.9235714285714286,71.42857142857143,21.428571428571427,23.142857142857142,24.11428571428572,175.05714285714288,1019.1285714285714,69.51428571428572,9.471428571428572,25.01931187165997
10.157142857142857,1.085714285714286,5.5,8.371428571428572,-1.757142857142857,2.885714285714286,74.7,0.6272857142857143,28.571428571428573,11.308571428571428,1.0,22.75714285714286,245.87142857142857,1025.642857142857,54.48571428571428,18.942857142857143,47.07488162894242
-5.428571428571429,-13.185714285714283,-8.242857142857144,-9.685714285714283,-21.571428571428573,-14.742857142857142,85.72857142857143,3.401285714285714,71.42857142857143,20.83142857142857,36.6,25.285714285714285,219.7428571428572,1012.9,81.74285714285715,9.957142857142856,-144.744727230561
0.8571428571428571,-8.328571428571427,-3.928571428571429,-1.8428571428571427,-12.457142857142856,-7.514285714285714,74.91428571428571,0.996,14.285714285714286,6.547142857142857,8.857142857142858,20.785714285714285,176.92857142857142,1020.2428571428572,39.21428571428572,12.485714285714286,-106.1891537008246
11.6,1.3142857142857145,6.342857142857143,10.914285714285716,-2.3999999999999995,4.0,64.95714285714286,0.8702857142857142,42.85714285714285,10.118571428571428,0.0,28.61428571428572,253.68571428571428,1016.842857142857,59.71428571428572,15.6,26.051875428824587
21.32857142857143,10.271428571428572,15.742857142857144,21.32857142857143,9.985714285714286,15.642857142857142,67.97142857142858,0.8581428571428571,42.85714285714285,5.952857142857143,0.0,23.15714285714285,217.67142857142855,1008.9857142857144,54.62857142857143,14.485714285714286,-44.70388339393821
1.9857142857142855,-5.885714285714286,-1.8142857142857145,-1.5857142857142856,-11.542857142857144,-6.742857142857142,70.08571428571429,0.3419999999999999,57.142857142857146,6.547142857142857,1.26,23.957142857142856,217.65714285714284,1018.0142857142856,82.67142857142858,18.25714285714286,9.69170210577613
11.94285714285714,4.814285714285714,8.157142857142857,11.257142857142856,3.014285714285714,6.585714285714286,83.28571428571429,0.9925714285714284,57.142857142857146,12.5,0.0,21.285714285714285,208.52857142857144,1018.8285714285714,77.7,10.571428571428571,27.087416549263253
20.514285714285712,10.757142857142858,15.785714285714286,20.52857142857143,9.814285714285717,15.642857142857142,71.3,1.2044285714285716,57.142857142857146,10.12,0.0,21.82857142857143,215.2428571428572,1015.4571428571428,74.02857142857144,15.457142857142856,48.91938240688091
16.6,6.871428571428572,11.914285714285716,16.6,5.514285714285714,11.37142857142857,69.35714285714286,4.7457142857142856,42.85714285714285,9.524285714285714,0.0,24.11428571428572,213.32857142857145,1013.6857142857144,37.6,14.1,-28.06466629885017
2.085714285714286,-6.128571428571428,-1.8000000000000005,-2.1,-11.242857142857144,-6.742857142857143,71.0,0.108,57.142857142857146,4.167142857142857,1.15,24.214285714285715,183.5,1019.2857142857144,59.285714285714285,18.514285714285712,-35.31577161217547
32.2,20.428571428571427,26.357142857142858,34.128571428571426,20.428571428571427,27.27142857142857,67.08571428571427,0.854,57.142857142857146,4.762857142857143,0.0,24.12857142857143,242.58571428571423,1013.4714285714286,52.8,17.1,-7.204764540448196
10.528571428571428,2.8142857142857136,6.471428571428571,9.828571428571427,1.557142857142857,5.242857142857143,82.44285714285715,1.3671428571428572,57.142857142857146,17.262857142857143,0.0,14.842857142857143,171.45714285714286,1029.9571428571428,62.24285714285714,10.94285714285714,-22.186509109540797
24.32857142857143,15.828571428571427,19.77142857142857,24.314285714285717,15.828571428571427,19.77142857142857,72.51428571428572,0.918,85.71428571428571,13.094285714285714,0.0,16.642857142857142,296.4428571428571,1012.7,60.885714285714286,14.55714285714286,9.383859908390376
19.071428571428573,6.957142857142857,13.614285714285714,19.071428571428573,5.3,13.257142857142856,51.68571428571429,0.143,57.142857142857146,2.9771428571428573,0.0,22.65714285714285,76.47142857142856,1019.5428571428572,43.01428571428572,21.4,-29.74283840144858
21.985714285714288,10.042857142857144,16.45714285714286,21.985714285714288,9.642857142857142,16.37142857142857,61.32857142857143,0.0822857142857142,14.285714285714286,0.5957142857142858,0.0,20.057142857142857,179.79999999999998,1015.2428571428572,58.642857142857146,23.085714285714285,3.3704257391286774
2.8000000000000003,-3.1142857142857143,0.3428571428571428,0.1714285714285713,-8.5,-3.6000000000000005,82.82857142857142,5.897857142857142,71.42857142857143,30.952857142857145,6.457142857142857,23.357142857142858,209.98571428571427,1016.7,93.17142857142858,11.242857142857144,34.57974217230367
25.74285714285714,14.571428571428571,20.12857142857143,25.885714285714283,14.414285714285716,20.142857142857142,68.01428571428572,2.274714285714286,28.571428571428573,3.571428571428572,0.0,21.4,157.35714285714286,1016.7428571428572,44.05714285714286,20.685714285714287,84.94335342365639
-1.9285714285714288,-8.742857142857144,-4.842857142857143,-7.571428571428571,-15.9,-11.342857142857143,74.52857142857144,0.3805714285714286,42.85714285714285,7.737142857142857,10.257142857142856,29.542857142857144,235.2142857142857,1012.9571428571428,87.94285714285715,16.428571428571427,90.4406768292008
29.214285714285715,15.5,23.014285714285712,29.62857142857143,15.5,23.185714285714287,60.72857142857144,0.9927142857142855,14.285714285714286,1.7857142857142858,0.0,20.11428571428572,256.72857142857146,1015.3571428571428,17.271428571428572,15.3,26.81017786313032
-6.642857142857143,-12.585714285714287,-9.457142857142856,-13.142857142857142,-20.571428571428573,-16.857142857142858,70.48571428571428,0.5937142857142856,71.42857142857143,12.501428571428573,4.285714285714286,28.74285714285714,249.0142857142857,1025.9571428571428,72.44285714285715,15.971428571428572,39.28699218434008
5.5,-1.0285714285714287,2.3000000000000003,2.7142857142857144,-4.1000000000000005,-0.9571428571428572,77.61428571428571,1.6585714285714286,85.71428571428571,20.23857142857143,0.0,21.885714285714283,233.04285714285717,1009.9857142857144,66.68571428571428,13.957142857142856,-4.472985488698669
18.557142857142857,5.985714285714286,11.542857142857144,18.071428571428573,4.6000000000000005,10.6,78.77142857142857,0.3445714285714286,14.285714285714286,5.357142857142857,0.0,17.45714285714286,203.95714285714288,1023.6428571428572,48.957142857142856,12.285714285714286,31.279290179453028
26.62857142857143,16.942857142857143,21.685714285714287,26.77142857142857,16.942857142857143,21.728571428571428,75.45714285714287,5.956428571428572,57.142857142857146,16.071428571428573,0.0,23.071428571428573,194.3571428571429,1016.3857142857142,57.81428571428571,14.257142857142856,11.101909961515958
-1.7428571428571429,-10.4,-5.3,-7.071428571428571,-16.385714285714286,-11.1,71.5,0.2092857142857142,42.85714285714285,4.167142857142857,3.0,29.9,258.37142857142857,1018.4142857142856,62.92857142857143,15.828571428571427,314.87665033974235
25.542857142857144,14.714285714285714,20.214285714285715,25.75714285714286,14.714285714285714,20.24285714285714,62.01428571428572,1.8104285714285715,42.85714285714285,6.548571428571429,0.0,24.82857142857143,243.65714285714287,1006.842857142857,60.957142857142856,20.75714285714286,-2.564967129776278
19.77142857142857,9.328571428571427,14.62857142857143,19.77142857142857,8.7,14.457142857142856,74.89999999999999,1.542,85.71428571428571,10.714285714285714,0.0,15.757142857142858,188.8857142857143,1012.1428571428572,60.91428571428571,13.44285714285714,-39.51794991840802
22.557142857142857,11.885714285714286,16.985714285714288,23.0,11.585714285714284,17.04285714285714,68.5,0.9392857142857144,71.42857142857143,6.548571428571429,0.0,24.11428571428572,248.1142857142857,1019.0857142857144,65.34285714285714,19.914285714285715,10.60547998565221
21.728571428571428,11.828571428571427,16.928571428571427,21.714285714285715,11.514285714285716,16.885714285714286,68.15714285714286,0.1784285714285714,28.571428571428573,2.381428571428572,0.0,22.61428571428572,224.15714285714284,1014.0571428571428,64.32857142857144,13.585714285714284,-9.454491270062364
12.785714285714286,2.9714285714285715,7.642857142857143,11.94285714285714,-0.157142857142857,5.757142857142858,67.35714285714286,2.5675714285714286,28.571428571428573,12.5,2.9,23.17142857142857,217.7,1014.157142857143,75.5,12.271428571428572,-141.41306869554705
-4.214285714285714,-12.685714285714283,-8.571428571428571,-8.9,-20.142857142857142,-15.028571428571428,73.45714285714287,1.3412857142857142,42.85714285714285,15.475714285714286,5.314285714285715,25.62857142857143,222.7142857142857,1018.6428571428572,66.11428571428571,12.12857142857143,-35.03105958056699
26.785714285714285,19.52857142857143,22.957142857142856,27.985714285714288,19.52857142857143,23.2,78.07142857142857,2.744428571428572,100.0,20.23857142857143,0.0,22.557142857142857,201.64285714285717,1011.4857142857144,65.77142857142857,14.757142857142856,-2.8418767767855115
8.342857142857143,-3.742857142857143,1.842857142857143,5.357142857142857,-9.428571428571429,-2.4,58.25714285714286,0.019,14.285714285714286,0.5957142857142858,0.0,27.071428571428573,191.67142857142855,1024.0,43.22857142857144,17.785714285714285,34.190903484909995
0.157142857142857,-7.285714285714286,-3.571428571428572,-4.557142857142857,-13.657142857142857,-9.285714285714286,71.07142857142857,0.1695714285714285,28.571428571428573,4.762857142857143,4.133333333333334,25.885714285714283,146.9,1022.0857142857144,50.771428571428565,14.214285714285714,-72.40333582763924
31.457142857142856,18.585714285714285,24.814285714285717,32.5,18.585714285714285,25.185714285714287,64.15714285714286,1.695285714285714,57.142857142857146,7.142857142857143,0.0,23.442857142857143,203.27142857142857,1011.9714285714286,26.9,14.185714285714283,-10.959734049502458
0.7428571428571429,-4.871428571428572,-2.028571428571429,-3.8,-9.885714285714286,-6.914285714285714,70.77142857142857,0.096,14.285714285714286,1.7857142857142858,3.0,26.12857142857143,233.07142857142856,1018.8285714285714,78.78571428571429,14.157142857142857,42.762359825676185
27.4,14.428571428571429,21.2,26.685714285714287,14.1,20.928571428571427,51.771428571428565,0.0,0.0,0.0,0.0,23.571428571428573,250.8857142857143,1015.3857142857142,24.728571428571428,21.314285714285717,-49.869803668486384
22.642857142857142,9.928571428571429,16.857142857142858,22.642857142857142,9.3,16.714285714285715,55.01428571428572,0.6307142857142857,28.571428571428573,5.357142857142857,0.0,18.785714285714285,146.04285714285714,1015.6857142857144,43.81428571428573,15.44285714285714,-0.0657578985656073
20.285714285714285,7.899999999999999,14.028571428571428,20.285714285714285,4.857142857142857,12.757142857142856,58.957142857142856,0.5504285714285714,42.85714285714285,9.524285714285714,0.0,34.47142857142857,209.18571428571428,1008.657142857143,54.58571428571429,19.928571428571427,-41.1358549355482
-1.3285714285714287,-6.342857142857143,-3.685714285714286,-5.9,-12.0,-8.685714285714285,71.68571428571428,0.0284285714285714,14.285714285714286,1.7857142857142858,0.1714285714285714,24.3,274.5571428571429,1017.342857142857,82.74285714285715,14.1,74.27470281979004
26.185714285714287,14.8,20.6,26.057142857142857,14.8,20.6,65.18571428571428,2.571571428571428,28.571428571428573,4.167142857142857,0.0,21.014285714285712,219.27142857142852,1012.7142857142856,39.94285714285714,15.8,30.05910998435047
25.185714285714287,11.928571428571429,18.74285714285714,25.77142857142857,10.857142857142858,18.514285714285712,64.89999999999999,0.9172857142857144,28.571428571428573,3.571428571428572,0.0,20.357142857142858,128.24285714285716,1022.8857142857142,45.54285714285714,17.014285714285712,44.14508472343141
19.814285714285717,6.857142857142857,12.642857142857142,19.814285714285717,5.328571428571428,11.971428571428572,69.77142857142857,0.1054285714285714,28.571428571428573,2.381428571428572,0.0,16.12857142857143,229.95714285714288,1023.1714285714286,33.77142857142857,14.271428571428572,-58.22942654835288
27.342857142857145,17.628571428571426,22.12857142857143,28.514285714285712,17.628571428571426,22.52857142857143,74.8,1.7222857142857142,71.42857142857143,8.332857142857142,0.0,18.0,144.95714285714286,1012.9857142857144,51.3,13.55714285714286,29.03528997217768
-6.842857142857143,-13.542857142857144,-9.657142857142857,-13.585714285714284,-21.642857142857142,-17.12857142857143,74.52857142857144,0.4267142857142857,71.42857142857143,8.332857142857142,3.5499999999999994,26.857142857142858,256.75714285714287,1020.1142857142858,71.22857142857143,14.814285714285717,-179.16074939388704
-0.7428571428571429,-6.371428571428572,-3.4285714285714284,-3.357142857142857,-11.114285714285714,-7.571428571428571,81.2,2.7192857142857143,85.71428571428571,21.428571428571427,0.7142857142857143,21.014285714285712,158.70000000000002,1022.9428571428572,81.67142857142858,12.928571428571429,-21.8815003886466
6.7,2.0571428571428574,4.128571428571428,4.314285714285714,-2.5,0.4,72.35714285714286,2.7935714285714286,28.571428571428573,7.142857142857143,2.7,33.44285714285714,190.3428571428572,1015.8142857142856,80.31428571428572,15.857142857142858,45.57742286767325
28.77142857142857,15.4,23.65714285714285,29.385714285714283,15.4,23.914285714285715,71.44285714285715,0.0,0.0,0.0,0.0,16.47142857142857,103.74285714285712,1017.4857142857144,39.1,10.214285714285714,0.5405889950461642
15.285714285714286,4.4,9.37142857142857,14.257142857142856,1.8857142857142857,7.671428571428572,66.5,0.013,14.285714285714286,0.5957142857142858,0.0,25.385714285714283,219.78571428571428,1014.7857142857144,51.1,21.1,50.84345760470228
17.657142857142855,8.385714285714286,12.842857142857143,17.657142857142855,7.314285714285715,12.357142857142858,76.5,4.615142857142857,71.42857142857143,27.38142857142857,0.0,19.842857142857145,183.1142857142857,1019.657142857143,54.98571428571428,14.1,-58.94634570756352
3.2857142857142856,-3.4,-0.1714285714285714,-0.4142857142857142,-8.757142857142856,-4.914285714285714,79.5,1.3065714285714287,71.42857142857143,23.215714285714284,0.0,24.557142857142857,183.41428571428568,1020.7,72.08571428571429,13.928571428571429,2.8264781676818984
-0.4285714285714287,-7.385714285714286,-3.8428571428571434,-4.528571428571429,-14.028571428571428,-9.357142857142858,82.28571428571429,1.5088571428571431,71.42857142857143,14.285714285714286,5.557142857142857,26.057142857142857,226.8857142857143,1008.1285714285714,89.18571428571428,9.471428571428572,-20.812234223577438
27.3,17.785714285714285,22.4,28.2,17.785714285714285,22.642857142857142,72.94285714285715,2.605714285714285,71.42857142857143,13.691428571428572,0.0,20.685714285714287,207.65714285714284,1012.1,53.57142857142857,14.014285714285714,-14.6029920590222
21.685714285714287,13.7,17.685714285714287,21.685714285714287,13.7,17.685714285714287,75.10000000000001,1.2318571428571428,42.85714285714285,16.071428571428573,0.0,17.77142857142857,170.5,1011.7428571428572,68.1,14.671428571428573,49.43078142475224
11.12857142857143,2.571428571428572,6.357142857142857,9.62857142857143,-1.1428571428571428,3.914285714285714,75.77142857142857,2.4684285714285714,42.85714285714285,22.02285714285714,7.75,22.65714285714285,70.95714285714286,1011.8857142857142,92.0,12.785714285714286,28.91670038343045
-3.0857142857142854,-11.042857142857144,-6.614285714285714,-7.242857142857143,-18.228571428571428,-13.314285714285717,76.18571428571428,0.7015714285714285,71.42857142857143,18.45142857142857,16.214285714285715,29.414285714285715,225.05714285714288,1014.0428571428572,64.05714285714285,15.62857142857143,-149.89714031092603
26.12857142857143,14.671428571428567,20.071428571428573,26.457142857142856,14.671428571428567,20.17142857142857,70.07142857142857,2.012857142857143,100.0,23.80857142857143,0.0,19.314285714285717,241.3142857142857,1014.5285714285714,49.15714285714286,14.457142857142856,40.4490450867097
-8.114285714285714,-15.028571428571428,-11.542857142857144,-14.257142857142856,-23.37142857142857,-19.12857142857143,77.10000000000001,0.6584285714285715,57.142857142857146,12.5,61.0,25.52857142857143,160.8857142857143,1019.6428571428572,75.52857142857144,12.342857142857143,338.5453279633582
0.4857142857142856,-7.357142857142857,-3.057142857142857,-4.185714285714286,-14.94285714285714,-9.0,79.78571428571429,3.1028571428571428,28.571428571428573,16.667142857142856,8.585714285714285,31.214285714285715,164.72857142857143,1020.657142857143,94.45714285714288,11.385714285714286,-57.04345598894133
15.728571428571428,7.814285714285715,11.685714285714283,15.728571428571428,6.3,10.771428571428572,71.61428571428571,1.4027142857142856,57.142857142857146,17.262857142857143,0.0,23.885714285714283,205.94285714285715,1017.5714285714286,75.85714285714286,18.3,-44.31635405884663
15.37142857142857,7.714285714285714,11.342857142857143,14.928571428571429,5.357142857142857,9.87142857142857,85.74285714285715,1.5244285714285712,85.71428571428571,19.642857142857142,0.0,23.557142857142857,290.4714285714286,1015.9285714285714,79.02857142857144,13.957142857142856,58.29972540122276
14.214285714285714,5.114285714285714,9.542857142857144,14.214285714285714,2.8000000000000003,8.328571428571427,61.5,0.0,0.0,0.0,0.0,23.185714285714287,126.02857142857144,1019.6857142857144,59.2,21.87142857142857,4.8029305199363534
27.4,17.0,22.071428571428573,29.042857142857144,17.0,22.5,68.7,1.2264285714285712,42.85714285714285,4.167142857142857,0.0,21.785714285714285,294.9142857142857,1015.9428571428572,34.24285714285714,16.12857142857143,48.425945192519976
24.585714285714285,14.214285714285714,19.27142857142857,24.67142857142857,14.214285714285714,19.285714285714285,72.82857142857144,3.2928571428571423,71.42857142857143,16.071428571428573,0.0,23.27142857142857,158.3,1010.5142857142856,54.885714285714286,15.085714285714284,45.18185867646366
29.65714285714285,17.685714285714287,23.585714285714285,31.7,17.685714285714287,24.342857142857145,72.04285714285714,1.819,57.142857142857146,7.141428571428571,0.0,21.514285714285712,179.67142857142858,1017.7142857142856,43.82857142857143,19.142857142857142,15.784095442681064
24.785714285714285,12.614285714285714,19.442857142857143,24.77142857142857,12.471428571428572,19.442857142857143,59.7,5.719,14.285714285714286,2.975714285714285,0.0,24.385714285714283,149.3857142857143,1017.1714285714286,36.18571428571429,23.61428571428572,58.03642849441235
24.571428571428573,13.614285714285714,19.457142857142856,24.65714285714285,13.471428571428572,19.457142857142856,66.95714285714286,1.4885714285714289,42.85714285714285,7.142857142857143,0.0,19.4,77.1,1017.0714285714286,36.15714285714286,14.1,1.1926888494497234
25.65714285714285,15.071428571428571,20.385714285714283,26.17142857142857,15.071428571428571,20.47142857142857,74.62857142857142,0.2744285714285714,42.85714285714285,2.975714285714285,0.0,19.885714285714283,160.57142857142858,1019.157142857143,20.87142857142857,13.2,-30.900173203838904
17.12857142857143,7.414285714285714,12.585714285714284,17.12857142857143,6.785714285714286,12.242857142857144,75.34285714285714,4.475428571428571,71.42857142857143,23.214285714285715,0.0,20.571428571428573,204.5142857142857,1019.0714285714286,71.92857142857143,15.528571428571428,6.589992670200672
14.9,4.185714285714286,9.314285714285717,13.842857142857143,1.8142857142857145,7.742857142857143,73.24285714285713,1.9422857142857144,71.42857142857143,24.40571428571429,0.0285714285714285,21.957142857142856,155.84285714285716,1013.7428571428572,60.471428571428575,13.842857142857142,20.81053211477888
24.32857142857143,15.842857142857143,20.04285714285714,25.27142857142857,15.842857142857143,20.4,76.48571428571428,13.794857142857142,85.71428571428571,16.071428571428573,0.0,23.071428571428573,167.44285714285712,1017.0428571428572,65.95714285714286,17.62857142857143,-20.638259394523857
29.071428571428573,19.0,23.87142857142857,31.11428571428572,19.0,24.585714285714285,69.61428571428571,0.1685714285714285,14.285714285714286,1.7857142857142858,0.0,20.014285714285712,169.72857142857143,1015.657142857143,55.1,13.828571428571433,-52.43110819713456
32.01428571428571,20.957142857142856,26.842857142857145,33.628571428571426,20.957142857142856,27.7,58.51428571428572,0.0,0.0,0.0,0.0,20.857142857142858,222.5,1018.9571428571428,13.985714285714286,15.228571428571428,68.98922539566115
29.571428571428573,18.014285714285712,24.085714285714285,30.38571428571429,18.014285714285712,24.47142857142857,64.8,0.1717142857142857,14.285714285714286,3.571428571428572,0.0,22.52857142857143,162.21428571428572,1017.1285714285714,39.5,16.785714285714285,-71.27847064866523
18.385714285714283,5.042857142857143,11.55714285714286,17.857142857142858,3.7857142857142856,10.757142857142856,63.371428571428574,1.7492857142857143,57.142857142857146,8.928571428571429,0.0,22.97142857142857,196.47142857142856,1019.6428571428572,38.98571428571428,14.014285714285714,15.87956380613059
27.47142857142857,15.5,21.914285714285715,28.1,15.5,22.12857142857143,62.457142857142856,2.9257142857142857,28.571428571428573,6.547142857142857,0.0,16.557142857142857,156.64285714285714,1018.7857142857144,43.07142857142857,14.7,-4.244240132452433
21.47142857142857,9.614285714285714,15.314285714285717,21.214285714285715,8.042857142857143,14.657142857142858,55.91428571428571,0.8575714285714285,57.142857142857146,6.547142857142857,0.0,29.8,209.7,1014.2714285714284,64.04285714285714,19.071428571428573,-25.07065700556041
20.11428571428572,12.642857142857142,16.385714285714286,20.314285714285717,12.228571428571428,16.4,76.05714285714285,4.077,71.42857142857143,23.81,0.0,19.557142857142857,221.77142857142857,1015.7,66.22857142857143,13.62857142857143,-24.395231632234072
0.3999999999999999,-4.671428571428572,-2.071428571428572,-1.7285714285714284,-9.1,-5.428571428571429,83.04285714285713,0.0,0.0,0.0,1.2857142857142858,16.214285714285715,180.1142857142857,1015.7857142857144,81.5,10.828571428571427,-6.409134603735083
-2.842857142857143,-11.342857142857143,-6.528571428571429,-9.528571428571428,-18.957142857142856,-13.671428571428573,70.84285714285714,0.3191428571428571,57.142857142857146,15.475714285714286,6.471428571428571,33.9,262.07142857142856,1015.9714285714286,67.9857142857143,17.357142857142858,-49.222426420536976
5.885714285714286,-3.042857142857143,1.4857142857142858,3.2,-7.428571428571429,-2.3857142857142857,68.14285714285714,1.031,85.71428571428571,15.477142857142857,1.0,24.61428571428572,284.5571428571429,1015.6,73.14285714285714,20.814285714285717,38.6045845473052
16.557142857142857,8.4,12.528571428571428,16.557142857142857,8.171428571428573,12.5,80.18571428571428,1.2834285714285714,71.42857142857143,15.477142857142857,0.0,20.75714285714286,158.02857142857144,1011.1714285714286,67.17142857142856,13.657142857142857,-12.14911805529664
15.12857142857143,4.3,9.5,14.814285714285717,2.2857142857142856,8.428571428571429,52.385714285714286,0.4405714285714285,57.142857142857146,5.357142857142857,0.0,19.3,80.78571428571429,1016.6142857142858,60.58571428571429,19.3,0.3472048663320493
22.585714285714285,13.971428571428572,18.37142857142857,22.585714285714285,13.971428571428572,18.37142857142857,72.42857142857143,0.6722857142857144,42.85714285714285,4.167142857142857,0.0,20.142857142857142,260.3,1015.7,63.58571428571429,15.885714285714286,24.19492367843918
22.957142857142856,12.357142857142858,17.5,22.957142857142856,12.257142857142856,17.485714285714288,74.85714285714286,0.2787142857142857,42.85714285714285,5.357142857142857,0.0,19.542857142857144,237.91428571428568,1020.7428571428572,53.81428571428571,16.857142857142858,-3.262981871271677
2.071428571428572,-5.085714285714286,-1.0142857142857142,-1.1857142857142855,-9.7,-5.6000000000000005,68.72857142857143,0.6682857142857143,71.42857142857143,18.45285714285714,4.828571428571428,25.47142857142857,182.47142857142856,1015.4857142857144,75.88571428571429,14.257142857142856,-3.739909973464592
21.957142857142856,12.757142857142856,17.342857142857145,21.957142857142856,12.614285714285714,17.32857142857143,75.62857142857142,2.2552857142857143,42.85714285714285,11.905714285714286,0.0,15.342857142857143,83.05714285714285,1020.3,50.285714285714285,13.571428571428571,-77.9118189839644
30.357142857142858,19.32857142857143,24.67142857142857,31.47142857142857,19.32857142857143,25.185714285714287,68.82857142857144,1.7014285714285715,57.142857142857146,3.571428571428572,0.0,17.52857142857143,177.44285714285712,1015.5142857142856,53.31428571428571,16.37142857142857,5.986300952130932
26.442857142857143,17.714285714285715,22.02857142857143,26.87142857142857,17.714285714285715,22.085714285714285,80.55714285714285,5.22,100.0,18.454285714285717,0.0,15.657142857142858,228.9142857142857,1012.7714285714284,58.957142857142856,13.228571428571428,144.79011168172246
6.285714285714286,-0.3285714285714287,2.9285714285714284,4.571428571428571,-3.3428571428571425,0.2857142857142856,79.68571428571428,3.1425714285714283,57.142857142857146,31.548571428571428,0.1714285714285714,18.214285714285715,174.82857142857142,1018.2714285714284,81.21428571428571,11.285714285714286,7.647585925634985
17.77142857142857,6.771428571428571,12.471428571428572,17.77142857142857,5.242857142857143,11.714285714285714,61.35714285714285,5.501714285714286,42.85714285714285,13.691428571428572,0.0,22.057142857142857,101.15714285714286,1013.9857142857144,48.48571428571428,14.6,35.04114235639349
11.5,2.4857142857142853,6.814285714285715,10.6,-0.9,4.542857142857143,63.32857142857143,0.9791428571428572,57.142857142857146,17.857142857142858,0.0,24.3,206.8428571428572,1018.4857142857144,59.3,15.1,-38.40602011187525
9.528571428571428,-1.3714285714285714,3.7857142857142856,8.814285714285713,-4.471428571428572,1.3857142857142857,66.15714285714286,1.5632857142857142,14.285714285714286,4.167142857142857,0.0,19.057142857142857,96.75714285714284,1020.2857142857144,46.957142857142856,17.314285714285713,5.136345798447792
6.142857142857143,-1.7428571428571429,2.685714285714286,3.642857142857143,-5.642857142857143,-0.6571428571428571,69.74285714285715,1.1172857142857142,57.142857142857146,14.88,0.0285714285714285,26.3,226.94285714285712,1014.7428571428572,70.82857142857144,13.728571428571428,-73.91256340664336
1.2285714285714284,-8.12857142857143,-2.657142857142857,-3.357142857142857,-11.971428571428572,-7.214285714285714,75.14285714285714,0.0435714285714285,28.571428571428573,1.1914285714285715,7.571428571428571,25.857142857142858,242.7571428571429,1019.6714285714286,55.457142857142856,13.157142857142857,-77.29613541256504
27.15714285714285,19.914285714285715,23.542857142857144,28.3,19.914285714285715,23.714285714285715,76.67142857142858,4.965285714285714,57.142857142857146,11.905714285714286,0.0,17.085714285714285,267.3857142857143,1018.2285714285716,63.1,14.37142857142857,-15.32020162347635
3.3857142857142857,-1.0142857142857142,1.1857142857142855,1.414285714285714,-4.6571428571428575,-1.6714285714285713,80.95714285714287,0.6844285714285715,57.142857142857146,8.928571428571429,0.0,19.8,249.17142857142855,1018.1142857142856,88.82857142857142,12.171428571428573,31.29827749682317
25.7,15.2,20.6,26.11428571428572,15.2,20.685714285714287,71.74285714285715,5.080428571428572,28.571428571428573,10.118571428571428,0.0,17.085714285714285,155.58571428571426,1019.2285714285716,57.98571428571428,14.0,-13.897568467240944
0.3142857142857143,-3.5,-1.657142857142857,-2.8000000000000003,-9.385714285714286,-6.271428571428571,85.08571428571429,4.982142857142857,57.142857142857146,38.09571428571429,6.371428571428572,23.814285714285717,104.51428571428572,1016.5857142857144,99.32857142857142,7.928571428571429,-92.68820889175733
14.014285714285714,5.4,9.214285714285714,13.5,3.1142857142857143,7.957142857142857,79.24285714285715,5.707428571428571,42.85714285714285,25.0,0.0,21.642857142857142,230.57142857142856,1016.7571428571428,75.64285714285714,11.642857142857142,10.506289060502011
2.942857142857143,-4.285714285714286,-0.5857142857142857,-0.9714285714285712,-8.9,-4.971428571428571,64.64285714285714,0.2035714285714285,42.85714285714285,4.761428571428572,0.0,26.185714285714287,223.2142857142857,1018.1142857142856,57.457142857142856,18.185714285714287,-86.83348964668971
26.928571428571427,16.314285714285713,21.8,27.442857142857143,16.314285714285713,21.985714285714288,68.62857142857142,2.9787142857142856,28.571428571428573,11.904285714285717,0.0,20.82857142857143,183.8,1015.0571428571428,49.74285714285714,18.11428571428572,-4.070564464710287
7.1571428571428575,-2.557142857142857,1.9142857142857144,4.614285714285714,-7.0,-1.5714285714285714,65.9,0.0327142857142857,14.285714285714286,1.19,0.1428571428571428,26.057142857142857,227.5,1015.3,52.81428571428571,15.085714285714284,15.092255694179356
-9.671428571428573,-17.585714285714285,-13.7,-18.214285714285715,-26.385714285714283,-22.342857142857145,66.27142857142857,0.0062857142857142,14.285714285714286,0.5957142857142858,6.299999999999999,31.714285714285715,258.45714285714286,1019.0571428571428,44.81428571428571,14.528571428571428,-8.197246145335157
-2.2,-10.985714285714286,-6.714285714285714,-6.771428571428571,-18.228571428571428,-12.8,77.47142857142856,3.468142857142857,71.42857142857143,29.762857142857143,17.242857142857144,30.214285714285715,198.3857142857143,1018.0571428571428,86.98571428571428,10.457142857142856,70.79200561448943
21.814285714285717,11.171428571428573,16.32857142857143,21.714285714285715,9.7,15.771428571428572,67.32857142857144,6.520714285714285,71.42857142857143,16.667142857142856,0.0,23.0,240.14285714285717,1011.0428571428572,70.44285714285715,20.5,-44.4929182407991
8.171428571428573,0.3285714285714285,4.071428571428571,5.914285714285716,-4.285714285714286,0.5142857142857145,75.32857142857142,5.415714285714286,71.42857142857143,17.857142857142858,3.0,25.02857142857143,189.12857142857143,1013.9142857142856,80.97142857142856,12.785714285714286,-31.17905207466697
22.8,12.857142857142858,17.642857142857142,22.8,12.857142857142858,17.642857142857142,79.08571428571429,0.3601428571428571,85.71428571428571,11.311428571428571,0.0,15.985714285714286,218.3142857142857,1016.2857142857144,55.4,12.8,60.83613680260965
-0.057142857142857,-9.9,-4.771428571428572,-5.2,-16.82857142857143,-10.8,65.8,0.7082857142857143,28.571428571428573,9.522857142857143,10.457142857142856,29.357142857142858,263.9857142857143,1026.7857142857142,36.885714285714286,20.042857142857144,-19.30892451698924
11.485714285714286,-2.042857142857143,4.728571428571429,10.942857142857145,-3.5,3.571428571428572,54.35714285714285,0.0044285714285714,14.285714285714286,0.5957142857142858,0.0,17.157142857142855,187.8142857142857,1022.4857142857144,27.02857142857143,15.528571428571428,-21.665586723586785
-8.185714285714287,-16.785714285714285,-11.957142857142856,-12.571428571428571,-22.085714285714285,-17.728571428571428,74.27142857142857,0.0,0.0,0.0,8.657142857142857,22.685714285714287,260.18571428571425,1014.3571428571428,77.22857142857143,12.5,-60.25155938417174
5.357142857142857,0.1714285714285714,2.585714285714286,2.685714285714285,-3.414285714285714,-0.7142857142857143,80.42857142857143,0.6771428571428572,57.142857142857146,4.761428571428572,1.0,22.6,155.15714285714284,1021.0571428571428,86.34285714285714,15.514285714285714,7.451550455955839
3.685714285714286,-3.271428571428572,-0.0428571428571428,0.4714285714285715,-7.528571428571429,-3.8285714285714287,74.28571428571429,0.3291428571428571,42.85714285714285,4.167142857142857,9.042857142857144,20.45714285714286,119.2,1022.8,57.614285714285714,13.671428571428573,23.562214466304116
-3.8857142857142857,-9.37142857142857,-6.428571428571429,-8.6,-14.871428571428572,-11.571428571428571,75.08571428571429,1.1251428571428572,57.142857142857146,14.881428571428572,3.557142857142857,22.52857142857143,234.5142857142857,1022.5714285714286,73.41428571428571,12.914285714285716,-9.580223800641988
19.52857142857143,7.028571428571428,13.385714285714286,19.52857142857143,5.971428571428571,13.071428571428571,56.31428571428571,2.1231428571428568,57.142857142857146,14.285714285714286,0.0,21.942857142857143,174.34285714285716,1019.1714285714288,44.971428571428575,15.4,25.047590697709893
-2.5,-8.414285714285715,-5.185714285714285,-8.2,-15.242857142857144,-11.257142857142856,77.61428571428571,0.2681428571428571,28.571428571428573,8.334285714285715,14.457142857142856,25.342857142857145,233.2,1021.7285714285714,74.45714285714287,13.0,39.13344042445647
32.457142857142856,19.24285714285714,26.17142857142857,31.87142857142857,19.24285714285714,26.085714285714285,53.271428571428565,0.2285714285714286,28.571428571428573,2.975714285714285,0.0,26.24285714285714,257.04285714285714,1013.2285714285716,46.957142857142856,17.857142857142858,-34.94993126319537
17.771428571428572,10.114285714285714,13.72857142857143,17.771428571428572,9.271428571428572,13.571428571428571,77.52857142857142,2.1824285714285714,57.142857142857146,14.881428571428572,0.0,24.37142857142857,140.67142857142858,1021.7,77.81428571428572,16.557142857142857,-8.139702526776318
28.571428571428573,17.014285714285712,23.185714285714287,29.985714285714288,17.014285714285712,23.75714285714286,65.88571428571429,0.434,14.285714285714286,1.19,0.0,18.37142857142857,193.5142857142857,1018.842857142857,44.62857142857143,19.542857142857144,-17.671916409085043
2.957142857142857,-0.6571428571428573,1.2857142857142858,-0.2714285714285714,-5.357142857142857,-2.857142857142857,81.3,1.9075714285714285,28.571428571428573,3.571428571428572,3.0,22.7,196.7,1011.8142857142856,74.75714285714285,12.94285714285714,-39.79279168813628
-2.9,-10.842857142857143,-6.371428571428572,-8.757142857142856,-17.6,-12.62857142857143,69.91428571428571,0.5728571428571428,71.42857142857143,9.524285714285714,7.428571428571429,26.2,215.6,1020.3714285714286,74.77142857142857,14.185714285714283,-7.7894088103666945
11.72857142857143,3.2857142857142856,7.4142857142857155,10.142857142857142,-0.3714285714285715,5.114285714285714,60.87142857142857,1.401,71.42857142857143,16.071428571428573,0.0,29.814285714285717,207.58571428571423,1008.7285714285716,65.74285714285715,15.257142857142856,4.118291382214238
7.857142857142857,2.6,4.928571428571429,5.642857142857143,-1.4142857142857144,1.842857142857143,85.95714285714287,6.315714285714286,100.0,39.28428571428572,0.0,21.142857142857142,149.6,1023.3142857142856,98.38571428571429,10.2,-18.05506120677387
18.057142857142857,7.557142857142857,13.328571428571427,18.057142857142857,6.314285714285715,12.671428571428573,62.18571428571429,3.247,42.85714285714285,20.83285714285714,0.0,22.37142857142857,158.0142857142857,1015.157142857143,57.3,13.671428571428573,25.272389292375465
16.2,3.1,10.085714285714284,16.2,2.571428571428572,9.7,60.271428571428565,0.2032857142857143,28.571428571428573,7.738571428571428,0.1285714285714286,18.842857142857145,196.44285714285712,1019.1285714285714,50.21428571428572,15.085714285714284,-60.55873390366742
14.714285714285714,6.5,10.314285714285717,14.714285714285714,5.571428571428571,9.6,80.11428571428573,1.6125714285714283,85.71428571428571,24.404285714285717,0.0,19.914285714285715,218.42857142857144,1014.0571428571428,84.94285714285715,12.685714285714283,-13.442008963829949
11.142857142857142,0.1428571428571427,5.271428571428571,10.014285714285714,-3.257142857142857,2.628571428571429,64.1,0.0271428571428571,28.571428571428573,1.1914285714285715,0.0,25.014285714285712,178.6142857142857,1022.4,25.67142857142857,15.985714285714286,8.127773372569436
4.257142857142857,-3.6142857142857134,0.4714285714285713,0.242857142857143,-8.142857142857142,-4.057142857142857,69.67142857142856,1.6952857142857145,71.42857142857143,12.5,1.3666666666666665,31.157142857142865,221.5,1015.4,77.45714285714287,17.52857142857143,33.03682734153199
27.785714285714285,18.514285714285712,22.9,29.4,18.514285714285712,23.385714285714283,77.8,1.0915714285714286,42.85714285714285,5.355714285714285,0.0,20.585714285714285,181.3,1016.8285714285714,62.35714285714285,14.37142857142857,-16.682163682355394
0.8142857142857142,-4.614285714285714,-1.8285714285714287,-3.2142857142857144,-9.885714285714286,-6.614285714285714,73.38571428571429,0.8214285714285714,42.85714285714285,10.712857142857144,2.157142857142857,23.485714285714288,255.67142857142855,1017.7428571428572,76.34285714285714,12.471428571428572,111.71890263788168
25.228571428571428,13.842857142857143,19.87142857142857,25.4,13.728571428571428,19.928571428571427,60.9,0.5694285714285715,28.571428571428573,4.762857142857143,0.0,24.985714285714288,243.7142857142857,1017.0142857142856,38.4,15.171428571428573,43.07483000420712
8.242857142857144,-0.2857142857142857,3.8428571428571434,6.1000000000000005,-3.5285714285714285,1.0714285714285714,63.957142857142856,0.4788571428571429,28.571428571428573,5.357142857142857,1.3,20.87142857142857,184.8428571428572,1019.9857142857144,79.38571428571429,19.32857142857143,0.2370511427247947
21.15714285714285,14.414285714285716,17.657142857142855,21.442857142857143,14.414285714285716,17.8,80.3,1.8575714285714289,85.71428571428571,19.642857142857142,0.0,18.82857142857143,139.3857142857143,1015.1857142857144,76.55714285714285,13.714285714285714,-32.03147890011951
-0.1,-7.871428571428571,-3.928571428571429,-3.971428571428572,-11.9,-8.085714285714285,77.2,1.4594285714285713,42.85714285714285,16.071428571428573,9.771428571428572,19.457142857142856,210.3,1023.4857142857144,61.67142857142857,15.671428571428573,-17.995869288477934
25.842857142857145,10.0,18.571428571428573,25.47142857142857,8.657142857142857,18.057142857142857,48.94285714285714,0.1247142857142857,14.285714285714286,2.381428571428572,0.0,25.885714285714283,227.1142857142857,1015.5285714285714,33.528571428571425,24.071428571428573,6.9273117514810565
6.714285714285714,0.057142857142857,3.2,3.7142857142857135,-4.5285714285714285,-0.8,78.60000000000001,6.113,71.42857142857143,25.594285714285714,3.0,27.728571428571428,227.67142857142855,1017.6714285714286,77.10000000000001,14.028571428571428,168.1146167513175
14.62857142857143,5.285714285714286,9.785714285714286,14.0,3.042857142857143,8.514285714285714,65.68571428571428,0.0434285714285714,14.285714285714286,1.19,0.0,24.02857142857143,279.24285714285713,1013.7142857142856,65.44285714285715,15.671428571428573,-50.12523899560165
23.428571428571427,12.342857142857143,18.1,23.52857142857143,12.342857142857143,18.1,76.45714285714287,2.344428571428572,28.571428571428573,9.524285714285714,0.0,16.714285714285715,161.0,1019.4,37.32857142857143,15.114285714285714,47.09292849298822
1.342857142857143,-5.914285714285714,-2.628571428571429,-2.571428571428572,-11.357142857142858,-7.485714285714286,75.74285714285715,1.0844285714285715,57.142857142857146,10.714285714285714,0.0,25.685714285714287,194.17142857142855,1018.3857142857142,79.02857142857144,15.357142857142858,-281.88652645324873
-4.714285714285714,-11.05714285714286,-7.385714285714286,-8.77142857142857,-17.814285714285713,-13.085714285714287,71.31428571428572,0.0611428571428571,28.571428571428573,5.357142857142857,6.142857142857143,22.942857142857143,189.7142857142857,1020.1857142857144,69.62857142857142,12.342857142857143,63.49911506891658
10.12857142857143,2.0571428571428574,5.785714285714286,8.071428571428571,-1.0142857142857142,2.914285714285714,67.88571428571429,0.3727142857142857,57.142857142857146,16.667142857142856,0.0,26.15714285714285,256.25714285714287,1017.2142857142856,59.02857142857143,15.757142857142856,-3.5206878987148684
25.442857142857143,13.014285714285714,19.571428571428573,25.61428571428572,13.014285714285714,19.62857142857143,66.12857142857142,0.431,28.571428571428573,3.571428571428572,0.0,19.02857142857143,160.14285714285714,1021.4142857142856,41.34285714285714,23.014285714285712,9.409626165951977
8.1,-0.5428571428571429,3.3999999999999995,5.985714285714286,-4.257142857142857,0.3714285714285714,70.84285714285714,1.897714285714286,71.42857142857143,16.07,1.725,23.357142857142858,252.3142857142857,1017.5285714285714,68.55714285714285,17.099999999999998,7.097150480099572
0.3857142857142857,-8.114285714285714,-3.942857142857143,-4.871428571428572,-14.614285714285716,-9.785714285714286,71.68571428571428,0.9535714285714284,42.85714285714285,11.31,0.0,29.77142857142857,224.02857142857144,1025.6,62.01428571428572,18.87142857142857,27.0750207795179
24.642857142857142,14.728571428571428,19.557142857142857,25.0,14.657142857142857,19.557142857142857,76.85714285714286,7.223428571428571,57.142857142857146,16.071428571428573,0.0,22.914285714285715,198.77142857142857,1019.3857142857142,68.11428571428571,13.357142857142858,61.62059790195213
22.571428571428573,11.314285714285717,17.185714285714287,22.571428571428573,11.314285714285717,17.185714285714287,72.14285714285714,1.2697142857142858,14.285714285714286,2.975714285714285,0.0,20.12857142857143,192.1142857142857,1021.5571428571428,38.58571428571429,23.042857142857144,13.737197095903866
11.8,-1.2285714285714289,4.528571428571429,11.042857142857144,-3.557142857142857,2.957142857142857,61.142857142857146,0.1328571428571428,14.285714285714286,1.19,1.6,17.87142857142857,221.1142857142857,1017.6714285714286,54.1,15.37142857142857,80.28639564774335
10.44285714285714,1.9142857142857144,5.514285714285714,8.514285714285714,-3.0142857142857147,1.8714285714285712,63.04285714285714,1.4792857142857143,71.42857142857143,14.881428571428572,0.1428571428571428,32.75714285714286,218.17142857142855,1011.6,86.27142857142857,14.257142857142856,63.76869442506404
26.042857142857144,16.8,21.385714285714283,26.142857142857142,16.8,21.428571428571427,68.18571428571428,0.8882857142857142,71.42857142857143,14.882857142857144,0.0,21.62857142857143,252.7428571428572,1009.9,58.42857142857143,15.542857142857144,36.9940905474848
27.928571428571427,17.2,22.928571428571427,28.7,17.2,23.185714285714287,67.28571428571429,0.057,14.285714285714286,1.7857142857142858,0.0,20.314285714285717,273.4,1011.7714285714284,34.528571428571425,15.728571428571428,-12.347950753198347
5.914285714285714,-0.2285714285714285,2.5857142857142854,4.428571428571429,-4.8,-1.0571428571428574,75.82857142857142,5.340571428571429,57.142857142857146,34.52428571428572,13.8,28.428571428571427,153.52857142857144,1016.0285714285714,60.12857142857143,12.285714285714286,2.5664236796098976
24.571428571428573,11.228571428571428,17.814285714285713,24.25714285714286,9.94285714285714,17.52857142857143,53.771428571428565,3.702142857142857,42.85714285714285,6.548571428571429,0.0,29.085714285714285,156.6,1016.6142857142858,42.01428571428572,20.27142857142857,77.57868035962633
6.542857142857143,-2.542857142857143,2.685714285714285,4.228571428571429,-6.5,-0.9714285714285714,65.55714285714285,0.0777142857142857,28.571428571428573,3.571428571428572,10.142857142857142,29.928571428571427,228.5142857142857,1013.3714285714286,58.07142857142857,15.171428571428573,-24.03209172166339
8.5,2.071428571428572,5.685714285714285,6.785714285714286,-0.942857142857143,3.457142857142857,75.72857142857143,0.9857142857142857,42.85714285714285,13.69,0.0,20.52857142857143,210.2,1021.0714285714286,70.25714285714285,15.44285714285714,-15.882851261446833
1.2571428571428571,-5.385714285714286,-2.128571428571429,-1.042857142857143,-8.471428571428572,-4.814285714285715,83.08571428571429,0.931,42.85714285714285,10.118571428571428,0.0999999999999999,17.257142857142856,247.17142857142852,1022.6285714285714,67.37142857142858,9.44285714285714,-51.34500206423968
24.542857142857144,15.257142857142856,19.942857142857143,24.857142857142858,15.257142857142856,19.985714285714288,80.89999999999999,5.348857142857143,57.142857142857146,11.31,0.0,16.114285714285714,166.78571428571428,1019.6571428571428,48.21428571428572,14.214285714285714,78.79423811897163
7.728571428571429,-1.3142857142857145,2.8000000000000003,5.857142857142857,-4.857142857142857,-0.1428571428571429,68.88571428571429,0.039,28.571428571428573,1.7857142857142858,1.0,23.042857142857144,215.7,1021.4857142857144,58.01428571428572,18.15714285714285,12.968442041431445
17.571428571428573,5.971428571428571,11.914285714285716,17.571428571428573,4.085714285714285,11.071428571428571,69.72857142857143,0.2977142857142857,42.85714285714285,5.952857142857143,0.0,24.97142857142857,224.0142857142857,1016.4,49.771428571428565,19.842857142857145,7.815503632349419
29.842857142857145,19.057142857142857,24.514285714285712,30.642857142857142,19.057142857142857,24.757142857142856,69.18571428571428,1.6808571428571428,71.42857142857143,8.930000000000001,0.0,18.442857142857143,175.1,1009.9571428571428,46.7,15.185714285714283,3.943255606054663
4.357142857142857,-3.142857142857143,0.2142857142857142,0.6571428571428573,-8.585714285714285,-4.471428571428571,68.81428571428572,0.9518571428571428,28.571428571428573,6.548571428571429,15.7,27.65714285714285,160.41428571428574,1008.5571428571428,74.5,15.742857142857144,8.136358012520759
-0.3571428571428571,-6.3,-3.671428571428572,-4.314285714285715,-12.5,-9.128571428571428,76.24285714285715,0.7301428571428572,28.571428571428573,6.547142857142857,0.5714285714285714,25.6,221.87142857142857,1012.0142857142856,82.71428571428571,13.385714285714286,21.11184747977381
-5.285714285714286,-12.657142857142857,-8.585714285714285,-10.085714285714284,-19.27142857142857,-14.242857142857144,75.37142857142858,0.3997142857142857,57.142857142857146,10.12,13.285714285714286,18.928571428571427,260.6428571428572,1020.0857142857144,73.7,15.542857142857144,4.412890737063208
27.914285714285715,17.314285714285713,22.485714285714288,29.428571428571427,17.314285714285713,22.9,76.8,0.1332857142857142,28.571428571428573,2.975714285714285,0.0,16.02857142857143,190.0,1018.2285714285716,37.05714285714286,14.87142857142857,-38.04402179686576
30.1,19.9,25.571428571428573,33.6,19.9,26.971428571428568,69.38571428571429,2.418857142857143,28.571428571428573,7.737142857142857,0.0,27.97142857142857,240.3142857142857,1016.0428571428572,28.27142857142857,14.314285714285717,52.928994764020445
5.728571428571428,0.5714285714285714,3.057142857142857,3.0,-3.9142857142857146,-0.6714285714285714,76.62857142857142,2.0695714285714284,42.85714285714285,16.667142857142856,3.0,23.714285714285715,200.64285714285717,1014.7714285714284,77.02857142857144,14.042857142857144,-57.75084633269989
16.3,8.671428571428573,12.0,16.3,7.571428571428571,11.514285714285714,78.25714285714285,3.1501428571428574,85.71428571428571,29.76142857142857,0.0,22.52857142857143,225.2428571428572,1008.2428571428572,76.2,13.571428571428571,-73.71473133213249
21.014285714285712,10.37142857142857,15.085714285714287,21.1,9.6,14.914285714285716,76.28571428571429,0.4684285714285714,71.42857142857143,9.524285714285714,0.0,20.185714285714287,250.8857142857143,1013.6,44.62857142857143,15.657142857142857,20.89239754933237
23.514285714285712,14.242857142857144,18.714285714285715,23.514285714285712,14.242857142857144,18.714285714285715,67.9,3.332428571428572,71.42857142857143,7.738571428571428,0.0,22.5,259.15714285714284,1014.5714285714286,57.44285714285714,20.285714285714285,48.63555163798651
15.685714285714289,2.628571428571429,9.085714285714284,15.685714285714289,0.1714285714285714,8.157142857142857,71.95714285714287,1.5075714285714288,28.571428571428573,7.737142857142857,0.0,21.014285714285712,195.95714285714288,1010.6857142857144,45.114285714285714,13.585714285714284,-101.67342936548152
15.357142857142858,4.328571428571428,9.4,14.37142857142857,1.9142857142857144,7.614285714285714,64.57142857142857,0.2271428571428571,42.85714285714285,3.5728571428571434,0.0,24.585714285714285,274.8857142857143,1023.842857142857,47.72857142857144,16.042857142857144,56.60754902230906
16.628571428571426,5.071428571428571,11.442857142857145,16.628571428571426,3.542857142857143,10.55714285714286,60.371428571428574,0.2267142857142857,42.85714285714285,5.357142857142857,0.0,25.785714285714285,166.95714285714286,1018.0714285714286,51.614285714285714,25.057142857142857,-28.24683537709461
31.142857142857142,22.885714285714283,26.342857142857145,35.67142857142857,22.885714285714283,27.97142857142857,77.7,4.667428571428571,100.0,17.857142857142858,0.0,19.942857142857143,182.7142857142857,1013.1428571428572,65.98571428571428,12.728571428571428,11.36418539108672
2.685714285714286,-3.5,-0.1000000000000001,-0.6285714285714283,-9.157142857142857,-4.985714285714286,74.02857142857144,1.3744285714285716,71.42857142857143,19.047142857142852,5.5200000000000005,31.642857142857142,162.70000000000002,1018.0285714285714,87.74285714285715,17.5,-2.120617215530274
23.47142857142857,11.142857142857142,17.142857142857142,23.485714285714288,11.142857142857142,17.142857142857142,68.15714285714286,1.2715714285714286,14.285714285714286,1.7857142857142858,0.0,20.285714285714285,171.74285714285716,1025.357142857143,40.9,17.82857142857143,44.62296954327485
14.357142857142858,3.7714285714285714,8.671428571428573,13.37142857142857,0.2714285714285714,6.542857142857143,73.34285714285714,4.517571428571428,100.0,22.02285714285714,0.0,29.7,186.82857142857145,1012.657142857143,77.81428571428572,15.042857142857144,1.610862850492822
3.271428571428572,-2.914285714285714,-0.057142857142857,0.0571428571428574,-8.742857142857144,-4.671428571428572,74.68571428571428,0.0698571428571428,42.85714285714285,4.167142857142857,0.0571428571428571,25.942857142857143,258.18571428571425,1012.3142857142856,67.75714285714285,13.94285714285714,76.49396499856425
9.2,-1.5285714285714285,3.442857142857143,7.085714285714286,-4.685714285714285,0.9142857142857144,64.98571428571428,0.0,0.0,0.0,0.0,22.985714285714288,185.75714285714284,1024.1285714285714,26.085714285714285,21.414285714285715,-27.6907434486202
25.085714285714285,14.9,20.1,25.74285714285714,14.9,20.27142857142857,73.51428571428572,3.835,57.142857142857146,10.714285714285714,0.0,21.228571428571428,188.8857142857143,1018.2428571428572,63.7,11.957142857142856,24.174031742911662
13.214285714285714,1.9714285714285715,7.285714285714286,12.4,-0.7999999999999999,5.114285714285714,65.68571428571428,3.4308571428571426,71.42857142857143,19.047142857142852,0.0,27.61428571428571,230.64285714285717,1020.3857142857142,60.44285714285714,17.2,13.911720348006838
24.857142857142858,13.842857142857143,19.685714285714287,25.228571428571428,13.328571428571427,19.728571428571428,68.35714285714286,2.220428571428571,28.571428571428573,2.975714285714285,0.0,20.67142857142857,264.6428571428572,1015.7428571428572,49.54285714285714,19.17142857142857,20.583972150656336
16.04285714285714,5.142857142857143,10.55714285714286,15.657142857142857,2.1,9.257142857142856,62.114285714285714,5.1331428571428575,85.71428571428571,23.214285714285715,0.0,25.77142857142857,205.2142857142857,1016.5,58.44285714285714,15.028571428571428,29.09584795826117
12.77142857142857,2.0571428571428574,7.171428571428572,12.628571428571428,-0.5285714285714284,5.285714285714286,72.42857142857143,3.7211428571428575,42.85714285714285,19.642857142857142,0.0142857142857142,24.1,223.0285714285714,1013.0285714285714,55.1,14.657142857142857,-46.87011810778313
28.728571428571428,15.742857142857144,22.82857142857143,28.65714285714285,15.742857142857144,22.857142857142858,57.81428571428571,0.0,0.0,0.0,0.0,16.785714285714285,150.77142857142857,1019.5428571428572,32.114285714285714,19.428571428571427,-5.064046175542444
27.52857142857143,16.17142857142857,22.214285714285715,28.7,16.17142857142857,22.52857142857143,66.2,0.5672857142857143,42.85714285714285,7.142857142857143,0.0,21.11428571428572,128.42857142857142,1016.8857142857142,57.07142857142857,17.442857142857143,-22.297613276274205
13.485714285714284,3.0142857142857147,8.042857142857143,13.128571428571428,2.342857142857143,7.399999999999999,74.42857142857143,1.0225714285714285,57.142857142857146,11.905714285714286,0.0,20.3,244.2142857142857,1015.6428571428572,56.39999999999999,14.671428571428573,-5.317627724313979
-0.9571428571428572,-8.985714285714286,-4.7,-4.071428571428571,-13.828571428571427,-9.128571428571428,73.88571428571429,1.2822857142857145,71.42857142857143,13.691428571428572,3.2857142857142856,24.571428571428573,143.12857142857143,1019.4714285714286,76.84285714285714,11.55714285714286,-51.368966644675766
25.12857142857143,15.285714285714286,20.542857142857144,25.75714285714286,14.7,20.585714285714285,71.7,4.017,57.142857142857146,14.285714285714286,0.0,28.77142857142857,229.95714285714288,1008.2857142857144,71.95714285714286,14.5,-24.574641415627863
-1.4714285714285715,-9.142857142857142,-5.128571428571428,-5.842857142857143,-14.757142857142856,-10.142857142857142,79.91428571428571,0.6428571428571429,28.571428571428573,9.524285714285714,16.542857142857144,24.014285714285712,189.3571428571429,1021.7857142857144,58.41428571428571,13.314285714285717,58.36225390883783
28.085714285714285,16.928571428571427,22.642857142857142,29.01428571428572,16.928571428571427,22.97142857142857,61.32857142857143,1.7304285714285714,57.142857142857146,5.952857142857143,0.0,26.428571428571427,206.02857142857144,1013.2142857142856,54.271428571428565,17.6,27.4407244743129
28.928571428571427,17.142857142857142,23.357142857142858,28.77142857142857,17.142857142857142,23.357142857142858,59.114285714285714,0.1311428571428571,14.285714285714286,0.5957142857142858,0.0,17.52857142857143,216.72857142857143,1018.3714285714286,27.714285714285715,13.55714285714286,-180.01791645892308
1.0285714285714285,-3.942857142857143,-1.3,-2.257142857142857,-8.285714285714286,-5.2,73.32857142857142,1.639571428571429,42.85714285714285,19.64428571428571,1.35,19.77142857142857,240.78571428571428,1018.8714285714286,82.88571428571429,12.971428571428572,-33.9655992809644
26.728571428571428,16.114285714285714,21.342857142857145,27.67142857142857,16.114285714285714,21.542857142857144,75.17142857142858,7.435428571428572,57.142857142857146,17.85857142857143,0.0,19.542857142857144,136.54285714285714,1016.8285714285714,61.18571428571429,15.571428571428571,27.45306734286146
20.81428571428572,11.37142857142857,16.45714285714286,20.81428571428572,11.37142857142857,16.442857142857143,80.17142857142856,9.57542857142857,57.142857142857146,8.928571428571429,0.0,24.057142857142857,250.3142857142857,1013.2,73.35714285714286,13.357142857142858,5.6261078927259405
28.0,17.457142857142856,22.62857142857143,27.87142857142857,17.457142857142856,22.642857142857142,66.57142857142857,0.3182857142857143,28.571428571428573,4.761428571428572,0.0,17.5,287.7857142857143,1011.9142857142856,33.9,15.400000000000002,-11.728677635059285
7.528571428571429,-0.7999999999999998,3.2142857142857144,5.1571428571428575,-3.8,1.0428571428571427,77.64285714285714,1.2385714285714289,28.571428571428573,9.524285714285714,0.0999999999999999,21.414285714285715,223.14285714285717,1022.1428571428572,49.22857142857142,14.214285714285714,-29.804451468778097
4.2,-2.742857142857143,1.0714285714285714,2.242857142857143,-7.828571428571428,-2.6,77.11428571428571,2.6797142857142857,42.85714285714285,17.857142857142858,0.3857142857142857,25.65714285714285,194.68571428571428,1014.1714285714286,93.71428571428572,13.742857142857144,-68.83141678163588
23.571428571428573,10.6,17.2,23.442857142857143,10.37142857142857,17.185714285714287,66.92857142857143,0.2521428571428571,14.285714285714286,3.571428571428572,0.0,17.599999999999998,152.62857142857143,1022.9,40.957142857142856,20.3,-16.619706255166193
9.314285714285717,1.8285714285714287,5.328571428571428,7.685714285714285,-3.257142857142857,1.8285714285714287,67.74285714285715,3.518857142857143,71.42857142857143,23.80857142857143,1.5,27.457142857142856,151.22857142857143,1015.1285714285714,84.37142857142858,16.47142857142857,-157.3735819597232
3.857142857142857,-7.399999999999999,-2.3714285714285714,1.4428571428571428,-12.228571428571428,-6.428571428571429,82.68571428571428,0.8002857142857144,57.142857142857146,14.284285714285714,6.985714285714286,22.485714285714288,234.3,1019.3,71.8,10.685714285714283,110.90803484763684
2.728571428571428,-1.6142857142857143,0.6285714285714284,-0.6857142857142857,-7.528571428571429,-4.228571428571429,79.85714285714286,2.795428571428572,71.42857142857143,23.81,2.375,27.7,179.95714285714286,1021.842857142857,89.17142857142858,12.44285714285714,-16.14946691020782
29.11428571428572,19.057142857142857,23.928571428571427,29.928571428571427,19.057142857142857,24.2,69.75714285714285,1.7882857142857145,57.142857142857146,9.522857142857143,0.0,23.0,186.44285714285712,1011.5571428571428,68.18571428571428,17.885714285714286,25.941710976080003
16.6,6.414285714285714,11.271428571428572,16.071428571428573,3.6571428571428575,9.771428571428572,71.01428571428572,4.191571428571429,71.42857142857143,20.23857142857143,0.0,27.11428571428572,105.74285714285716,1010.1714285714286,67.55714285714285,16.3,-24.09391152971716
18.77142857142857,10.085714285714284,14.12857142857143,18.77142857142857,9.471428571428572,13.857142857142858,77.44285714285715,1.0507142857142855,85.71428571428571,16.07,0.0,21.8,196.27142857142857,1012.3571428571428,65.88571428571429,12.385714285714286,3.617609775349592
0.2428571428571428,-4.257142857142857,-1.5857142857142856,-1.7142857142857142,-7.385714285714286,-4.357142857142857,76.95714285714287,2.134571428571429,85.71428571428571,19.642857142857142,0.2571428571428572,17.62857142857143,256.04285714285714,1022.9285714285714,84.21428571428571,13.3,-62.40528366940634
2.271428571428572,-5.671428571428572,-1.6428571428571428,-2.7,-11.728571428571428,-7.257142857142858,75.05714285714285,0.8207142857142857,57.142857142857146,10.714285714285714,19.085714285714285,33.34285714285714,214.45714285714288,1020.1857142857144,67.64285714285714,15.657142857142857,21.67775256723689
19.885714285714283,11.742857142857144,15.6,19.885714285714283,10.728571428571428,15.171428571428573,70.47142857142858,0.407,14.285714285714286,1.7857142857142858,0.0,22.728571428571428,76.0,1021.9714285714284,52.614285714285714,15.6,20.108383528558303
23.957142857142856,13.742857142857144,18.957142857142856,23.814285714285717,13.742857142857144,18.928571428571427,62.51428571428572,1.39,57.142857142857146,17.855714285714285,0.0,17.7,251.07142857142856,1013.9142857142856,48.17142857142857,15.457142857142856,27.016055276419596
21.885714285714283,9.128571428571428,15.842857142857143,21.87142857142857,8.985714285714286,15.757142857142856,72.75714285714285,1.6412857142857145,42.85714285714285,13.095714285714283,0.0,17.47142857142857,146.92857142857142,1024.3,41.614285714285714,14.44285714285714,-10.304447999676311
27.32857142857143,16.928571428571427,21.885714285714283,27.514285714285712,16.928571428571427,21.957142857142856,65.47142857142858,0.7098571428571429,42.85714285714285,7.142857142857143,0.0,15.94285714285714,161.41428571428574,1013.4571428571428,56.01428571428572,15.471428571428572,-49.92626592818351
2.1,-2.9571428571428577,-0.557142857142857,-0.1428571428571428,-7.685714285714285,-4.714285714285714,83.72857142857143,3.050142857142857,100.0,33.92857142857143,3.685714285714286,21.142857142857142,123.51428571428572,1022.7571428571428,86.7,11.6,151.90287710901453
9.171428571428573,1.8,4.885714285714286,7.785714285714286,-1.8142857142857145,1.7857142857142858,80.32857142857142,7.754571428571429,57.142857142857146,21.428571428571427,0.0,23.1,193.7428571428572,1016.7428571428572,70.64285714285714,12.214285714285714,95.97831048666376
29.47142857142857,18.8,23.928571428571427,29.914285714285715,18.8,24.11428571428572,70.32857142857144,2.302,57.142857142857146,10.12,0.0,15.914285714285716,236.15714285714287,1012.657142857143,46.92857142857143,14.685714285714283,-58.3838337256409
25.97142857142857,15.885714285714284,21.042857142857144,26.357142857142858,15.885714285714284,21.228571428571428,77.07142857142857,2.48,42.85714285714285,15.477142857142857,0.0,17.571428571428573,221.18571428571428,1013.1285714285714,54.71428571428572,13.928571428571429,-30.014888671381183
8.242857142857144,1.5857142857142856,4.728571428571429,6.5,-2.2,1.757142857142857,76.57142857142857,0.5742857142857142,28.571428571428573,6.547142857142857,8.35,22.414285714285715,226.7142857142857,1021.7285714285716,80.45714285714287,13.214285714285714,-48.06897566454086
-4.171428571428572,-9.757142857142856,-6.842857142857143,-9.714285714285714,-16.52857142857143,-12.985714285714286,72.17142857142856,0.3264285714285714,42.85714285714285,6.548571428571429,15.971428571428572,24.17142857142857,246.15714285714284,1018.0142857142856,93.15714285714286,13.7,-20.60044077378984
25.0,15.557142857142855,20.185714285714287,25.442857142857143,15.557142857142855,20.25714285714286,77.62857142857142,3.367714285714286,57.142857142857146,9.524285714285714,0.0,22.342857142857145,134.11428571428573,1015.7,54.457142857142856,15.657142857142857,-15.911611299768538
27.528571428571432,16.014285714285716,21.82857142857143,27.428571428571427,16.014285714285716,21.82857142857143,62.471428571428575,0.1694285714285714,14.285714285714286,0.5957142857142858,0.0,21.085714285714285,237.64285714285717,1013.8,40.3,18.2,46.58846405408372
22.2,11.971428571428572,17.085714285714285,22.2,11.971428571428572,17.085714285714285,74.81428571428572,1.4778571428571428,42.85714285714285,17.857142857142858,0.0,18.4,136.0,1014.6,61.7,14.1,9.499092118967384
17.757142857142856,6.642857142857143,11.857142857142858,17.757142857142856,5.200000000000001,11.242857142857144,66.67142857142858,3.711714285714286,57.142857142857146,17.26142857142857,0.0,20.714285714285715,171.92857142857142,1015.9428571428572,57.17142857142857,15.328571428571427,-65.98107347058408
27.585714285714285,17.900000000000002,22.585714285714285,28.27142857142857,17.900000000000002,22.728571428571428,66.94285714285715,3.1488571428571426,57.142857142857146,9.524285714285714,0.0,17.8,145.38571428571427,1017.7142857142856,39.871428571428574,15.12857142857143,-41.4192131449388
-5.628571428571428,-12.957142857142856,-9.228571428571428,-12.171428571428573,-20.457142857142856,-16.12857142857143,71.45714285714286,1.0294285714285716,85.71428571428571,11.308571428571428,3.942857142857143,26.67142857142857,222.18571428571428,1021.7571428571428,70.12857142857142,19.1,-2.625065643571816
0.3000000000000002,-6.671428571428572,-3.5285714285714285,-3.8857142857142857,-11.985714285714286,-8.37142857142857,74.5,1.408,28.571428571428573,7.737142857142857,2.557142857142857,27.085714285714285,236.7,1013.4857142857144,66.52857142857142,12.257142857142856,62.63791067610214
29.74285714285714,18.014285714285712,24.042857142857144,29.87142857142857,18.014285714285712,24.228571428571428,54.457142857142856,0.237,28.571428571428573,1.7857142857142858,0.0,24.8,264.37142857142857,1011.3285714285714,35.542857142857144,15.857142857142858,-1.5139498683404329
24.61428571428572,15.971428571428572,20.32857142857143,24.61428571428572,15.971428571428572,20.32857142857143,72.12857142857142,0.2248571428571428,28.571428571428573,5.357142857142857,0.0,16.485714285714284,202.75714285714284,1016.8571428571428,57.98571428571429,14.885714285714286,-28.6694278099626
-1.5142857142857142,-7.628571428571428,-4.457142857142857,-7.528571428571429,-14.9,-11.228571428571428,62.0,0.8581428571428571,28.571428571428573,13.094285714285714,19.16,32.67142857142857,236.8571428571429,1015.2571428571428,64.32857142857142,20.042857142857144,64.99909779098971
25.942857142857143,16.67142857142857,21.057142857142857,26.342857142857145,16.67142857142857,21.085714285714285,76.75714285714285,1.5292857142857144,71.42857142857143,10.118571428571428,0.0,16.657142857142855,177.0142857142857,1012.7428571428572,71.07142857142857,14.614285714285714,6.05319243695908
21.642857142857142,12.685714285714283,16.9,22.071428571428573,11.728571428571428,16.442857142857143,71.02857142857142,0.3602857142857143,71.42857142857143,13.691428571428572,0.0,20.414285714285715,278.7714285714286,1013.9714285714286,54.0,14.05714285714286,21.13080855307589
-0.8857142857142858,-8.942857142857143,-4.371428571428571,-5.714285714285714,-13.514285714285714,-9.157142857142857,72.54285714285714,0.2014285714285714,28.571428571428573,2.975714285714285,0.0,23.9,206.1285714285714,1024.0571428571427,68.89999999999999,17.5,-6.756614408624728
18.1,8.1,13.171428571428573,18.1,7.314285714285715,12.885714285714286,74.42857142857143,1.7338571428571428,42.85714285714285,13.69,0.0,22.75714285714286,247.5142857142857,1009.7142857142856,59.04285714285714,14.785714285714286,6.7334030703100325
6.885714285714286,-2.4857142857142853,2.071428571428572,5.985714285714286,-3.742857142857143,0.7285714285714285,72.08571428571429,0.0035714285714285,14.285714285714286,0.5957142857142858,0.0,12.585714285714284,150.02857142857144,1020.7428571428572,53.81428571428571,14.414285714285716,65.78438036755279
0.985714285714286,-4.685714285714285,-1.6285714285714286,-2.8428571428571425,-10.171428571428573,-6.5,80.54285714285713,2.0894285714285714,57.142857142857146,16.072857142857142,12.042857142857144,24.542857142857144,231.05714285714288,1013.1428571428572,87.44285714285715,12.142857142857142,12.45922657357005
26.342857142857145,17.657142857142855,21.77142857142857,26.62857142857143,17.657142857142855,21.814285714285717,71.05714285714285,1.993285714285714,57.142857142857146,16.071428571428573,0.0,18.585714285714285,276.37142857142857,1014.7,52.21428571428572,13.485714285714286,-2.0826404090259985
24.842857142857145,13.985714285714286,19.514285714285712,25.057142857142857,13.485714285714286,19.457142857142856,68.47142857142858,3.247,42.85714285714285,9.524285714285714,0.0,25.514285714285712,196.6,1015.1142857142858,43.98571428571428,13.7,-14.241153460996657
5.557142857142857,1.542857142857143,3.4428571428571426,4.0285714285714285,-1.542857142857143,0.8,90.07142857142857,0.4009999999999999,71.42857142857143,14.284285714285714,0.7285714285714285,19.342857142857145,171.21428571428572,1004.4428571428572,91.2,7.5857142857142845,-98.27824418925591
15.042857142857144,4.571428571428571,9.914285714285716,14.62857142857143,2.5,8.371428571428572,73.28571428571429,7.875714285714285,85.71428571428571,33.92714285714286,0.0,26.385714285714283,203.1,1021.3857142857142,71.21428571428571,16.014285714285712,-55.27402276120324
12.071428571428571,1.8142857142857145,6.614285714285714,11.44285714285714,0.2285714285714286,5.142857142857143,69.01428571428572,0.7241428571428571,28.571428571428573,10.714285714285714,0.0,18.557142857142857,160.3857142857143,1026.0285714285717,38.51428571428572,15.185714285714283,-14.100215614444096
21.228571428571428,10.05714285714286,15.814285714285717,21.142857142857142,9.514285714285714,15.614285714285714,58.614285714285714,0.7584285714285715,57.142857142857146,7.142857142857143,0.0,28.82857142857143,214.18571428571428,1013.1142857142858,63.5,19.97142857142857,-98.30932652132174
-6.828571428571429,-13.5,-9.87142857142857,-12.7,-21.042857142857144,-17.04285714285714,78.08571428571429,1.4072857142857145,71.42857142857143,16.071428571428573,4.6000000000000005,28.028571428571432,243.27142857142857,1020.8142857142856,81.35714285714286,10.37142857142857,333.07274723812543
24.357142857142858,15.614285714285714,19.81428571428572,24.8,15.614285714285714,19.942857142857143,81.54285714285713,5.169857142857143,85.71428571428571,17.857142857142858,0.0,18.5,141.0,1017.4,80.35714285714286,9.8,-63.821599804391326
4.214285714285714,-4.0,-0.2857142857142857,0.6857142857142858,-9.642857142857142,-5.457142857142857,68.92857142857143,0.441,42.85714285714285,10.118571428571428,0.1999999999999999,28.214285714285715,247.78571428571428,1010.342857142857,58.08571428571429,14.05714285714286,-8.570375279449081
14.928571428571429,3.3714285714285714,9.328571428571427,14.928571428571429,1.3,8.285714285714286,59.81428571428571,0.4347142857142856,42.85714285714285,7.738571428571428,0.0571428571428571,18.15714285714285,259.6428571428572,1014.1857142857142,55.07142857142857,15.828571428571427,-11.69964483235958
4.242857142857143,-5.571428571428571,-0.6857142857142856,0.6857142857142853,-10.771428571428572,-4.728571428571429,78.64285714285714,4.015142857142857,71.42857142857143,26.785714285714285,2.0285714285714285,27.314285714285717,227.9,1012.8,88.65714285714286,10.12857142857143,86.35260511954607
12.242857142857144,3.8285714285714287,7.985714285714286,11.814285714285717,0.7000000000000001,5.942857142857143,64.42857142857143,1.695857142857143,42.85714285714285,17.855714285714285,0.0,26.685714285714287,181.9142857142857,1014.3714285714286,77.71428571428571,21.52857142857143,-2.2452541886837025
1.8142857142857145,-7.457142857142857,-2.3285714285714287,-1.1571428571428568,-12.9,-7.014285714285714,82.04285714285713,3.838142857142857,42.85714285714285,5.952857142857143,8.25,24.4,197.37142857142857,1018.7714285714284,92.95714285714288,10.357142857142858,-6.20248419255654
29.514285714285712,17.84285714285714,23.457142857142856,29.842857142857135,17.84285714285714,23.65714285714285,69.44285714285715,1.548,57.142857142857146,11.904285714285717,0.0,19.314285714285717,238.4142857142857,1018.0285714285714,47.67142857142857,15.014285714285716,-57.45883183952719
10.214285714285714,1.7571428571428571,6.128571428571428,9.2,-0.3571428571428571,4.1,75.24285714285715,1.2044285714285716,42.85714285714285,14.88,0.0,23.37142857142857,236.12857142857143,1016.7857142857144,54.57142857142857,13.857142857142858,-32.60177033191826
20.142857142857142,8.957142857142857,14.1,20.142857142857142,7.242857142857143,13.514285714285714,72.7,0.0491428571428571,42.85714285714285,2.381428571428572,0.0,25.857142857142858,253.6142857142857,1012.4857142857144,48.85714285714285,21.942857142857143,5.910640290824858
-0.9285714285714286,-9.742857142857144,-5.328571428571428,-6.028571428571428,-16.9,-11.6,64.48571428571428,0.6371428571428571,57.142857142857146,13.094285714285714,3.771428571428572,29.77142857142857,187.14285714285717,1025.0571428571427,63.94285714285714,21.285714285714285,47.25868520465133
21.5,9.042857142857144,14.771428571428572,21.385714285714283,8.857142857142858,14.55714285714286,68.22857142857143,2.8434285714285714,42.85714285714285,13.691428571428572,0.0,22.557142857142857,177.94285714285715,1018.4857142857144,58.41428571428571,21.071428571428573,40.314715420395714
3.071428571428572,-4.1,-0.5999999999999998,-0.5714285714285713,-8.157142857142857,-4.6000000000000005,73.1,0.8792857142857143,14.285714285714286,6.547142857142857,0.1571428571428571,25.485714285714288,203.62857142857143,1019.1285714285716,64.37142857142858,14.714285714285714,5.77798116329086
3.442857142857143,-2.857142857142857,0.3714285714285715,0.1285714285714286,-8.157142857142857,-4.185714285714286,71.15714285714286,0.2478571428571428,42.85714285714285,6.547142857142857,0.0,26.62857142857143,204.4,1021.7428571428572,68.34285714285714,14.285714285714286,74.87894621493524
33.885714285714286,20.428571428571427,26.957142857142856,35.31428571428571,20.428571428571427,27.65714285714285,61.42857142857143,5.630428571428571,42.85714285714285,8.334285714285715,0.0,19.81428571428572,240.54285714285717,1012.0571428571428,30.1,14.9,-7.196047629736995
17.728571428571428,9.285714285714286,13.271428571428572,17.728571428571428,8.114285714285714,12.671428571428573,83.04285714285713,0.261,57.142857142857146,8.334285714285715,0.0,18.0,184.14285714285717,1020.2,77.38571428571429,12.271428571428572,-68.85164253606263
6.585714285714286,-3.6,1.4571428571428573,3.942857142857143,-9.271428571428572,-2.8428571428571425,71.2,3.503857142857143,42.85714285714285,12.5,0.3142857142857143,31.457142857142856,240.4,1014.6714285714286,66.68571428571428,13.642857142857142,30.753753883601576
26.77142857142857,16.985714285714284,21.885714285714283,27.085714285714285,16.985714285714284,21.957142857142856,66.6,0.6771428571428572,57.142857142857146,10.12,0.0,18.642857142857142,288.74285714285713,1013.7,47.5,15.471428571428572,-18.12432485015256
29.442857142857143,17.771428571428572,23.585714285714285,30.057142857142857,17.771428571428572,23.842857142857145,66.74285714285715,0.5447142857142857,57.142857142857146,4.167142857142857,0.0,20.685714285714287,262.87142857142857,1018.842857142857,41.35714285714285,15.457142857142856,155.6906492492801
-5.942857142857143,-13.2,-9.714285714285714,-12.085714285714287,-20.6,-16.54285714285714,69.08571428571427,0.145,42.85714285714285,9.524285714285714,4.857142857142857,26.15714285714285,260.31428571428575,1022.2428571428572,70.42857142857143,12.828571428571427,-35.281949224302025
26.65714285714285,16.7,21.442857142857143,28.17142857142857,16.62857142857143,21.842857142857145,77.72857142857143,0.4757142857142857,71.42857142857143,5.357142857142857,0.0,21.62857142857143,179.37142857142857,1016.0,43.21428571428572,14.885714285714286,-35.93809373944168
13.971428571428572,3.3285714285714287,8.871428571428572,13.971428571428572,0.2714285714285714,7.171428571428572,66.54285714285714,2.1155714285714287,85.71428571428571,18.452857142857145,0.0,27.185714285714287,269.1,1008.6857142857144,65.14285714285714,15.885714285714286,-68.68279466519493
6.214285714285714,-0.3999999999999999,2.757142857142857,4.4,-4.4,-0.5571428571428572,68.35714285714286,2.586142857142857,57.142857142857146,11.905714285714286,3.0,24.24285714285714,254.1142857142857,1018.342857142857,69.51428571428572,13.62857142857143,-9.185959474678612
2.157142857142857,-1.1285714285714286,0.6571428571428571,-0.2857142857142856,-5.942857142857143,-3.3285714285714287,80.37142857142858,0.953857142857143,28.571428571428573,7.737142857142857,0.6,24.785714285714285,228.47142857142856,1009.2857142857144,91.64285714285714,13.171428571428573,-84.46166064432464
24.285714285714285,11.357142857142858,18.385714285714283,24.228571428571428,10.657142857142857,18.3,63.75714285714286,0.257,28.571428571428573,2.975714285714285,0.0,23.1,205.4857142857143,1014.4142857142856,47.957142857142856,17.057142857142857,-51.484574856819336
-4.257142857142857,-13.44285714285714,-8.285714285714286,-7.557142857142857,-20.414285714285715,-13.871428571428572,75.08571428571429,0.5174285714285715,57.142857142857146,17.262857142857143,21.985714285714288,21.65714285714285,233.87142857142857,1020.2142857142856,69.42857142857143,11.8,-24.82444229727207
-2.6714285714285717,-10.042857142857144,-5.971428571428572,-6.128571428571428,-15.471428571428572,-10.87142857142857,83.84285714285714,2.6992857142857143,57.142857142857146,16.665714285714284,21.557142857142857,23.942857142857143,197.8571428571429,1023.2142857142856,73.18571428571428,10.285714285714286,-35.22333039133491
8.857142857142858,-1.8142857142857145,3.8,6.5,-7.185714285714285,0.3285714285714287,66.97142857142858,1.9675714285714283,42.85714285714285,6.547142857142857,3.5,33.22857142857143,206.67142857142855,1015.3285714285714,56.55714285714286,14.62857142857143,10.160196151289483
-4.457142857142857,-13.971428571428572,-9.385714285714286,-8.957142857142857,-20.814285714285717,-15.94285714285714,73.87142857142858,0.2621428571428571,28.571428571428573,4.167142857142857,19.15714285714285,27.15714285714285,259.1428571428572,1015.157142857143,66.92857142857143,13.328571428571427,-53.57403871020165
5.428571428571429,-0.0285714285714285,2.557142857142857,2.957142857142857,-3.5285714285714285,-0.5857142857142856,82.68571428571428,0.487,85.71428571428571,11.311428571428571,0.0,19.12857142857143,191.64285714285717,1011.4714285714286,90.04285714285713,15.157142857142857,69.03859785970735
27.5,16.185714285714287,22.24285714285714,27.514285714285712,16.185714285714287,22.32857142857143,63.72857142857142,0.4107142857142857,14.285714285714286,2.381428571428572,0.0,19.15714285714285,211.62857142857143,1018.2571428571428,43.74285714285714,17.928571428571427,85.26495110131054
25.24285714285714,12.571428571428571,19.25714285714286,24.87142857142857,11.742857142857144,19.11428571428572,59.81428571428571,1.1842857142857142,14.285714285714286,5.357142857142857,0.0,28.185714285714287,216.15714285714284,1013.3,58.371428571428574,16.214285714285715,-25.08188570177458
-1.5714285714285714,-9.3,-5.271428571428571,-6.085714285714286,-14.585714285714287,-10.671428571428573,60.91428571428571,0.3695714285714285,28.571428571428573,6.548571428571429,2.7,25.357142857142858,255.6142857142857,1024.8714285714286,47.94285714285714,13.885714285714286,-58.75830356938877
24.585714285714285,15.428571428571429,19.97142857142857,24.785714285714285,15.428571428571429,20.0,72.17142857142856,0.5905714285714286,42.85714285714285,7.142857142857143,0.0,16.214285714285715,218.25714285714284,1015.3857142857142,56.0,15.071428571428571,-51.43743940287709
26.77142857142857,17.271428571428572,22.185714285714287,27.6,17.271428571428572,22.428571428571427,74.37142857142858,8.009714285714285,57.142857142857146,13.69,0.0,22.65714285714285,189.17142857142855,1011.1,52.41428571428571,13.157142857142857,-22.421330355884947
20.74285714285714,9.357142857142858,14.8,20.74285714285714,9.128571428571428,14.771428571428572,73.14285714285714,0.1051428571428571,28.571428571428573,4.762857142857143,0.0,18.457142857142856,116.92857142857144,1019.5285714285714,35.01428571428571,15.8,8.746171346708252
19.12857142857143,10.728571428571428,14.971428571428572,19.12857142857143,9.914285714285716,14.757142857142856,83.97142857142856,4.107,42.85714285714285,8.928571428571429,0.0,17.271428571428572,168.07142857142858,1025.0857142857144,61.2,10.028571428571428,-52.20410711375485
12.471428571428572,3.985714285714285,8.3,11.385714285714286,1.5142857142857145,6.728571428571429,72.62857142857142,1.264857142857143,57.142857142857146,12.5,0.0,23.65714285714285,199.1142857142857,1017.5571428571428,70.02857142857142,14.514285714285714,-28.78963144574027
33.05714285714286,21.74285714285714,27.214285714285715,35.2,21.74285714285714,28.314285714285717,65.8,0.7812857142857144,42.85714285714285,4.167142857142857,0.0,18.785714285714285,208.67142857142855,1013.1714285714286,39.371428571428574,14.728571428571428,13.044884156759965
14.742857142857144,2.7,8.385714285714286,14.742857142857144,1.6428571428571426,7.671428571428572,70.95714285714286,0.0829999999999999,42.85714285714285,7.141428571428571,0.0,17.314285714285713,131.52857142857144,1022.6142857142856,26.88571428571429,14.014285714285714,-31.503166110813027
27.65714285714285,18.285714285714285,22.82857142857143,28.74285714285714,18.285714285714285,23.1,71.62857142857142,3.476142857142857,57.142857142857146,12.5,0.0,19.32857142857143,255.68571428571428,1012.8142857142856,50.34285714285714,13.642857142857142,34.202792797526854
-1.2285714285714284,-9.385714285714286,-4.942857142857143,-4.185714285714286,-13.3,-8.72857142857143,72.77142857142857,0.6925714285714285,57.142857142857146,21.427142857142854,5.014285714285713,19.62857142857143,219.6142857142857,1014.6,61.957142857142856,11.44285714285714,27.74725710534767
3.157142857142857,-4.214285714285714,-0.4142857142857142,-0.6857142857142858,-8.942857142857143,-4.671428571428572,60.81428571428571,0.0617142857142857,14.285714285714286,1.7857142857142858,0.0,22.7,182.9857142857143,1021.0714285714286,55.62857142857143,15.642857142857142,154.67467498466863
25.071428571428573,15.0,20.02857142857143,26.057142857142857,14.657142857142857,20.314285714285717,74.48571428571428,0.3847142857142857,42.85714285714285,2.9771428571428573,0.0,20.15714285714285,178.20000000000002,1020.6714285714286,57.94285714285714,13.114285714285714,16.108851103706684
25.571428571428573,16.814285714285713,21.24285714285714,25.985714285714288,16.814285714285713,21.37142857142857,71.7,3.839428571428572,85.71428571428571,16.072857142857142,0.0,21.02857142857143,209.08571428571423,1018.6,53.55714285714286,14.814285714285717,16.960185039185717
-0.1571428571428572,-10.171428571428573,-5.2,-5.614285714285714,-16.6,-10.857142857142858,68.12857142857142,0.6488571428571428,28.571428571428573,8.332857142857142,0.0,26.857142857142858,180.77142857142857,1028.1285714285714,47.68571428571429,13.814285714285717,-13.237358819841347
17.04285714285714,8.885714285714286,13.0,17.04285714285714,8.5,12.814285714285717,75.87142857142858,4.857571428571428,71.42857142857143,31.548571428571428,0.0,21.8,229.52857142857144,1011.9142857142856,68.11428571428571,14.457142857142856,-29.251820559707998
27.557142857142857,18.61428571428572,22.97142857142857,28.585714285714285,18.61428571428572,23.32857142857143,77.77142857142857,2.105714285714285,28.571428571428573,2.975714285714285,0.0,15.085714285714287,132.14285714285714,1021.4142857142856,51.88571428571429,13.9,244.1161647464505
12.842857142857143,2.771428571428572,7.542857142857143,12.085714285714284,0.3714285714285714,5.985714285714286,72.01428571428572,0.0451428571428571,14.285714285714286,1.7857142857142858,0.0,22.571428571428573,288.0142857142857,1018.6857142857144,47.32857142857143,22.02857142857143,-12.26275261084811
3.2857142857142856,-5.885714285714285,-1.414285714285714,-0.7285714285714285,-12.142857142857142,-6.528571428571429,69.82857142857144,0.147,42.85714285714285,4.761428571428572,1.5,28.4,228.65714285714284,1016.6428571428572,63.68571428571429,17.52857142857143,-37.84907570219161
1.942857142857143,-4.3,-1.0000000000000002,-1.0714285714285714,-8.014285714285714,-5.0,73.94285714285715,1.894,42.85714285714285,13.095714285714283,0.5571428571428572,24.285714285714285,251.95714285714283,1021.5,56.771428571428565,14.171428571428573,-121.69175284170365
19.3,10.114285714285714,14.714285714285714,19.3,9.728571428571428,14.528571428571428,74.82857142857142,4.469857142857143,71.42857142857143,16.667142857142856,0.0,17.285714285714285,188.2,1015.2857142857144,62.614285714285714,12.428571428571429,-32.489664005344366
4.2,-3.257142857142857,0.5857142857142856,0.2571428571428571,-8.22857142857143,-3.857142857142857,72.11428571428571,3.7447142857142857,71.42857142857143,14.284285714285714,0.0,28.871428571428574,205.14285714285717,1020.1857142857144,66.65714285714286,18.74285714285714,1.7590838183543838
2.9857142857142853,-2.242857142857143,0.3857142857142857,-0.6571428571428574,-8.114285714285714,-4.3,78.11428571428571,1.9242857142857144,57.142857142857146,19.048571428571428,1.4333333333333331,25.1,197.55714285714288,1010.3,91.51428571428572,10.87142857142857,-57.13496802156055
13.914285714285716,3.971428571428572,9.214285714285714,13.585714285714287,0.9142857142857144,7.6,64.22857142857143,3.200142857142857,71.42857142857143,17.26142857142857,0.0,28.414285714285715,252.94285714285712,1012.8857142857142,57.22857142857144,15.357142857142858,2.742709429876413
28.1,15.885714285714284,22.557142857142857,28.442857142857143,15.885714285714284,22.728571428571428,64.91428571428571,1.8388571428571427,28.571428571428573,7.142857142857143,0.0,17.257142857142856,159.29999999999998,1021.1285714285714,50.25714285714286,16.014285714285716,55.08648462121073
10.542857142857144,1.5571428571428572,5.871428571428572,8.757142857142856,-2.042857142857143,2.9285714285714284,67.3,5.2504285714285714,57.142857142857146,25.594285714285714,0.0,29.485714285714288,249.2142857142857,1022.1428571428572,65.38571428571429,13.4,-32.72675507218173
30.4,17.742857142857144,24.17142857142857,30.77142857142857,17.742857142857144,24.342857142857145,65.01428571428572,1.8587142857142855,42.85714285714285,2.9771428571428573,0.0,19.357142857142858,183.7428571428572,1014.1285714285714,26.557142857142857,15.242857142857144,-66.17285562795996
-7.585714285714286,-16.52857142857143,-11.728571428571428,-13.599999999999998,-23.228571428571428,-18.242857142857144,71.7,0.6881428571428572,57.142857142857146,17.857142857142858,16.342857142857145,20.957142857142856,232.54285714285717,1025.3,56.457142857142856,13.314285714285717,-149.4181764886698
18.185714285714287,6.442857142857143,12.085714285714284,17.62857142857143,4.242857142857143,10.985714285714286,66.58571428571429,3.439714285714285,71.42857142857143,22.02428571428572,0.0,28.285714285714285,212.58571428571423,1009.0857142857144,70.94285714285715,13.9,-2.8254631346922
20.442857142857143,11.328571428571427,16.014285714285712,20.25714285714286,10.971428571428572,15.9,62.68571428571429,0.1317142857142857,28.571428571428573,4.1657142857142855,0.0,27.11428571428572,228.8857142857143,1014.6142857142858,59.07142857142857,15.842857142857143,9.990225162499655
0.0142857142857142,-4.285714285714286,-2.2285714285714286,-3.642857142857143,-9.271428571428572,-6.628571428571428,86.21428571428571,3.884,85.71428571428571,26.19142857142857,15.414285714285716,21.814285714285717,115.01428571428572,1012.342857142857,94.4,7.085714285714286,-6.253678599601244
9.385714285714286,1.2857142857142858,5.028571428571429,8.242857142857144,-1.6428571428571428,2.5,74.91428571428571,1.843,42.85714285714285,8.930000000000001,0.0,22.857142857142858,194.68571428571428,1019.4,57.9,13.728571428571428,-56.15542372589016
16.928571428571427,6.014285714285714,11.428571428571429,16.928571428571427,5.714285714285714,11.271428571428572,75.7,1.11,28.571428571428573,6.547142857142857,0.0,15.685714285714283,220.07142857142856,1021.2428571428572,47.32857142857143,14.714285714285714,-10.523769111963702
25.428571428571427,14.528571428571428,19.842857142857145,25.428571428571427,14.528571428571428,19.842857142857145,66.37142857142858,1.357,57.142857142857146,10.715714285714286,0.0,17.1,174.4,1017.2428571428572,43.771428571428565,14.171428571428573,-42.77210730355205
11.0,1.9428571428571428,6.671428571428571,8.842857142857143,-1.6857142857142855,3.928571428571429,62.21428571428572,0.0235714285714285,14.285714285714286,1.19,0.0,28.085714285714285,224.3,1015.5571428571428,60.957142857142856,19.27142857142857,-24.799923405149
21.61428571428572,12.714285714285714,16.857142857142858,21.61428571428572,12.44285714285714,16.8,72.01428571428572,1.6151428571428572,85.71428571428571,12.501428571428573,0.0,20.185714285714287,168.94285714285712,1015.8714285714286,56.285714285714285,15.014285714285714,8.93519047997006
4.128571428571428,-3.7142857142857135,0.3428571428571428,-0.3571428571428572,-9.242857142857144,-4.742857142857142,72.38571428571429,3.692142857142857,57.142857142857146,17.857142857142858,4.2,30.6,196.44285714285712,1021.5714285714286,68.82857142857144,16.357142857142858,46.89285229330608
5.957142857142857,-2.814285714285714,1.6428571428571428,3.328571428571429,-7.1,-1.957142857142857,72.71428571428571,0.167,28.571428571428573,2.381428571428572,5.08,22.81428571428572,85.85714285714286,1021.7285714285716,55.72857142857144,14.214285714285714,47.46735765137987
24.928571428571427,14.528571428571428,19.857142857142858,25.32857142857143,14.528571428571428,20.071428571428573,67.65714285714286,0.9297142857142856,57.142857142857146,10.12,0.0,22.057142857142857,224.68571428571428,1017.7428571428572,43.55714285714286,13.6,6.162271119803563
16.45714285714286,6.3,10.428571428571429,16.04285714285714,4.685714285714285,9.485714285714286,77.64285714285714,0.6798571428571429,28.571428571428573,5.357142857142857,0.0,17.17142857142857,156.15714285714284,1021.2142857142856,62.271428571428565,10.94285714285714,-18.105512301526232
4.928571428571429,0.7857142857142857,2.4857142857142853,2.271428571428572,-3.1142857142857143,-0.7571428571428571,86.38571428571429,1.1065714285714283,42.85714285714285,12.5,1.75,16.714285714285715,112.67142857142858,1025.1285714285714,95.71428571428572,5.5,-25.72729210880425
1.4428571428571426,-6.857142857142857,-3.4,-1.9285714285714288,-12.428571428571429,-8.114285714285714,77.51428571428572,1.5165714285714285,85.71428571428571,26.785714285714285,5.2,26.314285714285717,175.42857142857142,1012.8714285714284,85.15714285714286,10.3,-35.978642993238736
17.5,5.442857142857143,11.042857142857144,17.5,2.414285714285714,9.342857142857142,68.7,4.774571428571428,71.42857142857143,22.62,0.0,31.4,167.22857142857143,1014.1428571428572,62.02857142857143,12.957142857142856,-57.873959121213375
19.74285714285714,9.471428571428572,15.028571428571428,19.74285714285714,8.385714285714286,14.771428571428572,67.89999999999999,0.3642857142857143,42.85714285714285,5.951428571428571,0.0,17.17142857142857,136.3,1017.1285714285714,72.58571428571429,11.357142857142858,19.366503885638394
13.457142857142856,4.871428571428572,8.714285714285714,12.542857142857144,1.9857142857142855,6.885714285714286,70.5,0.1182857142857143,42.85714285714285,2.381428571428572,0.0,25.428571428571427,225.52857142857144,1016.3857142857142,57.92857142857143,22.17142857142857,4.41130870794791
30.51428571428572,19.942857142857143,25.085714285714285,33.31428571428571,19.942857142857143,26.25714285714286,73.94285714285715,0.7142857142857143,28.571428571428573,1.1914285714285715,0.0,21.928571428571427,213.82857142857145,1018.9857142857144,39.58571428571429,10.9,-58.80492185655521
20.714285714285715,9.5,15.228571428571428,20.714285714285715,8.6,15.171428571428573,63.81428571428571,3.478142857142857,42.85714285714285,17.26142857142857,0.0,25.185714285714287,144.9142857142857,1017.4428571428572,60.27142857142858,21.12857142857143,7.068524577549624
7.242857142857143,1.9428571428571428,4.871428571428572,4.857142857142857,-1.5857142857142856,1.8428571428571432,78.84285714285714,3.7565714285714287,71.42857142857143,21.428571428571427,1.0,26.357142857142858,185.0142857142857,1019.7428571428572,90.44285714285716,14.928571428571429,-13.646215651933744
9.4,0.4714285714285714,5.128571428571428,7.542857142857143,-4.414285714285714,1.7,76.71428571428571,4.683999999999999,71.42857142857143,31.548571428571428,8.15,31.67142857142857,246.5,1008.7285714285716,74.61428571428571,15.7,-74.52093041874082
23.642857142857142,14.828571428571433,19.071428571428573,23.9,14.62857142857143,19.042857142857144,75.51428571428572,0.2194285714285714,42.85714285714285,4.167142857142857,0.0,21.071428571428573,129.14285714285714,1020.6857142857144,49.31428571428571,13.785714285714286,-9.557319054445998
4.571428571428571,-2.3,0.6428571428571429,2.042857142857143,-7.214285714285714,-3.2,68.97142857142858,0.7325714285714285,57.142857142857146,10.714285714285714,0.2571428571428571,25.928571428571427,271.74285714285713,1011.2,57.31428571428571,14.014285714285714,64.6075098754095
8.457142857142857,-0.5428571428571428,3.7,6.6571428571428575,-5.014285714285714,0.557142857142857,72.75714285714285,1.052857142857143,28.571428571428573,10.118571428571428,0.0,22.057142857142857,135.12857142857143,1019.342857142857,57.04285714285714,14.071428571428571,-41.7311364919824
6.285714285714286,-0.6571428571428573,2.6,2.957142857142857,-5.214285714285714,-1.3571428571428572,81.17142857142858,1.7345714285714284,28.571428571428573,10.118571428571428,3.0,25.32857142857143,188.9142857142857,1018.6142857142858,61.57142857142857,12.842857142857142,-42.15325133619604
-0.6857142857142856,-7.542857142857143,-3.914285714285714,-5.528571428571429,-14.314285714285717,-9.7,63.24285714285715,0.0182857142857142,14.285714285714286,0.5957142857142858,3.0,29.67142857142857,261.5571428571429,1023.2857142857144,55.971428571428575,14.585714285714284,-66.99521022591216
22.75714285714286,12.785714285714286,17.685714285714287,22.814285714285717,12.785714285714286,17.7,78.04285714285713,2.412714285714286,85.71428571428571,17.26142857142857,0.0,19.17142857142857,267.12857142857143,1010.6142857142858,56.642857142857146,13.571428571428571,-16.054203279198873
-2.057142857142857,-11.242857142857144,-6.571428571428571,-5.528571428571429,-16.728571428571428,-11.414285714285716,77.25714285714285,0.0641428571428571,14.285714285714286,2.381428571428572,16.842857142857145,21.6,152.91428571428568,1017.3142857142856,70.85714285714286,12.214285714285714,29.696862373421027
16.914285714285715,5.928571428571429,11.37142857142857,16.914285714285715,3.2857142857142856,10.028571428571428,65.0,0.633,42.85714285714285,3.571428571428572,0.0,26.47142857142857,261.24285714285713,1022.2142857142856,47.65714285714286,19.571428571428573,12.843351738940784
3.557142857142857,-5.571428571428571,-0.2999999999999999,0.0999999999999999,-11.685714285714283,-5.028571428571428,73.51428571428572,2.5852857142857144,71.42857142857143,30.952857142857145,7.44,31.82857142857143,225.95714285714288,1021.5571428571428,74.5,15.442857142857145,-9.866045471158486
2.5285714285714285,-6.799999999999999,-2.0142857142857142,-2.2285714285714286,-12.328571428571427,-7.114285714285714,61.6,0.1847142857142857,42.85714285714285,4.761428571428572,5.557142857142857,27.6,213.02857142857144,1017.0285714285714,48.57142857142857,23.82857142857143,-65.86086028745831
13.828571428571433,1.8714285714285717,7.757142857142858,13.828571428571433,0.2,6.814285714285715,68.08571428571429,0.8842857142857142,42.85714285714285,11.905714285714286,0.0,23.62857142857143,244.55714285714288,1023.9285714285714,30.442857142857143,14.828571428571427,0.1044221874021786
10.142857142857142,2.3714285714285714,6.142857142857143,8.5,-1.9285714285714288,3.314285714285714,76.08571428571429,4.102428571428572,71.42857142857143,25.594285714285714,0.0,28.61428571428572,228.15714285714284,1017.0571428571428,84.95714285714287,16.428571428571427,-25.873987535722563
-4.542857142857143,-10.228571428571428,-7.328571428571428,-10.342857142857143,-16.928571428571427,-13.428571428571429,78.38571428571429,1.223857142857143,57.142857142857146,14.88,14.757142857142856,25.75714285714286,228.32857142857145,1020.7571428571428,78.38571428571429,11.242857142857144,-5.339405099118721
17.014285714285712,7.3428571428571425,12.685714285714289,17.014285714285712,6.542857142857143,12.428571428571429,64.31428571428572,3.087428571428571,71.42857142857143,15.474285714285712,0.0,25.185714285714287,223.8142857142857,1016.7714285714284,56.75714285714286,15.1,-0.0197252485229455
6.842857142857143,-1.7285714285714284,2.157142857142857,3.3285714285714287,-5.9,-1.7142857142857142,59.0,0.028,14.285714285714286,1.19,3.0,26.15714285714285,102.7285714285714,1011.6285714285714,62.41428571428572,20.457142857142856,-4.294149384787261
22.014285714285712,12.44285714285714,16.842857142857145,22.014285714285712,12.44285714285714,16.842857142857145,83.8,1.2717142857142856,71.42857142857143,9.524285714285714,0.0,16.742857142857144,187.8,1018.7,55.285714285714285,11.842857142857143,11.40645524770457
25.042857142857144,11.885714285714286,18.17142857142857,24.842857142857145,11.885714285714286,18.15714285714285,71.8,0.2818571428571428,57.142857142857146,8.332857142857142,0.0,16.771428571428572,132.3857142857143,1018.9714285714286,36.6,12.857142857142858,10.38483611939182
25.5,17.585714285714285,21.571428571428573,25.914285714285715,17.585714285714285,21.714285714285715,74.72857142857143,1.9174285714285717,57.142857142857146,14.881428571428572,0.0,20.285714285714285,203.37142857142857,1016.5571428571428,52.05714285714286,13.44285714285714,-63.64124060824838
18.6,8.085714285714285,13.328571428571427,18.6,6.4,12.842857142857143,58.51428571428572,2.571428571428572,42.85714285714285,17.262857142857143,0.0,20.942857142857143,176.81428571428572,1016.2714285714284,45.71428571428572,14.728571428571428,-6.774734441818509
26.3,17.7,21.728571428571428,26.885714285714283,17.7,21.814285714285717,73.68571428571428,1.938428571428572,57.142857142857146,12.5,0.0,17.842857142857145,212.3571428571429,1008.7714285714284,54.15714285714285,13.87142857142857,-40.51356449807645
11.2,0.2714285714285715,5.700000000000001,10.171428571428573,-3.3428571428571425,3.314285714285714,58.22857142857142,0.3278571428571428,42.85714285714285,4.1657142857142855,0.0,24.87142857142857,230.7428571428572,1012.3,44.771428571428565,14.842857142857143,44.372416034225125
17.7,2.8000000000000003,10.728571428571428,17.7,0.3428571428571428,9.7,47.3,0.0,0.0,0.0,0.0,24.342857142857145,121.95714285714288,1023.4571428571428,13.757142857142856,16.9,-31.73981242709715
14.071428571428571,5.585714285714286,9.571428571428571,14.071428571428571,3.0285714285714285,8.542857142857143,73.41428571428571,0.6268571428571429,14.285714285714286,4.761428571428572,0.0,23.24285714285714,247.9142857142857,1016.4,66.54285714285714,19.885714285714283,-11.514286580735188
13.428571428571429,7.028571428571429,10.0,13.05714285714286,5.842857142857143,9.314285714285717,73.64285714285714,2.1708571428571437,57.142857142857146,18.452857142857145,0.0,25.714285714285715,183.45714285714288,1015.6,68.75714285714285,15.757142857142856,-33.14398533712415
7.342857142857143,-2.757142857142857,2.385714285714286,5.714285714285714,-5.9,2.5376526277146434e-16,69.84285714285714,3.370428571428572,57.142857142857146,17.857142857142858,0.0428571428571428,19.4,198.97142857142856,1015.6428571428572,58.35714285714285,14.0,-24.91269620918729
-9.585714285714284,-20.17142857142857,-14.528571428571428,-14.214285714285714,-26.6,-21.17142857142857,68.62857142857143,0.1109999999999999,42.85714285714285,6.548571428571429,9.285714285714286,25.32857142857143,214.58571428571423,1017.4714285714286,55.285714285714285,12.5,-32.89597759590538
11.914285714285716,3.185714285714286,7.514285714285714,11.428571428571429,1.7285714285714284,6.242857142857142,75.82857142857142,0.3777142857142857,28.571428571428573,8.928571428571429,2.8,19.24285714285714,181.1,1018.4285714285714,77.35714285714286,12.657142857142857,-1.0050978337110337
2.4,-5.142857142857143,-1.4,-1.5714285714285714,-9.757142857142856,-5.728571428571429,73.07142857142857,0.5167142857142857,57.142857142857146,7.737142857142857,0.7142857142857143,26.7,223.9857142857143,1014.1714285714286,74.7,14.285714285714286,7.706619654428323
6.814285714285715,-1.8,1.9,3.842857142857143,-6.342857142857143,-2.057142857142857,68.42857142857143,1.1768571428571428,85.71428571428571,16.667142857142856,3.0,27.87142857142857,153.34285714285716,1020.5857142857144,74.05714285714285,13.785714285714286,-2.5982359645652195
30.442857142857143,18.65714285714285,24.75714285714286,31.228571428571428,18.65714285714285,25.285714285714285,64.47142857142856,1.6321428571428571,14.285714285714286,1.7857142857142858,0.0,17.342857142857145,231.67142857142855,1015.2857142857144,37.614285714285714,15.685714285714283,-1.311669095915022
13.242857142857144,1.8142857142857145,7.442857142857143,12.328571428571427,-1.4,5.1000000000000005,55.471428571428575,0.1801428571428571,28.571428571428573,2.38,0.0,23.642857142857142,113.22857142857144,1018.4,46.94285714285714,15.657142857142857,-87.26419599975338
7.1571428571428575,-0.557142857142857,3.371428571428571,4.714285714285714,-3.371428571428571,0.4285714285714287,76.81428571428572,3.083285714285714,71.42857142857143,19.642857142857142,5.75,23.485714285714288,199.6285714285714,1018.0714285714286,57.471428571428575,13.414285714285716,6.96813335834554
21.11428571428572,9.957142857142856,15.928571428571429,21.11428571428572,9.257142857142856,15.514285714285714,72.31428571428572,5.749714285714285,42.85714285714285,17.857142857142858,0.0,18.985714285714288,151.4857142857143,1019.0714285714286,61.55714285714286,14.9,6.646158902551406
26.014285714285712,15.928571428571429,20.9,25.914285714285715,15.928571428571429,20.842857142857145,70.67142857142856,2.4822857142857147,57.142857142857146,10.715714285714286,0.0,15.828571428571427,213.87142857142857,1010.5857142857144,49.71428571428572,12.971428571428572,23.116666243805184
6.042857142857144,-3.2,0.2571428571428571,2.8714285714285714,-9.014285714285714,-4.457142857142857,80.11428571428571,2.263571428571429,71.42857142857143,16.667142857142856,3.375,30.057142857142853,184.8571428571429,1012.0142857142856,79.39999999999999,11.87142857142857,-237.4139017885036
15.171428571428573,7.014285714285714,10.757142857142856,15.171428571428573,4.985714285714286,9.657142857142857,72.37142857142857,2.1975714285714285,42.85714285714285,10.714285714285714,0.0,25.414285714285715,287.8,1022.0,60.82857142857142,21.314285714285717,63.97027459463948
-5.242857142857143,-13.171428571428573,-9.614285714285714,-11.814285714285717,-21.514285714285712,-17.17142857142857,64.71428571428571,0.0821428571428571,14.285714285714286,1.7857142857142858,2.0,32.785714285714285,250.4,1019.7714285714284,57.971428571428575,19.071428571428573,-23.84813849961461
25.342857142857145,14.914285714285716,20.02857142857143,25.9,14.6,20.142857142857142,68.0,3.137,57.142857142857146,9.524285714285714,0.0,29.4,237.7,1009.7142857142856,64.21428571428571,16.485714285714288,38.47849752528964
-9.328571428571427,-14.642857142857142,-11.7,-15.585714285714284,-23.857142857142858,-19.65714285714285,74.64285714285714,0.9298571428571428,100.0,22.62,5.614285714285714,27.8,229.38571428571427,1012.4571428571428,87.22857142857143,10.071428571428571,150.88331890895188
14.085714285714284,1.5571428571428572,7.571428571428571,13.185714285714289,-1.0571428571428572,5.871428571428572,65.34285714285714,1.1911428571428573,42.85714285714285,13.69,0.0,22.17142857142857,269.5857142857143,1017.8,53.6,18.285714285714285,-6.743961352309498
23.5,13.742857142857144,18.6,23.842857142857145,13.742857142857144,18.62857142857143,70.01428571428572,8.018714285714285,57.142857142857146,21.428571428571427,0.0,25.32857142857143,226.52857142857144,1017.8571428571428,69.58571428571427,19.0,-63.246339094374434
20.142857142857142,13.428571428571429,16.357142857142858,20.142857142857142,13.4,16.357142857142858,81.04285714285713,2.9992857142857146,71.42857142857143,21.427142857142854,0.0,17.385714285714283,152.28571428571428,1013.2714285714284,84.07142857142857,12.228571428571428,94.90166987702332
11.514285714285714,2.2,6.585714285714286,10.671428571428573,-0.8857142857142856,4.5285714285714285,73.08571428571429,0.4702857142857142,14.285714285714286,4.167142857142857,0.0,21.014285714285712,215.94285714285712,1017.9142857142856,38.1,12.957142857142856,8.528545386320047
15.071428571428571,5.1571428571428575,9.585714285714284,14.6,2.071428571428572,7.842857142857143,68.5,1.6565714285714286,57.142857142857146,12.5,0.0,26.67142857142857,211.4857142857143,1009.8571428571428,64.87142857142858,17.757142857142856,68.93766217542338
8.757142857142856,0.5999999999999999,4.514285714285714,7.414285714285714,-3.3428571428571425,1.4857142857142855,67.27142857142857,0.5668571428571428,57.142857142857146,9.522857142857143,0.0,23.67142857142857,227.95714285714288,1020.2142857142856,66.91428571428571,17.6,-20.151970700598213
28.057142857142857,19.74285714285714,23.585714285714285,28.842857142857145,19.74285714285714,23.914285714285715,69.3,3.503571428571429,57.142857142857146,11.308571428571428,0.0,26.25714285714286,221.82857142857145,1013.2428571428572,65.91428571428571,21.957142857142856,-56.66508726056509
-4.771428571428571,-12.9,-9.185714285714283,-10.442857142857145,-20.62857142857143,-15.985714285714286,76.14285714285714,0.6621428571428571,57.142857142857146,16.071428571428573,8.814285714285715,24.3,210.8,1020.4142857142856,72.02857142857144,14.37142857142857,93.19762846747426
20.12857142857143,6.742857142857143,13.642857142857142,20.12857142857143,5.371428571428572,13.242857142857144,59.642857142857146,0.8724285714285714,28.571428571428573,3.571428571428572,0.0,22.81428571428572,151.6,1011.657142857143,39.271428571428565,15.728571428571428,-39.00445823995892
8.914285714285715,-1.2285714285714284,3.414285714285714,7.542857142857143,-4.842857142857143,0.8428571428571426,65.85714285714286,0.6632857142857144,42.85714285714285,4.761428571428572,0.3999999999999999,22.4,209.8571428571429,1015.9142857142856,72.12857142857142,14.55714285714286,-20.8618025326964
0.7142857142857143,-2.242857142857143,-0.5,-2.2142857142857144,-7.457142857142857,-4.714285714285714,88.39999999999999,0.2451428571428571,42.85714285714285,7.738571428571428,13.62857142857143,20.357142857142858,185.08571428571423,1018.4714285714286,94.45714285714288,9.314285714285717,-46.34817173422016
6.257142857142858,-2.1714285714285717,1.8,4.057142857142858,-5.128571428571428,-0.9142857142857144,75.15714285714286,0.055,28.571428571428573,2.9771428571428578,0.0,19.37142857142857,188.15714285714284,1015.9142857142856,77.98571428571428,13.242857142857144,-18.424465391813555
20.457142857142856,5.671428571428572,13.685714285714283,20.457142857142856,4.1571428571428575,13.071428571428571,46.02857142857143,0.0,0.0,0.0,0.0,21.057142857142857,176.12857142857143,1019.1285714285714,47.65714285714286,22.2,25.323321099563827
16.52857142857143,6.7,11.55714285714286,16.2,4.371428571428572,10.5,56.31428571428571,0.8914285714285715,28.571428571428573,3.571428571428572,0.0285714285714285,24.285714285714285,198.27142857142852,1020.1,53.34285714285714,15.55714285714286,-43.21205864649369
-5.1000000000000005,-14.214285714285714,-9.314285714285717,-8.771428571428572,-19.842857142857145,-14.185714285714283,71.84285714285714,0.353,28.571428571428573,6.548571428571429,11.042857142857144,18.142857142857142,223.5142857142857,1026.5857142857144,70.60000000000001,13.414285714285716,243.2995994423297
18.842857142857145,7.557142857142857,13.571428571428571,18.842857142857145,7.1000000000000005,13.457142857142856,59.4,0.7947142857142858,28.571428571428573,7.142857142857143,0.0,19.75714285714286,184.32857142857145,1012.7285714285716,48.3,14.414285714285716,-35.90845731735271
25.342857142857145,14.071428571428571,20.11428571428572,25.27142857142857,14.071428571428571,20.1,60.35714285714285,0.1392857142857143,28.571428571428573,3.571428571428572,0.0,21.514285714285712,242.8,1018.7,34.528571428571425,15.94285714285714,20.94192701582097
25.15714285714285,14.571428571428571,19.62857142857143,25.057142857142857,14.571428571428571,19.62857142857143,68.41428571428571,6.341714285714287,57.142857142857146,10.714285714285714,0.0,19.97142857142857,175.6142857142857,1011.3714285714286,67.35714285714286,18.828571428571426,58.60163794305913
-0.2428571428571428,-8.028571428571428,-3.6571428571428575,-5.385714285714286,-13.242857142857144,-9.242857142857144,72.45714285714286,0.0499999999999999,14.285714285714286,2.381428571428572,4.0,33.6,257.7857142857143,1012.8285714285714,67.5,14.657142857142857,672.2499999999586
-1.4714285714285713,-9.6,-5.042857142857143,-4.214285714285714,-15.328571428571427,-9.342857142857143,77.61428571428571,1.625857142857143,57.142857142857146,13.691428571428572,5.371428571428572,22.914285714285715,222.28571428571428,1017.3571428571428,71.61428571428571,12.3,-47.143793534100496
10.385714285714286,2.628571428571429,6.5,9.042857142857144,-1.4714285714285715,3.971428571428572,80.39999999999999,7.989714285714285,71.42857142857143,35.714285714285715,38.0,27.0,145.32857142857142,1013.5428571428572,75.11428571428571,13.142857142857142,65.52125693331959
1.9142857142857144,-1.2142857142857142,0.1714285714285714,-0.6714285714285715,-5.471428571428571,-3.2,83.71428571428571,0.331142857142857,57.142857142857146,7.738571428571428,13.0,18.914285714285715,242.6142857142857,1016.9857142857144,96.08571428571427,10.2,-46.83119728754127
4.1,-1.7714285714285716,1.3142857142857145,1.5857142857142854,-5.728571428571429,-2.3000000000000003,80.58571428571429,1.474142857142857,71.42857142857143,29.165714285714284,1.157142857142857,21.457142857142856,214.15714285714284,1021.4571428571428,82.2,13.771428571428572,8.736649429888757
16.242857142857144,5.285714285714286,10.94285714285714,16.242857142857144,4.128571428571429,10.142857142857142,71.88571428571429,1.3188571428571427,28.571428571428573,5.952857142857143,0.0,21.2,153.47142857142856,1024.0857142857144,56.271428571428565,18.257142857142856,43.94194656587501
0.7571428571428572,-7.942857142857142,-3.242857142857143,-3.857142857142857,-13.657142857142858,-8.171428571428573,75.72857142857143,1.684,57.142857142857146,13.691428571428572,8.7,26.7,201.3571428571429,1017.0571428571428,66.15714285714286,13.05714285714286,-57.47286883039692
29.414285714285715,19.8,24.37142857142857,30.928571428571427,19.8,24.8,77.41428571428571,1.9995714285714288,57.142857142857146,7.142857142857143,0.0,17.442857142857143,236.7,1015.7285714285716,71.75714285714285,9.657142857142857,-25.416132866140515
14.485714285714286,1.2142857142857142,8.357142857142858,13.242857142857144,-1.9857142857142855,6.585714285714286,59.52857142857143,0.4778571428571428,71.42857142857143,8.332857142857142,0.4,26.957142857142856,217.7142857142857,1016.9571428571428,63.614285714285714,14.642857142857142,-45.09750014158704
3.242857142857143,-1.6142857142857143,0.5285714285714286,-0.2142857142857142,-6.542857142857143,-3.9,76.2,1.561142857142857,71.42857142857143,16.071428571428573,7.025,26.714285714285715,149.4857142857143,1014.5714285714286,95.51428571428572,11.042857142857144,27.792340037372696
2.128571428571429,-6.428571428571429,-2.185714285714286,-1.3571428571428574,-11.7,-6.7,76.92857142857143,2.7055714285714285,71.42857142857143,20.83285714285714,2.0,22.37142857142857,206.82857142857145,1024.071428571429,71.18571428571428,13.242857142857144,43.15783610179892
8.785714285714286,1.0285714285714285,5.1000000000000005,7.185714285714285,-2.685714285714286,2.528571428571429,82.51428571428572,2.721714285714285,57.142857142857146,19.048571428571428,3.0,23.928571428571427,235.07142857142856,1019.8857142857142,68.21428571428571,12.828571428571427,-227.80180184071105
22.214285714285715,13.928571428571429,18.114285714285717,22.214285714285715,13.928571428571429,18.114285714285717,72.91428571428573,1.7171428571428573,42.85714285714285,14.88,0.0,17.04285714285714,163.1142857142857,1020.2285714285716,54.48571428571428,14.785714285714286,23.01688971161548
0.6714285714285715,-6.471428571428572,-3.0142857142857147,-3.642857142857143,-12.328571428571427,-8.042857142857143,74.21428571428571,1.179,71.42857142857143,17.26142857142857,1.6714285714285713,24.928571428571427,75.85714285714286,1022.3571428571428,74.31428571428572,16.785714285714285,-126.16689175117176
-3.8428571428571434,-10.7,-7.228571428571429,-6.928571428571429,-14.914285714285716,-10.957142857142856,80.04285714285713,0.1885714285714285,42.85714285714285,6.548571428571429,7.585714285714286,16.085714285714285,211.61428571428573,1021.7,71.07142857142857,12.485714285714286,134.40367780011206
13.771428571428572,0.7,7.257142857142857,13.314285714285717,-1.871428571428572,5.785714285714286,53.642857142857146,0.833,42.85714285714285,6.548571428571429,0.0,24.11428571428572,231.8428571428572,1012.2857142857144,43.457142857142856,15.428571428571429,-36.42498895855442
5.528571428571429,-2.442857142857143,1.1428571428571428,2.5,-6.9,-2.9285714285714284,67.12857142857142,0.7764285714285714,57.142857142857146,11.905714285714286,1.6857142857142855,23.32857142857143,238.6,1019.9142857142856,69.7,19.985714285714288,-124.70046818200376
27.12857142857143,16.785714285714285,22.1,29.1,16.67142857142857,22.942857142857143,73.64285714285714,1.7202857142857142,57.142857142857146,7.738571428571428,0.0,23.014285714285712,193.55714285714288,1015.0285714285714,52.971428571428575,16.357142857142858,-65.32512276154421
-1.5285714285714285,-6.928571428571429,-4.0,-4.828571428571429,-13.314285714285717,-9.242857142857144,80.11428571428571,1.575,42.85714285714285,17.857142857142858,7.728571428571429,22.15714285714285,136.82857142857145,1030.071428571429,85.15714285714286,13.3,165.70737227035238
25.61428571428572,15.94285714285714,20.914285714285715,25.75714285714286,15.94285714285714,20.928571428571427,67.81428571428572,1.8215714285714284,42.85714285714285,7.142857142857143,0.0,15.642857142857142,145.57142857142858,1013.3714285714286,47.0,15.385714285714286,-78.84463988370317
5.242857142857143,-4.228571428571429,0.1714285714285713,2.085714285714286,-9.5,-4.442857142857143,74.18571428571428,3.246714285714286,57.142857142857146,23.212857142857143,10.475,27.571428571428573,289.6714285714286,1010.5142857142856,72.75714285714285,15.785714285714286,5.000352120278194
-1.6714285714285713,-8.357142857142858,-4.771428571428571,-5.728571428571429,-14.828571428571427,-9.957142857142856,74.52857142857144,1.5911428571428572,42.85714285714285,17.857142857142858,4.571428571428571,22.014285714285712,227.3714285714286,1026.8,68.11428571428571,16.37142857142857,-23.55539521116248
26.75714285714286,16.5,21.514285714285712,27.75714285714286,16.5,21.685714285714287,76.34285714285714,0.8767142857142858,42.85714285714285,8.332857142857142,0.0,21.75714285714286,233.7142857142857,1015.9428571428572,42.8,15.0,111.57689876422091
16.814285714285713,4.971428571428571,10.728571428571428,16.814285714285713,2.3285714285714287,9.44285714285714,46.94285714285714,0.395,14.285714285714286,1.7857142857142858,0.0,27.47142857142857,229.1,1016.7714285714284,50.34285714285714,23.27142857142857,-31.276316009487573
19.957142857142856,8.528571428571428,14.328571428571427,19.957142857142856,7.628571428571428,14.157142857142857,64.47142857142858,1.5291428571428571,42.85714285714285,16.667142857142856,0.0,20.285714285714285,131.71428571428572,1018.5,47.6,13.485714285714286,45.5656480317698
9.614285714285714,-1.8714285714285717,3.857142857142857,7.985714285714287,-5.714285714285714,1.3714285714285717,60.32857142857143,1.3057142857142858,28.571428571428573,7.142857142857143,0.0,23.7,265.1428571428572,1014.157142857143,59.72857142857144,18.942857142857143,-14.905922247038689
28.928571428571427,19.52857142857143,23.842857142857145,30.77142857142857,19.52857142857143,24.557142857142857,70.25714285714285,1.880857142857143,42.85714285714285,5.355714285714285,0.0,20.11428571428572,154.02857142857144,1015.8714285714286,38.614285714285714,13.471428571428572,29.43661182294636
4.857142857142857,-1.7,1.1428571428571428,1.842857142857143,-6.428571428571429,-2.8857142857142857,77.3,1.2115714285714283,71.42857142857143,17.85857142857143,0.1857142857142857,25.642857142857142,255.6,1020.6142857142858,73.95714285714287,13.014285714285714,-54.0900291411408
21.728571428571428,14.085714285714284,17.928571428571427,21.728571428571428,14.085714285714284,17.928571428571427,77.04285714285713,3.351,42.85714285714285,17.857142857142858,0.0,14.55714285714286,103.84285714285716,1010.7571428571428,70.95714285714286,13.842857142857143,-36.119202853501065
16.942857142857143,7.271428571428571,11.857142857142858,16.942857142857143,4.914285714285714,10.8,76.81428571428572,6.228857142857143,100.0,26.785714285714285,0.0,28.47142857142857,187.15714285714284,1007.3142857142856,81.65714285714286,13.8,-14.94020406536265
3.442857142857143,-4.985714285714287,-0.7571428571428571,0.6,-8.77142857142857,-3.942857142857143,72.92857142857143,1.3611428571428572,14.285714285714286,7.142857142857143,0.0,24.985714285714288,269.0857142857143,1019.4857142857144,63.0,14.44285714285714,-51.69808344673834
2.171428571428572,-3.871428571428571,-0.6857142857142858,-0.2142857142857141,-9.485714285714286,-5.442857142857143,74.74285714285715,4.5282857142857145,71.42857142857143,26.787142857142857,0.1,26.24285714285714,237.4142857142857,1014.157142857143,73.04285714285714,13.728571428571428,1.5937315812946051
25.75714285714286,14.385714285714286,20.2,25.642857142857142,14.385714285714286,20.185714285714287,59.471428571428575,0.3874285714285714,28.571428571428573,6.547142857142857,0.0,16.928571428571427,173.55714285714288,1018.842857142857,43.02857142857143,15.2,-19.49746148740428
21.0,11.614285714285714,16.4,21.071428571428573,11.271428571428572,16.385714285714286,74.95714285714287,1.5075714285714288,71.42857142857143,13.097142857142858,0.0,25.942857142857143,231.58571428571432,1009.657142857143,64.98571428571428,18.0,-48.000677312979406
-1.9,-9.657142857142857,-5.7,-7.785714285714286,-16.814285714285713,-12.171428571428573,73.3,0.283,71.42857142857143,7.738571428571428,3.6142857142857134,30.1,208.47142857142856,1018.8857142857142,66.57142857142857,15.642857142857142,-30.418224037896834
29.97142857142857,18.12857142857143,24.057142857142857,31.77142857142857,18.12857142857143,24.485714285714288,66.58571428571429,0.6397142857142857,28.571428571428573,4.1657142857142855,0.0,24.285714285714285,247.52857142857144,1012.6428571428572,50.98571428571428,18.014285714285712,-27.93810908261503
17.357142857142858,9.228571428571428,13.285714285714286,17.357142857142858,7.985714285714286,12.742857142857144,77.41428571428571,6.555428571428571,85.71428571428571,30.95142857142857,0.0,28.942857142857143,171.70000000000002,1012.2428571428572,83.51428571428572,13.328571428571427,13.216235178987064
19.214285714285715,7.514285714285714,13.228571428571428,19.214285714285715,5.828571428571428,12.714285714285714,60.05714285714286,0.9904285714285715,42.85714285714285,7.142857142857143,0.0,36.52857142857143,207.9142857142857,1009.6285714285714,65.2,17.857142857142858,-58.49620305524445
-1.3714285714285714,-7.942857142857143,-4.171428571428572,-6.042857142857143,-15.314285714285717,-10.014285714285714,77.01428571428572,1.8935714285714285,42.85714285714285,13.69,10.366666666666667,26.885714285714283,235.18571428571428,1016.4571428571428,60.04285714285714,14.171428571428567,176.36955175876938
1.3,-2.728571428571428,-0.6,-2.6,-8.4,-5.2,81.98571428571428,0.6895714285714286,57.142857142857146,10.714285714285714,18.585714285714285,27.457142857142856,155.70000000000002,1017.2714285714284,92.52857142857144,9.37142857142857,-100.2826980222701
23.071428571428573,14.285714285714286,18.77142857142857,23.12857142857143,14.142857142857142,18.77142857142857,72.31428571428572,4.888428571428571,42.85714285714285,19.642857142857142,0.0,17.628571428571426,156.74285714285716,1020.1714285714286,46.35714285714285,14.12857142857143,-50.087377060124936
3.314285714285714,-3.757142857142857,0.0714285714285714,-1.0285714285714287,-8.128571428571428,-4.671428571428572,75.48571428571428,0.076,42.85714285714285,2.381428571428572,4.883333333333334,27.2,254.15714285714284,1016.5,67.2,16.071428571428573,-19.65924049070736
7.314285714285715,-1.242857142857143,3.1714285714285717,4.428571428571429,-5.185714285714285,-0.5000000000000001,59.7,0.2874285714285714,14.285714285714286,4.761428571428572,0.0,26.47142857142857,252.47142857142856,1021.3571428571428,49.21428571428572,15.585714285714284,-20.83336348931448
15.685714285714283,4.8,10.328571428571427,15.242857142857144,3.042857142857143,9.357142857142858,69.8,1.794142857142857,57.142857142857146,14.285714285714286,0.0,18.95714285714286,99.18571428571428,1018.6428571428572,62.17142857142857,16.071428571428573,5.218850707541378
30.9,21.585714285714285,25.885714285714283,33.385714285714286,21.585714285714285,26.75714285714286,71.27142857142857,6.835428571428571,71.42857142857143,11.905714285714286,0.0,17.5,257.15714285714284,1014.5571428571428,54.6,14.2,2.8272629036059698
17.985714285714288,8.457142857142857,13.05714285714286,17.985714285714288,6.971428571428571,12.571428571428571,72.28571428571429,1.0011428571428571,57.142857142857146,10.118571428571428,0.0,20.15714285714285,121.47142857142856,1015.9857142857144,75.04285714285713,17.4,-45.47564237409847
28.0,15.4,22.071428571428573,27.714285714285715,15.4,22.014285714285712,58.15714285714286,0.3082857142857143,28.571428571428573,1.7857142857142858,0.0,19.514285714285712,209.1,1015.657142857143,31.62857142857143,15.414285714285713,-59.78507830525882
11.928571428571429,5.085714285714286,8.3,10.742857142857144,3.0,6.485714285714286,77.04285714285713,0.2131428571428571,42.85714285714285,4.761428571428572,0.0,25.642857142857142,238.2142857142857,1019.6428571428572,56.67142857142857,14.3,-109.9080473429783
28.542857142857144,19.32857142857143,23.87142857142857,29.52857142857143,19.32857142857143,24.15714285714285,74.88571428571429,0.7565714285714286,71.42857142857143,7.738571428571428,0.0,15.285714285714286,232.47142857142856,1012.8285714285714,53.614285714285714,12.314285714285717,39.25419118600144
-7.885714285714286,-16.37142857142857,-11.94285714285714,-13.142857142857142,-25.38571428571429,-19.87142857142857,72.81428571428572,0.64,71.42857142857143,13.095714285714283,8.242857142857144,30.51428571428572,141.85714285714286,1023.1,75.27142857142857,12.114285714285714,99.37000390752928
4.1,-3.857142857142857,0.1714285714285714,-0.2714285714285714,-8.842857142857143,-4.542857142857143,73.75714285714285,1.836857142857143,28.571428571428573,9.524285714285714,5.9,30.342857142857135,157.72857142857146,1017.1428571428572,66.7,16.071428571428573,3.177219380835368
-1.1999999999999995,-6.828571428571428,-3.914285714285714,-5.1571428571428575,-12.6,-8.842857142857143,78.87142857142858,0.9427142857142856,42.85714285714285,10.714285714285714,6.05,21.9,197.7142857142857,1016.5285714285714,76.38571428571429,11.585714285714284,27.678321026915
26.62857142857143,15.6,20.957142857142856,26.885714285714283,15.6,21.042857142857144,70.28571428571429,0.3282857142857143,71.42857142857143,10.12,0.0,16.714285714285715,177.18571428571428,1018.5142857142856,34.51428571428571,14.257142857142858,-8.863491816511669
2.6714285714285717,-3.8428571428571434,-0.6285714285714284,-0.5857142857142856,-8.042857142857143,-4.457142857142857,73.78571428571429,0.3184285714285714,57.142857142857146,8.928571428571429,4.220000000000001,24.542857142857144,170.28571428571428,1021.1857142857142,72.97142857142856,11.914285714285716,72.26941464564425
2.4,-3.2428571428571438,-0.6714285714285714,0.5857142857142856,-6.371428571428572,-3.142857142857143,87.67142857142858,2.109,42.85714285714285,14.285714285714286,1.3571428571428572,15.314285714285717,166.17142857142858,1019.8285714285712,75.38571428571429,8.928571428571429,41.30284519660268
26.685714285714287,17.12857142857143,21.77142857142857,27.3,17.12857142857143,21.942857142857143,69.81428571428572,1.8667142857142855,71.42857142857143,7.144285714285715,0.0,21.342857142857145,254.68571428571428,1012.0714285714286,55.07142857142857,20.65714285714285,-49.870559509662826
22.214285714285715,15.114285714285714,18.142857142857142,22.74285714285714,15.114285714285714,18.185714285714287,81.52857142857144,7.584142857142857,71.42857142857143,18.454285714285717,0.0,28.685714285714283,233.2,1013.1714285714286,78.54285714285713,13.185714285714283,-37.10998891282475
26.085714285714285,15.414285714285716,20.74285714285714,26.97142857142857,15.37142857142857,20.885714285714283,77.67142857142858,2.515428571428572,100.0,14.285714285714286,0.0,20.11428571428572,236.01428571428573,1012.4857142857144,55.44285714285714,14.37142857142857,-16.49420188185195
27.728571428571428,16.728571428571428,22.485714285714288,28.2,16.728571428571428,22.74285714285714,64.27142857142857,0.9708571428571428,14.285714285714286,7.738571428571428,0.0,24.0,132.28571428571428,1019.4714285714286,45.285714285714285,15.928571428571429,79.28282289876483
30.585714285714285,20.342857142857145,25.47142857142857,30.714285714285715,20.342857142857145,25.65714285714285,63.114285714285714,0.7811428571428571,42.85714285714285,5.952857142857143,0.0,19.585714285714285,153.41428571428574,1014.4714285714286,49.885714285714286,15.042857142857144,-34.47084879605359
0.4142857142857141,-6.928571428571429,-3.3,-1.9,-11.457142857142856,-6.9,79.34285714285714,0.6707142857142857,85.71428571428571,10.118571428571428,8.1,21.985714285714288,221.02857142857144,1023.8142857142856,73.64285714285714,12.571428571428571,45.44000770499565
23.814285714285717,14.042857142857144,19.014285714285712,23.9,14.042857142857144,19.02857142857143,71.12857142857142,0.512,28.571428571428573,5.951428571428571,0.0,20.77142857142857,182.62857142857143,1017.0714285714286,70.22857142857143,14.842857142857143,-3.200012582664158
1.885714285714286,-7.685714285714285,-2.2857142857142856,-2.9571428571428577,-12.957142857142856,-7.242857142857143,69.24285714285715,0.382,42.85714285714285,10.118571428571428,4.5285714285714285,28.085714285714285,269.81428571428575,1005.9285714285714,54.67142857142857,13.471428571428572,111.56370006212592
25.185714285714287,16.342857142857145,20.52857142857143,25.385714285714283,16.342857142857145,20.571428571428573,82.68571428571428,1.7942857142857145,71.42857142857143,15.477142857142857,0.0,15.185714285714283,163.34285714285716,1015.5,58.91428571428571,10.814285714285717,-2.135559716156422
22.071428571428573,12.4,17.314285714285713,22.071428571428573,12.228571428571428,17.285714285714285,71.55714285714285,4.720857142857144,71.42857142857143,22.62,0.0,27.385714285714283,204.6142857142857,1011.9,76.25714285714285,15.785714285714286,45.25514570831638
15.885714285714286,6.485714285714286,11.114285714285714,15.885714285714286,5.142857142857143,10.6,82.5,2.2142857142857144,71.42857142857143,23.81,0.0,19.6,178.37142857142857,1011.3142857142856,49.285714285714285,13.514285714285714,62.01018058112095
10.528571428571428,4.2,7.042857142857143,8.657142857142857,0.2857142857142857,4.7,75.35714285714286,1.4925714285714284,57.142857142857146,13.094285714285714,0.0,24.357142857142858,220.9142857142857,1009.4285714285714,82.47142857142856,12.55714285714286,23.241284924422416
18.642857142857142,9.114285714285714,14.171428571428573,18.814285714285717,7.442857142857142,13.528571428571428,73.7,4.103857142857143,57.142857142857146,20.83285714285714,0.0,22.314285714285717,249.25714285714284,1014.4714285714286,64.4,14.357142857142858,-24.885020858493363
23.47142857142857,14.085714285714284,18.6,23.47142857142857,14.085714285714284,18.6,66.47142857142858,2.405571428571428,57.142857142857146,9.524285714285714,0.0,21.3,188.82857142857145,1011.7428571428572,71.34285714285714,16.9,18.912418415464344
26.17142857142857,16.628571428571426,21.27142857142857,26.357142857142858,16.628571428571426,21.314285714285717,73.0,1.0615714285714286,42.85714285714285,8.930000000000001,0.0,20.542857142857144,229.4142857142857,1015.2,56.41428571428571,14.671428571428573,-15.37966853342391
3.1000000000000005,-5.485714285714286,-0.9142857142857144,0.4142857142857141,-11.314285714285717,-5.685714285714285,75.41428571428571,2.2087142857142856,71.42857142857143,16.071428571428573,5.1000000000000005,26.585714285714285,167.52857142857144,1017.6,90.28571428571428,11.785714285714286,-25.20253474635956
24.542857142857144,16.928571428571427,20.314285714285717,25.285714285714285,16.928571428571427,20.37142857142857,84.81428571428572,16.479857142857146,71.42857142857143,26.785714285714285,0.0,19.1,192.57142857142856,1015.3142857142856,87.15714285714286,10.814285714285717,73.20744450188431
-7.085714285714286,-13.5,-10.1,-13.028571428571428,-21.585714285714285,-17.414285714285715,73.48571428571428,2.183428571428572,100.0,26.19,13.957142857142856,27.800000000000004,190.58571428571423,1024.542857142857,78.54285714285713,13.971428571428572,-31.466692312491205
28.74285714285714,19.61428571428572,23.942857142857143,30.32857142857143,19.61428571428572,24.62857142857143,72.14285714285714,2.782428571428571,42.85714285714285,11.904285714285717,0.0,20.542857142857144,231.1,1011.7571428571428,55.48571428571428,14.714285714285714,-24.40854252176655
6.8,2.442857142857143,4.428571428571429,3.5142857142857147,-2.3428571428571425,0.2857142857142857,71.55714285714285,0.242,28.571428571428573,8.332857142857142,2.0428571428571427,30.37142857142857,283.4857142857143,1011.4142857142856,84.02857142857144,14.014285714285714,3.235481169061132
27.25714285714286,16.2,21.728571428571428,27.97142857142857,16.2,21.985714285714288,76.08571428571429,1.313857142857143,28.571428571428573,4.761428571428572,0.0,17.32857142857143,199.32857142857145,1019.6142857142858,61.02857142857143,10.214285714285714,-27.343230934525764
25.457142857142856,16.614285714285714,21.342857142857145,25.885714285714283,16.614285714285714,21.485714285714288,72.37142857142858,1.0681428571428573,42.85714285714285,3.571428571428572,0.0,23.3,195.5285714285714,1017.3857142857142,71.45714285714286,21.514285714285712,42.212697569097145
2.628571428571429,-0.1142857142857144,1.4714285714285713,-0.4285714285714285,-4.985714285714286,-2.457142857142857,87.51428571428572,2.0364285714285715,85.71428571428571,39.28714285714285,0.0714285714285714,23.014285714285712,200.94285714285712,1010.0285714285714,95.82857142857142,9.471428571428572,-1.4370462263739228
23.24285714285714,9.928571428571429,17.114285714285714,23.085714285714285,8.585714285714285,16.714285714285715,56.01428571428572,0.3788571428571429,28.571428571428573,4.762857142857143,0.0,23.1,172.42857142857142,1015.7571428571428,55.74285714285714,18.4,-59.95594513025003
5.528571428571429,-2.4857142857142853,1.6142857142857143,2.7857142857142856,-7.542857142857143,-2.7428571428571438,73.52857142857144,0.4475714285714285,57.142857142857146,10.118571428571428,0.0,28.485714285714288,186.8571428571429,1014.9285714285714,75.42857142857143,15.857142857142858,7.8952036261905505
26.185714285714287,14.114285714285716,19.942857142857143,26.314285714285717,14.114285714285716,19.97142857142857,73.24285714285715,0.0,0.0,0.0,0.0,16.585714285714285,137.67142857142858,1021.5857142857144,16.414285714285715,13.44285714285714,-26.28033866750343
25.02857142857143,15.4,20.8,25.385714285714283,15.4,20.9,72.85714285714286,1.9974285714285716,57.142857142857146,5.952857142857143,0.0,17.32857142857143,204.4142857142857,1014.3,55.4,15.228571428571428,-20.06740029152138
20.428571428571427,10.071428571428571,14.7,20.428571428571427,9.0,14.328571428571427,76.44285714285715,1.981857142857143,57.142857142857146,16.071428571428573,0.0,18.82857142857143,200.3571428571429,1019.2571428571428,77.35714285714286,13.171428571428573,-78.48317011267682
24.714285714285715,14.071428571428571,19.285714285714285,24.728571428571428,14.071428571428571,19.285714285714285,71.85714285714286,0.4744285714285715,28.571428571428573,6.547142857142857,0.0,17.814285714285713,133.58571428571426,1016.8857142857142,76.07142857142857,10.971428571428572,-66.73398836305478
2.1714285714285717,-4.328571428571428,-0.9571428571428572,-2.0142857142857147,-9.357142857142858,-5.871428571428572,73.44285714285715,2.103857142857143,57.142857142857146,22.02428571428572,2.066666666666667,25.2,268.3,1012.5428571428572,84.02857142857144,14.842857142857143,55.69521434907915
14.457142857142856,4.985714285714286,9.771428571428572,14.457142857142856,2.9857142857142853,8.871428571428572,67.85714285714286,0.0,0.0,0.0,0.0,20.82857142857143,117.04285714285712,1026.1,64.1,17.642857142857142,20.102062631907984
3.6714285714285713,-1.7857142857142858,1.2142857142857142,1.257142857142857,-6.928571428571429,-3.0571428571428574,73.22857142857143,1.7998571428571428,85.71428571428571,29.165714285714284,0.0285714285714285,28.642857142857142,234.91428571428568,1015.2857142857144,81.0,12.657142857142857,5.253074517869209
7.071428571428571,2.0,4.614285714285714,5.128571428571428,-1.7571428571428571,1.757142857142857,82.78571428571429,2.982,57.142857142857146,17.26142857142857,7.5,23.514285714285712,206.3571428571429,1014.6714285714286,84.84285714285714,12.857142857142858,76.22365244452249
20.442857142857143,8.585714285714285,14.685714285714289,20.32857142857143,6.757142857142857,14.12857142857143,68.62857142857142,1.9201428571428567,57.142857142857146,16.667142857142856,0.0,26.74285714285714,237.25714285714284,1011.8857142857142,59.385714285714286,14.2,24.183918608402337
21.47142857142857,8.428571428571429,15.44285714285714,21.47142857142857,8.0,15.414285714285716,58.42857142857143,0.5294285714285715,42.85714285714285,9.524285714285714,0.0,15.3,195.5142857142857,1018.9142857142856,39.15714285714286,15.157142857142857,-32.133384627054056
28.014285714285712,17.314285714285713,22.928571428571427,29.6,17.314285714285713,23.342857142857145,69.47142857142858,2.5867142857142857,42.85714285714285,8.332857142857142,0.0,24.485714285714288,217.92857142857144,1016.0,50.07142857142857,17.514285714285712,-42.70917749354908
11.842857142857142,0.0714285714285714,5.814285714285715,10.585714285714284,-2.4714285714285715,3.542857142857143,64.34285714285714,1.947428571428572,42.85714285714285,14.881428571428572,0.0,23.342857142857145,208.47142857142856,1022.7142857142856,45.271428571428565,14.828571428571427,0.2100400348574567
23.685714285714287,11.328571428571427,17.414285714285715,23.728571428571428,11.328571428571427,17.428571428571427,70.9,0.0575714285714285,57.142857142857146,2.9771428571428573,0.0,14.885714285714286,200.05714285714288,1020.5142857142856,38.142857142857146,15.114285714285714,14.610237679847614
9.128571428571428,-0.2428571428571427,4.414285714285714,7.171428571428572,-3.4,1.4714285714285713,71.74285714285715,1.7214285714285715,57.142857142857146,14.881428571428572,3.0,29.585714285714285,206.62857142857143,1014.3857142857142,63.642857142857146,16.685714285714287,-12.61684970887518
16.17142857142857,1.1428571428571428,8.842857142857143,15.9,-1.6571428571428568,7.214285714285714,59.72857142857144,0.019,14.285714285714286,0.5957142857142858,0.0,26.142857142857142,209.5,1014.6142857142858,40.457142857142856,15.62857142857143,-16.659211356355172
16.442857142857143,5.728571428571429,11.314285714285717,16.442857142857143,3.114285714285714,9.957142857142856,52.48571428571428,0.1582857142857143,42.85714285714285,3.571428571428572,0.0,34.31428571428571,211.22857142857143,1010.9857142857144,68.07142857142857,20.11428571428572,56.26016907628241
20.74285714285714,6.957142857142857,13.357142857142858,20.74285714285714,6.514285714285714,13.171428571428573,64.44285714285715,0.0,0.0,0.0,0.0,17.242857142857144,187.7428571428572,1019.5428571428572,31.2,19.357142857142858,57.75587526230879
10.842857142857142,1.1857142857142855,5.814285714285715,9.957142857142856,-2.242857142857143,3.0428571428571423,66.17142857142856,0.958857142857143,28.571428571428573,4.167142857142857,0.0,27.014285714285712,243.94285714285715,1016.9428571428572,37.57142857142857,20.25714285714286,9.42196060810511
0.4857142857142857,-2.4857142857142853,-1.0285714285714287,-2.857142857142857,-8.27142857142857,-5.814285714285715,74.28571428571429,0.9047142857142856,57.142857142857146,9.524285714285714,2.1,23.27142857142857,246.3,1018.4714285714286,90.81428571428572,15.62857142857143,-88.02070918462937
2.7857142857142856,-1.8714285714285717,0.4857142857142857,-1.7285714285714284,-6.942857142857143,-4.471428571428571,80.77142857142857,1.9057142857142857,100.0,21.428571428571427,2.966666666666667,35.471428571428575,203.5,1007.9,86.02857142857144,12.6,-36.85343086905459
18.228571428571428,7.0,12.671428571428573,18.228571428571428,5.671428571428572,12.085714285714284,73.77142857142857,1.92,57.142857142857146,7.144285714285715,3.3714285714285714,22.285714285714285,243.32857142857145,1019.7857142857144,37.94285714285714,13.528571428571428,10.666653759388057
-0.857142857142857,-7.671428571428572,-4.014285714285714,-5.242857142857142,-13.428571428571429,-8.971428571428572,74.14285714285714,0.819857142857143,57.142857142857146,15.475714285714286,4.5285714285714285,19.47142857142857,243.58571428571423,1018.0428571428572,73.3,12.785714285714286,0.9777424607293596
18.75714285714286,6.242857142857143,12.485714285714286,18.75714285714286,4.271428571428571,11.814285714285717,68.11428571428571,2.8185714285714285,71.42857142857143,12.5,0.0,25.61428571428572,231.9857142857143,1014.7571428571428,61.771428571428565,14.87142857142857,20.03741793393442
4.725,-0.3,2.225,2.075,-5.125,-1.925,82.55000000000001,7.6,50.0,22.915,1.1,26.525,172.325,1007.85,89.4,8.375,19.00784976851014
10.528571428571428,0.0857142857142857,5.0,9.014285714285714,-2.8714285714285714,2.757142857142857,74.22857142857143,0.7397142857142857,42.85714285714285,7.142857142857143,0.0,23.085714285714285,203.1142857142857,1018.4,60.7,19.47142857142857,-37.82434326813927
6.200000000000001,-1.542857142857143,2.3714285714285714,3.571428571428572,-5.8,-1.2714285714285716,71.54285714285714,5.338571428571428,42.85714285714285,15.475714285714286,0.6,26.15714285714285,252.8,1011.1857142857144,63.557142857142864,14.414285714285716,8.325807913782455
23.77142857142857,14.085714285714284,18.885714285714283,23.77142857142857,14.085714285714284,18.885714285714283,74.98571428571428,2.2285714285714286,100.0,24.99714285714285,0.0,17.02857142857143,215.52857142857144,1016.157142857143,63.54285714285714,13.771428571428572,-61.51306419429102
14.671428571428573,6.371428571428572,10.542857142857144,14.671428571428573,4.128571428571428,9.771428571428572,82.37142857142858,1.1154285714285714,57.142857142857146,14.285714285714286,0.0,21.74285714285714,203.1,1019.342857142857,65.55714285714286,13.014285714285714,-46.5007972884257
-0.7285714285714285,-8.928571428571429,-4.328571428571428,-5.685714285714285,-15.642857142857142,-10.328571428571427,72.52857142857142,0.7604285714285715,71.42857142857143,11.904285714285717,2.9333333333333336,33.642857142857146,249.7142857142857,1025.2714285714285,65.48571428571428,18.114285714285717,-7.5019018508926365
10.05714285714286,0.157142857142857,5.028571428571429,7.700000000000001,-4.4,1.9000000000000004,66.92857142857143,0.1297142857142857,28.571428571428573,2.975714285714285,0.0,31.042857142857144,256.35714285714283,1020.7571428571428,43.385714285714286,21.542857142857144,4.689946694544688
15.171428571428573,6.1000000000000005,10.542857142857144,14.27142857142857,3.271428571428572,8.814285714285715,67.64285714285714,2.317142857142857,57.142857142857146,16.071428571428573,0.0,30.02857142857143,191.8,1014.0285714285714,81.21428571428571,19.042857142857144,-3.390819055490056
21.042857142857144,13.185714285714283,16.45714285714286,21.042857142857144,13.185714285714283,16.45714285714286,81.67142857142858,2.517285714285715,42.85714285714285,15.475714285714286,0.0,16.157142857142855,152.82857142857142,1018.3,62.52857142857143,7.6,-34.53100754669299
16.014285714285712,7.614285714285714,11.685714285714283,16.014285714285712,5.799999999999999,11.114285714285714,71.18571428571428,3.608571428571428,57.142857142857146,17.857142857142858,0.0,22.37142857142857,114.2714285714286,1020.2571428571428,85.44285714285715,13.857142857142858,4.320185294333442
27.61428571428572,15.271428571428572,20.885714285714283,28.185714285714287,15.214285714285714,21.0,70.51428571428572,0.5817142857142857,28.571428571428573,2.9771428571428578,0.0,22.085714285714285,178.0,1019.7428571428572,47.12857142857143,15.742857142857144,0.861329170813633
23.571428571428573,12.757142857142856,18.185714285714287,23.571428571428573,12.55714285714286,18.142857142857142,70.48571428571428,1.4818571428571428,57.142857142857146,10.12,0.0,20.47142857142857,186.42857142857144,1015.4857142857144,70.04285714285714,17.67142857142857,-57.92510427561865
19.385714285714283,11.157142857142857,15.5,19.385714285714283,10.271428571428572,15.028571428571428,81.61428571428571,4.564571428571429,57.142857142857146,22.62,0.0,20.557142857142857,205.7,1013.9714285714286,68.21428571428571,13.885714285714286,-15.251182051824344
29.785714285714285,17.014285714285712,23.814285714285717,30.514285714285712,17.014285714285712,24.142857142857142,63.08571428571428,0.0721428571428571,28.571428571428573,1.1914285714285715,0.0,18.914285714285715,268.9142857142857,1015.5571428571428,39.65714285714286,18.12857142857143,-37.90972750026231
26.085714285714285,15.985714285714284,20.942857142857143,26.17142857142857,15.985714285714284,20.985714285714288,70.52857142857144,0.5688571428571428,42.85714285714285,3.571428571428572,0.0,18.228571428571428,167.45714285714286,1012.4857142857144,48.91428571428571,24.61428571428572,33.5247547599306
1.5285714285714285,-6.442857142857143,-1.9285714285714288,-1.6285714285714286,-10.814285714285717,-5.371428571428572,67.94285714285715,0.4608571428571428,28.571428571428573,9.524285714285714,0.2714285714285714,19.77142857142857,247.78571428571428,1014.8285714285714,59.68571428571429,13.87142857142857,80.37306028079342
7.1571428571428575,-3.271428571428572,1.9428571428571428,3.928571428571429,-8.128571428571428,-2.0571428571428574,58.91428571428571,0.0,0.0,0.0,6.7,29.071428571428573,210.27142857142857,1019.2285714285716,30.4,16.571428571428573,-64.69667080687873
-0.5428571428571428,-8.214285714285714,-4.2,-5.357142857142857,-15.142857142857142,-9.985714285714284,77.94285714285715,2.6437142857142857,57.142857142857146,29.762857142857143,4.771428571428571,25.67142857142857,260.0142857142857,1025.5571428571427,67.94285714285715,16.32857142857143,80.9362695969935
16.15714285714286,5.228571428571429,10.7,15.72857142857143,3.1714285714285717,9.642857142857142,63.74285714285714,1.0682857142857145,42.85714285714285,7.144285714285715,0.0,23.371428571428574,206.67142857142855,1014.3,47.642857142857146,14.857142857142858,-72.7976548415736
-0.7571428571428571,-5.985714285714286,-3.142857142857143,-5.5,-11.671428571428573,-8.200000000000001,68.6,0.1035714285714285,28.571428571428573,2.9771428571428578,0.0285714285714285,25.37142857142857,267.2,1022.8,68.14285714285714,15.457142857142856,180.90204574162885
21.02857142857143,8.4,15.2,20.785714285714285,7.4142857142857155,14.94285714285714,49.84285714285714,1.6292857142857142,14.285714285714286,4.167142857142857,0.0,25.085714285714285,209.67142857142855,1022.3571428571428,33.58571428571428,15.571428571428571,6.300055994656077
3.757142857142857,-2.571428571428572,0.7285714285714285,0.6142857142857144,-7.0,-3.1,71.02857142857142,0.9265714285714284,28.571428571428573,10.714285714285714,3.971428571428572,25.985714285714288,200.3,1013.5571428571428,66.78571428571429,13.614285714285714,14.92245016115885
23.571428571428573,11.8,17.857142857142858,23.87142857142857,10.985714285714284,17.728571428571428,63.385714285714286,0.1465714285714285,42.85714285714285,2.381428571428572,0.0,24.685714285714287,275.7857142857143,1014.4,43.67142857142857,19.27142857142857,-17.404184080217192
18.985714285714288,6.128571428571428,12.528571428571428,18.185714285714287,4.228571428571429,11.271428571428572,56.12857142857143,0.0422857142857142,14.285714285714286,0.5957142857142858,0.0,26.542857142857144,244.07142857142856,1013.4857142857144,49.285714285714285,15.585714285714284,8.438713892321857
8.028571428571428,0.2571428571428571,3.7714285714285714,6.299999999999999,-3.571428571428572,0.9142857142857144,80.61428571428571,0.4745714285714286,14.285714285714286,4.761428571428572,0.0,20.65714285714285,146.70000000000002,1014.8,75.12857142857142,15.185714285714283,-51.24201838341924
29.085714285714285,17.585714285714285,23.314285714285717,28.942857142857143,17.585714285714285,23.314285714285717,62.42857142857143,0.3665714285714285,42.85714285714285,4.1657142857142855,0.0,20.15714285714285,255.18571428571428,1010.1857142857144,39.24285714285714,15.057142857142855,8.107873763683301
14.657142857142857,3.7857142857142856,8.342857142857143,14.214285714285714,1.1285714285714286,6.442857142857143,61.47142857142857,2.392285714285714,57.142857142857146,11.904285714285717,0.0,25.27142857142857,125.71428571428572,1012.9285714285714,87.0,20.74285714285714,-14.784468404358222
3.1142857142857143,-2.8285714285714283,0.0714285714285714,-0.4714285714285715,-7.542857142857143,-4.328571428571428,79.88571428571429,0.7328571428571429,28.571428571428573,9.522857142857143,0.0,24.014285714285712,205.22857142857143,1017.4714285714286,78.72857142857143,14.5,36.738209274646806
8.614285714285714,1.2285714285714284,5.342857142857143,6.514285714285714,-2.657142857142857,2.657142857142857,66.6,0.0,0.0,0.0,0.0,21.25714285714286,197.42857142857144,1021.3714285714286,81.72857142857143,21.24285714285714,-50.41403983073337
11.385714285714286,1.2428571428571429,6.5,11.014285714285714,-0.5857142857142856,4.757142857142857,69.12857142857142,0.2338571428571428,42.85714285714285,7.142857142857143,0.0,24.885714285714283,239.0,1019.3857142857142,42.32857142857143,15.528571428571428,-5.515084889346099
-5.814285714285715,-12.9,-8.757142857142856,-12.585714285714284,-23.214285714285715,-17.3,75.95714285714287,1.291,57.142857142857146,29.165714285714284,16.52857142857143,34.31428571428571,261.0571428571429,1006.3,89.52857142857144,9.985714285714286,150.37196132754298
29.25714285714286,18.842857142857145,24.014285714285712,31.25714285714286,18.842857142857145,24.7,73.32857142857142,1.7067142857142856,42.85714285714285,5.952857142857143,0.0,19.457142857142856,208.8,1012.6285714285714,58.08571428571429,16.914285714285715,-36.23189363354959
-11.542857142857144,-22.1,-16.442857142857143,-17.414285714285715,-29.5,-23.0,67.14285714285714,0.0474285714285714,14.285714285714286,1.7857142857142858,20.057142857142857,24.642857142857142,255.22857142857143,1019.8571428571428,58.5,13.185714285714283,19.877638568960947
17.514285714285712,8.342857142857143,12.728571428571428,17.514285714285712,6.871428571428572,12.214285714285714,62.98571428571428,1.8314285714285716,28.571428571428573,12.5,0.0,20.885714285714283,175.31428571428572,1013.4714285714286,71.8,19.314285714285717,-77.94240706305345
13.142857142857142,5.485714285714286,9.585714285714284,11.914285714285716,3.085714285714286,7.942857142857143,64.5,1.4144285714285714,42.85714285714285,8.927142857142856,0.0,26.0,212.67142857142855,1024.7142857142858,58.51428571428572,15.714285714285714,-45.60016118979934
27.885714285714283,19.37142857142857,23.557142857142857,28.642857142857142,19.37142857142857,23.842857142857145,71.58571428571429,0.2847142857142857,57.142857142857146,5.954285714285716,0.0,18.17142857142857,216.7,1012.3142857142856,54.31428571428571,14.6,-44.30834619236339
-4.057142857142857,-10.4,-6.785714285714286,-7.442857142857143,-15.771428571428572,-11.814285714285717,77.34285714285714,0.4925714285714285,57.142857142857146,8.334285714285715,8.6,22.37142857142857,273.4142857142857,1015.5428571428572,83.41428571428571,12.528571428571428,-63.964165659939454
5.885714285714286,-1.985714285714285,1.8142857142857145,3.542857142857143,-5.885714285714286,-1.6428571428571428,62.6,0.0,0.0,0.0,0.0,22.071428571428573,231.8571428571429,1017.1428571428572,65.92857142857143,15.857142857142858,-17.576798240291964
1.657142857142857,-3.3285714285714287,-0.8142857142857142,-2.628571428571429,-9.014285714285714,-5.914285714285716,83.28571428571429,0.6822857142857143,42.85714285714285,13.094285714285714,11.157142857142857,27.571428571428573,197.95714285714288,1013.9428571428572,88.48571428571428,11.1,2.264865514750227
3.6,-3.642857142857143,-0.057142857142857,0.5142857142857141,-8.571428571428571,-4.285714285714286,69.14285714285714,1.2852857142857144,57.142857142857146,16.072857142857142,10.05,25.514285714285712,234.12857142857143,1014.9571428571428,58.32857142857143,13.44285714285714,-14.808611580140903
23.4,10.414285714285716,16.97142857142857,23.085714285714285,9.928571428571429,16.585714285714285,63.7,0.4774285714285714,42.85714285714285,6.547142857142857,0.0,19.342857142857145,226.92857142857144,1013.0142857142856,47.01428571428572,22.12857142857143,16.205885277178822
2.642857142857143,-6.471428571428571,-1.657142857142857,-1.5571428571428574,-13.414285714285716,-7.028571428571429,59.65714285714286,2.5357142857142856,57.142857142857146,16.667142857142856,8.620000000000001,36.15714285714286,241.15714285714284,1012.3714285714286,63.98571428571428,17.54285714285714,-40.917863251944254
14.6,2.857142857142857,8.257142857142856,13.585714285714287,0.1999999999999999,6.214285714285714,67.41428571428573,0.1087142857142857,14.285714285714286,3.571428571428572,2.6833333333333336,25.285714285714285,227.75714285714284,1019.7571428571428,34.614285714285714,15.428571428571429,-13.754698850854538
28.62857142857143,18.842857142857145,23.942857142857143,28.914285714285715,18.842857142857145,24.085714285714285,58.22857142857144,1.6367142857142858,14.285714285714286,2.381428571428572,0.0,18.2,216.6142857142857,1015.0571428571428,70.34285714285714,19.728571428571428,-57.11640478901222
4.271428571428571,-1.0857142857142856,1.4857142857142858,1.757142857142857,-6.142857142857143,-2.5142857142857147,74.39999999999999,1.9705714285714289,42.85714285714285,12.5,4.25,24.87142857142857,168.55714285714288,1016.157142857143,88.55714285714285,14.72857142857143,-13.592340401329013
15.114285714285714,3.1142857142857143,9.285714285714286,14.4,0.642857142857143,7.714285714285714,63.642857142857146,2.253571428571429,42.85714285714285,20.83285714285714,2.0,23.0,200.2,1015.5857142857144,55.48571428571428,18.442857142857143,-22.1613232194768
22.385714285714283,13.714285714285714,18.128571428571423,22.385714285714283,13.714285714285714,18.128571428571423,77.75714285714287,1.348857142857143,85.71428571428571,10.712857142857144,0.0,17.32857142857143,168.4857142857143,1018.657142857143,52.98571428571428,14.514285714285714,-52.50210684515446
17.357142857142858,10.171428571428573,13.257142857142856,17.02857142857143,9.214285714285714,12.414285714285713,61.41428571428571,0.2254285714285714,71.42857142857143,5.358571428571429,0.0,26.37142857142857,220.94285714285712,1009.2142857142856,69.54285714285714,15.828571428571427,25.210794597637005
17.52857142857143,7.914285714285714,12.5,17.52857142857143,6.914285714285714,12.157142857142857,77.22857142857143,0.7809999999999999,71.42857142857143,11.905714285714286,0.0,19.24285714285714,193.0,1017.2,46.82857142857143,14.028571428571428,-20.086863900557542
5.6571428571428575,-2.7857142857142856,1.1714285714285713,2.7428571428571438,-8.328571428571427,-3.4,64.91428571428571,1.8312857142857144,28.571428571428573,10.714285714285714,0.0,29.714285714285715,211.08571428571423,1012.342857142857,66.38571428571429,18.414285714285715,-3.2754292669731058
22.042857142857144,12.142857142857142,17.7,22.042857142857144,11.828571428571427,17.62857142857143,66.15714285714286,6.889857142857143,57.142857142857146,22.02285714285714,0.0,22.571428571428573,215.44285714285712,1014.6142857142858,47.08571428571429,15.028571428571428,30.13579730546189
21.52857142857143,11.87142857142857,16.928571428571427,21.52857142857143,11.314285714285717,16.757142857142856,70.91428571428571,7.940142857142858,57.142857142857146,11.311428571428571,0.0,24.37142857142857,267.9714285714286,1018.5285714285714,60.885714285714286,20.2,-28.322935390457133
19.67142857142857,8.971428571428572,13.614285714285714,19.67142857142857,8.27142857142857,13.157142857142857,75.02857142857144,1.7062857142857142,85.71428571428571,14.287142857142856,0.8285714285714285,19.75714285714286,220.3142857142857,1014.6714285714286,58.68571428571428,13.842857142857143,-17.918326715729563
-2.0142857142857142,-5.185714285714286,-3.4285714285714284,-6.914285714285714,-11.157142857142857,-9.05714285714286,80.78571428571429,1.6612857142857145,71.42857142857143,26.19142857142857,9.657142857142857,23.82857142857143,139.04285714285714,1024.7857142857142,94.32857142857142,14.185714285714283,97.99584270753962
6.957142857142857,-2.7428571428571424,2.3428571428571425,3.8857142857142857,-7.657142857142857,-1.3857142857142857,63.271428571428565,1.1131428571428572,57.142857142857146,14.285714285714286,2.8,27.91428571428571,179.6,1017.7571428571428,62.4,18.2,26.256626673278788
16.17142857142857,7.685714285714285,11.714285714285714,16.17142857142857,6.571428571428571,11.1,81.3,2.082428571428572,57.142857142857146,13.095714285714283,0.0,19.1,227.12857142857143,1019.4714285714284,65.08571428571427,14.2,23.979401800103005
26.542857142857144,17.414285714285715,21.571428571428573,27.428571428571427,17.414285714285715,21.7,76.92857142857143,2.821428571428572,100.0,15.475714285714286,0.0,20.228571428571428,174.57142857142858,1015.3142857142856,62.2,13.457142857142856,-0.2221124335576405
18.95714285714286,6.157142857142857,13.585714285714284,18.95714285714286,4.6571428571428575,13.1,66.31428571428572,0.9162857142857144,14.285714285714286,1.7857142857142858,0.0,25.057142857142857,228.72857142857143,1022.342857142857,46.31428571428571,16.8,-34.06526059527141
25.228571428571428,15.657142857142857,20.4,25.714285714285715,15.657142857142857,20.5,78.54285714285713,1.98,57.142857142857146,11.31,0.0,20.914285714285715,157.31428571428572,1016.0,71.68571428571428,14.957142857142856,44.31996119406495
5.342857142857143,-1.2285714285714284,2.2857142857142856,3.057142857142857,-5.1000000000000005,-0.9428571428571428,67.7,0.2334285714285714,42.85714285714285,7.142857142857143,0.1999999999999999,22.042857142857144,252.22857142857143,1021.9428571428572,66.75714285714285,15.6,35.187173949747375
29.9,18.4,24.25714285714286,30.15714285714285,18.4,24.357142857142858,62.25714285714286,1.3557142857142856,57.142857142857146,7.142857142857143,0.0,22.11428571428572,220.6,1013.9428571428572,32.3,15.385714285714286,12.06716102305836
25.785714285714285,10.828571428571427,18.385714285714283,25.814285714285717,10.571428571428571,18.32857142857143,63.81428571428571,0.8515714285714286,28.571428571428573,4.167142857142857,0.0,23.071428571428573,138.4,1024.3285714285714,28.585714285714285,16.928571428571427,42.19165293126616
7.8,-0.8285714285714285,3.4285714285714284,5.842857142857143,-5.257142857142857,-0.1428571428571428,60.642857142857146,1.4214285714285713,28.571428571428573,12.5,3.2857142857142856,26.61428571428572,222.68571428571428,1007.7571428571428,54.51428571428572,14.12857142857143,-29.62841201636388
18.485714285714288,5.728571428571429,12.614285714285714,18.485714285714288,3.2,11.671428571428573,46.51428571428572,0.0,0.0,0.0,0.0,24.542857142857144,141.8,1021.9142857142856,53.62857142857143,19.442857142857143,-6.0925870403966655
19.285714285714285,11.614285714285714,15.5,19.285714285714285,11.257142857142856,15.428571428571429,78.74285714285715,3.0784285714285717,71.42857142857143,14.285714285714286,0.0,20.12857142857143,134.85714285714286,1015.8285714285714,79.95714285714287,9.914285714285716,-27.585440393075487
30.02857142857143,18.2,24.3,30.728571428571428,18.2,24.571428571428573,67.48571428571428,1.506857142857143,14.285714285714286,7.142857142857143,0.0,20.6,101.15714285714286,1014.9714285714286,53.82857142857143,16.314285714285713,-5.028312997643525
29.985714285714288,18.77142857142857,24.37142857142857,30.02857142857143,18.77142857142857,24.47142857142857,62.471428571428575,1.159,28.571428571428573,2.9771428571428578,0.0,17.414285714285715,197.3857142857143,1016.8857142857142,39.8,12.814285714285717,-25.2939211789037
0.1428571428571428,-10.528571428571428,-5.071428571428571,-1.8,-12.8,-7.085714285714286,80.02857142857144,0.0135714285714285,14.285714285714286,0.5957142857142858,15.7,11.94285714285714,111.34285714285716,1027.1857142857143,36.17142857142857,10.271428571428572,-11.232280741270642
19.67142857142857,6.014285714285714,12.857142857142858,19.7,4.228571428571429,12.228571428571428,64.68571428571428,0.0,0.0,0.0,0.0,28.571428571428573,233.04285714285717,1017.8,32.91428571428572,24.62857142857143,-43.16492900575963
8.328571428571427,-0.4142857142857143,3.642857142857143,6.271428571428571,-4.014285714285714,1.2,77.34285714285714,1.4819999999999998,42.85714285714285,14.88,0.0,22.67142857142857,200.8,1020.5714285714286,63.01428571428572,14.157142857142857,-76.26295643482467
17.942857142857143,2.4857142857142853,9.914285714285716,17.557142857142857,0.4428571428571429,8.685714285714285,58.75714285714286,0.0,0.0,0.0,1.0,20.085714285714285,186.6142857142857,1025.0,30.714285714285715,19.17142857142857,-39.41512909385551
0.8428571428571429,-6.4,-2.4285714285714284,-3.3428571428571425,-11.714285714285714,-7.028571428571429,65.9,0.5940000000000001,42.85714285714285,6.548571428571429,0.0428571428571428,24.9,264.07142857142856,1018.5571428571428,71.55714285714285,14.814285714285717,-33.96147779637522
27.985714285714288,16.757142857142856,22.385714285714283,27.87142857142857,16.757142857142856,22.385714285714283,71.37142857142858,2.576142857142857,42.85714285714285,7.738571428571428,0.0,22.8,193.07142857142856,1017.0428571428572,55.25714285714286,15.328571428571427,-57.9239635288418
31.542857142857144,21.02857142857143,26.685714285714287,33.94285714285714,21.02857142857143,28.071428571428573,65.82857142857144,0.1148571428571428,14.285714285714286,0.5957142857142858,0.0,18.857142857142858,170.8857142857143,1019.5428571428572,31.857142857142858,15.514285714285714,135.17777905114735
26.728571428571428,15.94285714285714,21.385714285714283,26.442857142857143,15.94285714285714,21.314285714285717,63.08571428571429,1.2562857142857144,28.571428571428573,5.357142857142857,0.0,21.542857142857144,164.15714285714284,1017.8571428571428,56.21428571428572,24.17142857142857,12.52020564920781
0.8857142857142856,-7.771428571428571,-2.7428571428571438,-2.257142857142857,-14.12857142857143,-7.8,69.02857142857144,0.1699999999999999,28.571428571428573,5.357142857142857,2.0,24.97142857142857,231.08571428571423,1021.1714285714288,68.92857142857143,14.657142857142857,-22.462145018479305
18.385714285714283,11.714285714285714,15.1,18.385714285714283,11.542857142857144,15.085714285714287,77.12857142857142,6.1298571428571424,57.142857142857146,31.547142857142852,0.0,21.6,114.64285714285714,1016.8857142857142,63.62857142857143,14.142857142857142,-18.80497764110464
3.242857142857143,-5.785714285714286,-1.042857142857143,-0.0999999999999999,-10.142857142857142,-4.971428571428571,69.12857142857142,2.3885714285714283,28.571428571428573,15.477142857142857,3.0,21.842857142857145,210.44285714285712,1024.8,45.35714285714285,18.485714285714288,5.417470767253462
2.085714285714286,-2.257142857142857,0.0714285714285714,-0.942857142857143,-6.357142857142857,-3.942857142857143,78.31428571428572,0.3755714285714285,42.85714285714285,5.952857142857143,0.6428571428571429,23.285714285714285,216.44285714285712,1019.0,89.0,13.771428571428572,6.77230014645238
-6.528571428571429,-16.585714285714285,-11.44285714285714,-12.728571428571428,-23.728571428571428,-18.75714285714286,70.77142857142857,0.0414285714285714,42.85714285714285,2.381428571428572,13.542857142857144,28.24285714285714,238.4,1012.0142857142856,57.41428571428571,12.514285714285714,-12.542990151925324
7.8,-0.2428571428571428,3.442857142857143,6.757142857142857,-2.1,1.7142857142857142,85.21428571428571,0.0,0.0,0.0,0.1714285714285714,18.7,181.22857142857143,1018.0142857142856,54.771428571428565,8.671428571428573,52.18096921822075
5.6571428571428575,-3.8285714285714287,0.6285714285714287,2.8428571428571425,-8.785714285714286,-3.4,72.14285714285714,0.7775714285714287,85.71428571428571,21.427142857142854,0.3571428571428571,24.814285714285717,212.52857142857144,1010.5571428571428,73.11428571428571,13.957142857142856,13.889876224667203
3.7285714285714286,-3.7142857142857135,-0.0857142857142857,1.3857142857142857,-8.142857142857142,-4.028571428571429,80.64285714285714,3.0797142857142856,71.42857142857143,24.40571428571429,2.585714285714286,24.1,235.62857142857143,1017.842857142857,76.58571428571429,11.085714285714284,42.91526020005995
11.1,2.3857142857142857,6.671428571428572,9.9,-1.1,4.042857142857143,70.35714285714286,1.0164285714285717,57.142857142857146,10.118571428571428,0.0,26.857142857142858,190.77142857142857,1018.2714285714284,66.25714285714285,15.985714285714286,-73.32342428913785
7.928571428571429,3.985714285714285,5.685714285714285,6.871428571428572,0.3857142857142857,3.0,88.35714285714286,2.564285714285714,85.71428571428571,25.0,0.0,24.385714285714283,204.7428571428572,1014.3,96.57142857142856,12.542857142857144,0.0914329603440364
8.314285714285715,0.8285714285714286,4.185714285714286,6.285714285714286,-3.4714285714285715,1.028571428571429,70.54285714285714,1.819857142857143,71.42857142857143,13.097142857142858,1.2428571428571429,27.957142857142856,188.14285714285717,1017.2571428571428,60.05714285714286,14.185714285714283,-12.864285869368814
19.942857142857143,6.8,13.87142857142857,19.87142857142857,5.571428571428571,13.55714285714286,55.371428571428574,0.562,14.285714285714286,7.738571428571428,0.0,18.885714285714283,120.37142857142858,1022.4571428571428,48.82857142857143,14.3,-25.016260334705294
16.47142857142857,7.142857142857143,11.585714285714284,16.47142857142857,5.871428571428572,11.0,71.71428571428571,3.3368571428571427,42.85714285714285,14.88,0.0,23.214285714285715,192.5,1019.2142857142856,54.41428571428571,21.357142857142858,0.2137959573728949
10.785714285714286,2.9857142857142853,6.614285714285714,9.62857142857143,-0.5,4.128571428571428,73.24285714285715,4.952285714285715,71.42857142857143,27.97571428571429,0.3857142857142857,26.857142857142858,228.45714285714288,1009.342857142857,66.04285714285714,13.085714285714284,1.1985381458875963
-6.085714285714286,-13.771428571428572,-9.742857142857144,-11.242857142857144,-19.314285714285717,-15.271428571428572,72.24285714285715,0.2725714285714286,57.142857142857146,10.714285714285714,17.02857142857143,20.02857142857143,243.0142857142857,1019.9428571428572,69.22857142857143,12.271428571428572,-42.27927531355817
16.614285714285714,6.528571428571429,12.1,16.614285714285714,5.271428571428571,11.342857142857143,64.07142857142857,0.2142857142857142,42.85714285714285,7.142857142857143,0.0,20.65714285714285,182.3571428571429,1012.6714285714286,58.371428571428574,15.62857142857143,7.357885357116174
12.814285714285717,2.5142857142857147,7.571428571428571,11.971428571428572,-0.1000000000000001,5.8,69.34285714285714,2.041428571428572,42.85714285714285,15.475714285714286,0.0,20.17142857142857,235.62857142857143,1027.3,52.48571428571428,17.414285714285715,27.919284953324222
24.485714285714288,13.271428571428572,19.057142857142857,24.67142857142857,13.271428571428572,19.057142857142857,63.642857142857146,1.8622857142857143,28.571428571428573,4.761428571428572,0.0,21.87142857142857,44.05714285714286,1018.5142857142856,37.17142857142857,23.185714285714287,6.849082182992788
-0.1,-6.185714285714285,-2.6714285714285717,-3.3428571428571425,-9.171428571428573,-6.057142857142857,82.18571428571428,1.772285714285714,28.571428571428573,7.738571428571428,11.1,18.257142857142856,138.55714285714285,1026.8714285714286,86.18571428571428,11.785714285714286,-62.96647307165313
17.04285714285714,9.257142857142856,12.5,17.04285714285714,8.6,12.3,89.71428571428571,3.286857142857144,57.142857142857146,13.094285714285714,0.0,17.6,132.28571428571428,1017.1857142857144,67.17142857142856,10.5,-1.8397650209219591
25.25714285714286,15.842857142857143,20.9,25.15714285714285,15.842857142857143,20.885714285714283,72.6,6.875142857142856,42.85714285714285,20.238571428571426,0.0,17.085714285714285,155.15714285714284,1015.7,64.78571428571429,15.2,1.228741248832648
6.885714285714286,-0.1857142857142857,3.042857142857143,4.571428571428571,-3.5285714285714285,0.1142857142857144,72.97142857142858,0.8871428571428571,71.42857142857143,14.285714285714286,2.05,20.25714285714286,125.75714285714284,1017.7571428571428,82.05714285714285,12.44285714285714,103.88550042660631
27.957142857142856,15.971428571428572,22.228571428571428,27.857142857142858,15.971428571428572,22.214285714285715,64.0,2.761142857142857,57.142857142857146,11.905714285714286,0.0,18.128571428571423,174.5,1015.4714285714286,36.22857142857144,15.314285714285717,30.99190811377457
3.7,-2.157142857142857,0.7571428571428572,0.8142857142857143,-6.071428571428571,-2.8428571428571425,74.08571428571429,1.4152857142857145,57.142857142857146,23.214285714285715,0.0571428571428571,19.62857142857143,144.81428571428572,1018.2285714285716,65.4,13.342857142857143,-112.66689737617936
26.1,15.5,20.65714285714285,26.142857142857142,15.5,20.685714285714287,73.28571428571429,0.8161428571428572,42.85714285714285,4.1657142857142855,0.0,15.028571428571428,293.5,1014.0571428571428,39.17142857142857,14.542857142857144,-55.55938574071138
28.728571428571428,18.04285714285714,23.042857142857144,29.428571428571427,18.04285714285714,23.285714285714285,66.75714285714285,0.0925714285714285,28.571428571428573,1.7857142857142858,0.0,20.542857142857144,234.7,1013.9857142857144,44.12857142857143,14.957142857142856,29.615262560900646
22.385714285714283,10.685714285714283,16.6,22.314285714285717,10.44285714285714,16.485714285714288,67.01428571428572,0.3127142857142857,42.85714285714285,4.762857142857143,0.0,20.8,147.29999999999998,1016.9714285714286,48.04285714285714,16.314285714285713,-4.957460955080478
26.62857142857143,18.5,22.4,27.728571428571428,18.5,22.67142857142857,75.07142857142857,7.589571428571429,57.142857142857146,11.905714285714286,0.0,24.52857142857143,172.24285714285716,1016.0571428571428,66.15714285714286,13.328571428571427,-23.1642976612452
20.185714285714287,9.028571428571428,14.457142857142856,20.185714285714287,8.314285714285715,14.171428571428573,75.87142857142858,3.97,28.571428571428573,16.071428571428573,0.0,18.75714285714286,244.87142857142857,1017.7142857142856,40.614285714285714,14.457142857142856,-23.93547718386185
2.8285714285714287,-3.3000000000000003,-0.2142857142857142,0.0571428571428571,-6.871428571428571,-3.442857142857143,77.05714285714285,0.8744285714285714,42.85714285714285,13.094285714285714,0.8571428571428571,21.885714285714283,200.37142857142857,1010.2571428571428,63.65714285714286,13.314285714285717,53.78647184627198
28.985714285714288,17.728571428571428,23.414285714285715,28.67142857142857,17.728571428571428,23.342857142857145,61.2,0.8132857142857143,28.571428571428573,3.571428571428572,0.0,16.342857142857145,179.45714285714286,1014.5428571428572,38.24285714285714,15.5,-61.12973387785314
24.1,10.685714285714283,17.857142857142858,24.02857142857143,10.028571428571428,17.657142857142855,51.457142857142856,0.0991428571428571,14.285714285714286,1.19,0.0,23.014285714285712,243.9142857142857,1017.2571428571428,45.457142857142856,25.857142857142858,28.73286773692212
2.1142857142857143,-3.6,-0.6857142857142857,-1.3142857142857145,-8.185714285714285,-5.071428571428571,73.92857142857143,0.2065714285714286,28.571428571428573,4.762857142857143,0.0,22.37142857142857,216.54285714285717,1025.0285714285717,62.48571428571428,13.257142857142856,-51.26545713241376
30.342857142857145,18.257142857142856,24.314285714285717,30.4,18.257142857142856,24.442857142857143,58.82857142857143,0.3467142857142856,28.571428571428573,2.38,0.0,16.3,174.44285714285712,1013.7714285714284,35.114285714285714,15.757142857142856,-12.967005755014496
19.24285714285714,9.885714285714286,14.585714285714284,19.24285714285714,9.671428571428573,14.542857142857144,80.2,1.3728571428571428,85.71428571428571,21.428571428571427,0.0,20.642857142857142,205.17142857142855,1018.8571428571428,52.84285714285715,14.357142857142858,-53.05366633452218
4.385714285714285,-2.4857142857142853,0.7285714285714285,2.157142857142857,-6.057142857142857,-2.485714285714286,75.67142857142858,0.2267142857142857,42.85714285714285,4.761428571428572,1.0,20.685714285714287,168.47142857142856,1019.6142857142858,62.12857142857143,10.857142857142858,10.956231655699185
24.342857142857145,13.242857142857144,18.9,24.414285714285715,13.142857142857142,18.9,73.5,2.45,28.571428571428573,4.761428571428572,0.0,17.1,187.05714285714288,1022.0428571428572,41.885714285714286,14.757142857142856,32.93538153079817
5.2,-1.2,2.142857142857143,3.3714285714285714,-5.414285714285714,-1.5857142857142856,82.34285714285714,0.9421428571428572,57.142857142857146,9.524285714285714,5.7,26.32857142857143,214.8,1016.3,82.61428571428571,11.742857142857144,-9.745993515792406
8.614285714285716,-0.7999999999999999,3.542857142857143,7.3428571428571425,-5.285714285714286,0.5,59.4,0.3047142857142857,42.85714285714285,9.524285714285714,0.0,20.74285714285714,117.82857142857142,1015.9857142857144,66.68571428571428,15.814285714285717,-4.806937383267041
27.87142857142857,20.82857142857143,24.15714285714285,29.814285714285717,20.82857142857143,24.75714285714286,82.54285714285713,1.0527142857142855,42.85714285714285,8.332857142857142,0.0,15.94285714285714,148.3857142857143,1014.157142857143,73.98571428571428,10.528571428571428,-32.78225711668256
20.785714285714285,10.7,15.428571428571429,20.785714285714285,9.614285714285716,15.042857142857144,68.4,4.273000000000001,71.42857142857143,25.0,0.0,28.557142857142857,159.91428571428574,1019.7,74.48571428571428,14.171428571428573,29.89896210083361
12.528571428571428,3.371428571428571,7.828571428571428,12.071428571428571,0.4999999999999999,5.9,62.7,0.7884285714285715,71.42857142857143,10.715714285714286,3.0,26.685714285714287,196.65714285714284,1009.5285714285714,71.02857142857142,13.914285714285713,62.310391019513645
27.87142857142857,19.8,23.557142857142857,29.25714285714286,19.8,23.842857142857145,81.22857142857143,6.0525714285714285,85.71428571428571,21.428571428571427,0.0,18.571428571428573,235.4,1015.1857142857144,51.6,14.485714285714286,27.256815796888304
24.642857142857142,15.185714285714283,19.714285714285715,24.914285714285715,14.971428571428572,19.74285714285714,75.48571428571428,2.286857142857143,42.85714285714285,9.524285714285714,0.0,21.77142857142857,169.95714285714286,1016.3285714285714,53.88571428571429,12.5,21.685839265767758
-11.05714285714286,-18.057142857142857,-14.028571428571428,-17.485714285714288,-25.457142857142856,-21.32857142857143,72.58571428571429,0.0,0.0,0.0,9.55,24.542857142857144,278.9857142857143,1025.3285714285714,60.37142857142857,13.857142857142858,80.59461618510204
16.6,8.557142857142857,12.414285714285716,16.6,7.885714285714286,12.242857142857144,75.07142857142857,1.227142857142857,42.85714285714285,13.095714285714283,0.0,20.342857142857145,261.0857142857143,1013.4142857142856,65.41428571428571,14.314285714285717,-28.227509666788137
24.7,15.285714285714286,20.014285714285712,24.67142857142857,15.285714285714286,20.014285714285712,76.25714285714285,10.283428571428573,71.42857142857143,17.857142857142858,0.0,22.285714285714285,201.07142857142856,1011.6,71.07142857142857,13.985714285714286,15.636642551731484
6.371428571428572,-2.0,1.8714285714285712,4.328571428571428,-7.114285714285714,-1.6285714285714286,78.60000000000001,2.355857142857143,85.71428571428571,17.855714285714285,5.5200000000000005,26.014285714285712,189.57142857142856,1012.6285714285714,84.18571428571428,12.085714285714287,265.837999637256
26.9,15.314285714285717,21.5,26.728571428571428,15.314285714285717,21.457142857142856,64.51428571428572,2.150428571428572,28.571428571428573,2.9771428571428578,0.0,20.314285714285717,193.7,1014.4142857142856,38.18571428571429,19.057142857142857,83.98998163615738
9.085714285714284,-1.8000000000000005,3.1142857142857143,7.5,-6.242857142857142,-0.0857142857142856,61.01428571428572,0.5412857142857143,57.142857142857146,8.332857142857142,1.0,25.5,210.45714285714288,1015.1714285714286,71.44285714285715,17.728571428571428,28.458641940387903
27.97142857142857,20.6,23.74285714285714,28.857142857142858,20.6,24.02857142857143,74.42857142857143,3.389,85.71428571428571,25.0,0.0,13.842857142857143,158.58571428571426,1012.4428571428572,67.08571428571429,12.714285714285714,5.829027145045757
-2.642857142857143,-10.385714285714286,-5.914285714285714,-5.9,-16.571428571428573,-11.5,78.3,0.7430000000000001,57.142857142857146,9.524285714285714,9.814285714285717,27.61428571428572,182.8571428571429,1020.9571428571428,81.12857142857142,14.442857142857145,-56.26246343977846
-3.685714285714286,-10.0,-6.471428571428571,-9.042857142857144,-16.32857142857143,-12.828571428571427,74.28571428571429,1.1448571428571428,57.142857142857146,15.475714285714286,6.671428571428572,27.985714285714288,239.32857142857145,1011.3714285714286,76.94285714285715,14.514285714285714,119.24130713942554
17.385714285714286,7.457142857142857,12.4,17.400000000000002,6.728571428571429,11.957142857142856,63.71428571428572,1.6472857142857145,57.142857142857146,12.498571428571427,0.0,26.185714285714283,168.54285714285714,1013.3857142857142,53.6,15.357142857142858,13.807619903383966
23.67142857142857,13.87142857142857,18.785714285714285,23.785714285714285,13.714285714285714,18.8,72.5,4.719714285714285,57.142857142857146,17.262857142857143,0.0,28.042857142857144,202.75714285714284,1013.4285714285714,71.94285714285715,19.97142857142857,32.76910484247446
12.87142857142857,4.128571428571429,8.928571428571429,11.471428571428572,1.1857142857142855,7.057142857142857,70.12857142857142,4.1047142857142855,42.85714285714285,4.762857142857143,0.0,29.3,231.9,1013.7142857142856,58.68571428571429,16.428571428571427,-33.645984523788684
-4.142857142857143,-12.357142857142858,-7.8428571428571425,-8.2,-17.5,-12.514285714285714,76.57142857142857,0.5412857142857143,71.42857142857143,23.212857142857143,8.957142857142857,20.428571428571427,233.0,1022.342857142857,89.58571428571429,11.185714285714283,-26.577428656951497
1.2285714285714289,-3.7285714285714286,-1.0,-2.8142857142857145,-9.471428571428572,-5.971428571428571,78.7,0.3305714285714285,42.85714285714285,8.332857142857142,5.514285714285714,27.2,226.3142857142857,1005.6857142857144,79.39999999999999,13.028571428571428,1.2384334998721442
-0.6,-6.742857142857143,-3.628571428571429,-5.114285714285714,-12.314285714285717,-8.814285714285715,74.2,0.8995714285714286,100.0,14.878571428571428,0.4285714285714285,27.785714285714285,212.3571428571429,1013.7714285714284,78.31428571428572,12.214285714285714,-63.933388567452994
-0.2857142857142857,-5.057142857142857,-2.657142857142857,-3.814285714285714,-10.114285714285714,-7.214285714285714,75.51428571428572,0.0775714285714285,57.142857142857146,5.952857142857143,7.8,22.15714285714285,289.87142857142857,1010.0571428571428,82.04285714285713,14.214285714285714,44.03095701644588
17.928571428571427,9.8,14.014285714285714,17.928571428571427,9.457142857142856,13.971428571428572,78.45714285714287,1.4501428571428574,42.85714285714285,8.928571428571429,0.0,17.842857142857145,165.05714285714288,1020.157142857143,70.97142857142858,18.7,-0.72260551579393
8.72857142857143,-0.5999999999999999,3.6857142857142855,6.442857142857143,-5.114285714285714,-0.2142857142857142,70.24285714285715,0.6597142857142858,71.42857142857143,12.501428571428573,1.0,33.042857142857144,242.18571428571428,1018.6,67.18571428571428,15.9,-48.96480317225928
3.042857142857143,-1.657142857142857,0.6142857142857142,-0.0285714285714285,-6.1000000000000005,-3.3428571428571425,71.12857142857142,0.0,0.0,0.0,1.0,22.25714285714286,136.4142857142857,1019.1428571428572,73.82857142857142,21.1,16.09643182287755
1.8000000000000005,-3.457142857142857,-1.1714285714285717,-2.271428571428572,-8.642857142857142,-5.857142857142857,75.14285714285714,0.0711428571428571,42.85714285714285,2.381428571428572,3.0,23.25714285714286,245.9142857142857,1012.5142857142856,79.24285714285715,13.55714285714286,100.53901087844385
25.685714285714287,14.971428571428572,20.071428571428573,26.52857142857143,14.971428571428572,20.214285714285715,73.22857142857143,2.652857142857143,57.142857142857146,6.547142857142857,0.0,20.65714285714285,240.4857142857143,1012.8857142857142,44.94285714285714,14.94285714285714,73.61878070925104
-2.2857142857142856,-12.185714285714283,-7.071428571428571,-8.471428571428572,-18.957142857142856,-13.8,69.44285714285715,0.1392857142857143,28.571428571428573,4.761428571428572,8.414285714285715,29.042857142857144,242.52857142857144,1021.0285714285714,56.871428571428574,17.1,-52.76946065635207
20.24285714285714,8.742857142857144,14.842857142857143,20.24285714285714,8.22857142857143,14.728571428571428,68.41428571428571,1.4277142857142855,57.142857142857146,10.12,0.0,21.842857142857145,156.15714285714284,1011.9142857142856,48.62857142857143,14.971428571428572,31.67558370721963
26.071428571428573,16.47142857142857,21.0,26.285714285714285,16.47142857142857,21.02857142857143,72.22857142857143,0.6014285714285714,28.571428571428573,5.357142857142857,0.0,19.228571428571428,189.8857142857143,1019.8,73.24285714285715,18.214285714285715,-59.3475394277516
9.214285714285714,-0.7714285714285715,4.214285714285714,8.22857142857143,-3.642857142857143,1.7428571428571429,69.97142857142858,2.5291428571428574,71.42857142857143,29.16714285714286,0.0,24.2,152.52857142857144,1020.5714285714286,64.85714285714286,13.12857142857143,3.678813773985439
27.47142857142857,17.814285714285713,22.32857142857143,28.77142857142857,17.814285714285713,22.642857142857142,78.04285714285713,2.449428571428572,42.85714285714285,7.142857142857143,0.0,24.142857142857142,212.1142857142857,1013.4857142857144,61.71428571428572,14.1,10.548750293557532
-0.9285714285714286,-6.057142857142857,-3.2285714285714286,-4.871428571428572,-11.528571428571428,-8.157142857142857,76.57142857142857,1.6797142857142855,42.85714285714285,19.048571428571428,5.842857142857143,25.67142857142857,290.3428571428572,1011.6714285714286,83.57142857142857,11.885714285714286,-31.303752745403926
-3.2857142857142856,-11.814285714285717,-8.028571428571428,-9.857142857142858,-19.942857142857143,-15.428571428571429,78.89999999999999,1.2002857142857142,85.71428571428571,22.025714285714287,8.614285714285714,31.01428571428572,239.92857142857144,1008.6,79.28571428571429,12.685714285714283,-121.87579792177416
13.928571428571429,3.871428571428571,9.157142857142857,13.614285714285714,1.4714285714285715,7.814285714285714,56.2,1.2364285714285717,42.85714285714285,5.952857142857143,0.0,18.585714285714285,70.47142857142858,1015.4428571428572,59.785714285714285,15.171428571428573,-29.3764867201769
0.1428571428571428,-7.471428571428571,-3.3857142857142857,-2.771428571428572,-10.971428571428572,-7.057142857142857,81.41428571428571,0.489,42.85714285714285,13.094285714285714,23.0,17.985714285714284,215.4142857142857,1021.5285714285714,62.142857142857146,11.44285714285714,-42.53299216229061
24.65714285714285,14.55714285714286,19.7,24.82857142857143,14.55714285714286,19.75714285714286,67.47142857142858,1.0125714285714285,71.42857142857143,10.12,0.0,25.785714285714285,232.92857142857144,1012.7428571428572,49.285714285714285,15.328571428571427,0.9478997796977636
18.542857142857144,7.714285714285714,13.05714285714286,18.542857142857144,7.1000000000000005,12.842857142857142,66.84285714285714,0.1444285714285714,42.85714285714285,2.381428571428572,0.0,24.585714285714285,189.02857142857144,1020.3,38.07142857142857,14.642857142857142,-47.57493425600683
27.9,18.11428571428572,22.928571428571427,28.11428571428572,18.11428571428572,23.057142857142857,76.58571428571429,0.6698571428571428,42.85714285714285,7.737142857142857,0.0,12.9,183.68571428571428,1015.6714285714286,45.785714285714285,14.214285714285714,-9.81734914563458
5.285714285714286,1.457142857142857,3.3857142857142857,2.657142857142857,-2.9714285714285715,-0.2142857142857142,77.74285714285715,1.598857142857143,57.142857142857146,19.048571428571428,1.9,25.37142857142857,214.45714285714288,1013.1857142857144,96.94285714285716,12.642857142857142,-0.3499146277649743
23.728571428571428,11.771428571428572,17.728571428571428,23.814285714285717,11.771428571428572,17.757142857142856,71.51428571428572,2.055,71.42857142857143,11.308571428571428,0.0,17.257142857142856,182.82857142857145,1020.9285714285714,42.12857142857143,13.37142857142857,17.257744849205437
4.342857142857143,0.1285714285714286,2.3999999999999995,2.2285714285714286,-4.542857142857143,-1.0714285714285714,86.64285714285714,0.8014285714285714,57.142857142857146,8.928571428571429,0.0,23.971428571428568,265.87142857142857,1017.6285714285714,94.82857142857142,10.214285714285714,74.43102544066687
21.12857142857143,12.4,16.17142857142857,21.357142857142858,11.542857142857144,15.7,84.94285714285715,2.947142857142857,100.0,42.86,0.0,19.785714285714285,200.14285714285717,1015.4285714285714,78.77142857142857,13.0,85.36415421975494
27.085714285714285,15.857142857142858,21.914285714285715,27.785714285714285,15.857142857142858,22.071428571428573,66.4,0.4752857142857142,42.85714285714285,2.381428571428572,0.0,19.67142857142857,227.17142857142855,1016.4428571428572,53.02857142857143,18.185714285714287,15.578080293448464
1.4428571428571428,-3.7,-1.1285714285714286,-1.6857142857142855,-7.914285714285714,-5.042857142857143,78.02857142857144,1.8825714285714283,57.142857142857146,23.81,5.014285714285714,21.4,220.07142857142856,1012.0285714285714,82.51428571428572,12.214285714285714,12.36928066629048
30.12857142857143,14.757142857142856,22.714285714285715,29.12857142857143,14.514285714285714,22.342857142857145,46.285714285714285,0.0,0.0,0.0,0.0,25.7,194.95714285714288,1020.0285714285714,44.642857142857146,20.957142857142856,64.77464423411561
22.5,12.014285714285714,17.114285714285714,22.5,11.7,17.099999999999998,67.0,4.679428571428572,57.142857142857146,13.095714285714283,0.0,21.457142857142856,273.3857142857143,1013.3142857142856,61.9,21.042857142857144,24.37495247373363
21.285714285714285,9.228571428571428,15.099999999999998,20.62857142857143,7.314285714285714,14.128571428571428,59.457142857142856,5.284999999999999,71.42857142857143,19.047142857142852,0.0,30.77142857142857,208.12857142857143,1014.8142857142856,72.95714285714286,20.32857142857143,23.331970501265687
3.857142857142857,-2.3857142857142857,0.7285714285714285,-0.5428571428571429,-8.342857142857143,-4.685714285714285,69.74285714285715,1.85,28.571428571428573,9.522857142857143,2.82,33.58571428571428,187.78571428571428,1017.8285714285714,74.60000000000001,19.542857142857144,-31.960942026484645
-2.042857142857143,-7.942857142857143,-4.885714285714286,-4.914285714285714,-13.514285714285714,-9.542857142857144,70.95714285714286,0.0,0.0,0.0,0.0,21.685714285714287,243.8142857142857,1025.3285714285714,64.77142857142857,14.828571428571427,7.756760638957076
24.928571428571427,14.685714285714283,19.67142857142857,25.285714285714285,14.685714285714283,19.757142857142856,70.31428571428572,0.909,71.42857142857143,7.738571428571428,0.0,23.3,234.8428571428572,1014.0,61.24285714285714,19.8,1.1510517091167003
23.11428571428572,10.385714285714286,17.357142857142858,23.057142857142857,10.142857142857142,17.3,55.91428571428571,0.0,0.0,0.0,0.0,14.657142857142857,53.08571428571429,1018.2428571428572,41.75714285714286,15.885714285714286,25.622543486891345
29.32857142857143,18.214285714285715,23.842857142857145,29.942857142857143,18.214285714285715,24.085714285714285,66.54285714285713,2.334142857142857,57.142857142857146,7.142857142857143,0.0,21.928571428571427,196.3857142857143,1015.3857142857142,49.34285714285714,14.12857142857143,22.23609656846816
10.571428571428571,2.5285714285714285,6.485714285714286,9.157142857142857,-1.6285714285714283,3.8571428571428568,73.61428571428571,4.221428571428571,71.42857142857143,30.95142857142857,0.0,29.32857142857143,173.18571428571428,1016.3714285714286,72.34285714285714,18.12857142857143,29.465790995944417
2.314285714285714,-1.6285714285714286,0.0714285714285714,-0.9571428571428572,-6.414285714285714,-3.985714285714285,80.62857142857142,1.7478571428571428,28.571428571428573,8.334285714285715,6.0,23.27142857142857,227.77142857142857,1020.4571428571428,95.75714285714284,14.5,-34.36238592891459
7.314285714285715,-1.842857142857143,2.871428571428571,4.585714285714286,-6.214285714285714,-0.9285714285714286,62.65714285714285,0.5304285714285715,28.571428571428573,5.357142857142857,0.0,33.2,257.42857142857144,1015.7,73.74285714285715,15.042857142857144,-23.1666620649994
3.571428571428572,-1.0,1.1285714285714286,-0.142857142857143,-6.771428571428572,-3.828571428571428,70.42857142857143,3.031714285714286,85.71428571428571,19.047142857142852,2.3,28.97142857142857,197.32857142857145,1013.8571428571428,93.31428571428572,14.9,-61.024270214660646
19.057142857142857,10.357142857142858,14.6,19.057142857142857,8.957142857142857,14.042857142857144,66.67142857142858,12.721571428571428,71.42857142857143,8.332857142857142,0.0,29.15714285714285,163.18571428571428,1012.5142857142856,76.17142857142858,17.9,-9.559000928921703
21.285714285714285,9.571428571428571,15.471428571428572,21.285714285714285,8.657142857142857,15.185714285714283,73.47142857142856,4.899857142857143,57.142857142857146,23.80857142857143,0.0,17.0,82.42857142857143,1016.5,62.3,13.857142857142858,-39.00229400165517
4.714285714285714,-2.9,0.5428571428571428,1.2714285714285716,-7.128571428571428,-3.642857142857143,75.41428571428571,0.2682857142857143,28.571428571428573,4.762857142857143,3.85,26.214285714285715,239.05714285714288,1013.3714285714286,54.02857142857143,13.671428571428573,19.02485939049461
17.24285714285714,6.771428571428571,12.014285714285714,16.957142857142856,5.014285714285714,11.285714285714286,58.55714285714286,0.9827142857142857,57.142857142857146,8.334285714285715,0.0,26.1,219.64285714285717,1014.4857142857144,52.3,24.385714285714283,-60.02814069671899
-7.185714285714285,-14.657142857142857,-10.87142857142857,-14.457142857142856,-23.11428571428572,-19.185714285714287,76.81428571428572,0.7084285714285714,57.142857142857146,11.904285714285717,0.0,31.37142857142857,187.58571428571423,1018.7714285714286,71.87142857142858,11.285714285714286,465.03866077825865
5.185714285714285,-0.1857142857142857,2.3857142857142857,2.542857142857143,-5.314285714285714,-1.7714285714285716,73.04285714285714,5.839999999999999,71.42857142857143,17.262857142857143,0.0,26.442857142857143,161.47142857142856,1023.2142857142856,79.39999999999999,16.014285714285712,-19.801247611477265
15.471428571428572,4.971428571428571,10.214285714285714,15.05714285714286,3.2,9.128571428571428,54.9,0.711,28.571428571428573,6.547142857142857,0.0,22.62857142857143,191.3857142857143,1013.6285714285714,56.91428571428571,15.271428571428572,30.212343361667536
30.142857142857142,19.071428571428573,24.52857142857143,32.542857142857144,19.071428571428573,25.228571428571428,69.11428571428571,6.648571428571429,71.42857142857143,16.665714285714284,0.0,20.02857142857143,205.8571428571429,1014.1,38.22857142857144,15.2,15.159184678685506
4.642857142857143,-1.1285714285714286,1.5857142857142856,1.6857142857142855,-5.414285714285714,-2.271428571428572,76.67142857142858,0.1792857142857142,42.85714285714285,7.142857142857143,1.0,21.3,137.25714285714284,1024.642857142857,78.18571428571428,18.8,-21.91723178248526
1.8714285714285717,-2.4714285714285715,-0.4714285714285714,-2.242857142857143,-8.785714285714286,-5.671428571428572,74.77142857142857,4.797142857142857,71.42857142857143,31.547142857142852,4.475,27.814285714285717,152.42857142857142,1012.0714285714286,89.25714285714285,12.0,7.34618906204696
26.042857142857144,12.971428571428572,19.314285714285717,26.38571428571429,12.785714285714286,19.314285714285717,74.51428571428572,0.6401428571428571,42.85714285714285,6.547142857142857,0.0,22.24285714285714,220.8428571428572,1018.7428571428572,31.442857142857143,12.285714285714286,-52.57834568635826
1.6142857142857143,-5.385714285714286,-1.957142857142857,-3.4285714285714284,-11.114285714285716,-7.3,71.02857142857142,0.3407142857142857,42.85714285714285,8.928571428571429,3.057142857142857,29.41428571428571,252.0,1019.0714285714286,70.44285714285715,20.428571428571427,-83.42510184724347
24.928571428571427,16.014285714285712,20.542857142857144,24.97142857142857,16.014285714285712,20.52857142857143,70.14285714285714,1.227,42.85714285714285,7.738571428571428,0.0,23.7,220.2142857142857,1015.1428571428572,54.22857142857144,15.614285714285714,-31.768004748739717
11.2,0.7857142857142857,5.271428571428571,9.828571428571427,-1.871428571428572,3.257142857142857,75.95714285714287,2.4155714285714285,28.571428571428573,16.667142857142856,0.3666666666666667,20.785714285714285,179.75714285714284,1010.6714285714286,54.0,13.342857142857143,8.814095561403747
23.87142857142857,11.314285714285717,17.757142857142856,23.942857142857143,10.7,17.67142857142857,68.62857142857142,7.757571428571429,71.42857142857143,17.262857142857143,0.0,30.24285714285714,200.2,1008.6428571428572,65.68571428571428,16.742857142857144,23.24685319320361
24.75714285714286,16.557142857142857,20.314285714285717,24.75714285714286,16.557142857142857,20.314285714285717,80.44285714285715,4.172,71.42857142857143,16.071428571428573,0.0,17.771428571428572,174.15714285714284,1015.4142857142856,65.75714285714285,13.428571428571429,58.29582854212549
26.485714285714288,18.357142857142858,22.285714285714285,26.714285714285715,18.357142857142858,22.285714285714285,67.48571428571428,7.753428571428572,57.142857142857146,19.048571428571428,0.0,21.228571428571428,203.78571428571428,1015.4142857142856,51.41428571428571,14.385714285714286,-30.88998225068599
19.071428571428573,8.357142857142858,13.728571428571428,19.071428571428573,7.371428571428572,13.528571428571428,72.38571428571429,0.8301428571428572,28.571428571428573,10.12,0.0,20.3,151.68571428571428,1020.5142857142856,37.44285714285714,15.171428571428573,-1.5662332421456997
2.042857142857143,-3.7285714285714286,-0.8142857142857142,-0.4000000000000001,-7.6571428571428575,-4.1571428571428575,83.62857142857142,1.7001428571428572,57.142857142857146,22.62,2.2,16.8,208.37142857142857,1020.3,67.25714285714285,9.642857142857142,-10.571874513664852
27.62857142857143,19.1,22.74285714285714,28.928571428571427,19.1,22.87142857142857,81.95714285714284,1.5042857142857142,100.0,19.048571428571428,0.0,19.571428571428573,147.5142857142857,1011.7,72.92857142857143,8.9,15.643373649346811
25.142857142857142,15.085714285714287,20.085714285714285,24.97142857142857,15.085714285714287,20.042857142857144,69.67142857142856,1.1225714285714286,14.285714285714286,5.357142857142857,0.0,19.02857142857143,250.52857142857144,1018.5714285714286,55.285714285714285,17.571428571428573,-0.6519110020331027
-1.7571428571428571,-7.2,-4.485714285714286,-5.1571428571428575,-12.728571428571428,-9.242857142857144,68.55714285714285,0.344,28.571428571428573,5.357142857142857,2.4285714285714284,21.071428571428573,149.15714285714284,1021.1,80.01428571428572,14.671428571428573,9.197929767254664
-7.685714285714285,-17.342857142857145,-11.828571428571427,-13.814285714285717,-26.1,-19.12857142857143,76.01428571428572,16.020142857142854,28.571428571428573,3.571428571428572,31.514285714285712,27.071428571428573,231.9,1024.0142857142855,53.88571428571429,16.185714285714287,-29.0063463336478
-0.7142857142857142,-8.77142857142857,-4.2,-4.542857142857143,-14.642857142857142,-9.385714285714286,74.24285714285715,0.3738571428571428,42.85714285714285,2.9771428571428573,5.84,27.728571428571428,236.97142857142856,1008.9142857142856,78.85714285714286,13.228571428571428,-56.759898500415375
27.957142857142856,15.985714285714286,22.31428571428572,28.4,15.985714285714286,22.5,66.0,0.0561428571428571,14.285714285714286,0.5957142857142858,0.0,20.785714285714285,225.52857142857144,1020.6,24.685714285714287,14.128571428571428,1.8754174305579452
0.2714285714285715,-5.857142857142857,-2.457142857142857,-2.4857142857142853,-9.914285714285716,-6.1571428571428575,77.81428571428572,0.5588571428571428,57.142857142857146,10.714285714285714,0.3285714285714285,19.557142857142857,200.57142857142856,1020.5428571428572,79.62857142857142,13.085714285714284,-162.09530747308622
1.657142857142857,-5.414285714285714,-1.657142857142857,-2.1714285714285717,-10.428571428571429,-6.4,69.98571428571428,2.5538571428571437,42.85714285714285,14.881428571428572,4.65,24.2,238.77142857142852,1020.8857142857142,65.15714285714286,17.357142857142858,-31.089336586741183
10.171428571428573,2.128571428571429,6.057142857142857,9.3,-0.457142857142857,4.442857142857143,80.82857142857142,1.4328571428571428,57.142857142857146,11.904285714285717,0.0,21.071428571428573,201.77142857142857,1018.8571428571428,74.39999999999999,10.785714285714286,-20.52330533804593
14.228571428571428,5.7,9.62857142857143,12.12857142857143,2.2857142857142856,7.028571428571429,76.08571428571429,2.180857142857143,71.42857142857143,22.02285714285714,1.5,28.428571428571427,182.45714285714288,1016.6428571428572,84.25714285714285,14.657142857142857,15.113582615897712
14.842857142857143,6.4,10.528571428571428,14.3,4.257142857142857,8.971428571428572,72.08571428571427,1.4105714285714286,57.142857142857146,7.74,0.0,24.82857142857143,192.44285714285712,1020.9571428571428,62.142857142857146,14.771428571428572,27.322219600236394
3.442857142857143,-5.014285714285714,-0.5714285714285714,0.0285714285714282,-9.928571428571429,-4.828571428571428,67.48571428571428,0.123,28.571428571428573,4.167142857142857,3.0,19.885714285714283,213.4142857142857,1019.2857142857144,71.17142857142856,13.885714285714286,-37.88661070762578
14.042857142857144,4.885714285714286,9.62857142857143,13.857142857142858,3.1,8.571428571428571,67.28571428571429,1.445714285714286,57.142857142857146,14.285714285714286,0.0,21.87142857142857,169.82857142857142,1012.3,76.87142857142858,18.642857142857142,19.87581423133861
14.514285714285714,6.4,10.328571428571427,14.514285714285714,4.057142857142858,9.1,77.8,1.5647142857142855,28.571428571428573,2.381428571428572,0.0,23.457142857142856,160.18571428571428,1011.7142857142856,80.05714285714285,14.042857142857144,-37.65656098759496
25.042857142857144,14.428571428571429,19.442857142857143,24.885714285714283,14.428571428571429,19.414285714285715,71.51428571428572,5.5600000000000005,57.142857142857146,10.714285714285714,0.0,22.642857142857142,168.74285714285716,1018.2,38.871428571428574,14.042857142857144,-5.290710399070576
27.8,16.17142857142857,21.914285714285715,27.67142857142857,16.17142857142857,21.9,64.72857142857143,0.8522857142857142,57.142857142857146,5.952857142857143,0.0,21.928571428571427,179.08571428571426,1012.657142857143,67.24285714285715,17.228571428571428,21.38830590343264
26.428571428571427,14.05714285714286,20.12857142857143,26.957142857142856,14.05714285714286,20.2,67.98571428571428,0.1311428571428571,14.285714285714286,1.19,0.0,22.214285714285715,175.4,1012.2571428571428,47.51428571428572,20.17142857142857,13.793086870790605
28.228571428571428,16.82857142857143,22.32857142857143,28.442857142857143,16.82857142857143,22.428571428571427,61.72857142857144,1.9385714285714288,28.571428571428573,2.381428571428572,0.0,26.32857142857143,244.05714285714285,1013.2285714285716,48.24285714285714,21.3,-36.69429187857122
8.171428571428573,2.2,5.214285714285714,6.557142857142857,-1.2857142857142858,2.3000000000000003,75.94285714285715,5.502428571428571,71.42857142857143,29.165714285714284,2.8,23.4,232.38571428571427,1021.5285714285714,77.92857142857143,15.042857142857144,-12.803960394047865
13.542857142857144,6.371428571428572,9.55714285714286,12.757142857142856,3.5428571428571423,7.6,73.98571428571428,7.499714285714286,71.42857142857143,35.714285714285715,0.0,24.11428571428572,125.81428571428572,1012.7714285714284,81.52857142857144,14.55714285714286,16.799905497780856
28.442857142857143,17.47142857142857,23.32857142857143,29.11428571428572,17.47142857142857,23.67142857142857,66.11428571428571,1.1285714285714286,42.85714285714285,4.1657142857142855,0.0,20.942857142857143,223.75714285714284,1013.0714285714286,54.82857142857143,20.914285714285715,-27.690960584552613
17.7,8.285714285714286,13.2,17.7,6.6571428571428575,12.7,64.77142857142857,1.9645714285714289,42.85714285714285,14.881428571428572,0.0,28.8,177.74285714285716,1017.5285714285714,42.8,13.085714285714284,6.3818497789247886
20.571428571428573,9.542857142857144,14.657142857142857,20.52857142857143,9.228571428571428,14.5,70.6,1.5032857142857143,42.85714285714285,11.905714285714286,0.0,29.01428571428572,204.58571428571423,1015.7,55.471428571428575,21.585714285714285,134.078977076196
22.642857142857142,13.328571428571427,17.95714285714286,22.785714285714285,12.828571428571427,17.885714285714286,70.91428571428571,3.258571428571428,57.142857142857146,12.5,0.0,21.442857142857143,194.77142857142857,1011.2714285714284,74.7,14.471428571428572,-3.015903279971326
16.5,4.714285714285714,10.142857142857142,15.94285714285714,2.071428571428572,8.571428571428571,63.94285714285714,0.0,0.0,0.0,0.0,25.685714285714287,203.2,1020.3,54.68571428571428,19.3,-22.39552739852752
12.014285714285714,0.1714285714285714,5.9,11.05714285714286,-3.6714285714285713,2.871428571428571,52.74285714285714,0.7627142857142858,85.71428571428571,11.905714285714286,0.0,30.142857142857142,247.6142857142857,1009.0,52.35714285714285,20.87142857142857,-6.770935630577242
30.342857142857145,20.885714285714283,25.24285714285714,32.542857142857144,20.885714285714283,26.085714285714285,76.31428571428572,4.223285714285715,57.142857142857146,10.12,0.0,19.214285714285715,226.4142857142857,1013.0714285714286,69.74285714285715,8.485714285714286,-91.03450251807452
9.914285714285716,1.4285714285714286,5.5,8.1,-2.457142857142857,2.585714285714286,71.14285714285714,2.0612857142857144,42.85714285714285,19.642857142857142,1.0,22.7,137.34285714285716,1022.7857142857144,80.85714285714286,17.914285714285715,63.941810774414535
16.257142857142856,4.214285714285714,10.05714285714286,16.257142857142856,1.6285714285714283,8.957142857142857,65.51428571428572,0.0,0.0,0.0,0.0,23.585714285714285,261.98571428571427,1023.6714285714288,18.185714285714287,23.9,-128.36770857461556
24.47142857142857,14.571428571428571,19.442857142857143,24.542857142857144,14.571428571428571,19.442857142857143,68.9,1.6475714285714285,57.142857142857146,13.094285714285714,0.0,22.6,182.68571428571428,1015.9857142857144,44.785714285714285,15.257142857142856,43.34429536240396
-7.514285714285714,-17.628571428571426,-11.928571428571429,-11.1,-23.15714285714285,-16.928571428571427,67.38571428571429,0.0034285714285714,14.285714285714286,0.5957142857142858,18.2,20.02857142857143,226.6142857142857,1022.5714285714286,53.71428571428572,13.757142857142856,-18.740049205156765
14.085714285714284,2.0,7.714285714285714,13.785714285714286,-0.6,6.485714285714286,61.48571428571428,0.1691428571428571,28.571428571428573,2.38,0.0,19.042857142857144,133.64285714285714,1010.3714285714286,52.84285714285714,21.75714285714286,47.34635270550348
18.65714285714285,5.585714285714286,12.085714285714284,18.65714285714285,3.2285714285714286,11.357142857142858,50.51428571428572,0.6447142857142857,28.571428571428573,6.547142857142857,0.0,22.12857142857143,160.24285714285716,1020.4285714285714,42.55714285714286,20.47142857142857,6.131650285632759
18.842857142857145,7.414285714285714,13.171428571428573,18.842857142857145,6.1000000000000005,12.828571428571427,74.41428571428571,0.1292857142857142,28.571428571428573,4.761428571428572,0.0,20.37142857142857,239.47142857142856,1018.4285714285714,41.18571428571429,21.514285714285712,-70.52575149617451
4.628571428571428,-2.1,0.9714285714285714,2.571428571428572,-5.357142857142857,-2.0,76.15714285714286,0.4645714285714286,42.85714285714285,11.308571428571428,0.0,17.857142857142858,173.4857142857143,1017.9714285714286,62.52857142857143,13.728571428571428,35.64312689063718
4.014285714285714,-2.4285714285714284,0.5714285714285714,0.2000000000000001,-8.371428571428572,-4.457142857142857,71.34285714285714,0.4361428571428571,14.285714285714286,3.571428571428572,2.9,28.82857142857143,241.7428571428572,1016.4857142857144,74.41428571428571,17.142857142857142,-20.07834211810473
14.785714285714286,3.642857142857143,8.6,14.0,0.257142857142857,6.485714285714286,77.88571428571429,2.192285714285714,42.85714285714285,10.118571428571428,0.0,27.285714285714285,133.55714285714285,1014.2428571428572,82.71428571428571,11.842857142857143,-21.9027936461132
-1.385714285714286,-12.185714285714283,-6.028571428571429,-5.185714285714285,-18.542857142857144,-11.085714285714284,72.27142857142857,0.8217142857142858,42.85714285714285,10.714285714285714,8.542857142857143,21.0,156.02857142857144,1014.9428571428572,62.971428571428575,12.2,20.870441184990568
14.757142857142856,1.914285714285714,8.014285714285714,14.414285714285713,0.857142857142857,6.928571428571429,69.10000000000001,0.2654285714285714,14.285714285714286,1.7857142857142858,0.0,19.25714285714286,222.8,1016.2285714285716,32.857142857142854,13.914285714285716,29.70184280877038
-4.814285714285715,-11.542857142857144,-7.571428571428571,-9.7,-17.3,-13.271428571428572,72.58571428571429,0.0125714285714285,14.285714285714286,1.19,0.0428571428571428,23.3,230.15714285714284,1024.1714285714286,76.21428571428571,13.928571428571429,-26.46418353120248
29.557142857142857,18.142857142857142,24.02857142857143,31.571428571428573,18.142857142857142,24.685714285714287,75.87142857142858,3.133714285714286,42.85714285714285,1.7871428571428571,0.0,21.057142857142857,218.17142857142855,1021.2285714285716,37.67142857142857,12.357142857142858,38.77552163094174
29.071428571428573,19.457142857142856,24.17142857142857,30.142857142857142,19.457142857142856,24.442857142857143,74.98571428571428,2.665142857142857,57.142857142857146,13.69,0.0,16.885714285714286,214.57142857142856,1015.157142857143,48.91428571428571,14.785714285714286,34.44066857163671
9.3,0.9714285714285716,5.285714285714286,7.985714285714286,-2.414285714285714,3.257142857142857,63.885714285714286,0.342,28.571428571428573,6.547142857142857,0.0,23.228571428571428,233.32857142857145,1019.1428571428572,64.75714285714285,15.457142857142856,-3.7618653173151415
18.785714285714285,7.771428571428571,12.957142857142856,18.6,6.685714285714285,12.385714285714286,70.31428571428572,2.9935714285714283,85.71428571428571,20.23857142857143,0.0,20.2,103.2,1017.5,71.45714285714287,13.342857142857143,-51.23660832730752
26.885714285714283,12.914285714285716,19.785714285714285,26.814285714285717,12.914285714285716,19.8,67.52857142857142,0.0135714285714285,14.285714285714286,0.5957142857142858,0.0,17.585714285714285,138.54285714285714,1022.1,18.342857142857145,14.12857142857143,3.257152296036793
27.957142857142856,19.3,23.5,29.77142857142857,19.3,24.11428571428572,73.21428571428571,3.192285714285714,42.85714285714285,21.428571428571427,0.0,21.32857142857143,161.25714285714284,1016.5428571428572,62.3,14.6,-36.212048885054855
27.814285714285717,18.857142857142858,22.985714285714288,29.228571428571428,18.857142857142858,23.27142857142857,75.8,3.8962857142857135,71.42857142857143,14.88,0.0,16.442857142857143,223.22857142857143,1015.8571428571428,57.5,13.928571428571429,21.957985551320007
19.557142857142857,9.657142857142858,14.857142857142858,19.557142857142857,9.214285714285714,14.7,56.57142857142857,1.7977142857142856,42.85714285714285,11.904285714285717,0.0,22.642857142857142,184.64285714285717,1017.7857142857144,60.31428571428571,14.614285714285716,22.52295757396655
26.442857142857143,16.2,21.571428571428573,26.8,16.2,21.65714285714285,64.91428571428571,2.0478571428571426,57.142857142857146,5.952857142857143,0.0,23.585714285714285,119.65714285714286,1020.4285714285714,58.02857142857143,15.7,70.47284988447723
9.014285714285714,-3.271428571428572,2.485714285714286,6.871428571428572,-7.771428571428571,-1.1857142857142855,71.68571428571428,1.851,71.42857142857143,10.712857142857144,1.0,31.385714285714283,169.6142857142857,1015.3857142857142,75.64285714285714,14.014285714285714,41.66784271492702
31.342857142857145,19.442857142857143,25.75714285714286,32.91428571428571,19.442857142857143,26.485714285714288,65.45714285714286,0.2391428571428571,28.571428571428573,1.1914285714285715,0.0,21.728571428571428,244.47142857142856,1014.1714285714286,35.042857142857144,14.528571428571428,-51.96433490537288
26.24285714285714,15.428571428571429,21.085714285714285,26.142857142857142,15.428571428571429,21.057142857142857,68.87142857142858,0.7472857142857142,42.85714285714285,9.524285714285714,0.0,22.77142857142857,192.82857142857145,1014.4857142857144,40.34285714285714,15.471428571428572,-47.14785049032639
31.17142857142857,19.442857142857143,25.085714285714285,32.57142857142857,19.442857142857143,25.7,67.87142857142857,1.4395714285714285,42.85714285714285,7.142857142857143,0.0,22.228571428571428,230.3142857142857,1014.842857142857,39.52857142857143,15.014285714285714,-17.023833723464577
13.185714285714283,3.957142857142857,8.028571428571428,12.2,0.6000000000000002,5.7,63.957142857142856,2.649142857142857,71.42857142857143,14.881428571428572,0.0,28.67142857142857,234.3,1009.4,76.41428571428571,18.728571428571428,-17.8278697909318
3.2857142857142856,-4.1571428571428575,-0.4000000000000002,-0.4428571428571429,-9.842857142857143,-5.057142857142857,72.08571428571429,3.9288571428571433,57.142857142857146,24.40428571428572,7.55,28.857142857142858,190.04285714285717,1013.5,76.57142857142857,15.857142857142858,21.631486193446108
2.7285714285714286,-4.757142857142857,-0.357142857142857,-0.1142857142857142,-8.22857142857143,-3.6,80.17142857142858,8.598,71.42857142857143,33.332857142857144,2.48,23.4,229.47142857142856,1021.9857142857144,67.42857142857143,13.828571428571427,-29.08424970809801
28.057142857142857,13.457142857142856,21.314285714285717,27.11428571428572,12.77142857142857,20.87142857142857,49.34285714285714,1.1217142857142857,14.285714285714286,3.571428571428572,0.0,24.642857142857142,205.94285714285712,1016.342857142857,40.885714285714286,19.0,39.67422100292493
0.2142857142857142,-5.971428571428571,-2.3999999999999995,-3.685714285714286,-11.442857142857145,-7.271428571428571,76.32857142857142,1.6348571428571428,57.142857142857146,14.284285714285714,16.17142857142857,25.24285714285714,211.58571428571423,1016.7,88.34285714285714,12.485714285714286,208.5813323557793
13.171428571428573,0.0571428571428571,5.928571428571429,13.171428571428573,-0.8428571428571427,5.271428571428571,70.62857142857142,0.0,0.0,0.0,0.0,12.142857142857142,145.4142857142857,1023.4428571428572,35.2,12.842857142857143,11.734495053255614
27.642857142857142,16.557142857142857,22.4,27.542857142857144,16.557142857142857,22.414285714285715,61.67142857142857,0.4065714285714286,28.571428571428573,2.38,0.0,18.985714285714288,303.7714285714286,1013.2,40.98571428571428,15.37142857142857,-135.8278886491712
1.4714285714285713,-4.828571428571428,-1.085714285714286,-1.4285714285714286,-10.185714285714283,-5.742857142857143,76.75714285714285,0.3077142857142857,57.142857142857146,6.548571428571429,4.34,25.300000000000004,256.0,1008.5857142857144,68.55714285714285,14.314285714285717,7.177271942624884
24.342857142857145,16.214285714285715,20.785714285714285,24.957142857142856,16.214285714285715,20.985714285714288,81.77142857142857,3.870000000000001,85.71428571428571,25.595714285714287,0.0,18.75714285714286,196.77142857142857,1015.5142857142856,72.65714285714286,16.785714285714285,31.81223432090428
27.8,18.114285714285717,22.87142857142857,28.8,18.114285714285717,23.24285714285714,72.82857142857144,2.269571428571429,42.85714285714285,6.547142857142857,0.0,19.0,223.14285714285717,1014.8571428571428,45.24285714285714,15.3,-82.26969616529072
-7.628571428571428,-13.257142857142856,-10.428571428571429,-13.685714285714283,-20.385714285714283,-17.1,68.02857142857144,0.2257142857142857,28.571428571428573,6.547142857142857,1.0285714285714287,23.11428571428572,196.18571428571428,1029.3285714285714,58.5,14.485714285714286,-7.508093870977291
28.1,18.114285714285717,22.97142857142857,29.071428571428573,18.114285714285717,23.342857142857145,74.22857142857143,5.920142857142857,71.42857142857143,15.477142857142857,0.0,16.985714285714288,214.27142857142857,1017.3142857142856,48.971428571428575,14.285714285714286,-13.507582982416809
17.5,5.785714285714286,11.314285714285717,17.5,4.671428571428572,10.785714285714286,73.92857142857143,0.0,0.0,0.0,0.0,18.857142857142858,238.67142857142852,1021.2428571428572,39.32857142857143,17.728571428571428,2.7911471505319696
-7.685714285714285,-15.971428571428572,-11.285714285714286,-11.928571428571429,-20.571428571428573,-16.45714285714286,79.41428571428571,0.387,71.42857142857143,23.214285714285715,17.54285714285714,18.75714285714286,184.4857142857143,1020.5571428571428,73.67142857142858,10.357142857142858,49.91101116792288
7.228571428571429,-3.3000000000000003,1.8428571428571427,4.357142857142857,-8.12857142857143,-2.185714285714286,56.55714285714286,1.1015714285714286,14.285714285714286,7.738571428571428,6.066666666666666,25.914285714285715,52.35714285714285,1024.2,35.74285714285714,19.25714285714286,65.19365798881722
4.314285714285714,-0.0999999999999999,2.3428571428571425,1.8428571428571427,-3.971428571428572,-0.9714285714285712,82.74285714285715,1.2964285714285717,71.42857142857143,11.311428571428571,0.0,20.542857142857144,201.1142857142857,1011.9571428571428,94.07142857142856,12.414285714285716,-106.54396291284591
6.185714285714285,-5.585714285714286,1.2857142857142858,3.871428571428571,-10.114285714285714,-2.5285714285714285,76.01428571428572,4.505142857142857,57.142857142857146,19.64428571428571,6.3,31.428571428571427,245.95714285714288,1018.5,65.02857142857142,14.44285714285714,-28.616336157440173
29.5,20.17142857142857,24.7,30.428571428571427,20.17142857142857,24.942857142857143,71.31428571428572,1.1907142857142856,71.42857142857143,10.715714285714286,0.0,15.571428571428571,214.44285714285712,1013.7428571428572,47.614285714285714,14.385714285714286,40.64316773179826
-0.4142857142857145,-9.4,-4.485714285714286,-4.114285714285715,-14.685714285714283,-9.542857142857144,77.67142857142858,1.195142857142857,71.42857142857143,17.262857142857143,9.214285714285714,25.685714285714287,181.4857142857143,1011.4714285714286,79.28571428571429,12.0,45.108788126770605
6.342857142857143,-0.7000000000000001,2.7285714285714286,3.2,-4.385714285714286,-0.5428571428571427,66.61428571428571,0.1002857142857142,28.571428571428573,2.975714285714285,0.0,22.74285714285714,256.22857142857146,1026.8857142857144,53.871428571428574,15.971428571428572,-196.79558735086425
17.785714285714285,6.042857142857144,11.471428571428572,17.785714285714285,4.171428571428572,10.414285714285716,61.285714285714285,1.6675714285714285,57.142857142857146,13.094285714285714,0.0,25.214285714285715,163.24285714285716,1024.0,55.47142857142857,14.2,-43.09919478577808
4.728571428571429,-2.157142857142857,1.1285714285714286,1.1714285714285713,-6.428571428571429,-3.057142857142857,66.62857142857142,0.042,28.571428571428573,1.7857142857142858,3.0,27.47142857142857,199.4142857142857,1020.7714285714286,49.91428571428571,15.585714285714284,28.19814592272337
0.2000000000000001,-6.828571428571428,-3.6000000000000005,-2.542857142857143,-12.228571428571428,-8.271428571428572,75.47142857142856,1.9221428571428567,100.0,26.19142857142857,4.314285714285714,24.02857142857143,172.95714285714286,1020.2428571428572,91.85714285714286,12.814285714285717,76.24016594006639
11.157142857142858,4.628571428571428,7.885714285714285,10.185714285714283,1.8142857142857145,5.971428571428571,73.11428571428571,0.3181428571428571,57.142857142857146,8.334285714285715,0.0,18.357142857142858,163.01428571428573,1019.0142857142856,67.71428571428571,14.171428571428573,2.0107924419342
22.11428571428572,11.342857142857143,16.82857142857143,22.11428571428572,10.957142857142856,16.785714285714285,66.97142857142858,2.057857142857143,57.142857142857146,17.857142857142858,0.0,18.12857142857143,155.4,1013.2857142857144,61.68571428571429,13.814285714285717,-9.150493749090629
10.3,1.7857142857142858,5.0,8.542857142857143,-2.1,1.614285714285714,77.42857142857143,6.218714285714285,71.42857142857143,23.81,3.4,32.15714285714286,198.9142857142857,1021.2,83.08571428571429,15.771428571428572,5.601748586239864
29.357142857142858,16.571428571428573,23.085714285714285,32.042857142857144,16.571428571428573,24.314285714285717,66.61428571428571,0.2888571428571428,42.85714285714285,3.571428571428572,0.0,19.24285714285714,252.92857142857144,1015.1714285714286,45.42857142857143,15.05714285714286,1.5747392156897604
19.87142857142857,7.957142857142856,13.514285714285714,19.87142857142857,7.3,13.3,68.87142857142858,0.6635714285714285,28.571428571428573,7.142857142857143,0.0,14.828571428571427,244.64285714285717,1013.7142857142856,42.385714285714286,14.957142857142856,49.38729049218296
6.742857142857143,0.9285714285714286,3.8,4.685714285714285,-2.4714285714285715,0.7428571428571428,78.22857142857143,2.660428571428572,71.42857142857143,26.785714285714285,0.0428571428571428,20.385714285714283,211.14285714285717,1007.3,89.85714285714286,13.728571428571428,-6.714524698867308
6.071428571428571,-2.585714285714286,1.4857142857142855,3.3285714285714287,-7.8,-2.4857142857142853,77.64285714285714,0.5741428571428572,42.85714285714285,10.714285714285714,0.0,25.585714285714285,231.57142857142856,1016.9714285714286,80.04285714285713,14.785714285714286,-36.83966866569426
4.957142857142857,-3.8428571428571434,0.3285714285714286,0.9571428571428572,-8.671428571428573,-4.257142857142857,68.91428571428571,0.0095714285714285,14.285714285714286,0.5957142857142858,1.0,27.12857142857143,108.1,1019.8285714285714,53.44285714285714,22.228571428571428,-98.93367509495488
15.771428571428572,3.0142857142857147,10.085714285714284,15.771428571428572,-0.7285714285714285,8.414285714285715,53.71428571428572,0.6977142857142857,42.85714285714285,7.738571428571428,0.0,33.0,258.92857142857144,1018.657142857143,35.41428571428572,21.571428571428573,11.401522595812366
27.714285714285715,16.9,22.4,27.37142857142857,16.9,22.37142857142857,66.6,7.036285714285714,57.142857142857146,20.83285714285714,0.0,20.27142857142857,239.97142857142856,1013.2142857142856,52.971428571428575,14.12857142857143,51.15091558654308
27.914285714285715,16.8,22.414285714285715,27.928571428571427,16.8,22.457142857142856,62.942857142857136,0.0164285714285714,42.85714285714285,2.381428571428572,0.0,18.27142857142857,260.6428571428572,1016.2714285714284,34.84285714285714,14.985714285714286,47.334264677947886
18.65714285714285,8.62857142857143,13.714285714285714,18.65714285714285,7.971428571428571,13.542857142857144,63.48571428571428,1.9692857142857143,42.85714285714285,8.930000000000001,0.0,22.0,201.14285714285717,1014.0,64.67142857142856,15.3,23.725245517628764
27.057142857142857,17.514285714285712,22.342857142857145,27.62857142857143,17.514285714285712,22.442857142857143,73.1,4.119714285714286,42.85714285714285,13.69,0.0,15.685714285714283,134.67142857142858,1021.4714285714286,66.68571428571428,12.62857142857143,-0.6723799625283391
11.285714285714286,5.328571428571428,8.085714285714285,10.114285714285714,1.8142857142857145,5.857142857142857,78.04285714285713,0.7295714285714284,71.42857142857143,19.045714285714286,0.0,24.342857142857145,67.71428571428571,1018.1285714285714,86.45714285714287,14.657142857142857,-18.78139526783798
-1.842857142857143,-9.385714285714286,-5.314285714285715,-5.728571428571428,-15.4,-10.314285714285717,72.98571428571428,1.1777142857142855,28.571428571428573,15.475714285714286,4.4,22.4,214.58571428571423,1023.5857142857144,68.5,15.214285714285714,-35.34260325296805
27.8,18.1,22.914285714285715,28.057142857142857,18.1,23.0,70.34285714285714,0.9615714285714284,28.571428571428573,8.928571428571429,0.0,17.557142857142857,125.31428571428572,1016.3571428571428,44.44285714285714,14.9,37.05057371902853
8.314285714285715,1.1714285714285713,4.857142857142857,6.228571428571429,-0.8,2.7285714285714286,69.92857142857143,0.0695714285714285,57.142857142857146,5.357142857142857,0.0,20.12857142857143,164.8857142857143,1021.4428571428572,76.88571428571429,15.671428571428573,14.984774743910748
3.0285714285714285,-1.7857142857142858,0.5285714285714287,0.0,-7.214285714285714,-3.814285714285714,79.87142857142858,1.960857142857143,57.142857142857146,19.048571428571428,6.95,23.785714285714285,270.1428571428572,1015.1285714285714,68.78571428571429,12.314285714285717,43.09128601198586
27.4,17.357142857142858,22.542857142857144,28.52857142857143,17.357142857142858,22.885714285714283,62.48571428571428,0.7092857142857143,14.285714285714286,2.975714285714285,0.0,25.67142857142857,230.17142857142855,1017.7428571428572,55.771428571428565,19.5,4.830856887374239
23.357142857142858,13.44285714285714,18.62857142857143,23.357142857142858,13.44285714285714,18.62857142857143,72.12857142857142,4.757714285714286,71.42857142857143,17.26142857142857,0.0,13.014285714285714,145.28571428571428,1014.1714285714286,59.58571428571429,14.0,-2.268852990207052
-6.914285714285714,-13.7,-10.171428571428573,-12.957142857142856,-21.585714285714285,-17.228571428571428,75.58571428571429,1.2727142857142857,42.85714285714285,7.738571428571428,22.02857142857143,29.185714285714287,224.94285714285712,1013.9571428571428,66.0,12.514285714285714,-4.607527878290739
25.27142857142857,16.985714285714288,20.9,25.8,16.985714285714288,21.014285714285712,74.77142857142857,2.371,85.71428571428571,17.857142857142858,0.0,19.2,164.52857142857144,1007.4714285714286,71.71428571428571,14.471428571428572,1.2845305577616273
21.814285714285717,14.314285714285717,18.04285714285714,21.814285714285717,14.314285714285717,18.04285714285714,78.60000000000001,4.292142857142857,57.142857142857146,20.23857142857143,0.0,19.82857142857143,211.28571428571428,1009.4571428571428,75.85714285714286,13.071428571428571,-50.82192053882864
29.8,20.685714285714287,25.15714285714285,32.31428571428572,20.685714285714287,26.314285714285717,70.27142857142857,3.376714285714286,85.71428571428571,19.641428571428573,0.0,22.67142857142857,183.58571428571423,1014.8285714285714,55.0,14.971428571428572,1.113952026094239
26.642857142857142,14.157142857142857,20.228571428571428,26.485714285714288,14.157142857142857,20.2,64.92857142857143,0.38,14.285714285714286,1.7857142857142858,0.0,16.685714285714287,150.14285714285714,1023.9428571428572,21.8,15.071428571428571,23.513348435782063
27.228571428571428,16.685714285714287,22.12857142857143,27.642857142857142,16.685714285714287,22.24285714285714,73.38571428571429,0.7632857142857142,57.142857142857146,7.144285714285715,0.0,20.8,231.2571428571429,1013.9142857142856,44.885714285714286,13.714285714285714,17.217286930367436
13.214285714285714,3.4857142857142853,8.128571428571428,12.614285714285714,1.0142857142857142,6.671428571428572,63.0,0.4868571428571428,14.285714285714286,2.381428571428572,0.0,23.185714285714287,269.6,1023.5857142857144,33.300000000000004,15.842857142857143,55.117289133987015
17.257142857142856,4.728571428571429,11.385714285714286,17.257142857142856,2.085714285714286,10.485714285714286,67.37142857142857,1.0787142857142855,28.571428571428573,4.762857142857143,0.0,23.75714285714286,268.54285714285714,1016.1428571428572,48.15714285714286,20.15714285714285,-20.93372923050515
26.957142857142856,15.5,21.3,26.314285714285717,15.5,21.15714285714285,63.25714285714286,2.446428571428572,28.571428571428573,8.332857142857142,0.0,19.0,145.3,1018.7285714285716,31.885714285714283,14.528571428571428,-64.5178860535359
21.87142857142857,8.014285714285714,15.042857142857144,21.77142857142857,7.514285714285714,14.885714285714286,64.88571428571429,0.7932857142857143,42.85714285714285,8.332857142857142,0.0,21.8,227.2,1015.8714285714286,35.42857142857143,15.7,-21.402427432766444
2.2142857142857144,-8.485714285714286,-2.857142857142857,-1.742857142857143,-12.414285714285716,-7.242857142857142,74.35714285714286,1.609142857142857,57.142857142857146,16.071428571428573,4.085714285714286,24.414285714285715,229.04285714285717,1019.4428571428572,64.38571428571429,12.957142857142856,-49.18399957888687
4.0,-2.6714285714285717,0.5142857142857141,0.6857142857142856,-7.5,-3.4714285714285715,79.94285714285715,3.1290000000000004,85.71428571428571,29.16428571428571,2.466666666666667,23.942857142857143,194.8,1022.0142857142856,87.57142857142857,16.928571428571427,248.1258363864013
13.9,6.714285714285714,10.171428571428573,13.9,4.6571428571428575,9.2,80.41428571428571,4.007428571428571,71.42857142857143,20.83285714285714,0.0,24.5,234.3571428571429,1014.1857142857144,79.04285714285713,19.957142857142856,-35.46922039871242
18.242857142857144,6.442857142857143,12.142857142857142,18.242857142857144,4.085714285714286,11.185714285714283,60.41428571428571,0.6958571428571428,28.571428571428573,6.547142857142857,0.0,29.24285714285714,224.2142857142857,1012.4285714285714,59.971428571428575,20.12857142857143,-11.25321559391
-0.7142857142857143,-10.357142857142858,-5.357142857142857,-5.328571428571428,-16.3,-10.94285714285714,78.75714285714285,0.8188571428571428,57.142857142857146,11.31,3.0,26.885714285714283,178.27142857142857,1016.5,72.48571428571428,15.55714285714286,24.686771419126217
26.557142857142857,15.542857142857144,20.928571428571427,26.728571428571428,15.542857142857144,20.942857142857143,70.21428571428571,3.737428571428571,71.42857142857143,10.714285714285714,0.0,18.185714285714287,116.61428571428571,1016.6285714285714,40.385714285714286,14.8,-40.968719636777
23.357142857142858,12.3,17.857142857142858,23.3,11.571428571428571,17.514285714285716,71.01428571428572,1.7607142857142857,42.85714285714285,8.928571428571429,0.0,21.585714285714285,190.4142857142857,1014.9142857142856,42.41428571428571,14.014285714285714,29.22134951566909
2.3285714285714287,-0.5714285714285714,0.7428571428571429,-1.6285714285714286,-6.042857142857143,-3.685714285714286,78.18571428571428,0.1251428571428571,28.571428571428573,4.761428571428572,0.9,25.385714285714283,246.3142857142857,1014.6142857142858,92.74285714285716,15.5,20.46366844134764
24.057142857142857,13.87142857142857,19.342857142857145,24.0,13.87142857142857,19.342857142857145,66.98571428571428,1.9875714285714283,57.142857142857146,13.69,0.0,18.02857142857143,130.87142857142857,1011.7571428571428,54.6,14.642857142857142,29.93371975944956
22.914285714285715,12.1,17.485714285714288,22.842857142857145,11.514285714285714,17.385714285714286,65.02857142857144,4.164857142857143,42.85714285714285,8.334285714285715,0.0,23.5,240.25714285714284,1009.9571428571428,53.31428571428571,15.1,0.6768857378976918
28.12857142857143,17.857142857142858,22.914285714285715,28.6,17.857142857142858,23.071428571428573,69.58571428571429,0.7005714285714285,28.571428571428573,2.975714285714285,0.0,21.857142857142858,195.58571428571432,1016.6428571428572,47.8,22.6,2.02245880204714
4.785714285714286,-0.7714285714285714,1.7857142857142858,1.5285714285714285,-5.3,-2.1714285714285717,83.94285714285715,1.895571428571429,57.142857142857146,13.691428571428572,0.0,24.928571428571427,194.78571428571428,1014.4142857142856,82.22857142857143,13.7,106.71047191712456
25.785714285714285,14.37142857142857,19.785714285714285,25.77142857142857,14.37142857142857,19.785714285714285,72.5,2.506857142857143,42.85714285714285,14.881428571428572,0.0,21.942857142857143,201.37142857142857,1018.1,40.25714285714285,13.842857142857143,47.68025809672099
1.8,-6.885714285714285,-2.4571428571428577,-2.257142857142857,-12.114285714285714,-7.399999999999999,72.0,0.0,0.0,0.0,3.0,26.685714285714287,245.72857142857143,1012.2571428571428,63.39999999999999,19.2,110.22326989627096
27.77142857142857,17.52857142857143,22.957142857142856,28.442857142857143,17.52857142857143,23.27142857142857,67.2,1.7537142857142858,28.571428571428573,7.142857142857143,0.0,20.12857142857143,176.81428571428572,1014.3142857142856,55.62857142857143,15.228571428571428,10.3890778713519
8.799999999999999,3.8428571428571434,6.271428571428571,6.928571428571429,-0.3428571428571428,3.4285714285714284,90.54285714285712,5.835285714285715,100.0,41.667142857142856,0.0,29.11428571428572,140.54285714285714,1013.5428571428572,99.84285714285714,9.571428571428571,35.586337417650384
13.62857142857143,6.714285714285714,10.114285714285714,13.62857142857143,5.228571428571429,9.457142857142856,81.21428571428571,2.971,85.71428571428571,35.712857142857146,0.0,24.32857142857143,195.78571428571428,1010.9285714285714,78.21428571428571,14.2,9.929501275074472
26.142857142857142,14.728571428571428,20.585714285714285,26.185714285714287,14.728571428571428,20.61428571428572,63.3,2.669,57.142857142857146,19.047142857142852,0.0,14.6,164.94285714285712,1019.0285714285714,53.91428571428571,14.271428571428572,-22.03583815767979
2.2857142857142856,-3.242857142857143,-0.1142857142857142,-1.6571428571428573,-8.614285714285714,-4.985714285714286,80.35714285714286,1.9872857142857143,42.85714285714285,16.071428571428573,9.1,26.17142857142857,185.4,1012.5714285714286,81.71428571428571,14.585714285714284,71.98066991334736
20.15714285714285,11.928571428571429,15.785714285714286,20.15714285714285,11.085714285714284,15.5,68.39999999999999,3.371714285714286,85.71428571428571,18.454285714285717,0.0,24.77142857142857,216.58571428571423,1007.657142857143,64.24285714285715,13.171428571428573,-65.44443001641275
23.17142857142857,10.62857142857143,17.057142857142857,23.3,10.428571428571429,17.02857142857143,70.8,0.1925714285714286,14.285714285714286,2.975714285714285,0.0,19.514285714285712,178.57142857142858,1016.9,37.75714285714286,16.342857142857145,12.797843440697308
27.8,17.914285714285715,22.685714285714287,28.957142857142856,17.914285714285715,23.17142857142857,64.71428571428571,0.3908571428571429,42.85714285714285,5.358571428571429,0.0,21.242857142857144,179.05714285714288,1015.8285714285714,54.1,19.47142857142857,-28.16296206079141
25.314285714285717,12.657142857142857,18.985714285714288,25.2,12.657142857142857,18.97142857142857,69.05714285714285,0.0,0.0,0.0,0.0,19.8,220.3428571428572,1017.6285714285714,37.68571428571429,21.885714285714283,52.66907167277554
6.742857142857143,-1.0285714285714285,2.8285714285714287,3.9,-5.528571428571429,-1.342857142857143,66.7,1.542857142857143,57.142857142857146,13.095714285714283,1.85,28.814285714285717,264.42857142857144,1018.5571428571428,73.67142857142858,18.442857142857143,-2.27217720183603
27.814285714285717,15.428571428571429,21.785714285714285,27.542857142857144,15.428571428571429,21.7,68.0142857142857,2.9627142857142856,42.85714285714285,8.928571428571429,0.0,18.814285714285717,207.27142857142857,1016.7714285714286,30.214285714285715,15.328571428571427,-31.50596901941867
19.15714285714285,5.7,12.314285714285717,19.15714285714285,3.757142857142857,11.471428571428572,56.2,1.6694285714285717,42.85714285714285,5.952857142857143,0.0,27.714285714285715,154.0,1018.4857142857144,41.771428571428565,20.928571428571427,-79.87143233763572
10.514285714285714,-0.8428571428571429,4.5,9.87142857142857,-3.971428571428572,2.542857142857143,51.12857142857143,0.1331428571428571,28.571428571428573,4.167142857142857,0.2285714285714286,19.25714285714286,153.78571428571428,1022.7,37.34285714285714,15.957142857142856,-47.27784443993664
16.571428571428573,8.37142857142857,12.642857142857142,16.571428571428573,7.1571428571428575,12.214285714285714,62.6,1.1702857142857144,42.85714285714285,8.927142857142856,0.0,21.52857142857143,177.82857142857142,1015.3428571428572,66.54285714285714,15.05714285714286,9.843967484290944
3.128571428571429,-1.9714285714285715,0.5285714285714285,-0.8428571428571431,-7.4142857142857155,-4.142857142857143,77.24285714285715,0.4811428571428572,42.85714285714285,10.12,4.4,25.27142857142857,267.4,1009.7,62.24285714285714,13.928571428571429,148.08215778673843
16.357142857142858,3.585714285714286,10.12857142857143,16.357142857142858,1.3857142857142857,9.342857142857143,52.85714285714285,0.0,0.0,0.0,0.0,20.9,57.3,1014.7428571428572,27.17142857142857,15.785714285714286,-1.225229222347707
17.357142857142858,7.628571428571428,12.485714285714286,17.357142857142858,6.714285714285714,12.2,66.4,0.2477142857142857,42.85714285714285,7.142857142857143,0.0,18.82857142857143,251.44285714285712,1017.3142857142856,62.642857142857146,14.771428571428572,11.32378796560215
18.685714285714287,5.914285714285714,12.014285714285714,18.685714285714287,5.228571428571429,11.514285714285714,71.5,0.0631428571428571,14.285714285714286,1.19,0.0,16.7,184.54285714285717,1018.2428571428572,27.485714285714288,14.485714285714286,-6.868913667767401
15.62857142857143,5.728571428571429,11.042857142857144,15.62857142857143,3.585714285714286,10.1,56.25714285714286,0.2975714285714286,57.142857142857146,7.738571428571428,0.0,26.5,263.4714285714286,1004.842857142857,68.05714285714286,15.928571428571429,24.270918583481038
27.0,16.228571428571428,21.8,27.11428571428572,16.228571428571428,21.842857142857145,65.01428571428572,0.5235714285714285,28.571428571428573,3.571428571428572,0.0,18.9,234.28571428571428,1017.842857142857,57.871428571428574,24.3,13.998946315791954
12.028571428571428,4.542857142857143,8.27142857142857,11.157142857142857,1.8428571428571427,6.1571428571428575,73.65714285714286,1.8857142857142857,57.142857142857146,16.667142857142856,0.0,28.957142857142856,171.02857142857144,1019.3,65.32857142857144,12.828571428571427,50.40861267385003
-0.0142857142857142,-6.785714285714286,-3.3285714285714287,-3.7857142857142856,-13.028571428571428,-8.342857142857143,80.87142857142858,0.0,0.0,0.0,16.842857142857145,21.685714285714287,228.42857142857144,1016.3142857142856,72.45714285714286,11.957142857142856,14.06154967524958
0.6,-5.028571428571429,-2.2,-4.042857142857143,-10.571428571428571,-7.071428571428571,77.52857142857144,6.499857142857143,42.85714285714285,8.334285714285715,9.7,26.514285714285712,204.0142857142857,1021.0714285714286,65.74285714285715,14.7,49.91923831836175
27.62857142857143,18.15714285714285,22.6,27.885714285714283,18.15714285714285,22.642857142857142,69.22857142857143,1.234714285714286,42.85714285714285,7.737142857142857,0.0,15.614285714285714,143.3,1013.1428571428572,52.04285714285714,14.314285714285717,0.3883624134950878
11.8,1.5142857142857142,6.742857142857143,11.242857142857144,-0.2428571428571428,5.1571428571428575,65.17142857142858,0.2668571428571428,71.42857142857143,6.547142857142857,0.0,24.357142857142858,256.3428571428572,1019.2857142857144,53.971428571428575,15.642857142857142,47.778345001142725
26.185714285714287,16.52857142857143,21.585714285714285,26.4,16.52857142857143,21.65714285714285,73.21428571428571,1.8762857142857143,42.85714285714285,11.31,0.0,19.75714285714286,163.5142857142857,1017.9142857142856,64.17142857142856,13.971428571428572,1.3035503217927271
26.0,15.428571428571429,20.9,26.27142857142857,15.428571428571429,20.97142857142857,66.6,0.2287142857142857,28.571428571428573,4.167142857142857,0.0,23.814285714285717,168.8857142857143,1019.6857142857144,56.871428571428574,19.47142857142857,-33.38926012923389
16.52857142857143,9.757142857142856,12.87142857142857,16.52857142857143,8.77142857142857,12.428571428571429,77.71428571428571,0.1108571428571428,57.142857142857146,5.358571428571429,0.0,18.457142857142856,80.75714285714285,1019.2857142857144,73.25714285714285,13.928571428571429,33.09552838849572
31.75714285714286,21.514285714285712,26.7,35.042857142857144,21.514285714285712,28.314285714285717,71.41428571428573,1.0975714285714286,71.42857142857143,5.952857142857143,0.0,18.228571428571428,185.75714285714284,1021.2,33.142857142857146,15.342857142857143,91.83455647903044
30.9,21.6,26.357142857142858,34.457142857142856,21.6,27.685714285714287,76.35714285714286,3.829857142857143,57.142857142857146,10.117142857142856,0.0,22.5,252.18571428571428,1013.1857142857144,39.35714285714285,14.328571428571427,108.71653794724853
-4.371428571428572,-10.614285714285714,-6.971428571428571,-8.814285714285715,-17.271428571428572,-12.55714285714286,74.58571428571429,0.1051428571428571,57.142857142857146,4.762857142857143,7.1571428571428575,24.22857142857143,255.3571428571429,1009.6142857142858,78.98571428571428,12.857142857142858,-3.1284850821894
2.542857142857143,-2.7142857142857144,-0.1142857142857144,-0.1428571428571428,-7.1000000000000005,-3.514285714285714,81.95714285714287,1.1834285714285713,42.85714285714285,15.477142857142857,0.9142857142857144,21.185714285714287,244.3857142857143,1015.4571428571428,90.32857142857142,12.228571428571428,38.84939323533081
-6.957142857142857,-14.142857142857142,-9.942857142857145,-10.571428571428571,-20.957142857142856,-15.814285714285717,67.62857142857142,0.7451428571428572,42.85714285714285,11.31,11.071428571428571,20.785714285714285,197.95714285714288,1026.6142857142856,66.65714285714286,17.285714285714285,-31.489162166947608
12.37142857142857,3.0285714285714285,7.371428571428572,10.957142857142856,-0.1428571428571428,5.1000000000000005,68.97142857142858,2.0940000000000003,71.42857142857143,14.88,0.0,25.228571428571428,257.12857142857143,1018.6285714285714,55.62857142857143,19.15714285714285,6.8864478806069656
9.571428571428571,0.5999999999999999,5.0,8.114285714285714,-0.9000000000000001,3.0142857142857147,69.5,0.7538571428571429,57.142857142857146,17.857142857142858,0.0,23.41428571428571,233.8857142857143,1020.2714285714284,68.65714285714286,15.55714285714286,71.64213168052606
4.785714285714286,-5.285714285714286,-0.7857142857142856,0.2142857142857141,-11.1,-6.1000000000000005,57.44285714285714,0.013,14.285714285714286,0.5957142857142858,1.4714285714285715,29.057142857142857,271.31428571428575,1022.4142857142856,52.17142857142857,25.52857142857143,0.1207883470704018
24.77142857142857,17.728571428571428,20.985714285714288,25.085714285714285,17.728571428571428,21.02857142857143,83.84285714285714,13.138000000000002,71.42857142857143,28.571428571428573,0.0,19.0,166.95714285714286,1014.6,72.74285714285715,11.914285714285716,-36.3360648044511
16.4,7.857142857142857,11.828571428571427,16.057142857142857,5.614285714285714,10.471428571428572,85.64285714285714,4.1530000000000005,85.71428571428571,29.762857142857143,0.0,22.842857142857145,134.0285714285714,1012.4571428571428,95.4,11.342857142857143,-39.78945226323549
27.1,17.12857142857143,21.97142857142857,27.542857142857144,17.12857142857143,22.1,67.15714285714286,2.2392857142857143,42.85714285714285,9.522857142857143,0.0,17.87142857142857,246.77142857142852,1016.7285714285716,35.04285714285714,15.685714285714283,87.19452852201675
12.614285714285714,4.614285714285714,8.742857142857144,11.771428571428572,1.2285714285714284,6.685714285714285,65.62857142857142,1.6412857142857145,28.571428571428573,13.094285714285714,0.0,27.3,190.7142857142857,1014.7142857142856,73.57142857142857,19.071428571428573,-2.974433872137752
21.842857142857145,12.214285714285714,17.042857142857144,21.65714285714285,12.142857142857142,16.985714285714288,70.28571428571429,2.2950000000000004,42.85714285714285,14.285714285714286,0.0,21.085714285714285,188.54285714285717,1014.2285714285716,51.057142857142864,14.671428571428573,54.87330981124524
22.928571428571427,14.614285714285714,18.714285714285715,22.928571428571427,14.614285714285714,18.714285714285715,77.71428571428571,6.862142857142857,57.142857142857146,12.498571428571427,0.0,21.15714285714285,131.9,1019.1857142857144,70.95714285714286,20.071428571428573,-17.20340649961736
12.05714285714286,5.785714285714286,8.814285714285715,11.257142857142856,2.6,6.771428571428571,75.01428571428572,5.6861428571428565,71.42857142857143,36.90571428571429,0.0,24.842857142857145,131.6,1011.2857142857144,77.44285714285715,14.171428571428573,45.74121087753724
16.214285714285715,4.6571428571428575,10.885714285714286,15.7,2.914285714285714,9.714285714285714,58.98571428571428,0.441,28.571428571428573,8.332857142857142,0.0,20.571428571428573,147.22857142857143,1018.9142857142856,54.642857142857146,15.514285714285714,1.367151190179584
0.9000000000000001,-6.771428571428571,-2.6142857142857143,-3.571428571428572,-11.37142857142857,-7.128571428571428,77.61428571428571,1.3027142857142855,85.71428571428571,14.287142857142856,11.914285714285713,24.485714285714284,213.02857142857144,1018.6428571428572,78.32857142857142,9.928571428571429,-18.399574328730974
23.414285714285715,12.614285714285714,17.942857142857143,23.785714285714285,12.514285714285714,17.97142857142857,67.71428571428571,0.6358571428571429,42.85714285714285,5.952857142857143,0.0,25.857142857142858,222.25714285714284,1017.3,63.7,18.842857142857145,-11.6418163123044
27.914285714285715,16.428571428571427,22.457142857142856,28.428571428571427,16.428571428571427,22.642857142857142,67.2,0.1427142857142857,14.285714285714286,1.19,0.0,19.014285714285712,163.32857142857142,1018.657142857143,27.27142857142857,16.585714285714285,-17.626643735811285
1.7714285714285711,-6.8,-2.3,-1.4857142857142858,-10.085714285714284,-5.842857142857143,78.14285714285714,0.1268571428571428,14.285714285714286,2.381428571428572,4.2,19.928571428571427,208.5,1020.8428571428572,41.32857142857142,13.142857142857142,52.989334362554246
23.77142857142857,10.714285714285714,17.32857142857143,23.585714285714285,10.485714285714286,17.271428571428572,48.85714285714285,1.687,42.85714285714285,7.144285714285715,0.0,23.442857142857143,206.64285714285717,1018.3285714285714,60.614285714285714,17.885714285714286,-28.44713438051508
1.1,-6.428571428571429,-2.5142857142857147,-2.7142857142857144,-8.957142857142857,-6.085714285714286,70.6,0.23,14.285714285714286,5.357142857142857,1.457142857142857,19.285714285714285,172.6142857142857,1022.4857142857144,56.98571428571428,14.771428571428572,105.43298191759868
16.6,3.642857142857143,9.428571428571429,16.185714285714287,1.157142857142857,8.1,64.97142857142856,1.442857142857143,42.85714285714285,14.88,0.0,27.5,171.58571428571426,1014.8,53.15714285714286,14.614285714285714,18.177173855496903
-1.4285714285714286,-7.6,-4.371428571428571,-5.971428571428572,-12.857142857142858,-9.585714285714284,75.5,0.0,0.0,0.0,5.45,22.65714285714285,193.8,1021.1714285714286,66.98571428571428,17.742857142857144,113.3242008706793
16.02857142857143,7.485714285714286,11.8,15.571428571428571,5.2,10.571428571428571,72.28571428571429,5.400571428571429,71.42857142857143,20.238571428571426,0.0,27.485714285714288,181.7428571428572,1019.6285714285714,71.41428571428571,16.32857142857143,-13.853235559043014
-1.4285714285714286,-9.985714285714286,-5.471428571428571,-5.142857142857143,-15.485714285714286,-10.328571428571427,73.72857142857143,1.210857142857143,57.142857142857146,13.69,17.885714285714286,20.314285714285717,232.9857142857143,1013.3285714285714,53.85714285714285,13.028571428571428,21.208131954752616
-6.314285714285715,-15.742857142857144,-11.114285714285714,-13.9,-25.6,-19.557142857142857,76.84285714285714,0.4218571428571429,28.571428571428573,4.167142857142857,8.528571428571428,31.15714285714285,237.62857142857143,1018.9142857142856,75.0,14.271428571428572,445.7484264506543
17.67142857142857,8.485714285714286,13.257142857142856,17.67142857142857,7.514285714285714,12.9,86.05714285714285,3.294,85.71428571428571,26.785714285714285,0.0,18.47142857142857,176.98571428571427,1020.1285714285714,77.31428571428572,13.228571428571428,-26.908940277978445
7.014285714285714,0.6714285714285715,3.8,5.942857142857143,-2.085714285714286,1.4285714285714286,84.82857142857142,2.7522857142857142,57.142857142857146,16.667142857142856,3.0,16.814285714285713,155.15714285714284,1019.2,58.1,12.271428571428572,-189.6886407124225
25.12857142857143,16.728571428571428,20.728571428571428,26.442857142857143,16.728571428571428,21.014285714285712,84.17142857142858,27.844142857142856,71.42857142857143,23.80857142857143,0.0,22.37142857142857,186.14285714285717,1019.4285714285714,67.48571428571428,9.457142857142856,-21.695914856180025
23.12857142857143,10.971428571428572,17.17142857142857,23.12857142857143,10.614285714285714,17.114285714285714,68.1,0.3491428571428571,42.85714285714285,7.142857142857143,0.0,20.542857142857144,198.92857142857144,1020.8857142857142,53.04285714285714,19.685714285714287,0.0363682524452997
22.714285714285715,8.857142857142858,15.7,22.714285714285715,8.857142857142858,15.7,76.48571428571428,0.0035714285714285,14.285714285714286,0.5957142857142858,0.0,10.971428571428572,102.12857142857142,1020.4,34.1,14.37142857142857,-47.88637330445749
11.44285714285714,4.342857142857143,8.285714285714286,10.457142857142856,1.0142857142857145,6.3,72.31428571428572,2.466571428571428,57.142857142857146,21.428571428571427,0.0,30.071428571428573,186.8857142857143,1019.0714285714286,75.25714285714287,15.228571428571428,-19.539924168485182
16.742857142857144,7.942857142857143,12.257142857142856,16.742857142857144,5.357142857142857,11.4,75.32857142857142,0.4167142857142857,28.571428571428573,5.357142857142857,0.0,27.185714285714287,226.7142857142857,1014.5285714285714,56.55714285714286,14.185714285714283,-36.19029338129553
3.028571428571429,-2.857142857142857,-0.0285714285714284,-0.157142857142857,-6.414285714285714,-3.3857142857142857,65.35714285714286,0.0191428571428571,14.285714285714286,0.5957142857142858,0.0,20.2,242.2428571428571,1021.5142857142856,71.92857142857143,14.828571428571427,-108.64742107754093
15.314285714285717,6.142857142857143,10.757142857142856,15.028571428571428,4.728571428571429,9.957142857142856,60.8,0.3111428571428571,42.85714285714285,6.548571428571429,0.0,22.285714285714285,150.65714285714284,1017.3571428571428,82.77142857142857,21.442857142857143,32.722730443117825
19.97142857142857,9.742857142857144,14.642857142857142,19.97142857142857,9.328571428571427,14.6,72.77142857142857,4.688285714285715,85.71428571428571,16.071428571428573,0.0,24.728571428571428,174.55714285714288,1014.8142857142856,51.65714285714286,15.114285714285714,63.80466871877866
26.74285714285714,14.671428571428573,21.0,26.642857142857142,14.671428571428573,21.0,62.58571428571429,0.0397142857142857,28.571428571428573,3.571428571428572,0.0,15.7,159.05714285714288,1018.4428571428572,37.642857142857146,15.3,22.509376276300145
20.957142857142856,11.814285714285717,16.457142857142856,20.957142857142856,11.628571428571428,16.442857142857143,75.38571428571427,10.954142857142855,71.42857142857143,29.167142857142856,0.0,17.47142857142857,217.14285714285717,1017.6857142857142,56.35714285714285,13.771428571428572,-15.96299077301046
1.3142857142857145,-3.4285714285714284,-0.8714285714285716,-1.8428571428571432,-9.071428571428571,-5.1571428571428575,80.54285714285713,1.969,71.42857142857143,14.881428571428572,3.92,25.957142857142856,201.18571428571428,1018.5571428571428,92.2,11.271428571428572,-15.654508709338188
11.2,6.271428571428571,8.385714285714286,10.585714285714284,3.471428571428571,6.471428571428571,81.84285714285714,5.930714285714286,85.71428571428571,30.357142857142858,0.0,25.61428571428572,202.65714285714287,1014.5857142857144,92.44285714285716,12.94285714285714,13.627686891975827
-5.014285714285714,-12.985714285714286,-8.785714285714286,-10.357142857142858,-17.814285714285713,-14.185714285714283,72.74285714285715,0.0881428571428571,14.285714285714286,2.381428571428572,5.8,22.714285714285715,190.4,1019.1857142857144,66.84285714285714,18.085714285714285,49.08535270441234
24.25714285714286,14.857142857142858,19.428571428571427,24.428571428571427,14.828571428571433,19.485714285714288,72.45714285714287,2.385857142857143,85.71428571428571,16.071428571428573,0.0,21.457142857142856,230.32857142857145,1012.4285714285714,71.62857142857142,16.014285714285712,4.029800074205241
2.8857142857142857,-5.014285714285714,-1.1142857142857143,-0.9571428571428572,-9.257142857142856,-5.485714285714286,73.77142857142857,0.7755714285714286,42.85714285714285,15.475714285714286,0.3285714285714285,28.82857142857143,245.04285714285717,1019.8571428571428,56.87142857142857,13.571428571428571,29.134564274464992
1.9857142857142855,-0.5142857142857143,0.3428571428571428,-2.1,-6.4,-4.857142857142857,75.34285714285714,3.3572857142857138,42.85714285714285,16.665714285714284,5.18,31.485714285714288,238.3571428571429,1012.1857142857144,95.88571428571429,15.228571428571428,31.502728013551177
-0.8428571428571429,-6.9,-3.3714285714285714,-3.985714285714285,-10.44285714285714,-7.1571428571428575,78.2,0.2962857142857142,42.85714285714285,9.522857142857143,3.5,20.314285714285717,205.0142857142857,1017.2285714285716,73.51428571428572,13.428571428571429,24.71270409065778
5.257142857142857,-1.3142857142857145,2.0142857142857142,1.7,-6.542857142857143,-2.242857142857143,77.12857142857142,0.7408571428571429,57.142857142857146,12.5,1.0,26.228571428571428,184.44285714285712,1013.8857142857142,91.54285714285712,13.842857142857143,-27.82926428905012
-13.814285714285717,-22.642857142857142,-18.085714285714285,-22.942857142857143,-33.728571428571435,-28.228571428571428,69.89999999999999,1.0632857142857142,28.571428571428573,9.522857142857143,15.657142857142857,29.6,233.0,1028.1285714285714,58.971428571428575,19.2,8.351955200460225
28.885714285714283,20.3,23.914285714285715,31.62857142857143,20.3,24.442857142857143,81.91428571428571,3.620428571428572,71.42857142857143,11.308571428571428,0.0,17.814285714285713,181.08571428571423,1018.7142857142856,56.971428571428575,11.842857142857143,-64.29461221140446
19.985714285714288,12.357142857142858,16.271428571428572,19.942857142857143,11.757142857142856,16.014285714285716,73.07142857142857,2.206285714285714,85.71428571428571,22.62,0.0,23.02857142857143,206.57142857142856,1021.3285714285714,87.28571428571429,15.271428571428572,14.88747370552528
21.27142857142857,11.685714285714283,16.357142857142858,21.571428571428573,10.457142857142856,15.857142857142858,67.52857142857142,5.698714285714286,71.42857142857143,16.665714285714284,0.0,27.142857142857142,241.22857142857143,1014.8857142857142,71.41428571428571,18.428571428571427,41.3886804627698
5.171428571428572,-1.8142857142857145,1.4857142857142858,3.9,-5.328571428571428,-1.3571428571428572,82.72857142857143,1.6465714285714286,42.85714285714285,14.287142857142856,1.3142857142857145,19.8,205.28571428571428,1016.6857142857144,73.92857142857143,12.285714285714286,-7.936731357071494
20.985714285714288,9.3,15.028571428571428,20.914285714285715,8.171428571428573,14.614285714285714,66.21428571428571,1.1978571428571427,42.85714285714285,7.738571428571428,0.0,25.557142857142857,115.9,1014.1428571428572,62.31428571428571,17.97142857142857,-11.94325401712058
2.7428571428571438,-4.614285714285715,-1.1,-0.4285714285714287,-10.228571428571428,-5.471428571428571,82.07142857142857,0.3809999999999999,71.42857142857143,9.525714285714288,7.575,22.67142857142857,142.04285714285714,1012.1142857142858,87.15714285714286,9.62857142857143,36.978257921046406
21.085714285714285,10.9,15.828571428571427,21.085714285714285,10.1,15.585714285714284,68.2,1.5732857142857142,42.85714285714285,10.714285714285714,0.0,23.857142857142858,170.72857142857143,1019.1,68.94285714285715,17.87142857142857,-42.2831484960484
24.5,13.471428571428572,18.9,24.685714285714287,13.471428571428572,18.928571428571427,68.3,0.818,42.85714285714285,4.762857142857143,0.0,19.82857142857143,236.0,1018.7714285714284,51.7,19.728571428571428,28.40023909906313
-2.657142857142857,-11.685714285714283,-7.085714285714286,-8.442857142857143,-18.342857142857145,-13.6,64.84285714285714,0.1032857142857142,42.85714285714285,3.571428571428572,2.5285714285714285,28.785714285714285,230.05714285714288,1024.1,61.3,17.3,-53.03501682122646
26.814285714285717,17.885714285714286,22.37142857142857,27.928571428571427,17.885714285714286,22.928571428571427,69.85714285714286,1.2145714285714284,71.42857142857143,14.285714285714286,0.0,17.5,134.7,1013.0857142857144,64.12857142857142,15.114285714285714,3.791808434312543
22.542857142857144,13.228571428571428,17.985714285714288,22.542857142857144,12.928571428571429,17.928571428571427,70.81428571428572,2.9570000000000003,42.85714285714285,10.714285714285714,0.0,13.671428571428573,252.4142857142857,1018.4428571428572,56.84285714285714,15.37142857142857,31.89234704866953
0.1142857142857142,-5.6571428571428575,-2.5,-1.957142857142857,-9.528571428571428,-6.0,79.14285714285714,1.1528571428571428,57.142857142857146,27.38142857142857,12.742857142857144,18.77142857142857,207.0142857142857,1012.8285714285714,90.0,10.585714285714284,5.603134227108967
3.414285714285714,-1.8142857142857145,0.7142857142857143,1.3,-6.371428571428572,-2.6,83.41428571428571,2.2015714285714285,57.142857142857146,16.667142857142856,0.0,24.885714285714283,184.8857142857143,1016.8857142857142,73.34285714285714,13.114285714285714,-381.9512403488793
28.914285714285715,19.714285714285715,24.1,29.97142857142857,19.714285714285715,24.47142857142857,72.48571428571428,3.158142857142857,42.85714285714285,12.5,0.0,20.37142857142857,230.0142857142857,1012.8285714285714,57.17142857142857,15.242857142857144,-57.88217883790958
29.714285714285715,18.885714285714283,24.7,30.785714285714285,18.885714285714283,25.142857142857142,65.05714285714285,0.0864285714285714,14.285714285714286,1.19,0.0,19.5,222.15714285714284,1020.2285714285716,16.97142857142857,14.3,-41.05946680053944
9.6,3.5,6.085714285714286,8.142857142857142,0.7142857142857143,3.4857142857142853,83.71428571428571,5.090571428571429,100.0,29.16714285714286,1.9285714285714288,29.1,206.02857142857144,1010.4714285714286,87.21428571428571,11.014285714285714,57.88266995345816
-1.0,-6.685714285714285,-3.571428571428572,-3.814285714285714,-10.585714285714284,-7.328571428571428,76.92857142857143,0.0,0.0,0.0,0.0714285714285714,19.928571428571427,190.72857142857143,1023.8571428571428,69.94285714285715,13.585714285714284,47.35014434538721
14.142857142857142,1.542857142857143,7.514285714285714,14.142857142857142,-1.9,5.357142857142857,45.67142857142858,0.8421428571428571,14.285714285714286,4.761428571428572,0.0,27.6,136.14285714285714,1018.3,49.2,22.47142857142857,49.99296702799984
9.714285714285714,1.0857142857142856,5.2,8.742857142857144,-1.6,3.2285714285714286,74.72857142857143,0.1252857142857142,28.571428571428573,3.571428571428572,0.0,19.74285714285714,245.04285714285717,1018.9571428571428,50.75714285714286,15.571428571428571,-84.73537722116635
17.7,9.37142857142857,13.6,17.7,8.757142857142856,13.257142857142856,85.42857142857143,3.0585714285714287,85.71428571428571,26.18857142857143,0.0,20.842857142857145,171.78571428571428,1010.2285714285716,78.8,12.257142857142856,38.56516673869464
29.47142857142857,19.728571428571428,24.228571428571428,30.485714285714288,19.728571428571428,24.62857142857143,69.7,7.094,85.71428571428571,14.881428571428572,0.0,17.842857142857145,179.22857142857143,1015.3142857142856,75.31428571428572,14.957142857142856,20.46516376533441
7.557142857142857,-3.771428571428572,1.7571428571428571,5.157142857142857,-8.457142857142857,-2.257142857142857,57.84285714285714,0.0315714285714285,14.285714285714286,0.5957142857142858,0.0,28.2,231.18571428571428,1019.842857142857,33.871428571428574,21.428571428571427,92.71622528151124
-3.028571428571429,-10.9,-6.785714285714286,-8.942857142857143,-17.6,-13.214285714285714,72.84285714285714,0.7131428571428572,42.85714285714285,10.12,11.171428571428573,28.02857142857143,241.9857142857143,1021.9714285714286,59.285714285714285,17.67142857142857,77.33881502205463
15.685714285714283,5.585714285714286,10.985714285714286,15.685714285714283,3.5142857142857147,10.171428571428573,57.62857142857143,1.4361428571428572,57.142857142857146,19.047142857142852,0.0,25.542857142857144,122.68571428571428,1005.7857142857144,56.34285714285714,14.042857142857144,-14.090965750221812
-4.385714285714286,-10.342857142857143,-7.1000000000000005,-6.428571428571429,-14.614285714285716,-10.985714285714286,79.8,0.0668571428571428,42.85714285714285,4.761428571428572,0.4142857142857143,17.7,253.8428571428572,1015.9714285714286,85.84285714285714,10.928571428571429,-19.734601680128208
5.114285714285714,-2.571428571428572,1.3714285714285714,1.3857142857142857,-7.6571428571428575,-3.142857142857143,67.7,2.276,100.0,14.882857142857144,0.0,27.97142857142857,241.6,1016.5714285714286,68.02857142857142,16.657142857142855,2.096276480333927
2.957142857142857,-2.7142857142857144,0.2285714285714284,0.5857142857142856,-6.671428571428572,-3.185714285714286,80.18571428571428,1.3745714285714286,42.85714285714285,17.26142857142857,0.1714285714285714,24.24285714285714,219.22857142857143,1013.5142857142856,72.82857142857142,12.62857142857143,5.739601508544638
23.085714285714285,9.971428571428572,16.614285714285714,22.9,9.042857142857144,16.442857142857143,65.37142857142858,0.3132857142857143,14.285714285714286,3.571428571428572,0.0,22.6,281.2714285714286,1019.0285714285714,33.41428571428572,16.17142857142857,-32.536759732896826
5.214285714285714,-0.7857142857142857,2.642857142857143,2.4285714285714284,-5.314285714285715,-1.2,85.18571428571428,1.1905714285714286,57.142857142857146,2.9771428571428573,0.0,24.25714285714286,227.5,1011.1285714285714,93.1,9.785714285714286,-42.51060802206348
-2.757142857142857,-10.942857142857145,-6.985714285714286,-7.985714285714286,-16.97142857142857,-12.957142857142856,69.81428571428572,0.576,42.85714285714285,8.334285714285715,2.0,23.6,248.9857142857143,1020.8857142857142,58.25714285714286,16.47142857142857,6.020535367524872
5.457142857142857,-2.342857142857143,1.1142857142857143,2.528571428571429,-7.928571428571429,-3.2285714285714286,66.57142857142857,1.2202857142857142,28.571428571428573,5.357142857142857,0.0,26.857142857142858,184.92857142857144,1021.9857142857144,53.08571428571429,17.742857142857144,-55.82397999062596
10.44285714285714,0.2285714285714286,5.485714285714286,8.1,-3.5285714285714285,2.7142857142857144,63.614285714285714,0.7447142857142858,57.142857142857146,11.904285714285717,0.0571428571428571,24.6,184.17142857142855,1018.9571428571428,53.25714285714285,14.114285714285714,35.42455221337741
26.342857142857145,17.2,22.057142857142857,27.1,17.2,22.12857142857143,73.15714285714286,1.3545714285714288,42.85714285714285,10.118571428571428,0.0,19.74285714285714,169.1,1015.9285714285714,60.17142857142857,14.828571428571427,50.65649795891568
28.27142857142857,16.771428571428572,23.057142857142857,28.642857142857142,16.771428571428572,23.24285714285714,67.17142857142856,0.0,0.0,0.0,0.0,16.12857142857143,191.07142857142856,1022.7142857142856,23.928571428571427,14.757142857142856,-3.0049494086945288
11.857142857142858,4.4,8.028571428571428,11.3,1.385714285714286,6.142857142857143,76.38571428571429,6.405714285714287,100.0,26.19142857142857,0.0285714285714285,20.342857142857145,114.35714285714286,1018.4142857142856,73.32857142857142,12.87142857142857,-5.365102022140036
8.285714285714286,1.542857142857143,4.8,5.7,-2.271428571428572,1.2428571428571429,64.54285714285714,1.6577142857142857,57.142857142857146,13.69,0.0571428571428571,24.82857142857143,209.17142857142855,1016.8142857142856,61.471428571428575,14.414285714285716,-53.688680229349984
26.314285714285717,16.757142857142856,21.685714285714287,27.77142857142857,16.757142857142856,22.071428571428573,70.11428571428571,4.993571428571428,57.142857142857146,16.071428571428573,0.0,23.014285714285712,237.4857142857143,1013.3857142857142,59.18571428571429,17.857142857142858,-35.140634359786645
9.1,2.9857142857142853,6.042857142857143,7.785714285714286,0.0142857142857143,3.8857142857142857,84.38571428571429,1.5948571428571428,71.42857142857143,16.667142857142856,0.0,21.75714285714286,201.6142857142857,1017.4428571428572,84.77142857142857,14.085714285714284,-52.06979039991097
25.17142857142857,15.085714285714287,19.985714285714288,25.557142857142857,15.085714285714287,20.014285714285712,66.85714285714286,2.6887142857142856,57.142857142857146,11.905714285714286,0.0,18.27142857142857,177.52857142857144,1015.6142857142858,66.45714285714287,15.87142857142857,-45.3711530516573
11.44285714285714,4.957142857142857,8.357142857142858,11.1,2.8285714285714287,6.785714285714286,82.68571428571428,3.370857142857143,57.142857142857146,17.857142857142858,3.0,21.642857142857142,163.9,1016.657142857143,86.21428571428571,12.5,-25.98693076835707
-5.3,-12.528571428571428,-8.485714285714286,-11.328571428571427,-21.82857142857143,-16.25714285714286,66.28571428571429,0.149,57.142857142857146,5.954285714285716,8.342857142857143,31.12857142857143,274.12857142857143,1011.842857142857,66.77142857142857,17.428571428571427,-27.7437216100368
11.257142857142856,1.7285714285714289,6.342857142857143,9.657142857142857,-0.3999999999999999,4.285714285714286,65.54285714285714,1.2505714285714284,28.571428571428573,2.9771428571428578,0.0,28.11428571428572,227.8857142857143,1010.9285714285714,44.15714285714286,14.857142857142858,21.53599002982901
16.342857142857145,7.542857142857143,11.542857142857144,16.342857142857145,6.857142857142857,10.828571428571427,72.11428571428571,4.682571428571428,85.71428571428571,26.787142857142857,0.0,26.65714285714285,191.2,1007.5285714285714,79.37142857142858,14.542857142857144,-58.04101038685599
-3.4714285714285715,-8.671428571428573,-6.085714285714286,-6.642857142857143,-14.285714285714286,-11.271428571428572,81.08571428571429,0.2935714285714285,57.142857142857146,15.477142857142857,8.028571428571428,22.15714285714285,228.7428571428572,1011.0428571428572,80.28571428571429,10.957142857142856,-51.62276700725852
21.3,8.6,14.771428571428572,21.3,7.928571428571429,14.585714285714284,75.17142857142858,1.2864285714285713,28.571428571428573,11.308571428571428,0.0,18.2,197.3,1021.1857142857144,38.07142857142857,14.142857142857142,4.157834508141605
26.357142857142858,11.971428571428572,19.385714285714283,26.014285714285712,11.971428571428572,19.314285714285717,60.785714285714285,0.0227142857142857,28.571428571428573,1.1914285714285715,0.0,12.785714285714286,282.8285714285714,1016.9285714285714,23.8,15.2,-16.405484839116525
22.842857142857145,13.94285714285714,18.3,22.842857142857145,13.94285714285714,18.3,75.51428571428572,0.992285714285714,71.42857142857143,14.881428571428572,0.0,14.9,176.08571428571432,1020.9428571428572,55.68571428571429,14.071428571428571,-12.23948946074688
-3.3428571428571425,-10.228571428571428,-6.485714285714287,-6.771428571428571,-16.95714285714286,-12.12857142857143,69.85714285714286,0.3535714285714286,42.85714285714285,7.142857142857143,7.5,24.61428571428572,246.9857142857143,1021.2142857142856,71.37142857142858,13.87142857142857,17.987678630492155
10.714285714285714,-0.9285714285714288,4.885714285714286,10.014285714285714,-2.2142857142857144,3.7714285714285714,70.51428571428572,0.7284285714285714,42.85714285714285,6.548571428571429,1.0714285714285714,18.47142857142857,182.22857142857143,1015.5571428571428,46.84285714285714,12.657142857142857,-48.72961544946202
20.342857142857145,11.485714285714286,15.957142857142856,20.342857142857145,11.271428571428572,15.928571428571429,78.01428571428572,5.143571428571429,42.85714285714285,17.857142857142858,0.0,17.242857142857144,163.28571428571428,1016.3285714285714,55.52857142857143,13.94285714285714,34.293800646533555
30.02857142857143,18.857142857142858,24.47142857142857,30.257142857142856,18.857142857142858,24.6,61.54285714285714,1.0387142857142857,42.85714285714285,5.952857142857143,0.0,23.071428571428573,183.64285714285717,1012.4857142857144,33.785714285714285,15.514285714285714,21.29510844187803
20.585714285714285,9.042857142857144,15.0,20.585714285714285,7.428571428571429,14.542857142857144,72.54285714285714,1.885857142857143,71.42857142857143,16.665714285714284,0.0,27.12857142857143,235.32857142857145,1013.2714285714284,52.35714285714285,18.728571428571428,19.17206269638018
29.62857142857143,16.742857142857144,22.928571428571427,29.2,16.742857142857144,22.82857142857143,61.95714285714286,1.1784285714285716,42.85714285714285,9.524285714285714,0.0,19.11428571428572,253.4,1017.5285714285714,24.528571428571432,14.385714285714286,-79.61653097932958
15.842857142857143,3.271428571428572,9.842857142857143,15.842857142857143,1.042857142857143,8.842857142857143,51.271428571428565,0.4037142857142857,14.285714285714286,2.381428571428572,0.0,20.77142857142857,177.9857142857143,1012.9428571428572,32.885714285714286,15.971428571428572,31.02713817299491
13.685714285714283,2.5571428571428574,7.971428571428571,13.185714285714283,-0.2857142857142856,6.514285714285714,65.67142857142856,0.3088571428571428,28.571428571428573,2.38,0.0,24.77142857142857,231.62857142857143,1023.0714285714286,35.75714285714285,14.8,-47.68123371418369
17.67142857142857,7.414285714285714,12.828571428571427,17.271428571428572,5.871428571428571,12.085714285714287,63.142857142857146,6.090857142857142,42.85714285714285,26.19142857142857,0.0,21.571428571428573,187.3857142857143,1008.5857142857144,50.25714285714286,14.957142857142856,-17.459195687734564
-4.971428571428572,-13.957142857142856,-9.171428571428573,-10.12857142857143,-19.1,-14.828571428571433,75.28571428571429,0.5375714285714286,42.85714285714285,12.5,21.6,21.27142857142857,255.8857142857143,1010.6428571428572,70.75714285714285,11.271428571428572,-20.1161304628356
22.042857142857144,11.685714285714283,16.942857142857143,22.042857142857144,11.685714285714283,16.942857142857143,81.18571428571428,1.589142857142857,42.85714285714285,7.738571428571428,0.0,17.95714285714286,171.27142857142857,1019.157142857143,54.01428571428572,12.9,-11.67400481476011
12.514285714285714,4.442857142857142,8.414285714285715,11.27142857142857,1.4142857142857144,6.328571428571429,62.42857142857143,0.6817142857142857,28.571428571428573,4.762857142857143,0.0,26.62857142857143,255.3571428571429,1021.6857142857144,74.41428571428571,23.62857142857143,86.44191659386638
8.371428571428572,-1.1142857142857143,3.585714285714286,6.828571428571428,-2.3428571428571425,1.9285714285714288,68.94285714285715,0.0167142857142857,28.571428571428573,1.1914285714285715,0.0,17.52857142857143,219.87142857142857,1018.0571428571428,52.22857142857144,15.4,-30.70423915147262
1.957142857142857,-8.428571428571429,-3.0428571428571423,-0.585714285714286,-13.285714285714286,-6.671428571428572,60.4,0.0,0.0,0.0,0.0,22.15714285714285,133.04285714285714,1024.1857142857143,40.05714285714286,15.785714285714286,-19.50132468090419
12.4,0.942857142857143,6.385714285714286,11.971428571428572,-1.6142857142857143,4.414285714285714,72.05714285714285,0.5672857142857143,42.85714285714285,9.524285714285714,21.0,25.32857142857143,173.81428571428572,1014.7714285714284,62.371428571428574,15.242857142857144,-88.72589817234189
11.314285714285717,4.8,8.385714285714286,10.614285714285714,2.314285714285714,7.1000000000000005,80.12857142857142,3.656,57.142857142857146,19.642857142857142,0.0,21.5,169.74285714285716,1013.5571428571428,69.04285714285714,11.585714285714284,-23.922378267513977
27.75714285714286,19.12857142857143,23.02857142857143,28.942857142857143,19.12857142857143,23.342857142857145,72.65714285714286,0.6645714285714286,28.571428571428573,4.167142857142857,0.0,19.52857142857143,203.3857142857143,1016.1142857142858,78.48571428571428,13.685714285714283,74.34163327692568
13.685714285714283,3.4857142857142853,8.642857142857142,13.085714285714284,1.4714285714285713,7.1571428571428575,67.87142857142858,6.445714285714286,71.42857142857143,26.19,0.0,23.014285714285712,208.44285714285712,1022.2571428571428,55.21428571428572,14.285714285714286,62.29961925444445
21.25714285714286,10.814285714285717,16.357142857142858,21.25714285714286,10.514285714285716,16.3,61.42857142857143,0.4384285714285714,42.85714285714285,6.548571428571429,0.0,27.65714285714285,205.5285714285714,1007.9,73.11428571428571,21.514285714285712,66.96577951608606
2.457142857142857,0.4142857142857142,1.457142857142857,0.6714285714285715,-3.614285714285714,-1.8142857142857145,87.12857142857142,3.450714285714286,71.42857142857143,29.16714285714286,0.6142857142857142,19.514285714285712,170.29999999999998,1005.8142857142856,92.91428571428573,10.128571428571428,-8.398777422918101
-3.557142857142857,-12.3,-8.1,-7.471428571428571,-18.685714285714287,-14.185714285714283,72.97142857142858,0.8347142857142857,85.71428571428571,19.641428571428573,15.071428571428571,24.6,239.02857142857144,1016.0571428571428,66.37142857142858,12.3,-49.064728153178976
26.142857142857142,17.271428571428572,21.857142857142858,26.814285714285717,17.271428571428572,22.071428571428573,71.02857142857144,2.208857142857142,71.42857142857143,9.524285714285714,0.0,21.714285714285715,243.2571428571429,1014.5571428571428,49.92857142857143,15.05714285714286,13.922077946373292
7.1571428571428575,1.1428571428571428,4.142857142857143,4.442857142857142,-2.357142857142857,0.8714285714285713,86.51428571428572,0.2278571428571428,42.85714285714285,5.951428571428571,1.9,23.15714285714285,222.0142857142857,1021.7142857142856,89.51428571428572,8.114285714285714,28.03410220480964
25.37142857142857,10.114285714285714,17.342857142857145,25.228571428571428,9.828571428571427,17.285714285714285,71.41428571428573,0.0542857142857142,57.142857142857146,2.382857142857143,0.0,15.271428571428572,137.5142857142857,1025.142857142857,8.457142857142857,14.857142857142858,2.1390982041441475
0.5571428571428572,-4.228571428571429,-1.7714285714285711,-3.4,-10.685714285714283,-7.3428571428571425,73.14285714285714,0.7697142857142857,100.0,20.83428571428572,3.7285714285714286,28.6,268.7714285714286,1015.8142857142856,69.9,13.885714285714286,17.308228498182643
21.957142857142856,15.0,18.52857142857143,21.97142857142857,15.0,18.52857142857143,71.91428571428571,0.7792857142857142,71.42857142857143,16.667142857142856,0.0,22.25714285714286,266.25714285714287,1007.3571428571428,74.24285714285715,15.285714285714286,-4.590273637868449
7.514285714285714,1.3142857142857145,4.342857142857143,4.914285714285714,-3.314285714285714,0.8714285714285713,75.02857142857144,2.968571428571429,71.42857142857143,32.142857142857146,1.5285714285714285,29.214285714285715,178.18571428571428,1012.6428571428572,89.88571428571429,14.3,58.15227295540262
24.571428571428573,12.514285714285714,18.728571428571428,24.571428571428573,12.314285714285717,18.685714285714287,63.32857142857143,4.473428571428571,42.85714285714285,11.31,0.0,27.32857142857143,182.05714285714288,1010.2285714285716,64.82857142857144,19.057142857142857,-18.52821786941513
11.157142857142857,1.1428571428571428,5.742857142857143,9.814285714285717,-2.042857142857143,3.3714285714285714,64.42857142857143,1.0962857142857143,14.285714285714286,4.761428571428572,0.0,24.814285714285717,261.85714285714283,1017.9285714285714,39.94285714285714,14.257142857142856,-6.120519431355433
12.014285714285714,5.857142857142857,9.271428571428572,11.314285714285717,3.5285714285714285,7.528571428571429,79.11428571428571,4.291857142857142,57.142857142857146,23.212857142857143,0.0,28.814285714285717,168.4,1012.8857142857142,71.67142857142856,13.957142857142856,-51.43519649999348
26.0,13.957142857142856,20.142857142857142,25.7,13.957142857142856,20.1,64.05714285714285,0.0415714285714285,14.285714285714286,1.7857142857142858,0.0,19.428571428571427,181.7428571428572,1015.6714285714286,39.41428571428571,17.157142857142855,4.350338991778244
18.242857142857144,5.914285714285714,12.071428571428571,18.242857142857144,4.6000000000000005,11.55714285714286,56.91428571428571,0.0351428571428571,14.285714285714286,1.19,0.0,20.47142857142857,197.28571428571428,1017.2285714285716,44.57142857142857,18.814285714285717,44.27212146127408
17.142857142857142,8.128571428571428,12.542857142857144,17.142857142857142,7.3428571428571425,12.342857142857143,75.74285714285715,2.482,57.142857142857146,17.26142857142857,0.0,21.47142857142857,214.15714285714284,1017.1,63.81428571428571,22.685714285714287,-1.3184400298648598
0.9142857142857144,-4.9,-1.9285714285714288,-3.028571428571429,-9.814285714285711,-6.471428571428571,76.91428571428571,1.8072857142857144,71.42857142857143,20.237142857142857,2.042857142857143,23.5,216.87142857142857,1010.157142857143,82.75714285714285,12.0,-32.20982647340952
11.4,2.271428571428572,6.714285714285714,11.05714285714286,-0.5857142857142856,4.914285714285714,74.72857142857143,3.3852857142857142,71.42857142857143,17.857142857142858,3.0,25.15714285714285,206.58571428571423,1018.1428571428572,61.12857142857143,12.828571428571427,150.725041065185
6.471428571428571,2.257142857142857,4.614285714285714,4.585714285714286,-1.157142857142857,2.0571428571428574,76.04285714285713,2.7108571428571437,85.71428571428571,31.547142857142852,0.0,20.571428571428573,216.58571428571423,1012.8142857142856,89.05714285714285,13.742857142857144,-13.897045146436312
25.74285714285714,13.885714285714286,20.228571428571428,25.82857142857143,13.885714285714286,20.25714285714286,59.3,1.141,42.85714285714285,5.951428571428571,0.0,22.457142857142856,270.88571428571424,1015.0,40.9,15.6,27.180259857615965
21.38571428571429,10.87142857142857,15.971428571428572,21.38571428571429,10.657142857142857,15.914285714285716,67.48571428571428,2.7278571428571428,57.142857142857146,14.881428571428572,0.0,22.685714285714287,156.15714285714284,1012.5714285714286,43.957142857142856,14.885714285714286,33.38034842942443
24.7,13.328571428571427,18.62857142857143,25.014285714285712,12.714285714285714,18.5,69.92857142857143,0.3275714285714285,28.571428571428573,4.1657142857142855,0.0,19.957142857142856,162.47142857142856,1021.2285714285716,30.857142857142858,12.671428571428573,0.3041936372083
15.357142857142858,6.842857142857143,10.8,15.357142857142858,4.114285714285714,9.6,77.25714285714285,4.350857142857143,71.42857142857143,22.02285714285714,0.0,27.842857142857145,216.2428571428572,1011.6,75.18571428571428,17.1,-10.111110947646694
20.65714285714285,8.942857142857143,14.7,20.385714285714283,7.857142857142857,13.985714285714286,55.32857142857143,5.297571428571429,57.142857142857146,20.83285714285714,0.0571428571428571,27.914285714285715,258.1,1016.1,47.02857142857143,15.342857142857143,42.73062946339337
-5.328571428571428,-9.1,-7.114285714285715,-9.671428571428573,-15.285714285714286,-12.685714285714283,79.18571428571428,0.6025714285714285,28.571428571428573,10.118571428571428,4.042857142857143,20.642857142857142,301.5571428571429,1019.1142857142858,83.77142857142857,12.571428571428571,42.292455903578
17.657142857142855,9.4,13.6,17.657142857142855,8.714285714285714,13.457142857142856,68.68571428571428,2.713,57.142857142857146,14.88,0.0,23.61428571428572,209.3,1008.5857142857144,72.87142857142858,17.157142857142855,-9.560807363566482
28.342857142857145,17.857142857142858,23.25714285714286,29.214285714285715,17.857142857142858,23.557142857142857,68.65714285714286,0.3924285714285714,71.42857142857143,6.547142857142857,0.0,16.914285714285715,155.91428571428574,1016.9428571428572,42.75714285714286,13.614285714285714,-7.000363540532817
17.942857142857143,5.971428571428571,11.571428571428571,17.942857142857143,4.5285714285714285,11.157142857142857,74.8,0.0425714285714285,14.285714285714286,1.19,0.0,17.271428571428572,187.5,1025.2857142857142,50.17142857142857,13.671428571428573,34.2551733678024
27.9,18.47142857142857,23.157142857142865,28.514285714285712,18.47142857142857,23.3,66.65714285714286,0.575857142857143,28.571428571428573,4.761428571428572,0.0,17.785714285714285,168.4857142857143,1014.8285714285714,63.9,14.271428571428572,113.9285196786343
16.54285714285714,6.814285714285715,11.9,16.114285714285714,4.742857142857143,10.87142857142857,70.32857142857144,3.848857142857143,57.142857142857146,20.83285714285714,0.0,24.7,211.87142857142857,1018.2571428571428,70.47142857142858,19.87142857142857,0.1134658955586473
-6.714285714285714,-15.8,-11.142857142857142,-12.685714285714283,-24.24285714285714,-18.32857142857143,67.18571428571428,0.1224285714285714,28.571428571428573,4.1657142857142855,3.6857142857142855,25.228571428571428,228.34285714285716,1028.142857142857,42.4,15.9,59.150639322625466
13.771428571428572,5.5,9.542857142857144,13.771428571428572,3.471428571428571,8.185714285714285,74.31428571428572,0.1035714285714285,28.571428571428573,1.7857142857142858,0.0,25.02857142857143,194.07142857142856,1021.6,66.0142857142857,17.928571428571427,10.105878549668205
19.042857142857144,7.442857142857143,13.085714285714284,19.042857142857144,6.757142857142857,12.814285714285717,70.17142857142856,6.708,28.571428571428573,16.665714285714284,0.0,24.728571428571428,216.05714285714288,1019.9,39.271428571428565,14.685714285714283,58.965290809743465
7.285714285714286,-0.142857142857143,3.8285714285714287,5.128571428571428,-3.071428571428572,0.757142857142857,80.94285714285715,2.846142857142857,42.85714285714285,16.665714285714284,1.1428571428571428,26.257142857142856,226.6,1013.6285714285714,70.88571428571429,12.171428571428573,-15.306629002253658
10.171428571428573,0.2571428571428571,4.714285714285714,8.785714285714286,-2.8428571428571425,1.8142857142857145,67.98571428571428,0.4531428571428572,28.571428571428573,8.332857142857142,0.0,25.357142857142858,192.04285714285717,1010.8714285714286,65.82857142857144,20.77142857142857,39.99030975364212
1.2285714285714289,-5.228571428571429,-1.942857142857143,-3.2285714285714286,-10.94285714285714,-7.3,68.8,0.9164285714285716,71.42857142857143,8.334285714285715,1.0,27.74285714285714,225.7571428571429,1019.3714285714286,85.62857142857142,16.67142857142857,-37.26217152754589
26.842857142857145,16.885714285714286,22.1,27.02857142857143,16.885714285714286,22.17142857142857,64.05714285714285,0.0,0.0,0.0,0.0,17.24285714285714,128.17142857142858,1018.9571428571428,44.87142857142857,15.457142857142856,-68.55725805962425
17.314285714285713,7.442857142857143,12.557142857142855,15.7,4.557142857142857,10.614285714285714,64.25714285714285,1.419857142857143,42.85714285714285,13.095714285714283,0.0,32.94285714285714,179.04285714285714,1016.5285714285714,70.9,19.357142857142858,88.20937952864415
3.7285714285714286,-5.0,-0.7142857142857143,1.3000000000000005,-8.357142857142858,-3.7,73.25714285714285,0.0708571428571428,14.285714285714286,1.7857142857142858,0.0714285714285714,19.5,246.3857142857143,1021.9714285714286,41.5,14.05714285714286,11.660496322714607
22.442857142857143,12.814285714285717,17.62857142857143,22.571428571428573,12.814285714285717,17.642857142857142,77.38571428571429,0.7808571428571429,42.85714285714285,8.334285714285715,0.0,16.128571428571426,181.0142857142857,1021.7571428571428,73.42857142857143,17.4,-120.00120627231628
3.757142857142857,-4.628571428571428,-0.9714285714285716,1.6428571428571428,-9.5,-5.371428571428572,75.22857142857143,3.991571428571429,71.42857142857143,18.452857142857145,2.2142857142857144,25.97142857142857,209.9142857142857,1013.842857142857,76.5,12.642857142857142,39.31020350124072
28.228571428571428,16.714285714285715,22.642857142857142,28.914285714285715,16.714285714285715,22.857142857142858,64.14285714285714,0.0548571428571428,14.285714285714286,1.7857142857142858,0.0,16.114285714285714,143.21428571428572,1014.4857142857144,37.65714285714286,15.471428571428572,-132.16967690517276
8.714285714285714,2.7,5.914285714285716,6.885714285714286,-0.3999999999999999,3.1714285714285717,76.08571428571429,2.1795714285714287,100.0,17.26142857142857,0.0,26.97142857142857,181.14285714285717,1009.5,89.92857142857143,15.342857142857143,-36.30364991817714
12.571428571428571,5.357142857142857,8.785714285714286,11.642857142857142,1.5571428571428572,6.628571428571428,71.35714285714286,2.405571428571428,57.142857142857146,17.855714285714285,0.0,33.91428571428572,152.8714285714286,1016.1857142857144,75.75714285714285,16.157142857142855,-51.276042307663374
19.37142857142857,6.942857142857143,13.414285714285716,19.37142857142857,5.285714285714286,12.857142857142858,63.67142857142857,0.3551428571428571,14.285714285714286,1.7857142857142858,0.0,23.457142857142856,146.05714285714288,1018.1857142857144,49.642857142857146,26.071428571428573,-22.43312637765962
20.685714285714287,11.814285714285717,16.157142857142855,20.685714285714287,11.157142857142857,16.0,73.02857142857144,2.398,57.142857142857146,12.498571428571427,0.0,22.77142857142857,247.4142857142857,1012.7142857142856,51.24285714285714,17.357142857142858,-20.624331028062443
-0.5285714285714286,-5.114285714285714,-2.9,-4.9,-11.114285714285714,-8.042857142857143,82.85714285714286,2.504714285714286,57.142857142857146,29.16714285714286,14.842857142857143,22.728571428571428,259.5285714285714,1015.0571428571428,83.81428571428572,13.05714285714286,69.16213857939101
26.485714285714288,15.857142857142858,21.428571428571427,26.685714285714287,15.857142857142858,21.457142857142856,68.57142857142857,0.5638571428571428,57.142857142857146,6.548571428571429,0.0,17.114285714285714,207.2,1014.8571428571428,37.17142857142857,14.514285714285714,-31.116646185213767
27.7,18.142857142857142,22.885714285714283,28.74285714285714,18.142857142857142,23.085714285714285,69.21428571428571,10.188142857142855,71.42857142857143,21.43,0.0,20.857142857142858,131.22857142857143,1014.0142857142856,66.24285714285715,15.557142857142855,-44.33866511006772
-0.9,-8.328571428571427,-4.342857142857143,-5.428571428571429,-14.585714285714284,-9.37142857142857,71.65714285714286,0.2384285714285714,57.142857142857146,7.142857142857143,1.35,24.17142857142857,273.62857142857143,1015.3571428571428,68.35714285714286,17.400000000000002,109.29724727318398
7.257142857142857,-0.7285714285714285,3.085714285714286,5.357142857142857,-5.3,-0.3142857142857141,63.9,3.0435714285714286,42.85714285714285,18.45142857142857,0.5285714285714286,25.0,217.54285714285717,1020.1714285714286,61.84285714285714,14.757142857142856,-38.67890388641172
18.585714285714285,8.571428571428571,13.928571428571429,18.585714285714285,7.557142857142857,13.528571428571428,67.04285714285713,0.9102857142857144,28.571428571428573,5.951428571428571,0.0,22.61428571428572,95.95714285714284,1022.3142857142856,43.4,14.857142857142858,19.089323812176417
0.6,-6.085714285714286,-2.7,-3.085714285714286,-11.257142857142856,-7.257142857142857,79.58571428571429,0.156,28.571428571428573,5.357142857142857,6.9,24.04285714285714,257.95714285714286,1013.657142857143,70.58571428571429,14.228571428571428,-61.84101225005588
16.17142857142857,2.5285714285714285,8.871428571428572,16.17142857142857,1.8571428571428568,8.6,62.114285714285714,0.1431428571428571,14.285714285714286,1.19,0.0,16.357142857142858,231.0,1025.9571428571428,35.3,15.142857142857142,-15.719930249861818
-2.442857142857143,-10.242857142857144,-5.9,-7.757142857142857,-16.842857142857145,-11.571428571428571,61.15714285714286,0.2805714285714286,42.85714285714285,4.762857142857143,3.9,26.042857142857144,182.7,1020.5571428571428,54.84285714285715,17.985714285714288,1.1789421192033842
22.7,14.7,18.6,22.814285714285717,14.471428571428572,18.61428571428572,78.94285714285715,0.2008571428571428,57.142857142857146,5.954285714285715,0.0,17.942857142857143,240.55714285714288,1016.6857142857144,68.8,14.528571428571428,-52.48739410524922
27.61428571428572,15.814285714285711,21.814285714285717,28.857142857142858,15.642857142857142,22.142857142857142,70.95714285714286,0.3357142857142857,42.85714285714285,2.381428571428572,0.0,19.371428571428574,166.41428571428574,1019.2857142857144,45.04285714285714,16.714285714285715,-83.7456067202836
5.414285714285714,-0.4285714285714285,2.3285714285714283,2.8857142857142857,-3.3,-0.3142857142857142,77.39999999999999,1.4760000000000002,42.85714285714285,12.5,0.3999999999999999,20.814285714285717,223.37142857142857,1023.4142857142856,80.25714285714285,13.2,30.567272670954253
25.485714285714288,15.62857142857143,20.528571428571432,25.485714285714288,15.62857142857143,20.528571428571432,76.7,3.683714285714285,57.142857142857146,3.5728571428571425,0.0,19.3,175.21428571428572,1017.157142857143,55.08571428571429,15.142857142857142,28.917679409048105
4.057142857142858,0.0428571428571428,2.257142857142857,0.6142857142857144,-4.971428571428571,-2.042857142857143,85.27142857142857,2.7464285714285714,100.0,41.66571428571428,6.425,24.514285714285712,222.44285714285712,1008.4142857142856,96.64285714285714,11.0,44.54522463336457
7.428571428571429,-0.9428571428571428,3.3428571428571425,4.771428571428571,-4.3,-0.0999999999999999,76.55714285714285,2.446,28.571428571428573,8.928571428571429,4.166666666666667,33.042857142857144,222.95714285714288,1018.2,78.85714285714286,14.914285714285716,-48.30350876239277
2.457142857142857,-1.085714285714286,0.5571428571428572,-0.442857142857143,-5.828571428571429,-3.5285714285714285,82.62857142857142,1.954,71.42857142857143,16.665714285714284,0.0,23.285714285714285,194.0,1015.7714285714284,97.97142857142856,13.671428571428573,-11.935512118605402
22.5,12.62857142857143,17.942857142857143,22.77142857142857,12.257142857142856,17.95714285714286,73.68571428571428,1.1135714285714289,42.85714285714285,5.952857142857143,0.0,22.8,268.7,1018.0857142857144,58.5,20.37142857142857,-27.394639971153996
25.414285714285715,12.842857142857143,19.02857142857143,25.642857142857142,12.842857142857143,19.071428571428573,69.9,0.3947142857142857,14.285714285714286,2.975714285714285,0.0,19.61428571428572,167.95714285714286,1019.7714285714284,26.314285714285717,14.44285714285714,42.4625776066066
4.4,0.157142857142857,2.371428571428571,2.0285714285714285,-3.5,-0.7857142857142857,86.57142857142857,2.228285714285714,71.42857142857143,27.97571428571428,0.0,18.62857142857143,191.91428571428568,1015.7857142857144,88.91428571428571,10.55714285714286,-60.05778839382174
10.657142857142857,-0.6000000000000002,4.957142857142857,8.742857142857144,-3.971428571428572,1.9714285714285715,61.871428571428574,0.5365714285714286,42.85714285714285,7.142857142857143,1.0,27.485714285714288,242.64285714285717,1023.8142857142856,55.8,21.02857142857143,4.335614073951319
34.05714285714286,16.842857142857145,26.15714285714285,32.92857142857143,16.842857142857145,25.75714285714286,44.65714285714286,0.0,0.0,0.0,0.0,18.2,226.8428571428572,1019.157142857143,30.52857142857143,16.97142857142857,-25.937822580201555
17.357142857142858,7.814285714285715,12.214285714285714,17.02857142857143,6.457142857142857,11.214285714285714,70.78571428571429,3.1184285714285718,42.85714285714285,21.427142857142854,0.0,26.31428571428572,209.2428571428572,1019.8857142857142,58.72857142857144,17.12857142857143,-12.318127391840337
27.3,14.614285714285714,21.142857142857142,27.2,14.5,21.12857142857143,64.32857142857144,1.8317142857142856,42.85714285714285,8.334285714285715,0.0,21.428571428571427,224.14285714285717,1018.0285714285714,42.62857142857143,20.47142857142857,-22.212118749368077
10.12857142857143,4.1571428571428575,7.142857142857143,8.985714285714286,1.4285714285714286,5.228571428571428,76.85714285714286,3.1565714285714286,85.71428571428571,31.545714285714286,0.0,19.185714285714287,142.5142857142857,1008.0428571428572,91.5,11.142857142857142,1.3128254605840084
26.571428571428573,14.728571428571428,20.685714285714283,26.585714285714285,14.728571428571428,20.7,72.35714285714286,4.088428571428572,57.142857142857146,12.501428571428573,0.0,21.67142857142857,194.52857142857144,1014.5571428571428,58.55714285714286,17.1,83.81340102677132
1.8,-1.4714285714285715,0.1714285714285714,-1.3142857142857145,-6.842857142857143,-4.414285714285715,83.85714285714286,1.5444285714285717,57.142857142857146,17.857142857142858,1.5,24.9,211.3142857142857,1020.157142857143,95.1,12.814285714285717,-36.93530471727581
27.857142857142858,19.714285714285715,23.414285714285715,29.914285714285715,19.714285714285715,24.11428571428572,79.61428571428573,4.480857142857142,71.42857142857143,17.26142857142857,0.0,18.75714285714286,151.37142857142857,1021.4571428571428,46.2,15.271428571428572,-32.178528760269955
0.9571428571428572,-4.557142857142857,-1.3,-2.0,-9.0,-5.285714285714286,78.84285714285714,3.343857142857143,71.42857142857143,29.762857142857143,7.38,24.228571428571428,189.42857142857144,1013.657142857143,86.81428571428572,10.157142857142858,4.926723416141613
11.542857142857144,3.642857142857143,7.442857142857143,10.314285714285717,0.6142857142857141,5.342857142857143,67.27142857142857,1.647714285714286,42.85714285714285,8.927142857142856,0.0,25.457142857142856,137.12857142857143,1016.2714285714284,62.04285714285714,13.62857142857143,-4.500887654444341
28.885714285714283,18.6,23.414285714285715,29.957142857142856,18.6,23.885714285714283,70.72857142857143,2.503142857142857,57.142857142857146,7.738571428571428,3.0,27.02857142857143,236.8714285714286,1015.5428571428572,46.01428571428572,16.642857142857142,51.14677588539666
14.285714285714286,7.214285714285714,10.571428571428571,13.642857142857142,5.571428571428571,9.542857142857144,75.39999999999999,5.232428571428571,85.71428571428571,23.214285714285715,0.0,26.87142857142857,226.3571428571429,1015.1428571428572,76.94285714285715,15.571428571428571,15.697660226297558
-2.1,-10.385714285714286,-5.828571428571428,-5.957142857142857,-15.628571428571428,-10.62857142857143,75.14285714285714,0.4827142857142857,28.571428571428573,9.524285714285714,6.12,21.942857142857143,228.8571428571429,1018.7714285714284,61.82857142857142,14.085714285714284,-58.41477715787596
25.97142857142857,15.085714285714284,20.4,26.67142857142857,14.928571428571429,20.571428571428573,69.05714285714286,0.9798571428571428,57.142857142857146,9.525714285714288,0.0,25.314285714285717,237.94285714285712,1016.5571428571428,62.77142857142858,18.857142857142858,9.999507460236828
-3.3428571428571425,-13.642857142857142,-8.5,-9.071428571428571,-20.185714285714287,-14.642857142857142,76.72857142857143,0.2635714285714285,57.142857142857146,6.548571428571429,12.728571428571428,25.542857142857144,243.7142857142857,1022.8714285714284,71.08571428571429,15.5,46.214369895925074
24.414285714285715,14.671428571428573,19.185714285714287,24.414285714285715,14.671428571428573,19.185714285714287,78.05714285714285,2.1845714285714286,85.71428571428571,16.071428571428573,0.0,13.55714285714286,72.18571428571428,1022.4142857142856,56.3,12.2,27.279672349743123
3.6,-3.542857142857143,0.1571428571428571,-0.2428571428571428,-8.014285714285714,-4.2,78.77142857142857,0.2042857142857143,28.571428571428573,3.571428571428572,2.3285714285714287,25.52857142857143,221.72857142857143,1021.6714285714286,57.41428571428571,16.45714285714286,18.978875927831268
26.17142857142857,16.5,20.75714285714286,26.457142857142856,16.5,20.785714285714285,82.81428571428572,6.287571428571428,57.142857142857146,8.928571428571429,0.0,16.614285714285714,175.85714285714286,1015.6142857142858,59.54285714285714,8.32857142857143,-60.64147751427777
6.6000000000000005,-2.071428571428572,2.1142857142857143,3.4857142857142853,-6.671428571428572,-1.7999999999999996,67.07142857142857,1.2892857142857144,71.42857142857143,14.881428571428572,1.5,25.97142857142857,229.14285714285717,1018.9142857142856,64.08571428571429,17.2,140.61634016134326
17.5,5.571428571428571,11.028571428571428,17.214285714285715,3.271428571428572,9.94285714285714,71.10000000000001,1.9845714285714289,57.142857142857146,8.930000000000001,0.0,28.285714285714285,239.32857142857145,1013.3857142857142,60.21428571428572,20.67142857142857,55.64510809453759
27.27142857142857,17.12857142857143,22.11428571428572,27.957142857142856,17.12857142857143,22.314285714285717,79.3,1.7444285714285714,42.85714285714285,17.262857142857143,0.0,18.02857142857143,137.0,1016.1714285714286,46.92857142857143,13.87142857142857,47.86130277869074
-1.5285714285714285,-10.657142857142858,-5.742857142857143,-6.142857142857143,-15.757142857142856,-10.528571428571428,69.74285714285715,1.5512857142857144,57.142857142857146,16.667142857142856,4.485714285714286,24.11428571428572,201.5,1013.3571428571428,68.55714285714285,13.742857142857144,42.50832322731185
23.428571428571427,13.928571428571429,18.985714285714288,23.428571428571427,13.742857142857142,18.957142857142856,64.4,3.615,42.85714285714285,9.524285714285714,0.0,22.82857142857143,258.5,1013.2142857142856,62.31428571428573,20.1,-21.39337659533271
27.61428571428572,19.014285714285712,23.27142857142857,28.02857142857143,19.014285714285712,23.457142857142856,70.75714285714285,1.0491428571428572,71.42857142857143,15.477142857142857,0.0,22.342857142857145,203.42857142857144,1014.3142857142856,51.15714285714286,14.914285714285716,-36.53434358123605
-2.8000000000000003,-11.785714285714286,-7.042857142857143,-8.542857142857143,-19.714285714285715,-14.0,70.64285714285714,1.4821428571428572,42.85714285714285,8.332857142857142,4.5,32.92857142857143,233.82857142857145,1016.0428571428572,60.1,16.9,-59.90960067275819
26.02857142857143,15.657142857142857,21.11428571428571,26.442857142857143,15.657142857142857,21.185714285714287,70.67142857142858,2.7041428571428576,57.142857142857146,7.738571428571428,0.0,19.557142857142857,211.4857142857143,1014.7428571428572,49.65714285714286,15.485714285714286,31.043740611801013
27.285714285714285,18.9,22.785714285714285,28.585714285714285,18.9,23.17142857142857,80.82857142857142,0.7734285714285714,28.571428571428573,4.167142857142857,0.0,17.12857142857143,129.1,1016.5142857142856,56.34285714285714,10.9,37.225609507019726
4.757142857142857,-3.6,0.6285714285714284,0.2142857142857142,-9.314285714285717,-4.242857142857143,65.8,0.4067142857142857,28.571428571428573,5.952857142857143,4.875,31.47142857142857,235.28571428571428,1017.7285714285716,46.971428571428575,14.271428571428572,-79.79811178388036
24.87142857142857,13.971428571428572,19.857142857142858,25.3,13.87142857142857,19.985714285714288,63.471428571428575,1.3738571428571429,14.285714285714286,5.952857142857143,0.0,18.142857142857142,272.1,1017.9714285714286,45.885714285714286,20.3,-63.96983349740685
5.942857142857143,-1.157142857142857,2.3857142857142857,2.7,-6.1000000000000005,-1.7142857142857142,74.07142857142857,2.5385714285714287,57.142857142857146,21.43,4.6,27.62857142857143,214.9,1019.3571428571428,73.71428571428571,14.771428571428572,-43.2937531342086
1.5,-4.542857142857143,-1.5142857142857145,-1.042857142857143,-9.214285714285714,-5.442857142857143,83.0,1.6997142857142855,57.142857142857146,17.26142857142857,1.7857142857142858,22.5,185.32857142857145,1015.2428571428572,83.05714285714285,12.028571428571428,-32.35806372210345
2.557142857142857,-5.057142857142857,-1.542857142857143,-2.314285714285714,-10.5,-6.585714285714286,76.28571428571429,3.208142857142857,57.142857142857146,15.477142857142857,4.0,30.842857142857145,237.18571428571428,1019.4428571428572,62.11428571428571,17.95714285714286,6.055547596623455
-3.157142857142857,-10.271428571428572,-6.0,-5.557142857142857,-13.542857142857144,-10.428571428571429,76.17142857142858,0.3191428571428571,57.142857142857146,11.311428571428571,2.042857142857143,21.12857142857143,251.62857142857143,1016.5142857142856,78.71428571428571,12.685714285714283,-154.52180881478125
28.942857142857143,15.87142857142857,22.385714285714283,28.685714285714287,15.87142857142857,22.342857142857145,64.74285714285715,0.2047142857142857,28.571428571428573,2.38,0.0,21.442857142857143,208.1142857142857,1017.2714285714284,42.87142857142857,18.571428571428573,1.2466335676629114
24.857142857142858,15.585714285714284,20.057142857142857,25.385714285714283,15.585714285714284,20.185714285714287,70.32857142857144,2.677285714285714,71.42857142857143,13.69,0.0,23.08571428571429,202.47142857142856,1010.0285714285714,66.0,12.44285714285714,-17.12863445101175
24.928571428571427,14.071428571428571,19.11428571428572,25.47142857142857,14.071428571428571,19.285714285714285,71.35714285714286,2.312142857142857,57.142857142857146,11.905714285714286,0.0,21.5,211.1,1017.0571428571428,39.72857142857144,14.614285714285714,-54.90457378470478
20.61428571428572,11.271428571428572,15.657142857142857,20.785714285714285,9.871428571428572,15.271428571428572,64.82857142857144,0.1404285714285714,57.142857142857146,7.142857142857143,0.0,21.62857142857143,244.95714285714288,1018.0285714285714,64.44285714285715,13.87142857142857,12.11463766815723
4.457142857142857,-2.8857142857142857,1.1,2.642857142857143,-5.7,-1.7714285714285716,77.78571428571429,0.1947142857142857,57.142857142857146,6.548571428571429,0.2285714285714286,23.728571428571428,257.92857142857144,1018.4428571428572,72.34285714285714,13.457142857142856,-68.91214598777901
20.65714285714285,10.157142857142857,15.471428571428572,20.65714285714285,9.528571428571428,15.285714285714286,64.34285714285714,1.1357142857142857,71.42857142857143,14.881428571428572,0.0,29.0,221.3142857142857,1014.8,72.64285714285714,20.557142857142857,-4.196288967676992
21.11428571428572,10.971428571428572,15.657142857142857,21.11428571428572,10.971428571428572,15.657142857142857,70.92857142857143,1.896857142857143,42.85714285714285,10.715714285714286,0.0,21.728571428571428,202.5,1015.7,51.05714285714286,14.728571428571428,-12.037242739997737
17.2,7.471428571428571,12.0,17.2,6.114285714285714,11.4,75.67142857142858,3.5534285714285714,28.571428571428573,7.737142857142857,0.0,21.885714285714283,158.57142857142858,1019.4857142857144,48.457142857142856,15.442857142857145,7.554275453582932
-3.6142857142857134,-10.971428571428572,-7.2,-6.342857142857143,-17.885714285714286,-12.5,81.18571428571428,5.074714285714285,85.71428571428571,36.90428571428571,24.82857142857143,24.071428571428573,154.20000000000002,1023.7285714285716,75.07142857142857,10.971428571428572,-45.66726605970484
28.071428571428573,18.17142857142857,22.842857142857145,29.27142857142857,18.17142857142857,23.142857142857142,76.48571428571428,3.4015714285714287,85.71428571428571,11.31,0.0,19.442857142857143,219.9,1013.6,46.18571428571429,14.714285714285714,39.35662498810575
13.614285714285714,4.428571428571429,8.8,12.285714285714286,1.0571428571428574,6.671428571428572,70.98571428571428,1.7344285714285714,71.42857142857143,25.595714285714287,1.0,27.75714285714286,208.4142857142857,1011.9142857142856,78.8,16.47142857142857,5.1016904949344735
20.042857142857144,5.442857142857143,13.271428571428572,20.042857142857144,3.628571428571429,12.857142857142858,48.58571428571429,0.0,0.0,0.0,0.0,23.6,82.28571428571429,1018.4857142857144,22.642857142857142,22.82857142857143,67.2930242392747
14.44285714285714,5.771428571428571,9.685714285714283,14.44285714285714,3.742857142857143,8.571428571428571,77.44285714285715,3.282,42.85714285714285,18.452857142857145,0.0,24.685714285714283,192.9857142857143,1016.3285714285714,69.98571428571428,14.528571428571428,-6.290616702990519
7.742857142857143,1.2571428571428571,4.614285714285714,5.571428571428571,-2.7,1.3428571428571427,77.0,1.4307142857142858,71.42857142857143,22.02285714285714,1.0,26.428571428571427,260.15714285714284,1014.8142857142856,88.3,16.071428571428573,-15.301085655973791
19.37142857142857,6.342857142857143,13.2,19.37142857142857,4.785714285714286,12.685714285714283,53.75714285714286,0.1265714285714285,14.285714285714286,3.571428571428572,0.0,18.514285714285712,131.32857142857142,1012.9428571428572,28.857142857142858,15.842857142857143,-1.334871237719199
25.285714285714285,14.714285714285714,20.2,25.585714285714285,14.714285714285714,20.25714285714286,70.85714285714286,2.617714285714285,28.571428571428573,4.167142857142857,0.0,19.985714285714288,231.9142857142857,1016.0428571428572,52.85714285714285,18.52857142857143,-8.365190088692543
19.27142857142857,9.37142857142857,13.9,19.27142857142857,8.528571428571428,13.7,77.82857142857142,1.0991428571428572,28.571428571428573,4.762857142857143,0.0,19.685714285714287,171.41428571428574,1018.9571428571428,64.78571428571429,17.1,15.53012978659808
11.7,3.8428571428571434,7.828571428571428,11.185714285714283,1.385714285714286,6.271428571428571,73.58571428571429,1.6841428571428572,42.85714285714285,14.285714285714286,0.0,25.87142857142857,209.17142857142855,1010.7142857142856,72.88571428571429,13.185714285714283,11.51005651937362
4.828571428571428,-2.3428571428571425,1.2428571428571429,1.8857142857142857,-7.071428571428571,-3.3285714285714287,65.24285714285715,0.019,14.285714285714286,0.5957142857142858,0.0,26.3,275.4428571428571,1020.4714285714286,51.871428571428574,20.0,-55.09278031996564
28.928571428571427,18.714285714285715,23.97142857142857,29.6,18.714285714285715,24.214285714285715,70.78571428571429,2.8150000000000004,28.571428571428573,7.738571428571428,0.0,14.62857142857143,192.65714285714284,1015.7428571428572,46.32857142857143,15.485714285714286,-23.84884730000772
20.842857142857145,10.742857142857142,15.6,20.8,10.142857142857142,15.514285714285714,74.38571428571429,1.426,28.571428571428573,7.142857142857143,0.0,19.571428571428573,186.72857142857143,1017.9714285714286,36.71428571428572,14.414285714285716,8.435575687078654
1.5142857142857145,-5.1571428571428575,-2.3714285714285714,-1.942857142857143,-10.928571428571429,-7.014285714285714,80.2,1.4071428571428573,42.85714285714285,10.714285714285714,3.3666666666666667,23.785714285714285,223.08571428571423,1012.4,90.08571428571427,12.285714285714286,27.02950546106285
8.057142857142859,0.0,4.342857142857143,5.714285714285714,-3.028571428571429,1.514285714285714,71.05714285714285,1.2777142857142856,57.142857142857146,14.88,0.0,24.47142857142857,241.0142857142857,1015.6714285714286,68.91428571428573,15.9,-56.207441625378806
26.014285714285712,14.385714285714286,20.085714285714285,26.214285714285715,14.385714285714286,20.12857142857143,68.84285714285714,0.6501428571428571,28.571428571428573,3.571428571428572,0.0,20.6,197.5142857142857,1012.5428571428572,44.98571428571428,17.22857142857143,-15.037253198775034
10.0,-0.0571428571428572,4.614285714285714,8.371428571428572,-3.185714285714286,2.2857142857142856,57.87142857142857,0.3132857142857143,14.285714285714286,5.952857142857143,0.0,21.4,161.18571428571428,1021.4857142857144,58.84285714285714,15.385714285714286,70.58426017556826
0.2857142857142857,-9.771428571428572,-3.9,-4.285714285714286,-14.414285714285716,-8.700000000000001,70.68571428571428,0.013,28.571428571428573,1.1914285714285715,5.457142857142857,26.042857142857144,265.68571428571425,1011.8857142857144,62.54285714285714,12.314285714285717,18.626660182929527
18.685714285714287,10.114285714285714,14.071428571428571,18.685714285714287,9.8,14.028571428571428,76.48571428571428,0.235,28.571428571428573,3.571428571428572,0.0,18.97142857142857,178.17142857142858,1019.842857142857,55.642857142857146,11.828571428571427,-5.4690386836209655
24.17142857142857,16.514285714285716,20.3,24.357142857142858,16.514285714285716,20.3,80.84285714285714,2.669857142857143,85.71428571428571,22.618571428571425,0.0,14.457142857142856,185.3142857142857,1015.6428571428572,74.05714285714285,13.528571428571428,-16.92694478210842
25.61428571428571,17.457142857142856,21.24285714285714,26.02857142857143,17.457142857142856,21.342857142857145,75.39999999999999,1.1108571428571428,71.42857142857143,6.547142857142857,0.0,17.428571428571427,193.7,1015.5571428571428,62.371428571428574,15.585714285714284,46.94816715921616
2.5,-4.428571428571429,-0.6428571428571429,-0.985714285714286,-9.828571428571427,-5.0,78.07142857142857,1.677,42.85714285714285,13.691428571428572,0.0,25.414285714285715,274.31428571428575,1015.1714285714286,80.77142857142857,14.771428571428572,45.97649436408028
20.442857142857143,13.62857142857143,16.885714285714286,20.928571428571427,13.414285714285716,16.914285714285715,81.38571428571429,3.658428571428572,57.142857142857146,17.855714285714285,0.0,18.77142857142857,184.9857142857143,1018.3,76.55714285714285,17.9,19.88335485872699
15.328571428571427,2.6,8.971428571428572,14.3,1.1428571428571428,7.728571428571429,61.9,0.8527142857142858,28.571428571428573,9.524285714285714,0.0,20.485714285714288,132.84285714285713,1013.6285714285714,49.32857142857143,14.228571428571428,9.836178942539163
27.785714285714285,18.32857142857143,23.042857142857144,28.67142857142857,18.32857142857143,23.2,70.12857142857142,1.270857142857143,71.42857142857143,10.12,0.0,16.428571428571427,290.87142857142857,1016.1714285714286,45.385714285714286,15.685714285714283,18.256295491710038
28.528571428571432,15.44285714285714,23.17142857142857,28.9,15.44285714285714,23.27142857142857,73.11428571428571,0.3571428571428571,14.285714285714286,0.5957142857142858,0.0,17.4,189.57142857142856,1019.4428571428572,38.971428571428575,15.900000000000002,-17.233340558015016
2.0142857142857147,-6.6000000000000005,-2.685714285714286,-2.0,-14.157142857142857,-8.471428571428572,79.54285714285713,0.8335714285714285,57.142857142857146,13.094285714285714,8.4,34.41428571428572,215.78571428571428,1007.8285714285714,88.37142857142858,11.542857142857144,701.186834476855
26.514285714285712,15.985714285714286,21.5,26.9,15.985714285714286,21.6,67.88571428571429,5.489714285714285,57.142857142857146,16.667142857142856,0.0,18.342857142857145,192.2428571428572,1014.2285714285716,63.58571428571429,15.242857142857144,-21.41001206424312
0.0,-4.871428571428572,-2.314285714285714,-2.7285714285714286,-8.757142857142856,-5.685714285714285,83.3,2.0357142857142856,71.42857142857143,24.40571428571429,0.6857142857142857,16.014285714285716,117.75714285714288,1018.6571428571428,86.42857142857143,12.328571428571427,34.87506605476551
6.614285714285714,-0.7285714285714285,2.8857142857142857,4.071428571428571,-4.557142857142857,-0.2571428571428572,68.61428571428571,0.019,14.285714285714286,0.5957142857142858,0.0,23.82857142857143,203.04285714285717,1023.8714285714284,67.82857142857144,16.071428571428573,25.975670148957533
24.4,12.642857142857142,18.242857142857144,24.37142857142857,12.414285714285716,18.2,66.14285714285714,0.1567142857142857,28.571428571428573,1.1914285714285715,0.0,20.214285714285715,275.2,1015.0285714285714,45.85714285714285,17.7,7.282718540449878
8.0,-0.5857142857142856,4.042857142857143,5.114285714285714,-5.057142857142857,0.257142857142857,61.8,0.2972857142857142,28.571428571428573,4.762857142857143,0.3333333333333333,34.128571428571426,232.9,1019.5285714285714,52.65714285714286,21.314285714285717,-71.84064983439885
30.5,18.785714285714285,24.857142857142858,30.928571428571427,18.785714285714285,25.0,62.17142857142857,1.917857142857143,42.85714285714285,10.714285714285714,0.0,21.25714285714286,229.08571428571423,1012.1285714285716,46.9,15.44285714285714,142.56280474458276
28.0,15.514285714285714,22.071428571428573,29.142857142857142,15.514285714285714,22.342857142857145,67.47142857142858,3.0312857142857146,42.85714285714285,7.142857142857143,0.0,23.75714285714286,215.77142857142857,1015.3285714285714,54.285714285714285,15.985714285714286,-82.69697843352583
26.057142857142857,12.685714285714283,19.685714285714287,26.24285714285714,12.457142857142856,19.75714285714286,50.385714285714286,0.0,0.0,0.0,0.0,28.714285714285715,230.9,1014.9857142857144,41.68571428571428,23.928571428571427,18.84196701344581
7.899999999999999,-0.2857142857142857,3.2142857142857144,6.3,-3.3285714285714287,0.357142857142857,86.04285714285713,8.322142857142858,57.142857142857146,31.547142857142852,1.5428571428571427,21.014285714285712,199.14285714285717,1022.7428571428572,82.01428571428572,12.357142857142858,-23.972566801828638
12.571428571428571,1.842857142857143,7.457142857142856,11.785714285714286,-1.5571428571428572,5.371428571428572,52.85714285714285,0.1525714285714285,42.85714285714285,5.357142857142857,0.0,27.6,220.5,1011.0428571428572,45.114285714285714,15.642857142857142,46.588136934987006
9.757142857142856,-1.9714285714285715,3.5,8.457142857142857,-5.8,0.4428571428571429,65.8,0.2297142857142857,28.571428571428573,2.9771428571428578,0.0,24.02857142857143,177.47142857142856,1016.9714285714286,49.971428571428575,16.32857142857143,47.3463471014627
-4.6,-12.071428571428571,-8.557142857142857,-7.8,-19.15714285714285,-14.542857142857144,65.07142857142857,0.0877142857142857,28.571428571428573,4.762857142857143,0.2857142857142857,28.27142857142857,254.7,1020.3,71.60000000000001,12.957142857142856,-34.2775102900971
18.75714285714286,9.357142857142858,14.042857142857144,18.65714285714285,7.828571428571428,13.3,58.52857142857143,2.453285714285714,14.285714285714286,8.332857142857142,0.0,24.928571428571427,138.92857142857142,1015.5,75.74285714285715,17.2,6.0551027111434905
7.014285714285714,-2.0571428571428574,2.4285714285714284,4.957142857142857,-6.128571428571428,-0.9000000000000001,62.55714285714286,1.4725714285714286,28.571428571428573,14.285714285714286,5.220000000000001,22.728571428571428,123.97142857142856,1017.6428571428572,64.24285714285715,18.185714285714287,-38.96881525459298
24.842857142857145,15.257142857142856,20.357142857142858,25.1,15.257142857142856,20.385714285714283,68.47142857142858,3.3018571428571426,28.571428571428573,8.928571428571429,0.0,20.77142857142857,203.7428571428571,1014.4,45.21428571428572,15.142857142857142,-68.20498606601154
27.3,14.44285714285714,21.285714285714285,26.985714285714288,14.44285714285714,21.24285714285714,57.54285714285714,0.7658571428571428,14.285714285714286,1.7857142857142858,0.0,21.542857142857144,268.1428571428572,1016.342857142857,35.08571428571428,15.671428571428573,-83.08083045132707
12.914285714285716,1.3714285714285714,7.228571428571429,11.94285714285714,-1.0571428571428572,5.528571428571429,66.57142857142857,2.626142857142857,42.85714285714285,17.85857142857143,0.0,21.61428571428572,136.22857142857143,1015.4571428571428,55.77142857142858,18.071428571428573,36.06796124983089
18.12857142857143,5.785714285714286,11.7,18.12857142857143,4.642857142857143,11.228571428571428,69.04285714285713,0.1051428571428571,42.85714285714285,2.381428571428572,0.0,18.428571428571427,188.14285714285717,1020.2714285714284,53.42857142857143,17.557142857142857,51.01824459757313
28.82857142857143,19.357142857142858,24.014285714285712,31.32857142857143,19.357142857142858,24.814285714285717,78.15714285714286,2.7985714285714285,71.42857142857143,9.522857142857143,0.0,23.0,222.02857142857144,1014.2285714285716,69.88571428571429,15.5,37.45068527613853
28.87142857142857,18.5,23.357142857142858,29.185714285714287,18.5,23.485714285714288,69.95714285714286,0.1581428571428571,14.285714285714286,0.5957142857142858,0.0,20.942857142857143,249.5142857142857,1013.3285714285714,52.114285714285714,18.6,-10.274638393868829
19.071428571428573,8.77142857142857,13.87142857142857,19.071428571428573,7.8428571428571425,13.685714285714283,64.9857142857143,1.7925714285714285,42.85714285714285,10.714285714285714,0.0,18.47142857142857,204.4857142857143,1013.9285714285714,55.18571428571429,14.714285714285714,37.82449500052781
18.685714285714287,11.6,14.728571428571428,18.685714285714287,11.085714285714284,14.585714285714284,80.2,5.643857142857143,71.42857142857143,27.97571428571428,0.0,22.47142857142857,191.6142857142857,1010.7285714285716,79.3,17.571428571428573,8.278529196951467
29.24285714285714,19.185714285714287,24.25714285714286,31.214285714285715,19.185714285714287,24.885714285714283,64.64285714285714,1.234714285714286,42.85714285714285,7.737142857142857,0.0,24.15714285714285,223.8142857142857,1015.9142857142856,51.271428571428565,19.842857142857145,22.61128757299275
24.314285714285717,17.057142857142857,20.585714285714285,24.457142857142856,17.057142857142857,20.6,72.2,0.7132857142857142,57.142857142857146,11.31,0.0,15.87142857142857,124.34285714285714,1014.7857142857144,70.02857142857144,14.528571428571428,-25.556268410496383
27.085714285714285,17.87142857142857,22.571428571428573,28.357142857142858,17.87142857142857,22.82857142857143,73.51428571428572,0.4607142857142857,28.571428571428573,1.1914285714285715,0.0,17.714285714285715,176.04285714285714,1015.9571428571428,52.3,13.585714285714284,-113.12413068606588
22.27142857142857,10.985714285714286,16.87142857142857,22.571428571428573,10.985714285714286,16.914285714285715,72.22857142857143,4.822571428571428,71.42857142857143,22.02285714285714,0.0,18.61428571428572,133.07142857142858,1018.7428571428572,51.84285714285714,13.985714285714284,29.22048143304028
30.32857142857143,19.82857142857143,25.11428571428572,31.014285714285712,19.82857142857143,25.314285714285717,66.44285714285715,0.7215714285714284,28.571428571428573,4.761428571428572,0.0,16.2,202.4,1013.9571428571428,39.1,15.614285714285714,-38.9878612728462
-4.714285714285714,-12.571428571428571,-8.371428571428572,-8.528571428571428,-18.2,-13.814285714285717,75.02857142857144,0.016,14.285714285714286,1.19,3.971428571428572,23.25714285714286,221.54285714285717,1025.7857142857142,63.02857142857143,12.8,70.37758469337268
-5.6571428571428575,-13.914285714285716,-9.328571428571427,-11.685714285714283,-22.485714285714288,-16.757142857142856,64.8,1.725142857142857,57.142857142857146,15.475714285714286,4.571428571428571,26.52857142857143,214.07142857142856,1029.0857142857144,74.34285714285714,15.428571428571429,38.66877787952649
6.942857142857143,-0.2142857142857142,3.5,4.685714285714285,-4.614285714285714,0.0999999999999999,71.6,1.7365714285714289,57.142857142857146,16.665714285714284,1.5,27.3,279.6428571428572,1022.2857142857144,77.39999999999999,18.485714285714288,-33.080202175227896
21.457142857142856,12.357142857142858,16.742857142857144,21.457142857142856,12.357142857142858,16.742857142857144,70.41428571428571,2.959857142857143,71.42857142857143,19.64428571428571,0.0,15.37142857142857,106.6857142857143,1012.8285714285714,65.01428571428572,14.357142857142858,35.80538628259683
3.0,-2.685714285714286,-0.0714285714285714,-1.3285714285714283,-8.0,-4.5285714285714285,68.91428571428571,0.1765714285714285,42.85714285714285,4.761428571428572,1.0,26.957142857142856,239.7428571428572,1019.8,64.14285714285714,16.557142857142857,185.8023522653837
14.157142857142857,4.214285714285714,9.842857142857143,13.6,2.1142857142857143,8.628571428571428,63.25714285714286,0.8280000000000001,42.85714285714285,7.738571428571428,0.0,20.928571428571427,202.62857142857143,1022.2857142857144,52.642857142857146,15.485714285714286,-40.19187885981546
10.771428571428572,0.3571428571428572,5.557142857142857,9.614285714285714,-1.5,3.071428571428572,82.58571428571429,1.090857142857143,71.42857142857143,11.905714285714286,4.9,31.314285714285717,232.55714285714288,1014.342857142857,76.34285714285714,12.314285714285717,-15.397742780808812
15.314285714285717,6.142857142857143,10.557142857142855,14.985714285714286,4.285714285714286,9.385714285714286,73.17142857142858,1.5470000000000002,71.42857142857143,13.095714285714283,0.0,26.185714285714287,162.54285714285714,1018.657142857143,56.2,20.642857142857142,-2.2874395040682884
6.742857142857143,-0.6857142857142858,3.185714285714286,3.9,-5.871428571428572,-0.6142857142857144,74.25714285714285,4.073285714285714,57.142857142857146,23.215714285714284,3.7,27.11428571428572,248.64285714285717,1016.3142857142856,70.28571428571429,16.9,-25.09142862929548
26.17142857142857,16.0,21.11428571428572,26.814285714285717,16.0,21.3,71.91428571428571,5.926,57.142857142857146,11.904285714285717,0.0,20.714285714285715,202.45714285714288,1015.1,39.1,14.285714285714286,56.80518198326649
28.32857142857143,17.842857142857145,23.2,28.842857142857145,17.842857142857145,23.457142857142856,64.12857142857142,2.0802857142857145,57.142857142857146,5.951428571428571,0.0,23.7,235.4,1015.2142857142856,39.3,14.971428571428572,15.33059610757141
-1.8,-8.085714285714285,-4.5,-6.457142857142857,-13.485714285714286,-9.5,74.8,0.1441428571428571,28.571428571428573,5.357142857142857,11.085714285714284,21.37142857142857,270.8,1018.5285714285714,78.85714285714286,13.642857142857142,63.05428605999669
30.32857142857143,19.685714285714287,24.65714285714285,32.31428571428572,19.685714285714287,25.12857142857143,74.68571428571428,1.8485714285714283,57.142857142857146,13.69,0.0,19.3,212.32857142857145,1019.0,46.62857142857143,13.714285714285714,114.31336704940782
4.457142857142857,-3.071428571428572,1.0142857142857142,1.4142857142857146,-6.471428571428571,-2.1142857142857143,76.39999999999999,0.4795714285714285,42.85714285714285,11.905714285714286,0.7000000000000001,21.17142857142857,242.4714285714286,1010.4714285714286,55.0,13.185714285714283,11.048453994596002
6.557142857142857,-2.185714285714286,2.6714285714285717,3.742857142857143,-6.714285714285714,-1.0714285714285714,55.12857142857143,0.4851428571428571,42.85714285714285,6.547142857142857,0.1285714285714286,34.642857142857146,211.45714285714283,1021.0285714285714,48.91428571428571,15.685714285714283,-12.7451662168844
28.11428571428572,18.071428571428573,22.285714285714285,29.557142857142857,18.071428571428573,22.62857142857143,82.78571428571429,1.9715714285714283,71.42857142857143,13.095714285714283,0.0,14.87142857142857,193.8142857142857,1016.8,53.385714285714286,11.485714285714286,-31.285955980365543
25.914285714285715,13.828571428571427,20.042857142857144,25.685714285714287,13.828571428571427,20.0,69.47142857142858,0.4994285714285714,28.571428571428573,4.761428571428572,0.0,17.87142857142857,258.11428571428576,1017.3142857142856,37.58571428571429,15.485714285714286,27.476590544391456
13.242857142857144,2.0,6.957142857142857,13.042857142857144,-1.6999999999999995,4.757142857142857,72.12857142857142,1.4495714285714285,57.142857142857146,14.881428571428572,0.0,24.485714285714288,138.74285714285713,1016.0142857142856,77.81428571428572,12.642857142857142,-9.15748085763994
6.685714285714285,-1.7857142857142858,2.1142857142857143,4.0,-6.257142857142857,-1.8857142857142857,75.21428571428571,1.2774285714285714,42.85714285714285,4.761428571428572,0.0,32.385714285714286,218.45714285714288,1016.4571428571428,80.38571428571429,13.042857142857144,813.9705235510696
-3.8428571428571434,-13.0,-7.828571428571428,-7.857142857142857,-17.657142857142855,-12.357142857142858,66.27142857142857,0.4285714285714285,28.571428571428573,4.167142857142857,19.357142857142858,24.5,251.1285714285714,1026.0142857142855,51.5,14.314285714285717,11.975264197786146
0.8142857142857142,-6.285714285714286,-2.4714285714285715,-3.2142857142857144,-11.62857142857143,-7.442857142857143,78.45714285714287,1.3802857142857143,71.42857142857143,17.26142857142857,11.55714285714286,23.15714285714285,220.78571428571428,1012.8142857142856,77.35714285714286,12.757142857142856,432.48815111602175
13.542857142857144,6.8,10.242857142857144,12.2,4.4,8.62857142857143,75.95714285714287,9.232,71.42857142857143,23.81,0.0,24.457142857142856,223.72857142857143,1013.7571428571428,90.22857142857144,13.7,-25.66791127062584
4.042857142857143,-2.3714285714285714,0.7285714285714285,1.4285714285714286,-7.085714285714286,-2.9285714285714284,77.68571428571428,3.0682857142857145,85.71428571428571,20.237142857142857,0.7999999999999999,22.057142857142857,224.68571428571428,1019.2571428571428,67.01428571428572,13.785714285714286,-9.883622803421986
27.857142857142858,15.9,21.62857142857143,28.228571428571428,15.9,21.7,73.05714285714285,0.3074285714285714,28.571428571428573,4.761428571428572,0.0,15.842857142857143,160.77142857142857,1015.8571428571428,51.08571428571429,13.1,37.764215190992445
3.5142857142857147,-3.1,0.0857142857142857,0.8285714285714286,-8.342857142857143,-4.114285714285715,77.0,3.3974285714285712,42.85714285714285,19.64428571428571,1.0,24.67142857142857,212.15714285714284,1026.0142857142855,79.61428571428571,15.62857142857143,230.3940636062448
-2.157142857142857,-9.385714285714286,-5.457142857142857,-5.628571428571428,-14.7,-10.085714285714284,73.52857142857144,0.155,28.571428571428573,5.952857142857143,19.014285714285712,21.25714285714286,239.5142857142857,1021.9428571428572,58.31428571428571,13.671428571428573,-3.578773753660016
-0.6285714285714284,-7.2,-3.5,-4.471428571428572,-13.171428571428573,-8.385714285714286,77.81428571428572,0.6448571428571429,42.85714285714285,7.738571428571428,6.757142857142857,25.457142857142856,184.25714285714284,1017.3142857142856,82.95714285714287,10.514285714285714,-28.898525610510887
11.5,5.271428571428571,8.1,10.6,2.242857142857143,6.085714285714286,79.05714285714285,4.382857142857143,71.42857142857143,17.855714285714285,0.0,24.342857142857145,206.28571428571428,1011.157142857143,84.82857142857142,14.257142857142856,58.06371554682369
27.7,15.8,22.357142857142858,27.557142857142857,15.8,22.357142857142858,61.385714285714286,0.0,0.0,0.0,0.0,21.385714285714283,246.8142857142857,1016.3142857142856,44.471428571428575,19.62857142857143,-3.298701235848057
0.5,-6.385714285714286,-3.042857142857143,-2.685714285714286,-11.471428571428572,-7.414285714285714,78.8,0.0372857142857142,28.571428571428573,1.1914285714285715,23.071428571428573,19.9,244.58571428571432,1015.2142857142856,61.4,13.342857142857143,15.287164798461164
-3.4285714285714284,-13.585714285714284,-8.17142857142857,-9.642857142857142,-20.342857142857145,-14.728571428571428,67.25714285714285,0.1545714285714285,28.571428571428573,1.7857142857142858,5.233333333333333,29.52857142857143,234.97142857142856,1013.8,56.95714285714286,14.242857142857144,-34.37053677732274
17.47142857142857,4.585714285714286,11.614285714285714,17.47142857142857,2.3428571428571425,10.742857142857144,53.21428571428572,0.055,14.285714285714286,1.19,0.0,24.085714285714285,119.92857142857144,1018.2142857142856,38.35714285714285,21.571428571428573,-7.229075051948483
12.542857142857144,3.3857142857142857,7.728571428571429,11.785714285714286,1.7285714285714289,6.128571428571428,73.71428571428571,4.093714285714285,71.42857142857143,20.23857142857143,0.0,21.785714285714285,163.14285714285714,1014.4428571428572,74.98571428571428,14.342857142857142,12.473673867255457
4.242857142857143,-4.742857142857143,-0.3285714285714285,0.6571428571428573,-9.471428571428572,-4.271428571428571,62.15714285714286,0.3307142857142857,28.571428571428573,4.1657142857142855,0.1142857142857143,21.914285714285715,232.9,1019.9,62.614285714285714,14.285714285714286,9.163893239624258
2.7142857142857144,-2.8285714285714287,0.1,-1.1714285714285713,-7.2,-4.057142857142857,76.44285714285715,0.208,28.571428571428573,3.571428571428572,3.0,23.785714285714285,272.4714285714286,1017.7285714285716,72.88571428571429,14.657142857142857,-64.67852148376187
25.414285714285715,14.642857142857142,20.17142857142857,25.67142857142857,14.642857142857142,20.2,74.05714285714285,4.180571428571429,28.571428571428573,11.904285714285717,0.0,22.2,215.64285714285717,1016.2,48.74285714285714,16.6,14.498855363314306
-0.4999999999999999,-3.742857142857143,-1.8285714285714287,-5.557142857142857,-9.285714285714286,-7.385714285714286,78.28571428571429,0.326,28.571428571428573,5.952857142857143,6.271428571428571,28.47142857142857,235.05714285714288,1012.7714285714284,84.71428571428571,13.7,10.267575922313426
28.214285714285715,18.571428571428573,23.285714285714285,29.385714285714283,18.571428571428573,23.61428571428572,74.57142857142857,4.242571428571429,57.142857142857146,10.714285714285714,0.0,21.67142857142857,197.7428571428572,1015.6714285714286,74.05714285714285,17.1,-37.21083723603852
12.985714285714286,5.1571428571428575,8.971428571428572,12.985714285714286,2.7142857142857144,7.328571428571428,71.24285714285715,1.7825714285714285,85.71428571428571,11.311428571428571,0.0,28.24285714285714,259.6714285714286,1015.5,67.84285714285714,15.528571428571428,-7.096296303968529
20.957142857142856,11.742857142857144,16.185714285714287,21.057142857142857,11.457142857142856,16.04285714285714,75.12857142857142,2.6037142857142856,57.142857142857146,13.094285714285714,0.0,17.45714285714286,210.8428571428572,1017.5714285714286,49.81428571428571,14.185714285714283,-2.675395519727772
15.785714285714286,4.728571428571429,10.414285714285716,15.785714285714286,3.3285714285714283,9.7,67.72857142857143,0.7385714285714285,57.142857142857146,8.332857142857142,0.0,26.985714285714288,251.45714285714288,1017.9142857142856,52.18571428571429,25.185714285714287,-43.914768523924295
18.87142857142857,9.785714285714286,14.071428571428571,18.87142857142857,8.828571428571427,13.6,74.61428571428571,1.2315714285714283,57.142857142857146,10.12,0.0,21.042857142857144,194.04285714285717,1012.157142857143,78.12857142857142,19.085714285714285,15.095091693632185
22.785714285714285,13.085714285714284,18.014285714285712,22.785714285714285,12.928571428571429,17.985714285714288,72.3,2.6685714285714286,71.42857142857143,20.238571428571426,0.0,19.142857142857142,243.15714285714287,1012.342857142857,63.52857142857143,14.414285714285716,-56.85853390550483
2.757142857142857,-2.8000000000000003,0.1999999999999999,-0.6571428571428571,-8.72857142857143,-4.628571428571428,79.71428571428571,1.6271428571428572,85.71428571428571,17.857142857142858,3.0,27.47142857142857,236.8142857142857,1009.0,85.45714285714287,9.971428571428572,120.64950123749507
19.4,10.842857142857143,15.271428571428572,19.4,10.542857142857144,15.214285714285714,75.01428571428572,4.537142857142857,71.42857142857143,18.452857142857145,0.0,21.67142857142857,145.3,1009.1428571428572,59.1,14.814285714285717,44.93508950067667
29.11428571428572,20.314285714285717,24.24285714285714,31.2,20.314285714285717,24.814285714285717,79.78571428571429,2.1957142857142857,85.71428571428571,11.905714285714286,0.0,19.414285714285715,208.97142857142856,1010.7428571428572,59.42857142857143,11.7,23.275046621087316
-7.642857142857143,-14.385714285714286,-10.814285714285717,-12.085714285714284,-19.82857142857143,-15.814285714285717,79.04285714285713,0.2238571428571428,57.142857142857146,8.930000000000001,7.557142857142857,20.557142857142857,267.45714285714286,1026.6,64.6,11.828571428571427,-9.23940268100796
8.428571428571429,3.4,5.8,6.471428571428571,1.0,3.6142857142857134,86.68571428571428,0.7834285714285715,100.0,21.428571428571427,0.0,17.52857142857143,183.94285714285712,1016.1285714285714,81.18571428571428,9.9,-32.76639680533026
29.642857142857142,19.8,24.65714285714285,31.52857142857143,19.8,25.32857142857143,71.72857142857143,1.861428571428572,28.571428571428573,4.167142857142857,0.0,21.142857142857142,198.5142857142857,1016.9714285714286,47.8,16.285714285714285,-13.21641748756906
1.9571428571428573,-2.8,-0.1,-0.457142857142857,-6.757142857142857,-3.5285714285714285,81.72857142857143,0.7397142857142857,28.571428571428573,5.357142857142857,7.885714285714286,19.87142857142857,152.94285714285712,1016.4428571428572,72.25714285714285,12.571428571428571,38.483858190034425
-1.557142857142857,-11.357142857142858,-5.828571428571429,-4.042857142857143,-14.814285714285717,-9.7,73.58571428571429,0.0658571428571428,14.285714285714286,2.381428571428572,5.585714285714286,25.542857142857144,224.8,1020.6857142857144,67.44285714285715,13.142857142857142,-22.74405678044036
22.12857142857143,9.428571428571429,15.814285714285717,22.071428571428573,8.071428571428571,15.37142857142857,59.642857142857146,3.1431428571428577,28.571428571428573,6.547142857142857,0.0,28.47142857142857,213.8,1015.9142857142856,58.31428571428571,18.52857142857143,44.37908766139071
8.6,1.2,4.414285714285714,6.942857142857143,-2.0285714285714285,1.842857142857143,76.91428571428571,2.515428571428572,71.42857142857143,19.045714285714286,0.0,24.24285714285714,177.4,1009.1428571428572,78.10000000000001,13.257142857142856,-3.6939739564409138
29.27142857142857,15.757142857142856,22.942857142857143,29.142857142857142,15.757142857142856,22.97142857142857,52.57142857142857,0.0,0.0,0.0,0.0,18.97142857142857,202.22857142857143,1013.4428571428572,29.642857142857142,15.857142857142858,35.08991887337015
15.55714285714286,8.942857142857143,12.014285714285714,15.1,6.814285714285715,10.814285714285717,80.58571428571429,6.857428571428572,71.42857142857143,35.712857142857146,0.0,26.77142857142857,123.52857142857144,1017.1857142857144,75.24285714285715,15.714285714285714,-14.346440808036732
15.171428571428573,5.442857142857143,10.114285714285714,14.928571428571429,4.257142857142857,9.5,71.58571428571429,0.774,42.85714285714285,9.524285714285714,0.0,21.014285714285712,242.04285714285717,1014.0571428571428,49.05714285714286,14.87142857142857,-8.034033445445402
23.857142857142858,9.44285714285714,17.157142857142855,23.857142857142858,9.328571428571427,17.114285714285714,49.385714285714286,0.4639999999999999,28.571428571428573,2.381428571428572,0.0,25.15714285714285,133.07142857142858,1013.5142857142856,26.82857142857143,16.6,-28.621819185686263
19.6,11.3,15.142857142857142,19.6,11.042857142857144,15.085714285714287,77.87142857142858,1.6214285714285717,71.42857142857143,16.667142857142856,0.0,17.957142857142856,204.67142857142855,1019.1857142857144,65.18571428571428,13.671428571428573,6.675565502226391
25.9,14.94285714285714,20.442857142857143,26.1,14.94285714285714,20.457142857142856,71.2,2.0332857142857144,28.571428571428573,11.308571428571428,0.0,17.728571428571428,122.88571428571429,1018.7142857142856,54.91428571428571,10.957142857142856,10.730966158757385
22.728571428571428,13.671428571428567,17.942857142857143,22.728571428571428,13.671428571428567,17.942857142857143,74.25714285714285,2.2525714285714287,71.42857142857143,20.23857142857143,0.0,21.642857142857142,205.4,1014.5428571428572,78.84285714285714,14.428571428571429,94.55439354467671
1.4857142857142855,-3.942857142857143,-1.0857142857142856,-3.2285714285714286,-9.4,-6.2,72.25714285714285,0.2605714285714285,14.285714285714286,4.761428571428572,0.6666666666666666,26.085714285714285,287.5142857142857,1017.6428571428572,72.85714285714286,18.97142857142857,-35.99263694038882
32.77142857142857,19.842857142857145,26.65714285714285,34.44285714285714,19.842857142857145,27.642857142857142,61.48571428571428,0.984,42.85714285714285,3.571428571428572,0.0,20.457142857142856,223.3428571428572,1016.9142857142856,24.014285714285712,14.957142857142856,-91.36658724859626
19.74285714285714,5.3,13.028571428571428,19.61428571428572,3.4285714285714284,12.2,56.65714285714286,0.998,28.571428571428573,8.928571428571429,0.0,22.514285714285712,163.07142857142858,1018.3142857142856,35.728571428571435,15.4,9.052597223825842
29.142857142857142,19.82857142857143,24.5,30.728571428571428,19.82857142857143,24.957142857142856,73.0,1.2905714285714287,42.85714285714285,8.928571428571429,0.0,22.65714285714285,211.57142857142856,1016.0142857142856,42.01428571428572,14.12857142857143,-30.51690589597183
22.985714285714288,13.728571428571428,18.4,23.02857142857143,13.728571428571428,18.414285714285715,70.7,6.350857142857143,28.571428571428573,5.357142857142857,0.0,18.342857142857145,239.8,1018.7285714285716,64.62857142857142,20.6,22.787811543328417
13.842857142857143,6.957142857142857,10.114285714285716,13.428571428571429,4.328571428571428,8.485714285714286,77.85714285714286,9.466,57.142857142857146,19.047142857142852,0.0,24.4,110.88571428571429,1013.4142857142856,82.71428571428571,12.471428571428572,23.074323342242906
24.785714285714285,15.8,20.414285714285715,25.7,15.8,20.62857142857143,75.92857142857143,2.124714285714286,57.142857142857146,8.334285714285715,0.0,17.614285714285717,170.37142857142857,1017.8571428571428,56.642857142857146,14.685714285714283,-58.56198926211255
28.414285714285715,14.214285714285714,21.77142857142857,27.62857142857143,14.214285714285714,21.557142857142857,53.02857142857143,0.006,14.285714285714286,0.5957142857142858,0.0,14.55714285714286,117.41428571428573,1019.5714285714286,18.785714285714285,15.742857142857144,96.9344182143866
19.385714285714283,6.685714285714285,13.242857142857144,19.385714285714283,4.828571428571428,12.62857142857143,60.9,0.7677142857142858,42.85714285714285,7.142857142857143,0.0,24.728571428571428,171.29999999999998,1010.8142857142856,51.885714285714286,15.357142857142858,-43.40167768584797
26.17142857142857,14.55714285714286,20.65714285714285,26.15714285714285,14.55714285714286,20.7,65.7,0.0,0.0,0.0,0.0,15.542857142857144,160.9857142857143,1017.7857142857144,42.58571428571429,14.842857142857143,39.730820606300085
29.1,18.414285714285715,23.757142857142856,29.87142857142857,18.414285714285715,24.042857142857144,72.07142857142857,3.137714285714285,42.85714285714285,8.928571428571429,0.0,15.599999999999998,233.95714285714288,1010.3857142857142,41.6,14.585714285714284,-10.699515455020672
26.1,14.685714285714283,20.228571428571428,25.942857142857143,14.685714285714283,20.214285714285715,58.5,0.3704285714285714,42.85714285714285,2.975714285714285,0.0,21.77142857142857,176.78571428571428,1016.6714285714286,68.47142857142858,17.599999999999998,23.439211396342216
0.557142857142857,-4.814285714285715,-2.071428571428572,-3.0142857142857147,-9.885714285714286,-6.585714285714286,84.72857142857143,0.21,28.571428571428573,3.571428571428572,8.542857142857143,19.314285714285717,258.35714285714283,1017.3285714285714,82.95714285714287,11.12857142857143,205.73042738699087
5.614285714285714,-0.4428571428571428,2.8,3.2,-4.114285714285714,-0.457142857142857,80.92857142857143,2.0145714285714287,71.42857142857143,19.047142857142852,5.6,23.428571428571427,214.6,1015.6428571428572,83.71428571428571,14.785714285714286,-9.522276207614595
22.842857142857145,12.771428571428572,17.67142857142857,22.842857142857145,12.771428571428572,17.67142857142857,69.85714285714286,1.514857142857143,42.85714285714285,6.548571428571429,0.0,19.285714285714285,243.72857142857143,1013.6428571428572,58.71428571428572,14.55714285714286,-0.7347770479684641
25.87142857142857,14.457142857142856,20.37142857142857,25.785714285714285,14.457142857142856,20.357142857142858,65.38571428571429,1.9024285714285716,85.71428571428571,22.02285714285714,0.0,15.671428571428573,200.72857142857143,1020.0,46.92857142857143,12.471428571428572,-33.45998976421879
15.1,7.6,11.257142857142856,15.1,5.857142857142857,10.414285714285716,79.78571428571429,3.105,71.42857142857143,20.83428571428572,0.0,23.085714285714285,188.57142857142856,1016.6714285714288,75.71428571428571,16.02857142857143,11.367130855712048
26.285714285714285,13.414285714285716,20.385714285714283,26.6,13.314285714285711,20.52857142857143,65.02857142857142,0.5678571428571428,14.285714285714286,1.19,0.0,18.17142857142857,129.05714285714285,1019.157142857143,31.4,15.357142857142858,139.25148869455234
28.685714285714287,17.37142857142857,23.1,29.985714285714288,17.37142857142857,23.514285714285712,69.8,1.3372857142857144,42.85714285714285,4.762857142857143,0.0,18.571428571428573,195.92857142857144,1017.7285714285716,20.7,13.2,15.499562349507414
18.957142857142856,7.557142857142857,13.214285714285714,18.957142857142856,5.585714285714286,12.728571428571428,60.785714285714285,0.3361428571428572,42.85714285714285,5.357142857142857,0.0,22.571428571428573,137.65714285714287,1017.9142857142856,47.68571428571428,16.342857142857145,9.64792415779607
4.857142857142857,-2.3428571428571425,0.9142857142857144,0.5,-7.514285714285714,-3.642857142857143,71.97142857142858,0.6128571428571429,71.42857142857143,10.714285714285714,3.0,30.37142857142857,224.3,1015.5714285714286,75.91428571428571,13.87142857142857,-29.03483109672834
24.62857142857143,15.614285714285714,20.37142857142857,24.65714285714285,15.614285714285714,20.385714285714283,67.24285714285715,6.081428571428572,42.85714285714285,15.475714285714286,0.0,19.314285714285717,179.20000000000002,1019.7142857142856,59.48571428571428,17.87142857142857,-4.397120412017557
9.642857142857142,0.4714285714285714,4.714285714285714,7.942857142857142,-3.0,2.357142857142857,73.01428571428572,0.456,28.571428571428573,7.738571428571428,0.0,23.8,209.97142857142856,1018.6428571428572,68.72857142857143,14.385714285714286,39.84517510061914
19.24285714285714,8.22857142857143,13.685714285714283,19.185714285714287,6.9,12.985714285714284,64.15714285714286,3.772857142857143,42.85714285714285,10.118571428571428,0.0,25.74285714285714,218.62857142857143,1016.5571428571428,59.2,14.685714285714283,-28.40229081188886
15.94285714285714,8.357142857142858,11.828571428571427,15.94285714285714,7.042857142857143,11.242857142857144,77.5,1.1975714285714285,71.42857142857143,14.881428571428572,0.0,23.785714285714285,101.31428571428572,1010.0571428571428,84.25714285714285,13.7,-11.262258983471613
1.2999999999999996,-9.228571428571428,-3.6714285714285713,-4.342857142857143,-16.571428571428573,-10.12857142857143,68.21428571428571,0.3288571428571428,42.85714285714285,8.332857142857142,4.66,33.82857142857143,251.0142857142857,1010.7857142857144,73.11428571428571,18.37142857142857,-12.165495891532146
2.8714285714285714,-3.814285714285714,-0.3000000000000001,-0.3714285714285714,-8.885714285714286,-4.871428571428571,73.07142857142857,0.9524285714285714,42.85714285714285,8.332857142857142,8.0,29.057142857142857,174.25714285714284,1016.3857142857142,76.11428571428571,13.714285714285714,420.9174809255328
-1.0714285714285714,-9.3,-5.128571428571429,-4.942857142857143,-14.742857142857144,-9.614285714285714,64.67142857142856,0.284,42.85714285714285,5.952857142857143,0.9714285714285714,23.342857142857145,205.65714285714287,1019.2571428571428,55.41428571428571,14.357142857142858,-28.551685215058114
5.971428571428571,-0.5142857142857142,2.8285714285714287,4.957142857142857,-4.557142857142857,-0.0428571428571428,88.54285714285713,0.5184285714285715,42.85714285714285,5.357142857142857,10.0,20.357142857142858,206.68571428571428,1015.4857142857144,99.08571428571427,7.385714285714286,495.2631470997803
0.3999999999999999,-9.271428571428572,-4.142857142857143,-4.4,-15.7,-9.414285714285716,69.58571428571429,1.179,28.571428571428573,6.548571428571429,8.014285714285714,25.414285714285715,186.17142857142855,1018.7142857142856,59.07142857142857,14.0,25.70039472746976
8.828571428571427,3.628571428571429,6.185714285714285,7.828571428571428,0.2857142857142857,3.5285714285714285,83.77142857142857,1.101142857142857,71.42857142857143,10.714285714285714,0.0,21.11428571428572,150.0142857142857,1013.5571428571428,90.14285714285714,11.842857142857143,115.78317438999692
-2.4285714285714284,-6.057142857142857,-4.142857142857143,-4.371428571428572,-9.828571428571427,-7.542857142857143,79.82857142857142,0.0241428571428571,42.85714285714285,1.7871428571428571,10.814285714285717,14.94285714285714,265.9428571428571,1021.2428571428572,92.35714285714286,13.257142857142856,30.450892031451986
9.785714285714286,0.2285714285714286,5.085714285714286,8.885714285714286,-3.957142857142857,2.314285714285714,67.38571428571429,0.9727142857142856,42.85714285714285,12.5,0.0,23.928571428571427,253.65714285714284,1015.5571428571428,61.22857142857144,18.02857142857143,-32.62174061696146
11.171428571428573,4.757142857142858,7.928571428571429,10.842857142857143,1.8285714285714287,5.9,73.98571428571428,5.3,100.0,23.80857142857143,0.0,22.67142857142857,203.3571428571429,1013.9142857142856,89.51428571428572,13.328571428571427,48.74495813416706
-1.4857142857142855,-8.257142857142856,-4.971428571428571,-6.142857142857143,-14.55714285714286,-10.671428571428573,75.17142857142858,0.96,71.42857142857143,16.66857142857143,4.428571428571429,25.085714285714285,217.58571428571432,1018.5714285714286,88.71428571428571,12.614285714285714,-59.83747914804826
6.7,0.7142857142857143,3.5285714285714285,3.2285714285714286,-4.228571428571429,-0.6714285714285715,74.89999999999999,1.0338571428571428,71.42857142857143,11.31,1.9,34.18571428571429,231.2142857142857,1011.8857142857142,87.95714285714287,15.671428571428573,70.70022236788168
-0.5714285714285715,-6.485714285714286,-3.5285714285714285,-5.814285714285715,-13.071428571428571,-9.414285714285716,68.97142857142858,0.9325714285714284,42.85714285714285,21.428571428571427,7.399999999999999,28.0,254.04285714285717,1009.0142857142856,70.28571428571429,16.32857142857143,66.99867183838455
-0.1999999999999998,-7.371428571428572,-3.671428571428572,-4.571428571428571,-13.328571428571427,-8.714285714285714,73.05714285714285,0.1264285714285714,14.285714285714286,2.975714285714285,2.3428571428571425,23.8,268.9142857142857,1013.157142857143,79.15714285714286,12.9,18.61163158455884
2.685714285714285,-4.342857142857143,-0.7999999999999999,-0.6714285714285714,-8.071428571428571,-4.271428571428571,73.14285714285714,0.0634285714285714,14.285714285714286,4.167142857142857,14.585714285714284,17.0,291.7,1016.2428571428572,62.2,15.3,10.878889001346806
2.8428571428571425,-3.5142857142857147,-0.1999999999999999,-0.2714285714285714,-8.642857142857142,-4.628571428571428,80.25714285714285,3.0977142857142854,71.42857142857143,25.594285714285714,1.3,23.814285714285717,191.3428571428572,1009.6714285714286,73.11428571428571,12.657142857142857,24.207566841924063
25.32857142857143,16.37142857142857,20.642857142857142,25.685714285714287,16.37142857142857,20.685714285714287,75.8,5.298285714285714,71.42857142857143,19.64428571428571,0.0,19.285714285714285,151.54285714285714,1014.4428571428572,61.72857142857144,17.02857142857143,47.84637346816726
20.428571428571427,8.428571428571429,14.12857142857143,20.428571428571427,7.685714285714285,13.857142857142858,71.82857142857144,0.3354285714285714,57.142857142857146,5.357142857142857,0.0,26.057142857142857,235.2142857142857,1009.2714285714284,51.01428571428572,18.857142857142858,17.160708874431748
8.114285714285716,2.3857142857142857,5.3,6.128571428571428,-0.7285714285714285,2.657142857142857,74.41428571428571,3.470142857142857,57.142857142857146,26.787142857142857,0.0,21.957142857142856,219.65714285714284,1015.0428571428572,88.74285714285715,14.157142857142857,120.90789131418978
9.714285714285714,2.457142857142857,5.742857142857143,8.214285714285714,-0.6857142857142857,3.142857142857143,70.71428571428571,2.355571428571429,42.85714285714285,11.904285714285717,0.0,29.02857142857143,226.54285714285717,1019.9285714285714,80.89999999999999,15.757142857142856,22.59866526915061
29.071428571428573,18.642857142857142,23.7,30.085714285714285,18.642857142857142,24.142857142857142,72.15714285714286,0.8484285714285714,28.571428571428573,5.357142857142857,0.0,20.414285714285715,218.07142857142856,1013.7714285714286,45.12857142857143,14.071428571428571,17.507035610199864
7.657142857142857,1.3,4.685714285714285,4.314285714285714,-2.7285714285714286,0.5428571428571428,74.62857142857142,1.9972857142857143,85.71428571428571,22.02428571428572,0.0,31.642857142857142,246.2428571428571,1008.2142857142856,86.97142857142856,16.942857142857143,-43.108607747925134
1.3285714285714287,-4.585714285714286,-1.6,-2.3857142857142857,-10.12857142857143,-6.271428571428571,74.78571428571429,0.0634285714285714,28.571428571428573,2.975714285714285,1.457142857142857,24.885714285714283,204.72857142857143,1013.5285714285714,78.57142857142857,14.428571428571429,-7.230704399768001
19.11428571428572,8.428571428571429,13.9,19.11428571428572,6.885714285714286,13.242857142857144,66.14285714285714,2.2904285714285715,85.71428571428571,11.308571428571428,0.0,31.442857142857143,184.8428571428572,1019.1571428571428,45.471428571428575,14.828571428571427,39.24540999020178
-0.5428571428571428,-8.071428571428571,-4.614285714285714,-5.185714285714285,-14.785714285714286,-10.542857142857144,74.58571428571429,0.0965714285714285,42.85714285714285,2.381428571428572,0.0,28.37142857142857,159.67142857142858,1020.3285714285714,76.0,18.957142857142856,-10.981138671331337
23.61428571428572,12.028571428571428,18.12857142857143,23.585714285714285,11.742857142857144,18.057142857142857,64.78571428571429,1.1174285714285712,28.571428571428573,6.548571428571429,0.0,23.642857142857142,193.9142857142857,1012.2857142857144,55.98571428571428,18.357142857142858,-11.5608125316121
7.242857142857143,0.1142857142857141,2.857142857142857,4.9,-4.685714285714285,-0.6,85.05714285714285,2.004,42.85714285714285,17.855714285714285,0.0,23.77142857142857,124.41428571428573,1015.342857142857,82.57142857142857,9.214285714285714,-45.12469828327198
28.02857142857143,16.057142857142857,22.514285714285712,28.028571428571432,16.057142857142857,22.485714285714288,57.785714285714285,0.6242857142857143,28.571428571428573,6.548571428571429,0.0,18.15714285714285,144.72857142857143,1021.1428571428572,25.65714285714285,15.671428571428573,-9.780093196724463
31.62857142857143,19.02857142857143,25.6,31.214285714285715,19.02857142857143,25.571428571428573,57.62857142857143,0.006,14.285714285714286,0.5957142857142858,0.0,16.37142857142857,188.78571428571428,1015.6142857142858,27.514285714285712,14.485714285714286,-11.666813494645794
15.8,8.485714285714286,12.085714285714284,15.8,7.242857142857143,11.457142857142856,78.31428571428572,1.517,85.71428571428571,17.262857142857143,0.0,18.6,188.0,1014.2,71.5142857142857,14.157142857142857,47.6823488766554
3.1142857142857143,-3.814285714285714,-0.4857142857142857,-0.3142857142857141,-7.871428571428572,-4.271428571428571,82.52857142857144,1.7382857142857142,71.42857142857143,14.284285714285714,1.0,25.485714285714288,199.64285714285717,1014.7142857142856,81.38571428571429,10.685714285714283,83.20807772560056
-6.257142857142858,-14.585714285714284,-10.042857142857144,-9.3,-19.014285714285712,-14.042857142857144,71.07142857142857,0.0684285714285714,42.85714285714285,4.761428571428572,26.957142857142856,16.02857142857143,236.04285714285717,1019.7571428571428,72.67142857142856,12.514285714285714,75.39491574025669
7.028571428571429,-1.2428571428571429,2.6142857142857143,3.900000000000001,-6.242857142857143,-1.6999999999999995,75.81428571428572,3.8215714285714286,57.142857142857146,25.0,2.025,27.31428571428572,225.8428571428572,1012.5571428571428,86.34285714285714,15.085714285714284,-57.05695683116346
11.885714285714286,1.885714285714286,6.885714285714286,11.228571428571428,0.9285714285714286,5.728571428571429,70.95714285714286,0.1158571428571428,57.142857142857146,4.761428571428572,0.0,18.8,116.98571428571428,1020.3714285714286,54.271428571428565,14.171428571428573,43.70150024035024
16.2,7.042857142857144,11.885714285714286,16.2,6.042857142857144,11.37142857142857,66.2,2.393142857142857,71.42857142857143,22.02428571428572,0.0,20.457142857142856,180.5285714285714,1011.5,61.75714285714286,14.328571428571427,-5.864696485121613
23.7,11.885714285714286,17.428571428571427,23.65714285714285,11.714285714285714,17.414285714285715,68.55714285714285,0.048,14.285714285714286,0.5957142857142858,0.0,21.357142857142858,191.4142857142857,1021.2428571428572,38.51428571428571,22.67142857142857,-51.543521071366285
15.44285714285714,6.142857142857143,10.5,14.142857142857142,3.414285714285714,8.5,67.97142857142858,2.820285714285714,71.42857142857143,23.214285714285715,0.0,29.042857142857144,154.5,1011.0571428571428,74.18571428571428,14.242857142857144,-1.125533237225909
21.32857142857143,13.2,16.97142857142857,21.32857142857143,13.2,16.97142857142857,81.24285714285715,0.2642857142857143,28.571428571428573,7.142857142857143,0.0,15.357142857142858,134.91428571428574,1020.5571428571428,59.42857142857143,12.928571428571429,39.75197178880308
11.328571428571427,2.2857142857142856,6.971428571428571,10.0,-1.2714285714285716,4.428571428571429,64.47142857142858,2.694571428571429,57.142857142857146,14.882857142857144,0.0,27.342857142857145,196.2,1015.0857142857144,72.27142857142857,19.75714285714286,41.56757057600612
