tempmax,tempmin,temp,feelslikemax,feelslikemin,feelslike,humidity,precip,precipprob,precipcover,snowdepth,windspeed,winddir,sealevelpressure,cloudcover,visibility,deaths
16.785714285714285,6.0,11.314285714285717,16.785714285714285,4.9,10.728571428571428,72.51428571428572,2.794285714285714,14.285714285714286,9.524285714285714,0.0,20.028571428571432,151.68571428571428,1019.1428571428572,47.52857142857143,25.514285714285712,1514
14.542857142857144,1.9,8.357142857142858,13.614285714285714,-2.0428571428571427,6.414285714285716,60.58571428571429,3.3127142857142857,71.42857142857143,14.881428571428572,1.0,26.77142857142857,210.44285714285712,1012.0428571428572,62.142857142857146,22.514285714285712,1628
0.3428571428571429,-4.757142857142857,-2.157142857142857,-2.242857142857143,-10.357142857142858,-6.242857142857143,75.78571428571429,1.512285714285714,57.142857142857146,16.071428571428573,3.0,21.542857142857144,156.15714285714284,1023.2428571428572,75.12857142857142,13.328571428571427,1584
18.714285714285715,8.314285714285715,14.028571428571428,18.714285714285715,6.571428571428571,13.62857142857143,66.60000000000001,1.7148571428571429,42.85714285714285,11.905714285714286,0.0,26.25714285714286,118.51428571428572,1019.0142857142856,61.44285714285714,18.65714285714285,1437
3.9,-3.571428571428572,-0.0714285714285714,0.1857142857142856,-9.2,-5.014285714285714,68.68571428571428,3.758428571428571,28.571428571428573,11.31,0.0,29.74285714285714,249.08571428571423,1016.6,70.67142857142858,14.928571428571429,1656
9.114285714285714,3.985714285714285,6.614285714285714,8.271428571428572,1.7285714285714284,4.871428571428572,88.75714285714285,3.928571428571429,85.71428571428571,31.545714285714286,0.0,18.32857142857143,200.45714285714288,1010.5571428571428,90.84285714285714,13.971428571428572,1606
-3.142857142857143,-10.857142857142858,-6.414285714285714,-6.828571428571428,-14.557142857142855,-10.242857142857144,75.94285714285715,0.4961428571428571,71.42857142857143,9.524285714285714,6.742857142857143,20.6,247.9142857142857,1016.8571428571428,82.84285714285714,11.142857142857142,1657
20.414285714285715,8.857142857142858,15.099999999999998,20.27142857142857,7.485714285714286,14.457142857142856,62.51428571428572,0.7221428571428571,42.85714285714285,7.142857142857143,0.0,30.142857142857142,192.08571428571423,1015.6142857142858,44.25714285714286,14.971428571428572,1477
-5.8,-13.857142857142858,-9.528571428571428,-9.457142857142856,-17.3,-13.5,77.81428571428572,0.9545714285714284,42.85714285714285,13.095714285714283,22.11428571428572,19.414285714285715,169.95714285714286,1023.0571428571428,67.68571428571428,11.585714285714284,1488
29.071428571428573,17.8,23.642857142857142,29.17142857142857,17.8,23.857142857142858,55.15714285714286,1.007,14.285714285714286,0.5957142857142858,0.0,22.957142857142856,302.65714285714284,1012.7857142857144,35.9,18.642857142857142,1391
4.0,-1.7285714285714284,1.0285714285714287,1.7857142857142858,-5.171428571428572,-1.7714285714285716,84.48571428571428,1.2184285714285714,28.571428571428573,13.095714285714283,0.0,16.17142857142857,202.97142857142856,1013.9285714285714,57.07142857142857,12.014285714285714,1660
-0.6571428571428571,-5.585714285714286,-2.914285714285714,-4.614285714285714,-11.985714285714286,-8.27142857142857,73.28571428571429,0.2537142857142856,42.85714285714285,3.572857142857143,13.185714285714283,25.714285714285715,226.4857142857143,1019.5142857142856,91.38571428571429,11.914285714285716,1747
20.185714285714287,7.442857142857143,13.8,20.185714285714287,6.057142857142858,13.171428571428573,63.4,1.8037142857142856,42.85714285714285,14.285714285714286,0.0,23.857142857142858,274.42857142857144,1011.9857142857144,45.02857142857143,14.857142857142858,1348
2.8857142857142857,-3.4714285714285715,-0.5285714285714286,0.1285714285714288,-8.457142857142857,-4.914285714285714,86.08571428571429,0.733,71.42857142857143,11.31,9.2,22.857142857142858,173.9857142857143,1015.0428571428572,84.17142857142856,10.528571428571428,1824
24.82857142857143,15.0,19.485714285714288,24.814285714285717,15.0,19.485714285714288,74.51428571428572,0.2344285714285714,14.285714285714286,2.975714285714285,0.0,15.157142857142857,156.6142857142857,1020.5,39.31428571428571,14.757142857142856,1325
21.228571428571428,10.8,16.02857142857143,21.228571428571428,9.9,15.771428571428572,69.97142857142858,7.763714285714286,42.85714285714285,20.23857142857143,0.0,27.685714285714287,243.7571428571429,1015.6428571428572,57.12857142857143,20.7,1458
5.442857142857143,-1.442857142857143,2.257142857142857,2.3428571428571425,-6.971428571428571,-2.1142857142857143,73.35714285714286,1.6584285714285714,71.42857142857143,23.214285714285715,5.0,28.571428571428573,181.25714285714284,1010.5428571428572,77.25714285714285,14.142857142857142,1622
25.928571428571427,15.114285714285714,20.82857142857143,26.185714285714287,15.114285714285714,20.885714285714283,65.14285714285714,1.5508571428571432,71.42857142857143,20.83428571428572,0.0,20.17142857142857,275.87142857142857,1012.8714285714286,57.42857142857143,14.814285714285717,1394
11.171428571428573,3.442857142857143,6.857142857142857,9.957142857142856,-0.1142857142857144,4.357142857142857,71.17142857142856,3.325142857142857,57.142857142857146,19.04714285714286,0.0,28.385714285714283,193.75714285714284,1007.2,73.38571428571429,17.385714285714286,1604
10.242857142857144,4.185714285714286,6.9,8.557142857142857,1.242857142857143,4.557142857142857,80.37142857142858,1.0155714285714286,57.142857142857146,8.334285714285715,0.0285714285714285,22.17142857142857,196.0285714285714,1009.5,89.74285714285715,13.671428571428573,1634
5.542857142857143,-2.157142857142857,1.585714285714286,3.4714285714285715,-4.5,-0.9857142857142858,83.01428571428572,0.2835714285714285,57.142857142857146,10.118571428571428,0.2,17.014285714285712,140.21428571428572,1022.157142857143,61.05714285714286,13.485714285714286,1553
8.299999999999999,1.4428571428571428,4.471428571428572,6.857142857142857,-1.4428571428571428,2.1714285714285717,69.01428571428572,0.1912857142857142,42.85714285714285,8.334285714285715,0.0,23.014285714285712,272.4714285714286,1014.3571428571428,77.64285714285714,15.142857142857142,1457
23.585714285714285,9.87142857142857,16.385714285714286,23.542857142857144,9.471428571428572,16.2,65.6,0.018,42.85714285714285,2.381428571428572,0.0,17.042857142857144,191.82857142857145,1022.342857142857,27.142857142857142,14.428571428571429,1273
24.014285714285712,12.357142857142858,18.085714285714285,24.142857142857142,12.228571428571428,18.1,75.47142857142856,0.0505714285714285,28.571428571428573,1.7857142857142858,0.0,20.15714285714285,101.2,1014.0714285714286,52.6,15.0,1544
23.75714285714286,17.071428571428573,20.042857142857144,23.87142857142857,17.071428571428573,20.042857142857144,79.88571428571429,19.15271428571429,57.142857142857146,22.02285714285714,0.0,20.057142857142857,189.95714285714288,1017.6428571428572,82.07142857142857,9.62857142857143,1378
24.82857142857143,14.44285714285714,19.81428571428572,24.928571428571427,14.44285714285714,19.842857142857145,71.21428571428571,0.0291428571428571,28.571428571428573,1.1914285714285715,0.0,21.414285714285715,133.04285714285714,1019.0142857142856,48.142857142857146,15.828571428571427,1381
26.842857142857145,17.728571428571428,22.014285714285712,27.357142857142858,17.728571428571428,22.12857142857143,73.84285714285714,1.7484285714285714,71.42857142857143,8.928571428571429,0.0,18.942857142857143,238.6142857142857,1014.3714285714286,71.51428571428572,12.828571428571427,1373
15.471428571428572,2.957142857142857,9.085714285714284,15.471428571428572,2.0,8.1,71.2,0.0588571428571428,28.571428571428573,1.7857142857142858,0.0142857142857142,22.25714285714286,251.3,1022.8285714285714,34.957142857142856,13.757142857142856,1627
3.757142857142857,-6.671428571428572,-1.457142857142857,1.6,-8.485714285714286,-3.2,58.81428571428571,0.0904285714285714,14.285714285714286,1.19,0.0,14.414285714285716,202.2,1018.0857142857144,32.34285714285714,15.9,1418
4.542857142857143,-3.942857142857143,0.4285714285714284,1.0285714285714287,-8.9,-3.685714285714286,65.0,1.410857142857143,71.42857142857143,11.905714285714286,6.5,27.87142857142857,154.57142857142858,1018.1428571428572,52.25714285714285,14.357142857142858,1499
23.842857142857145,11.757142857142856,17.571428571428573,23.585714285714285,11.12857142857143,17.414285714285715,66.64285714285714,0.157,28.571428571428573,2.975714285714285,0.0,18.97142857142857,237.52857142857144,1018.157142857143,38.871428571428574,15.528571428571428,1442
7.371428571428572,1.2857142857142858,4.128571428571428,5.728571428571429,-2.5142857142857147,1.2142857142857142,74.92857142857143,2.6,28.571428571428573,10.12,0.0,20.957142857142856,218.14285714285717,1019.5142857142856,74.42857142857143,14.257142857142856,1594
9.685714285714283,1.842857142857143,5.842857142857143,8.6,-0.1142857142857144,3.957142857142857,73.8,1.2784285714285717,42.85714285714285,9.524285714285714,0.0,19.4,163.21428571428572,1021.842857142857,68.67142857142858,15.271428571428572,1604
4.957142857142857,-2.771428571428572,0.6714285714285714,1.7714285714285716,-7.728571428571429,-3.4,78.82857142857142,0.013,14.285714285714286,0.5957142857142858,0.0,22.2,236.08571428571423,1015.8571428571428,43.65714285714286,14.728571428571428,1676
11.657142857142857,3.6,7.328571428571428,11.05714285714286,-0.0428571428571429,5.071428571428571,73.47142857142856,2.996,85.71428571428571,29.76142857142857,0.3,25.342857142857145,192.8428571428572,1010.3571428571428,70.25714285714285,13.671428571428573,1601
19.428571428571427,6.685714285714285,12.828571428571433,19.02857142857143,6.1000000000000005,12.342857142857143,72.84285714285714,1.1261428571428571,42.85714285714285,8.334285714285715,0.0,22.514285714285712,210.2428571428572,1015.9428571428572,43.41428571428571,14.828571428571427,1487
26.728571428571428,16.185714285714287,21.428571428571427,26.75714285714286,16.185714285714287,21.442857142857143,74.15714285714286,0.122,14.285714285714286,2.975714285714285,0.0,16.2,140.9,1019.9428571428572,32.74285714285714,14.0,1379
5.342857142857143,0.6428571428571429,3.042857142857143,1.5714285714285714,-3.6142857142857134,-1.0428571428571427,83.8,1.2025714285714284,57.142857142857146,12.501428571428573,0.0,26.37142857142857,183.7,1013.6857142857144,86.62857142857142,13.87142857142857,1586
0.3571428571428571,-3.571428571428572,-1.3857142857142857,-3.8,-8.8,-6.371428571428571,84.15714285714286,1.7587142857142857,100.0,19.045714285714286,1.15,23.1,243.4,1013.0428571428572,92.8,12.757142857142856,1848
2.314285714285714,-3.985714285714286,-0.6142857142857142,-1.1142857142857143,-9.62857142857143,-5.057142857142857,80.45714285714287,0.3187142857142856,42.85714285714285,8.334285714285715,3.0,23.442857142857143,216.6,1017.9428571428572,67.81428571428572,13.814285714285717,1607
15.828571428571427,9.242857142857144,12.342857142857143,15.828571428571427,7.3,11.671428571428573,80.34285714285714,2.874714285714286,71.42857142857143,26.785714285714285,0.0,23.15714285714285,90.42857142857144,1021.8,89.22857142857143,15.62857142857143,1583
17.485714285714288,5.2,11.242857142857144,17.485714285714288,3.071428571428572,10.1,53.971428571428575,1.853,28.571428571428573,7.142857142857143,0.0,27.457142857142856,155.45714285714286,1011.6285714285714,50.114285714285714,20.414285714285715,1527
19.72857142857143,12.857142857142858,16.585714285714285,19.72857142857143,12.62857142857143,16.557142857142857,78.55714285714285,10.147428571428572,57.142857142857146,27.38,0.0,21.32857142857143,184.8,1020.6285714285714,79.97142857142856,16.5,1380
7.485714285714286,-3.1,2.1714285714285717,5.242857142857143,-5.528571428571429,-0.6,63.4,0.0,0.0,0.0,7.985714285714286,17.614285714285714,215.27142857142852,1022.3285714285714,34.32857142857143,13.94285714285714,1602
1.5142857142857145,-6.414285714285714,-2.142857142857143,-3.242857142857143,-13.014285714285714,-8.028571428571428,71.04285714285714,2.6407142857142856,42.85714285714285,16.071428571428573,0.0,32.75714285714286,232.22857142857143,1018.3571428571428,72.17142857142856,17.02857142857143,1642
-0.2142857142857142,-8.314285714285715,-4.728571428571429,-4.214285714285714,-14.514285714285714,-10.242857142857144,77.05714285714285,4.203571428571428,42.85714285714285,19.047142857142852,2.7142857142857144,28.02857142857143,250.32857142857145,1023.5142857142856,69.44285714285715,12.828571428571427,2076
26.414285714285715,15.9,21.65714285714285,26.642857142857142,15.9,21.7,64.32857142857144,0.7731428571428571,42.85714285714285,10.118571428571428,0.0,20.942857142857143,278.87142857142857,1018.4857142857144,39.35714285714285,14.828571428571427,1418
27.428571428571427,15.771428571428572,21.714285714285715,27.52857142857143,15.771428571428572,21.728571428571428,69.05714285714285,0.4885714285714286,28.571428571428573,6.547142857142857,0.0,13.9,170.28571428571428,1016.9285714285714,39.52857142857143,12.94285714285714,1305
14.12857142857143,4.585714285714286,9.042857142857144,13.242857142857144,2.071428571428572,7.371428571428572,56.642857142857146,0.6082857142857143,14.285714285714286,6.547142857142857,0.0142857142857142,26.8,205.7428571428572,1018.9,41.21428571428572,15.714285714285714,1519
24.485714285714288,13.3,18.885714285714283,24.485714285714288,13.3,18.885714285714283,72.95714285714286,1.6881428571428572,57.142857142857146,6.547142857142857,0.0,20.314285714285717,230.05714285714288,1018.6285714285714,45.68571428571429,21.142857142857142,1357
14.185714285714283,5.6000000000000005,9.8,13.771428571428572,3.171428571428572,8.371428571428572,69.42857142857143,0.5314285714285715,28.571428571428573,7.738571428571428,0.0,21.342857142857145,173.85714285714286,1018.7142857142856,69.97142857142858,15.3,1474
-4.9,-14.785714285714286,-9.571428571428571,-8.971428571428572,-21.52857142857143,-15.485714285714286,75.04285714285713,8.703857142857142,71.42857142857143,12.501428571428573,21.814285714285717,24.97142857142857,172.55714285714288,1021.7714285714284,56.642857142857146,13.142857142857142,1629
25.714285714285715,16.04285714285714,21.071428571428573,26.042857142857144,16.04285714285714,21.15714285714285,69.52857142857142,1.224,57.142857142857146,7.740000000000001,0.0,18.75714285714286,146.84285714285716,1016.3,51.271428571428565,14.485714285714286,1331
0.5428571428571427,-5.9,-2.571428571428572,-4.1000000000000005,-10.742857142857144,-7.6571428571428575,79.91428571428571,2.972142857142857,57.142857142857146,5.357142857142857,7.140000000000001,25.428571428571427,234.4857142857143,1017.5428571428572,62.67142857142858,12.242857142857144,1881
8.0,0.5714285714285714,4.142857142857143,6.042857142857143,-2.0,1.7142857142857146,72.74285714285715,2.089142857142857,57.142857142857146,22.02285714285714,0.0,21.82857142857143,214.7428571428572,1020.8857142857142,68.51428571428572,13.171428571428573,1529
14.214285714285714,3.414285714285714,8.72857142857143,13.828571428571427,2.4,7.857142857142857,63.771428571428565,0.5137142857142857,28.571428571428573,4.1657142857142855,0.0,21.885714285714283,274.1857142857143,1014.1714285714286,45.885714285714286,15.742857142857144,1413
5.928571428571429,-1.842857142857143,1.914285714285714,3.114285714285714,-5.1000000000000005,-1.4,78.05714285714285,0.2405714285714285,28.571428571428573,4.1657142857142855,0.0,23.4,176.52857142857144,1015.2142857142856,75.98571428571428,15.157142857142857,1606
2.314285714285714,-4.671428571428572,-1.1714285714285713,-1.8285714285714287,-10.842857142857143,-6.342857142857143,74.45714285714287,2.1318571428571427,85.71428571428571,25.595714285714287,7.12,30.2,222.78571428571428,1016.1285714285714,88.38571428571429,18.457142857142856,1613
27.3,17.085714285714285,22.32857142857143,28.342857142857145,17.085714285714285,22.62857142857143,70.88571428571429,2.2544285714285714,28.571428571428573,8.334285714285715,0.0,21.11428571428572,176.77142857142857,1016.0142857142856,46.8,12.3,1346
0.9142857142857144,-8.385714285714286,-3.642857142857143,-3.742857142857143,-14.571428571428571,-9.4,69.35714285714286,4.559857142857143,71.42857142857143,22.02285714285714,3.08,29.785714285714285,184.28571428571428,1023.6,75.74285714285715,11.257142857142856,1682
5.728571428571429,-1.085714285714286,2.142857142857143,3.8,-6.342857142857143,-1.6714285714285717,75.21428571428571,5.659,71.42857142857143,24.40571428571429,0.5571428571428572,26.11428571428572,239.3,1013.8285714285714,77.5,12.985714285714286,1604
1.6714285714285713,-4.5,-1.342857142857143,-1.4,-9.342857142857143,-5.542857142857143,72.01428571428572,1.0294285714285714,28.571428571428573,11.904285714285717,3.542857142857143,21.642857142857142,202.0142857142857,1018.5142857142856,62.52857142857143,12.957142857142856,1893
7.071428571428571,-1.1142857142857143,2.5142857142857147,4.514285714285714,-6.442857142857143,-2.185714285714286,67.74285714285715,2.739142857142857,57.142857142857146,10.12,0.9333333333333332,34.1,182.25714285714284,1017.2571428571428,68.5,20.314285714285717,1487
10.428571428571429,3.628571428571429,7.128571428571428,8.914285714285715,0.0857142857142856,4.5285714285714285,73.5,4.078,71.42857142857143,25.594285714285714,0.0,27.77142857142857,175.84285714285716,1010.7857142857144,83.45714285714284,14.1,1621
13.314285714285717,4.171428571428572,8.885714285714286,13.014285714285714,2.6142857142857143,7.771428571428571,71.2,2.261,42.85714285714285,8.927142857142856,0.0,21.6,262.9714285714286,1023.0857142857144,42.1,13.085714285714287,1561
4.328571428571428,-4.042857142857143,0.5428571428571429,1.8714285714285717,-8.128571428571428,-2.8857142857142857,70.58571428571427,0.0422857142857142,28.571428571428573,1.1914285714285715,0.0142857142857142,20.27142857142857,175.21428571428572,1021.6428571428572,77.58571428571429,14.771428571428572,1567
21.37142857142857,12.37142857142857,16.771428571428572,21.75714285714286,12.37142857142857,16.8,78.8,7.090142857142857,100.0,23.80857142857143,0.0,24.37142857142857,179.6285714285714,1008.3714285714286,72.18571428571428,13.314285714285717,1376
12.285714285714286,4.642857142857143,7.957142857142857,10.985714285714286,1.0857142857142856,5.6571428571428575,66.78571428571429,1.9625714285714284,28.571428571428573,7.738571428571428,0.0,27.071428571428573,267.65714285714284,1010.1857142857144,68.9,19.142857142857142,1643
19.942857142857143,9.685714285714283,14.37142857142857,19.942857142857143,8.357142857142858,14.05714285714286,76.37142857142858,1.1057142857142856,42.85714285714285,10.118571428571428,0.0,21.071428571428573,131.27142857142857,1024.042857142857,71.89999999999999,17.9,1488
29.52857142857143,20.714285714285715,24.97142857142857,31.97142857142857,20.714285714285715,25.82857142857143,78.04285714285713,5.423428571428572,71.42857142857143,17.262857142857143,0.0,23.685714285714287,198.08571428571423,1012.6,70.52857142857142,10.8,1427
4.628571428571428,-0.0142857142857142,2.185714285714285,1.6285714285714286,-3.585714285714286,-1.2142857142857142,80.31428571428572,3.2192857142857143,85.71428571428571,27.97714285714286,3.85,26.67142857142857,208.92857142857144,1014.6428571428572,76.78571428571429,12.87142857142857,1471
24.75714285714286,13.957142857142856,19.642857142857142,24.9,13.957142857142856,19.75714285714286,71.24285714285715,0.398,14.285714285714286,4.761428571428572,0.0,20.571428571428573,223.07142857142856,1016.0571428571428,34.871428571428574,15.457142857142856,1459
25.24285714285714,16.357142857142858,20.442857142857143,26.085714285714285,16.357142857142858,20.542857142857144,79.57142857142857,6.567571428571428,57.142857142857146,19.642857142857142,0.0,19.385714285714283,184.3428571428572,1020.1714285714286,67.0,14.342857142857143,1398
9.128571428571428,0.5714285714285715,5.342857142857143,7.557142857142857,-2.7857142857142856,2.8714285714285714,75.41428571428571,2.4252857142857143,42.85714285714285,16.071428571428573,0.0,30.12857142857143,223.97142857142856,1017.9571428571428,73.87142857142858,14.285714285714286,1501
-1.4285714285714286,-6.385714285714286,-3.6,-4.1571428571428575,-11.5,-7.700000000000001,83.88571428571429,1.5529999999999995,57.142857142857146,19.642857142857142,6.6571428571428575,21.77142857142857,222.7428571428572,1019.5714285714286,88.64285714285714,10.457142857142856,1684
5.3,-3.6571428571428575,0.9857142857142857,2.5571428571428574,-7.857142857142857,-2.771428571428572,72.8,1.839428571428572,71.42857142857143,19.642857142857142,5.628571428571428,24.071428571428573,175.27142857142857,1015.6857142857144,63.57142857142857,16.52857142857143,1566
25.9,12.785714285714286,19.5,26.285714285714285,12.671428571428573,19.61428571428572,68.25714285714285,0.0845714285714285,28.571428571428573,1.1914285714285715,0.0,20.2,125.08571428571427,1017.7,24.585714285714285,15.342857142857143,1331
22.3,13.2,18.04285714285714,22.814285714285717,12.414285714285716,17.914285714285715,68.22857142857143,0.0315714285714285,14.285714285714286,0.5957142857142858,0.0,24.75714285714286,243.8,1017.9857142857144,65.85714285714286,20.47142857142857,1350
14.271428571428572,5.442857142857142,9.7,14.271428571428572,3.557142857142857,8.9,74.32857142857142,2.5181428571428577,57.142857142857146,13.094285714285714,0.0,19.285714285714285,237.08571428571423,1022.2428571428572,70.75714285714285,15.757142857142856,1517
0.8285714285714286,-6.171428571428572,-2.6,-1.2714285714285711,-10.257142857142856,-5.842857142857143,70.67142857142856,0.0,0.0,0.0,4.828571428571428,16.2,243.8571428571429,1020.8,61.31428571428571,15.414285714285716,1770
26.47142857142857,17.385714285714286,21.61428571428572,27.02857142857143,17.385714285714286,21.7,77.71428571428571,1.5495714285714286,42.85714285714285,6.548571428571429,0.0,20.071428571428573,244.08571428571423,1016.6,58.614285714285714,12.428571428571429,1420
6.685714285714285,0.5142857142857143,3.6571428571428575,4.8,-3.7,0.1285714285714285,79.85714285714286,1.9465714285714284,85.71428571428571,22.618571428571432,1.6,23.571428571428573,239.0,1010.8285714285714,81.28571428571429,12.971428571428572,1550
10.085714285714284,-1.0857142857142856,3.7,8.642857142857142,-5.385714285714286,0.0857142857142859,71.44285714285715,0.7362857142857143,57.142857142857146,5.358571428571429,0.0,33.22857142857143,201.8142857142857,1013.9142857142856,69.2,14.271428571428572,1778
13.042857142857144,3.4714285714285715,7.957142857142857,12.414285714285716,1.2,6.6,74.21428571428571,0.0,0.0,0.0,0.0,19.7,264.1142857142857,1015.342857142857,53.642857142857146,20.728571428571428,1589
15.357142857142858,5.6000000000000005,10.55714285714286,15.12857142857143,4.442857142857143,9.9,58.34285714285714,0.2934285714285715,42.85714285714285,8.334285714285715,0.0,22.428571428571427,256.3285714285715,1018.657142857143,66.67142857142856,15.614285714285714,1408
31.042857142857144,19.785714285714285,25.61428571428572,33.2,19.785714285714285,26.45714285714286,72.74285714285715,1.39,57.142857142857146,5.952857142857143,0.0,19.914285714285715,263.1142857142857,1011.5428571428572,26.042857142857144,14.857142857142858,1380
-2.8428571428571425,-8.928571428571429,-5.5,-7.485714285714286,-15.271428571428572,-11.285714285714286,73.81428571428572,0.0767142857142857,57.142857142857146,4.167142857142857,2.9,25.65714285714285,233.4857142857143,1017.3142857142858,77.18571428571428,12.271428571428572,1549
-3.4857142857142853,-9.05714285714286,-5.971428571428571,-9.314285714285717,-16.014285714285712,-12.357142857142858,74.3,1.151,100.0,14.881428571428572,12.585714285714284,25.342857142857145,224.28571428571428,1018.6714285714286,86.07142857142857,15.228571428571428,1711
8.714285714285714,0.0142857142857143,4.5,6.314285714285715,-4.6571428571428575,1.1714285714285713,60.385714285714286,1.4807142857142854,42.85714285714285,10.118571428571428,0.0,30.714285714285715,238.41428571428568,1018.5142857142856,57.91428571428571,20.12857142857143,1506
29.97142857142857,17.342857142857145,23.8,29.7,17.342857142857145,23.77142857142857,62.07142857142857,0.2094285714285714,28.571428571428573,2.381428571428572,0.0,15.171428571428573,264.12857142857143,1014.0428571428572,34.77142857142857,15.9,1328
27.185714285714287,18.071428571428573,22.728571428571428,27.52857142857143,18.071428571428573,22.82857142857143,71.91428571428571,3.657,71.42857142857143,22.618571428571425,0.0,18.014285714285712,213.0,1015.8142857142856,56.885714285714286,13.5,1229
21.4,11.757142857142856,16.385714285714286,21.4,11.428571428571429,16.357142857142858,75.11428571428571,9.005571428571429,57.142857142857146,6.547142857142857,0.0,22.728571428571428,237.72857142857143,1014.8142857142856,57.457142857142856,23.52857142857143,1452
13.62857142857143,-0.0428571428571427,7.071428571428571,12.114285714285714,-4.728571428571429,4.371428571428572,54.75714285714286,2.3127142857142857,28.571428571428573,4.762857142857143,0.0,35.27142857142857,224.94285714285712,1023.9714285714286,56.02857142857143,22.24285714285714,1726
22.857142857142858,10.457142857142856,16.714285714285715,22.728571428571428,9.44285714285714,16.4,53.87142857142857,3.5502857142857143,42.85714285714285,11.308571428571428,0.0,19.714285714285715,151.84285714285713,1020.0571428571428,40.771428571428565,14.157142857142857,1370
29.728571428571428,16.52857142857143,23.057142857142857,30.285714285714285,16.52857142857143,23.27142857142857,64.7,2.0212857142857144,14.285714285714286,5.357142857142857,0.0,23.714285714285715,224.47142857142856,1013.8,26.6,15.042857142857144,1326
6.857142857142857,-1.9285714285714288,1.8571428571428568,5.542857142857143,-3.642857142857143,0.3571428571428571,74.77142857142857,0.0182857142857142,14.285714285714286,1.19,0.0,12.5,243.2142857142857,1024.3714285714284,46.142857142857146,13.214285714285714,1479
22.3,13.757142857142856,18.2,22.3,13.757142857142856,18.2,73.97142857142856,2.021428571428572,71.42857142857143,8.928571428571429,0.0,16.628571428571426,165.62857142857143,1018.1,58.142857142857146,15.014285714285714,1364
24.071428571428573,11.728571428571428,17.942857142857143,24.0,11.728571428571428,17.928571428571427,63.02857142857143,0.4208571428571428,42.85714285714285,6.547142857142857,0.0,20.7,175.85714285714286,1013.1,44.18571428571429,15.614285714285714,1308
-0.3142857142857144,-11.914285714285716,-5.9,-4.042857142857143,-16.842857142857145,-10.285714285714286,69.77142857142857,0.2627142857142857,14.285714285714286,2.381428571428572,13.0,20.785714285714285,216.8142857142857,1022.4857142857144,40.85714285714285,18.37142857142857,1702
-3.157142857142857,-10.614285714285714,-6.971428571428571,-7.728571428571428,-16.214285714285715,-12.3,72.77142857142857,1.0822857142857143,57.142857142857146,9.524285714285714,9.857142857142858,24.214285714285715,209.28571428571428,1020.3,77.21428571428571,13.671428571428573,1802
20.414285714285715,8.442857142857143,14.7,20.357142857142858,6.8,14.114285714285714,58.74285714285714,2.0785714285714287,71.42857142857143,10.118571428571428,0.0,25.142857142857142,107.67142857142858,1018.0571428571428,40.57142857142857,14.757142857142858,1443
29.0,19.1,24.085714285714285,29.728571428571428,19.1,24.428571428571427,68.7,5.719571428571428,42.85714285714285,18.452857142857145,0.0,20.67142857142857,187.97142857142856,1012.9714285714286,59.3,16.5,1504
20.442857142857143,13.071428571428571,16.228571428571428,20.485714285714288,12.928571428571429,16.214285714285715,82.32857142857142,6.417428571428571,71.42857142857143,26.19142857142857,0.0,20.071428571428573,150.3857142857143,1015.8,66.55714285714285,13.142857142857142,1536
26.885714285714283,16.17142857142857,21.685714285714287,26.942857142857143,16.17142857142857,21.714285714285715,64.7,0.2467142857142857,42.85714285714285,2.381428571428572,0.0,20.714285714285715,214.14285714285717,1017.1857142857144,35.42857142857143,15.642857142857142,1458
3.7285714285714286,-3.7285714285714286,-0.4142857142857142,1.2,-9.142857142857142,-4.471428571428572,72.92857142857143,0.4221428571428571,42.85714285714285,7.144285714285715,0.3142857142857143,25.214285714285715,201.05714285714288,1017.3571428571428,64.44285714285715,14.471428571428572,1810
11.62857142857143,3.1,7.1571428571428575,10.8,1.3571428571428572,5.571428571428571,77.3,0.5617142857142857,28.571428571428573,5.951428571428571,0.0,17.057142857142857,242.62857142857143,1017.9571428571428,68.82857142857144,14.87142857142857,1487
23.25714285714286,15.4,19.32857142857143,23.25714285714286,15.4,19.32857142857143,74.45714285714287,6.6932857142857145,42.85714285714285,18.45142857142857,0.0,17.585714285714285,175.07142857142858,1012.4428571428572,68.24285714285715,13.614285714285714,1321
9.428571428571429,0.8857142857142856,4.928571428571429,7.728571428571429,-1.0,2.814285714285714,76.92857142857143,0.8511428571428572,71.42857142857143,11.31,0.0,21.4,195.7,1014.7428571428572,67.1,13.94285714285714,1434
22.87142857142857,11.642857142857142,17.614285714285714,22.87142857142857,11.5,17.6,62.65714285714286,0.2441428571428571,42.85714285714285,5.952857142857143,0.0,19.0,179.29999999999998,1015.3857142857142,44.81428571428573,15.728571428571428,1378
7.357142857142857,0.4714285714285714,3.857142857142857,5.514285714285714,-4.014285714285714,0.2857142857142856,68.7,2.3795714285714284,28.571428571428573,12.5,0.0,27.8,154.07142857142858,1021.4142857142856,81.65714285714286,19.857142857142858,1883
-0.3714285714285714,-7.457142857142857,-3.585714285714286,-5.4,-12.685714285714289,-9.042857142857144,70.62857142857142,1.3118571428571428,28.571428571428573,10.714285714285714,8.8,27.914285714285715,240.5142857142857,1024.3428571428572,76.8,17.97142857142857,1842
22.7,12.457142857142856,17.757142857142856,22.728571428571428,11.842857142857143,17.6,60.22857142857144,0.6397142857142857,28.571428571428573,5.952857142857143,0.0,23.957142857142856,131.44285714285715,1018.9714285714286,49.0,16.1,1433
19.485714285714288,9.6,14.7,19.485714285714288,8.942857142857143,14.614285714285714,75.47142857142856,7.926857142857143,57.142857142857146,12.498571428571427,0.0,23.38571428571429,210.41428571428568,1014.9714285714286,43.871428571428574,14.3,1386
-1.0571428571428572,-8.642857142857142,-4.485714285714286,-4.728571428571429,-12.914285714285716,-8.842857142857143,73.89999999999999,1.5691428571428572,42.85714285714285,19.047142857142852,17.257142857142856,23.642857142857142,147.58571428571426,1019.9142857142856,59.42857142857143,12.985714285714286,1474
-0.0999999999999999,-5.528571428571429,-2.4285714285714284,-3.028571428571429,-11.542857142857144,-7.142857142857143,80.37142857142858,0.1798571428571428,42.85714285714285,8.334285714285715,4.971428571428571,21.714285714285715,227.3857142857143,1021.7,86.52857142857144,11.457142857142856,1820
-3.128571428571429,-12.042857142857144,-7.771428571428572,-9.471428571428572,-19.357142857142858,-14.614285714285714,69.22857142857143,0.5454285714285714,71.42857142857143,10.12142857142857,5.7,27.857142857142858,255.5285714285714,1016.5714285714286,65.2,13.671428571428573,1629
13.314285714285717,1.7571428571428571,7.742857142857142,12.785714285714286,-1.0142857142857142,5.885714285714286,53.57142857142857,0.1125714285714285,42.85714285714285,2.975714285714285,0.0,25.15714285714285,120.57142857142856,1014.8142857142856,43.34285714285714,15.8,1358
16.742857142857144,4.5,10.114285714285714,15.94285714285714,1.8000000000000005,8.142857142857142,64.68571428571428,1.3569999999999998,28.571428571428573,12.5,0.0,27.74285714285714,251.8,1018.0142857142856,44.5,14.571428571428571,1499
-4.714285714285714,-12.714285714285714,-8.385714285714286,-10.714285714285714,-20.4,-14.914285714285716,72.41428571428571,1.0298571428571428,57.142857142857146,16.667142857142856,4.4,25.15714285714285,266.4142857142857,1016.157142857143,78.97142857142856,15.757142857142856,1820
10.37142857142857,-0.4142857142857141,4.928571428571429,9.042857142857144,-4.685714285714285,2.0142857142857142,54.385714285714286,2.7264285714285714,28.571428571428573,7.142857142857143,0.0,34.357142857142854,222.4,1020.5857142857142,36.25714285714285,22.557142857142857,1787
24.514285714285712,14.528571428571428,19.6,24.75714285714286,14.528571428571428,19.685714285714287,70.32857142857144,3.2245714285714286,85.71428571428571,29.16857142857143,0.0,21.842857142857145,225.22857142857143,1006.4285714285714,61.771428571428565,13.242857142857144,1294
22.714285714285715,12.771428571428572,17.928571428571427,22.728571428571428,12.771428571428572,17.928571428571427,63.44285714285714,0.7081428571428571,42.85714285714285,9.522857142857143,0.0,22.342857142857145,273.68571428571425,1012.1714285714286,56.62857142857143,15.742857142857144,1379
29.7,19.985714285714288,24.65714285714285,30.9,19.985714285714288,25.15714285714285,72.07142857142857,12.461857142857143,57.142857142857146,15.477142857142857,0.0,17.314285714285713,260.5571428571429,1013.1,51.385714285714286,14.228571428571428,1306
28.914285714285715,16.757142857142856,23.342857142857145,29.6,16.757142857142856,23.685714285714287,62.17142857142858,0.7434285714285714,28.571428571428573,5.357142857142857,0.0,19.742857142857144,232.6142857142857,1014.2857142857144,46.95714285714286,14.785714285714286,1351
24.77142857142857,15.771428571428572,20.185714285714287,24.97142857142857,15.771428571428572,20.228571428571428,75.34285714285714,4.271571428571429,71.42857142857143,20.23857142857143,0.0,28.25714285714286,189.25714285714284,1008.4142857142856,66.32857142857144,19.642857142857142,1432
-0.1,-6.314285714285715,-2.9285714285714284,-3.614285714285714,-10.828571428571427,-7.2,74.31428571428572,0.6078571428571429,28.571428571428573,9.524285714285714,8.542857142857143,20.071428571428573,262.5,1021.5285714285716,72.28571428571429,12.228571428571428,1619
21.87142857142857,9.87142857142857,15.87142857142857,21.87142857142857,9.87142857142857,15.87142857142857,71.82857142857144,0.0937142857142857,57.142857142857146,6.548571428571429,0.0,13.585714285714284,209.11428571428573,1020.5428571428572,37.62857142857143,14.785714285714286,1240
10.914285714285716,2.457142857142857,7.114285714285714,9.985714285714286,0.3142857142857143,5.457142857142857,83.41428571428571,8.148,85.71428571428571,29.762857142857143,0.1428571428571428,24.814285714285717,198.52857142857144,1015.1714285714286,70.27142857142857,12.042857142857144,1614
24.042857142857144,15.257142857142856,19.62857142857143,24.15714285714285,15.257142857142856,19.65714285714285,79.25714285714285,2.814285714285714,42.85714285714285,4.167142857142857,0.0,21.357142857142858,296.0857142857143,1010.9428571428572,74.07142857142857,12.314285714285717,1419
24.542857142857144,12.55714285714286,18.885714285714283,24.514285714285712,12.471428571428572,18.857142857142858,64.12857142857142,1.6555714285714287,28.571428571428573,7.737142857142857,0.0,18.17142857142857,81.95714285714287,1018.5571428571428,30.857142857142858,21.15714285714285,1284
12.814285714285717,0.9714285714285714,6.671428571428572,12.585714285714284,-1.9142857142857144,5.014285714285713,63.82857142857143,0.013,14.285714285714286,0.5957142857142858,0.0,25.285714285714285,96.42857142857144,1012.4857142857144,31.82857142857143,14.714285714285714,1546
-6.114285714285714,-13.157142857142857,-9.214285714285714,-13.014285714285714,-19.557142857142857,-16.014285714285712,60.614285714285714,0.0,0.0,0.0,14.542857142857144,30.485714285714288,248.45714285714288,1016.4714285714286,54.54285714285714,14.771428571428572,1483
8.6,-2.4714285714285715,2.9857142857142853,7.057142857142857,-5.414285714285714,0.1,50.48571428571428,0.0654285714285714,14.285714285714286,1.7857142857142858,0.0,25.02857142857143,278.2714285714286,1018.2857142857144,41.44285714285714,15.614285714285714,1678
11.528571428571428,2.742857142857143,6.042857142857144,9.114285714285714,-0.3857142857142855,3.4285714285714284,76.2,1.868,42.85714285714285,6.547142857142857,0.0,27.24285714285714,210.8571428571429,1019.9428571428572,53.98571428571428,16.442857142857143,1684
26.342857142857145,16.842857142857145,21.442857142857143,27.1,16.842857142857145,21.557142857142857,74.45714285714287,0.8760000000000001,42.85714285714285,8.332857142857142,0.0,18.62857142857143,171.07142857142858,1014.2142857142856,43.7,15.571428571428571,1313
26.042857142857144,16.314285714285713,20.87142857142857,26.185714285714287,16.314285714285713,20.9,72.75714285714285,2.109285714285714,71.42857142857143,22.02285714285714,0.0,15.728571428571428,244.5,1016.6285714285714,59.1,13.014285714285714,1250
20.74285714285714,12.157142857142857,16.157142857142855,20.74285714285714,12.157142857142857,16.157142857142855,80.55714285714285,1.0027142857142857,71.42857142857143,15.475714285714286,0.0,19.75714285714286,137.37142857142857,1006.5857142857144,79.0,10.285714285714286,1593
26.857142857142858,15.44285714285714,20.928571428571427,27.3,15.328571428571427,21.042857142857144,72.51428571428572,2.762571428571429,57.142857142857146,11.31,0.0,19.32857142857143,181.27142857142857,1013.8857142857142,44.0,14.228571428571428,1417
-2.271428571428572,-10.785714285714286,-6.471428571428571,-7.557142857142857,-17.914285714285715,-12.885714285714284,79.15714285714286,1.0402857142857145,85.71428571428571,14.881428571428572,8.950000000000001,27.47142857142857,223.3571428571429,1024.4,78.84285714285714,14.285714285714286,1994
13.8,3.228571428571428,8.8,13.12857142857143,0.9571428571428572,7.314285714285715,64.42857142857143,1.0778571428571428,28.571428571428573,6.547142857142857,0.0,23.085714285714285,205.9142857142857,1020.4,64.67142857142856,22.985714285714288,1531
23.6,13.285714285714286,18.571428571428573,23.571428571428573,13.285714285714286,18.571428571428573,68.51428571428572,0.1304285714285714,28.571428571428573,2.381428571428572,0.0,22.985714285714288,120.55714285714284,1015.5714285714286,63.57142857142857,14.94285714285714,1358
-2.4857142857142853,-9.414285714285716,-5.857142857142857,-6.757142857142857,-14.742857142857144,-10.957142857142856,74.72857142857143,0.4095714285714286,42.85714285714285,7.738571428571428,13.614285714285714,19.8,152.35714285714286,1015.0857142857144,67.71428571428571,15.985714285714286,2351
3.985714285714285,-6.242857142857143,-0.9714285714285712,0.6142857142857142,-10.228571428571428,-5.614285714285714,71.47142857142858,1.122,57.142857142857146,19.64428571428571,2.257142857142857,34.8,251.40000000000003,1013.3,68.1,13.857142857142858,2152
17.157142857142855,8.285714285714286,12.257142857142856,17.157142857142855,6.128571428571428,11.0,75.15714285714286,2.596,100.0,30.357142857142858,0.0,31.52857142857143,161.55714285714288,1011.6142857142858,65.0,13.671428571428573,1516
11.257142857142856,1.6714285714285713,6.414285714285714,10.957142857142856,-0.9,4.757142857142857,72.75714285714285,3.033428571428572,85.71428571428571,30.357142857142858,3.0,18.071428571428573,138.5857142857143,1017.2,65.27142857142857,11.985714285714286,1515
0.0285714285714286,-5.328571428571428,-2.4857142857142853,-2.442857142857143,-9.885714285714286,-6.6000000000000005,77.42857142857143,2.032,85.71428571428571,29.16714285714286,8.571428571428571,20.61428571428572,183.3142857142857,1020.5285714285714,84.62857142857142,12.085714285714284,1647
21.842857142857145,8.571428571428571,15.085714285714284,21.885714285714283,8.328571428571427,15.014285714285714,64.91428571428571,0.4312857142857143,14.285714285714286,2.975714285714285,0.0,21.74285714285714,229.28571428571428,1021.0857142857144,21.27142857142857,21.514285714285712,1331
25.014285714285712,13.271428571428572,19.042857142857144,25.528571428571432,12.842857142857143,19.1,69.58571428571429,4.234,28.571428571428573,12.5,0.0,23.842857142857145,225.87142857142857,1017.0571428571428,47.02857142857143,18.214285714285715,1485
12.728571428571428,2.271428571428572,7.814285714285715,11.785714285714286,0.2285714285714285,6.128571428571428,55.84285714285714,0.0854285714285714,42.85714285714285,2.975714285714285,0.0,22.54285714285714,242.6,1019.5857142857142,54.71428571428572,15.8,1341
14.87142857142857,4.714285714285714,9.514285714285714,14.414285714285716,2.314285714285714,8.085714285714285,70.11428571428571,3.177142857142857,57.142857142857146,6.548571428571429,0.0,31.87142857142857,201.05714285714288,1014.2142857142856,53.771428571428565,13.657142857142857,1398
-2.5,-7.971428571428571,-5.1000000000000005,-6.714285714285714,-13.571428571428571,-10.271428571428572,78.07142857142857,0.013,14.285714285714286,0.5957142857142858,5.0,19.52857142857143,278.9,1020.0857142857144,75.62857142857142,16.742857142857144,2297
25.9,16.0,20.928571428571427,25.942857142857143,16.0,20.928571428571427,74.7,4.133,71.42857142857143,11.31,0.0,21.185714285714283,233.9857142857143,1015.0,61.12857142857143,15.328571428571427,1398
0.4285714285714285,-6.828571428571428,-3.057142857142857,-3.857142857142857,-12.657142857142858,-8.27142857142857,72.41428571428571,2.261142857142857,57.142857142857146,19.047142857142852,4.7,22.085714285714285,146.52857142857144,1028.8,69.3,14.542857142857144,1575
22.514285714285712,9.742857142857144,16.271428571428572,22.514285714285712,9.214285714285714,16.2,67.84285714285714,0.016,14.285714285714286,0.5957142857142858,0.0,19.714285714285715,196.6857142857143,1019.9571428571428,36.84285714285714,19.071428571428573,1425
4.442857142857143,-3.971428571428571,0.4428571428571426,1.0142857142857145,-8.471428571428572,-3.3285714285714283,73.61428571428571,2.4972857142857143,28.571428571428573,5.952857142857143,0.0,26.15714285714285,251.75714285714284,1017.7,73.67142857142858,16.928571428571427,1909
24.24285714285714,12.414285714285716,18.257142857142856,24.32857142857143,12.2,18.285714285714285,66.42857142857143,2.221,42.85714285714285,13.094285714285714,0.0,23.7,196.08571428571423,1019.1285714285714,51.55714285714286,14.94285714285714,1484
-1.2688263138573214e-16,-9.62857142857143,-4.685714285714286,-3.7714285714285714,-13.8,-9.042857142857144,74.55714285714285,1.1972857142857145,57.142857142857146,10.714285714285714,25.785714285714285,26.142857142857142,228.3571428571429,1012.0142857142856,57.48571428571428,12.185714285714283,1673
24.857142857142858,12.085714285714284,18.428571428571427,24.814285714285717,12.042857142857144,18.37142857142857,55.9,0.8575714285714285,28.571428571428573,1.7857142857142858,0.0,20.37142857142857,167.94285714285712,1018.8857142857142,57.371428571428574,18.814285714285717,1601
1.957142857142857,-3.2142857142857144,-0.6571428571428571,-2.657142857142857,-8.085714285714285,-5.6000000000000005,79.65714285714286,1.3490000000000002,85.71428571428571,18.45142857142857,4.279999999999999,28.24285714285714,237.28571428571428,1012.3,79.64285714285714,13.085714285714284,1929
25.142857142857142,12.44285714285714,19.214285714285715,25.214285714285715,12.44285714285714,19.2,65.52857142857142,2.294142857142857,28.571428571428573,10.12,0.0,14.428571428571429,169.22857142857143,1018.2285714285716,36.57142857142857,15.042857142857144,1422
24.12857142857143,14.3,19.2,24.12857142857143,14.3,19.2,72.75714285714285,0.5127142857142858,42.85714285714285,2.975714285714285,0.0,16.714285714285715,216.9857142857143,1015.0428571428572,54.0,14.971428571428572,1243
24.414285714285715,14.828571428571427,20.02857142857143,24.285714285714285,14.828571428571427,20.014285714285712,66.57142857142857,1.0675714285714286,57.142857142857146,16.072857142857142,0.0,20.74285714285714,151.07142857142858,1015.2571428571428,55.84285714285715,14.842857142857143,1438
24.442857142857143,12.9,18.77142857142857,24.7,12.9,18.857142857142858,67.47142857142858,0.6781428571428572,57.142857142857146,11.905714285714286,0.0,18.214285714285715,243.7428571428572,1018.0285714285714,37.5,15.071428571428571,1296
10.0,2.457142857142857,6.6571428571428575,8.5,-1.1285714285714286,4.457142857142857,69.32857142857144,6.558571428571428,28.571428571428573,10.118571428571428,0.0,22.25714285714286,237.28571428571428,1016.7428571428572,82.62857142857142,13.514285714285714,1517
3.871428571428571,-2.6000000000000005,0.6714285714285715,0.3999999999999999,-7.3428571428571425,-3.7142857142857135,79.2,0.0,0.0,0.0,0.0,22.87142857142857,209.3571428571429,1023.7571428571428,65.0,14.571428571428571,1971
21.714285714285715,11.514285714285714,16.314285714285713,21.714285714285715,11.514285714285714,16.314285714285713,71.97142857142856,4.315142857142857,85.71428571428571,28.572857142857146,0.0,15.742857142857144,237.54285714285717,1019.0142857142856,54.58571428571429,14.242857142857144,1272
-0.6714285714285712,-6.0,-3.1,-6.128571428571428,-12.471428571428572,-8.985714285714286,77.44285714285715,0.2882857142857142,42.85714285714285,5.357142857142857,3.8,26.8,221.4857142857143,1008.3571428571428,87.05714285714285,12.842857142857143,1799
-4.1571428571428575,-10.5,-7.7,-8.742857142857144,-16.8,-13.05714285714286,74.94285714285715,0.0,0.0,0.0,1.0285714285714287,22.057142857142857,239.32857142857145,1020.342857142857,79.24285714285715,13.142857142857142,1717
-1.3571428571428572,-10.085714285714284,-5.871428571428572,-5.314285714285715,-15.828571428571427,-10.428571428571429,73.1,0.0925714285714285,28.571428571428573,4.762857142857143,7.114285714285714,21.928571428571427,205.7428571428572,1016.4714285714286,57.871428571428574,14.357142857142858,1915
4.042857142857143,-2.9285714285714284,0.5000000000000001,1.8714285714285717,-5.728571428571429,-2.314285714285714,81.97142857142856,1.3634285714285714,42.85714285714285,10.715714285714286,1.0,17.771428571428572,218.37142857142857,1023.6285714285714,65.14285714285714,14.828571428571427,2095
8.6,-1.4857142857142858,2.642857142857143,7.3428571428571425,-5.842857142857143,-0.2714285714285714,67.68571428571428,1.8542857142857143,42.85714285714285,11.905714285714286,0.0,21.442857142857143,198.32857142857145,1014.7714285714284,62.94285714285714,14.028571428571428,1759
24.571428571428573,9.1,17.185714285714287,24.4,7.557142857142857,16.82857142857143,52.3,0.026,14.285714285714286,1.19,0.0,22.057142857142857,174.91428571428574,1015.1857142857144,28.442857142857143,23.857142857142858,1548
19.4,10.657142857142858,14.985714285714286,19.4,9.857142857142858,14.728571428571428,71.27142857142857,2.770142857142857,42.85714285714285,7.738571428571428,0.0,24.285714285714285,182.7,1015.9285714285714,73.25714285714285,17.514285714285712,1429
22.942857142857143,13.87142857142857,18.585714285714285,23.2,13.614285714285714,18.6,80.71428571428571,19.945,85.71428571428571,16.071428571428573,0.0,22.457142857142856,215.14285714285717,1018.4571428571428,61.01428571428572,16.82857142857143,1430
2.1,-7.8,-3.271428571428572,-1.7857142857142858,-14.171428571428573,-8.457142857142857,67.54285714285714,0.7384285714285713,42.85714285714285,10.12,1.9666666666666668,24.057142857142857,89.05714285714285,1027.928571428571,66.91428571428571,16.614285714285714,1535
16.571428571428573,4.714285714285714,10.457142857142856,16.571428571428573,4.185714285714286,9.985714285714286,74.24285714285715,1.1904285714285714,42.85714285714285,4.167142857142857,0.0,20.11428571428572,225.94285714285712,1024.2,31.1,15.428571428571429,1573
29.442857142857143,17.87142857142857,23.842857142857145,29.47142857142857,17.87142857142857,23.928571428571427,66.35714285714286,0.2992857142857142,42.85714285714285,5.357142857142857,0.0,20.6,215.82857142857145,1016.8571428571428,42.67142857142857,14.357142857142858,1302
-4.171428571428572,-11.971428571428572,-7.814285714285714,-9.642857142857142,-18.61428571428572,-13.785714285714286,74.61428571428571,5.228714285714285,71.42857142857143,25.0,21.9,24.142857142857142,177.41428571428574,1016.6142857142858,76.85714285714286,14.27142857142857,1686
14.37142857142857,4.228571428571429,9.44285714285714,13.685714285714283,2.1142857142857143,8.214285714285714,67.5,0.9411428571428572,42.85714285714285,13.691428571428572,0.0,24.914285714285715,261.04285714285714,1012.6,58.31428571428571,14.657142857142857,1522
1.2714285714285716,-4.214285714285714,-1.6142857142857143,-2.4857142857142853,-10.428571428571429,-7.0,79.64285714285714,3.918,57.142857142857146,23.81,4.914285714285714,27.4,222.4142857142857,1019.2857142857144,86.41428571428571,12.3,1561
18.04285714285714,5.571428571428571,11.842857142857143,18.04285714285714,3.2857142857142856,11.1,53.65714285714285,0.1547142857142857,28.571428571428573,1.7857142857142858,0.0,21.77142857142857,90.3,1019.8285714285714,52.32857142857143,20.857142857142858,1554
21.442857142857143,12.657142857142857,16.642857142857142,21.885714285714283,12.285714285714286,16.614285714285714,73.41428571428571,3.4315714285714285,42.85714285714285,11.308571428571428,0.0,24.485714285714288,216.3571428571429,1018.1428571428572,80.8,20.842857142857145,1476
30.87142857142857,18.928571428571427,24.714285714285715,32.9,18.928571428571427,25.557142857142857,73.32857142857142,0.9924285714285714,14.285714285714286,3.571428571428572,0.0,16.6,178.65714285714284,1022.157142857143,24.65714285714285,11.457142857142856,1329
4.0285714285714285,-6.228571428571429,-1.8571428571428568,0.3857142857142858,-13.1,-7.557142857142857,71.5,1.3727142857142858,71.42857142857143,9.524285714285714,4.7,31.38571428571429,210.9857142857143,1021.7285714285716,64.88571428571429,15.94285714285714,1768
25.557142857142857,16.02857142857143,20.77142857142857,26.142857142857142,16.02857142857143,20.857142857142858,73.39999999999999,4.284142857142857,71.42857142857143,11.904285714285717,0.0,21.32857142857143,271.42857142857144,1014.0285714285714,60.22857142857144,14.457142857142856,1411
17.142857142857142,5.871428571428572,11.085714285714284,17.142857142857142,3.8285714285714287,10.171428571428573,67.64285714285714,0.4031428571428571,14.285714285714286,7.142857142857143,0.0,21.214285714285715,174.74285714285716,1020.4,47.2,15.514285714285714,1399
16.314285714285713,9.257142857142856,12.571428571428571,16.385714285714286,8.0,11.814285714285717,84.84285714285714,2.9817142857142858,100.0,31.548571428571428,0.0,18.2,224.62857142857143,1013.1428571428572,94.98571428571428,8.82857142857143,1539
15.828571428571427,7.914285714285714,11.5,15.085714285714287,5.757142857142857,9.87142857142857,74.10000000000001,3.859714285714286,71.42857142857143,16.072857142857142,0.0,29.442857142857147,214.57142857142856,1008.6,75.51428571428572,15.028571428571428,1386
18.185714285714287,7.585714285714286,12.585714285714284,18.185714285714287,5.928571428571429,12.157142857142857,70.1,2.9945714285714287,71.42857142857143,13.095714285714283,0.0,21.11428571428572,107.05714285714286,1013.7142857142856,52.6,14.44285714285714,1463
14.55714285714286,7.328571428571428,11.0,14.142857142857142,5.028571428571429,9.657142857142857,71.64285714285714,4.148428571428572,57.142857142857146,20.237142857142857,0.0,26.485714285714288,207.64285714285717,1013.4142857142856,81.68571428571428,17.54285714285714,1551
13.471428571428572,2.8714285714285714,8.257142857142856,12.771428571428572,0.8857142857142858,6.8,69.61428571428571,0.649,57.142857142857146,8.930000000000001,0.0,20.8,185.8142857142857,1018.0,52.62857142857143,14.671428571428573,1526
28.32857142857143,16.142857142857142,22.414285714285715,28.357142857142858,16.142857142857142,22.45714285714286,66.64285714285714,0.0,0.0,0.0,0.0,19.82857142857143,169.0142857142857,1020.2571428571428,15.957142857142856,15.228571428571428,1404
25.857142857142858,15.457142857142856,20.62857142857143,25.914285714285715,15.457142857142856,20.61428571428572,59.3,0.7942857142857144,42.85714285714285,7.738571428571428,0.0,19.428571428571427,187.4857142857143,1013.5428571428572,48.0,15.357142857142858,1425
15.9,8.714285714285714,12.44285714285714,15.9,7.071428571428571,12.028571428571428,74.22857142857143,0.3202857142857143,28.571428571428573,2.975714285714285,0.0,24.357142857142858,207.75714285714284,1012.4857142857144,72.74285714285715,17.514285714285712,1504
8.214285714285714,0.2571428571428571,3.742857142857143,6.857142857142857,-4.228571428571429,0.1142857142857143,78.34285714285714,0.0,0.0,0.0,1.5666666666666669,23.97142857142857,220.4,1023.2857142857144,62.91428571428572,11.785714285714286,1866
14.385714285714286,4.485714285714286,9.342857142857143,13.642857142857142,1.8714285714285717,7.685714285714285,65.7,0.4948571428571428,28.571428571428573,4.167142857142857,0.0,23.37142857142857,230.37142857142857,1020.0,70.81428571428572,14.94285714285714,1533
9.328571428571427,-1.0,4.557142857142858,7.128571428571428,-3.6571428571428575,2.085714285714286,69.31428571428572,0.2542857142857143,14.285714285714286,2.381428571428572,0.1571428571428571,23.47142857142857,238.27142857142857,1017.7571428571428,34.32857142857143,15.542857142857144,1641
24.485714285714288,14.185714285714283,19.27142857142857,24.514285714285712,14.185714285714283,19.285714285714285,65.48571428571428,5.556428571428572,85.71428571428571,22.02428571428572,0.0,21.414285714285715,246.04285714285717,1011.842857142857,59.17142857142857,14.885714285714286,1262
21.9,14.414285714285716,18.37142857142857,22.15714285714285,14.114285714285714,18.37142857142857,83.04285714285713,10.927428571428573,57.142857142857146,20.23857142857143,0.0,21.1,241.15714285714284,1014.8142857142856,62.94285714285714,12.542857142857144,1347
15.12857142857143,5.128571428571428,10.2,14.242857142857144,2.6714285714285717,8.771428571428572,64.44285714285715,0.7822857142857143,57.142857142857146,7.738571428571428,0.2571428571428572,26.5,176.8857142857143,1012.8285714285714,60.885714285714286,14.657142857142857,1606
22.7,12.1,17.357142857142858,22.7,11.757142857142856,17.257142857142856,67.97142857142858,3.6062857142857134,42.85714285714285,12.5,0.0,18.67142857142857,260.77142857142854,1012.1857142857144,46.91428571428571,13.914285714285716,1389
26.814285714285717,15.414285714285716,21.414285714285715,27.67142857142857,15.414285714285716,21.642857142857142,68.07142857142857,1.3474285714285714,28.571428571428573,3.571428571428572,0.0,17.914285714285715,83.98571428571428,1023.0428571428572,30.95714285714286,15.685714285714283,1405
5.342857142857143,-3.414285714285714,0.8285714285714284,2.657142857142857,-7.399999999999999,-1.957142857142857,74.45714285714287,1.8494285714285716,28.571428571428573,16.667142857142856,0.0,24.642857142857142,231.28571428571428,1024.5857142857144,58.785714285714285,13.714285714285714,1617
5.642857142857143,-1.1571428571428573,2.1,2.742857142857143,-5.928571428571429,-1.6,79.8,0.584,42.85714285714285,5.952857142857143,0.0,27.25714285714286,249.58571428571423,1019.4571428571428,87.68571428571428,12.857142857142858,1852
28.585714285714285,15.171428571428573,22.442857142857143,28.142857142857142,15.171428571428573,22.385714285714283,53.0,0.0104285714285714,14.285714285714286,0.5957142857142858,0.0,19.285714285714285,162.8714285714286,1016.6857142857144,32.1,15.94285714285714,1397
1.4714285714285715,-1.9285714285714288,-0.1428571428571428,-1.1428571428571428,-5.514285714285714,-3.2,86.0,1.2100000000000002,57.142857142857146,25.594285714285714,2.857142857142857,17.042857142857144,142.21428571428572,1025.4,94.45714285714288,9.757142857142856,1939
5.257142857142858,0.0571428571428571,2.3857142857142857,1.4714285714285715,-4.6571428571428575,-1.9,80.0,2.773142857142857,71.42857142857143,17.262857142857143,4.75,26.4,221.6,1015.4285714285714,79.98571428571428,12.7,1806
-5.185714285714285,-13.457142857142856,-9.428571428571429,-11.05714285714286,-20.4,-15.5,70.24285714285715,0.0925714285714285,28.571428571428573,1.7857142857142858,8.785714285714286,23.15714285714285,285.87142857142857,1021.9,55.32857142857143,13.857142857142858,1888
0.8571428571428571,-1.985714285714285,-0.3999999999999999,-2.0142857142857142,-6.628571428571428,-4.242857142857143,85.71428571428571,1.0284285714285717,71.42857142857143,17.259999999999998,1.6800000000000002,18.385714285714283,191.27142857142857,1019.657142857143,97.38571428571429,8.614285714285714,1746
15.971428571428572,5.885714285714286,10.9,15.785714285714286,3.7142857142857135,9.87142857142857,65.42857142857143,4.453,71.42857142857143,20.23857142857143,0.1,24.457142857142856,212.4,1011.3,60.02857142857143,14.814285714285717,1603
-4.214285714285714,-11.471428571428572,-7.242857142857143,-10.671428571428573,-19.957142857142856,-14.4,68.27142857142857,0.3954285714285714,57.142857142857146,3.5728571428571425,6.4,29.1,153.47142857142856,1017.6,69.38571428571429,16.685714285714287,1672
30.52857142857143,18.985714285714288,25.02857142857143,31.442857142857143,18.985714285714288,25.342857142857145,64.18571428571428,1.2487142857142857,57.142857142857146,4.762857142857143,0.0,16.757142857142856,138.35714285714286,1017.0428571428572,27.32857142857143,14.285714285714286,1436
27.0,18.957142857142856,22.957142857142856,27.5,18.957142857142856,23.071428571428573,76.52857142857142,7.300857142857143,85.71428571428571,17.85857142857143,0.0,20.928571428571427,176.08571428571426,1009.8857142857142,66.02857142857142,10.857142857142858,1409
24.15714285714285,11.114285714285714,17.82857142857143,23.685714285714287,10.814285714285711,17.62857142857143,59.52857142857143,0.0651428571428571,28.571428571428573,5.357142857142857,0.0,18.785714285714285,173.15714285714284,1021.6142857142858,43.6,15.214285714285714,1413
17.1,6.257142857142857,11.528571428571428,17.1,4.1,10.7,65.82857142857144,0.8738571428571429,42.85714285714285,11.905714285714286,0.0,26.97142857142857,202.0142857142857,1012.3142857142856,61.21428571428572,18.428571428571427,1593
17.04285714285714,4.928571428571429,10.714285714285714,17.04285714285714,3.557142857142857,10.171428571428573,71.1,1.2364285714285717,71.42857142857143,19.047142857142852,0.0,17.02857142857143,144.21428571428572,1020.2428571428572,45.4,13.042857142857144,1478
1.1,-6.442857142857143,-2.3285714285714287,-1.8571428571428568,-10.585714285714284,-6.114285714285715,68.98571428571428,0.1102857142857142,14.285714285714286,2.381428571428572,2.8857142857142857,23.228571428571428,315.1428571428572,1016.1142857142858,61.285714285714285,15.2,1948
21.9,10.171428571428573,15.62857142857143,21.9,9.6,15.542857142857144,72.97142857142858,0.1454285714285714,14.285714285714286,0.5957142857142858,0.0,19.9,169.79999999999998,1021.7285714285716,55.15714285714286,17.842857142857145,1474
6.571428571428571,-5.828571428571429,0.7000000000000001,4.3,-10.614285714285714,-3.342857142857143,57.02857142857143,0.0475714285714285,14.285714285714286,1.7857142857142858,7.766666666666667,29.014285714285712,159.74285714285716,1021.2428571428572,56.15714285714286,19.6,1591
13.471428571428572,5.8,9.285714285714286,12.742857142857144,3.8428571428571434,7.828571428571428,82.25714285714285,6.710285714285713,57.142857142857146,29.76,0.0,21.571428571428573,202.8428571428572,1020.9,75.88571428571429,12.214285714285714,1684
15.62857142857143,4.428571428571429,9.814285714285717,15.014285714285714,1.2857142857142858,7.857142857142857,64.5,3.814285714285714,57.142857142857146,24.404285714285717,0.0,26.11428571428572,213.57142857142856,1010.3571428571428,62.15714285714286,14.771428571428572,1256
27.52857142857143,15.642857142857142,21.87142857142857,28.17142857142857,15.3,21.957142857142856,64.12857142857142,1.741,42.85714285714285,10.118571428571428,0.0,23.4,237.58571428571423,1013.9857142857144,53.18571428571429,21.914285714285715,1363
1.9571428571428573,-1.542857142857143,0.0857142857142857,-1.0571428571428572,-6.285714285714286,-3.7714285714285714,82.74285714285715,0.45,28.571428571428573,6.547142857142857,0.0,20.314285714285717,248.1142857142857,1022.2857142857144,79.02857142857144,11.1,1681
6.814285714285715,-5.528571428571429,0.3000000000000001,4.1,-8.971428571428572,-2.542857142857143,64.64285714285714,0.0095714285714285,14.285714285714286,0.5957142857142858,7.725,19.942857142857143,229.87142857142857,1024.1142857142856,46.32857142857143,16.514285714285712,1640
10.1,3.4714285714285715,6.471428571428571,8.814285714285713,-0.2714285714285714,3.928571428571429,72.92857142857143,2.799428571428572,71.42857142857143,16.667142857142856,0.0,22.17142857142857,242.94285714285712,1012.5428571428572,87.60000000000001,17.24285714285714,1572
21.857142857142858,11.05714285714286,16.557142857142857,21.842857142857145,10.571428571428571,16.485714285714284,65.88571428571429,1.7567142857142857,57.142857142857146,11.31,0.0,21.342857142857145,221.22857142857143,1012.6,48.7,17.428571428571427,1490
20.75714285714286,8.5,14.971428571428572,20.82857142857143,8.114285714285716,14.842857142857143,62.2,1.265857142857143,28.571428571428573,5.357142857142857,0.0,21.27142857142857,171.65714285714284,1018.8,36.21428571428572,15.157142857142858,1458
25.4,15.37142857142857,20.32857142857143,26.342857142857145,15.37142857142857,20.6,71.45714285714286,4.732,57.142857142857146,27.38142857142857,0.0,22.942857142857143,165.05714285714288,1016.9,45.98571428571428,13.214285714285714,1346
13.342857142857143,4.957142857142857,8.757142857142856,13.342857142857143,3.0,7.514285714285714,70.92857142857143,0.7107142857142857,57.142857142857146,12.5,0.0,24.17142857142857,246.57142857142856,1009.7428571428572,61.285714285714285,15.614285714285716,1365
24.77142857142857,13.014285714285714,19.285714285714285,24.8,13.014285714285714,19.3,61.81428571428571,0.9697142857142858,42.85714285714285,8.332857142857142,0.0,20.61428571428572,239.65714285714284,1015.2571428571428,35.31428571428572,15.428571428571429,1406
4.271428571428571,-1.7857142857142858,1.2142857142857142,1.1571428571428573,-6.314285714285715,-2.8857142857142857,76.52857142857144,3.121,57.142857142857146,29.16714285714286,3.0,24.1,249.37142857142857,1013.8571428571428,73.18571428571428,13.585714285714287,1681
27.9,16.87142857142857,22.24285714285714,28.12857142857143,16.87142857142857,22.314285714285717,68.39999999999999,0.1215714285714285,42.85714285714285,5.952857142857143,0.0,14.528571428571428,199.9142857142857,1018.8714285714286,31.1,13.157142857142857,1301
17.54285714285714,6.014285714285714,11.828571428571427,17.54285714285714,3.742857142857143,10.742857142857144,64.25714285714285,0.6617142857142857,57.142857142857146,11.308571428571428,0.0,26.385714285714283,217.41428571428568,1010.5571428571428,76.10000000000001,14.928571428571429,1514
23.928571428571427,13.785714285714286,18.942857142857143,23.928571428571427,13.785714285714286,18.942857142857143,66.88571428571429,1.4594285714285713,14.285714285714286,4.761428571428572,0.0,21.328571428571426,214.08571428571423,1011.8714285714286,43.15714285714286,20.47142857142857,1394
1.5142857142857142,-5.528571428571429,-1.957142857142857,-3.642857142857143,-12.12857142857143,-7.728571428571429,70.11428571428571,1.5175714285714286,57.142857142857146,9.524285714285714,0.925,29.7,239.4142857142857,1018.6,63.02857142857143,20.02857142857143,1729
21.0,6.671428571428572,14.285714285714286,21.0,5.242857142857143,13.828571428571427,61.0,1.7544285714285714,28.571428571428573,5.357142857142857,0.0,23.1,160.24285714285716,1012.9428571428572,32.97142857142857,23.17142857142857,1495
0.1,-5.9,-2.9857142857142853,-4.228571428571429,-12.142857142857142,-8.542857142857143,70.58571428571429,0.3465714285714285,57.142857142857146,11.905714285714286,0.1714285714285714,26.285714285714285,181.2142857142857,1013.157142857143,78.41428571428571,13.042857142857144,1710
-1.8428571428571427,-7.5,-4.228571428571429,-6.557142857142857,-12.857142857142858,-9.2,76.5,0.1781428571428571,71.42857142857143,14.285714285714286,1.7285714285714284,23.9,241.05714285714288,1015.7571428571428,86.41428571428571,12.44285714285714,1777
9.314285714285717,-2.042857142857143,3.6,8.028571428571428,-4.9,1.3,58.92857142857143,0.6384285714285715,14.285714285714286,7.142857142857143,6.4,18.52857142857143,171.27142857142857,1022.2285714285714,29.514285714285712,15.271428571428572,1626
31.642857142857142,21.728571428571428,26.65714285714285,35.08571428571429,21.728571428571428,28.4,73.60000000000001,3.3901428571428567,71.42857142857143,16.071428571428573,0.0,23.2,252.65714285714284,1012.9714285714286,31.742857142857144,13.757142857142856,1280
20.914285714285715,8.4,14.7,20.9,6.642857142857143,14.099999999999998,68.21428571428571,0.5745714285714286,42.85714285714285,4.167142857142857,0.0,24.857142857142858,112.08571428571427,1017.9571428571428,50.385714285714286,15.657142857142858,1473
27.857142857142858,18.5,22.885714285714283,28.97142857142857,18.5,23.11428571428572,71.91428571428571,4.6532857142857145,85.71428571428571,21.428571428571427,0.0,23.3,208.14285714285717,1014.4142857142856,53.51428571428572,15.042857142857144,1306
29.75714285714286,20.0,24.74285714285714,31.25714285714286,20.0,25.2,68.84285714285714,3.2262857142857144,71.42857142857143,12.5,0.0,15.4,224.97142857142856,1014.5428571428572,39.971428571428575,14.9,1422
-3.2,-13.257142857142856,-7.542857142857143,-7.399999999999999,-19.185714285714287,-13.214285714285714,74.17142857142858,0.3501428571428571,28.571428571428573,5.357142857142857,3.185714285714286,21.714285714285715,237.2428571428572,1022.5142857142856,66.01428571428572,13.285714285714286,1665
11.157142857142857,0.4571428571428572,6.042857142857143,10.285714285714286,-0.942857142857143,4.757142857142857,69.24285714285715,1.2924285714285717,42.85714285714285,14.285714285714286,0.0,19.185714285714287,216.05714285714288,1020.2571428571428,62.25714285714286,12.842857142857143,1594
22.557142857142857,14.285714285714286,18.17142857142857,24.15714285714285,13.528571428571428,18.428571428571427,75.15714285714286,6.019285714285715,28.571428571428573,11.904285714285717,0.0,21.042857142857144,102.58571428571427,1021.7857142857144,57.971428571428575,18.014285714285712,1432
22.985714285714288,14.12857142857143,18.714285714285715,22.857142857142858,13.44285714285714,18.557142857142857,63.25714285714286,1.362142857142857,57.142857142857146,14.285714285714286,0.0,22.314285714285717,191.12857142857143,1012.2285714285716,57.71428571428572,15.085714285714284,1360
-1.1571428571428568,-8.114285714285714,-4.642857142857143,-5.114285714285714,-14.728571428571428,-10.271428571428572,74.78571428571429,0.3757142857142857,42.85714285714285,6.547142857142857,5.04,26.914285714285715,169.44285714285712,1020.7285714285716,74.94285714285715,13.357142857142858,1823
10.528571428571428,2.0,6.571428571428571,9.085714285714284,-0.7571428571428572,4.442857142857143,69.61428571428571,1.0485714285714285,28.571428571428573,11.904285714285717,4.8,20.87142857142857,187.87142857142857,1018.657142857143,82.74285714285715,19.5,1743
18.485714285714288,10.014285714285714,14.0,18.257142857142856,8.828571428571427,13.4,81.28571428571429,1.2844285714285717,57.142857142857146,11.31,1.0,27.11428571428572,182.68571428571428,1014.8571428571428,88.89999999999999,10.471428571428572,1523
20.985714285714288,9.814285714285717,15.37142857142857,21.0,9.0,15.171428571428573,72.82857142857144,2.7797142857142854,42.85714285714285,7.738571428571428,0.0,26.1,224.12857142857143,1013.5,41.3,15.714285714285714,1301
20.928571428571427,9.44285714285714,15.085714285714284,20.928571428571427,9.257142857142856,15.05714285714286,76.11428571428571,0.7961428571428572,57.142857142857146,11.904285714285717,0.0,15.914285714285716,167.97142857142856,1019.8,49.32857142857143,14.214285714285714,1396
4.757142857142857,-0.057142857142857,2.314285714285714,1.9428571428571428,-3.942857142857143,-1.3285714285714287,85.62857142857142,4.789428571428571,57.142857142857146,19.048571428571428,0.0,23.642857142857142,155.68571428571428,1014.4714285714286,88.18571428571428,13.285714285714286,1775
-9.971428571428572,-18.0,-13.342857142857143,-15.357142857142858,-24.15714285714285,-19.585714285714285,72.7,0.155,42.85714285714285,5.357142857142857,9.314285714285717,21.814285714285717,260.37142857142857,1027.9571428571428,53.785714285714285,14.414285714285713,1692
26.457142857142856,16.814285714285713,21.8,26.942857142857143,16.814285714285713,22.0,66.62857142857142,1.745428571428571,42.85714285714285,7.738571428571428,0.0,24.757142857142856,209.9142857142857,1010.8142857142856,72.15714285714286,17.257142857142856,1479
12.828571428571427,5.328571428571428,9.071428571428571,12.285714285714286,2.8714285714285714,7.642857142857143,82.55714285714285,2.532857142857143,57.142857142857146,19.047142857142852,0.0,21.928571428571427,199.65714285714284,1013.0571428571428,67.58571428571429,12.257142857142856,1600
-1.4,-8.571428571428571,-4.842857142857143,-5.7,-13.342857142857143,-9.8,76.25714285714285,0.3115714285714285,42.85714285714285,7.738571428571428,3.85,25.5,207.97142857142856,1022.342857142857,64.41428571428571,12.94285714285714,1548
8.614285714285716,-1.9142857142857144,2.857142857142857,6.557142857142857,-6.471428571428571,-0.5142857142857142,64.21428571428571,0.3741428571428571,42.85714285714285,6.548571428571429,0.0,24.071428571428573,105.88571428571429,1017.9428571428572,57.1,17.32857142857143,1549
10.94285714285714,2.942857142857143,7.014285714285714,9.914285714285716,0.0285714285714284,5.0,71.44285714285715,1.8932857142857145,42.85714285714285,13.69,0.0,23.7,202.9857142857143,1016.4571428571428,67.72857142857143,17.02857142857143,1549
1.0,-6.342857142857143,-2.7857142857142856,-4.414285714285715,-13.028571428571428,-8.714285714285714,61.385714285714286,0.0964285714285714,42.85714285714285,3.572857142857143,1.1333333333333333,28.87142857142857,250.52857142857144,1024.0285714285717,69.64285714285714,22.52857142857143,1632
10.914285714285716,4.857142857142857,7.671428571428572,9.785714285714286,2.814285714285714,5.785714285714286,84.01428571428572,2.429,71.42857142857143,25.595714285714287,0.0,23.228571428571428,217.67142857142855,1018.0571428571428,75.98571428571428,13.5,1534
12.285714285714286,0.2428571428571427,6.371428571428571,11.042857142857144,-2.1142857142857143,4.314285714285714,53.05714285714286,2.023428571428572,28.571428571428573,17.857142857142858,0.0,19.385714285714283,75.70000000000002,1022.1142857142858,39.04285714285714,15.342857142857143,1351
26.228571428571428,15.842857142857143,21.428571428571427,26.4,15.842857142857143,21.457142857142856,70.9,2.414714285714286,42.85714285714285,8.928571428571429,0.0,17.157142857142855,133.97142857142856,1018.0571428571428,57.55714285714286,13.714285714285714,1380
-0.0714285714285714,-6.857142857142857,-3.457142857142857,-3.185714285714286,-10.5,-7.028571428571429,70.54285714285714,0.0,0.0,0.0,0.5428571428571428,23.285714285714285,217.3,1019.3857142857142,62.957142857142856,13.9,1799
29.314285714285717,21.15714285714285,24.885714285714283,30.74285714285714,21.15714285714285,25.385714285714283,75.12857142857142,6.004,85.71428571428571,15.477142857142857,0.0,19.3,235.22857142857143,1015.3,49.92857142857143,12.857142857142858,1309
22.75714285714286,10.12857142857143,16.542857142857144,22.957142857142856,10.042857142857144,16.52857142857143,57.02857142857143,1.5811428571428574,42.85714285714285,8.332857142857142,0.0,18.12857142857143,135.18571428571428,1013.0714285714286,58.01428571428572,15.042857142857144,1415
27.61428571428572,16.7,22.02857142857143,28.67142857142857,16.7,22.24285714285714,73.77142857142857,1.0857142857142856,14.285714285714286,0.5957142857142858,0.0,20.585714285714285,196.0,1017.842857142857,51.71428571428572,16.071428571428573,1336
24.87142857142857,18.014285714285716,21.32857142857143,25.928571428571427,18.014285714285716,21.542857142857144,77.48571428571428,3.166,85.71428571428571,22.02428571428572,0.0,24.1,245.67142857142855,1008.8857142857142,63.12857142857143,14.05714285714286,1359
32.17142857142857,18.15714285714286,25.542857142857144,32.94285714285714,18.15714285714286,25.928571428571427,57.75714285714286,0.1631428571428571,14.285714285714286,0.5957142857142858,0.0,16.785714285714285,145.47142857142856,1017.9,23.24285714285714,14.014285714285714,1592
10.214285714285714,1.3571428571428572,5.671428571428572,9.542857142857144,-3.157142857142857,2.571428571428572,69.61428571428571,2.900714285714286,85.71428571428571,22.025714285714287,0.0857142857142857,31.557142857142857,201.2,1005.8571428571428,66.47142857142858,14.471428571428572,1462
2.942857142857143,-6.1000000000000005,-1.4428571428571428,-0.8571428571428571,-11.157142857142857,-6.057142857142857,74.3,0.0711428571428571,42.85714285714285,3.571428571428572,8.714285714285714,22.585714285714285,194.3,1023.5,61.3,15.671428571428573,1722
23.25714285714286,13.957142857142856,18.47142857142857,23.357142857142858,13.414285714285716,18.428571428571427,67.74285714285715,1.276857142857143,42.85714285714285,9.522857142857143,0.0,26.314285714285717,160.41428571428574,1009.9,70.8,15.828571428571433,1483
26.25714285714286,16.342857142857145,21.385714285714283,26.428571428571427,16.342857142857145,21.428571428571427,76.91428571428571,3.773142857142857,42.85714285714285,11.904285714285717,0.0,19.25714285714286,212.9,1015.0285714285714,59.54285714285714,16.928571428571427,1372
18.17142857142857,6.842857142857143,12.342857142857143,18.17142857142857,5.414285714285714,12.028571428571428,71.82857142857144,1.5757142857142858,28.571428571428573,5.357142857142857,0.0,25.042857142857144,145.92857142857142,1019.3142857142856,41.65714285714286,22.8,1515
3.771428571428572,-2.357142857142857,0.5857142857142856,1.4,-6.785714285714286,-3.314285714285714,71.87142857142858,0.527,57.142857142857146,9.524285714285714,2.0,21.414285714285715,265.8285714285714,1017.7,70.31428571428572,17.17142857142857,1656
14.2,5.414285714285714,9.785714285714286,14.2,3.2142857142857144,8.5,70.17142857142856,0.2071428571428571,28.571428571428573,4.761428571428572,3.142857142857143,24.057142857142853,215.2428571428571,1016.9714285714286,61.0,15.657142857142857,1554
25.714285714285715,15.228571428571428,20.142857142857142,26.24285714285714,15.228571428571428,20.2,78.02857142857144,1.759285714285714,42.85714285714285,5.357142857142857,0.0,19.67142857142857,154.29999999999998,1017.4428571428572,61.2,14.357142857142858,1300
10.72857142857143,0.5857142857142857,5.328571428571428,10.342857142857143,-0.5571428571428572,4.385714285714285,68.64285714285714,1.211,28.571428571428573,6.548571428571429,0.0,17.04285714285714,187.14285714285717,1025.3,52.84285714285714,13.928571428571429,1446
24.9,14.0,19.042857142857144,25.057142857142857,13.7,18.928571428571427,74.10000000000001,7.141285714285714,100.0,38.09571428571429,0.0,24.385714285714283,159.15714285714284,1017.8,52.15714285714286,12.642857142857142,1391
23.985714285714288,11.171428571428573,17.485714285714284,23.928571428571427,10.857142857142858,17.47142857142857,62.62857142857143,1.217857142857143,57.142857142857146,13.094285714285714,0.0,19.585714285714285,180.1,1019.1428571428572,49.05714285714286,14.257142857142856,1531
16.342857142857145,4.057142857142857,10.514285714285714,15.785714285714286,0.8857142857142855,8.9,55.48571428571428,1.9317142857142853,42.85714285714285,6.548571428571429,0.0,36.871428571428574,235.9142857142857,1015.1142857142858,53.31428571428571,21.142857142857142,1558
19.514285714285712,6.571428571428571,13.3,19.514285714285712,6.571428571428571,13.157142857142858,68.41428571428571,1.233,71.42857142857143,10.12,0.0,15.542857142857144,180.8428571428572,1024.0,47.92857142857143,15.014285714285714,1411
17.414285714285715,4.714285714285714,11.157142857142857,16.985714285714288,3.628571428571429,10.44285714285714,62.72857142857144,2.0868571428571427,28.571428571428573,13.69,0.0,25.542857142857144,186.08571428571423,1017.0428571428572,41.42857142857143,14.642857142857142,1550
24.285714285714285,11.44285714285714,17.32857142857143,24.285714285714285,11.44285714285714,17.32857142857143,70.48571428571428,0.0454285714285714,57.142857142857146,4.167142857142857,0.0,12.728571428571428,127.27142857142856,1026.5,25.914285714285715,13.357142857142858,1357
3.3285714285714287,-5.1571428571428575,-1.0714285714285714,0.8142857142857144,-9.914285714285716,-4.857142857142857,70.58571428571429,0.6738571428571429,57.142857142857146,10.714285714285714,4.971428571428571,25.942857142857143,165.91428571428574,1013.7428571428572,72.45714285714286,13.514285714285714,1720
7.899999999999999,1.4285714285714286,4.342857142857143,5.171428571428572,-3.7142857142857135,0.0999999999999999,77.37142857142858,8.205714285714285,100.0,27.38,1.0,37.15714285714286,167.08571428571426,1005.1714285714286,90.38571428571429,16.728571428571428,1859
26.02857142857143,14.857142857142858,20.24285714285714,26.057142857142857,14.857142857142858,20.25714285714286,72.34285714285714,1.4808571428571429,28.571428571428573,7.737142857142857,0.0,12.157142857142857,154.17142857142858,1018.6285714285714,40.05714285714286,13.428571428571429,1326
20.62857142857143,9.771428571428572,15.585714285714287,20.62857142857143,9.342857142857143,15.514285714285714,78.02857142857144,0.1218571428571428,14.285714285714286,0.5957142857142858,0.0,24.514285714285712,198.12857142857143,1014.6,53.9,17.95714285714286,1486
-0.6285714285714284,-9.471428571428572,-4.885714285714286,-4.885714285714286,-15.142857142857142,-10.085714285714284,74.85714285714286,2.2014285714285715,42.85714285714285,16.071428571428573,10.142857142857142,24.014285714285712,135.27142857142857,1021.4571428571428,53.04285714285714,14.285714285714286,1881
-0.8428571428571429,-10.085714285714284,-5.557142857142857,-5.585714285714286,-16.214285714285715,-11.014285714285714,65.14285714285714,0.3391428571428571,28.571428571428573,6.547142857142857,2.08,22.914285714285715,85.18571428571428,1025.7285714285715,49.25714285714286,18.585714285714285,1625
27.714285714285715,18.714285714285715,22.928571428571427,29.15714285714285,18.714285714285715,23.32857142857143,78.10000000000001,4.097428571428572,42.85714285714285,14.881428571428572,0.0,19.75714285714286,102.32857142857142,1014.9285714285714,68.81428571428572,13.742857142857144,1402
16.87142857142857,8.842857142857143,12.885714285714286,16.87142857142857,8.014285714285714,12.671428571428573,73.22857142857143,6.740571428571428,71.42857142857143,17.262857142857143,0.0,19.17142857142857,269.3285714285714,1015.3857142857142,66.3,17.757142857142856,1363
15.842857142857143,8.571428571428571,12.314285714285717,15.37142857142857,6.271428571428571,11.242857142857144,70.11428571428571,8.495714285714286,100.0,26.785714285714285,0.0,29.61428571428572,221.9857142857143,1015.3571428571428,78.02857142857144,18.65714285714285,1428
26.9,17.02857142857143,21.857142857142858,27.7,17.02857142857143,22.1,75.61428571428571,0.4537142857142857,71.42857142857143,8.332857142857144,0.0,18.2,256.7857142857143,1015.2,48.285714285714285,13.94285714285714,1421
28.585714285714285,15.828571428571433,22.5,29.12857142857143,15.828571428571433,22.67142857142857,63.74285714285714,0.4994285714285714,14.285714285714286,3.571428571428572,0.0,18.085714285714285,236.3428571428572,1012.9,49.12857142857143,15.485714285714286,1475
11.7,1.3714285714285714,6.228571428571429,11.37142857142857,-1.2,4.742857142857143,66.18571428571428,0.1657142857142857,28.571428571428573,3.571428571428572,0.0,17.242857142857144,71.7,1015.3142857142856,44.07142857142857,14.87142857142857,1480
-5.285714285714286,-12.228571428571428,-8.285714285714286,-12.1,-20.057142857142857,-15.757142857142856,74.14285714285714,1.3548571428571428,57.142857142857146,17.26142857142857,4.6000000000000005,30.67142857142857,221.2,1017.2428571428572,74.51428571428572,15.285714285714286,1632
9.9,-1.1,4.071428571428571,8.514285714285714,-4.6,1.7571428571428571,65.98571428571428,1.3278571428571428,42.85714285714285,12.5,0.1999999999999999,24.928571428571427,230.1,1014.6714285714286,54.871428571428574,14.157142857142857,1624
21.1,8.685714285714285,14.957142857142856,21.1,8.27142857142857,14.842857142857143,60.1,0.7368571428571429,71.42857142857143,7.142857142857143,0.0,19.228571428571428,249.04285714285717,1014.8571428571428,44.58571428571429,15.55714285714286,1344
13.242857142857144,3.0142857142857147,7.585714285714286,12.742857142857144,-0.0999999999999999,5.4,65.24285714285715,1.5365714285714287,71.42857142857143,13.097142857142858,0.0,25.24285714285714,123.72857142857144,1010.5285714285714,71.17142857142858,22.714285714285715,1670
-0.157142857142857,-7.414285714285714,-3.3857142857142857,-4.271428571428571,-12.37142857142857,-7.871428571428571,59.98571428571428,0.3495714285714286,42.85714285714285,12.5,0.1285714285714285,22.542857142857144,223.52857142857144,1018.1428571428572,63.142857142857146,14.94285714285714,1665
20.057142857142857,7.428571428571429,14.1,20.057142857142857,7.057142857142857,14.028571428571428,60.92857142857143,0.3928571428571428,28.571428571428573,6.547142857142857,0.0,18.914285714285715,166.57142857142858,1015.157142857143,45.01428571428572,15.828571428571427,1336
6.857142857142857,-0.6285714285714284,3.228571428571428,3.828571428571428,-4.857142857142857,-0.357142857142857,72.75714285714285,3.1494285714285715,57.142857142857146,16.66857142857143,0.0,31.142857142857142,219.9142857142857,1018.7714285714284,87.02857142857144,18.442857142857143,1927
23.285714285714285,11.357142857142858,17.514285714285712,23.285714285714285,11.357142857142858,17.514285714285712,59.457142857142856,3.8045714285714287,57.142857142857146,7.144285714285715,0.0,23.985714285714288,221.64285714285717,1012.3285714285714,38.385714285714286,15.542857142857144,1366
33.128571428571426,21.228571428571428,27.15714285714285,36.785714285714285,21.228571428571428,28.75714285714286,70.47142857142858,1.314,42.85714285714285,2.975714285714285,0.0,24.02857142857143,239.9857142857143,1019.4142857142856,37.75714285714286,10.55714285714286,1410
0.6857142857142858,-5.857142857142857,-2.485714285714286,-3.3285714285714283,-11.171428571428573,-7.6571428571428575,76.01428571428572,3.2118571428571427,71.42857142857143,18.452857142857145,2.65,24.857142857142858,234.57142857142856,1020.0857142857142,72.62857142857142,15.37142857142857,1888
1.2857142857142858,-1.9428571428571428,-0.4142857142857142,0.0999999999999999,-6.271428571428571,-3.814285714285714,86.84285714285714,3.606714285714286,85.71428571428571,39.88142857142857,9.257142857142856,16.900000000000002,217.72857142857143,1012.5857142857144,99.6,8.657142857142857,1506
14.028571428571428,4.442857142857143,9.157142857142857,13.485714285714286,1.7,7.328571428571429,72.84285714285714,0.9865714285714288,57.142857142857146,18.452857142857145,0.0,25.75714285714286,236.14285714285717,1015.5571428571428,76.34285714285714,19.085714285714285,1522
1.5,-6.4,-2.1142857142857143,-2.5285714285714285,-11.085714285714284,-6.557142857142857,75.07142857142857,0.1151428571428571,14.285714285714286,4.761428571428572,1.7285714285714284,24.02857142857143,258.6142857142857,1015.842857142857,57.371428571428574,18.82857142857143,1888
12.05714285714286,1.385714285714286,6.885714285714286,11.542857142857144,-1.542857142857143,4.8,61.6,2.0365714285714285,28.571428571428573,10.714285714285714,0.0,26.928571428571427,111.2,1011.8571428571428,49.31428571428571,20.314285714285717,1647
25.77142857142857,16.5,21.214285714285715,25.814285714285717,16.5,21.214285714285715,65.6,1.4684285714285714,28.571428571428573,7.142857142857143,0.0,19.9,226.05714285714288,1016.7714285714284,46.91428571428571,15.114285714285714,1382
15.357142857142858,8.8,11.44285714285714,15.357142857142858,7.185714285714285,10.7,82.15714285714286,4.292714285714285,100.0,53.57142857142857,0.0,21.057142857142857,208.2142857142857,1005.157142857143,91.38571428571429,13.285714285714286,1357
19.514285714285712,12.2,15.614285714285714,19.514285714285712,12.0,15.6,76.61428571428571,3.7897142857142856,71.42857142857143,16.072857142857142,0.0,25.52857142857143,197.04285714285717,1010.8571428571428,59.08571428571429,13.171428571428573,1488
26.8,15.742857142857144,21.428571428571427,26.542857142857144,15.742857142857144,21.442857142857143,67.48571428571428,1.1397142857142857,28.571428571428573,4.762857142857143,0.0,16.3,169.28571428571428,1019.3285714285714,57.04285714285714,18.5,1492
12.842857142857143,3.771428571428572,7.957142857142857,12.44285714285714,1.5,6.1571428571428575,68.24285714285715,1.6947142857142858,28.571428571428573,8.928571428571429,0.0,24.77142857142857,253.7,1012.8285714285714,56.35714285714285,15.485714285714286,1547
-6.442857142857143,-12.1,-9.042857142857144,-10.6,-18.6,-14.642857142857142,77.11428571428571,0.336,57.142857142857146,9.522857142857143,18.285714285714285,20.457142857142856,218.87142857142857,1020.3857142857142,72.71428571428571,14.014285714285714,1928
4.642857142857143,-2.571428571428572,1.1,1.6,-7.471428571428571,-3.157142857142857,70.72857142857143,0.1247142857142857,42.85714285714285,2.9771428571428573,0.0,27.057142857142857,285.75714285714287,1018.9714285714286,70.21428571428571,18.2,1745
3.314285714285714,-2.657142857142857,-0.0142857142857142,-0.4285714285714285,-6.742857142857143,-3.8142857142857145,75.17142857142858,0.1804285714285714,28.571428571428573,1.7857142857142858,3.0,23.585714285714285,236.8428571428572,1020.3714285714286,72.75714285714285,15.87142857142857,1833
-10.071428571428571,-16.65714285714286,-13.37142857142857,-18.542857142857144,-27.314285714285717,-22.75714285714286,61.25714285714286,0.7277142857142856,42.85714285714285,10.714285714285714,13.314285714285717,32.42857142857143,240.32857142857145,1019.9857142857144,64.05714285714286,16.185714285714287,1742
-4.785714285714286,-11.928571428571429,-8.314285714285715,-9.714285714285714,-18.728571428571428,-14.528571428571428,77.44285714285715,1.1288571428571428,57.142857142857146,17.26142857142857,9.8,25.4,242.0142857142857,1016.7857142857144,56.07142857142857,15.05714285714286,1811
22.8,16.242857142857144,19.414285714285715,23.514285714285712,16.242857142857144,19.514285714285712,88.41428571428571,9.827857142857145,100.0,39.28714285714285,0.0,20.62857142857143,164.0,1014.7428571428572,91.61428571428571,10.085714285714284,1468
-2.9285714285714284,-9.0,-5.885714285714286,-8.042857142857143,-15.085714285714284,-11.614285714285714,77.89999999999999,0.0559999999999999,28.571428571428573,2.381428571428572,6.385714285714286,23.27142857142857,264.2714285714286,1018.7857142857144,58.5,14.571428571428571,1909
15.971428571428572,5.557142857142857,10.485714285714286,15.971428571428572,4.185714285714286,9.928571428571429,66.24285714285715,0.1301428571428571,14.285714285714286,2.381428571428572,0.0,23.87142857142857,216.32857142857145,1014.0571428571428,26.65714285714285,15.814285714285717,1327
5.557142857142857,-2.4285714285714284,1.1428571428571428,2.414285714285714,-5.8,-2.1,66.37142857142858,0.0,0.0,0.0,0.0,20.342857142857145,129.92857142857142,1025.9428571428573,77.05714285714285,15.44285714285714,1760
7.071428571428571,-0.2714285714285713,3.0857142857142854,4.971428571428571,-4.5285714285714285,0.0428571428571428,68.87142857142858,1.3821428571428571,28.571428571428573,16.665714285714284,0.2857142857142857,21.67142857142857,110.31428571428572,1021.3857142857142,62.385714285714286,14.328571428571427,1759
15.771428571428572,6.042857142857143,10.657142857142857,15.771428571428572,3.857142857142857,9.62857142857143,63.457142857142856,0.3558571428571428,42.85714285714285,7.737142857142857,0.0,23.714285714285715,194.28571428571428,1014.7142857142856,78.58571428571429,18.17142857142857,1549
14.2,6.028571428571428,9.614285714285714,14.2,3.557142857142857,7.985714285714286,68.75714285714285,2.505428571428571,71.42857142857143,17.857142857142858,0.0,26.842857142857135,179.68571428571428,1010.7571428571428,75.78571428571429,14.671428571428573,1446
27.5,17.97142857142857,22.785714285714285,28.142857142857142,17.97142857142857,22.942857142857143,66.62857142857142,3.1747142857142854,57.142857142857146,12.498571428571427,0.0,19.814285714285717,238.58571428571423,1017.0285714285714,48.51428571428572,18.214285714285715,1350
12.94285714285714,3.914285714285714,8.7,12.94285714285714,2.4714285714285715,7.7,76.10000000000001,2.1965714285714286,71.42857142857143,11.311428571428571,3.4,20.414285714285715,188.12857142857143,1023.4,52.9,15.314285714285711,1478
13.3,1.3142857142857145,7.5,12.842857142857143,-0.4142857142857142,6.1571428571428575,55.3,0.0317142857142857,14.285714285714286,1.7857142857142858,0.0,23.82857142857143,282.51428571428573,1018.8285714285714,44.58571428571429,15.6,1497
25.74285714285714,15.642857142857142,20.77142857142857,26.32857142857143,15.642857142857142,20.914285714285715,74.64285714285714,2.699857142857143,42.85714285714285,11.904285714285717,0.0,18.61428571428572,174.57142857142858,1012.5571428571428,46.67142857142857,14.257142857142856,1341
18.17142857142857,8.257142857142856,13.514285714285714,18.17142857142857,6.6000000000000005,13.042857142857144,59.85714285714285,1.759,42.85714285714285,8.332857142857142,0.0,23.942857142857143,197.52857142857144,1014.1285714285714,79.61428571428571,24.985714285714288,1376
19.571428571428573,10.5,14.757142857142856,19.571428571428573,10.014285714285714,14.642857142857142,78.77142857142857,0.922,42.85714285714285,4.1657142857142855,0.0,20.17142857142857,271.0857142857143,1013.657142857143,50.285714285714285,19.1,1364
24.514285714285712,14.2,19.3,24.77142857142857,14.2,19.357142857142858,69.97142857142858,1.6981428571428572,42.85714285714285,8.930000000000001,0.0,22.4,115.98571428571428,1010.2,52.48571428571428,17.5,1457
15.44285714285714,3.414285714285714,9.4,15.44285714285714,1.1,7.885714285714286,51.87142857142857,0.7647142857142857,42.85714285714285,8.334285714285715,0.0,22.4,184.02857142857144,1017.0428571428572,53.9,15.228571428571428,1479
1.8142857142857145,-7.114285714285714,-2.071428571428572,-2.5285714285714285,-12.314285714285717,-7.057142857142857,69.01428571428572,6.518857142857143,28.571428571428573,19.047142857142852,8.342857142857143,26.61428571428572,228.8571428571429,1022.4571428571428,44.51428571428572,18.314285714285717,1664
5.742857142857142,-2.1,0.9428571428571432,4.042857142857143,-6.1571428571428575,-2.4,77.88571428571429,7.292857142857143,71.42857142857143,29.16714285714286,0.0,26.0,193.7142857142857,1019.4857142857144,73.21428571428571,11.828571428571427,1381
21.228571428571428,10.642857142857142,15.642857142857142,21.228571428571428,10.642857142857142,15.642857142857142,79.41428571428571,1.6,42.85714285714285,10.714285714285714,0.0,16.642857142857142,178.32857142857142,1015.5285714285714,58.57142857142857,12.528571428571428,1456
17.271428571428572,8.071428571428571,12.642857142857142,17.271428571428572,6.085714285714286,12.0,55.82857142857143,0.5927142857142857,42.85714285714285,4.1657142857142855,0.0,25.014285714285712,266.6428571428572,1010.8285714285714,72.5,24.27142857142857,1575
-0.8142857142857142,-7.057142857142857,-3.5142857142857147,-2.957142857142857,-13.614285714285714,-7.514285714285714,74.10000000000001,0.84,57.142857142857146,9.525714285714288,1.3285714285714287,24.071428571428573,255.4,1010.1142857142858,90.68571428571428,12.94285714285714,1920
16.54285714285714,6.928571428571429,11.542857142857144,16.0,4.242857142857143,10.257142857142856,63.42857142857143,0.4544285714285714,71.42857142857143,9.522857142857143,0.0,28.2,249.6142857142857,1014.5285714285714,64.65714285714286,24.47142857142857,1515
14.242857142857142,3.0,8.642857142857142,13.571428571428571,0.7,7.3428571428571425,68.32857142857144,2.629714285714286,57.142857142857146,10.12,0.0,23.02857142857143,213.07142857142856,1011.8571428571428,58.3,14.585714285714284,1582
18.485714285714288,4.871428571428572,12.2,18.357142857142858,3.357142857142857,11.614285714285714,47.94285714285714,0.4551428571428571,14.285714285714286,5.357142857142857,0.0,25.442857142857143,201.2142857142857,1025.1285714285714,58.785714285714285,15.0,1332
25.314285714285717,14.028571428571428,19.471428571428568,25.442857142857143,14.028571428571428,19.514285714285712,69.72857142857143,0.6207142857142857,42.85714285714285,7.142857142857143,0.0,23.285714285714285,242.8571428571429,1014.9428571428572,49.871428571428574,24.12857142857143,1443
28.228571428571428,17.385714285714286,23.02857142857143,29.957142857142856,17.385714285714286,23.6,62.48571428571428,0.7005714285714285,14.285714285714286,2.381428571428572,0.0,24.714285714285715,237.95714285714288,1014.5285714285714,52.01428571428572,21.785714285714285,1397
29.82857142857143,15.05714285714286,22.357142857142858,29.685714285714287,15.05714285714286,22.385714285714283,60.44285714285714,0.0,0.0,0.0,0.0,19.1,238.12857142857143,1018.4571428571428,15.314285714285717,14.428571428571429,1403
28.67142857142857,18.32857142857143,23.74285714285714,29.65714285714285,18.32857142857143,24.057142857142857,69.7,0.0,0.0,0.0,0.0,14.571428571428571,192.58571428571423,1017.6714285714286,46.142857142857146,10.642857142857142,1421
24.185714285714287,12.9,18.32857142857143,24.185714285714287,12.62857142857143,18.314285714285717,69.8,0.5808571428571428,57.142857142857146,8.928571428571429,0.0,18.02857142857143,263.8285714285714,1013.5142857142856,44.58571428571429,15.257142857142856,1268
17.157142857142855,6.842857142857143,11.757142857142856,17.157142857142855,5.6,11.142857142857142,67.44285714285714,0.0414285714285714,28.571428571428573,2.381428571428572,0.0,24.62857142857143,253.94285714285712,1011.2428571428572,47.68571428571429,15.828571428571427,1458
0.5142857142857143,-3.6714285714285713,-1.4428571428571428,-2.757142857142857,-8.657142857142857,-6.0,78.27142857142857,0.2902857142857143,85.71428571428571,15.477142857142857,1.9142857142857144,24.842857142857145,223.5142857142857,1014.5571428571428,82.94285714285715,12.157142857142857,1643
2.942857142857143,-2.2,0.2571428571428571,-1.6,-8.171428571428573,-4.928571428571429,78.72857142857143,1.1247142857142856,57.142857142857146,16.07,1.6,30.32857142857143,241.38571428571427,1008.1,72.94285714285715,12.428571428571429,1883
14.242857142857144,2.0,8.085714285714285,13.714285714285714,-1.0571428571428572,6.314285714285715,54.01428571428572,0.5032857142857142,28.571428571428573,2.9771428571428578,0.0,22.214285714285715,136.31428571428572,1015.7285714285716,54.68571428571429,20.914285714285715,1688
17.3,8.6,12.542857142857144,17.3,7.357142857142857,11.842857142857143,68.65714285714286,1.898428571428572,71.42857142857143,17.85857142857143,0.0,24.5,220.7142857142857,1015.3,51.5,14.757142857142856,1442
9.185714285714283,2.1142857142857143,5.485714285714286,7.728571428571429,-0.8857142857142856,2.6714285714285717,79.39999999999999,6.135,71.42857142857143,27.97714285714286,0.0,27.685714285714287,140.77142857142857,1012.3714285714286,86.04285714285713,12.414285714285716,1785
0.3,-4.671428571428572,-2.142857142857143,-1.8,-9.0,-5.757142857142857,81.0,0.2015714285714285,42.85714285714285,7.142857142857143,5.985714285714286,18.15714285714285,201.77142857142857,1016.3857142857142,88.84285714285714,13.55714285714286,1898
14.314285714285717,1.457142857142857,7.957142857142857,13.657142857142857,-0.0285714285714285,6.7,56.114285714285714,0.0071428571428571,14.285714285714286,1.19,0.0,16.95714285714286,211.87142857142857,1015.9285714285714,50.457142857142856,15.428571428571429,1470
21.67142857142857,10.671428571428573,16.114285714285714,21.9,10.028571428571428,15.985714285714286,71.27142857142857,3.4907142857142857,71.42857142857143,18.45142857142857,0.0,25.52857142857143,216.38571428571427,1016.1285714285716,40.91428571428571,14.142857142857142,1307
5.871428571428572,-0.8428571428571427,2.6714285714285717,2.7857142857142856,-4.714285714285714,-0.7142857142857143,69.24285714285715,0.2575714285714285,28.571428571428573,3.571428571428572,0.0,24.8,234.97142857142856,1014.8142857142856,80.82857142857142,15.385714285714286,1560
6.028571428571429,-4.557142857142857,0.4428571428571429,2.985714285714286,-8.657142857142857,-2.857142857142857,55.51428571428572,0.0,0.0,0.0,0.4428571428571429,21.842857142857145,199.47142857142856,1017.3857142857142,22.414285714285715,16.0,1792
1.6285714285714286,-3.642857142857143,-0.8142857142857142,-0.8571428571428573,-8.828571428571427,-5.128571428571428,83.31428571428572,0.9685714285714284,28.571428571428573,7.737142857142857,3.14,22.7,229.47142857142856,1022.4285714285714,70.41428571428571,10.842857142857143,1567
29.12857142857143,19.15714285714285,24.314285714285717,30.071428571428573,19.15714285714285,24.65714285714285,66.47142857142858,1.3855714285714282,42.85714285714285,4.167142857142857,0.0,16.357142857142858,184.7428571428572,1019.1,52.885714285714286,16.571428571428573,1363
6.014285714285714,0.3142857142857143,3.1,2.771428571428572,-4.614285714285714,-0.8714285714285716,70.62857142857142,0.8111428571428572,71.42857142857143,13.095714285714283,1.0,28.228571428571428,235.7142857142857,1012.8,75.05714285714285,15.014285714285716,1678
27.542857142857144,18.47142857142857,22.957142857142856,28.957142857142856,18.47142857142857,23.32857142857143,72.07142857142857,2.4347142857142856,42.85714285714285,4.761428571428572,0.0,23.685714285714283,210.97142857142856,1010.3857142857142,57.75714285714286,13.55714285714286,1445
19.25714285714286,11.542857142857144,15.028571428571428,19.25714285714286,10.885714285714286,14.9,73.71428571428571,5.701428571428571,85.71428571428571,23.214285714285715,0.0,20.042857142857144,162.24285714285716,1009.8571428571428,76.45714285714287,14.05714285714286,1551
6.5,-2.7285714285714286,2.1,4.414285714285714,-6.057142857142857,-0.8857142857142858,79.97142857142856,0.7568571428571429,57.142857142857146,10.714285714285714,0.4571428571428572,26.6,218.67142857142855,1012.8142857142856,69.27142857142857,13.957142857142856,1652
31.24285714285714,18.414285714285715,25.25714285714286,31.9,18.414285714285715,25.514285714285712,62.48571428571428,1.6861428571428572,14.285714285714286,2.381428571428572,0.0,18.142857142857142,214.48571428571427,1015.7571428571428,24.785714285714285,14.614285714285714,1378
24.357142857142858,15.585714285714284,19.74285714285714,24.7,15.585714285714284,19.8,76.74285714285715,12.532,71.42857142857143,19.642857142857142,0.0,22.285714285714285,193.45714285714288,1014.0428571428572,67.82857142857144,18.842857142857145,1403
17.82857142857143,8.785714285714286,13.857142857142858,17.271428571428572,7.385714285714286,13.1,68.28571428571429,2.4134285714285717,85.71428571428571,19.047142857142852,0.0,27.6,185.07142857142856,1008.6,70.87142857142858,14.2,1455
29.3,17.657142857142855,23.77142857142857,31.128571428571423,17.657142857142855,24.5,68.64285714285714,0.014,14.285714285714286,0.5957142857142858,0.0,15.728571428571428,214.7142857142857,1017.5285714285714,42.885714285714286,13.1,1352
25.542857142857144,17.385714285714286,21.37142857142857,26.1,17.385714285714286,21.485714285714288,78.41428571428571,4.142428571428572,42.85714285714285,6.547142857142857,0.0,16.357142857142858,199.05714285714285,1020.4857142857144,53.457142857142856,14.3,1293
25.61428571428572,13.585714285714284,19.942857142857143,25.842857142857145,13.585714285714284,19.97142857142857,63.55714285714286,1.3484285714285715,57.142857142857146,5.357142857142857,0.0,22.02857142857143,185.32857142857145,1019.2142857142856,44.271428571428565,15.657142857142857,1461
-1.5,-7.628571428571429,-4.228571428571429,-5.271428571428571,-12.014285714285714,-8.285714285714286,80.15714285714286,0.4738571428571428,71.42857142857143,18.452857142857145,9.242857142857144,21.228571428571428,241.7428571428572,1020.3142857142858,80.94285714285715,11.2,1833
-2.2285714285714286,-7.328571428571428,-4.557142857142857,-6.1571428571428575,-13.142857142857142,-9.685714285714283,77.65714285714286,1.5654285714285712,57.142857142857146,20.83428571428572,14.485714285714286,22.714285714285715,207.2142857142857,1012.6285714285714,82.39999999999999,12.0,1580
2.6000000000000005,-2.0,0.4857142857142857,-0.4285714285714285,-7.399999999999999,-3.857142857142857,72.54285714285714,0.5101428571428571,28.571428571428573,7.142857142857143,0.0,26.2,220.47142857142856,1014.5857142857144,88.77142857142857,14.971428571428572,1951
10.585714285714284,4.185714285714286,7.6571428571428575,9.828571428571427,1.0,5.5,78.51428571428572,2.084142857142857,71.42857142857143,18.452857142857145,0.0,21.414285714285715,215.92857142857144,1015.2,88.77142857142857,15.242857142857144,1521
27.12857142857143,14.1,21.25714285714286,26.5,13.914285714285716,21.02857142857143,53.75714285714286,0.0845714285714285,14.285714285714286,2.975714285714285,0.0,19.4,167.9857142857143,1016.9857142857144,25.9,15.571428571428571,1342
15.485714285714286,6.585714285714286,10.957142857142856,14.585714285714284,5.214285714285714,9.77142857142857,73.52857142857144,3.8762857142857134,57.142857142857146,20.83285714285714,0.0,28.557142857142857,211.2,1021.1857142857144,57.58571428571429,15.085714285714284,1433
19.285714285714285,12.471428571428572,15.485714285714286,19.285714285714285,11.957142857142856,15.342857142857143,81.11428571428571,1.9964285714285717,28.571428571428573,15.477142857142857,0.0,16.985714285714288,95.35714285714286,1025.9142857142856,79.24285714285715,7.428571428571429,1506
4.057142857142857,-1.9428571428571428,1.3285714285714283,1.8714285714285717,-5.271428571428571,-1.4714285714285715,86.8,1.9524285714285716,42.85714285714285,17.857142857142858,0.0,19.485714285714288,200.08571428571423,1015.0857142857144,77.7,11.314285714285717,1957
-0.057142857142857,-8.0,-4.185714285714286,-4.757142857142858,-13.014285714285714,-9.128571428571428,70.88571428571429,0.1451428571428571,14.285714285714286,2.381428571428572,0.0,22.357142857142858,118.51428571428572,1025.571428571429,54.22857142857144,13.171428571428573,1828
26.085714285714285,14.257142857142856,20.585714285714285,25.885714285714283,14.257142857142856,20.557142857142857,64.10000000000001,0.0,0.0,0.0,0.0,19.585714285714285,224.3,1014.5571428571428,39.3,15.728571428571428,1308
4.471428571428572,-3.157142857142857,0.8714285714285713,0.7142857142857143,-8.671428571428573,-3.4571428571428577,75.91428571428571,0.5788571428571428,57.142857142857146,9.524285714285714,0.0,27.0,164.18571428571428,1021.1714285714286,64.51428571428572,13.714285714285714,1818
22.557142857142857,15.357142857142858,18.357142857142858,23.3,15.357142857142858,18.514285714285712,80.38571428571429,1.9485714285714288,71.42857142857143,17.85857142857143,0.0,21.985714285714288,142.37142857142857,1013.5,86.89999999999999,16.7,1423
25.842857142857145,15.3,20.457142857142856,25.87142857142857,15.3,20.485714285714288,77.58571428571429,0.7472857142857142,14.285714285714286,4.761428571428572,0.0,15.071428571428571,207.04285714285717,1017.6,41.75714285714286,14.385714285714286,1289
9.771428571428572,1.5,5.228571428571429,8.6,-1.1142857142857143,3.257142857142857,83.08571428571429,0.3929999999999999,42.85714285714285,6.547142857142857,0.0,21.057142857142857,168.82857142857142,1017.9142857142858,70.08571428571429,9.3,1617
16.9,7.6571428571428575,12.614285714285714,16.9,5.4,11.828571428571427,69.74285714285715,7.907857142857144,71.42857142857143,25.00142857142857,0.0,27.3,181.28571428571428,1015.2428571428572,70.89999999999999,13.814285714285717,1349
4.371428571428572,-2.671428571428572,0.8285714285714285,0.0142857142857142,-6.742857142857143,-3.614285714285714,76.72857142857143,2.420428571428572,71.42857142857143,21.427142857142854,1.8333333333333333,28.885714285714283,216.6857142857143,1013.1428571428572,80.98571428571428,13.228571428571428,1748
20.214285714285715,7.8428571428571425,14.157142857142857,19.65714285714285,5.557142857142857,13.242857142857144,66.4,0.5491428571428572,14.285714285714286,4.167142857142857,0.0,27.17142857142857,200.25714285714284,1016.3714285714286,59.371428571428574,13.94285714285714,1723
28.714285714285715,17.842857142857145,23.65714285714285,29.571428571428573,17.842857142857145,23.9,68.91428571428573,0.7008571428571428,57.142857142857146,6.547142857142857,0.0,21.557142857142857,244.22857142857143,1011.1142857142858,47.557142857142864,15.62857142857143,1447
12.457142857142856,6.428571428571429,9.585714285714284,11.485714285714286,4.357142857142857,8.071428571428571,79.65714285714286,2.2841428571428573,85.71428571428571,28.571428571428573,0.0,21.8,221.45714285714288,1013.0285714285714,79.75714285714285,13.685714285714283,1650
18.542857142857144,9.842857142857142,14.242857142857144,18.542857142857144,9.2,14.157142857142857,76.05714285714285,3.017857142857143,42.85714285714285,17.857142857142858,0.0,17.185714285714287,100.1,1014.0,70.28571428571429,14.914285714285716,1360
24.25714285714286,17.114285714285714,20.185714285714287,24.37142857142857,17.114285714285714,20.2,86.65714285714286,26.673285714285715,71.42857142857143,26.19,0.0,19.65714285714285,182.7428571428572,1011.2,89.64285714285714,12.814285714285717,1441
9.1,-0.2142857142857142,4.228571428571429,7.071428571428571,-4.371428571428572,0.9285714285714286,63.94285714285714,0.78,57.142857142857146,14.285714285714286,3.5,25.542857142857144,238.45714285714288,1021.3142857142856,60.7,14.171428571428573,1538
6.257142857142857,-1.4285714285714286,1.8571428571428568,3.8,-4.5285714285714285,-0.9285714285714286,83.3,0.0961428571428571,14.285714285714286,2.381428571428572,1.4333333333333331,18.185714285714287,246.9142857142857,1022.9142857142856,59.7,10.771428571428572,1762
12.471428571428572,3.7285714285714286,8.057142857142857,12.257142857142856,0.7714285714285714,6.057142857142857,66.38571428571429,3.184857142857143,57.142857142857146,16.071428571428573,0.0,28.557142857142857,246.77142857142857,1011.1142857142858,64.62857142857142,14.157142857142857,1461
24.47142857142857,12.714285714285714,18.65714285714285,24.6,12.571428571428571,18.65714285714285,73.60000000000001,2.335714285714286,71.42857142857143,11.311428571428571,0.0,17.685714285714287,272.0142857142857,1013.4142857142858,55.957142857142856,14.55714285714286,1383
14.0,2.585714285714286,8.2,14.0,-0.1857142857142858,6.585714285714286,65.2,0.8864285714285715,28.571428571428573,8.332857142857142,0.0,23.11428571428571,137.92857142857142,1013.4428571428572,48.25714285714286,16.45714285714286,1596
11.028571428571428,0.8714285714285713,6.028571428571429,9.557142857142855,-3.0,3.4,64.37142857142858,1.042,71.42857142857143,10.12,0.0,29.842857142857145,178.25714285714284,1019.4142857142856,77.38571428571429,18.814285714285717,1658
26.071428571428573,16.157142857142855,21.314285714285717,26.02857142857143,16.157142857142855,21.342857142857145,61.5,2.478857142857143,28.571428571428573,2.9771428571428578,0.0,23.942857142857143,181.77142857142852,1016.3714285714286,54.3,20.285714285714285,1492
0.1285714285714283,-9.185714285714283,-4.9,-5.057142857142857,-15.157142857142857,-10.342857142857143,62.18571428571429,0.0071428571428571,14.285714285714286,0.5957142857142858,0.1142857142857143,27.88571428571429,248.8,1019.3142857142856,51.32857142857143,15.428571428571429,1646
11.77142857142857,2.071428571428572,6.628571428571428,11.085714285714284,-0.7285714285714285,4.714285714285714,66.68571428571428,0.8257142857142857,57.142857142857146,13.69,3.2,23.31428571428572,157.58571428571432,1017.5142857142856,59.92857142857143,20.342857142857145,1606
-0.3285714285714285,-6.385714285714286,-3.3714285714285714,-3.914285714285714,-11.642857142857142,-8.085714285714285,74.25714285714285,0.8404285714285714,57.142857142857146,20.238571428571426,1.6,22.785714285714285,235.4857142857143,1014.7428571428572,78.47142857142856,12.914285714285716,1539
9.142857142857142,-0.157142857142857,4.085714285714286,7.057142857142857,-4.8,0.7999999999999999,67.57142857142857,2.725714285714285,28.571428571428573,10.118571428571428,0.0,29.414285714285715,244.8857142857143,1014.6142857142858,69.6,13.742857142857144,1701
14.614285714285714,6.071428571428571,10.12857142857143,13.814285714285717,3.3428571428571425,8.457142857142857,76.67142857142858,9.240857142857145,42.85714285714285,20.237142857142857,0.0,30.985714285714288,233.5,1012.7,67.12857142857142,14.542857142857144,1409
3.7142857142857135,-2.3714285714285714,0.5857142857142856,0.6285714285714287,-7.371428571428572,-3.3714285714285714,75.52857142857144,0.6938571428571428,14.285714285714286,7.142857142857143,0.0,22.057142857142857,226.1142857142857,1016.1142857142858,82.10000000000001,14.05714285714286,1584
22.314285714285717,14.885714285714286,18.414285714285715,22.314285714285717,14.885714285714286,18.414285714285715,86.77142857142857,4.223857142857143,85.71428571428571,17.857142857142858,0.0,16.557142857142857,222.45714285714288,1012.5285714285714,69.77142857142857,11.12857142857143,1427
-1.6857142857142855,-7.8,-4.557142857142857,-4.9,-12.37142857142857,-9.071428571428571,74.38571428571429,2.8048571428571427,71.42857142857143,22.02285714285714,2.7857142857142856,20.814285714285717,249.17142857142855,1015.2,80.61428571428571,12.728571428571428,1689
26.842857142857145,15.771428571428572,21.15714285714285,26.8,15.771428571428572,21.17142857142857,72.89999999999999,4.026714285714286,42.85714285714285,11.31,0.0,15.614285714285714,206.05714285714288,1016.7571428571428,47.6,14.757142857142856,1342
20.4,11.114285714285714,15.971428571428572,20.4,10.785714285714286,15.885714285714286,65.52857142857142,0.3985714285714286,14.285714285714286,4.167142857142857,0.0,18.071428571428573,139.4142857142857,1014.342857142857,59.15714285714286,15.914285714285716,1337
11.55714285714286,6.328571428571428,8.77142857142857,10.728571428571428,3.4,6.685714285714285,73.82857142857142,3.830142857142857,57.142857142857146,30.952857142857145,0.0,31.428571428571427,242.42857142857144,1004.2714285714284,73.07142857142857,14.314285714285717,1368
16.928571428571427,5.242857142857143,11.3,16.9,3.5857142857142854,10.414285714285716,58.57142857142857,2.623142857142857,42.85714285714285,11.31,0.0,27.37142857142857,252.17142857142855,1020.8571428571428,50.62857142857143,20.042857142857144,1476
13.0,2.3285714285714287,7.571428571428571,11.542857142857144,-1.4142857142857144,4.914285714285716,66.85714285714286,3.588,42.85714285714285,17.26142857142857,1.0,29.74285714285714,66.61428571428571,1014.3142857142856,52.92857142857143,18.685714285714287,1629
5.6000000000000005,0.8714285714285713,3.3428571428571425,4.057142857142857,-2.4428571428571426,0.4571428571428572,83.87142857142858,2.4531428571428573,71.42857142857143,23.214285714285715,0.0571428571428571,22.414285714285715,236.77142857142852,1006.2714285714284,91.67142857142858,10.657142857142857,1757
-7.171428571428572,-15.457142857142856,-10.671428571428573,-12.1,-22.042857142857144,-16.52857142857143,83.22857142857143,0.2074285714285714,57.142857142857146,6.548571428571429,32.48571428571429,20.6,226.75714285714284,1025.7714285714285,70.5,12.214285714285714,1756
20.87142857142857,13.814285714285717,17.37142857142857,20.942857142857143,13.814285714285717,17.385714285714286,80.27142857142857,3.377142857142857,100.0,33.332857142857144,0.0,14.55714285714286,227.65714285714284,1018.0,70.58571428571429,14.485714285714284,1213
29.02857142857143,17.428571428571427,23.2,29.67142857142857,17.428571428571427,23.357142857142858,68.38571428571429,0.1685714285714285,14.285714285714286,0.5957142857142858,0.0,18.185714285714287,149.74285714285716,1018.1428571428572,41.871428571428574,16.82857142857143,1340
25.414285714285715,12.257142857142856,18.957142857142856,25.17142857142857,11.728571428571428,18.8,61.52857142857143,0.3302857142857142,14.285714285714286,2.381428571428572,0.0,23.47142857142857,178.17142857142858,1016.8857142857142,43.51428571428572,14.442857142857145,1560
25.414285714285715,15.0,20.12857142857143,25.52857142857143,15.0,20.142857142857142,75.37142857142858,3.001142857142857,71.42857142857143,7.144285714285714,0.0,16.014285714285712,194.14285714285717,1018.6857142857144,58.142857142857146,13.557142857142855,1390
25.557142857142857,15.357142857142858,20.9,25.514285714285712,15.357142857142858,20.87142857142857,60.35714285714285,0.3928571428571428,42.85714285714285,5.358571428571429,0.0,26.428571428571427,203.47142857142856,1010.7285714285716,56.08571428571428,21.67142857142857,1407
16.45714285714286,5.4,10.814285714285717,16.45714285714286,4.914285714285714,10.642857142857142,69.37142857142858,0.6692857142857143,57.142857142857146,14.287142857142856,0.0,16.214285714285715,179.31428571428572,1021.7714285714284,39.57142857142857,14.585714285714284,1364
-3.257142857142857,-11.6,-7.628571428571428,-7.142857142857143,-18.8,-13.87142857142857,61.871428571428574,0.2135714285714285,28.571428571428573,5.357142857142857,1.0,23.357142857142858,255.6,1025.6285714285714,49.642857142857146,19.52857142857143,1821
-1.8571428571428568,-7.3428571428571425,-4.542857142857143,-6.414285714285714,-13.014285714285714,-9.528571428571428,77.45714285714284,0.1291428571428571,42.85714285714285,4.761428571428572,11.014285714285714,20.285714285714285,256.6142857142857,1021.8,61.871428571428574,12.785714285714286,1728
6.728571428571429,0.4714285714285714,3.7142857142857135,4.6000000000000005,-3.928571428571429,0.3571428571428571,80.58571428571429,0.4848571428571429,42.85714285714285,10.714285714285714,1.0,23.3,219.45714285714288,1013.2857142857144,94.7,13.828571428571427,1948
-1.557142857142857,-8.942857142857143,-5.171428571428572,-5.242857142857143,-13.885714285714286,-9.785714285714286,75.85714285714286,0.1728571428571428,42.85714285714285,7.144285714285715,13.685714285714283,19.228571428571428,260.92857142857144,1023.6857142857144,62.57142857142857,14.05714285714286,1866
27.914285714285715,17.485714285714288,22.74285714285714,28.728571428571428,17.485714285714288,23.057142857142857,74.58571428571429,0.0,0.0,0.0,0.0,16.485714285714288,288.0857142857143,1016.1428571428572,33.41428571428571,14.94285714285714,1395
23.214285714285715,17.65714285714286,20.314285714285717,23.514285714285712,17.65714285714286,20.37142857142857,84.12857142857142,6.638285714285715,57.142857142857146,19.047142857142852,0.0,17.185714285714287,88.25714285714285,1018.4428571428572,93.01428571428572,9.985714285714286,1398
16.97142857142857,5.328571428571428,10.928571428571429,16.97142857142857,4.314285714285714,10.5,61.12857142857143,0.028,14.285714285714286,1.19,0.0,19.142857142857142,168.37142857142857,1022.1714285714288,49.10000000000001,21.67142857142857,1501
12.828571428571427,4.871428571428572,8.7,12.1,3.0857142857142854,7.257142857142857,72.34285714285714,3.4908571428571427,85.71428571428571,17.85857142857143,0.0,21.24285714285714,233.62857142857143,1010.5285714285714,81.71428571428571,14.571428571428571,1321
4.085714285714286,-4.957142857142857,-0.2142857142857143,0.2857142857142858,-9.771428571428572,-4.728571428571429,70.55714285714285,1.4945714285714284,85.71428571428571,15.475714285714286,0.85,29.61428571428572,235.7428571428572,1013.3142857142856,66.78571428571429,16.228571428571428,1663
15.085714285714284,5.857142857142857,10.671428571428573,15.085714285714284,4.557142857142857,9.928571428571429,72.32857142857144,1.9712857142857143,71.42857142857143,19.642857142857142,0.0,17.214285714285715,128.05714285714285,1012.5571428571428,67.4,13.542857142857144,1486
8.414285714285715,-1.3285714285714283,3.571428571428572,6.2,-6.085714285714286,-0.0142857142857142,64.22857142857143,2.972142857142857,57.142857142857146,17.857142857142858,1.4,27.27142857142857,262.37142857142857,1020.5142857142856,62.44285714285714,17.7,1624
13.814285714285717,3.7714285714285714,8.757142857142856,13.37142857142857,0.9857142857142857,7.057142857142858,65.39999999999999,0.5245714285714286,57.142857142857146,8.334285714285715,0.0,23.8,259.75714285714287,1014.5142857142856,49.85714285714285,22.97142857142857,1580
-2.2142857142857144,-9.914285714285716,-5.8,-4.414285714285714,-12.828571428571427,-8.642857142857142,77.82857142857142,0.088,28.571428571428573,3.571428571428572,0.5714285714285714,17.414285714285715,181.0142857142857,1023.4285714285714,68.95714285714286,12.285714285714286,1578
-3.471428571428571,-12.857142857142858,-7.928571428571429,-8.4,-18.2,-13.1,69.4,0.0581428571428571,14.285714285714286,1.7857142857142858,16.15714285714286,21.814285714285717,244.64285714285717,1017.6,48.67142857142857,14.8,1674
5.114285714285714,1.0142857142857142,2.857142857142857,2.6714285714285717,-3.742857142857143,-0.8142857142857142,89.81428571428572,2.9425714285714286,85.71428571428571,27.38142857142857,1.0,23.0,216.8857142857143,1012.8714285714286,99.47142857142856,8.200000000000001,1866
1.3142857142857145,-4.128571428571428,-1.1428571428571428,-0.3857142857142857,-8.542857142857143,-4.628571428571428,76.52857142857144,0.6998571428571428,71.42857142857143,13.095714285714283,2.071428571428572,19.77142857142857,246.95714285714288,1023.0857142857144,80.34285714285714,12.985714285714286,1545
26.285714285714285,16.557142857142857,21.457142857142856,26.642857142857142,16.557142857142857,21.5,73.84285714285714,2.058428571428572,57.142857142857146,14.284285714285714,0.0,18.414285714285715,239.2,1012.9285714285714,47.04285714285714,15.114285714285714,1434
4.085714285714286,-3.1142857142857143,0.5428571428571428,1.3285714285714287,-6.542857142857143,-2.885714285714286,76.98571428571428,1.701142857142857,57.142857142857146,10.715714285714286,3.3428571428571425,22.557142857142857,201.7428571428572,1021.5428571428572,54.1,11.857142857142858,1705
1.8857142857142857,-4.457142857142857,-1.2142857142857142,-2.1714285714285717,-9.571428571428571,-5.8,76.27142857142857,0.7888571428571429,71.42857142857143,16.66857142857143,7.914285714285714,24.228571428571428,248.64285714285717,1014.8142857142856,74.77142857142857,14.242857142857142,1741
15.0,5.314285714285715,10.171428571428573,15.0,3.2285714285714286,9.314285714285717,71.75714285714285,0.4995714285714285,28.571428571428573,6.548571428571429,0.0,20.514285714285712,147.45714285714286,1024.6,48.18571428571429,17.857142857142858,1497
24.25714285714286,13.785714285714286,18.32857142857143,24.185714285714287,13.785714285714286,18.314285714285717,73.5,0.2678571428571429,100.0,11.905714285714286,0.0,17.571428571428573,248.1,1018.9285714285714,52.771428571428565,14.428571428571429,1265
18.742857142857144,8.9,13.671428571428573,18.77142857142857,8.214285714285714,13.257142857142856,71.52857142857142,1.3907142857142858,57.142857142857146,19.642857142857142,0.0,21.357142857142858,138.95714285714286,1018.342857142857,70.88571428571429,16.7,1472
6.842857142857143,0.7428571428571431,3.8857142857142857,5.514285714285714,-2.4714285714285715,1.2714285714285716,85.37142857142858,3.166571428571428,85.71428571428571,30.95142857142857,12.575,20.985714285714288,196.04285714285717,1021.9285714285714,89.10000000000001,12.471428571428572,1643
26.071428571428573,14.44285714285714,20.685714285714287,26.185714285714287,14.44285714285714,20.714285714285715,60.68571428571429,0.0278571428571428,42.85714285714285,2.975714285714285,0.0,21.02857142857143,260.5,1015.2714285714284,47.614285714285714,15.785714285714286,1266
-4.214285714285714,-9.528571428571428,-6.414285714285714,-9.2,-17.3,-12.985714285714286,74.74285714285715,1.763857142857143,85.71428571428571,26.78428571428572,6.3,26.87142857142857,242.25714285714284,1019.6428571428572,70.97142857142858,14.414285714285716,2030
25.0,12.814285714285717,19.085714285714285,25.142857142857142,12.757142857142856,19.1,67.14285714285714,1.9825714285714289,42.85714285714285,5.952857142857143,0.0,21.142857142857142,144.44285714285715,1018.6285714285714,49.371428571428574,16.8,1470
4.642857142857143,-2.742857142857143,0.9285714285714286,0.8857142857142858,-7.114285714285714,-3.1,67.24285714285715,2.780857142857143,57.142857142857146,15.475714285714286,0.7142857142857143,28.3,228.14285714285717,1014.2285714285716,71.5,13.914285714285713,1611
-0.9571428571428572,-4.871428571428572,-2.685714285714286,-3.8,-9.257142857142856,-6.6571428571428575,77.22857142857143,0.4532857142857143,42.85714285714285,11.31,1.1833333333333331,18.857142857142858,230.2142857142857,1020.4142857142856,86.10000000000001,14.885714285714286,1796
26.928571428571427,15.014285714285714,20.528571428571432,27.428571428571427,15.014285714285714,20.62857142857143,60.48571428571429,2.5458571428571424,28.571428571428573,4.761428571428572,0.0,26.828571428571426,162.08571428571426,1013.6,52.15714285714285,22.457142857142856,1460
30.985714285714288,21.24285714285714,25.8,33.08571428571428,21.24285714285714,26.514285714285712,71.07142857142857,4.494285714285715,57.142857142857146,10.117142857142856,0.0,18.02857142857143,215.6142857142857,1016.1,54.885714285714286,13.485714285714286,1497
5.142857142857143,-0.4428571428571429,2.528571428571429,2.685714285714286,-4.114285714285715,-0.7285714285714285,82.64285714285714,2.190142857142857,71.42857142857143,19.047142857142852,0.0571428571428571,22.2,197.4142857142857,1010.9,78.68571428571428,11.585714285714284,1769
-7.242857142857143,-13.12857142857143,-10.142857142857142,-14.12857142857143,-20.942857142857143,-17.37142857142857,70.11428571428571,0.0,0.0,0.0,3.0,26.65714285714285,273.57142857142856,1018.4285714285714,62.74285714285714,14.671428571428573,1665
12.242857142857144,2.042857142857143,6.214285714285714,11.528571428571428,-1.342857142857143,3.885714285714286,70.0,1.3448571428571428,42.85714285714285,8.332857142857142,0.0,22.085714285714285,199.57142857142856,1014.6142857142858,70.74285714285715,13.828571428571427,1600
24.557142857142857,13.87142857142857,19.714285714285715,24.3,13.87142857142857,19.642857142857142,73.37142857142858,2.120714285714286,42.85714285714285,12.5,0.0,23.5,219.3,1017.4714285714286,55.42857142857143,13.042857142857144,1355
23.885714285714283,10.87142857142857,17.485714285714288,23.685714285714287,10.4,17.3,58.614285714285714,0.0401428571428571,14.285714285714286,1.19,0.0,24.285714285714285,212.65714285714284,1012.3142857142856,45.98571428571428,15.87142857142857,1298
31.61428571428572,18.457142857142856,25.357142857142858,33.32857142857143,18.457142857142856,26.02857142857143,64.64285714285714,0.0154285714285714,14.285714285714286,0.5957142857142858,0.0,21.557142857142857,198.9857142857143,1017.6714285714286,20.942857142857143,13.6,1362
21.61428571428572,15.228571428571428,18.128571428571423,21.74285714285714,15.228571428571428,18.15714285714285,82.60000000000001,3.6362857142857146,85.71428571428571,22.02285714285714,0.0,20.75714285714286,225.82857142857145,1013.0857142857144,84.2,13.9,1454
4.614285714285714,-3.042857142857143,0.8571428571428571,1.842857142857143,-7.057142857142858,-2.2857142857142856,73.8,1.4229999999999998,42.85714285714285,8.930000000000001,0.0,22.428571428571427,209.45714285714288,1012.5142857142856,75.77142857142857,15.971428571428572,1780
23.47142857142857,9.885714285714286,16.571428571428573,23.47142857142857,9.885714285714286,16.571428571428573,71.52857142857142,1.156285714285714,14.285714285714286,5.952857142857143,0.0,15.94285714285714,99.32857142857142,1021.8,27.814285714285717,14.757142857142856,1503
-1.9428571428571428,-9.042857142857144,-5.442857142857142,-5.742857142857143,-14.385714285714286,-9.914285714285716,79.22857142857143,0.0655714285714285,28.571428571428573,1.1914285714285715,4.275,18.47142857142857,143.45714285714286,1017.7142857142856,74.18571428571428,12.914285714285716,2418
22.97142857142857,12.4,17.728571428571428,22.97142857142857,11.514285714285714,17.428571428571427,65.22857142857143,4.489857142857143,42.85714285714285,10.12,0.0,27.557142857142857,217.7428571428572,1011.9857142857144,74.95714285714287,18.37142857142857,1487
25.485714285714288,15.9,20.885714285714283,25.87142857142857,15.842857142857143,21.014285714285712,66.95714285714286,0.6338571428571429,57.142857142857146,4.761428571428572,0.0,23.342857142857145,237.9,1013.8714285714286,48.35714285714285,17.914285714285715,1413
22.228571428571428,9.342857142857143,16.32857142857143,22.228571428571428,8.514285714285714,16.12857142857143,55.785714285714285,0.0982857142857142,14.285714285714286,2.381428571428572,0.0,21.15714285714285,132.35714285714286,1015.657142857143,43.4,20.714285714285715,1487
31.514285714285712,20.057142857142857,25.985714285714288,32.15714285714286,20.057142857142857,26.457142857142856,63.142857142857146,0.6685714285714285,14.285714285714286,4.167142857142857,0.0,18.685714285714287,253.3428571428572,1016.3285714285714,33.457142857142856,13.914285714285716,1292
30.52857142857143,20.47142857142857,25.442857142857143,32.471428571428575,20.47142857142857,26.057142857142857,67.55714285714285,2.447714285714286,42.85714285714285,9.524285714285714,0.0,20.957142857142856,194.07142857142856,1015.4285714285714,24.628571428571423,12.1,1345
24.25714285714286,13.014285714285714,18.285714285714285,24.285714285714285,12.085714285714284,17.84285714285714,66.18571428571428,0.6892857142857143,57.142857142857146,8.930000000000001,0.0,21.942857142857143,221.05714285714288,1013.6857142857142,51.6,15.014285714285714,1400
30.17142857142857,17.928571428571427,24.428571428571427,31.82857142857143,17.928571428571427,25.042857142857144,61.75714285714286,0.1408571428571428,14.285714285714286,0.5957142857142858,0.0,17.271428571428572,202.7142857142857,1017.7857142857144,28.857142857142858,16.657142857142855,1524
-6.757142857142857,-13.028571428571428,-9.742857142857144,-13.142857142857142,-20.914285714285715,-17.1,68.42857142857143,0.2265714285714286,42.85714285714285,7.738571428571428,6.514285714285713,28.071428571428573,208.7142857142857,1019.0714285714286,68.14285714285714,12.985714285714286,1715
8.628571428571428,-0.4285714285714286,3.6571428571428575,7.257142857142857,-4.728571428571428,0.5714285714285714,64.7,0.7768571428571429,42.85714285714285,10.12,0.0,26.65714285714285,186.97142857142856,1016.2571428571428,62.71428571428572,14.857142857142858,1523
8.871428571428572,0.4,4.914285714285714,6.914285714285714,-2.757142857142857,2.2857142857142856,77.39999999999999,1.8842857142857143,57.142857142857146,16.071428571428573,0.1999999999999999,25.62857142857143,229.57142857142856,1014.7857142857144,68.78571428571429,13.6,1535
9.785714285714286,1.3714285714285714,5.9,8.157142857142857,-1.1714285714285713,3.414285714285714,72.07142857142857,0.058,42.85714285714285,2.381428571428572,0.0,27.914285714285715,240.8142857142857,1013.7285714285716,73.31428571428572,16.27142857142857,1495
22.014285714285712,13.457142857142856,17.857142857142858,22.014285714285712,13.457142857142856,17.857142857142858,79.57142857142857,1.8218571428571428,71.42857142857143,17.26142857142857,0.0,18.7,222.54285714285717,1014.8714285714286,69.42857142857143,14.328571428571427,1318
23.75714285714286,14.1,18.685714285714287,24.142857142857142,13.885714285714286,18.685714285714287,74.48571428571428,5.696,71.42857142857143,14.285714285714286,0.0,22.65714285714285,171.64285714285714,1020.0142857142856,47.3,15.028571428571428,1366
-2.957142857142857,-10.62857142857143,-6.5,-8.057142857142857,-17.242857142857144,-12.0,80.35714285714286,0.8665714285714285,28.571428571428573,11.904285714285717,10.328571428571427,25.3,269.6142857142857,1011.1571428571428,65.64285714285714,11.842857142857142,1624
25.52857142857143,17.071428571428573,21.0,26.228571428571428,17.071428571428573,21.142857142857142,75.67142857142856,0.8038571428571428,14.285714285714286,2.381428571428572,0.0,16.728571428571428,154.0,1018.5285714285714,55.971428571428575,14.571428571428571,1379
32.885714285714286,22.12857142857143,27.314285714285717,37.1,22.12857142857143,29.485714285714288,70.8,3.8957142857142855,57.142857142857146,8.334285714285715,0.0,23.24285714285714,226.8,1016.7714285714284,47.51428571428572,10.742857142857144,1490
30.65714285714285,19.11428571428572,25.071428571428573,31.7,19.11428571428572,25.557142857142857,64.42857142857143,0.5774285714285714,28.571428571428573,7.737142857142857,0.0,18.61428571428572,188.9,1015.2285714285716,26.914285714285715,11.971428571428572,1509
12.757142857142856,4.085714285714285,8.3,12.414285714285716,1.6428571428571428,6.614285714285714,78.84285714285714,3.254142857142857,57.142857142857146,23.214285714285715,0.0,25.071428571428573,187.3857142857143,1019.8714285714286,61.57142857142857,19.042857142857144,1530
3.357142857142857,-3.5142857142857147,-0.3285714285714285,-0.9714285714285716,-8.757142857142858,-5.085714285714286,72.61428571428571,0.0,0.0,0.0,0.0,25.52857142857143,109.82857142857142,1019.2571428571428,66.77142857142857,21.11428571428572,1653
17.52857142857143,5.942857142857143,11.685714285714283,17.52857142857143,4.628571428571428,11.2,71.62857142857142,1.8605714285714283,28.571428571428573,7.738571428571428,0.0,21.485714285714288,165.04285714285714,1023.1285714285714,44.18571428571429,23.12857142857143,1577
30.728571428571428,19.085714285714285,24.77142857142857,32.42857142857143,19.085714285714285,25.61428571428572,66.32857142857144,2.503285714285714,42.85714285714285,7.738571428571428,20.0,21.285714285714285,227.7428571428571,1016.0,59.7,16.02857142857143,1510
8.357142857142858,2.157142857142857,5.257142857142857,6.271428571428571,-2.2142857142857144,2.0428571428571427,76.91428571428571,3.4018571428571427,71.42857142857143,22.62,0.0,25.74285714285714,185.2142857142857,1014.4285714285714,89.31428571428572,18.814285714285717,1615
27.4,15.5,21.65714285714285,27.642857142857142,15.5,21.74285714285714,68.17142857142856,0.0062857142857142,14.285714285714286,0.5957142857142858,0.0,15.242857142857144,168.1,1019.8714285714286,24.714285714285715,14.442857142857145,1341
-2.242857142857143,-7.471428571428571,-4.771428571428571,-6.228571428571429,-12.142857142857142,-9.785714285714286,76.22857142857143,0.4707142857142857,57.142857142857146,12.498571428571427,4.871428571428572,25.357142857142858,263.3857142857143,1013.0285714285714,71.07142857142857,13.12857142857143,2005
8.228571428571428,0.7285714285714285,4.842857142857143,5.5,-1.7142857142857142,2.157142857142857,70.74285714285715,0.7607142857142858,28.571428571428573,4.761428571428572,0.0,23.74285714285714,222.08571428571423,1014.1142857142858,67.57142857142857,14.614285714285714,1509
25.642857142857142,16.685714285714287,21.32857142857143,26.285714285714285,16.685714285714287,21.571428571428573,62.55714285714286,0.8404285714285714,57.142857142857146,7.738571428571428,0.0,23.885714285714283,122.61428571428571,1018.1714285714286,81.18571428571428,19.914285714285715,1451
5.014285714285714,-4.314285714285715,-0.0857142857142856,1.3142857142857145,-8.385714285714286,-4.0,70.72857142857143,0.0345714285714285,14.285714285714286,1.19,2.3000000000000003,26.185714285714287,241.2,1017.3,71.27142857142857,14.928571428571429,1641
-0.6142857142857142,-4.542857142857143,-2.6,-4.414285714285714,-9.428571428571429,-6.971428571428571,82.64285714285714,0.7902857142857143,85.71428571428571,11.904285714285717,5.0,19.285714285714285,191.2,1018.5285714285714,93.64285714285714,11.257142857142856,1676
3.2285714285714286,-2.557142857142857,0.2142857142857142,0.585714285714286,-6.542857142857143,-3.4714285714285715,79.22857142857143,2.226857142857143,28.571428571428573,10.714285714285714,0.0,19.54285714285714,228.55714285714288,1015.842857142857,76.08571428571429,12.485714285714286,1635
24.67142857142857,15.414285714285716,19.97142857142857,24.62857142857143,15.414285714285716,19.957142857142856,69.97142857142858,2.4541428571428567,42.85714285714285,12.5,0.0,20.685714285714287,170.12857142857143,1018.9428571428572,67.64285714285714,21.028571428571432,1372
25.085714285714285,14.05714285714286,19.928571428571427,25.2,13.985714285714286,19.957142857142856,62.22857142857144,0.1921428571428571,14.285714285714286,5.952857142857143,0.0,20.485714285714288,276.0857142857143,1015.9,38.68571428571429,14.957142857142856,1409
15.571428571428571,2.9571428571428577,9.1,15.571428571428571,1.5142857142857142,8.257142857142856,70.95714285714287,0.0182857142857142,14.285714285714286,0.5957142857142858,0.0,17.685714285714287,113.20000000000002,1024.9428571428573,26.442857142857143,15.157142857142857,1571
-1.6142857142857143,-9.357142857142858,-5.5,-5.9,-15.1,-10.228571428571428,74.51428571428572,0.6475714285714286,42.85714285714285,8.334285714285715,4.1000000000000005,23.428571428571427,255.65714285714284,1024.7,64.94285714285715,14.728571428571428,2247
21.3,8.714285714285714,14.757142857142856,21.2,8.185714285714285,14.657142857142857,69.5142857142857,0.0382857142857142,28.571428571428573,2.381428571428572,0.0,20.514285714285712,224.45714285714288,1017.1428571428572,33.77142857142857,16.914285714285715,1473
25.428571428571427,12.857142857142858,18.957142857142856,25.8,12.55714285714286,19.057142857142857,65.28571428571429,0.5038571428571429,42.85714285714285,4.167142857142857,0.0,23.485714285714288,239.25714285714284,1015.842857142857,29.342857142857145,19.47142857142857,1388
8.4,2.3000000000000003,5.371428571428572,6.014285714285714,-1.7428571428571429,1.9714285714285715,82.87142857142858,9.183285714285716,85.71428571428571,36.90428571428571,1.0,29.085714285714285,244.82857142857145,1007.2428571428572,94.68571428571428,13.457142857142856,1613
11.12857142857143,1.9285714285714288,6.485714285714286,9.471428571428572,-2.071428571428572,3.542857142857143,70.71428571428571,2.572571428571429,42.85714285714285,13.69,0.0,30.74285714285714,200.17142857142855,1016.3142857142856,66.85714285714286,19.37142857142857,1591
27.914285714285715,14.814285714285717,21.37142857142857,27.65714285714285,14.814285714285717,21.32857142857143,61.24285714285714,0.0117142857142857,28.571428571428573,1.1914285714285715,0.0,18.985714285714288,173.6285714285714,1019.1,40.2,15.314285714285717,1322
25.4,16.52857142857143,20.67142857142857,25.61428571428572,16.52857142857143,20.74285714285714,79.55714285714285,2.300428571428572,85.71428571428571,16.665714285714284,0.0,18.185714285714287,181.1142857142857,1012.7857142857144,72.17142857142856,11.671428571428573,1462
3.8,-1.5714285714285714,1.1428571428571428,0.0142857142857142,-7.557142857142857,-3.7857142857142856,76.65714285714286,2.424428571428572,85.71428571428571,25.0,2.983333333333333,29.042857142857144,202.97142857142856,1017.7285714285716,88.62857142857142,14.142857142857142,1674
9.714285714285714,2.9857142857142853,6.485714285714286,8.642857142857142,0.2428571428571428,4.471428571428572,71.91428571428573,0.0468571428571428,57.142857142857146,3.571428571428572,0.0,22.228571428571428,263.74285714285713,1014.3857142857142,80.62857142857142,12.1,1467
17.271428571428572,6.628571428571428,11.642857142857142,16.9,4.2,10.614285714285714,65.58571428571429,2.0064285714285712,71.42857142857143,14.881428571428572,0.0,27.642857142857142,183.44285714285712,1017.9285714285714,75.3,20.414285714285715,1580
25.885714285714283,15.385714285714286,20.385714285714283,26.02857142857143,15.314285714285717,20.414285714285715,69.0,0.9448571428571428,71.42857142857143,9.522857142857143,0.0,18.185714285714287,164.94285714285712,1016.2714285714284,48.68571428571429,13.628571428571428,1329
13.0,6.285714285714286,9.642857142857142,12.257142857142856,3.971428571428571,8.014285714285714,81.34285714285714,2.2422857142857144,57.142857142857146,11.904285714285717,0.0,24.314285714285717,191.0,1016.9857142857144,81.97142857142856,14.971428571428572,1411
29.642857142857142,20.185714285714287,24.74285714285714,31.82857142857143,20.185714285714287,25.571428571428573,75.61428571428571,4.110285714285714,85.71428571428571,8.930000000000001,0.0,16.014285714285712,229.7428571428572,1021.7571428571428,63.97142857142857,9.0,1519
31.485714285714288,17.814285714285713,24.814285714285717,31.214285714285715,17.814285714285713,24.785714285714285,48.3,0.8577142857142858,28.571428571428573,3.571428571428572,0.0,26.2,180.3142857142857,1015.7857142857144,48.642857142857146,19.3,1418
13.085714285714284,1.6714285714285717,6.785714285714286,12.828571428571427,-1.0714285714285714,4.985714285714286,69.7,2.338285714285714,14.285714285714286,5.952857142857143,0.0,20.071428571428573,201.8428571428572,1019.2142857142856,53.05714285714286,22.457142857142856,1561
13.671428571428573,1.5857142857142856,7.514285714285714,12.857142857142858,-0.7285714285714285,5.828571428571428,63.5,0.978,28.571428571428573,19.047142857142852,0.0,22.342857142857145,141.47142857142856,1012.3714285714286,58.614285714285714,14.614285714285714,1471
28.042857142857144,16.185714285714287,22.285714285714285,27.9,16.185714285714287,22.3,61.1,0.7545714285714286,28.571428571428573,3.571428571428572,0.0,19.27142857142857,281.15714285714284,1018.1714285714286,46.82857142857143,16.642857142857142,1307
5.028571428571429,-1.3571428571428572,1.5285714285714287,1.8000000000000005,-5.914285714285714,-2.4714285714285715,80.44285714285715,1.3085714285714285,42.85714285714285,10.118571428571428,1.72,24.61428571428572,219.18571428571428,1021.1428571428572,78.97142857142856,12.5,1738
-2.314285714285714,-8.22857142857143,-5.085714285714286,-7.614285714285714,-15.257142857142856,-11.085714285714284,80.01428571428572,3.7432857142857134,85.71428571428571,50.0,23.585714285714285,26.65714285714285,191.32857142857145,1013.9714285714286,85.47142857142856,9.9,1893
11.2,0.7714285714285717,5.228571428571429,9.37142857142857,-3.942857142857143,1.7285714285714284,64.22857142857143,7.190714285714286,57.142857142857146,16.07,0.0,34.25714285714286,188.18571428571428,1017.6428571428572,71.85714285714286,14.357142857142858,1440
5.471428571428571,0.4428571428571428,2.814285714285714,2.7857142857142856,-3.2285714285714286,-0.5571428571428572,84.48571428571428,1.633571428571429,57.142857142857146,21.43,1.05,23.8,198.8571428571429,1015.4285714285714,82.14285714285714,13.142857142857142,1844
25.75714285714286,17.928571428571427,21.87142857142857,25.942857142857143,17.928571428571427,21.942857142857143,77.47142857142856,3.868571428571428,57.142857142857146,20.83285714285714,0.0,17.642857142857142,152.9857142857143,1013.0285714285714,67.81428571428572,9.471428571428572,1447
28.3,16.685714285714287,22.9,27.985714285714288,16.685714285714287,22.82857142857143,53.81428571428571,0.9717142857142856,28.571428571428573,8.332857142857142,0.0,20.75714285714286,239.52857142857144,1016.0571428571428,37.85714285714285,15.014285714285714,1285
29.62857142857143,14.285714285714286,22.642857142857142,28.928571428571427,14.285714285714286,22.457142857142856,53.55714285714286,0.0382857142857142,14.285714285714286,1.19,0.0,15.8,181.22857142857143,1022.1285714285714,22.942857142857143,15.885714285714286,1359
26.285714285714285,15.642857142857142,21.042857142857144,26.4,15.642857142857142,21.12857142857143,70.08571428571429,2.4737142857142858,71.42857142857143,20.83428571428572,0.0,23.4,241.0142857142857,1008.1428571428572,44.614285714285714,15.55714285714286,1608
6.971428571428571,-3.414285714285714,1.3142857142857145,4.714285714285714,-7.357142857142857,-2.142857142857143,74.95714285714287,0.2585714285714285,28.571428571428573,3.571428571428572,0.0,22.785714285714285,269.4428571428571,1019.9714285714286,38.67142857142857,18.12857142857143,1754
25.185714285714287,16.514285714285716,20.75714285714286,25.485714285714288,16.514285714285716,20.8,74.2,3.115142857142857,71.42857142857143,13.69,0.0,23.12857142857143,191.77142857142857,1012.2285714285716,71.81428571428572,16.271428571428572,1505
27.4,16.32857142857143,21.6,28.1,16.32857142857143,21.814285714285717,80.08571428571429,0.7538571428571429,71.42857142857143,9.524285714285714,0.0,13.971428571428572,115.47142857142858,1017.5714285714286,46.72857142857142,12.542857142857144,1452
2.442857142857143,-2.942857142857143,-0.3142857142857143,-1.457142857142857,-8.87142857142857,-5.385714285714286,83.39999999999999,4.280571428571428,57.142857142857146,24.40571428571429,6.728571428571429,26.985714285714288,213.32857142857145,1016.1,68.41428571428571,12.985714285714286,2126
-8.042857142857143,-16.72857142857143,-12.5,-14.585714285714284,-24.842857142857145,-19.957142857142856,70.92857142857143,0.9242857142857144,57.142857142857146,11.904285714285717,17.928571428571427,24.75714285714286,259.1,1021.2285714285716,61.12857142857143,17.5,1905
24.47142857142857,12.757142857142856,18.62857142857143,25.042857142857144,12.585714285714284,18.714285714285715,76.10000000000001,1.3551428571428572,42.85714285714285,11.308571428571428,0.0,22.37142857142857,154.94285714285712,1016.3714285714286,67.64285714285714,11.1,1450
4.6571428571428575,-0.7142857142857143,1.8142857142857145,2.271428571428572,-5.642857142857143,-1.5857142857142856,71.55714285714285,0.7855714285714287,42.85714285714285,10.12,0.0714285714285714,22.257142857142856,158.02857142857144,1017.4428571428572,77.21428571428571,13.2,1727
1.542857142857143,-6.528571428571429,-1.7857142857142858,-1.2571428571428571,-8.9,-5.1571428571428575,77.02857142857144,1.403857142857143,57.142857142857146,16.071428571428573,10.1,20.47142857142857,218.4142857142857,1020.1142857142858,64.81428571428572,12.6,1475
-6.071428571428571,-15.44285714285714,-10.94285714285714,-12.514285714285714,-22.52857142857143,-17.77142857142857,68.05714285714285,1.3871428571428572,42.85714285714285,17.262857142857143,9.385714285714286,25.97142857142857,143.35714285714286,1022.8571428571428,59.57142857142857,21.214285714285715,1609
4.8,-3.3142857142857145,0.7571428571428572,1.657142857142857,-8.542857142857143,-3.7,66.62857142857142,0.3695714285714285,42.85714285714285,3.5700000000000003,0.0,31.414285714285715,249.14285714285717,1026.1714285714286,60.8,21.11428571428572,1552
25.12857142857143,12.4,18.957142857142856,24.914285714285715,12.342857142857143,18.914285714285715,61.07142857142857,0.0355714285714285,42.85714285714285,1.7871428571428571,0.0,17.071428571428573,141.6142857142857,1017.0,45.457142857142856,20.071428571428573,1452
28.685714285714287,17.285714285714285,23.17142857142857,30.185714285714287,17.285714285714285,23.714285714285715,71.22857142857143,1.2834285714285714,57.142857142857146,12.5,0.0,19.985714285714288,225.4857142857143,1012.1,34.214285714285715,14.585714285714284,1472
21.885714285714283,12.114285714285714,16.97142857142857,21.885714285714283,12.114285714285714,16.97142857142857,75.0,0.4871428571428571,28.571428571428573,3.571428571428572,0.0,17.32857142857143,238.9714285714286,1017.3142857142856,59.67142857142857,15.357142857142858,1380
1.0857142857142856,-3.0285714285714285,-0.8714285714285713,-1.4,-8.114285714285714,-5.071428571428571,81.85714285714286,4.363571428571428,71.42857142857143,29.762857142857143,0.7285714285714285,24.085714285714285,144.68571428571428,1009.5571428571428,93.78571428571428,10.071428571428571,1601
29.542857142857144,19.228571428571428,24.457142857142856,30.542857142857144,19.228571428571428,24.814285714285717,68.8,0.4262857142857142,28.571428571428573,5.357142857142857,0.0,17.885714285714286,187.54285714285717,1017.5142857142856,33.44285714285714,13.4,1313
5.857142857142857,-2.842857142857143,0.9428571428571428,4.471428571428572,-5.785714285714286,-1.3142857142857145,76.27142857142857,1.6052857142857142,28.571428571428573,6.547142857142857,0.0,16.714285714285715,165.44285714285712,1016.3571428571428,59.1,15.085714285714284,1773
28.228571428571428,18.47142857142857,23.442857142857143,29.485714285714288,18.47142857142857,23.814285714285717,66.37142857142858,5.416428571428571,28.571428571428573,7.142857142857143,0.0,18.314285714285717,107.98571428571428,1015.4285714285714,49.34285714285714,17.071428571428573,1353
9.771428571428572,2.657142857142857,6.0857142857142845,8.028571428571428,-1.5571428571428572,2.914285714285714,73.2,3.5937142857142854,71.42857142857143,40.47571428571428,1.2571428571428571,28.842857142857145,284.6714285714285,1004.0285714285714,80.87142857142858,12.728571428571428,1467
4.442857142857143,-0.6,1.9142857142857144,1.442857142857143,-4.885714285714286,-1.9857142857142855,77.02857142857144,1.2524285714285714,42.85714285714285,11.904285714285717,0.0,24.82857142857143,189.67142857142855,1012.9714285714286,84.47142857142856,17.52857142857143,1454
10.285714285714286,1.5285714285714285,5.871428571428571,8.657142857142857,-1.8428571428571432,3.2,78.0,3.1612857142857145,57.142857142857146,13.691428571428572,0.0,25.414285714285715,169.42857142857142,1014.5714285714286,66.94285714285715,13.957142857142856,1548
25.685714285714283,16.17142857142857,20.914285714285715,26.02857142857143,16.17142857142857,20.97142857142857,70.60000000000001,17.087142857142858,71.42857142857143,8.332857142857142,0.0,24.74285714285714,250.0142857142857,1012.8714285714286,64.71428571428571,22.4,1414
22.214285714285715,9.4,15.342857142857143,22.214285714285715,8.9,15.214285714285714,68.31428571428572,0.0,0.0,0.0,0.0,15.642857142857142,170.91428571428574,1026.5142857142855,32.6,12.171428571428573,1432
28.9,18.071428571428573,23.571428571428573,30.27142857142857,18.071428571428573,23.914285714285715,74.61428571428571,3.186857142857143,85.71428571428571,11.905714285714286,0.0,17.071428571428573,211.4,1017.4285714285714,42.57142857142857,14.0,1312
16.485714285714288,5.857142857142857,10.7,16.485714285714288,5.057142857142857,10.12857142857143,62.58571428571429,1.3272857142857144,28.571428571428573,7.737142857142857,0.0,24.885714285714283,224.3428571428572,1017.7857142857144,35.385714285714286,14.87142857142857,1376
12.5,3.557142857142857,7.671428571428571,11.085714285714287,-0.7428571428571429,4.557142857142857,71.08571428571429,2.325142857142857,85.71428571428571,17.857142857142858,0.0,37.18571428571429,238.67142857142855,1006.5,80.11428571428571,19.11428571428572,1619
25.47142857142857,14.9,20.057142857142857,25.414285714285715,14.9,20.071428571428573,69.62857142857142,2.7692857142857146,42.85714285714285,14.881428571428572,0.0,19.785714285714285,178.28571428571428,1016.8857142857142,50.642857142857146,14.55714285714286,1311
11.857142857142858,3.771428571428572,7.685714285714285,11.12857142857143,2.2285714285714286,6.371428571428572,71.1,1.7244285714285714,42.85714285714285,8.930000000000001,0.0,17.842857142857145,181.4,1016.6857142857144,68.27142857142857,12.528571428571428,1412
26.1,16.285714285714285,21.27142857142857,26.557142857142857,16.285714285714285,21.4,74.64285714285714,3.678,42.85714285714285,13.094285714285714,0.0,20.728571428571428,250.3,1018.1428571428572,56.285714285714285,10.471428571428572,1340
25.65714285714285,17.814285714285713,21.442857142857143,26.3,17.814285714285713,21.6,75.10000000000001,0.7307142857142858,71.42857142857143,8.928571428571429,0.0,20.17142857142857,169.35714285714286,1014.8571428571428,77.0,14.271428571428572,1303
22.428571428571427,12.6,17.442857142857143,22.457142857142856,12.6,17.428571428571427,68.27142857142857,1.338,42.85714285714285,16.667142857142856,0.0,20.314285714285717,223.78571428571428,1013.4857142857144,64.08571428571429,15.528571428571428,1402
-4.142857142857143,-11.585714285714284,-7.614285714285714,-7.399999999999999,-16.62857142857143,-11.94285714285714,66.8,0.0,0.0,0.0,3.085714285714286,21.87142857142857,250.7428571428572,1021.1714285714286,55.48571428571428,14.1,1668
23.428571428571427,10.8,17.3,23.0,10.4,17.0,55.8,0.7335714285714285,28.571428571428573,4.761428571428572,0.0,23.728571428571428,194.6142857142857,1012.2714285714284,43.114285714285714,15.842857142857143,1521
15.228571428571428,6.1000000000000005,10.7,14.814285714285717,3.871428571428571,9.357142857142858,69.45714285714286,6.387428571428572,85.71428571428571,27.37857142857143,0.0,24.7,187.87142857142857,1016.3714285714286,65.92857142857143,13.44285714285714,1427
21.62857142857143,12.642857142857142,16.914285714285715,21.62857142857143,12.485714285714286,16.885714285714286,75.74285714285715,2.817142857142857,57.142857142857146,12.5,0.0,17.814285714285713,205.15714285714284,1017.7,58.94285714285714,15.157142857142857,1337
15.585714285714284,5.714285714285714,11.285714285714286,14.828571428571427,3.185714285714286,9.928571428571429,69.91428571428573,1.616142857142857,28.571428571428573,6.547142857142857,0.0,26.914285714285715,181.87142857142857,1020.9714285714286,65.07142857142857,18.442857142857143,1481
4.0,0.2857142857142857,1.9,0.8571428571428571,-4.557142857142857,-2.2285714285714286,85.75714285714285,2.188285714285714,85.71428571428571,28.571428571428573,1.0571428571428572,26.142857142857142,193.2428571428572,1015.8,95.45714285714288,9.514285714285714,1769
27.042857142857144,17.842857142857145,22.27142857142857,27.714285714285715,17.842857142857145,22.47142857142857,71.58571428571427,3.863285714285714,71.42857142857143,13.691428571428572,0.0,17.257142857142856,168.44285714285712,1014.8571428571428,44.68571428571429,14.657142857142857,1418
4.614285714285714,-1.7571428571428571,1.285714285714286,1.7714285714285716,-5.728571428571429,-2.257142857142857,70.55714285714286,0.1387142857142857,14.285714285714286,1.19,0.0,20.357142857142858,270.04285714285714,1021.8857142857144,57.72857142857144,16.785714285714285,1606
8.385714285714286,-0.1857142857142855,3.957142857142857,5.985714285714286,-4.0,0.4428571428571429,69.28571428571429,0.5525714285714286,42.85714285714285,9.524285714285714,0.0,29.3,245.87142857142857,1015.5,47.5,19.61428571428572,1905
-2.7857142857142856,-8.185714285714285,-5.742857142857143,-8.171428571428573,-15.528571428571428,-12.257142857142856,76.7,0.9107142857142856,42.85714285714285,15.477142857142857,4.457142857142857,27.2,147.57142857142858,1016.7571428571428,91.18571428571428,17.8,1970
13.94285714285714,3.1142857142857143,8.471428571428572,12.985714285714286,-0.0999999999999999,6.1571428571428575,63.21428571428572,1.1328571428571428,57.142857142857146,13.094285714285714,0.0,27.82857142857143,204.57142857142856,1010.1714285714286,68.12857142857142,17.214285714285715,1624
27.985714285714288,17.3,22.6,28.428571428571427,17.3,22.77142857142857,66.0,2.149857142857143,71.42857142857143,8.332857142857142,0.0,20.071428571428573,184.6,1019.4142857142856,61.22857142857144,15.414285714285716,1302
-4.6571428571428575,-12.014285714285714,-7.928571428571429,-9.028571428571428,-17.02857142857143,-13.142857142857142,69.18571428571428,0.693,57.142857142857146,12.5,15.142857142857142,23.642857142857142,178.82857142857142,1021.3,60.02857142857143,12.928571428571429,1504
6.185714285714285,-2.7,1.0714285714285714,3.8,-8.057142857142857,-2.9714285714285715,86.68571428571428,1.6982857142857146,42.85714285714285,13.095714285714283,2.628571428571429,27.128571428571423,201.2142857142857,1014.9571428571428,90.6,10.3,1775
26.071428571428573,12.7,19.914285714285715,25.97142857142857,12.7,19.914285714285715,54.07142857142857,0.0167142857142857,28.571428571428573,1.7857142857142858,0.0,18.557142857142857,161.5142857142857,1015.7714285714284,31.27142857142857,15.828571428571427,1462
10.185714285714283,0.3714285714285715,5.442857142857143,8.514285714285714,-1.842857142857143,3.4714285714285715,71.52857142857142,0.351,42.85714285714285,5.358571428571429,0.0,22.4,238.48571428571427,1018.3285714285714,54.285714285714285,20.242857142857144,1520
-0.0571428571428572,-7.771428571428571,-3.971428571428572,-4.1,-13.271428571428572,-9.128571428571428,78.05714285714285,1.3011428571428572,71.42857142857143,14.882857142857144,3.857142857142857,27.214285714285715,179.92857142857142,1017.3,78.84285714285714,11.842857142857143,1803
23.62857142857143,10.528571428571428,16.814285714285713,23.61428571428572,9.414285714285716,16.571428571428573,70.02857142857142,3.821,42.85714285714285,16.072857142857142,3.04,25.25714285714286,212.78571428571428,1015.9142857142856,42.785714285714285,14.285714285714286,1509
28.142857142857142,18.3,23.2,30.385714285714283,18.3,23.914285714285715,70.67142857142858,7.851285714285715,42.85714285714285,16.665714285714284,0.0,19.65714285714285,256.12857142857143,1016.0285714285714,45.54285714285714,14.885714285714286,1272
22.75714285714286,11.6,17.228571428571428,22.642857142857142,11.542857142857144,17.214285714285715,74.11428571428571,2.13,57.142857142857146,19.642857142857142,0.0,15.8,242.27142857142857,1017.6714285714286,58.42857142857143,14.2,1392
22.642857142857142,13.814285714285717,18.242857142857144,22.785714285714285,13.514285714285716,18.2,77.58571428571429,0.2782857142857143,42.85714285714285,5.358571428571429,0.0,23.042857142857144,274.35714285714283,1014.0,61.6,16.885714285714286,1310
21.485714285714288,10.542857142857144,16.02857142857143,21.485714285714288,10.485714285714286,16.0,64.12857142857142,0.9535714285714284,42.85714285714285,10.714285714285714,0.0,21.414285714285715,148.4,1018.6714285714286,44.54285714285714,13.757142857142856,1479
11.142857142857142,2.085714285714286,6.642857142857143,9.785714285714286,-0.1714285714285715,4.757142857142857,76.10000000000001,1.1994285714285715,57.142857142857146,14.285714285714286,0.0,19.65714285714285,143.34285714285713,1024.2285714285715,67.3,11.12857142857143,1503
18.557142857142857,6.471428571428571,12.44285714285714,18.557142857142857,4.714285714285714,11.757142857142856,72.68571428571428,4.296142857142858,28.571428571428573,4.761428571428572,0.0,24.1,244.32857142857145,1020.4857142857144,35.95714285714286,23.3,1386
16.914285714285715,4.742857142857143,10.914285714285716,16.914285714285715,2.585714285714286,9.857142857142858,59.6,0.9931428571428572,71.42857142857143,11.904285714285717,0.0,27.257142857142856,177.07142857142858,1010.7857142857144,53.72857142857144,18.97142857142857,1558
-1.0714285714285714,-8.3,-4.0,-6.528571428571429,-14.3,-9.914285714285716,76.44285714285715,0.0,0.0,0.0,14.957142857142856,28.228571428571428,250.58571428571423,1019.1,63.54285714285714,14.485714285714286,1536
23.74285714285714,13.3,18.571428571428573,23.785714285714285,12.828571428571427,18.52857142857143,70.65714285714286,2.6235714285714287,28.571428571428573,10.12,0.0,20.385714285714283,198.67142857142855,1014.4571428571428,44.41428571428571,14.457142857142856,1291
27.61428571428572,14.171428571428567,20.77142857142857,27.9,14.171428571428567,20.87142857142857,68.88571428571429,1.485142857142857,42.85714285714285,2.9771428571428573,0.0,22.185714285714283,196.75714285714284,1013.4714285714286,38.7,14.171428571428573,1384
26.3,18.485714285714288,22.17142857142857,27.357142857142858,18.485714285714288,22.4,77.91428571428571,5.287999999999999,57.142857142857146,13.691428571428572,0.0,17.257142857142856,228.62857142857143,1013.5142857142856,51.5,14.44285714285714,1340
7.828571428571428,-1.6428571428571428,3.242857142857143,5.285714285714286,-6.414285714285714,-0.2428571428571427,56.21428571428572,0.7667142857142857,14.285714285714286,5.952857142857143,6.633333333333333,25.65714285714285,274.85714285714283,1013.1428571428572,50.8,20.97142857142857,1641
-9.94285714285714,-16.814285714285713,-13.55714285714286,-16.357142857142858,-25.15714285714285,-21.17142857142857,73.88571428571429,0.3224285714285714,42.85714285714285,8.928571428571429,6.471428571428571,23.857142857142858,249.91428571428568,1026.142857142857,52.04285714285714,16.4,2767
8.742857142857142,0.5428571428571428,4.6571428571428575,7.0,-3.542857142857143,1.3714285714285714,63.957142857142856,1.9232857142857136,57.142857142857146,22.618571428571425,0.0,25.67142857142857,238.7,1012.9428571428572,72.65714285714286,17.7,1732
27.814285714285717,17.128571428571426,22.2,28.814285714285717,17.128571428571426,22.342857142857145,73.45714285714287,5.754,28.571428571428573,7.738571428571428,0.0,22.8,241.44285714285712,1018.8,62.05714285714286,14.314285714285711,1419
3.3000000000000003,-5.171428571428572,-0.8428571428571427,0.4428571428571428,-9.171428571428573,-4.457142857142857,68.34285714285714,0.0181428571428571,14.285714285714286,1.19,0.8142857142857143,21.82857142857143,224.44285714285712,1014.2142857142856,63.05714285714286,14.028571428571428,1487
8.871428571428572,0.5142857142857142,4.514285714285714,6.971428571428571,-3.485714285714286,1.3428571428571427,77.35714285714286,1.7974285714285716,42.85714285714285,16.665714285714284,0.0,28.32857142857143,203.3857142857143,1015.3142857142856,83.22857142857143,13.671428571428573,1467
23.842857142857145,12.728571428571428,18.485714285714288,24.15714285714285,12.3,18.457142857142856,71.47142857142858,0.4085714285714285,42.85714285714285,7.141428571428571,0.0,19.52857142857143,149.52857142857144,1013.6,63.05714285714286,15.4,1495
5.1571428571428575,-3.0285714285714285,1.0714285714285716,4.128571428571429,-4.471428571428572,-0.8142857142857142,77.5,0.2254285714285714,42.85714285714285,8.332857142857142,3.8857142857142857,15.342857142857142,181.6,1016.8714285714286,63.34285714285714,11.94285714285714,1685
7.6571428571428575,-0.9571428571428572,2.9857142857142853,4.714285714285714,-4.571428571428571,-0.6857142857142858,73.88571428571429,3.338714285714286,71.42857142857143,21.428571428571427,0.8285714285714285,29.142857142857142,203.05714285714288,1014.0857142857144,56.91428571428571,13.94285714285714,1580
-2.585714285714286,-8.27142857142857,-5.285714285714286,-5.7,-13.171428571428573,-9.714285714285714,74.67142857142858,0.3314285714285714,28.571428571428573,10.714285714285714,6.0,21.27142857142857,148.78571428571428,1016.1285714285714,76.7,13.37142857142857,1509
17.385714285714286,4.5,10.72857142857143,16.942857142857143,1.657142857142857,9.157142857142857,53.82857142857143,0.6245714285714286,42.85714285714285,7.738571428571428,0.0,27.814285714285717,200.78571428571428,1013.2857142857144,33.31428571428571,15.785714285714286,1469
19.61428571428572,9.071428571428571,14.042857142857144,19.61428571428572,8.571428571428571,13.94285714285714,70.35714285714286,1.0292857142857144,71.42857142857143,14.287142857142856,0.0,17.614285714285714,164.98571428571427,1014.8142857142856,64.68571428571428,14.885714285714286,1484
12.728571428571428,2.7,7.685714285714285,12.728571428571428,-0.6,5.6,60.457142857142856,2.362428571428571,42.85714285714285,17.262857142857143,0.0,25.014285714285712,201.68571428571428,1012.6714285714286,43.785714285714285,15.014285714285714,1465
28.414285714285715,16.942857142857143,22.6,29.32857142857143,16.942857142857143,22.814285714285717,72.15714285714286,0.014,14.285714285714286,0.5957142857142858,0.0,20.185714285714283,69.71428571428571,1018.7714285714284,47.55714285714286,15.042857142857144,1354
19.457142857142856,13.571428571428571,16.34285714285714,19.457142857142856,13.571428571428571,16.34285714285714,81.27142857142857,4.792285714285714,71.42857142857143,29.76142857142857,0.0,15.5,44.24285714285714,1018.3857142857142,84.31428571428572,12.142857142857142,1265
28.02857142857143,17.214285714285715,22.642857142857142,28.428571428571427,17.214285714285715,22.75714285714286,65.97142857142858,1.412,28.571428571428573,4.762857142857143,0.0,19.88571428571429,183.82857142857145,1016.6,34.614285714285714,14.2,1384
-0.2571428571428572,-6.885714285714286,-3.5285714285714285,-3.842857142857143,-12.385714285714286,-8.242857142857144,74.91428571428571,2.663,85.71428571428571,22.62,0.3142857142857143,27.185714285714287,249.8428571428572,1016.6857142857144,81.01428571428572,12.8,1584
3.271428571428572,-1.042857142857143,0.8571428571428571,-0.0571428571428572,-6.6571428571428575,-3.585714285714286,78.21428571428571,0.9421428571428572,42.85714285714285,8.334285714285715,6.7,29.485714285714288,221.4,1016.8285714285714,91.42857142857144,13.671428571428573,1865
27.514285714285712,15.7,21.914285714285715,27.5,15.7,21.97142857142857,64.24285714285715,0.7497142857142858,42.85714285714285,9.524285714285714,0.0,19.5,201.2428571428572,1015.157142857143,34.84285714285714,15.657142857142858,1441
28.02857142857143,14.7,21.1,27.314285714285717,14.7,20.97142857142857,66.65714285714286,2.1728571428571426,71.42857142857143,13.691428571428572,0.0,14.685714285714289,186.04285714285717,1017.5142857142856,39.5,13.714285714285714,1247
-1.114285714285714,-5.714285714285714,-3.742857142857143,-6.685714285714285,-12.314285714285717,-9.928571428571429,71.32857142857144,0.0608571428571428,42.85714285714285,5.358571428571429,0.2999999999999999,25.5,251.22857142857143,1022.5714285714286,83.22857142857143,13.985714285714286,1384
18.357142857142858,9.114285714285714,13.842857142857143,18.357142857142858,8.485714285714286,13.528571428571428,70.58571428571429,4.289,42.85714285714285,20.237142857142857,0.0,20.185714285714287,168.20000000000002,1012.2571428571428,59.42857142857143,13.785714285714286,1501
16.3,4.671428571428571,10.414285714285716,16.3,2.185714285714286,9.428571428571429,57.385714285714286,1.0924285714285713,42.85714285714285,14.285714285714286,0.0,21.685714285714287,173.08571428571426,1014.6,43.471428571428575,15.242857142857144,1399
25.885714285714283,15.014285714285714,20.542857142857144,26.02857142857143,15.014285714285714,20.61428571428572,67.5,0.5462857142857144,28.571428571428573,3.571428571428572,0.0,18.442857142857143,238.9857142857143,1018.8857142857142,51.114285714285714,19.914285714285715,1360
15.528571428571428,6.128571428571429,10.857142857142858,15.528571428571428,4.028571428571429,9.785714285714286,70.15714285714286,6.233428571428571,71.42857142857143,24.40571428571429,0.0,29.071428571428573,202.9142857142857,1008.7,64.92857142857143,16.9,1560
22.414285714285715,11.985714285714286,17.585714285714285,22.414285714285715,11.985714285714286,17.585714285714285,65.12857142857142,1.0018571428571428,71.42857142857143,10.714285714285714,0.0,23.52857142857143,254.28571428571428,1015.8142857142856,46.02857142857143,15.385714285714286,1341
11.457142857142856,1.9428571428571428,6.6000000000000005,10.957142857142856,-0.6,4.957142857142857,79.5,4.333142857142858,28.571428571428573,13.69,0.0,20.37142857142857,92.4,1022.2428571428572,61.07142857142857,12.5,1560
22.87142857142857,12.971428571428572,18.02857142857143,22.87142857142857,12.614285714285714,18.014285714285712,74.52857142857144,1.7577142857142858,28.571428571428573,5.357142857142857,0.0,23.514285714285712,217.68571428571428,1017.1857142857144,45.94285714285714,22.542857142857144,1415
27.985714285714288,19.2,23.385714285714283,29.1,19.2,23.714285714285715,77.35714285714286,5.742285714285714,85.71428571428571,25.595714285714287,0.0,18.142857142857142,224.1142857142857,1011.4142857142856,54.02857142857143,14.428571428571429,1310
15.2,3.0285714285714285,9.514285714285714,15.2,0.1857142857142855,8.128571428571428,45.285714285714285,0.0095714285714285,14.285714285714286,0.5957142857142858,0.0,29.814285714285717,231.57142857142856,1017.0857142857144,30.642857142857142,28.8,1594
26.728571428571428,16.142857142857142,21.885714285714283,27.928571428571427,15.914285714285716,22.285714285714285,64.9,1.3215714285714288,28.571428571428573,2.9771428571428578,0.0,20.75714285714286,254.17142857142855,1017.6,46.54285714285714,22.52857142857143,1469
26.3,12.6,19.9,25.77142857142857,12.6,19.77142857142857,59.3,0.1751428571428571,14.285714285714286,1.19,0.0,19.15714285714285,216.7428571428572,1015.2714285714284,30.628571428571423,15.44285714285714,1523
15.585714285714284,8.857142857142858,12.3,15.185714285714283,7.028571428571429,11.342857142857143,81.51428571428572,4.549285714285714,85.71428571428571,33.92714285714286,0.0,18.357142857142858,87.3,1011.1142857142858,93.92857142857144,11.9,1360
8.200000000000001,-1.2857142857142854,3.6,5.928571428571429,-4.314285714285714,1.0,66.38571428571429,1.2345714285714289,28.571428571428573,5.357142857142857,0.0,28.62857142857143,250.6142857142857,1021.6857142857144,50.57142857142857,14.2,1632
10.2,6.342857142857143,8.242857142857144,8.428571428571429,3.5,6.057142857142857,86.91428571428571,0.5244285714285714,71.42857142857143,12.5,0.0,23.428571428571427,109.61428571428571,1014.0714285714286,93.22857142857144,14.385714285714286,1441
2.0,-4.771428571428571,-1.2285714285714289,-1.342857142857143,-9.471428571428572,-5.414285714285716,79.08571428571429,0.3875714285714285,57.142857142857146,5.357142857142857,11.033333333333331,22.97142857142857,199.68571428571428,1017.5,86.42857142857143,13.842857142857143,1898
2.8285714285714287,-5.3,-1.1285714285714286,-1.985714285714285,-11.571428571428571,-6.742857142857143,60.17142857142857,0.1495714285714285,71.42857142857143,4.168571428571428,0.0,33.15714285714286,297.6857142857143,1005.3142857142856,60.48571428571428,20.071428571428573,1680
1.7714285714285716,-3.914285714285714,-0.9428571428571428,-1.2428571428571429,-7.442857142857143,-4.314285714285714,74.18571428571428,0.1112857142857142,28.571428571428573,7.737142857142857,1.7285714285714284,18.942857142857143,237.4,1022.9142857142856,80.39999999999999,14.385714285714286,1541
-7.271428571428571,-14.228571428571428,-10.328571428571427,-12.842857142857143,-21.557142857142857,-17.071428571428573,70.35714285714286,0.0704285714285714,28.571428571428573,4.167142857142857,2.571428571428572,27.057142857142857,259.35714285714283,1020.4857142857144,67.55714285714285,21.7,1938
27.27142857142857,17.942857142857143,22.2,28.0,17.942857142857143,22.428571428571427,74.78571428571429,3.569714285714286,85.71428571428571,20.237142857142857,0.0,23.6,200.72857142857143,1016.4142857142856,74.51428571428572,10.9,1424
22.642857142857142,9.8,16.342857142857145,22.642857142857142,9.8,16.32857142857143,56.82857142857143,0.3794285714285714,42.85714285714285,4.761428571428572,0.0,21.957142857142856,138.15714285714284,1016.7714285714284,46.62857142857143,14.2,1532
17.32857142857143,8.942857142857143,12.9,17.32857142857143,7.357142857142857,12.257142857142856,58.114285714285714,2.0997142857142856,28.571428571428573,9.524285714285714,0.0,23.414285714285715,127.52857142857142,1016.9,77.97142857142856,19.15714285714285,1532
1.9285714285714288,-7.671428571428571,-2.857142857142857,-2.5285714285714285,-12.7,-7.757142857142857,77.44285714285715,1.5241428571428572,42.85714285714285,11.905714285714286,9.042857142857144,24.47142857142857,200.68571428571428,1012.6285714285714,61.07142857142857,13.7,1810
-2.3428571428571425,-7.242857142857143,-4.714285714285714,-8.0,-13.4,-10.4,75.41428571428571,0.5037142857142857,42.85714285714285,13.69,3.0142857142857147,25.15714285714285,207.7428571428572,1020.8285714285714,71.84285714285714,16.04285714285714,1998
14.714285714285714,3.257142857142857,8.671428571428573,14.3,0.7428571428571429,7.128571428571428,78.2,0.5848571428571429,42.85714285714285,6.548571428571429,7.5,19.428571428571427,140.42857142857142,1010.9,47.642857142857146,10.1,1644
20.67142857142857,12.0,16.5,20.642857142857142,11.214285714285714,16.214285714285715,78.87142857142858,6.191571428571429,100.0,26.785714285714285,0.0,20.228571428571428,144.9,1009.7142857142856,75.57142857142857,13.714285714285714,1233
-5.828571428571428,-17.04285714285714,-10.828571428571427,-10.571428571428571,-24.142857142857142,-16.785714285714285,78.72857142857143,0.9235714285714286,71.42857142857143,21.428571428571427,23.142857142857142,24.11428571428572,175.05714285714288,1019.1285714285714,69.51428571428572,9.471428571428572,1637
10.157142857142857,1.085714285714286,5.5,8.371428571428572,-1.757142857142857,2.885714285714286,74.7,0.6272857142857143,28.571428571428573,11.308571428571428,1.0,22.75714285714286,245.87142857142857,1025.642857142857,54.48571428571428,18.942857142857143,1613
-5.428571428571429,-13.185714285714283,-8.242857142857144,-9.685714285714283,-21.571428571428573,-14.742857142857142,85.72857142857143,3.401285714285714,71.42857142857143,20.83142857142857,36.6,25.285714285714285,219.7428571428572,1012.9,81.74285714285715,9.957142857142856,1490
0.8571428571428571,-8.328571428571427,-3.928571428571429,-1.8428571428571427,-12.457142857142856,-7.514285714285714,74.91428571428571,0.996,14.285714285714286,6.547142857142857,8.857142857142858,20.785714285714285,176.92857142857142,1020.2428571428572,39.21428571428572,12.485714285714286,1457
11.6,1.3142857142857145,6.342857142857143,10.914285714285716,-2.3999999999999995,4.0,64.95714285714286,0.8702857142857142,42.85714285714285,10.118571428571428,0.0,28.61428571428572,253.68571428571428,1016.842857142857,59.71428571428572,15.6,1586
21.32857142857143,10.271428571428572,15.742857142857144,21.32857142857143,9.985714285714286,15.642857142857142,67.97142857142858,0.8581428571428571,42.85714285714285,5.952857142857143,0.0,23.15714285714285,217.67142857142855,1008.9857142857144,54.62857142857143,14.485714285714286,1336
1.9857142857142855,-5.885714285714286,-1.8142857142857145,-1.5857142857142856,-11.542857142857144,-6.742857142857142,70.08571428571429,0.3419999999999999,57.142857142857146,6.547142857142857,1.26,23.957142857142856,217.65714285714284,1018.0142857142856,82.67142857142858,18.25714285714286,1832
11.94285714285714,4.814285714285714,8.157142857142857,11.257142857142856,3.014285714285714,6.585714285714286,83.28571428571429,0.9925714285714284,57.142857142857146,12.5,0.0,21.285714285714285,208.52857142857144,1018.8285714285714,77.7,10.571428571428571,1670
20.514285714285712,10.757142857142858,15.785714285714286,20.52857142857143,9.814285714285717,15.642857142857142,71.3,1.2044285714285716,57.142857142857146,10.12,0.0,21.82857142857143,215.2428571428572,1015.4571428571428,74.02857142857144,15.457142857142856,1503
16.6,6.871428571428572,11.914285714285716,16.6,5.514285714285714,11.37142857142857,69.35714285714286,4.7457142857142856,42.85714285714285,9.524285714285714,0.0,24.11428571428572,213.32857142857145,1013.6857142857144,37.6,14.1,1456
2.085714285714286,-6.128571428571428,-1.8000000000000005,-2.1,-11.242857142857144,-6.742857142857143,71.0,0.108,57.142857142857146,4.167142857142857,1.15,24.214285714285715,183.5,1019.2857142857144,59.285714285714285,18.514285714285712,1747
32.2,20.428571428571427,26.357142857142858,34.128571428571426,20.428571428571427,27.27142857142857,67.08571428571427,0.854,57.142857142857146,4.762857142857143,0.0,24.12857142857143,242.58571428571423,1013.4714285714286,52.8,17.1,1453
10.528571428571428,2.8142857142857136,6.471428571428571,9.828571428571427,1.557142857142857,5.242857142857143,82.44285714285715,1.3671428571428572,57.142857142857146,17.262857142857143,0.0,14.842857142857143,171.45714285714286,1029.9571428571428,62.24285714285714,10.94285714285714,1440
24.32857142857143,15.828571428571427,19.77142857142857,24.314285714285717,15.828571428571427,19.77142857142857,72.51428571428572,0.918,85.71428571428571,13.094285714285714,0.0,16.642857142857142,296.4428571428571,1012.7,60.885714285714286,14.55714285714286,1327
19.071428571428573,6.957142857142857,13.614285714285714,19.071428571428573,5.3,13.257142857142856,51.68571428571429,0.143,57.142857142857146,2.9771428571428573,0.0,22.65714285714285,76.47142857142856,1019.5428571428572,43.01428571428572,21.4,1473
21.985714285714288,10.042857142857144,16.45714285714286,21.985714285714288,9.642857142857142,16.37142857142857,61.32857142857143,0.0822857142857142,14.285714285714286,0.5957142857142858,0.0,20.057142857142857,179.79999999999998,1015.2428571428572,58.642857142857146,23.085714285714285,1456
2.8000000000000003,-3.1142857142857143,0.3428571428571428,0.1714285714285713,-8.5,-3.6000000000000005,82.82857142857142,5.897857142857142,71.42857142857143,30.952857142857145,6.457142857142857,23.357142857142858,209.98571428571427,1016.7,93.17142857142858,11.242857142857144,1692
25.74285714285714,14.571428571428571,20.12857142857143,25.885714285714283,14.414285714285716,20.142857142857142,68.01428571428572,2.274714285714286,28.571428571428573,3.571428571428572,0.0,21.4,157.35714285714286,1016.7428571428572,44.05714285714286,20.685714285714287,1430
-1.9285714285714288,-8.742857142857144,-4.842857142857143,-7.571428571428571,-15.9,-11.342857142857143,74.52857142857144,0.3805714285714286,42.85714285714285,7.737142857142857,10.257142857142856,29.542857142857144,235.2142857142857,1012.9571428571428,87.94285714285715,16.428571428571427,1929
29.214285714285715,15.5,23.014285714285712,29.62857142857143,15.5,23.185714285714287,60.72857142857144,0.9927142857142855,14.285714285714286,1.7857142857142858,0.0,20.11428571428572,256.72857142857146,1015.3571428571428,17.271428571428572,15.3,1409
-6.642857142857143,-12.585714285714287,-9.457142857142856,-13.142857142857142,-20.571428571428573,-16.857142857142858,70.48571428571428,0.5937142857142856,71.42857142857143,12.501428571428573,4.285714285714286,28.74285714285714,249.0142857142857,1025.9571428571428,72.44285714285715,15.971428571428572,1658
5.5,-1.0285714285714287,2.3000000000000003,2.7142857142857144,-4.1000000000000005,-0.9571428571428572,77.61428571428571,1.6585714285714286,85.71428571428571,20.23857142857143,0.0,21.885714285714283,233.04285714285717,1009.9857142857144,66.68571428571428,13.957142857142856,1461
18.557142857142857,5.985714285714286,11.542857142857144,18.071428571428573,4.6000000000000005,10.6,78.77142857142857,0.3445714285714286,14.285714285714286,5.357142857142857,0.0,17.45714285714286,203.95714285714288,1023.6428571428572,48.957142857142856,12.285714285714286,1580
26.62857142857143,16.942857142857143,21.685714285714287,26.77142857142857,16.942857142857143,21.728571428571428,75.45714285714287,5.956428571428572,57.142857142857146,16.071428571428573,0.0,23.071428571428573,194.3571428571429,1016.3857142857142,57.81428571428571,14.257142857142856,1477
-1.7428571428571429,-10.4,-5.3,-7.071428571428571,-16.385714285714286,-11.1,71.5,0.2092857142857142,42.85714285714285,4.167142857142857,3.0,29.9,258.37142857142857,1018.4142857142856,62.92857142857143,15.828571428571427,2241
25.542857142857144,14.714285714285714,20.214285714285715,25.75714285714286,14.714285714285714,20.24285714285714,62.01428571428572,1.8104285714285715,42.85714285714285,6.548571428571429,0.0,24.82857142857143,243.65714285714287,1006.842857142857,60.957142857142856,20.75714285714286,1415
19.77142857142857,9.328571428571427,14.62857142857143,19.77142857142857,8.7,14.457142857142856,74.89999999999999,1.542,85.71428571428571,10.714285714285714,0.0,15.757142857142858,188.8857142857143,1012.1428571428572,60.91428571428571,13.44285714285714,1391
22.557142857142857,11.885714285714286,16.985714285714288,23.0,11.585714285714284,17.04285714285714,68.5,0.9392857142857144,71.42857142857143,6.548571428571429,0.0,24.11428571428572,248.1142857142857,1019.0857142857144,65.34285714285714,19.914285714285715,1377
21.728571428571428,11.828571428571427,16.928571428571427,21.714285714285715,11.514285714285716,16.885714285714286,68.15714285714286,0.1784285714285714,28.571428571428573,2.381428571428572,0.0,22.61428571428572,224.15714285714284,1014.0571428571428,64.32857142857144,13.585714285714284,1451
12.785714285714286,2.9714285714285715,7.642857142857143,11.94285714285714,-0.157142857142857,5.757142857142858,67.35714285714286,2.5675714285714286,28.571428571428573,12.5,2.9,23.17142857142857,217.7,1014.157142857143,75.5,12.271428571428572,1412
-4.214285714285714,-12.685714285714283,-8.571428571428571,-8.9,-20.142857142857142,-15.028571428571428,73.45714285714287,1.3412857142857142,42.85714285714285,15.475714285714286,5.314285714285715,25.62857142857143,222.7142857142857,1018.6428571428572,66.11428571428571,12.12857142857143,1729
26.785714285714285,19.52857142857143,22.957142857142856,27.985714285714288,19.52857142857143,23.2,78.07142857142857,2.744428571428572,100.0,20.23857142857143,0.0,22.557142857142857,201.64285714285717,1011.4857142857144,65.77142857142857,14.757142857142856,1382
8.342857142857143,-3.742857142857143,1.842857142857143,5.357142857142857,-9.428571428571429,-2.4,58.25714285714286,0.019,14.285714285714286,0.5957142857142858,0.0,27.071428571428573,191.67142857142855,1024.0,43.22857142857144,17.785714285714285,1703
0.157142857142857,-7.285714285714286,-3.571428571428572,-4.557142857142857,-13.657142857142857,-9.285714285714286,71.07142857142857,0.1695714285714285,28.571428571428573,4.762857142857143,4.133333333333334,25.885714285714283,146.9,1022.0857142857144,50.771428571428565,14.214285714285714,1568
31.457142857142856,18.585714285714285,24.814285714285717,32.5,18.585714285714285,25.185714285714287,64.15714285714286,1.695285714285714,57.142857142857146,7.142857142857143,0.0,23.442857142857143,203.27142857142857,1011.9714285714286,26.9,14.185714285714283,1371
0.7428571428571429,-4.871428571428572,-2.028571428571429,-3.8,-9.885714285714286,-6.914285714285714,70.77142857142857,0.096,14.285714285714286,1.7857142857142858,3.0,26.12857142857143,233.07142857142856,1018.8285714285714,78.78571428571429,14.157142857142857,1613
27.4,14.428571428571429,21.2,26.685714285714287,14.1,20.928571428571427,51.771428571428565,0.0,0.0,0.0,0.0,23.571428571428573,250.8857142857143,1015.3857142857142,24.728571428571428,21.314285714285717,1437
22.642857142857142,9.928571428571429,16.857142857142858,22.642857142857142,9.3,16.714285714285715,55.01428571428572,0.6307142857142857,28.571428571428573,5.357142857142857,0.0,18.785714285714285,146.04285714285714,1015.6857142857144,43.81428571428573,15.44285714285714,1470
20.285714285714285,7.899999999999999,14.028571428571428,20.285714285714285,4.857142857142857,12.757142857142856,58.957142857142856,0.5504285714285714,42.85714285714285,9.524285714285714,0.0,34.47142857142857,209.18571428571428,1008.657142857143,54.58571428571429,19.928571428571427,1457
-1.3285714285714287,-6.342857142857143,-3.685714285714286,-5.9,-12.0,-8.685714285714285,71.68571428571428,0.0284285714285714,14.285714285714286,1.7857142857142858,0.1714285714285714,24.3,274.5571428571429,1017.342857142857,82.74285714285715,14.1,1719
26.185714285714287,14.8,20.6,26.057142857142857,14.8,20.6,65.18571428571428,2.571571428571428,28.571428571428573,4.167142857142857,0.0,21.014285714285712,219.27142857142852,1012.7142857142856,39.94285714285714,15.8,1361
25.185714285714287,11.928571428571429,18.74285714285714,25.77142857142857,10.857142857142858,18.514285714285712,64.89999999999999,0.9172857142857144,28.571428571428573,3.571428571428572,0.0,20.357142857142858,128.24285714285716,1022.8857142857142,45.54285714285714,17.014285714285712,1527
19.814285714285717,6.857142857142857,12.642857142857142,19.814285714285717,5.328571428571428,11.971428571428572,69.77142857142857,0.1054285714285714,28.571428571428573,2.381428571428572,0.0,16.12857142857143,229.95714285714288,1023.1714285714286,33.77142857142857,14.271428571428572,1282
27.342857142857145,17.628571428571426,22.12857142857143,28.514285714285712,17.628571428571426,22.52857142857143,74.8,1.7222857142857142,71.42857142857143,8.332857142857142,0.0,18.0,144.95714285714286,1012.9857142857144,51.3,13.55714285714286,1398
-6.842857142857143,-13.542857142857144,-9.657142857142857,-13.585714285714284,-21.642857142857142,-17.12857142857143,74.52857142857144,0.4267142857142857,71.42857142857143,8.332857142857142,3.5499999999999994,26.857142857142858,256.75714285714287,1020.1142857142858,71.22857142857143,14.814285714285717,1599
-0.7428571428571429,-6.371428571428572,-3.4285714285714284,-3.357142857142857,-11.114285714285714,-7.571428571428571,81.2,2.7192857142857143,85.71428571428571,21.428571428571427,0.7142857142857143,21.014285714285712,158.70000000000002,1022.9428571428572,81.67142857142858,12.928571428571429,1572
6.7,2.0571428571428574,4.128571428571428,4.314285714285714,-2.5,0.4,72.35714285714286,2.7935714285714286,28.571428571428573,7.142857142857143,2.7,33.44285714285714,190.3428571428572,1015.8142857142856,80.31428571428572,15.857142857142858,1790
28.77142857142857,15.4,23.65714285714285,29.385714285714283,15.4,23.914285714285715,71.44285714285715,0.0,0.0,0.0,0.0,16.47142857142857,103.74285714285712,1017.4857142857144,39.1,10.214285714285714,1423
15.285714285714286,4.4,9.37142857142857,14.257142857142856,1.8857142857142857,7.671428571428572,66.5,0.013,14.285714285714286,0.5957142857142858,0.0,25.385714285714283,219.78571428571428,1014.7857142857144,51.1,21.1,1731
17.657142857142855,8.385714285714286,12.842857142857143,17.657142857142855,7.314285714285715,12.357142857142858,76.5,4.615142857142857,71.42857142857143,27.38142857142857,0.0,19.842857142857145,183.1142857142857,1019.657142857143,54.98571428571428,14.1,1251
3.2857142857142856,-3.4,-0.1714285714285714,-0.4142857142857142,-8.757142857142856,-4.914285714285714,79.5,1.3065714285714287,71.42857142857143,23.215714285714284,0.0,24.557142857142857,183.41428571428568,1020.7,72.08571428571429,13.928571428571429,1660
-0.4285714285714287,-7.385714285714286,-3.8428571428571434,-4.528571428571429,-14.028571428571428,-9.357142857142858,82.28571428571429,1.5088571428571431,71.42857142857143,14.285714285714286,5.557142857142857,26.057142857142857,226.8857142857143,1008.1285714285714,89.18571428571428,9.471428571428572,1633
27.3,17.785714285714285,22.4,28.2,17.785714285714285,22.642857142857142,72.94285714285715,2.605714285714285,71.42857142857143,13.691428571428572,0.0,20.685714285714287,207.65714285714284,1012.1,53.57142857142857,14.014285714285714,1350
21.685714285714287,13.7,17.685714285714287,21.685714285714287,13.7,17.685714285714287,75.10000000000001,1.2318571428571428,42.85714285714285,16.071428571428573,0.0,17.77142857142857,170.5,1011.7428571428572,68.1,14.671428571428573,1413
11.12857142857143,2.571428571428572,6.357142857142857,9.62857142857143,-1.1428571428571428,3.914285714285714,75.77142857142857,2.4684285714285714,42.85714285714285,22.02285714285714,7.75,22.65714285714285,70.95714285714286,1011.8857142857142,92.0,12.785714285714286,1758
-3.0857142857142854,-11.042857142857144,-6.614285714285714,-7.242857142857143,-18.228571428571428,-13.314285714285717,76.18571428571428,0.7015714285714285,71.42857142857143,18.45142857142857,16.214285714285715,29.414285714285715,225.05714285714288,1014.0428571428572,64.05714285714285,15.62857142857143,1702
26.12857142857143,14.671428571428567,20.071428571428573,26.457142857142856,14.671428571428567,20.17142857142857,70.07142857142857,2.012857142857143,100.0,23.80857142857143,0.0,19.314285714285717,241.3142857142857,1014.5285714285714,49.15714285714286,14.457142857142856,1353
-8.114285714285714,-15.028571428571428,-11.542857142857144,-14.257142857142856,-23.37142857142857,-19.12857142857143,77.10000000000001,0.6584285714285715,57.142857142857146,12.5,61.0,25.52857142857143,160.8857142857143,1019.6428571428572,75.52857142857144,12.342857142857143,2267
0.4857142857142856,-7.357142857142857,-3.057142857142857,-4.185714285714286,-14.94285714285714,-9.0,79.78571428571429,3.1028571428571428,28.571428571428573,16.667142857142856,8.585714285714285,31.214285714285715,164.72857142857143,1020.657142857143,94.45714285714288,11.385714285714286,1723
15.728571428571428,7.814285714285715,11.685714285714283,15.728571428571428,6.3,10.771428571428572,71.61428571428571,1.4027142857142856,57.142857142857146,17.262857142857143,0.0,23.885714285714283,205.94285714285715,1017.5714285714286,75.85714285714286,18.3,1379
15.37142857142857,7.714285714285714,11.342857142857143,14.928571428571429,5.357142857142857,9.87142857142857,85.74285714285715,1.5244285714285712,85.71428571428571,19.642857142857142,0.0,23.557142857142857,290.4714285714286,1015.9285714285714,79.02857142857144,13.957142857142856,1483
14.214285714285714,5.114285714285714,9.542857142857144,14.214285714285714,2.8000000000000003,8.328571428571427,61.5,0.0,0.0,0.0,0.0,23.185714285714287,126.02857142857144,1019.6857142857144,59.2,21.87142857142857,1560
27.4,17.0,22.071428571428573,29.042857142857144,17.0,22.5,68.7,1.2264285714285712,42.85714285714285,4.167142857142857,0.0,21.785714285714285,294.9142857142857,1015.9428571428572,34.24285714285714,16.12857142857143,1430
24.585714285714285,14.214285714285714,19.27142857142857,24.67142857142857,14.214285714285714,19.285714285714285,72.82857142857144,3.2928571428571423,71.42857142857143,16.071428571428573,0.0,23.27142857142857,158.3,1010.5142857142856,54.885714285714286,15.085714285714284,1483
29.65714285714285,17.685714285714287,23.585714285714285,31.7,17.685714285714287,24.342857142857145,72.04285714285714,1.819,57.142857142857146,7.141428571428571,0.0,21.514285714285712,179.67142857142858,1017.7142857142856,43.82857142857143,19.142857142857142,1456
24.785714285714285,12.614285714285714,19.442857142857143,24.77142857142857,12.471428571428572,19.442857142857143,59.7,5.719,14.285714285714286,2.975714285714285,0.0,24.385714285714283,149.3857142857143,1017.1714285714286,36.18571428571429,23.61428571428572,1492
24.571428571428573,13.614285714285714,19.457142857142856,24.65714285714285,13.471428571428572,19.457142857142856,66.95714285714286,1.4885714285714289,42.85714285714285,7.142857142857143,0.0,19.4,77.1,1017.0714285714286,36.15714285714286,14.1,1392
25.65714285714285,15.071428571428571,20.385714285714283,26.17142857142857,15.071428571428571,20.47142857142857,74.62857142857142,0.2744285714285714,42.85714285714285,2.975714285714285,0.0,19.885714285714283,160.57142857142858,1019.157142857143,20.87142857142857,13.2,1336
17.12857142857143,7.414285714285714,12.585714285714284,17.12857142857143,6.785714285714286,12.242857142857144,75.34285714285714,4.475428571428571,71.42857142857143,23.214285714285715,0.0,20.571428571428573,204.5142857142857,1019.0714285714286,71.92857142857143,15.528571428571428,1457
14.9,4.185714285714286,9.314285714285717,13.842857142857143,1.8142857142857145,7.742857142857143,73.24285714285713,1.9422857142857144,71.42857142857143,24.40571428571429,0.0285714285714285,21.957142857142856,155.84285714285716,1013.7428571428572,60.471428571428575,13.842857142857142,1355
24.32857142857143,15.842857142857143,20.04285714285714,25.27142857142857,15.842857142857143,20.4,76.48571428571428,13.794857142857142,85.71428571428571,16.071428571428573,0.0,23.071428571428573,167.44285714285712,1017.0428571428572,65.95714285714286,17.62857142857143,1358
29.071428571428573,19.0,23.87142857142857,31.11428571428572,19.0,24.585714285714285,69.61428571428571,0.1685714285714285,14.285714285714286,1.7857142857142858,0.0,20.014285714285712,169.72857142857143,1015.657142857143,55.1,13.828571428571433,1320
32.01428571428571,20.957142857142856,26.842857142857145,33.628571428571426,20.957142857142856,27.7,58.51428571428572,0.0,0.0,0.0,0.0,20.857142857142858,222.5,1018.9571428571428,13.985714285714286,15.228571428571428,1459
29.571428571428573,18.014285714285712,24.085714285714285,30.38571428571429,18.014285714285712,24.47142857142857,64.8,0.1717142857142857,14.285714285714286,3.571428571428572,0.0,22.52857142857143,162.21428571428572,1017.1285714285714,39.5,16.785714285714285,1334
18.385714285714283,5.042857142857143,11.55714285714286,17.857142857142858,3.7857142857142856,10.757142857142856,63.371428571428574,1.7492857142857143,57.142857142857146,8.928571428571429,0.0,22.97142857142857,196.47142857142856,1019.6428571428572,38.98571428571428,14.014285714285714,1616
27.47142857142857,15.5,21.914285714285715,28.1,15.5,22.12857142857143,62.457142857142856,2.9257142857142857,28.571428571428573,6.547142857142857,0.0,16.557142857142857,156.64285714285714,1018.7857142857144,43.07142857142857,14.7,1311
21.47142857142857,9.614285714285714,15.314285714285717,21.214285714285715,8.042857142857143,14.657142857142858,55.91428571428571,0.8575714285714285,57.142857142857146,6.547142857142857,0.0,29.8,209.7,1014.2714285714284,64.04285714285714,19.071428571428573,1510
20.11428571428572,12.642857142857142,16.385714285714286,20.314285714285717,12.228571428571428,16.4,76.05714285714285,4.077,71.42857142857143,23.81,0.0,19.557142857142857,221.77142857142857,1015.7,66.22857142857143,13.62857142857143,1334
0.3999999999999999,-4.671428571428572,-2.071428571428572,-1.7285714285714284,-9.1,-5.428571428571429,83.04285714285713,0.0,0.0,0.0,1.2857142857142858,16.214285714285715,180.1142857142857,1015.7857142857144,81.5,10.828571428571427,1694
-2.842857142857143,-11.342857142857143,-6.528571428571429,-9.528571428571428,-18.957142857142856,-13.671428571428573,70.84285714285714,0.3191428571428571,57.142857142857146,15.475714285714286,6.471428571428571,33.9,262.07142857142856,1015.9714285714286,67.9857142857143,17.357142857142858,1822
5.885714285714286,-3.042857142857143,1.4857142857142858,3.2,-7.428571428571429,-2.3857142857142857,68.14285714285714,1.031,85.71428571428571,15.477142857142857,1.0,24.61428571428572,284.5571428571429,1015.6,73.14285714285714,20.814285714285717,1631
16.557142857142857,8.4,12.528571428571428,16.557142857142857,8.171428571428573,12.5,80.18571428571428,1.2834285714285714,71.42857142857143,15.477142857142857,0.0,20.75714285714286,158.02857142857144,1011.1714285714286,67.17142857142856,13.657142857142857,1441
15.12857142857143,4.3,9.5,14.814285714285717,2.2857142857142856,8.428571428571429,52.385714285714286,0.4405714285714285,57.142857142857146,5.357142857142857,0.0,19.3,80.78571428571429,1016.6142857142858,60.58571428571429,19.3,1539
22.585714285714285,13.971428571428572,18.37142857142857,22.585714285714285,13.971428571428572,18.37142857142857,72.42857142857143,0.6722857142857144,42.85714285714285,4.167142857142857,0.0,20.142857142857142,260.3,1015.7,63.58571428571429,15.885714285714286,1383
22.957142857142856,12.357142857142858,17.5,22.957142857142856,12.257142857142856,17.485714285714288,74.85714285714286,0.2787142857142857,42.85714285714285,5.357142857142857,0.0,19.542857142857144,237.91428571428568,1020.7428571428572,53.81428571428571,16.857142857142858,1414
2.071428571428572,-5.085714285714286,-1.0142857142857142,-1.1857142857142855,-9.7,-5.6000000000000005,68.72857142857143,0.6682857142857143,71.42857142857143,18.45285714285714,4.828571428571428,25.47142857142857,182.47142857142856,1015.4857142857144,75.88571428571429,14.257142857142856,1507
21.957142857142856,12.757142857142856,17.342857142857145,21.957142857142856,12.614285714285714,17.32857142857143,75.62857142857142,2.2552857142857143,42.85714285714285,11.905714285714286,0.0,15.342857142857143,83.05714285714285,1020.3,50.285714285714285,13.571428571428571,1345
30.357142857142858,19.32857142857143,24.67142857142857,31.47142857142857,19.32857142857143,25.185714285714287,68.82857142857144,1.7014285714285715,57.142857142857146,3.571428571428572,0.0,17.52857142857143,177.44285714285712,1015.5142857142856,53.31428571428571,16.37142857142857,1402
26.442857142857143,17.714285714285715,22.02857142857143,26.87142857142857,17.714285714285715,22.085714285714285,80.55714285714285,5.22,100.0,18.454285714285717,0.0,15.657142857142858,228.9142857142857,1012.7714285714284,58.957142857142856,13.228571428571428,1547
6.285714285714286,-0.3285714285714287,2.9285714285714284,4.571428571428571,-3.3428571428571425,0.2857142857142856,79.68571428571428,3.1425714285714283,57.142857142857146,31.548571428571428,0.1714285714285714,18.214285714285715,174.82857142857142,1018.2714285714284,81.21428571428571,11.285714285714286,1531
17.77142857142857,6.771428571428571,12.471428571428572,17.77142857142857,5.242857142857143,11.714285714285714,61.35714285714285,5.501714285714286,42.85714285714285,13.691428571428572,0.0,22.057142857142857,101.15714285714286,1013.9857142857144,48.48571428571428,14.6,1550
11.5,2.4857142857142853,6.814285714285715,10.6,-0.9,4.542857142857143,63.32857142857143,0.9791428571428572,57.142857142857146,17.857142857142858,0.0,24.3,206.8428571428572,1018.4857142857144,59.3,15.1,1434
9.528571428571428,-1.3714285714285714,3.7857142857142856,8.814285714285713,-4.471428571428572,1.3857142857142857,66.15714285714286,1.5632857142857142,14.285714285714286,4.167142857142857,0.0,19.057142857142857,96.75714285714284,1020.2857142857144,46.957142857142856,17.314285714285713,1635
6.142857142857143,-1.7428571428571429,2.685714285714286,3.642857142857143,-5.642857142857143,-0.6571428571428571,69.74285714285715,1.1172857142857142,57.142857142857146,14.88,0.0285714285714285,26.3,226.94285714285712,1014.7428571428572,70.82857142857144,13.728571428571428,1617
1.2285714285714284,-8.12857142857143,-2.657142857142857,-3.357142857142857,-11.971428571428572,-7.214285714285714,75.14285714285714,0.0435714285714285,28.571428571428573,1.1914285714285715,7.571428571428571,25.857142857142858,242.7571428571429,1019.6714285714286,55.457142857142856,13.157142857142857,1630
27.15714285714285,19.914285714285715,23.542857142857144,28.3,19.914285714285715,23.714285714285715,76.67142857142858,4.965285714285714,57.142857142857146,11.905714285714286,0.0,17.085714285714285,267.3857142857143,1018.2285714285716,63.1,14.37142857142857,1382
3.3857142857142857,-1.0142857142857142,1.1857142857142855,1.414285714285714,-4.6571428571428575,-1.6714285714285713,80.95714285714287,0.6844285714285715,57.142857142857146,8.928571428571429,0.0,19.8,249.17142857142855,1018.1142857142856,88.82857142857142,12.171428571428573,1659
25.7,15.2,20.6,26.11428571428572,15.2,20.685714285714287,71.74285714285715,5.080428571428572,28.571428571428573,10.118571428571428,0.0,17.085714285714285,155.58571428571426,1019.2285714285716,57.98571428571428,14.0,1348
0.3142857142857143,-3.5,-1.657142857142857,-2.8000000000000003,-9.385714285714286,-6.271428571428571,85.08571428571429,4.982142857142857,57.142857142857146,38.09571428571429,6.371428571428572,23.814285714285717,104.51428571428572,1016.5857142857144,99.32857142857142,7.928571428571429,1895
14.014285714285714,5.4,9.214285714285714,13.5,3.1142857142857143,7.957142857142857,79.24285714285715,5.707428571428571,42.85714285714285,25.0,0.0,21.642857142857142,230.57142857142856,1016.7571428571428,75.64285714285714,11.642857142857142,1457
2.942857142857143,-4.285714285714286,-0.5857142857142857,-0.9714285714285712,-8.9,-4.971428571428571,64.64285714285714,0.2035714285714285,42.85714285714285,4.761428571428572,0.0,26.185714285714287,223.2142857142857,1018.1142857142856,57.457142857142856,18.185714285714287,1776
26.928571428571427,16.314285714285713,21.8,27.442857142857143,16.314285714285713,21.985714285714288,68.62857142857142,2.9787142857142856,28.571428571428573,11.904285714285717,0.0,20.82857142857143,183.8,1015.0571428571428,49.74285714285714,18.11428571428572,1372
7.1571428571428575,-2.557142857142857,1.9142857142857144,4.614285714285714,-7.0,-1.5714285714285714,65.9,0.0327142857142857,14.285714285714286,1.19,0.1428571428571428,26.057142857142857,227.5,1015.3,52.81428571428571,15.085714285714284,1800
-9.671428571428573,-17.585714285714285,-13.7,-18.214285714285715,-26.385714285714283,-22.342857142857145,66.27142857142857,0.0062857142857142,14.285714285714286,0.5957142857142858,6.299999999999999,31.714285714285715,258.45714285714286,1019.0571428571428,44.81428571428571,14.528571428571428,1611
-2.2,-10.985714285714286,-6.714285714285714,-6.771428571428571,-18.228571428571428,-12.8,77.47142857142856,3.468142857142857,71.42857142857143,29.762857142857143,17.242857142857144,30.214285714285715,198.3857142857143,1018.0571428571428,86.98571428571428,10.457142857142856,2004
21.814285714285717,11.171428571428573,16.32857142857143,21.714285714285715,9.7,15.771428571428572,67.32857142857144,6.520714285714285,71.42857142857143,16.667142857142856,0.0,23.0,240.14285714285717,1011.0428571428572,70.44285714285715,20.5,1401
8.171428571428573,0.3285714285714285,4.071428571428571,5.914285714285716,-4.285714285714286,0.5142857142857145,75.32857142857142,5.415714285714286,71.42857142857143,17.857142857142858,3.0,25.02857142857143,189.12857142857143,1013.9142857142856,80.97142857142856,12.785714285714286,1572
22.8,12.857142857142858,17.642857142857142,22.8,12.857142857142858,17.642857142857142,79.08571428571429,0.3601428571428571,85.71428571428571,11.311428571428571,0.0,15.985714285714286,218.3142857142857,1016.2857142857144,55.4,12.8,1424
-0.057142857142857,-9.9,-4.771428571428572,-5.2,-16.82857142857143,-10.8,65.8,0.7082857142857143,28.571428571428573,9.522857142857143,10.457142857142856,29.357142857142858,263.9857142857143,1026.7857142857142,36.885714285714286,20.042857142857144,1594
11.485714285714286,-2.042857142857143,4.728571428571429,10.942857142857145,-3.5,3.571428571428572,54.35714285714285,0.0044285714285714,14.285714285714286,0.5957142857142858,0.0,17.157142857142855,187.8142857142857,1022.4857142857144,27.02857142857143,15.528571428571428,1397
-8.185714285714287,-16.785714285714285,-11.957142857142856,-12.571428571428571,-22.085714285714285,-17.728571428571428,74.27142857142857,0.0,0.0,0.0,8.657142857142857,22.685714285714287,260.18571428571425,1014.3571428571428,77.22857142857143,12.5,1488
5.357142857142857,0.1714285714285714,2.585714285714286,2.685714285714285,-3.414285714285714,-0.7142857142857143,80.42857142857143,0.6771428571428572,57.142857142857146,4.761428571428572,1.0,22.6,155.15714285714284,1021.0571428571428,86.34285714285714,15.514285714285714,1692
3.685714285714286,-3.271428571428572,-0.0428571428571428,0.4714285714285715,-7.528571428571429,-3.8285714285714287,74.28571428571429,0.3291428571428571,42.85714285714285,4.167142857142857,9.042857142857144,20.45714285714286,119.2,1022.8,57.614285714285714,13.671428571428573,1568
-3.8857142857142857,-9.37142857142857,-6.428571428571429,-8.6,-14.871428571428572,-11.571428571428571,75.08571428571429,1.1251428571428572,57.142857142857146,14.881428571428572,3.557142857142857,22.52857142857143,234.5142857142857,1022.5714285714286,73.41428571428571,12.914285714285716,1556
19.52857142857143,7.028571428571428,13.385714285714286,19.52857142857143,5.971428571428571,13.071428571428571,56.31428571428571,2.1231428571428568,57.142857142857146,14.285714285714286,0.0,21.942857142857143,174.34285714285716,1019.1714285714288,44.971428571428575,15.4,1406
-2.5,-8.414285714285715,-5.185714285714285,-8.2,-15.242857142857144,-11.257142857142856,77.61428571428571,0.2681428571428571,28.571428571428573,8.334285714285715,14.457142857142856,25.342857142857145,233.2,1021.7285714285714,74.45714285714287,13.0,1674
32.457142857142856,19.24285714285714,26.17142857142857,31.87142857142857,19.24285714285714,26.085714285714285,53.271428571428565,0.2285714285714286,28.571428571428573,2.975714285714285,0.0,26.24285714285714,257.04285714285714,1013.2285714285716,46.957142857142856,17.857142857142858,1377
17.771428571428572,10.114285714285714,13.72857142857143,17.771428571428572,9.271428571428572,13.571428571428571,77.52857142857142,2.1824285714285714,57.142857142857146,14.881428571428572,0.0,24.37142857142857,140.67142857142858,1021.7,77.81428571428572,16.557142857142857,1495
28.571428571428573,17.014285714285712,23.185714285714287,29.985714285714288,17.014285714285712,23.75714285714286,65.88571428571429,0.434,14.285714285714286,1.19,0.0,18.37142857142857,193.5142857142857,1018.842857142857,44.62857142857143,19.542857142857144,1363
2.957142857142857,-0.6571428571428573,1.2857142857142858,-0.2714285714285714,-5.357142857142857,-2.857142857142857,81.3,1.9075714285714285,28.571428571428573,3.571428571428572,3.0,22.7,196.7,1011.8142857142856,74.75714285714285,12.94285714285714,1732
-2.9,-10.842857142857143,-6.371428571428572,-8.757142857142856,-17.6,-12.62857142857143,69.91428571428571,0.5728571428571428,71.42857142857143,9.524285714285714,7.428571428571429,26.2,215.6,1020.3714285714286,74.77142857142857,14.185714285714283,1697
11.72857142857143,3.2857142857142856,7.4142857142857155,10.142857142857142,-0.3714285714285715,5.114285714285714,60.87142857142857,1.401,71.42857142857143,16.071428571428573,0.0,29.814285714285717,207.58571428571423,1008.7285714285716,65.74285714285715,15.257142857142856,1538
7.857142857142857,2.6,4.928571428571429,5.642857142857143,-1.4142857142857144,1.842857142857143,85.95714285714287,6.315714285714286,100.0,39.28428571428572,0.0,21.142857142857142,149.6,1023.3142857142856,98.38571428571429,10.2,1638
18.057142857142857,7.557142857142857,13.328571428571427,18.057142857142857,6.314285714285715,12.671428571428573,62.18571428571429,3.247,42.85714285714285,20.83285714285714,0.0,22.37142857142857,158.0142857142857,1015.157142857143,57.3,13.671428571428573,1431
16.2,3.1,10.085714285714284,16.2,2.571428571428572,9.7,60.271428571428565,0.2032857142857143,28.571428571428573,7.738571428571428,0.1285714285714286,18.842857142857145,196.44285714285712,1019.1285714285714,50.21428571428572,15.085714285714284,1458
14.714285714285714,6.5,10.314285714285717,14.714285714285714,5.571428571428571,9.6,80.11428571428573,1.6125714285714283,85.71428571428571,24.404285714285717,0.0,19.914285714285715,218.42857142857144,1014.0571428571428,84.94285714285715,12.685714285714283,1408
11.142857142857142,0.1428571428571427,5.271428571428571,10.014285714285714,-3.257142857142857,2.628571428571429,64.1,0.0271428571428571,28.571428571428573,1.1914285714285715,0.0,25.014285714285712,178.6142857142857,1022.4,25.67142857142857,15.985714285714286,1455
4.257142857142857,-3.6142857142857134,0.4714285714285713,0.242857142857143,-8.142857142857142,-4.057142857142857,69.67142857142856,1.6952857142857145,71.42857142857143,12.5,1.3666666666666665,31.157142857142865,221.5,1015.4,77.45714285714287,17.52857142857143,1835
27.785714285714285,18.514285714285712,22.9,29.4,18.514285714285712,23.385714285714283,77.8,1.0915714285714286,42.85714285714285,5.355714285714285,0.0,20.585714285714285,181.3,1016.8285714285714,62.35714285714285,14.37142857142857,1366
0.8142857142857142,-4.614285714285714,-1.8285714285714287,-3.2142857142857144,-9.885714285714286,-6.614285714285714,73.38571428571429,0.8214285714285714,42.85714285714285,10.712857142857144,2.157142857142857,23.485714285714288,255.67142857142855,1017.7428571428572,76.34285714285714,12.471428571428572,1758
25.228571428571428,13.842857142857143,19.87142857142857,25.4,13.728571428571428,19.928571428571427,60.9,0.5694285714285715,28.571428571428573,4.762857142857143,0.0,24.985714285714288,243.7142857142857,1017.0142857142856,38.4,15.171428571428573,1505
8.242857142857144,-0.2857142857142857,3.8428571428571434,6.1000000000000005,-3.5285714285714285,1.0714285714285714,63.957142857142856,0.4788571428571429,28.571428571428573,5.357142857142857,1.3,20.87142857142857,184.8428571428572,1019.9857142857144,79.38571428571429,19.32857142857143,1695
21.15714285714285,14.414285714285716,17.657142857142855,21.442857142857143,14.414285714285716,17.8,80.3,1.8575714285714289,85.71428571428571,19.642857142857142,0.0,18.82857142857143,139.3857142857143,1015.1857142857144,76.55714285714285,13.714285714285714,1264
-0.1,-7.871428571428571,-3.928571428571429,-3.971428571428572,-11.9,-8.085714285714285,77.2,1.4594285714285713,42.85714285714285,16.071428571428573,9.771428571428572,19.457142857142856,210.3,1023.4857142857144,61.67142857142857,15.671428571428573,1744
25.842857142857145,10.0,18.571428571428573,25.47142857142857,8.657142857142857,18.057142857142857,48.94285714285714,0.1247142857142857,14.285714285714286,2.381428571428572,0.0,25.885714285714283,227.1142857142857,1015.5285714285714,33.528571428571425,24.071428571428573,1491
6.714285714285714,0.057142857142857,3.2,3.7142857142857135,-4.5285714285714285,-0.8,78.60000000000001,6.113,71.42857142857143,25.594285714285714,3.0,27.728571428571428,227.67142857142855,1017.6714285714286,77.10000000000001,14.028571428571428,2148
14.62857142857143,5.285714285714286,9.785714285714286,14.0,3.042857142857143,8.514285714285714,65.68571428571428,0.0434285714285714,14.285714285714286,1.19,0.0,24.02857142857143,279.24285714285713,1013.7142857142856,65.44285714285715,15.671428571428573,1483
23.428571428571427,12.342857142857143,18.1,23.52857142857143,12.342857142857143,18.1,76.45714285714287,2.344428571428572,28.571428571428573,9.524285714285714,0.0,16.714285714285715,161.0,1019.4,37.32857142857143,15.114285714285714,1418
1.342857142857143,-5.914285714285714,-2.628571428571429,-2.571428571428572,-11.357142857142858,-7.485714285714286,75.74285714285715,1.0844285714285715,57.142857142857146,10.714285714285714,0.0,25.685714285714287,194.17142857142855,1018.3857142857142,79.02857142857144,15.357142857142858,1723
-4.714285714285714,-11.05714285714286,-7.385714285714286,-8.77142857142857,-17.814285714285713,-13.085714285714287,71.31428571428572,0.0611428571428571,28.571428571428573,5.357142857142857,6.142857142857143,22.942857142857143,189.7142857142857,1020.1857142857144,69.62857142857142,12.342857142857143,1683
10.12857142857143,2.0571428571428574,5.785714285714286,8.071428571428571,-1.0142857142857142,2.914285714285714,67.88571428571429,0.3727142857142857,57.142857142857146,16.667142857142856,0.0,26.15714285714285,256.25714285714287,1017.2142857142856,59.02857142857143,15.757142857142856,1426
25.442857142857143,13.014285714285714,19.571428571428573,25.61428571428572,13.014285714285714,19.62857142857143,66.12857142857142,0.431,28.571428571428573,3.571428571428572,0.0,19.02857142857143,160.14285714285714,1021.4142857142856,41.34285714285714,23.014285714285712,1357
8.1,-0.5428571428571429,3.3999999999999995,5.985714285714286,-4.257142857142857,0.3714285714285714,70.84285714285714,1.897714285714286,71.42857142857143,16.07,1.725,23.357142857142858,252.3142857142857,1017.5285714285714,68.55714285714285,17.099999999999998,1583
0.3857142857142857,-8.114285714285714,-3.942857142857143,-4.871428571428572,-14.614285714285716,-9.785714285714286,71.68571428571428,0.9535714285714284,42.85714285714285,11.31,0.0,29.77142857142857,224.02857142857144,1025.6,62.01428571428572,18.87142857142857,1983
24.642857142857142,14.728571428571428,19.557142857142857,25.0,14.657142857142857,19.557142857142857,76.85714285714286,7.223428571428571,57.142857142857146,16.071428571428573,0.0,22.914285714285715,198.77142857142857,1019.3857142857142,68.11428571428571,13.357142857142858,1505
22.571428571428573,11.314285714285717,17.185714285714287,22.571428571428573,11.314285714285717,17.185714285714287,72.14285714285714,1.2697142857142858,14.285714285714286,2.975714285714285,0.0,20.12857142857143,192.1142857142857,1021.5571428571428,38.58571428571429,23.042857142857144,1397
11.8,-1.2285714285714289,4.528571428571429,11.042857142857144,-3.557142857142857,2.957142857142857,61.142857142857146,0.1328571428571428,14.285714285714286,1.19,1.6,17.87142857142857,221.1142857142857,1017.6714285714286,54.1,15.37142857142857,1952
10.44285714285714,1.9142857142857144,5.514285714285714,8.514285714285714,-3.0142857142857147,1.8714285714285712,63.04285714285714,1.4792857142857143,71.42857142857143,14.881428571428572,0.1428571428571428,32.75714285714286,218.17142857142855,1011.6,86.27142857142857,14.257142857142856,1503
26.042857142857144,16.8,21.385714285714283,26.142857142857142,16.8,21.428571428571427,68.18571428571428,0.8882857142857142,71.42857142857143,14.882857142857144,0.0,21.62857142857143,252.7428571428572,1009.9,58.42857142857143,15.542857142857144,1287
27.928571428571427,17.2,22.928571428571427,28.7,17.2,23.185714285714287,67.28571428571429,0.057,14.285714285714286,1.7857142857142858,0.0,20.314285714285717,273.4,1011.7714285714284,34.528571428571425,15.728571428571428,1305
5.914285714285714,-0.2285714285714285,2.5857142857142854,4.428571428571429,-4.8,-1.0571428571428574,75.82857142857142,5.340571428571429,57.142857142857146,34.52428571428572,13.8,28.428571428571427,153.52857142857144,1016.0285714285714,60.12857142857143,12.285714285714286,1772
24.571428571428573,11.228571428571428,17.814285714285713,24.25714285714286,9.94285714285714,17.52857142857143,53.771428571428565,3.702142857142857,42.85714285714285,6.548571428571429,0.0,29.085714285714285,156.6,1016.6142857142858,42.01428571428572,20.27142857142857,1570
6.542857142857143,-2.542857142857143,2.685714285714285,4.228571428571429,-6.5,-0.9714285714285714,65.55714285714285,0.0777142857142857,28.571428571428573,3.571428571428572,10.142857142857142,29.928571428571427,228.5142857142857,1013.3714285714286,58.07142857142857,15.171428571428573,1452
8.5,2.071428571428572,5.685714285714285,6.785714285714286,-0.942857142857143,3.457142857142857,75.72857142857143,0.9857142857142857,42.85714285714285,13.69,0.0,20.52857142857143,210.2,1021.0714285714286,70.25714285714285,15.44285714285714,1420
1.2571428571428571,-5.385714285714286,-2.128571428571429,-1.042857142857143,-8.471428571428572,-4.814285714285715,83.08571428571429,0.931,42.85714285714285,10.118571428571428,0.0999999999999999,17.257142857142856,247.17142857142852,1022.6285714285714,67.37142857142858,9.44285714285714,1561
24.542857142857144,15.257142857142856,19.942857142857143,24.857142857142858,15.257142857142856,19.985714285714288,80.89999999999999,5.348857142857143,57.142857142857146,11.31,0.0,16.114285714285714,166.78571428571428,1019.6571428571428,48.21428571428572,14.214285714285714,1429
7.728571428571429,-1.3142857142857145,2.8000000000000003,5.857142857142857,-4.857142857142857,-0.1428571428571429,68.88571428571429,0.039,28.571428571428573,1.7857142857142858,1.0,23.042857142857144,215.7,1021.4857142857144,58.01428571428572,18.15714285714285,1781
17.571428571428573,5.971428571428571,11.914285714285716,17.571428571428573,4.085714285714285,11.071428571428571,69.72857142857143,0.2977142857142857,42.85714285714285,5.952857142857143,0.0,24.97142857142857,224.0142857142857,1016.4,49.771428571428565,19.842857142857145,1495
29.842857142857145,19.057142857142857,24.514285714285712,30.642857142857142,19.057142857142857,24.757142857142856,69.18571428571428,1.6808571428571428,71.42857142857143,8.930000000000001,0.0,18.442857142857143,175.1,1009.9571428571428,46.7,15.185714285714283,1408
4.357142857142857,-3.142857142857143,0.2142857142857142,0.6571428571428573,-8.585714285714285,-4.471428571428571,68.81428571428572,0.9518571428571428,28.571428571428573,6.548571428571429,15.7,27.65714285714285,160.41428571428574,1008.5571428571428,74.5,15.742857142857144,1626
-0.3571428571428571,-6.3,-3.671428571428572,-4.314285714285715,-12.5,-9.128571428571428,76.24285714285715,0.7301428571428572,28.571428571428573,6.547142857142857,0.5714285714285714,25.6,221.87142857142857,1012.0142857142856,82.71428571428571,13.385714285714286,1674
-5.285714285714286,-12.657142857142857,-8.585714285714285,-10.085714285714284,-19.27142857142857,-14.242857142857144,75.37142857142858,0.3997142857142857,57.142857142857146,10.12,13.285714285714286,18.928571428571427,260.6428571428572,1020.0857142857144,73.7,15.542857142857144,2052
27.914285714285715,17.314285714285713,22.485714285714288,29.428571428571427,17.314285714285713,22.9,76.8,0.1332857142857142,28.571428571428573,2.975714285714285,0.0,16.02857142857143,190.0,1018.2285714285716,37.05714285714286,14.87142857142857,1321
30.1,19.9,25.571428571428573,33.6,19.9,26.971428571428568,69.38571428571429,2.418857142857143,28.571428571428573,7.737142857142857,0.0,27.97142857142857,240.3142857142857,1016.0428571428572,28.27142857142857,14.314285714285717,1451
5.728571428571428,0.5714285714285714,3.057142857142857,3.0,-3.9142857142857146,-0.6714285714285714,76.62857142857142,2.0695714285714284,42.85714285714285,16.667142857142856,3.0,23.714285714285715,200.64285714285717,1014.7714285714284,77.02857142857144,14.042857142857144,1464
16.3,8.671428571428573,12.0,16.3,7.571428571428571,11.514285714285714,78.25714285714285,3.1501428571428574,85.71428571428571,29.76142857142857,0.0,22.52857142857143,225.2428571428572,1008.2428571428572,76.2,13.571428571428571,1242
21.014285714285712,10.37142857142857,15.085714285714287,21.1,9.6,14.914285714285716,76.28571428571429,0.4684285714285714,71.42857142857143,9.524285714285714,0.0,20.185714285714287,250.8857142857143,1013.6,44.62857142857143,15.657142857142857,1447
23.514285714285712,14.242857142857144,18.714285714285715,23.514285714285712,14.242857142857144,18.714285714285715,67.9,3.332428571428572,71.42857142857143,7.738571428571428,0.0,22.5,259.15714285714284,1014.5714285714286,57.44285714285714,20.285714285714285,1390
15.685714285714289,2.628571428571429,9.085714285714284,15.685714285714289,0.1714285714285714,8.157142857142857,71.95714285714287,1.5075714285714288,28.571428571428573,7.737142857142857,0.0,21.014285714285712,195.95714285714288,1010.6857142857144,45.114285714285714,13.585714285714284,1645
15.357142857142858,4.328571428571428,9.4,14.37142857142857,1.9142857142857144,7.614285714285714,64.57142857142857,0.2271428571428571,42.85714285714285,3.5728571428571434,0.0,24.585714285714285,274.8857142857143,1023.842857142857,47.72857142857144,16.042857142857144,1498
16.628571428571426,5.071428571428571,11.442857142857145,16.628571428571426,3.542857142857143,10.55714285714286,60.371428571428574,0.2267142857142857,42.85714285714285,5.357142857142857,0.0,25.785714285714285,166.95714285714286,1018.0714285714286,51.614285714285714,25.057142857142857,1474
31.142857142857142,22.885714285714283,26.342857142857145,35.67142857142857,22.885714285714283,27.97142857142857,77.7,4.667428571428571,100.0,17.857142857142858,0.0,19.942857142857143,182.7142857142857,1013.1428571428572,65.98571428571428,12.728571428571428,1422
2.685714285714286,-3.5,-0.1000000000000001,-0.6285714285714283,-9.157142857142857,-4.985714285714286,74.02857142857144,1.3744285714285716,71.42857142857143,19.047142857142852,5.5200000000000005,31.642857142857142,162.70000000000002,1018.0285714285714,87.74285714285715,17.5,1684
23.47142857142857,11.142857142857142,17.142857142857142,23.485714285714288,11.142857142857142,17.142857142857142,68.15714285714286,1.2715714285714286,14.285714285714286,1.7857142857142858,0.0,20.285714285714285,171.74285714285716,1025.357142857143,40.9,17.82857142857143,1462
14.357142857142858,3.7714285714285714,8.671428571428573,13.37142857142857,0.2714285714285714,6.542857142857143,73.34285714285714,4.517571428571428,100.0,22.02285714285714,0.0,29.7,186.82857142857145,1012.657142857143,77.81428571428572,15.042857142857144,1578
3.271428571428572,-2.914285714285714,-0.057142857142857,0.0571428571428574,-8.742857142857144,-4.671428571428572,74.68571428571428,0.0698571428571428,42.85714285714285,4.167142857142857,0.0571428571428571,25.942857142857143,258.18571428571425,1012.3142857142856,67.75714285714285,13.94285714285714,1706
9.2,-1.5285714285714285,3.442857142857143,7.085714285714286,-4.685714285714285,0.9142857142857144,64.98571428571428,0.0,0.0,0.0,0.0,22.985714285714288,185.75714285714284,1024.1285714285714,26.085714285714285,21.414285714285715,1502
25.085714285714285,14.9,20.1,25.74285714285714,14.9,20.27142857142857,73.51428571428572,3.835,57.142857142857146,10.714285714285714,0.0,21.228571428571428,188.8857142857143,1018.2428571428572,63.7,11.957142857142856,1398
13.214285714285714,1.9714285714285715,7.285714285714286,12.4,-0.7999999999999999,5.114285714285714,65.68571428571428,3.4308571428571426,71.42857142857143,19.047142857142852,0.0,27.61428571428571,230.64285714285717,1020.3857142857142,60.44285714285714,17.2,1576
24.857142857142858,13.842857142857143,19.685714285714287,25.228571428571428,13.328571428571427,19.728571428571428,68.35714285714286,2.220428571428571,28.571428571428573,2.975714285714285,0.0,20.67142857142857,264.6428571428572,1015.7428571428572,49.54285714285714,19.17142857142857,1408
16.04285714285714,5.142857142857143,10.55714285714286,15.657142857142857,2.1,9.257142857142856,62.114285714285714,5.1331428571428575,85.71428571428571,23.214285714285715,0.0,25.77142857142857,205.2142857142857,1016.5,58.44285714285714,15.028571428571428,1456
12.77142857142857,2.0571428571428574,7.171428571428572,12.628571428571428,-0.5285714285714284,5.285714285714286,72.42857142857143,3.7211428571428575,42.85714285714285,19.642857142857142,0.0142857142857142,24.1,223.0285714285714,1013.0285714285714,55.1,14.657142857142857,1625
28.728571428571428,15.742857142857144,22.82857142857143,28.65714285714285,15.742857142857144,22.857142857142858,57.81428571428571,0.0,0.0,0.0,0.0,16.785714285714285,150.77142857142857,1019.5428571428572,32.114285714285714,19.428571428571427,1454
27.52857142857143,16.17142857142857,22.214285714285715,28.7,16.17142857142857,22.52857142857143,66.2,0.5672857142857143,42.85714285714285,7.142857142857143,0.0,21.11428571428572,128.42857142857142,1016.8857142857142,57.07142857142857,17.442857142857143,1424
13.485714285714284,3.0142857142857147,8.042857142857143,13.128571428571428,2.342857142857143,7.399999999999999,74.42857142857143,1.0225714285714285,57.142857142857146,11.905714285714286,0.0,20.3,244.2142857142857,1015.6428571428572,56.39999999999999,14.671428571428573,1386
-0.9571428571428572,-8.985714285714286,-4.7,-4.071428571428571,-13.828571428571427,-9.128571428571428,73.88571428571429,1.2822857142857145,71.42857142857143,13.691428571428572,3.2857142857142856,24.571428571428573,143.12857142857143,1019.4714285714286,76.84285714285714,11.55714285714286,1637
25.12857142857143,15.285714285714286,20.542857142857144,25.75714285714286,14.7,20.585714285714285,71.7,4.017,57.142857142857146,14.285714285714286,0.0,28.77142857142857,229.95714285714288,1008.2857142857144,71.95714285714286,14.5,1381
-1.4714285714285715,-9.142857142857142,-5.128571428571428,-5.842857142857143,-14.757142857142856,-10.142857142857142,79.91428571428571,0.6428571428571429,28.571428571428573,9.524285714285714,16.542857142857144,24.014285714285712,189.3571428571429,1021.7857142857144,58.41428571428571,13.314285714285717,1675
28.085714285714285,16.928571428571427,22.642857142857142,29.01428571428572,16.928571428571427,22.97142857142857,61.32857142857143,1.7304285714285714,57.142857142857146,5.952857142857143,0.0,26.428571428571427,206.02857142857144,1013.2142857142856,54.271428571428565,17.6,1531
28.928571428571427,17.142857142857142,23.357142857142858,28.77142857142857,17.142857142857142,23.357142857142858,59.114285714285714,0.1311428571428571,14.285714285714286,0.5957142857142858,0.0,17.52857142857143,216.72857142857143,1018.3714285714286,27.714285714285715,13.55714285714286,1285
1.0285714285714285,-3.942857142857143,-1.3,-2.257142857142857,-8.285714285714286,-5.2,73.32857142857142,1.639571428571429,42.85714285714285,19.64428571428571,1.35,19.77142857142857,240.78571428571428,1018.8714285714286,82.88571428571429,12.971428571428572,1808
26.728571428571428,16.114285714285714,21.342857142857145,27.67142857142857,16.114285714285714,21.542857142857144,75.17142857142858,7.435428571428572,57.142857142857146,17.85857142857143,0.0,19.542857142857144,136.54285714285714,1016.8285714285714,61.18571428571429,15.571428571428571,1431
20.81428571428572,11.37142857142857,16.45714285714286,20.81428571428572,11.37142857142857,16.442857142857143,80.17142857142856,9.57542857142857,57.142857142857146,8.928571428571429,0.0,24.057142857142857,250.3142857142857,1013.2,73.35714285714286,13.357142857142858,1478
28.0,17.457142857142856,22.62857142857143,27.87142857142857,17.457142857142856,22.642857142857142,66.57142857142857,0.3182857142857143,28.571428571428573,4.761428571428572,0.0,17.5,287.7857142857143,1011.9142857142856,33.9,15.400000000000002,1371
7.528571428571429,-0.7999999999999998,3.2142857142857144,5.1571428571428575,-3.8,1.0428571428571427,77.64285714285714,1.2385714285714289,28.571428571428573,9.524285714285714,0.0999999999999999,21.414285714285715,223.14285714285717,1022.1428571428572,49.22857142857142,14.214285714285714,1535
4.2,-2.742857142857143,1.0714285714285714,2.242857142857143,-7.828571428571428,-2.6,77.11428571428571,2.6797142857142857,42.85714285714285,17.857142857142858,0.3857142857142857,25.65714285714285,194.68571428571428,1014.1714285714286,93.71428571428572,13.742857142857144,1522
23.571428571428573,10.6,17.2,23.442857142857143,10.37142857142857,17.185714285714287,66.92857142857143,0.2521428571428571,14.285714285714286,3.571428571428572,0.0,17.599999999999998,152.62857142857143,1022.9,40.957142857142856,20.3,1348
9.314285714285717,1.8285714285714287,5.328571428571428,7.685714285714285,-3.257142857142857,1.8285714285714287,67.74285714285715,3.518857142857143,71.42857142857143,23.80857142857143,1.5,27.457142857142856,151.22857142857143,1015.1285714285714,84.37142857142858,16.47142857142857,1504
3.857142857142857,-7.399999999999999,-2.3714285714285714,1.4428571428571428,-12.228571428571428,-6.428571428571429,82.68571428571428,0.8002857142857144,57.142857142857146,14.284285714285714,6.985714285714286,22.485714285714288,234.3,1019.3,71.8,10.685714285714283,2184
2.728571428571428,-1.6142857142857143,0.6285714285714284,-0.6857142857142857,-7.528571428571429,-4.228571428571429,79.85714285714286,2.795428571428572,71.42857142857143,23.81,2.375,27.7,179.95714285714286,1021.842857142857,89.17142857142858,12.44285714285714,1512
29.11428571428572,19.057142857142857,23.928571428571427,29.928571428571427,19.057142857142857,24.2,69.75714285714285,1.7882857142857145,57.142857142857146,9.522857142857143,0.0,23.0,186.44285714285712,1011.5571428571428,68.18571428571428,17.885714285714286,1467
16.6,6.414285714285714,11.271428571428572,16.071428571428573,3.6571428571428575,9.771428571428572,71.01428571428572,4.191571428571429,71.42857142857143,20.23857142857143,0.0,27.11428571428572,105.74285714285716,1010.1714285714286,67.55714285714285,16.3,1651
18.77142857142857,10.085714285714284,14.12857142857143,18.77142857142857,9.471428571428572,13.857142857142858,77.44285714285715,1.0507142857142855,85.71428571428571,16.07,0.0,21.8,196.27142857142857,1012.3571428571428,65.88571428571429,12.385714285714286,1421
0.2428571428571428,-4.257142857142857,-1.5857142857142856,-1.7142857142857142,-7.385714285714286,-4.357142857142857,76.95714285714287,2.134571428571429,85.71428571428571,19.642857142857142,0.2571428571428572,17.62857142857143,256.04285714285714,1022.9285714285714,84.21428571428571,13.3,1560
2.271428571428572,-5.671428571428572,-1.6428571428571428,-2.7,-11.728571428571428,-7.257142857142858,75.05714285714285,0.8207142857142857,57.142857142857146,10.714285714285714,19.085714285714285,33.34285714285714,214.45714285714288,1020.1857142857144,67.64285714285714,15.657142857142857,1985
19.885714285714283,11.742857142857144,15.6,19.885714285714283,10.728571428571428,15.171428571428573,70.47142857142858,0.407,14.285714285714286,1.7857142857142858,0.0,22.728571428571428,76.0,1021.9714285714284,52.614285714285714,15.6,1482
23.957142857142856,13.742857142857144,18.957142857142856,23.814285714285717,13.742857142857144,18.928571428571427,62.51428571428572,1.39,57.142857142857146,17.855714285714285,0.0,17.7,251.07142857142856,1013.9142857142856,48.17142857142857,15.457142857142856,1394
21.885714285714283,9.128571428571428,15.842857142857143,21.87142857142857,8.985714285714286,15.757142857142856,72.75714285714285,1.6412857142857145,42.85714285714285,13.095714285714283,0.0,17.47142857142857,146.92857142857142,1024.3,41.614285714285714,14.44285714285714,1506
27.32857142857143,16.928571428571427,21.885714285714283,27.514285714285712,16.928571428571427,21.957142857142856,65.47142857142858,0.7098571428571429,42.85714285714285,7.142857142857143,0.0,15.94285714285714,161.41428571428574,1013.4571428571428,56.01428571428572,15.471428571428572,1333
2.1,-2.9571428571428577,-0.557142857142857,-0.1428571428571428,-7.685714285714285,-4.714285714285714,83.72857142857143,3.050142857142857,100.0,33.92857142857143,3.685714285714286,21.142857142857142,123.51428571428572,1022.7571428571428,86.7,11.6,1832
9.171428571428573,1.8,4.885714285714286,7.785714285714286,-1.8142857142857145,1.7857142857142858,80.32857142857142,7.754571428571429,57.142857142857146,21.428571428571427,0.0,23.1,193.7428571428572,1016.7428571428572,70.64285714285714,12.214285714285714,1671
29.47142857142857,18.8,23.928571428571427,29.914285714285715,18.8,24.11428571428572,70.32857142857144,2.302,57.142857142857146,10.12,0.0,15.914285714285716,236.15714285714287,1012.657142857143,46.92857142857143,14.685714285714283,1197
25.97142857142857,15.885714285714284,21.042857142857144,26.357142857142858,15.885714285714284,21.228571428571428,77.07142857142857,2.48,42.85714285714285,15.477142857142857,0.0,17.571428571428573,221.18571428571428,1013.1285714285714,54.71428571428572,13.928571428571429,1364
8.242857142857144,1.5857142857142856,4.728571428571429,6.5,-2.2,1.757142857142857,76.57142857142857,0.5742857142857142,28.571428571428573,6.547142857142857,8.35,22.414285714285715,226.7142857142857,1021.7285714285716,80.45714285714287,13.214285714285714,1543
-4.171428571428572,-9.757142857142856,-6.842857142857143,-9.714285714285714,-16.52857142857143,-12.985714285714286,72.17142857142856,0.3264285714285714,42.85714285714285,6.548571428571429,15.971428571428572,24.17142857142857,246.15714285714284,1018.0142857142856,93.15714285714286,13.7,1943
25.0,15.557142857142855,20.185714285714287,25.442857142857143,15.557142857142855,20.25714285714286,77.62857142857142,3.367714285714286,57.142857142857146,9.524285714285714,0.0,22.342857142857145,134.11428571428573,1015.7,54.457142857142856,15.657142857142857,1370
27.528571428571432,16.014285714285716,21.82857142857143,27.428571428571427,16.014285714285716,21.82857142857143,62.471428571428575,0.1694285714285714,14.285714285714286,0.5957142857142858,0.0,21.085714285714285,237.64285714285717,1013.8,40.3,18.2,1494
22.2,11.971428571428572,17.085714285714285,22.2,11.971428571428572,17.085714285714285,74.81428571428572,1.4778571428571428,42.85714285714285,17.857142857142858,0.0,18.4,136.0,1014.6,61.7,14.1,1468
17.757142857142856,6.642857142857143,11.857142857142858,17.757142857142856,5.200000000000001,11.242857142857144,66.67142857142858,3.711714285714286,57.142857142857146,17.26142857142857,0.0,20.714285714285715,171.92857142857142,1015.9428571428572,57.17142857142857,15.328571428571427,1458
27.585714285714285,17.900000000000002,22.585714285714285,28.27142857142857,17.900000000000002,22.728571428571428,66.94285714285715,3.1488571428571426,57.142857142857146,9.524285714285714,0.0,17.8,145.38571428571427,1017.7142857142856,39.871428571428574,15.12857142857143,1349
-5.628571428571428,-12.957142857142856,-9.228571428571428,-12.171428571428573,-20.457142857142856,-16.12857142857143,71.45714285714286,1.0294285714285716,85.71428571428571,11.308571428571428,3.942857142857143,26.67142857142857,222.18571428571428,1021.7571428571428,70.12857142857142,19.1,1737
0.3000000000000002,-6.671428571428572,-3.5285714285714285,-3.8857142857142857,-11.985714285714286,-8.37142857142857,74.5,1.408,28.571428571428573,7.737142857142857,2.557142857142857,27.085714285714285,236.7,1013.4857142857144,66.52857142857142,12.257142857142856,2005
29.74285714285714,18.014285714285712,24.042857142857144,29.87142857142857,18.014285714285712,24.228571428571428,54.457142857142856,0.237,28.571428571428573,1.7857142857142858,0.0,24.8,264.37142857142857,1011.3285714285714,35.542857142857144,15.857142857142858,1324
24.61428571428572,15.971428571428572,20.32857142857143,24.61428571428572,15.971428571428572,20.32857142857143,72.12857142857142,0.2248571428571428,28.571428571428573,5.357142857142857,0.0,16.485714285714284,202.75714285714284,1016.8571428571428,57.98571428571429,14.885714285714286,1269
-1.5142857142857142,-7.628571428571428,-4.457142857142857,-7.528571428571429,-14.9,-11.228571428571428,62.0,0.8581428571428571,28.571428571428573,13.094285714285714,19.16,32.67142857142857,236.8571428571429,1015.2571428571428,64.32857142857142,20.042857142857144,1776
25.942857142857143,16.67142857142857,21.057142857142857,26.342857142857145,16.67142857142857,21.085714285714285,76.75714285714285,1.5292857142857144,71.42857142857143,10.118571428571428,0.0,16.657142857142855,177.0142857142857,1012.7428571428572,71.07142857142857,14.614285714285714,1361
21.642857142857142,12.685714285714283,16.9,22.071428571428573,11.728571428571428,16.442857142857143,71.02857142857142,0.3602857142857143,71.42857142857143,13.691428571428572,0.0,20.414285714285715,278.7714285714286,1013.9714285714286,54.0,14.05714285714286,1411
-0.8857142857142858,-8.942857142857143,-4.371428571428571,-5.714285714285714,-13.514285714285714,-9.157142857142857,72.54285714285714,0.2014285714285714,28.571428571428573,2.975714285714285,0.0,23.9,206.1285714285714,1024.0571428571427,68.89999999999999,17.5,1837
18.1,8.1,13.171428571428573,18.1,7.314285714285715,12.885714285714286,74.42857142857143,1.7338571428571428,42.85714285714285,13.69,0.0,22.75714285714286,247.5142857142857,1009.7142857142856,59.04285714285714,14.785714285714286,1302
6.885714285714286,-2.4857142857142853,2.071428571428572,5.985714285714286,-3.742857142857143,0.7285714285714285,72.08571428571429,0.0035714285714285,14.285714285714286,0.5957142857142858,0.0,12.585714285714284,150.02857142857144,1020.7428571428572,53.81428571428571,14.414285714285716,1532
0.985714285714286,-4.685714285714285,-1.6285714285714286,-2.8428571428571425,-10.171428571428573,-6.5,80.54285714285713,2.0894285714285714,57.142857142857146,16.072857142857142,12.042857142857144,24.542857142857144,231.05714285714288,1013.1428571428572,87.44285714285715,12.142857142857142,1691
26.342857142857145,17.657142857142855,21.77142857142857,26.62857142857143,17.657142857142855,21.814285714285717,71.05714285714285,1.993285714285714,57.142857142857146,16.071428571428573,0.0,18.585714285714285,276.37142857142857,1014.7,52.21428571428572,13.485714285714286,1274
24.842857142857145,13.985714285714286,19.514285714285712,25.057142857142857,13.485714285714286,19.457142857142856,68.47142857142858,3.247,42.85714285714285,9.524285714285714,0.0,25.514285714285712,196.6,1015.1142857142858,43.98571428571428,13.7,1476
5.557142857142857,1.542857142857143,3.4428571428571426,4.0285714285714285,-1.542857142857143,0.8,90.07142857142857,0.4009999999999999,71.42857142857143,14.284285714285714,0.7285714285714285,19.342857142857145,171.21428571428572,1004.4428571428572,91.2,7.5857142857142845,1860
15.042857142857144,4.571428571428571,9.914285714285716,14.62857142857143,2.5,8.371428571428572,73.28571428571429,7.875714285714285,85.71428571428571,33.92714285714286,0.0,26.385714285714283,203.1,1021.3857142857142,71.21428571428571,16.014285714285712,1498
12.071428571428571,1.8142857142857145,6.614285714285714,11.44285714285714,0.2285714285714286,5.142857142857143,69.01428571428572,0.7241428571428571,28.571428571428573,10.714285714285714,0.0,18.557142857142857,160.3857142857143,1026.0285714285717,38.51428571428572,15.185714285714283,1402
21.228571428571428,10.05714285714286,15.814285714285717,21.142857142857142,9.514285714285714,15.614285714285714,58.614285714285714,0.7584285714285715,57.142857142857146,7.142857142857143,0.0,28.82857142857143,214.18571428571428,1013.1142857142858,63.5,19.97142857142857,1410
-6.828571428571429,-13.5,-9.87142857142857,-12.7,-21.042857142857144,-17.04285714285714,78.08571428571429,1.4072857142857145,71.42857142857143,16.071428571428573,4.6000000000000005,28.028571428571432,243.27142857142857,1020.8142857142856,81.35714285714286,10.37142857142857,2290
24.357142857142858,15.614285714285714,19.81428571428572,24.8,15.614285714285714,19.942857142857143,81.54285714285713,5.169857142857143,85.71428571428571,17.857142857142858,0.0,18.5,141.0,1017.4,80.35714285714286,9.8,1387
4.214285714285714,-4.0,-0.2857142857142857,0.6857142857142858,-9.642857142857142,-5.457142857142857,68.92857142857143,0.441,42.85714285714285,10.118571428571428,0.1999999999999999,28.214285714285715,247.78571428571428,1010.342857142857,58.08571428571429,14.05714285714286,1477
14.928571428571429,3.3714285714285714,9.328571428571427,14.928571428571429,1.3,8.285714285714286,59.81428571428571,0.4347142857142856,42.85714285714285,7.738571428571428,0.0571428571428571,18.15714285714285,259.6428571428572,1014.1857142857142,55.07142857142857,15.828571428571427,1501
4.242857142857143,-5.571428571428571,-0.6857142857142856,0.6857142857142853,-10.771428571428572,-4.728571428571429,78.64285714285714,4.015142857142857,71.42857142857143,26.785714285714285,2.0285714285714285,27.314285714285717,227.9,1012.8,88.65714285714286,10.12857142857143,1765
12.242857142857144,3.8285714285714287,7.985714285714286,11.814285714285717,0.7000000000000001,5.942857142857143,64.42857142857143,1.695857142857143,42.85714285714285,17.855714285714285,0.0,26.685714285714287,181.9142857142857,1014.3714285714286,77.71428571428571,21.52857142857143,1612
1.8142857142857145,-7.457142857142857,-2.3285714285714287,-1.1571428571428568,-12.9,-7.014285714285714,82.04285714285713,3.838142857142857,42.85714285714285,5.952857142857143,8.25,24.4,197.37142857142857,1018.7714285714284,92.95714285714288,10.357142857142858,1973
29.514285714285712,17.84285714285714,23.457142857142856,29.842857142857135,17.84285714285714,23.65714285714285,69.44285714285715,1.548,57.142857142857146,11.904285714285717,0.0,19.314285714285717,238.4142857142857,1018.0285714285714,47.67142857142857,15.014285714285716,1379
10.214285714285714,1.7571428571428571,6.128571428571428,9.2,-0.3571428571428571,4.1,75.24285714285715,1.2044285714285716,42.85714285714285,14.88,0.0,23.37142857142857,236.12857142857143,1016.7857142857144,54.57142857142857,13.857142857142858,1465
20.142857142857142,8.957142857142857,14.1,20.142857142857142,7.242857142857143,13.514285714285714,72.7,0.0491428571428571,42.85714285714285,2.381428571428572,0.0,25.857142857142858,253.6142857142857,1012.4857142857144,48.85714285714285,21.942857142857143,1450
-0.9285714285714286,-9.742857142857144,-5.328571428571428,-6.028571428571428,-16.9,-11.6,64.48571428571428,0.6371428571428571,57.142857142857146,13.094285714285714,3.771428571428572,29.77142857142857,187.14285714285717,1025.0571428571427,63.94285714285714,21.285714285714285,1779
21.5,9.042857142857144,14.771428571428572,21.385714285714283,8.857142857142858,14.55714285714286,68.22857142857143,2.8434285714285714,42.85714285714285,13.691428571428572,0.0,22.557142857142857,177.94285714285715,1018.4857142857144,58.41428571428571,21.071428571428573,1499
3.071428571428572,-4.1,-0.5999999999999998,-0.5714285714285713,-8.157142857142857,-4.6000000000000005,73.1,0.8792857142857143,14.285714285714286,6.547142857142857,0.1571428571428571,25.485714285714288,203.62857142857143,1019.1285714285716,64.37142857142858,14.714285714285714,1748
3.442857142857143,-2.857142857142857,0.3714285714285715,0.1285714285714286,-8.157142857142857,-4.185714285714286,71.15714285714286,0.2478571428571428,42.85714285714285,6.547142857142857,0.0,26.62857142857143,204.4,1021.7428571428572,68.34285714285714,14.285714285714286,1646
33.885714285714286,20.428571428571427,26.957142857142856,35.31428571428571,20.428571428571427,27.65714285714285,61.42857142857143,5.630428571428571,42.85714285714285,8.334285714285715,0.0,19.81428571428572,240.54285714285717,1012.0571428571428,30.1,14.9,1306
17.728571428571428,9.285714285714286,13.271428571428572,17.728571428571428,8.114285714285714,12.671428571428573,83.04285714285713,0.261,57.142857142857146,8.334285714285715,0.0,18.0,184.14285714285717,1020.2,77.38571428571429,12.271428571428572,1402
6.585714285714286,-3.6,1.4571428571428573,3.942857142857143,-9.271428571428572,-2.8428571428571425,71.2,3.503857142857143,42.85714285714285,12.5,0.3142857142857143,31.457142857142856,240.4,1014.6714285714286,66.68571428571428,13.642857142857142,1709
26.77142857142857,16.985714285714284,21.885714285714283,27.085714285714285,16.985714285714284,21.957142857142856,66.6,0.6771428571428572,57.142857142857146,10.12,0.0,18.642857142857142,288.74285714285713,1013.7,47.5,15.471428571428572,1265
29.442857142857143,17.771428571428572,23.585714285714285,30.057142857142857,17.771428571428572,23.842857142857145,66.74285714285715,0.5447142857142857,57.142857142857146,4.167142857142857,0.0,20.685714285714287,262.87142857142857,1018.842857142857,41.35714285714285,15.457142857142856,1545
-5.942857142857143,-13.2,-9.714285714285714,-12.085714285714287,-20.6,-16.54285714285714,69.08571428571427,0.145,42.85714285714285,9.524285714285714,4.857142857142857,26.15714285714285,260.31428571428575,1022.2428571428572,70.42857142857143,12.828571428571427,1551
26.65714285714285,16.7,21.442857142857143,28.17142857142857,16.62857142857143,21.842857142857145,77.72857142857143,0.4757142857142857,71.42857142857143,5.357142857142857,0.0,21.62857142857143,179.37142857142857,1016.0,43.21428571428572,14.885714285714286,1318
13.971428571428572,3.3285714285714287,8.871428571428572,13.971428571428572,0.2714285714285714,7.171428571428572,66.54285714285714,2.1155714285714287,85.71428571428571,18.452857142857145,0.0,27.185714285714287,269.1,1008.6857142857144,65.14285714285714,15.885714285714286,1399
6.214285714285714,-0.3999999999999999,2.757142857142857,4.4,-4.4,-0.5571428571428572,68.35714285714286,2.586142857142857,57.142857142857146,11.905714285714286,3.0,24.24285714285714,254.1142857142857,1018.342857142857,69.51428571428572,13.62857142857143,1527
2.157142857142857,-1.1285714285714286,0.6571428571428571,-0.2857142857142856,-5.942857142857143,-3.3285714285714287,80.37142857142858,0.953857142857143,28.571428571428573,7.737142857142857,0.6,24.785714285714285,228.47142857142856,1009.2857142857144,91.64285714285714,13.171428571428573,1627
24.285714285714285,11.357142857142858,18.385714285714283,24.228571428571428,10.657142857142857,18.3,63.75714285714286,0.257,28.571428571428573,2.975714285714285,0.0,23.1,205.4857142857143,1014.4142857142856,47.957142857142856,17.057142857142857,1413
-4.257142857142857,-13.44285714285714,-8.285714285714286,-7.557142857142857,-20.414285714285715,-13.871428571428572,75.08571428571429,0.5174285714285715,57.142857142857146,17.262857142857143,21.985714285714288,21.65714285714285,233.87142857142857,1020.2142857142856,69.42857142857143,11.8,1830
-2.6714285714285717,-10.042857142857144,-5.971428571428572,-6.128571428571428,-15.471428571428572,-10.87142857142857,83.84285714285714,2.6992857142857143,57.142857142857146,16.665714285714284,21.557142857142857,23.942857142857143,197.8571428571429,1023.2142857142856,73.18571428571428,10.285714285714286,1555
8.857142857142858,-1.8142857142857145,3.8,6.5,-7.185714285714285,0.3285714285714287,66.97142857142858,1.9675714285714283,42.85714285714285,6.547142857142857,3.5,33.22857142857143,206.67142857142855,1015.3285714285714,56.55714285714286,14.62857142857143,1598
-4.457142857142857,-13.971428571428572,-9.385714285714286,-8.957142857142857,-20.814285714285717,-15.94285714285714,73.87142857142858,0.2621428571428571,28.571428571428573,4.167142857142857,19.15714285714285,27.15714285714285,259.1428571428572,1015.157142857143,66.92857142857143,13.328571428571427,1660
5.428571428571429,-0.0285714285714285,2.557142857142857,2.957142857142857,-3.5285714285714285,-0.5857142857142856,82.68571428571428,0.487,85.71428571428571,11.311428571428571,0.0,19.12857142857143,191.64285714285717,1011.4714285714286,90.04285714285713,15.157142857142857,1766
27.5,16.185714285714287,22.24285714285714,27.514285714285712,16.185714285714287,22.32857142857143,63.72857142857142,0.4107142857142857,14.285714285714286,2.381428571428572,0.0,19.15714285714285,211.62857142857143,1018.2571428571428,43.74285714285714,17.928571428571427,1529
25.24285714285714,12.571428571428571,19.25714285714286,24.87142857142857,11.742857142857144,19.11428571428572,59.81428571428571,1.1842857142857142,14.285714285714286,5.357142857142857,0.0,28.185714285714287,216.15714285714284,1013.3,58.371428571428574,16.214285714285715,1621
-1.5714285714285714,-9.3,-5.271428571428571,-6.085714285714286,-14.585714285714287,-10.671428571428573,60.91428571428571,0.3695714285714285,28.571428571428573,6.548571428571429,2.7,25.357142857142858,255.6142857142857,1024.8714285714286,47.94285714285714,13.885714285714286,1513
24.585714285714285,15.428571428571429,19.97142857142857,24.785714285714285,15.428571428571429,20.0,72.17142857142856,0.5905714285714286,42.85714285714285,7.142857142857143,0.0,16.214285714285715,218.25714285714284,1015.3857142857142,56.0,15.071428571428571,1254
26.77142857142857,17.271428571428572,22.185714285714287,27.6,17.271428571428572,22.428571428571427,74.37142857142858,8.009714285714285,57.142857142857146,13.69,0.0,22.65714285714285,189.17142857142855,1011.1,52.41428571428571,13.157142857142857,1387
20.74285714285714,9.357142857142858,14.8,20.74285714285714,9.128571428571428,14.771428571428572,73.14285714285714,0.1051428571428571,28.571428571428573,4.762857142857143,0.0,18.457142857142856,116.92857142857144,1019.5285714285714,35.01428571428571,15.8,1397
19.12857142857143,10.728571428571428,14.971428571428572,19.12857142857143,9.914285714285716,14.757142857142856,83.97142857142856,4.107,42.85714285714285,8.928571428571429,0.0,17.271428571428572,168.07142857142858,1025.0857142857144,61.2,10.028571428571428,1461
12.471428571428572,3.985714285714285,8.3,11.385714285714286,1.5142857142857145,6.728571428571429,72.62857142857142,1.264857142857143,57.142857142857146,12.5,0.0,23.65714285714285,199.1142857142857,1017.5571428571428,70.02857142857142,14.514285714285714,1392
33.05714285714286,21.74285714285714,27.214285714285715,35.2,21.74285714285714,28.314285714285717,65.8,0.7812857142857144,42.85714285714285,4.167142857142857,0.0,18.785714285714285,208.67142857142855,1013.1714285714286,39.371428571428574,14.728571428571428,1297
14.742857142857144,2.7,8.385714285714286,14.742857142857144,1.6428571428571426,7.671428571428572,70.95714285714286,0.0829999999999999,42.85714285714285,7.141428571428571,0.0,17.314285714285713,131.52857142857144,1022.6142857142856,26.88571428571429,14.014285714285714,1396
27.65714285714285,18.285714285714285,22.82857142857143,28.74285714285714,18.285714285714285,23.1,71.62857142857142,3.476142857142857,57.142857142857146,12.5,0.0,19.32857142857143,255.68571428571428,1012.8142857142856,50.34285714285714,13.642857142857142,1385
-1.2285714285714284,-9.385714285714286,-4.942857142857143,-4.185714285714286,-13.3,-8.72857142857143,72.77142857142857,0.6925714285714285,57.142857142857146,21.427142857142854,5.014285714285713,19.62857142857143,219.6142857142857,1014.6,61.957142857142856,11.44285714285714,1543
3.157142857142857,-4.214285714285714,-0.4142857142857142,-0.6857142857142858,-8.942857142857143,-4.671428571428572,60.81428571428571,0.0617142857142857,14.285714285714286,1.7857142857142858,0.0,22.7,182.9857142857143,1021.0714285714286,55.62857142857143,15.642857142857142,1776
25.071428571428573,15.0,20.02857142857143,26.057142857142857,14.657142857142857,20.314285714285717,74.48571428571428,0.3847142857142857,42.85714285714285,2.9771428571428573,0.0,20.15714285714285,178.20000000000002,1020.6714285714286,57.94285714285714,13.114285714285714,1502
25.571428571428573,16.814285714285713,21.24285714285714,25.985714285714288,16.814285714285713,21.37142857142857,71.7,3.839428571428572,85.71428571428571,16.072857142857142,0.0,21.02857142857143,209.08571428571423,1018.6,53.55714285714286,14.814285714285717,1481
-0.1571428571428572,-10.171428571428573,-5.2,-5.614285714285714,-16.6,-10.857142857142858,68.12857142857142,0.6488571428571428,28.571428571428573,8.332857142857142,0.0,26.857142857142858,180.77142857142857,1028.1285714285714,47.68571428571429,13.814285714285717,1676
17.04285714285714,8.885714285714286,13.0,17.04285714285714,8.5,12.814285714285717,75.87142857142858,4.857571428571428,71.42857142857143,31.548571428571428,0.0,21.8,229.52857142857144,1011.9142857142856,68.11428571428571,14.457142857142856,1419
27.557142857142857,18.61428571428572,22.97142857142857,28.585714285714285,18.61428571428572,23.32857142857143,77.77142857142857,2.105714285714285,28.571428571428573,2.975714285714285,0.0,15.085714285714287,132.14285714285714,1021.4142857142856,51.88571428571429,13.9,1648
12.842857142857143,2.771428571428572,7.542857142857143,12.085714285714284,0.3714285714285714,5.985714285714286,72.01428571428572,0.0451428571428571,14.285714285714286,1.7857142857142858,0.0,22.571428571428573,288.0142857142857,1018.6857142857144,47.32857142857143,22.02857142857143,1485
3.2857142857142856,-5.885714285714285,-1.414285714285714,-0.7285714285714285,-12.142857142857142,-6.528571428571429,69.82857142857144,0.147,42.85714285714285,4.761428571428572,1.5,28.4,228.65714285714284,1016.6428571428572,63.68571428571429,17.52857142857143,1668
1.942857142857143,-4.3,-1.0000000000000002,-1.0714285714285714,-8.014285714285714,-5.0,73.94285714285715,1.894,42.85714285714285,13.095714285714283,0.5571428571428572,24.285714285714285,251.95714285714283,1021.5,56.771428571428565,14.171428571428573,1551
19.3,10.114285714285714,14.714285714285714,19.3,9.728571428571428,14.528571428571428,74.82857142857142,4.469857142857143,71.42857142857143,16.667142857142856,0.0,17.285714285714285,188.2,1015.2857142857144,62.614285714285714,12.428571428571429,1449
4.2,-3.257142857142857,0.5857142857142856,0.2571428571428571,-8.22857142857143,-3.857142857142857,72.11428571428571,3.7447142857142857,71.42857142857143,14.284285714285714,0.0,28.871428571428574,205.14285714285717,1020.1857142857144,66.65714285714286,18.74285714285714,1590
2.9857142857142853,-2.242857142857143,0.3857142857142857,-0.6571428571428574,-8.114285714285714,-4.3,78.11428571428571,1.9242857142857144,57.142857142857146,19.048571428571428,1.4333333333333331,25.1,197.55714285714288,1010.3,91.51428571428572,10.87142857142857,1791
13.914285714285716,3.971428571428572,9.214285714285714,13.585714285714287,0.9142857142857144,7.6,64.22857142857143,3.200142857142857,71.42857142857143,17.26142857142857,0.0,28.414285714285715,252.94285714285712,1012.8857142857142,57.22857142857144,15.357142857142858,1491
28.1,15.885714285714284,22.557142857142857,28.442857142857143,15.885714285714284,22.728571428571428,64.91428571428571,1.8388571428571427,28.571428571428573,7.142857142857143,0.0,17.257142857142856,159.29999999999998,1021.1285714285714,50.25714285714286,16.014285714285716,1381
10.542857142857144,1.5571428571428572,5.871428571428572,8.757142857142856,-2.042857142857143,2.9285714285714284,67.3,5.2504285714285714,57.142857142857146,25.594285714285714,0.0,29.485714285714288,249.2142857142857,1022.1428571428572,65.38571428571429,13.4,1470
30.4,17.742857142857144,24.17142857142857,30.77142857142857,17.742857142857144,24.342857142857145,65.01428571428572,1.8587142857142855,42.85714285714285,2.9771428571428573,0.0,19.357142857142858,183.7428571428572,1014.1285714285714,26.557142857142857,15.242857142857144,1259
-7.585714285714286,-16.52857142857143,-11.728571428571428,-13.599999999999998,-23.228571428571428,-18.242857142857144,71.7,0.6881428571428572,57.142857142857146,17.857142857142858,16.342857142857145,20.957142857142856,232.54285714285717,1025.3,56.457142857142856,13.314285714285717,1797
18.185714285714287,6.442857142857143,12.085714285714284,17.62857142857143,4.242857142857143,10.985714285714286,66.58571428571429,3.439714285714285,71.42857142857143,22.02428571428572,0.0,28.285714285714285,212.58571428571423,1009.0857142857144,70.94285714285715,13.9,1397
20.442857142857143,11.328571428571427,16.014285714285712,20.25714285714286,10.971428571428572,15.9,62.68571428571429,0.1317142857142857,28.571428571428573,4.1657142857142855,0.0,27.11428571428572,228.8857142857143,1014.6142857142858,59.07142857142857,15.842857142857143,1321
0.0142857142857142,-4.285714285714286,-2.2285714285714286,-3.642857142857143,-9.271428571428572,-6.628571428571428,86.21428571428571,3.884,85.71428571428571,26.19142857142857,15.414285714285716,21.814285714285717,115.01428571428572,1012.342857142857,94.4,7.085714285714286,2150
9.385714285714286,1.2857142857142858,5.028571428571429,8.242857142857144,-1.6428571428571428,2.5,74.91428571428571,1.843,42.85714285714285,8.930000000000001,0.0,22.857142857142858,194.68571428571428,1019.4,57.9,13.728571428571428,1404
16.928571428571427,6.014285714285714,11.428571428571429,16.928571428571427,5.714285714285714,11.271428571428572,75.7,1.11,28.571428571428573,6.547142857142857,0.0,15.685714285714283,220.07142857142856,1021.2428571428572,47.32857142857143,14.714285714285714,1381
25.428571428571427,14.528571428571428,19.842857142857145,25.428571428571427,14.528571428571428,19.842857142857145,66.37142857142858,1.357,57.142857142857146,10.715714285714286,0.0,17.1,174.4,1017.2428571428572,43.771428571428565,14.171428571428573,1325
11.0,1.9428571428571428,6.671428571428571,8.842857142857143,-1.6857142857142855,3.928571428571429,62.21428571428572,0.0235714285714285,14.285714285714286,1.19,0.0,28.085714285714285,224.3,1015.5571428571428,60.957142857142856,19.27142857142857,1618
21.61428571428572,12.714285714285714,16.857142857142858,21.61428571428572,12.44285714285714,16.8,72.01428571428572,1.6151428571428572,85.71428571428571,12.501428571428573,0.0,20.185714285714287,168.94285714285712,1015.8714285714286,56.285714285714285,15.014285714285714,1307
4.128571428571428,-3.7142857142857135,0.3428571428571428,-0.3571428571428572,-9.242857142857144,-4.742857142857142,72.38571428571429,3.692142857142857,57.142857142857146,17.857142857142858,4.2,30.6,196.44285714285712,1021.5714285714286,68.82857142857144,16.357142857142858,2043
5.957142857142857,-2.814285714285714,1.6428571428571428,3.328571428571429,-7.1,-1.957142857142857,72.71428571428571,0.167,28.571428571428573,2.381428571428572,5.08,22.81428571428572,85.85714285714286,1021.7285714285716,55.72857142857144,14.214285714285714,1632
24.928571428571427,14.528571428571428,19.857142857142858,25.32857142857143,14.528571428571428,20.071428571428573,67.65714285714286,0.9297142857142856,57.142857142857146,10.12,0.0,22.057142857142857,224.68571428571428,1017.7428571428572,43.55714285714286,13.6,1350
16.45714285714286,6.3,10.428571428571429,16.04285714285714,4.685714285714285,9.485714285714286,77.64285714285714,0.6798571428571429,28.571428571428573,5.357142857142857,0.0,17.17142857142857,156.15714285714284,1021.2142857142856,62.271428571428565,10.94285714285714,1511
4.928571428571429,0.7857142857142857,2.4857142857142853,2.271428571428572,-3.1142857142857143,-0.7571428571428571,86.38571428571429,1.1065714285714283,42.85714285714285,12.5,1.75,16.714285714285715,112.67142857142858,1025.1285714285714,95.71428571428572,5.5,1714
1.4428571428571426,-6.857142857142857,-3.4,-1.9285714285714288,-12.428571428571429,-8.114285714285714,77.51428571428572,1.5165714285714285,85.71428571428571,26.785714285714285,5.2,26.314285714285717,175.42857142857142,1012.8714285714284,85.15714285714286,10.3,1505
17.5,5.442857142857143,11.042857142857144,17.5,2.414285714285714,9.342857142857142,68.7,4.774571428571428,71.42857142857143,22.62,0.0,31.4,167.22857142857143,1014.1428571428572,62.02857142857143,12.957142857142856,1463
19.74285714285714,9.471428571428572,15.028571428571428,19.74285714285714,8.385714285714286,14.771428571428572,67.89999999999999,0.3642857142857143,42.85714285714285,5.951428571428571,0.0,17.17142857142857,136.3,1017.1285714285714,72.58571428571429,11.357142857142858,1525
13.457142857142856,4.871428571428572,8.714285714285714,12.542857142857144,1.9857142857142855,6.885714285714286,70.5,0.1182857142857143,42.85714285714285,2.381428571428572,0.0,25.428571428571427,225.52857142857144,1016.3857142857142,57.92857142857143,22.17142857142857,1560
30.51428571428572,19.942857142857143,25.085714285714285,33.31428571428571,19.942857142857143,26.25714285714286,73.94285714285715,0.7142857142857143,28.571428571428573,1.1914285714285715,0.0,21.928571428571427,213.82857142857145,1018.9857142857144,39.58571428571429,10.9,1345
20.714285714285715,9.5,15.228571428571428,20.714285714285715,8.6,15.171428571428573,63.81428571428571,3.478142857142857,42.85714285714285,17.26142857142857,0.0,25.185714285714287,144.9142857142857,1017.4428571428572,60.27142857142858,21.12857142857143,1532
7.242857142857143,1.9428571428571428,4.871428571428572,4.857142857142857,-1.5857142857142856,1.8428571428571432,78.84285714285714,3.7565714285714287,71.42857142857143,21.428571428571427,1.0,26.357142857142858,185.0142857142857,1019.7428571428572,90.44285714285716,14.928571428571429,1585
9.4,0.4714285714285714,5.128571428571428,7.542857142857143,-4.414285714285714,1.7,76.71428571428571,4.683999999999999,71.42857142857143,31.548571428571428,8.15,31.67142857142857,246.5,1008.7285714285716,74.61428571428571,15.7,1591
23.642857142857142,14.828571428571433,19.071428571428573,23.9,14.62857142857143,19.042857142857144,75.51428571428572,0.2194285714285714,42.85714285714285,4.167142857142857,0.0,21.071428571428573,129.14285714285714,1020.6857142857144,49.31428571428571,13.785714285714286,1347
4.571428571428571,-2.3,0.6428571428571429,2.042857142857143,-7.214285714285714,-3.2,68.97142857142858,0.7325714285714285,57.142857142857146,10.714285714285714,0.2571428571428571,25.928571428571427,271.74285714285713,1011.2,57.31428571428571,14.014285714285714,1877
8.457142857142857,-0.5428571428571428,3.7,6.6571428571428575,-5.014285714285714,0.557142857142857,72.75714285714285,1.052857142857143,28.571428571428573,10.118571428571428,0.0,22.057142857142857,135.12857142857143,1019.342857142857,57.04285714285714,14.071428571428571,1595
6.285714285714286,-0.6571428571428573,2.6,2.957142857142857,-5.214285714285714,-1.3571428571428572,81.17142857142858,1.7345714285714284,28.571428571428573,10.118571428571428,3.0,25.32857142857143,188.9142857142857,1018.6142857142858,61.57142857142857,12.842857142857142,1472
-0.6857142857142856,-7.542857142857143,-3.914285714285714,-5.528571428571429,-14.314285714285717,-9.7,63.24285714285715,0.0182857142857142,14.285714285714286,0.5957142857142858,3.0,29.67142857142857,261.5571428571429,1023.2857142857144,55.971428571428575,14.585714285714284,1570
22.75714285714286,12.785714285714286,17.685714285714287,22.814285714285717,12.785714285714286,17.7,78.04285714285713,2.412714285714286,85.71428571428571,17.26142857142857,0.0,19.17142857142857,267.12857142857143,1010.6142857142858,56.642857142857146,13.571428571428571,1445
-2.057142857142857,-11.242857142857144,-6.571428571428571,-5.528571428571429,-16.728571428571428,-11.414285714285716,77.25714285714285,0.0641428571428571,14.285714285714286,2.381428571428572,16.842857142857145,21.6,152.91428571428568,1017.3142857142856,70.85714285714286,12.214285714285714,1845
16.914285714285715,5.928571428571429,11.37142857142857,16.914285714285715,3.2857142857142856,10.028571428571428,65.0,0.633,42.85714285714285,3.571428571428572,0.0,26.47142857142857,261.24285714285713,1022.2142857142856,47.65714285714286,19.571428571428573,1551
3.557142857142857,-5.571428571428571,-0.2999999999999999,0.0999999999999999,-11.685714285714283,-5.028571428571428,73.51428571428572,2.5852857142857144,71.42857142857143,30.952857142857145,7.44,31.82857142857143,225.95714285714288,1021.5571428571428,74.5,15.442857142857145,1736
2.5285714285714285,-6.799999999999999,-2.0142857142857142,-2.2285714285714286,-12.328571428571427,-7.114285714285714,61.6,0.1847142857142857,42.85714285714285,4.761428571428572,5.557142857142857,27.6,213.02857142857144,1017.0285714285714,48.57142857142857,23.82857142857143,1521
13.828571428571433,1.8714285714285717,7.757142857142858,13.828571428571433,0.2,6.814285714285715,68.08571428571429,0.8842857142857142,42.85714285714285,11.905714285714286,0.0,23.62857142857143,244.55714285714288,1023.9285714285714,30.442857142857143,14.828571428571427,1450
10.142857142857142,2.3714285714285714,6.142857142857143,8.5,-1.9285714285714288,3.314285714285714,76.08571428571429,4.102428571428572,71.42857142857143,25.594285714285714,0.0,28.61428571428572,228.15714285714284,1017.0571428571428,84.95714285714287,16.428571428571427,1479
-4.542857142857143,-10.228571428571428,-7.328571428571428,-10.342857142857143,-16.928571428571427,-13.428571428571429,78.38571428571429,1.223857142857143,57.142857142857146,14.88,14.757142857142856,25.75714285714286,228.32857142857145,1020.7571428571428,78.38571428571429,11.242857142857144,1752
17.014285714285712,7.3428571428571425,12.685714285714289,17.014285714285712,6.542857142857143,12.428571428571429,64.31428571428572,3.087428571428571,71.42857142857143,15.474285714285712,0.0,25.185714285714287,223.8142857142857,1016.7714285714284,56.75714285714286,15.1,1304
6.842857142857143,-1.7285714285714284,2.157142857142857,3.3285714285714287,-5.9,-1.7142857142857142,59.0,0.028,14.285714285714286,1.19,3.0,26.15714285714285,102.7285714285714,1011.6285714285714,62.41428571428572,20.457142857142856,1719
22.014285714285712,12.44285714285714,16.842857142857145,22.014285714285712,12.44285714285714,16.842857142857145,83.8,1.2717142857142856,71.42857142857143,9.524285714285714,0.0,16.742857142857144,187.8,1018.7,55.285714285714285,11.842857142857143,1493
25.042857142857144,11.885714285714286,18.17142857142857,24.842857142857145,11.885714285714286,18.15714285714285,71.8,0.2818571428571428,57.142857142857146,8.332857142857142,0.0,16.771428571428572,132.3857142857143,1018.9714285714286,36.6,12.857142857142858,1579
25.5,17.585714285714285,21.571428571428573,25.914285714285715,17.585714285714285,21.714285714285715,74.72857142857143,1.9174285714285717,57.142857142857146,14.881428571428572,0.0,20.285714285714285,203.37142857142857,1016.5571428571428,52.05714285714286,13.44285714285714,1306
18.6,8.085714285714285,13.328571428571427,18.6,6.4,12.842857142857143,58.51428571428572,2.571428571428572,42.85714285714285,17.262857142857143,0.0,20.942857142857143,176.81428571428572,1016.2714285714284,45.71428571428572,14.728571428571428,1390
26.3,17.7,21.728571428571428,26.885714285714283,17.7,21.814285714285717,73.68571428571428,1.938428571428572,57.142857142857146,12.5,0.0,17.842857142857145,212.3571428571429,1008.7714285714284,54.15714285714285,13.87142857142857,1241
11.2,0.2714285714285715,5.700000000000001,10.171428571428573,-3.3428571428571425,3.314285714285714,58.22857142857142,0.3278571428571428,42.85714285714285,4.1657142857142855,0.0,24.87142857142857,230.7428571428572,1012.3,44.771428571428565,14.842857142857143,1514
17.7,2.8000000000000003,10.728571428571428,17.7,0.3428571428571428,9.7,47.3,0.0,0.0,0.0,0.0,24.342857142857145,121.95714285714288,1023.4571428571428,13.757142857142856,16.9,1427
14.071428571428571,5.585714285714286,9.571428571428571,14.071428571428571,3.0285714285714285,8.542857142857143,73.41428571428571,0.6268571428571429,14.285714285714286,4.761428571428572,0.0,23.24285714285714,247.9142857142857,1016.4,66.54285714285714,19.885714285714283,1446
13.428571428571429,7.028571428571429,10.0,13.05714285714286,5.842857142857143,9.314285714285717,73.64285714285714,2.1708571428571437,57.142857142857146,18.452857142857145,0.0,25.714285714285715,183.45714285714288,1015.6,68.75714285714285,15.757142857142856,1476
7.342857142857143,-2.757142857142857,2.385714285714286,5.714285714285714,-5.9,2.5376526277146434e-16,69.84285714285714,3.370428571428572,57.142857142857146,17.857142857142858,0.0428571428571428,19.4,198.97142857142856,1015.6428571428572,58.35714285714285,14.0,1635
-9.585714285714284,-20.17142857142857,-14.528571428571428,-14.214285714285714,-26.6,-21.17142857142857,68.62857142857143,0.1109999999999999,42.85714285714285,6.548571428571429,9.285714285714286,25.32857142857143,214.58571428571423,1017.4714285714286,55.285714285714285,12.5,1730
11.914285714285716,3.185714285714286,7.514285714285714,11.428571428571429,1.7285714285714284,6.242857142857142,75.82857142857142,0.3777142857142857,28.571428571428573,8.928571428571429,2.8,19.24285714285714,181.1,1018.4285714285714,77.35714285714286,12.657142857142857,1717
2.4,-5.142857142857143,-1.4,-1.5714285714285714,-9.757142857142856,-5.728571428571429,73.07142857142857,0.5167142857142857,57.142857142857146,7.737142857142857,0.7142857142857143,26.7,223.9857142857143,1014.1714285714286,74.7,14.285714285714286,1700
6.814285714285715,-1.8,1.9,3.842857142857143,-6.342857142857143,-2.057142857142857,68.42857142857143,1.1768571428571428,85.71428571428571,16.667142857142856,3.0,27.87142857142857,153.34285714285716,1020.5857142857144,74.05714285714285,13.785714285714286,1515
30.442857142857143,18.65714285714285,24.75714285714286,31.228571428571428,18.65714285714285,25.285714285714285,64.47142857142856,1.6321428571428571,14.285714285714286,1.7857142857142858,0.0,17.342857142857145,231.67142857142855,1015.2857142857144,37.614285714285714,15.685714285714283,1363
13.242857142857144,1.8142857142857145,7.442857142857143,12.328571428571427,-1.4,5.1000000000000005,55.471428571428575,0.1801428571428571,28.571428571428573,2.38,0.0,23.642857142857142,113.22857142857144,1018.4,46.94285714285714,15.657142857142857,1375
7.1571428571428575,-0.557142857142857,3.371428571428571,4.714285714285714,-3.371428571428571,0.4285714285714287,76.81428571428572,3.083285714285714,71.42857142857143,19.642857142857142,5.75,23.485714285714288,199.6285714285714,1018.0714285714286,57.471428571428575,13.414285714285716,1784
21.11428571428572,9.957142857142856,15.928571428571429,21.11428571428572,9.257142857142856,15.514285714285714,72.31428571428572,5.749714285714285,42.85714285714285,17.857142857142858,0.0,18.985714285714288,151.4857142857143,1019.0714285714286,61.55714285714286,14.9,1461
26.014285714285712,15.928571428571429,20.9,25.914285714285715,15.928571428571429,20.842857142857145,70.67142857142856,2.4822857142857147,57.142857142857146,10.715714285714286,0.0,15.828571428571427,213.87142857142857,1010.5857142857144,49.71428571428572,12.971428571428572,1354
6.042857142857144,-3.2,0.2571428571428571,2.8714285714285714,-9.014285714285714,-4.457142857142857,80.11428571428571,2.263571428571429,71.42857142857143,16.667142857142856,3.375,30.057142857142853,184.8571428571429,1012.0142857142856,79.39999999999999,11.87142857142857,1865
15.171428571428573,7.014285714285714,10.757142857142856,15.171428571428573,4.985714285714286,9.657142857142857,72.37142857142857,2.1975714285714285,42.85714285714285,10.714285714285714,0.0,25.414285714285715,287.8,1022.0,60.82857142857142,21.314285714285717,1565
-5.242857142857143,-13.171428571428573,-9.614285714285714,-11.814285714285717,-21.514285714285712,-17.17142857142857,64.71428571428571,0.0821428571428571,14.285714285714286,1.7857142857142858,2.0,32.785714285714285,250.4,1019.7714285714284,57.971428571428575,19.071428571428573,1880
25.342857142857145,14.914285714285716,20.02857142857143,25.9,14.6,20.142857142857142,68.0,3.137,57.142857142857146,9.524285714285714,0.0,29.4,237.7,1009.7142857142856,64.21428571428571,16.485714285714288,1549
-9.328571428571427,-14.642857142857142,-11.7,-15.585714285714284,-23.857142857142858,-19.65714285714285,74.64285714285714,0.9298571428571428,100.0,22.62,5.614285714285714,27.8,229.38571428571427,1012.4571428571428,87.22857142857143,10.071428571428571,2059
14.085714285714284,1.5571428571428572,7.571428571428571,13.185714285714289,-1.0571428571428572,5.871428571428572,65.34285714285714,1.1911428571428573,42.85714285714285,13.69,0.0,22.17142857142857,269.5857142857143,1017.8,53.6,18.285714285714285,1510
23.5,13.742857142857144,18.6,23.842857142857145,13.742857142857144,18.62857142857143,70.01428571428572,8.018714285714285,57.142857142857146,21.428571428571427,0.0,25.32857142857143,226.52857142857144,1017.8571428571428,69.58571428571427,19.0,1431
20.142857142857142,13.428571428571429,16.357142857142858,20.142857142857142,13.4,16.357142857142858,81.04285714285713,2.9992857142857146,71.42857142857143,21.427142857142854,0.0,17.385714285714283,152.28571428571428,1013.2714285714284,84.07142857142857,12.228571428571428,1558
11.514285714285714,2.2,6.585714285714286,10.671428571428573,-0.8857142857142856,4.5285714285714285,73.08571428571429,0.4702857142857142,14.285714285714286,4.167142857142857,0.0,21.014285714285712,215.94285714285712,1017.9142857142856,38.1,12.957142857142856,1580
15.071428571428571,5.1571428571428575,9.585714285714284,14.6,2.071428571428572,7.842857142857143,68.5,1.6565714285714286,57.142857142857146,12.5,0.0,26.67142857142857,211.4857142857143,1009.8571428571428,64.87142857142858,17.757142857142856,1638
8.757142857142856,0.5999999999999999,4.514285714285714,7.414285714285714,-3.3428571428571425,1.4857142857142855,67.27142857142857,0.5668571428571428,57.142857142857146,9.522857142857143,0.0,23.67142857142857,227.95714285714288,1020.2142857142856,66.91428571428571,17.6,1535
28.057142857142857,19.74285714285714,23.585714285714285,28.842857142857145,19.74285714285714,23.914285714285715,69.3,3.503571428571429,57.142857142857146,11.308571428571428,0.0,26.25714285714286,221.82857142857145,1013.2428571428572,65.91428571428571,21.957142857142856,1351
-4.771428571428571,-12.9,-9.185714285714283,-10.442857142857145,-20.62857142857143,-15.985714285714286,76.14285714285714,0.6621428571428571,57.142857142857146,16.071428571428573,8.814285714285715,24.3,210.8,1020.4142857142856,72.02857142857144,14.37142857142857,2267
20.12857142857143,6.742857142857143,13.642857142857142,20.12857142857143,5.371428571428572,13.242857142857144,59.642857142857146,0.8724285714285714,28.571428571428573,3.571428571428572,0.0,22.81428571428572,151.6,1011.657142857143,39.271428571428565,15.728571428571428,1437
8.914285714285715,-1.2285714285714284,3.414285714285714,7.542857142857143,-4.842857142857143,0.8428571428571426,65.85714285714286,0.6632857142857144,42.85714285714285,4.761428571428572,0.3999999999999999,22.4,209.8571428571429,1015.9142857142856,72.12857142857142,14.55714285714286,1589
0.7142857142857143,-2.242857142857143,-0.5,-2.2142857142857144,-7.457142857142857,-4.714285714285714,88.39999999999999,0.2451428571428571,42.85714285714285,7.738571428571428,13.62857142857143,20.357142857142858,185.08571428571423,1018.4714285714286,94.45714285714288,9.314285714285717,1663
6.257142857142858,-2.1714285714285717,1.8,4.057142857142858,-5.128571428571428,-0.9142857142857144,75.15714285714286,0.055,28.571428571428573,2.9771428571428578,0.0,19.37142857142857,188.15714285714284,1015.9142857142856,77.98571428571428,13.242857142857144,1496
20.457142857142856,5.671428571428572,13.685714285714283,20.457142857142856,4.1571428571428575,13.071428571428571,46.02857142857143,0.0,0.0,0.0,0.0,21.057142857142857,176.12857142857143,1019.1285714285714,47.65714285714286,22.2,1509
16.52857142857143,6.7,11.55714285714286,16.2,4.371428571428572,10.5,56.31428571428571,0.8914285714285715,28.571428571428573,3.571428571428572,0.0285714285714285,24.285714285714285,198.27142857142852,1020.1,53.34285714285714,15.55714285714286,1419
-5.1000000000000005,-14.214285714285714,-9.314285714285717,-8.771428571428572,-19.842857142857145,-14.185714285714283,71.84285714285714,0.353,28.571428571428573,6.548571428571429,11.042857142857144,18.142857142857142,223.5142857142857,1026.5857142857144,70.60000000000001,13.414285714285716,2196
18.842857142857145,7.557142857142857,13.571428571428571,18.842857142857145,7.1000000000000005,13.457142857142856,59.4,0.7947142857142858,28.571428571428573,7.142857142857143,0.0,19.75714285714286,184.32857142857145,1012.7285714285716,48.3,14.414285714285716,1265
25.342857142857145,14.071428571428571,20.11428571428572,25.27142857142857,14.071428571428571,20.1,60.35714285714285,0.1392857142857143,28.571428571428573,3.571428571428572,0.0,21.514285714285712,242.8,1018.7,34.528571428571425,15.94285714285714,1381
25.15714285714285,14.571428571428571,19.62857142857143,25.057142857142857,14.571428571428571,19.62857142857143,68.41428571428571,6.341714285714287,57.142857142857146,10.714285714285714,0.0,19.97142857142857,175.6142857142857,1011.3714285714286,67.35714285714286,18.828571428571426,1536
-0.2428571428571428,-8.028571428571428,-3.6571428571428575,-5.385714285714286,-13.242857142857144,-9.242857142857144,72.45714285714286,0.0499999999999999,14.285714285714286,2.381428571428572,4.0,33.6,257.7857142857143,1012.8285714285714,67.5,14.657142857142857,2882
-1.4714285714285713,-9.6,-5.042857142857143,-4.214285714285714,-15.328571428571427,-9.342857142857143,77.61428571428571,1.625857142857143,57.142857142857146,13.691428571428572,5.371428571428572,22.914285714285715,222.28571428571428,1017.3571428571428,71.61428571428571,12.3,1538
10.385714285714286,2.628571428571429,6.5,9.042857142857144,-1.4714285714285715,3.971428571428572,80.39999999999999,7.989714285714285,71.42857142857143,35.714285714285715,38.0,27.0,145.32857142857142,1013.5428571428572,75.11428571428571,13.142857142857142,1984
1.9142857142857144,-1.2142857142857142,0.1714285714285714,-0.6714285714285715,-5.471428571428571,-3.2,83.71428571428571,0.331142857142857,57.142857142857146,7.738571428571428,13.0,18.914285714285715,242.6142857142857,1016.9857142857144,96.08571428571427,10.2,1639
4.1,-1.7714285714285716,1.3142857142857145,1.5857142857142854,-5.728571428571429,-2.3000000000000003,80.58571428571429,1.474142857142857,71.42857142857143,29.165714285714284,1.157142857142857,21.457142857142856,214.15714285714284,1021.4571428571428,82.2,13.771428571428572,1551
16.242857142857144,5.285714285714286,10.94285714285714,16.242857142857144,4.128571428571429,10.142857142857142,71.88571428571429,1.3188571428571427,28.571428571428573,5.952857142857143,0.0,21.2,153.47142857142856,1024.0857142857144,56.271428571428565,18.257142857142856,1543
0.7571428571428572,-7.942857142857142,-3.242857142857143,-3.857142857142857,-13.657142857142858,-8.171428571428573,75.72857142857143,1.684,57.142857142857146,13.691428571428572,8.7,26.7,201.3571428571429,1017.0571428571428,66.15714285714286,13.05714285714286,1837
29.414285714285715,19.8,24.37142857142857,30.928571428571427,19.8,24.8,77.41428571428571,1.9995714285714288,57.142857142857146,7.142857142857143,0.0,17.442857142857143,236.7,1015.7285714285716,71.75714285714285,9.657142857142857,1402
14.485714285714286,1.2142857142857142,8.357142857142858,13.242857142857144,-1.9857142857142855,6.585714285714286,59.52857142857143,0.4778571428571428,71.42857142857143,8.332857142857142,0.4,26.957142857142856,217.7142857142857,1016.9571428571428,63.614285714285714,14.642857142857142,1399
3.242857142857143,-1.6142857142857143,0.5285714285714286,-0.2142857142857142,-6.542857142857143,-3.9,76.2,1.561142857142857,71.42857142857143,16.071428571428573,7.025,26.714285714285715,149.4857142857143,1014.5714285714286,95.51428571428572,11.042857142857144,1728
2.128571428571429,-6.428571428571429,-2.185714285714286,-1.3571428571428574,-11.7,-6.7,76.92857142857143,2.7055714285714285,71.42857142857143,20.83285714285714,2.0,22.37142857142857,206.82857142857145,1024.071428571429,71.18571428571428,13.242857142857144,1714
8.785714285714286,1.0285714285714285,5.1000000000000005,7.185714285714285,-2.685714285714286,2.528571428571429,82.51428571428572,2.721714285714285,57.142857142857146,19.048571428571428,3.0,23.928571428571427,235.07142857142856,1019.8857142857142,68.21428571428571,12.828571428571427,1719
22.214285714285715,13.928571428571429,18.114285714285717,22.214285714285715,13.928571428571429,18.114285714285717,72.91428571428573,1.7171428571428573,42.85714285714285,14.88,0.0,17.04285714285714,163.1142857142857,1020.2285714285716,54.48571428571428,14.785714285714286,1428
0.6714285714285715,-6.471428571428572,-3.0142857142857147,-3.642857142857143,-12.328571428571427,-8.042857142857143,74.21428571428571,1.179,71.42857142857143,17.26142857142857,1.6714285714285713,24.928571428571427,75.85714285714286,1022.3571428571428,74.31428571428572,16.785714285714285,1554
-3.8428571428571434,-10.7,-7.228571428571429,-6.928571428571429,-14.914285714285716,-10.957142857142856,80.04285714285713,0.1885714285714285,42.85714285714285,6.548571428571429,7.585714285714286,16.085714285714285,211.61428571428573,1021.7,71.07142857142857,12.485714285714286,1837
13.771428571428572,0.7,7.257142857142857,13.314285714285717,-1.871428571428572,5.785714285714286,53.642857142857146,0.833,42.85714285714285,6.548571428571429,0.0,24.11428571428572,231.8428571428572,1012.2857142857144,43.457142857142856,15.428571428571429,1412
5.528571428571429,-2.442857142857143,1.1428571428571428,2.5,-6.9,-2.9285714285714284,67.12857142857142,0.7764285714285714,57.142857142857146,11.905714285714286,1.6857142857142855,23.32857142857143,238.6,1019.9142857142856,69.7,19.985714285714288,1526
27.12857142857143,16.785714285714285,22.1,29.1,16.67142857142857,22.942857142857143,73.64285714285714,1.7202857142857142,57.142857142857146,7.738571428571428,0.0,23.014285714285712,193.55714285714288,1015.0285714285714,52.971428571428575,16.357142857142858,1364
-1.5285714285714285,-6.928571428571429,-4.0,-4.828571428571429,-13.314285714285717,-9.242857142857144,80.11428571428571,1.575,42.85714285714285,17.857142857142858,7.728571428571429,22.15714285714285,136.82857142857145,1030.071428571429,85.15714285714286,13.3,2083
25.61428571428572,15.94285714285714,20.914285714285715,25.75714285714286,15.94285714285714,20.928571428571427,67.81428571428572,1.8215714285714284,42.85714285714285,7.142857142857143,0.0,15.642857142857142,145.57142857142858,1013.3714285714286,47.0,15.385714285714286,1236
5.242857142857143,-4.228571428571429,0.1714285714285713,2.085714285714286,-9.5,-4.442857142857143,74.18571428571428,3.246714285714286,57.142857142857146,23.212857142857143,10.475,27.571428571428573,289.6714285714286,1010.5142857142856,72.75714285714285,15.785714285714286,1605
-1.6714285714285713,-8.357142857142858,-4.771428571428571,-5.728571428571429,-14.828571428571427,-9.957142857142856,74.52857142857144,1.5911428571428572,42.85714285714285,17.857142857142858,4.571428571428571,22.014285714285712,227.3714285714286,1026.8,68.11428571428571,16.37142857142857,1634
26.75714285714286,16.5,21.514285714285712,27.75714285714286,16.5,21.685714285714287,76.34285714285714,0.8767142857142858,42.85714285714285,8.332857142857142,0.0,21.75714285714286,233.7142857142857,1015.9428571428572,42.8,15.0,1472
16.814285714285713,4.971428571428571,10.728571428571428,16.814285714285713,2.3285714285714287,9.44285714285714,46.94285714285714,0.395,14.285714285714286,1.7857142857142858,0.0,27.47142857142857,229.1,1016.7714285714284,50.34285714285714,23.27142857142857,1465
19.957142857142856,8.528571428571428,14.328571428571427,19.957142857142856,7.628571428571428,14.157142857142857,64.47142857142858,1.5291428571428571,42.85714285714285,16.667142857142856,0.0,20.285714285714285,131.71428571428572,1018.5,47.6,13.485714285714286,1405
9.614285714285714,-1.8714285714285717,3.857142857142857,7.985714285714287,-5.714285714285714,1.3714285714285717,60.32857142857143,1.3057142857142858,28.571428571428573,7.142857142857143,0.0,23.7,265.1428571428572,1014.157142857143,59.72857142857144,18.942857142857143,1555
28.928571428571427,19.52857142857143,23.842857142857145,30.77142857142857,19.52857142857143,24.557142857142857,70.25714285714285,1.880857142857143,42.85714285714285,5.355714285714285,0.0,20.11428571428572,154.02857142857144,1015.8714285714286,38.614285714285714,13.471428571428572,1461
4.857142857142857,-1.7,1.1428571428571428,1.842857142857143,-6.428571428571429,-2.8857142857142857,77.3,1.2115714285714283,71.42857142857143,17.85857142857143,0.1857142857142857,25.642857142857142,255.6,1020.6142857142858,73.95714285714287,13.014285714285714,1587
21.728571428571428,14.085714285714284,17.928571428571427,21.728571428571428,14.085714285714284,17.928571428571427,77.04285714285713,3.351,42.85714285714285,17.857142857142858,0.0,14.55714285714286,103.84285714285716,1010.7571428571428,70.95714285714286,13.842857142857143,1385
16.942857142857143,7.271428571428571,11.857142857142858,16.942857142857143,4.914285714285714,10.8,76.81428571428572,6.228857142857143,100.0,26.785714285714285,0.0,28.47142857142857,187.15714285714284,1007.3142857142856,81.65714285714286,13.8,1412
3.442857142857143,-4.985714285714287,-0.7571428571428571,0.6,-8.77142857142857,-3.942857142857143,72.92857142857143,1.3611428571428572,14.285714285714286,7.142857142857143,0.0,24.985714285714288,269.0857142857143,1019.4857142857144,63.0,14.44285714285714,1643
2.171428571428572,-3.871428571428571,-0.6857142857142858,-0.2142857142857141,-9.485714285714286,-5.442857142857143,74.74285714285715,4.5282857142857145,71.42857142857143,26.787142857142857,0.1,26.24285714285714,237.4142857142857,1014.157142857143,73.04285714285714,13.728571428571428,1676
25.75714285714286,14.385714285714286,20.2,25.642857142857142,14.385714285714286,20.185714285714287,59.471428571428575,0.3874285714285714,28.571428571428573,6.547142857142857,0.0,16.928571428571427,173.55714285714288,1018.842857142857,43.02857142857143,15.2,1300
21.0,11.614285714285714,16.4,21.071428571428573,11.271428571428572,16.385714285714286,74.95714285714287,1.5075714285714288,71.42857142857143,13.097142857142858,0.0,25.942857142857143,231.58571428571432,1009.657142857143,64.98571428571428,18.0,1395
-1.9,-9.657142857142857,-5.7,-7.785714285714286,-16.814285714285713,-12.171428571428573,73.3,0.283,71.42857142857143,7.738571428571428,3.6142857142857134,30.1,208.47142857142856,1018.8857142857142,66.57142857142857,15.642857142857142,1837
29.97142857142857,18.12857142857143,24.057142857142857,31.77142857142857,18.12857142857143,24.485714285714288,66.58571428571429,0.6397142857142857,28.571428571428573,4.1657142857142855,0.0,24.285714285714285,247.52857142857144,1012.6428571428572,50.98571428571428,18.014285714285712,1376
17.357142857142858,9.228571428571428,13.285714285714286,17.357142857142858,7.985714285714286,12.742857142857144,77.41428571428571,6.555428571428571,85.71428571428571,30.95142857142857,0.0,28.942857142857143,171.70000000000002,1012.2428571428572,83.51428571428572,13.328571428571427,1495
19.214285714285715,7.514285714285714,13.228571428571428,19.214285714285715,5.828571428571428,12.714285714285714,60.05714285714286,0.9904285714285715,42.85714285714285,7.142857142857143,0.0,36.52857142857143,207.9142857142857,1009.6285714285714,65.2,17.857142857142858,1530
-1.3714285714285714,-7.942857142857143,-4.171428571428572,-6.042857142857143,-15.314285714285717,-10.014285714285714,77.01428571428572,1.8935714285714285,42.85714285714285,13.69,10.366666666666667,26.885714285714283,235.18571428571428,1016.4571428571428,60.04285714285714,14.171428571428567,2004
1.3,-2.728571428571428,-0.6,-2.6,-8.4,-5.2,81.98571428571428,0.6895714285714286,57.142857142857146,10.714285714285714,18.585714285714285,27.457142857142856,155.70000000000002,1017.2714285714284,92.52857142857144,9.37142857142857,1608
23.071428571428573,14.285714285714286,18.77142857142857,23.12857142857143,14.142857142857142,18.77142857142857,72.31428571428572,4.888428571428571,42.85714285714285,19.642857142857142,0.0,17.628571428571426,156.74285714285716,1020.1714285714286,46.35714285714285,14.12857142857143,1322
3.314285714285714,-3.757142857142857,0.0714285714285714,-1.0285714285714287,-8.128571428571428,-4.671428571428572,75.48571428571428,0.076,42.85714285714285,2.381428571428572,4.883333333333334,27.2,254.15714285714284,1016.5,67.2,16.071428571428573,1724
7.314285714285715,-1.242857142857143,3.1714285714285717,4.428571428571429,-5.185714285714285,-0.5000000000000001,59.7,0.2874285714285714,14.285714285714286,4.761428571428572,0.0,26.47142857142857,252.47142857142856,1021.3571428571428,49.21428571428572,15.585714285714284,1434
15.685714285714283,4.8,10.328571428571427,15.242857142857144,3.042857142857143,9.357142857142858,69.8,1.794142857142857,57.142857142857146,14.285714285714286,0.0,18.95714285714286,99.18571428571428,1018.6428571428572,62.17142857142857,16.071428571428573,1603
30.9,21.585714285714285,25.885714285714283,33.385714285714286,21.585714285714285,26.75714285714286,71.27142857142857,6.835428571428571,71.42857142857143,11.905714285714286,0.0,17.5,257.15714285714284,1014.5571428571428,54.6,14.2,1446
17.985714285714288,8.457142857142857,13.05714285714286,17.985714285714288,6.971428571428571,12.571428571428571,72.28571428571429,1.0011428571428571,57.142857142857146,10.118571428571428,0.0,20.15714285714285,121.47142857142856,1015.9857142857144,75.04285714285713,17.4,1430
28.0,15.4,22.071428571428573,27.714285714285715,15.4,22.014285714285712,58.15714285714286,0.3082857142857143,28.571428571428573,1.7857142857142858,0.0,19.514285714285712,209.1,1015.657142857143,31.62857142857143,15.414285714285713,1369
11.928571428571429,5.085714285714286,8.3,10.742857142857144,3.0,6.485714285714286,77.04285714285713,0.2131428571428571,42.85714285714285,4.761428571428572,0.0,25.642857142857142,238.2142857142857,1019.6428571428572,56.67142857142857,14.3,1520
28.542857142857144,19.32857142857143,23.87142857142857,29.52857142857143,19.32857142857143,24.15714285714285,74.88571428571429,0.7565714285714286,71.42857142857143,7.738571428571428,0.0,15.285714285714286,232.47142857142856,1012.8285714285714,53.614285714285714,12.314285714285717,1309
-7.885714285714286,-16.37142857142857,-11.94285714285714,-13.142857142857142,-25.38571428571429,-19.87142857142857,72.81428571428572,0.64,71.42857142857143,13.095714285714283,8.242857142857144,30.51428571428572,141.85714285714286,1023.1,75.27142857142857,12.114285714285714,1942
4.1,-3.857142857142857,0.1714285714285714,-0.2714285714285714,-8.842857142857143,-4.542857142857143,73.75714285714285,1.836857142857143,28.571428571428573,9.524285714285714,5.9,30.342857142857135,157.72857142857146,1017.1428571428572,66.7,16.071428571428573,1752
-1.1999999999999995,-6.828571428571428,-3.914285714285714,-5.1571428571428575,-12.6,-8.842857142857143,78.87142857142858,0.9427142857142856,42.85714285714285,10.714285714285714,6.05,21.9,197.7142857142857,1016.5285714285714,76.38571428571429,11.585714285714284,1822
26.62857142857143,15.6,20.957142857142856,26.885714285714283,15.6,21.042857142857144,70.28571428571429,0.3282857142857143,71.42857142857143,10.12,0.0,16.714285714285715,177.18571428571428,1018.5142857142856,34.51428571428571,14.257142857142858,1297
2.6714285714285717,-3.8428571428571434,-0.6285714285714284,-0.5857142857142856,-8.042857142857143,-4.457142857142857,73.78571428571429,0.3184285714285714,57.142857142857146,8.928571428571429,4.220000000000001,24.542857142857144,170.28571428571428,1021.1857142857142,72.97142857142856,11.914285714285716,1591
2.4,-3.2428571428571438,-0.6714285714285714,0.5857142857142856,-6.371428571428572,-3.142857142857143,87.67142857142858,2.109,42.85714285714285,14.285714285714286,1.3571428571428572,15.314285714285717,166.17142857142858,1019.8285714285712,75.38571428571429,8.928571428571429,2018
26.685714285714287,17.12857142857143,21.77142857142857,27.3,17.12857142857143,21.942857142857143,69.81428571428572,1.8667142857142855,71.42857142857143,7.144285714285715,0.0,21.342857142857145,254.68571428571428,1012.0714285714286,55.07142857142857,20.65714285714285,1376
22.214285714285715,15.114285714285714,18.142857142857142,22.74285714285714,15.114285714285714,18.185714285714287,81.52857142857144,7.584142857142857,71.42857142857143,18.454285714285717,0.0,28.685714285714283,233.2,1013.1714285714286,78.54285714285713,13.185714285714283,1424
26.085714285714285,15.414285714285716,20.74285714285714,26.97142857142857,15.37142857142857,20.885714285714283,77.67142857142858,2.515428571428572,100.0,14.285714285714286,0.0,20.11428571428572,236.01428571428573,1012.4857142857144,55.44285714285714,14.37142857142857,1369
27.728571428571428,16.728571428571428,22.485714285714288,28.2,16.728571428571428,22.74285714285714,64.27142857142857,0.9708571428571428,14.285714285714286,7.738571428571428,0.0,24.0,132.28571428571428,1019.4714285714286,45.285714285714285,15.928571428571429,1537
30.585714285714285,20.342857142857145,25.47142857142857,30.714285714285715,20.342857142857145,25.65714285714285,63.114285714285714,0.7811428571428571,42.85714285714285,5.952857142857143,0.0,19.585714285714285,153.41428571428574,1014.4714285714286,49.885714285714286,15.042857142857144,1274
0.4142857142857141,-6.928571428571429,-3.3,-1.9,-11.457142857142856,-6.9,79.34285714285714,0.6707142857142857,85.71428571428571,10.118571428571428,8.1,21.985714285714288,221.02857142857144,1023.8142857142856,73.64285714285714,12.571428571428571,1712
23.814285714285717,14.042857142857144,19.014285714285712,23.9,14.042857142857144,19.02857142857143,71.12857142857142,0.512,28.571428571428573,5.951428571428571,0.0,20.77142857142857,182.62857142857143,1017.0714285714286,70.22857142857143,14.842857142857143,1340
1.885714285714286,-7.685714285714285,-2.2857142857142856,-2.9571428571428577,-12.957142857142856,-7.242857142857143,69.24285714285715,0.382,42.85714285714285,10.118571428571428,4.5285714285714285,28.085714285714285,269.81428571428575,1005.9285714285714,54.67142857142857,13.471428571428572,1851
25.185714285714287,16.342857142857145,20.52857142857143,25.385714285714283,16.342857142857145,20.571428571428573,82.68571428571428,1.7942857142857145,71.42857142857143,15.477142857142857,0.0,15.185714285714283,163.34285714285716,1015.5,58.91428571428571,10.814285714285717,1380
22.071428571428573,12.4,17.314285714285713,22.071428571428573,12.228571428571428,17.285714285714285,71.55714285714285,4.720857142857144,71.42857142857143,22.62,0.0,27.385714285714283,204.6142857142857,1011.9,76.25714285714285,15.785714285714286,1578
15.885714285714286,6.485714285714286,11.114285714285714,15.885714285714286,5.142857142857143,10.6,82.5,2.2142857142857144,71.42857142857143,23.81,0.0,19.6,178.37142857142857,1011.3142857142856,49.285714285714285,13.514285714285714,1481
10.528571428571428,4.2,7.042857142857143,8.657142857142857,0.2857142857142857,4.7,75.35714285714286,1.4925714285714284,57.142857142857146,13.094285714285714,0.0,24.357142857142858,220.9142857142857,1009.4285714285714,82.47142857142856,12.55714285714286,1851
18.642857142857142,9.114285714285714,14.171428571428573,18.814285714285717,7.442857142857142,13.528571428571428,73.7,4.103857142857143,57.142857142857146,20.83285714285714,0.0,22.314285714285717,249.25714285714284,1014.4714285714286,64.4,14.357142857142858,1390
23.47142857142857,14.085714285714284,18.6,23.47142857142857,14.085714285714284,18.6,66.47142857142858,2.405571428571428,57.142857142857146,9.524285714285714,0.0,21.3,188.82857142857145,1011.7428571428572,71.34285714285714,16.9,1415
26.17142857142857,16.628571428571426,21.27142857142857,26.357142857142858,16.628571428571426,21.314285714285717,73.0,1.0615714285714286,42.85714285714285,8.930000000000001,0.0,20.542857142857144,229.4142857142857,1015.2,56.41428571428571,14.671428571428573,1358
3.1000000000000005,-5.485714285714286,-0.9142857142857144,0.4142857142857141,-11.314285714285717,-5.685714285714285,75.41428571428571,2.2087142857142856,71.42857142857143,16.071428571428573,5.1000000000000005,26.585714285714285,167.52857142857144,1017.6,90.28571428571428,11.785714285714286,1582
24.542857142857144,16.928571428571427,20.314285714285717,25.285714285714285,16.928571428571427,20.37142857142857,84.81428571428572,16.479857142857146,71.42857142857143,26.785714285714285,0.0,19.1,192.57142857142856,1015.3142857142856,87.15714285714286,10.814285714285717,1557
-7.085714285714286,-13.5,-10.1,-13.028571428571428,-21.585714285714285,-17.414285714285715,73.48571428571428,2.183428571428572,100.0,26.19,13.957142857142856,27.800000000000004,190.58571428571423,1024.542857142857,78.54285714285713,13.971428571428572,1701
28.74285714285714,19.61428571428572,23.942857142857143,30.32857142857143,19.61428571428572,24.62857142857143,72.14285714285714,2.782428571428571,42.85714285714285,11.904285714285717,0.0,20.542857142857144,231.1,1011.7571428571428,55.48571428571428,14.714285714285714,1422
6.8,2.442857142857143,4.428571428571429,3.5142857142857147,-2.3428571428571425,0.2857142857142857,71.55714285714285,0.242,28.571428571428573,8.332857142857142,2.0428571428571427,30.37142857142857,283.4857142857143,1011.4142857142856,84.02857142857144,14.014285714285714,1462
27.25714285714286,16.2,21.728571428571428,27.97142857142857,16.2,21.985714285714288,76.08571428571429,1.313857142857143,28.571428571428573,4.761428571428572,0.0,17.32857142857143,199.32857142857145,1019.6142857142858,61.02857142857143,10.214285714285714,1385
25.457142857142856,16.614285714285714,21.342857142857145,25.885714285714283,16.614285714285714,21.485714285714288,72.37142857142858,1.0681428571428573,42.85714285714285,3.571428571428572,0.0,23.3,195.5285714285714,1017.3857142857142,71.45714285714286,21.514285714285712,1488
2.628571428571429,-0.1142857142857144,1.4714285714285713,-0.4285714285714285,-4.985714285714286,-2.457142857142857,87.51428571428572,2.0364285714285715,85.71428571428571,39.28714285714285,0.0714285714285714,23.014285714285712,200.94285714285712,1010.0285714285714,95.82857142857142,9.471428571428572,1690
23.24285714285714,9.928571428571429,17.114285714285714,23.085714285714285,8.585714285714285,16.714285714285715,56.01428571428572,0.3788571428571429,28.571428571428573,4.762857142857143,0.0,23.1,172.42857142857142,1015.7571428571428,55.74285714285714,18.4,1418
5.528571428571429,-2.4857142857142853,1.6142857142857143,2.7857142857142856,-7.542857142857143,-2.7428571428571438,73.52857142857144,0.4475714285714285,57.142857142857146,10.118571428571428,0.0,28.485714285714288,186.8571428571429,1014.9285714285714,75.42857142857143,15.857142857142858,1651
26.185714285714287,14.114285714285716,19.942857142857143,26.314285714285717,14.114285714285716,19.97142857142857,73.24285714285715,0.0,0.0,0.0,0.0,16.585714285714285,137.67142857142858,1021.5857142857144,16.414285714285715,13.44285714285714,1381
25.02857142857143,15.4,20.8,25.385714285714283,15.4,20.9,72.85714285714286,1.9974285714285716,57.142857142857146,5.952857142857143,0.0,17.32857142857143,204.4142857142857,1014.3,55.4,15.228571428571428,1370
20.428571428571427,10.071428571428571,14.7,20.428571428571427,9.0,14.328571428571427,76.44285714285715,1.981857142857143,57.142857142857146,16.071428571428573,0.0,18.82857142857143,200.3571428571429,1019.2571428571428,77.35714285714286,13.171428571428573,1404
24.714285714285715,14.071428571428571,19.285714285714285,24.728571428571428,14.071428571428571,19.285714285714285,71.85714285714286,0.4744285714285715,28.571428571428573,6.547142857142857,0.0,17.814285714285713,133.58571428571426,1016.8857142857142,76.07142857142857,10.971428571428572,1379
2.1714285714285717,-4.328571428571428,-0.9571428571428572,-2.0142857142857147,-9.357142857142858,-5.871428571428572,73.44285714285715,2.103857142857143,57.142857142857146,22.02428571428572,2.066666666666667,25.2,268.3,1012.5428571428572,84.02857142857144,14.842857142857143,1824
14.457142857142856,4.985714285714286,9.771428571428572,14.457142857142856,2.9857142857142853,8.871428571428572,67.85714285714286,0.0,0.0,0.0,0.0,20.82857142857143,117.04285714285712,1026.1,64.1,17.642857142857142,1508
3.6714285714285713,-1.7857142857142858,1.2142857142857142,1.257142857142857,-6.928571428571429,-3.0571428571428574,73.22857142857143,1.7998571428571428,85.71428571428571,29.165714285714284,0.0285714285714285,28.642857142857142,234.91428571428568,1015.2857142857144,81.0,12.657142857142857,1593
7.071428571428571,2.0,4.614285714285714,5.128571428571428,-1.7571428571428571,1.757142857142857,82.78571428571429,2.982,57.142857142857146,17.26142857142857,7.5,23.514285714285712,206.3571428571429,1014.6714285714286,84.84285714285714,12.857142857142858,1559
20.442857142857143,8.585714285714285,14.685714285714289,20.32857142857143,6.757142857142857,14.12857142857143,68.62857142857142,1.9201428571428567,57.142857142857146,16.667142857142856,0.0,26.74285714285714,237.25714285714284,1011.8857142857142,59.385714285714286,14.2,1451
21.47142857142857,8.428571428571429,15.44285714285714,21.47142857142857,8.0,15.414285714285716,58.42857142857143,0.5294285714285715,42.85714285714285,9.524285714285714,0.0,15.3,195.5142857142857,1018.9142857142856,39.15714285714286,15.157142857142857,1373
28.014285714285712,17.314285714285713,22.928571428571427,29.6,17.314285714285713,23.342857142857145,69.47142857142858,2.5867142857142857,42.85714285714285,8.332857142857142,0.0,24.485714285714288,217.92857142857144,1016.0,50.07142857142857,17.514285714285712,1370
11.842857142857142,0.0714285714285714,5.814285714285715,10.585714285714284,-2.4714285714285715,3.542857142857143,64.34285714285714,1.947428571428572,42.85714285714285,14.881428571428572,0.0,23.342857142857145,208.47142857142856,1022.7142857142856,45.271428571428565,14.828571428571427,1538
23.685714285714287,11.328571428571427,17.414285714285715,23.728571428571428,11.328571428571427,17.428571428571427,70.9,0.0575714285714285,57.142857142857146,2.9771428571428573,0.0,14.885714285714286,200.05714285714288,1020.5142857142856,38.142857142857146,15.114285714285714,1290
9.128571428571428,-0.2428571428571427,4.414285714285714,7.171428571428572,-3.4,1.4714285714285713,71.74285714285715,1.7214285714285715,57.142857142857146,14.881428571428572,3.0,29.585714285714285,206.62857142857143,1014.3857142857142,63.642857142857146,16.685714285714287,1518
16.17142857142857,1.1428571428571428,8.842857142857143,15.9,-1.6571428571428568,7.214285714285714,59.72857142857144,0.019,14.285714285714286,0.5957142857142858,0.0,26.142857142857142,209.5,1014.6142857142858,40.457142857142856,15.62857142857143,1519
16.442857142857143,5.728571428571429,11.314285714285717,16.442857142857143,3.114285714285714,9.957142857142856,52.48571428571428,0.1582857142857143,42.85714285714285,3.571428571428572,0.0,34.31428571428571,211.22857142857143,1010.9857142857144,68.07142857142857,20.11428571428572,1670
20.74285714285714,6.957142857142857,13.357142857142858,20.74285714285714,6.514285714285714,13.171428571428573,64.44285714285715,0.0,0.0,0.0,0.0,17.242857142857144,187.7428571428572,1019.5428571428572,31.2,19.357142857142858,1541
10.842857142857142,1.1857142857142855,5.814285714285715,9.957142857142856,-2.242857142857143,3.0428571428571423,66.17142857142856,0.958857142857143,28.571428571428573,4.167142857142857,0.0,27.014285714285712,243.94285714285715,1016.9428571428572,37.57142857142857,20.25714285714286,1607
0.4857142857142857,-2.4857142857142853,-1.0285714285714287,-2.857142857142857,-8.27142857142857,-5.814285714285715,74.28571428571429,0.9047142857142856,57.142857142857146,9.524285714285714,2.1,23.27142857142857,246.3,1018.4714285714286,90.81428571428572,15.62857142857143,1568
2.7857142857142856,-1.8714285714285717,0.4857142857142857,-1.7285714285714284,-6.942857142857143,-4.471428571428571,80.77142857142857,1.9057142857142857,100.0,21.428571428571427,2.966666666666667,35.471428571428575,203.5,1007.9,86.02857142857144,12.6,1773
18.228571428571428,7.0,12.671428571428573,18.228571428571428,5.671428571428572,12.085714285714284,73.77142857142857,1.92,57.142857142857146,7.144285714285715,3.3714285714285714,22.285714285714285,243.32857142857145,1019.7857142857144,37.94285714285714,13.528571428571428,1518
-0.857142857142857,-7.671428571428572,-4.014285714285714,-5.242857142857142,-13.428571428571429,-8.971428571428572,74.14285714285714,0.819857142857143,57.142857142857146,15.475714285714286,4.5285714285714285,19.47142857142857,243.58571428571423,1018.0428571428572,73.3,12.785714285714286,1704
18.75714285714286,6.242857142857143,12.485714285714286,18.75714285714286,4.271428571428571,11.814285714285717,68.11428571428571,2.8185714285714285,71.42857142857143,12.5,0.0,25.61428571428572,231.9857142857143,1014.7571428571428,61.771428571428565,14.87142857142857,1512
4.725,-0.3,2.225,2.075,-5.125,-1.925,82.55000000000001,7.6,50.0,22.915,1.1,26.525,172.325,1007.85,89.4,8.375,1896
10.528571428571428,0.0857142857142857,5.0,9.014285714285714,-2.8714285714285714,2.757142857142857,74.22857142857143,0.7397142857142857,42.85714285714285,7.142857142857143,0.0,23.085714285714285,203.1142857142857,1018.4,60.7,19.47142857142857,1522
6.200000000000001,-1.542857142857143,2.3714285714285714,3.571428571428572,-5.8,-1.2714285714285716,71.54285714285714,5.338571428571428,42.85714285714285,15.475714285714286,0.6,26.15714285714285,252.8,1011.1857142857144,63.557142857142864,14.414285714285716,1667
23.77142857142857,14.085714285714284,18.885714285714283,23.77142857142857,14.085714285714284,18.885714285714283,74.98571428571428,2.2285714285714286,100.0,24.99714285714285,0.0,17.02857142857143,215.52857142857144,1016.157142857143,63.54285714285714,13.771428571428572,1195
14.671428571428573,6.371428571428572,10.542857142857144,14.671428571428573,4.128571428571428,9.771428571428572,82.37142857142858,1.1154285714285714,57.142857142857146,14.285714285714286,0.0,21.74285714285714,203.1,1019.342857142857,65.55714285714286,13.014285714285714,1438
-0.7285714285714285,-8.928571428571429,-4.328571428571428,-5.685714285714285,-15.642857142857142,-10.328571428571427,72.52857142857142,0.7604285714285715,71.42857142857143,11.904285714285717,2.9333333333333336,33.642857142857146,249.7142857142857,1025.2714285714285,65.48571428571428,18.114285714285717,1754
10.05714285714286,0.157142857142857,5.028571428571429,7.700000000000001,-4.4,1.9000000000000004,66.92857142857143,0.1297142857142857,28.571428571428573,2.975714285714285,0.0,31.042857142857144,256.35714285714283,1020.7571428571428,43.385714285714286,21.542857142857144,1531
15.171428571428573,6.1000000000000005,10.542857142857144,14.27142857142857,3.271428571428572,8.814285714285715,67.64285714285714,2.317142857142857,57.142857142857146,16.071428571428573,0.0,30.02857142857143,191.8,1014.0285714285714,81.21428571428571,19.042857142857144,1556
21.042857142857144,13.185714285714283,16.45714285714286,21.042857142857144,13.185714285714283,16.45714285714286,81.67142857142858,2.517285714285715,42.85714285714285,15.475714285714286,0.0,16.157142857142855,152.82857142857142,1018.3,62.52857142857143,7.6,1390
16.014285714285712,7.614285714285714,11.685714285714283,16.014285714285712,5.799999999999999,11.114285714285714,71.18571428571428,3.608571428571428,57.142857142857146,17.857142857142858,0.0,22.37142857142857,114.2714285714286,1020.2571428571428,85.44285714285715,13.857142857142858,1527
27.61428571428572,15.271428571428572,20.885714285714283,28.185714285714287,15.214285714285714,21.0,70.51428571428572,0.5817142857142857,28.571428571428573,2.9771428571428578,0.0,22.085714285714285,178.0,1019.7428571428572,47.12857142857143,15.742857142857144,1466
23.571428571428573,12.757142857142856,18.185714285714287,23.571428571428573,12.55714285714286,18.142857142857142,70.48571428571428,1.4818571428571428,57.142857142857146,10.12,0.0,20.47142857142857,186.42857142857144,1015.4857142857144,70.04285714285714,17.67142857142857,1446
19.385714285714283,11.157142857142857,15.5,19.385714285714283,10.271428571428572,15.028571428571428,81.61428571428571,4.564571428571429,57.142857142857146,22.62,0.0,20.557142857142857,205.7,1013.9714285714286,68.21428571428571,13.885714285714286,1538
29.785714285714285,17.014285714285712,23.814285714285717,30.514285714285712,17.014285714285712,24.142857142857142,63.08571428571428,0.0721428571428571,28.571428571428573,1.1914285714285715,0.0,18.914285714285715,268.9142857142857,1015.5571428571428,39.65714285714286,18.12857142857143,1376
26.085714285714285,15.985714285714284,20.942857142857143,26.17142857142857,15.985714285714284,20.985714285714288,70.52857142857144,0.5688571428571428,42.85714285714285,3.571428571428572,0.0,18.228571428571428,167.45714285714286,1012.4857142857144,48.91428571428571,24.61428571428572,1465
1.5285714285714285,-6.442857142857143,-1.9285714285714288,-1.6285714285714286,-10.814285714285717,-5.371428571428572,67.94285714285715,0.4608571428571428,28.571428571428573,9.524285714285714,0.2714285714285714,19.77142857142857,247.78571428571428,1014.8285714285714,59.68571428571429,13.87142857142857,1801
7.1571428571428575,-3.271428571428572,1.9428571428571428,3.928571428571429,-8.128571428571428,-2.0571428571428574,58.91428571428571,0.0,0.0,0.0,6.7,29.071428571428573,210.27142857142857,1019.2285714285716,30.4,16.571428571428573,1574
-0.5428571428571428,-8.214285714285714,-4.2,-5.357142857142857,-15.142857142857142,-9.985714285714284,77.94285714285715,2.6437142857142857,57.142857142857146,29.762857142857143,4.771428571428571,25.67142857142857,260.0142857142857,1025.5571428571427,67.94285714285715,16.32857142857143,1993
16.15714285714286,5.228571428571429,10.7,15.72857142857143,3.1714285714285717,9.642857142857142,63.74285714285714,1.0682857142857145,42.85714285714285,7.144285714285715,0.0,23.371428571428574,206.67142857142855,1014.3,47.642857142857146,14.857142857142858,1473
-0.7571428571428571,-5.985714285714286,-3.142857142857143,-5.5,-11.671428571428573,-8.200000000000001,68.6,0.1035714285714285,28.571428571428573,2.9771428571428578,0.0285714285714285,25.37142857142857,267.2,1022.8,68.14285714285714,15.457142857142856,2155
21.02857142857143,8.4,15.2,20.785714285714285,7.4142857142857155,14.94285714285714,49.84285714285714,1.6292857142857142,14.285714285714286,4.167142857142857,0.0,25.085714285714285,209.67142857142855,1022.3571428571428,33.58571428571428,15.571428571428571,1317
3.757142857142857,-2.571428571428572,0.7285714285714285,0.6142857142857144,-7.0,-3.1,71.02857142857142,0.9265714285714284,28.571428571428573,10.714285714285714,3.971428571428572,25.985714285714288,200.3,1013.5571428571428,66.78571428571429,13.614285714285714,1719
23.571428571428573,11.8,17.857142857142858,23.87142857142857,10.985714285714284,17.728571428571428,63.385714285714286,0.1465714285714285,42.85714285714285,2.381428571428572,0.0,24.685714285714287,275.7857142857143,1014.4,43.67142857142857,19.27142857142857,1466
18.985714285714288,6.128571428571428,12.528571428571428,18.185714285714287,4.228571428571429,11.271428571428572,56.12857142857143,0.0422857142857142,14.285714285714286,0.5957142857142858,0.0,26.542857142857144,244.07142857142856,1013.4857142857144,49.285714285714285,15.585714285714284,1451
8.028571428571428,0.2571428571428571,3.7714285714285714,6.299999999999999,-3.571428571428572,0.9142857142857144,80.61428571428571,0.4745714285714286,14.285714285714286,4.761428571428572,0.0,20.65714285714285,146.70000000000002,1014.8,75.12857142857142,15.185714285714283,1665
29.085714285714285,17.585714285714285,23.314285714285717,28.942857142857143,17.585714285714285,23.314285714285717,62.42857142857143,0.3665714285714285,42.85714285714285,4.1657142857142855,0.0,20.15714285714285,255.18571428571428,1010.1857142857144,39.24285714285714,15.057142857142855,1286
14.657142857142857,3.7857142857142856,8.342857142857143,14.214285714285714,1.1285714285714286,6.442857142857143,61.47142857142857,2.392285714285714,57.142857142857146,11.904285714285717,0.0,25.27142857142857,125.71428571428572,1012.9285714285714,87.0,20.74285714285714,1625
3.1142857142857143,-2.8285714285714283,0.0714285714285714,-0.4714285714285715,-7.542857142857143,-4.328571428571428,79.88571428571429,0.7328571428571429,28.571428571428573,9.522857142857143,0.0,24.014285714285712,205.22857142857143,1017.4714285714286,78.72857142857143,14.5,1941
8.614285714285714,1.2285714285714284,5.342857142857143,6.514285714285714,-2.657142857142857,2.657142857142857,66.6,0.0,0.0,0.0,0.0,21.25714285714286,197.42857142857144,1021.3714285714286,81.72857142857143,21.24285714285714,1502
11.385714285714286,1.2428571428571429,6.5,11.014285714285714,-0.5857142857142856,4.757142857142857,69.12857142857142,0.2338571428571428,42.85714285714285,7.142857142857143,0.0,24.885714285714283,239.0,1019.3857142857142,42.32857142857143,15.528571428571428,1467
-5.814285714285715,-12.9,-8.757142857142856,-12.585714285714284,-23.214285714285715,-17.3,75.95714285714287,1.291,57.142857142857146,29.165714285714284,16.52857142857143,34.31428571428571,261.0571428571429,1006.3,89.52857142857144,9.985714285714286,2114
29.25714285714286,18.842857142857145,24.014285714285712,31.25714285714286,18.842857142857145,24.7,73.32857142857142,1.7067142857142856,42.85714285714285,5.952857142857143,0.0,19.457142857142856,208.8,1012.6285714285714,58.08571428571429,16.914285714285715,1361
-11.542857142857144,-22.1,-16.442857142857143,-17.414285714285715,-29.5,-23.0,67.14285714285714,0.0474285714285714,14.285714285714286,1.7857142857142858,20.057142857142857,24.642857142857142,255.22857142857143,1019.8571428571428,58.5,13.185714285714283,1790
17.514285714285712,8.342857142857143,12.728571428571428,17.514285714285712,6.871428571428572,12.214285714285714,62.98571428571428,1.8314285714285716,28.571428571428573,12.5,0.0,20.885714285714283,175.31428571428572,1013.4714285714286,71.8,19.314285714285717,1499
13.142857142857142,5.485714285714286,9.585714285714284,11.914285714285716,3.085714285714286,7.942857142857143,64.5,1.4144285714285714,42.85714285714285,8.927142857142856,0.0,26.0,212.67142857142855,1024.7142857142858,58.51428571428572,15.714285714285714,1424
27.885714285714283,19.37142857142857,23.557142857142857,28.642857142857142,19.37142857142857,23.842857142857145,71.58571428571429,0.2847142857142857,57.142857142857146,5.954285714285716,0.0,18.17142857142857,216.7,1012.3142857142856,54.31428571428571,14.6,1207
-4.057142857142857,-10.4,-6.785714285714286,-7.442857142857143,-15.771428571428572,-11.814285714285717,77.34285714285714,0.4925714285714285,57.142857142857146,8.334285714285715,8.6,22.37142857142857,273.4142857142857,1015.5428571428572,83.41428571428571,12.528571428571428,1599
5.885714285714286,-1.985714285714285,1.8142857142857145,3.542857142857143,-5.885714285714286,-1.6428571428571428,62.6,0.0,0.0,0.0,0.0,22.071428571428573,231.8571428571429,1017.1428571428572,65.92857142857143,15.857142857142858,1648
1.657142857142857,-3.3285714285714287,-0.8142857142857142,-2.628571428571429,-9.014285714285714,-5.914285714285716,83.28571428571429,0.6822857142857143,42.85714285714285,13.094285714285714,11.157142857142857,27.571428571428573,197.95714285714288,1013.9428571428572,88.48571428571428,11.1,1902
3.6,-3.642857142857143,-0.057142857142857,0.5142857142857141,-8.571428571428571,-4.285714285714286,69.14285714285714,1.2852857142857144,57.142857142857146,16.072857142857142,10.05,25.514285714285712,234.12857142857143,1014.9571428571428,58.32857142857143,13.44285714285714,1601
23.4,10.414285714285716,16.97142857142857,23.085714285714285,9.928571428571429,16.585714285714285,63.7,0.4774285714285714,42.85714285714285,6.547142857142857,0.0,19.342857142857145,226.92857142857144,1013.0142857142856,47.01428571428572,22.12857142857143,1513
2.642857142857143,-6.471428571428571,-1.657142857142857,-1.5571428571428574,-13.414285714285716,-7.028571428571429,59.65714285714286,2.5357142857142856,57.142857142857146,16.667142857142856,8.620000000000001,36.15714285714286,241.15714285714284,1012.3714285714286,63.98571428571428,17.54285714285714,1646
14.6,2.857142857142857,8.257142857142856,13.585714285714287,0.1999999999999999,6.214285714285714,67.41428571428573,0.1087142857142857,14.285714285714286,3.571428571428572,2.6833333333333336,25.285714285714285,227.75714285714284,1019.7571428571428,34.614285714285714,15.428571428571429,1503
28.62857142857143,18.842857142857145,23.942857142857143,28.914285714285715,18.842857142857145,24.085714285714285,58.22857142857144,1.6367142857142858,14.285714285714286,2.381428571428572,0.0,18.2,216.6142857142857,1015.0571428571428,70.34285714285714,19.728571428571428,1361
4.271428571428571,-1.0857142857142856,1.4857142857142858,1.757142857142857,-6.142857142857143,-2.5142857142857147,74.39999999999999,1.9705714285714289,42.85714285714285,12.5,4.25,24.87142857142857,168.55714285714288,1016.157142857143,88.55714285714285,14.72857142857143,1493
15.114285714285714,3.1142857142857143,9.285714285714286,14.4,0.642857142857143,7.714285714285714,63.642857142857146,2.253571428571429,42.85714285714285,20.83285714285714,2.0,23.0,200.2,1015.5857142857144,55.48571428571428,18.442857142857143,1547
22.385714285714283,13.714285714285714,18.128571428571423,22.385714285714283,13.714285714285714,18.128571428571423,77.75714285714287,1.348857142857143,85.71428571428571,10.712857142857144,0.0,17.32857142857143,168.4857142857143,1018.657142857143,52.98571428571428,14.514285714285714,1306
17.357142857142858,10.171428571428573,13.257142857142856,17.02857142857143,9.214285714285714,12.414285714285713,61.41428571428571,0.2254285714285714,71.42857142857143,5.358571428571429,0.0,26.37142857142857,220.94285714285712,1009.2142857142856,69.54285714285714,15.828571428571427,1462
17.52857142857143,7.914285714285714,12.5,17.52857142857143,6.914285714285714,12.157142857142857,77.22857142857143,0.7809999999999999,71.42857142857143,11.905714285714286,0.0,19.24285714285714,193.0,1017.2,46.82857142857143,14.028571428571428,1367
5.6571428571428575,-2.7857142857142856,1.1714285714285713,2.7428571428571438,-8.328571428571427,-3.4,64.91428571428571,1.8312857142857144,28.571428571428573,10.714285714285714,0.0,29.714285714285715,211.08571428571423,1012.342857142857,66.38571428571429,18.414285714285715,1710
22.042857142857144,12.142857142857142,17.7,22.042857142857144,11.828571428571427,17.62857142857143,66.15714285714286,6.889857142857143,57.142857142857146,22.02285714285714,0.0,22.571428571428573,215.44285714285712,1014.6142857142858,47.08571428571429,15.028571428571428,1457
21.52857142857143,11.87142857142857,16.928571428571427,21.52857142857143,11.314285714285717,16.757142857142856,70.91428571428571,7.940142857142858,57.142857142857146,11.311428571428571,0.0,24.37142857142857,267.9714285714286,1018.5285714285714,60.885714285714286,20.2,1382
19.67142857142857,8.971428571428572,13.614285714285714,19.67142857142857,8.27142857142857,13.157142857142857,75.02857142857144,1.7062857142857142,85.71428571428571,14.287142857142856,0.8285714285714285,19.75714285714286,220.3142857142857,1014.6714285714286,58.68571428571428,13.842857142857143,1438
-2.0142857142857142,-5.185714285714286,-3.4285714285714284,-6.914285714285714,-11.157142857142857,-9.05714285714286,80.78571428571429,1.6612857142857145,71.42857142857143,26.19142857142857,9.657142857142857,23.82857142857143,139.04285714285714,1024.7857142857142,94.32857142857142,14.185714285714283,1867
6.957142857142857,-2.7428571428571424,2.3428571428571425,3.8857142857142857,-7.657142857142857,-1.3857142857142857,63.271428571428565,1.1131428571428572,57.142857142857146,14.285714285714286,2.8,27.91428571428571,179.6,1017.7571428571428,62.4,18.2,1772
16.17142857142857,7.685714285714285,11.714285714285714,16.17142857142857,6.571428571428571,11.1,81.3,2.082428571428572,57.142857142857146,13.095714285714283,0.0,19.1,227.12857142857143,1019.4714285714284,65.08571428571427,14.2,1624
26.542857142857144,17.414285714285715,21.571428571428573,27.428571428571427,17.414285714285715,21.7,76.92857142857143,2.821428571428572,100.0,15.475714285714286,0.0,20.228571428571428,174.57142857142858,1015.3142857142856,62.2,13.457142857142856,1364
18.95714285714286,6.157142857142857,13.585714285714284,18.95714285714286,4.6571428571428575,13.1,66.31428571428572,0.9162857142857144,14.285714285714286,1.7857142857142858,0.0,25.057142857142857,228.72857142857143,1022.342857142857,46.31428571428571,16.8,1455
25.228571428571428,15.657142857142857,20.4,25.714285714285715,15.657142857142857,20.5,78.54285714285713,1.98,57.142857142857146,11.31,0.0,20.914285714285715,157.31428571428572,1016.0,71.68571428571428,14.957142857142856,1438
5.342857142857143,-1.2285714285714284,2.2857142857142856,3.057142857142857,-5.1000000000000005,-0.9428571428571428,67.7,0.2334285714285714,42.85714285714285,7.142857142857143,0.1999999999999999,22.042857142857144,252.22857142857143,1021.9428571428572,66.75714285714285,15.6,1667
29.9,18.4,24.25714285714286,30.15714285714285,18.4,24.357142857142858,62.25714285714286,1.3557142857142856,57.142857142857146,7.142857142857143,0.0,22.11428571428572,220.6,1013.9428571428572,32.3,15.385714285714286,1346
25.785714285714285,10.828571428571427,18.385714285714283,25.814285714285717,10.571428571428571,18.32857142857143,63.81428571428571,0.8515714285714286,28.571428571428573,4.167142857142857,0.0,23.071428571428573,138.4,1024.3285714285714,28.585714285714285,16.928571428571427,1520
7.8,-0.8285714285714285,3.4285714285714284,5.842857142857143,-5.257142857142857,-0.1428571428571428,60.642857142857146,1.4214285714285713,28.571428571428573,12.5,3.2857142857142856,26.61428571428572,222.68571428571428,1007.7571428571428,54.51428571428572,14.12857142857143,1349
18.485714285714288,5.728571428571429,12.614285714285714,18.485714285714288,3.2,11.671428571428573,46.51428571428572,0.0,0.0,0.0,0.0,24.542857142857144,141.8,1021.9142857142856,53.62857142857143,19.442857142857143,1605
19.285714285714285,11.614285714285714,15.5,19.285714285714285,11.257142857142856,15.428571428571429,78.74285714285715,3.0784285714285717,71.42857142857143,14.285714285714286,0.0,20.12857142857143,134.85714285714286,1015.8285714285714,79.95714285714287,9.914285714285716,1468
30.02857142857143,18.2,24.3,30.728571428571428,18.2,24.571428571428573,67.48571428571428,1.506857142857143,14.285714285714286,7.142857142857143,0.0,20.6,101.15714285714286,1014.9714285714286,53.82857142857143,16.314285714285713,1463
29.985714285714288,18.77142857142857,24.37142857142857,30.02857142857143,18.77142857142857,24.47142857142857,62.471428571428575,1.159,28.571428571428573,2.9771428571428578,0.0,17.414285714285715,197.3857142857143,1016.8857142857142,39.8,12.814285714285717,1423
0.1428571428571428,-10.528571428571428,-5.071428571428571,-1.8,-12.8,-7.085714285714286,80.02857142857144,0.0135714285714285,14.285714285714286,0.5957142857142858,15.7,11.94285714285714,111.34285714285716,1027.1857142857143,36.17142857142857,10.271428571428572,1640
19.67142857142857,6.014285714285714,12.857142857142858,19.7,4.228571428571429,12.228571428571428,64.68571428571428,0.0,0.0,0.0,0.0,28.571428571428573,233.04285714285717,1017.8,32.91428571428572,24.62857142857143,1482
8.328571428571427,-0.4142857142857143,3.642857142857143,6.271428571428571,-4.014285714285714,1.2,77.34285714285714,1.4819999999999998,42.85714285714285,14.88,0.0,22.67142857142857,200.8,1020.5714285714286,63.01428571428572,14.157142857142857,1541
17.942857142857143,2.4857142857142853,9.914285714285716,17.557142857142857,0.4428571428571429,8.685714285714285,58.75714285714286,0.0,0.0,0.0,1.0,20.085714285714285,186.6142857142857,1025.0,30.714285714285715,19.17142857142857,1646
0.8428571428571429,-6.4,-2.4285714285714284,-3.3428571428571425,-11.714285714285714,-7.028571428571429,65.9,0.5940000000000001,42.85714285714285,6.548571428571429,0.0428571428571428,24.9,264.07142857142856,1018.5571428571428,71.55714285714285,14.814285714285717,1435
27.985714285714288,16.757142857142856,22.385714285714283,27.87142857142857,16.757142857142856,22.385714285714283,71.37142857142858,2.576142857142857,42.85714285714285,7.738571428571428,0.0,22.8,193.07142857142856,1017.0428571428572,55.25714285714286,15.328571428571427,1349
31.542857142857144,21.02857142857143,26.685714285714287,33.94285714285714,21.02857142857143,28.071428571428573,65.82857142857144,0.1148571428571428,14.285714285714286,0.5957142857142858,0.0,18.857142857142858,170.8857142857143,1019.5428571428572,31.857142857142858,15.514285714285714,1522
26.728571428571428,15.94285714285714,21.385714285714283,26.442857142857143,15.94285714285714,21.314285714285717,63.08571428571429,1.2562857142857144,28.571428571428573,5.357142857142857,0.0,21.542857142857144,164.15714285714284,1017.8571428571428,56.21428571428572,24.17142857142857,1400
0.8857142857142856,-7.771428571428571,-2.7428571428571438,-2.257142857142857,-14.12857142857143,-7.8,69.02857142857144,0.1699999999999999,28.571428571428573,5.357142857142857,2.0,24.97142857142857,231.08571428571423,1021.1714285714288,68.92857142857143,14.657142857142857,1923
18.385714285714283,11.714285714285714,15.1,18.385714285714283,11.542857142857144,15.085714285714287,77.12857142857142,6.1298571428571424,57.142857142857146,31.547142857142852,0.0,21.6,114.64285714285714,1016.8857142857142,63.62857142857143,14.142857142857142,1428
3.242857142857143,-5.785714285714286,-1.042857142857143,-0.0999999999999999,-10.142857142857142,-4.971428571428571,69.12857142857142,2.3885714285714283,28.571428571428573,15.477142857142857,3.0,21.842857142857145,210.44285714285712,1024.8,45.35714285714285,18.485714285714288,1583
2.085714285714286,-2.257142857142857,0.0714285714285714,-0.942857142857143,-6.357142857142857,-3.942857142857143,78.31428571428572,0.3755714285714285,42.85714285714285,5.952857142857143,0.6428571428571429,23.285714285714285,216.44285714285712,1019.0,89.0,13.771428571428572,1709
-6.528571428571429,-16.585714285714285,-11.44285714285714,-12.728571428571428,-23.728571428571428,-18.75714285714286,70.77142857142857,0.0414285714285714,42.85714285714285,2.381428571428572,13.542857142857144,28.24285714285714,238.4,1012.0142857142856,57.41428571428571,12.514285714285714,1517
7.8,-0.2428571428571428,3.442857142857143,6.757142857142857,-2.1,1.7142857142857142,85.21428571428571,0.0,0.0,0.0,0.1714285714285714,18.7,181.22857142857143,1018.0142857142856,54.771428571428565,8.671428571428573,1633
5.6571428571428575,-3.8285714285714287,0.6285714285714287,2.8428571428571425,-8.785714285714286,-3.4,72.14285714285714,0.7775714285714287,85.71428571428571,21.427142857142854,0.3571428571428571,24.814285714285717,212.52857142857144,1010.5571428571428,73.11428571428571,13.957142857142856,1652
3.7285714285714286,-3.7142857142857135,-0.0857142857142857,1.3857142857142857,-8.142857142857142,-4.028571428571429,80.64285714285714,3.0797142857142856,71.42857142857143,24.40571428571429,2.585714285714286,24.1,235.62857142857143,1017.842857142857,76.58571428571429,11.085714285714284,1534
11.1,2.3857142857142857,6.671428571428572,9.9,-1.1,4.042857142857143,70.35714285714286,1.0164285714285717,57.142857142857146,10.118571428571428,0.0,26.857142857142858,190.77142857142857,1018.2714285714284,66.25714285714285,15.985714285714286,1514
7.928571428571429,3.985714285714285,5.685714285714285,6.871428571428572,0.3857142857142857,3.0,88.35714285714286,2.564285714285714,85.71428571428571,25.0,0.0,24.385714285714283,204.7428571428572,1014.3,96.57142857142856,12.542857142857144,1611
8.314285714285715,0.8285714285714286,4.185714285714286,6.285714285714286,-3.4714285714285715,1.028571428571429,70.54285714285714,1.819857142857143,71.42857142857143,13.097142857142858,1.2428571428571429,27.957142857142856,188.14285714285717,1017.2571428571428,60.05714285714286,14.185714285714283,1832
19.942857142857143,6.8,13.87142857142857,19.87142857142857,5.571428571428571,13.55714285714286,55.371428571428574,0.562,14.285714285714286,7.738571428571428,0.0,18.885714285714283,120.37142857142858,1022.4571428571428,48.82857142857143,14.3,1537
16.47142857142857,7.142857142857143,11.585714285714284,16.47142857142857,5.871428571428572,11.0,71.71428571428571,3.3368571428571427,42.85714285714285,14.88,0.0,23.214285714285715,192.5,1019.2142857142856,54.41428571428571,21.357142857142858,1384
10.785714285714286,2.9857142857142853,6.614285714285714,9.62857142857143,-0.5,4.128571428571428,73.24285714285715,4.952285714285715,71.42857142857143,27.97571428571429,0.3857142857142857,26.857142857142858,228.45714285714288,1009.342857142857,66.04285714285714,13.085714285714284,1478
-6.085714285714286,-13.771428571428572,-9.742857142857144,-11.242857142857144,-19.314285714285717,-15.271428571428572,72.24285714285715,0.2725714285714286,57.142857142857146,10.714285714285714,17.02857142857143,20.02857142857143,243.0142857142857,1019.9428571428572,69.22857142857143,12.271428571428572,1685
16.614285714285714,6.528571428571429,12.1,16.614285714285714,5.271428571428571,11.342857142857143,64.07142857142857,0.2142857142857142,42.85714285714285,7.142857142857143,0.0,20.65714285714285,182.3571428571429,1012.6714285714286,58.371428571428574,15.62857142857143,1506
12.814285714285717,2.5142857142857147,7.571428571428571,11.971428571428572,-0.1000000000000001,5.8,69.34285714285714,2.041428571428572,42.85714285714285,15.475714285714286,0.0,20.17142857142857,235.62857142857143,1027.3,52.48571428571428,17.414285714285715,1560
24.485714285714288,13.271428571428572,19.057142857142857,24.67142857142857,13.271428571428572,19.057142857142857,63.642857142857146,1.8622857142857143,28.571428571428573,4.761428571428572,0.0,21.87142857142857,44.05714285714286,1018.5142857142856,37.17142857142857,23.185714285714287,1475
-0.1,-6.185714285714285,-2.6714285714285717,-3.3428571428571425,-9.171428571428573,-6.057142857142857,82.18571428571428,1.772285714285714,28.571428571428573,7.738571428571428,11.1,18.257142857142856,138.55714285714285,1026.8714285714286,86.18571428571428,11.785714285714286,1607
17.04285714285714,9.257142857142856,12.5,17.04285714285714,8.6,12.3,89.71428571428571,3.286857142857144,57.142857142857146,13.094285714285714,0.0,17.6,132.28571428571428,1017.1857142857144,67.17142857142856,10.5,1430
25.25714285714286,15.842857142857143,20.9,25.15714285714285,15.842857142857143,20.885714285714283,72.6,6.875142857142856,42.85714285714285,20.238571428571426,0.0,17.085714285714285,155.15714285714284,1015.7,64.78571428571429,15.2,1395
6.885714285714286,-0.1857142857142857,3.042857142857143,4.571428571428571,-3.5285714285714285,0.1142857142857144,72.97142857142858,0.8871428571428571,71.42857142857143,14.285714285714286,2.05,20.25714285714286,125.75714285714284,1017.7571428571428,82.05714285714285,12.44285714285714,2001
27.957142857142856,15.971428571428572,22.228571428571428,27.857142857142858,15.971428571428572,22.214285714285715,64.0,2.761142857142857,57.142857142857146,11.905714285714286,0.0,18.128571428571423,174.5,1015.4714285714286,36.22857142857144,15.314285714285717,1401
3.7,-2.157142857142857,0.7571428571428572,0.8142857142857143,-6.071428571428571,-2.8428571428571425,74.08571428571429,1.4152857142857145,57.142857142857146,23.214285714285715,0.0571428571428571,19.62857142857143,144.81428571428572,1018.2285714285716,65.4,13.342857142857143,1402
26.1,15.5,20.65714285714285,26.142857142857142,15.5,20.685714285714287,73.28571428571429,0.8161428571428572,42.85714285714285,4.1657142857142855,0.0,15.028571428571428,293.5,1014.0571428571428,39.17142857142857,14.542857142857144,1223
28.728571428571428,18.04285714285714,23.042857142857144,29.428571428571427,18.04285714285714,23.285714285714285,66.75714285714285,0.0925714285714285,28.571428571428573,1.7857142857142858,0.0,20.542857142857144,234.7,1013.9857142857144,44.12857142857143,14.957142857142856,1314
22.385714285714283,10.685714285714283,16.6,22.314285714285717,10.44285714285714,16.485714285714288,67.01428571428572,0.3127142857142857,42.85714285714285,4.762857142857143,0.0,20.8,147.29999999999998,1016.9714285714286,48.04285714285714,16.314285714285713,1484
26.62857142857143,18.5,22.4,27.728571428571428,18.5,22.67142857142857,75.07142857142857,7.589571428571429,57.142857142857146,11.905714285714286,0.0,24.52857142857143,172.24285714285716,1016.0571428571428,66.15714285714286,13.328571428571427,1392
20.185714285714287,9.028571428571428,14.457142857142856,20.185714285714287,8.314285714285715,14.171428571428573,75.87142857142858,3.97,28.571428571428573,16.071428571428573,0.0,18.75714285714286,244.87142857142857,1017.7142857142856,40.614285714285714,14.457142857142856,1406
2.8285714285714287,-3.3000000000000003,-0.2142857142857142,0.0571428571428571,-6.871428571428571,-3.442857142857143,77.05714285714285,0.8744285714285714,42.85714285714285,13.094285714285714,0.8571428571428571,21.885714285714283,200.37142857142857,1010.2571428571428,63.65714285714286,13.314285714285717,1714
28.985714285714288,17.728571428571428,23.414285714285715,28.67142857142857,17.728571428571428,23.342857142857145,61.2,0.8132857142857143,28.571428571428573,3.571428571428572,0.0,16.342857142857145,179.45714285714286,1014.5428571428572,38.24285714285714,15.5,1222
24.1,10.685714285714283,17.857142857142858,24.02857142857143,10.028571428571428,17.657142857142855,51.457142857142856,0.0991428571428571,14.285714285714286,1.19,0.0,23.014285714285712,243.9142857142857,1017.2571428571428,45.457142857142856,25.857142857142858,1530
2.1142857142857143,-3.6,-0.6857142857142857,-1.3142857142857145,-8.185714285714285,-5.071428571428571,73.92857142857143,0.2065714285714286,28.571428571428573,4.762857142857143,0.0,22.37142857142857,216.54285714285717,1025.0285714285717,62.48571428571428,13.257142857142856,1693
30.342857142857145,18.257142857142856,24.314285714285717,30.4,18.257142857142856,24.442857142857143,58.82857142857143,0.3467142857142856,28.571428571428573,2.38,0.0,16.3,174.44285714285712,1013.7714285714284,35.114285714285714,15.757142857142856,1272
19.24285714285714,9.885714285714286,14.585714285714284,19.24285714285714,9.671428571428573,14.542857142857144,80.2,1.3728571428571428,85.71428571428571,21.428571428571427,0.0,20.642857142857142,205.17142857142855,1018.8571428571428,52.84285714285715,14.357142857142858,1390
4.385714285714285,-2.4857142857142853,0.7285714285714285,2.157142857142857,-6.057142857142857,-2.485714285714286,75.67142857142858,0.2267142857142857,42.85714285714285,4.761428571428572,1.0,20.685714285714287,168.47142857142856,1019.6142857142858,62.12857142857143,10.857142857142858,1909
24.342857142857145,13.242857142857144,18.9,24.414285714285715,13.142857142857142,18.9,73.5,2.45,28.571428571428573,4.761428571428572,0.0,17.1,187.05714285714288,1022.0428571428572,41.885714285714286,14.757142857142856,1387
5.2,-1.2,2.142857142857143,3.3714285714285714,-5.414285714285714,-1.5857142857142856,82.34285714285714,0.9421428571428572,57.142857142857146,9.524285714285714,5.7,26.32857142857143,214.8,1016.3,82.61428571428571,11.742857142857144,1710
8.614285714285716,-0.7999999999999999,3.542857142857143,7.3428571428571425,-5.285714285714286,0.5,59.4,0.3047142857142857,42.85714285714285,9.524285714285714,0.0,20.74285714285714,117.82857142857142,1015.9857142857144,66.68571428571428,15.814285714285717,1427
27.87142857142857,20.82857142857143,24.15714285714285,29.814285714285717,20.82857142857143,24.75714285714286,82.54285714285713,1.0527142857142855,42.85714285714285,8.332857142857142,0.0,15.94285714285714,148.3857142857143,1014.157142857143,73.98571428571428,10.528571428571428,1394
20.785714285714285,10.7,15.428571428571429,20.785714285714285,9.614285714285716,15.042857142857144,68.4,4.273000000000001,71.42857142857143,25.0,0.0,28.557142857142857,159.91428571428574,1019.7,74.48571428571428,14.171428571428573,1335
12.528571428571428,3.371428571428571,7.828571428571428,12.071428571428571,0.4999999999999999,5.9,62.7,0.7884285714285715,71.42857142857143,10.715714285714286,3.0,26.685714285714287,196.65714285714284,1009.5285714285714,71.02857142857142,13.914285714285713,1583
27.87142857142857,19.8,23.557142857142857,29.25714285714286,19.8,23.842857142857145,81.22857142857143,6.0525714285714285,85.71428571428571,21.428571428571427,0.0,18.571428571428573,235.4,1015.1857142857144,51.6,14.485714285714286,1390
24.642857142857142,15.185714285714283,19.714285714285715,24.914285714285715,14.971428571428572,19.74285714285714,75.48571428571428,2.286857142857143,42.85714285714285,9.524285714285714,0.0,21.77142857142857,169.95714285714286,1016.3285714285714,53.88571428571429,12.5,1493
-11.05714285714286,-18.057142857142857,-14.028571428571428,-17.485714285714288,-25.457142857142856,-21.32857142857143,72.58571428571429,0.0,0.0,0.0,9.55,24.542857142857144,278.9857142857143,1025.3285714285714,60.37142857142857,13.857142857142858,2148
16.6,8.557142857142857,12.414285714285716,16.6,7.885714285714286,12.242857142857144,75.07142857142857,1.227142857142857,42.85714285714285,13.095714285714283,0.0,20.342857142857145,261.0857142857143,1013.4142857142856,65.41428571428571,14.314285714285717,1339
24.7,15.285714285714286,20.014285714285712,24.67142857142857,15.285714285714286,20.014285714285712,76.25714285714285,10.283428571428573,71.42857142857143,17.857142857142858,0.0,22.285714285714285,201.07142857142856,1011.6,71.07142857142857,13.985714285714286,1457
6.371428571428572,-2.0,1.8714285714285712,4.328571428571428,-7.114285714285714,-1.6285714285714286,78.60000000000001,2.355857142857143,85.71428571428571,17.855714285714285,5.5200000000000005,26.014285714285712,189.57142857142856,1012.6285714285714,84.18571428571428,12.085714285714287,2213
26.9,15.314285714285717,21.5,26.728571428571428,15.314285714285717,21.457142857142856,64.51428571428572,2.150428571428572,28.571428571428573,2.9771428571428578,0.0,20.314285714285717,193.7,1014.4142857142856,38.18571428571429,19.057142857142857,1517
9.085714285714284,-1.8000000000000005,3.1142857142857143,7.5,-6.242857142857142,-0.0857142857142856,61.01428571428572,0.5412857142857143,57.142857142857146,8.332857142857142,1.0,25.5,210.45714285714288,1015.1714285714286,71.44285714285715,17.728571428571428,1708
27.97142857142857,20.6,23.74285714285714,28.857142857142858,20.6,24.02857142857143,74.42857142857143,3.389,85.71428571428571,25.0,0.0,13.842857142857143,158.58571428571426,1012.4428571428572,67.08571428571429,12.714285714285714,1333
-2.642857142857143,-10.385714285714286,-5.914285714285714,-5.9,-16.571428571428573,-11.5,78.3,0.7430000000000001,57.142857142857146,9.524285714285714,9.814285714285717,27.61428571428572,182.8571428571429,1020.9571428571428,81.12857142857142,14.442857142857145,2013
-3.685714285714286,-10.0,-6.471428571428571,-9.042857142857144,-16.32857142857143,-12.828571428571427,74.28571428571429,1.1448571428571428,57.142857142857146,15.475714285714286,6.671428571428572,27.985714285714288,239.32857142857145,1011.3714285714286,76.94285714285715,14.514285714285714,2065
17.385714285714286,7.457142857142857,12.4,17.400000000000002,6.728571428571429,11.957142857142856,63.71428571428572,1.6472857142857145,57.142857142857146,12.498571428571427,0.0,26.185714285714283,168.54285714285714,1013.3857142857142,53.6,15.357142857142858,1439
23.67142857142857,13.87142857142857,18.785714285714285,23.785714285714285,13.714285714285714,18.8,72.5,4.719714285714285,57.142857142857146,17.262857142857143,0.0,28.042857142857144,202.75714285714284,1013.4285714285714,71.94285714285715,19.97142857142857,1526
12.87142857142857,4.128571428571429,8.928571428571429,11.471428571428572,1.1857142857142855,7.057142857142857,70.12857142857142,4.1047142857142855,42.85714285714285,4.762857142857143,0.0,29.3,231.9,1013.7142857142856,58.68571428571429,16.428571428571427,1473
-4.142857142857143,-12.357142857142858,-7.8428571428571425,-8.2,-17.5,-12.514285714285714,76.57142857142857,0.5412857142857143,71.42857142857143,23.212857142857143,8.957142857142857,20.428571428571427,233.0,1022.342857142857,89.58571428571429,11.185714285714283,1862
1.2285714285714289,-3.7285714285714286,-1.0,-2.8142857142857145,-9.471428571428572,-5.971428571428571,78.7,0.3305714285714285,42.85714285714285,8.332857142857142,5.514285714285714,27.2,226.3142857142857,1005.6857142857144,79.39999999999999,13.028571428571428,1583
-0.6,-6.742857142857143,-3.628571428571429,-5.114285714285714,-12.314285714285717,-8.814285714285715,74.2,0.8995714285714286,100.0,14.878571428571428,0.4285714285714285,27.785714285714285,212.3571428571429,1013.7714285714284,78.31428571428572,12.214285714285714,1468
-0.2857142857142857,-5.057142857142857,-2.657142857142857,-3.814285714285714,-10.114285714285714,-7.214285714285714,75.51428571428572,0.0775714285714285,57.142857142857146,5.952857142857143,7.8,22.15714285714285,289.87142857142857,1010.0571428571428,82.04285714285713,14.214285714285714,1592
17.928571428571427,9.8,14.014285714285714,17.928571428571427,9.457142857142856,13.971428571428572,78.45714285714287,1.4501428571428574,42.85714285714285,8.928571428571429,0.0,17.842857142857145,165.05714285714288,1020.157142857143,70.97142857142858,18.7,1472
8.72857142857143,-0.5999999999999999,3.6857142857142855,6.442857142857143,-5.114285714285714,-0.2142857142857142,70.24285714285715,0.6597142857142858,71.42857142857143,12.501428571428573,1.0,33.042857142857144,242.18571428571428,1018.6,67.18571428571428,15.9,1734
3.042857142857143,-1.657142857142857,0.6142857142857142,-0.0285714285714285,-6.1000000000000005,-3.3428571428571425,71.12857142857142,0.0,0.0,0.0,1.0,22.25714285714286,136.4142857142857,1019.1428571428572,73.82857142857142,21.1,1941
1.8000000000000005,-3.457142857142857,-1.1714285714285717,-2.271428571428572,-8.642857142857142,-5.857142857142857,75.14285714285714,0.0711428571428571,42.85714285714285,2.381428571428572,3.0,23.25714285714286,245.9142857142857,1012.5142857142856,79.24285714285715,13.55714285714286,1732
25.685714285714287,14.971428571428572,20.071428571428573,26.52857142857143,14.971428571428572,20.214285714285715,73.22857142857143,2.652857142857143,57.142857142857146,6.547142857142857,0.0,20.65714285714285,240.4857142857143,1012.8857142857142,44.94285714285714,14.94285714285714,1349
-2.2857142857142856,-12.185714285714283,-7.071428571428571,-8.471428571428572,-18.957142857142856,-13.8,69.44285714285715,0.1392857142857143,28.571428571428573,4.761428571428572,8.414285714285715,29.042857142857144,242.52857142857144,1021.0285714285714,56.871428571428574,17.1,1620
20.24285714285714,8.742857142857144,14.842857142857143,20.24285714285714,8.22857142857143,14.728571428571428,68.41428571428571,1.4277142857142855,57.142857142857146,10.12,0.0,21.842857142857145,156.15714285714284,1011.9142857142856,48.62857142857143,14.971428571428572,1444
26.071428571428573,16.47142857142857,21.0,26.285714285714285,16.47142857142857,21.02857142857143,72.22857142857143,0.6014285714285714,28.571428571428573,5.357142857142857,0.0,19.228571428571428,189.8857142857143,1019.8,73.24285714285715,18.214285714285715,1289
9.214285714285714,-0.7714285714285715,4.214285714285714,8.22857142857143,-3.642857142857143,1.7428571428571429,69.97142857142858,2.5291428571428574,71.42857142857143,29.16714285714286,0.0,24.2,152.52857142857144,1020.5714285714286,64.85714285714286,13.12857142857143,1529
27.47142857142857,17.814285714285713,22.32857142857143,28.77142857142857,17.814285714285713,22.642857142857142,78.04285714285713,2.449428571428572,42.85714285714285,7.142857142857143,0.0,24.142857142857142,212.1142857142857,1013.4857142857144,61.71428571428572,14.1,1352
-0.9285714285714286,-6.057142857142857,-3.2285714285714286,-4.871428571428572,-11.528571428571428,-8.157142857142857,76.57142857142857,1.6797142857142855,42.85714285714285,19.048571428571428,5.842857142857143,25.67142857142857,290.3428571428572,1011.6714285714286,83.57142857142857,11.885714285714286,1617
-3.2857142857142856,-11.814285714285717,-8.028571428571428,-9.857142857142858,-19.942857142857143,-15.428571428571429,78.89999999999999,1.2002857142857142,85.71428571428571,22.025714285714287,8.614285714285714,31.01428571428572,239.92857142857144,1008.6,79.28571428571429,12.685714285714283,1692
13.928571428571429,3.871428571428571,9.157142857142857,13.614285714285714,1.4714285714285715,7.814285714285714,56.2,1.2364285714285717,42.85714285714285,5.952857142857143,0.0,18.585714285714285,70.47142857142858,1015.4428571428572,59.785714285714285,15.171428571428573,1501
0.1428571428571428,-7.471428571428571,-3.3857142857142857,-2.771428571428572,-10.971428571428572,-7.057142857142857,81.41428571428571,0.489,42.85714285714285,13.094285714285714,23.0,17.985714285714284,215.4142857142857,1021.5285714285714,62.142857142857146,11.44285714285714,1812
24.65714285714285,14.55714285714286,19.7,24.82857142857143,14.55714285714286,19.75714285714286,67.47142857142858,1.0125714285714285,71.42857142857143,10.12,0.0,25.785714285714285,232.92857142857144,1012.7428571428572,49.285714285714285,15.328571428571427,1489
18.542857142857144,7.714285714285714,13.05714285714286,18.542857142857144,7.1000000000000005,12.842857142857142,66.84285714285714,0.1444285714285714,42.85714285714285,2.381428571428572,0.0,24.585714285714285,189.02857142857144,1020.3,38.07142857142857,14.642857142857142,1449
27.9,18.11428571428572,22.928571428571427,28.11428571428572,18.11428571428572,23.057142857142857,76.58571428571429,0.6698571428571428,42.85714285714285,7.737142857142857,0.0,12.9,183.68571428571428,1015.6714285714286,45.785714285714285,14.214285714285714,1364
5.285714285714286,1.457142857142857,3.3857142857142857,2.657142857142857,-2.9714285714285715,-0.2142857142857142,77.74285714285715,1.598857142857143,57.142857142857146,19.048571428571428,1.9,25.37142857142857,214.45714285714288,1013.1857142857144,96.94285714285716,12.642857142857142,1781
23.728571428571428,11.771428571428572,17.728571428571428,23.814285714285717,11.771428571428572,17.757142857142856,71.51428571428572,2.055,71.42857142857143,11.308571428571428,0.0,17.257142857142856,182.82857142857145,1020.9285714285714,42.12857142857143,13.37142857142857,1376
4.342857142857143,0.1285714285714286,2.3999999999999995,2.2285714285714286,-4.542857142857143,-1.0714285714285714,86.64285714285714,0.8014285714285714,57.142857142857146,8.928571428571429,0.0,23.971428571428568,265.87142857142857,1017.6285714285714,94.82857142857142,10.214285714285714,1933
21.12857142857143,12.4,16.17142857142857,21.357142857142858,11.542857142857144,15.7,84.94285714285715,2.947142857142857,100.0,42.86,0.0,19.785714285714285,200.14285714285717,1015.4285714285714,78.77142857142857,13.0,1540
27.085714285714285,15.857142857142858,21.914285714285715,27.785714285714285,15.857142857142858,22.071428571428573,66.4,0.4752857142857142,42.85714285714285,2.381428571428572,0.0,19.67142857142857,227.17142857142855,1016.4428571428572,53.02857142857143,18.185714285714287,1467
1.4428571428571428,-3.7,-1.1285714285714286,-1.6857142857142855,-7.914285714285714,-5.042857142857143,78.02857142857144,1.8825714285714283,57.142857142857146,23.81,5.014285714285714,21.4,220.07142857142856,1012.0285714285714,82.51428571428572,12.214285714285714,1710
30.12857142857143,14.757142857142856,22.714285714285715,29.12857142857143,14.514285714285714,22.342857142857145,46.285714285714285,0.0,0.0,0.0,0.0,25.7,194.95714285714288,1020.0285714285714,44.642857142857146,20.957142857142856,1542
22.5,12.014285714285714,17.114285714285714,22.5,11.7,17.099999999999998,67.0,4.679428571428572,57.142857142857146,13.095714285714283,0.0,21.457142857142856,273.3857142857143,1013.3142857142856,61.9,21.042857142857144,1414
21.285714285714285,9.228571428571428,15.099999999999998,20.62857142857143,7.314285714285714,14.128571428571428,59.457142857142856,5.284999999999999,71.42857142857143,19.047142857142852,0.0,30.77142857142857,208.12857142857143,1014.8142857142856,72.95714285714286,20.32857142857143,1565
3.857142857142857,-2.3857142857142857,0.7285714285714285,-0.5428571428571429,-8.342857142857143,-4.685714285714285,69.74285714285715,1.85,28.571428571428573,9.522857142857143,2.82,33.58571428571428,187.78571428571428,1017.8285714285714,74.60000000000001,19.542857142857144,1636
-2.042857142857143,-7.942857142857143,-4.885714285714286,-4.914285714285714,-13.514285714285714,-9.542857142857144,70.95714285714286,0.0,0.0,0.0,0.0,21.685714285714287,243.8142857142857,1025.3285714285714,64.77142857142857,14.828571428571427,1499
24.928571428571427,14.685714285714283,19.67142857142857,25.285714285714285,14.685714285714283,19.757142857142856,70.31428571428572,0.909,71.42857142857143,7.738571428571428,0.0,23.3,234.8428571428572,1014.0,61.24285714285714,19.8,1426
23.11428571428572,10.385714285714286,17.357142857142858,23.057142857142857,10.142857142857142,17.3,55.91428571428571,0.0,0.0,0.0,0.0,14.657142857142857,53.08571428571429,1018.2428571428572,41.75714285714286,15.885714285714286,1391
29.32857142857143,18.214285714285715,23.842857142857145,29.942857142857143,18.214285714285715,24.085714285714285,66.54285714285713,2.334142857142857,57.142857142857146,7.142857142857143,0.0,21.928571428571427,196.3857142857143,1015.3857142857142,49.34285714285714,14.12857142857143,1395
10.571428571428571,2.5285714285714285,6.485714285714286,9.157142857142857,-1.6285714285714283,3.8571428571428568,73.61428571428571,4.221428571428571,71.42857142857143,30.95142857142857,0.0,29.32857142857143,173.18571428571428,1016.3714285714286,72.34285714285714,18.12857142857143,1540
2.314285714285714,-1.6285714285714286,0.0714285714285714,-0.9571428571428572,-6.414285714285714,-3.985714285714285,80.62857142857142,1.7478571428571428,28.571428571428573,8.334285714285715,6.0,23.27142857142857,227.77142857142857,1020.4571428571428,95.75714285714284,14.5,1914
7.314285714285715,-1.842857142857143,2.871428571428571,4.585714285714286,-6.214285714285714,-0.9285714285714286,62.65714285714285,0.5304285714285715,28.571428571428573,5.357142857142857,0.0,33.2,257.42857142857144,1015.7,73.74285714285715,15.042857142857144,1610
3.571428571428572,-1.0,1.1285714285714286,-0.142857142857143,-6.771428571428572,-3.828571428571428,70.42857142857143,3.031714285714286,85.71428571428571,19.047142857142852,2.3,28.97142857142857,197.32857142857145,1013.8571428571428,93.31428571428572,14.9,1571
19.057142857142857,10.357142857142858,14.6,19.057142857142857,8.957142857142857,14.042857142857144,66.67142857142858,12.721571428571428,71.42857142857143,8.332857142857142,0.0,29.15714285714285,163.18571428571428,1012.5142857142856,76.17142857142858,17.9,1497
21.285714285714285,9.571428571428571,15.471428571428572,21.285714285714285,8.657142857142857,15.185714285714283,73.47142857142856,4.899857142857143,57.142857142857146,23.80857142857143,0.0,17.0,82.42857142857143,1016.5,62.3,13.857142857142858,1380
4.714285714285714,-2.9,0.5428571428571428,1.2714285714285716,-7.128571428571428,-3.642857142857143,75.41428571428571,0.2682857142857143,28.571428571428573,4.762857142857143,3.85,26.214285714285715,239.05714285714288,1013.3714285714286,54.02857142857143,13.671428571428573,1855
17.24285714285714,6.771428571428571,12.014285714285714,16.957142857142856,5.014285714285714,11.285714285714286,58.55714285714286,0.9827142857142857,57.142857142857146,8.334285714285715,0.0,26.1,219.64285714285717,1014.4857142857144,52.3,24.385714285714283,1450
-7.185714285714285,-14.657142857142857,-10.87142857142857,-14.457142857142856,-23.11428571428572,-19.185714285714287,76.81428571428572,0.7084285714285714,57.142857142857146,11.904285714285717,0.0,31.37142857142857,187.58571428571423,1018.7714285714286,71.87142857142858,11.285714285714286,2392
5.185714285714285,-0.1857142857142857,2.3857142857142857,2.542857142857143,-5.314285714285714,-1.7714285714285716,73.04285714285714,5.839999999999999,71.42857142857143,17.262857142857143,0.0,26.442857142857143,161.47142857142856,1023.2142857142856,79.39999999999999,16.014285714285712,1607
15.471428571428572,4.971428571428571,10.214285714285714,15.05714285714286,3.2,9.128571428571428,54.9,0.711,28.571428571428573,6.547142857142857,0.0,22.62857142857143,191.3857142857143,1013.6285714285714,56.91428571428571,15.271428571428572,1485
30.142857142857142,19.071428571428573,24.52857142857143,32.542857142857144,19.071428571428573,25.228571428571428,69.11428571428571,6.648571428571429,71.42857142857143,16.665714285714284,0.0,20.02857142857143,205.8571428571429,1014.1,38.22857142857144,15.2,1427
4.642857142857143,-1.1285714285714286,1.5857142857142856,1.6857142857142855,-5.414285714285714,-2.271428571428572,76.67142857142858,0.1792857142857142,42.85714285714285,7.142857142857143,1.0,21.3,137.25714285714284,1024.642857142857,78.18571428571428,18.8,1582
1.8714285714285717,-2.4714285714285715,-0.4714285714285714,-2.242857142857143,-8.785714285714286,-5.671428571428572,74.77142857142857,4.797142857142857,71.42857142857143,31.547142857142852,4.475,27.814285714285717,152.42857142857142,1012.0714285714286,89.25714285714285,12.0,1726
26.042857142857144,12.971428571428572,19.314285714285717,26.38571428571429,12.785714285714286,19.314285714285717,74.51428571428572,0.6401428571428571,42.85714285714285,6.547142857142857,0.0,22.24285714285714,220.8428571428572,1018.7428571428572,31.442857142857143,12.285714285714286,1417
1.6142857142857143,-5.385714285714286,-1.957142857142857,-3.4285714285714284,-11.114285714285716,-7.3,71.02857142857142,0.3407142857142857,42.85714285714285,8.928571428571429,3.057142857142857,29.41428571428571,252.0,1019.0714285714286,70.44285714285715,20.428571428571427,1629
24.928571428571427,16.014285714285712,20.542857142857144,24.97142857142857,16.014285714285712,20.52857142857143,70.14285714285714,1.227,42.85714285714285,7.738571428571428,0.0,23.7,220.2142857142857,1015.1428571428572,54.22857142857144,15.614285714285714,1348
11.2,0.7857142857142857,5.271428571428571,9.828571428571427,-1.871428571428572,3.257142857142857,75.95714285714287,2.4155714285714285,28.571428571428573,16.667142857142856,0.3666666666666667,20.785714285714285,179.75714285714284,1010.6714285714286,54.0,13.342857142857143,1549
23.87142857142857,11.314285714285717,17.757142857142856,23.942857142857143,10.7,17.67142857142857,68.62857142857142,7.757571428571429,71.42857142857143,17.262857142857143,0.0,30.24285714285714,200.2,1008.6428571428572,65.68571428571428,16.742857142857144,1496
24.75714285714286,16.557142857142857,20.314285714285717,24.75714285714286,16.557142857142857,20.314285714285717,80.44285714285715,4.172,71.42857142857143,16.071428571428573,0.0,17.771428571428572,174.15714285714284,1015.4142857142856,65.75714285714285,13.428571428571429,1453
26.485714285714288,18.357142857142858,22.285714285714285,26.714285714285715,18.357142857142858,22.285714285714285,67.48571428571428,7.753428571428572,57.142857142857146,19.048571428571428,0.0,21.228571428571428,203.78571428571428,1015.4142857142856,51.41428571428571,14.385714285714286,1335
19.071428571428573,8.357142857142858,13.728571428571428,19.071428571428573,7.371428571428572,13.528571428571428,72.38571428571429,0.8301428571428572,28.571428571428573,10.12,0.0,20.3,151.68571428571428,1020.5142857142856,37.44285714285714,15.171428571428573,1543
2.042857142857143,-3.7285714285714286,-0.8142857142857142,-0.4000000000000001,-7.6571428571428575,-4.1571428571428575,83.62857142857142,1.7001428571428572,57.142857142857146,22.62,2.2,16.8,208.37142857142857,1020.3,67.25714285714285,9.642857142857142,1644
27.62857142857143,19.1,22.74285714285714,28.928571428571427,19.1,22.87142857142857,81.95714285714284,1.5042857142857142,100.0,19.048571428571428,0.0,19.571428571428573,147.5142857142857,1011.7,72.92857142857143,8.9,1476
25.142857142857142,15.085714285714287,20.085714285714285,24.97142857142857,15.085714285714287,20.042857142857144,69.67142857142856,1.1225714285714286,14.285714285714286,5.357142857142857,0.0,19.02857142857143,250.52857142857144,1018.5714285714286,55.285714285714285,17.571428571428573,1427
-1.7571428571428571,-7.2,-4.485714285714286,-5.1571428571428575,-12.728571428571428,-9.242857142857144,68.55714285714285,0.344,28.571428571428573,5.357142857142857,2.4285714285714284,21.071428571428573,149.15714285714284,1021.1,80.01428571428572,14.671428571428573,1883
-7.685714285714285,-17.342857142857145,-11.828571428571427,-13.814285714285717,-26.1,-19.12857142857143,76.01428571428572,16.020142857142854,28.571428571428573,3.571428571428572,31.514285714285712,27.071428571428573,231.9,1024.0142857142855,53.88571428571429,16.185714285714287,1671
-0.7142857142857142,-8.77142857142857,-4.2,-4.542857142857143,-14.642857142857142,-9.385714285714286,74.24285714285715,0.3738571428571428,42.85714285714285,2.9771428571428573,5.84,27.728571428571428,236.97142857142856,1008.9142857142856,78.85714285714286,13.228571428571428,1732
27.957142857142856,15.985714285714286,22.31428571428572,28.4,15.985714285714286,22.5,66.0,0.0561428571428571,14.285714285714286,0.5957142857142858,0.0,20.785714285714285,225.52857142857144,1020.6,24.685714285714287,14.128571428571428,1393
0.2714285714285715,-5.857142857142857,-2.457142857142857,-2.4857142857142853,-9.914285714285716,-6.1571428571428575,77.81428571428572,0.5588571428571428,57.142857142857146,10.714285714285714,0.3285714285714285,19.557142857142857,200.57142857142856,1020.5428571428572,79.62857142857142,13.085714285714284,1440
1.657142857142857,-5.414285714285714,-1.657142857142857,-2.1714285714285717,-10.428571428571429,-6.4,69.98571428571428,2.5538571428571437,42.85714285714285,14.881428571428572,4.65,24.2,238.77142857142852,1020.8857142857142,65.15714285714286,17.357142857142858,1671
10.171428571428573,2.128571428571429,6.057142857142857,9.3,-0.457142857142857,4.442857142857143,80.82857142857142,1.4328571428571428,57.142857142857146,11.904285714285717,0.0,21.071428571428573,201.77142857142857,1018.8571428571428,74.39999999999999,10.785714285714286,1572
14.228571428571428,5.7,9.62857142857143,12.12857142857143,2.2857142857142856,7.028571428571429,76.08571428571429,2.180857142857143,71.42857142857143,22.02285714285714,1.5,28.428571428571427,182.45714285714288,1016.6428571428572,84.25714285714285,14.657142857142857,1553
14.842857142857143,6.4,10.528571428571428,14.3,4.257142857142857,8.971428571428572,72.08571428571427,1.4105714285714286,57.142857142857146,7.74,0.0,24.82857142857143,192.44285714285712,1020.9571428571428,62.142857142857146,14.771428571428572,1567
3.442857142857143,-5.014285714285714,-0.5714285714285714,0.0285714285714282,-9.928571428571429,-4.828571428571428,67.48571428571428,0.123,28.571428571428573,4.167142857142857,3.0,19.885714285714283,213.4142857142857,1019.2857142857144,71.17142857142856,13.885714285714286,1527
14.042857142857144,4.885714285714286,9.62857142857143,13.857142857142858,3.1,8.571428571428571,67.28571428571429,1.445714285714286,57.142857142857146,14.285714285714286,0.0,21.87142857142857,169.82857142857142,1012.3,76.87142857142858,18.642857142857142,1567
14.514285714285714,6.4,10.328571428571427,14.514285714285714,4.057142857142858,9.1,77.8,1.5647142857142855,28.571428571428573,2.381428571428572,0.0,23.457142857142856,160.18571428571428,1011.7142857142856,80.05714285714285,14.042857142857144,1463
25.042857142857144,14.428571428571429,19.442857142857143,24.885714285714283,14.428571428571429,19.414285714285715,71.51428571428572,5.5600000000000005,57.142857142857146,10.714285714285714,0.0,22.642857142857142,168.74285714285716,1018.2,38.871428571428574,14.042857142857144,1306
27.8,16.17142857142857,21.914285714285715,27.67142857142857,16.17142857142857,21.9,64.72857142857143,0.8522857142857142,57.142857142857146,5.952857142857143,0.0,21.928571428571427,179.08571428571426,1012.657142857143,67.24285714285715,17.228571428571428,1406
26.428571428571427,14.05714285714286,20.12857142857143,26.957142857142856,14.05714285714286,20.2,67.98571428571428,0.1311428571428571,14.285714285714286,1.19,0.0,22.214285714285715,175.4,1012.2571428571428,47.51428571428572,20.17142857142857,1456
28.228571428571428,16.82857142857143,22.32857142857143,28.442857142857143,16.82857142857143,22.428571428571427,61.72857142857144,1.9385714285714288,28.571428571428573,2.381428571428572,0.0,26.32857142857143,244.05714285714285,1013.2285714285716,48.24285714285714,21.3,1307
8.171428571428573,2.2,5.214285714285714,6.557142857142857,-1.2857142857142858,2.3000000000000003,75.94285714285715,5.502428571428571,71.42857142857143,29.165714285714284,2.8,23.4,232.38571428571427,1021.5285714285714,77.92857142857143,15.042857142857144,1542
13.542857142857144,6.371428571428572,9.55714285714286,12.757142857142856,3.5428571428571423,7.6,73.98571428571428,7.499714285714286,71.42857142857143,35.714285714285715,0.0,24.11428571428572,125.81428571428572,1012.7714285714284,81.52857142857144,14.55714285714286,1530
28.442857142857143,17.47142857142857,23.32857142857143,29.11428571428572,17.47142857142857,23.67142857142857,66.11428571428571,1.1285714285714286,42.85714285714285,4.1657142857142855,0.0,20.942857142857143,223.75714285714284,1013.0714285714286,54.82857142857143,20.914285714285715,1397
17.7,8.285714285714286,13.2,17.7,6.6571428571428575,12.7,64.77142857142857,1.9645714285714289,42.85714285714285,14.881428571428572,0.0,28.8,177.74285714285716,1017.5285714285714,42.8,13.085714285714284,1448
20.571428571428573,9.542857142857144,14.657142857142857,20.52857142857143,9.228571428571428,14.5,70.6,1.5032857142857143,42.85714285714285,11.905714285714286,0.0,29.01428571428572,204.58571428571423,1015.7,55.471428571428575,21.585714285714285,1606
22.642857142857142,13.328571428571427,17.95714285714286,22.785714285714285,12.828571428571427,17.885714285714286,70.91428571428571,3.258571428571428,57.142857142857146,12.5,0.0,21.442857142857143,194.77142857142857,1011.2714285714284,74.7,14.471428571428572,1431
16.5,4.714285714285714,10.142857142857142,15.94285714285714,2.071428571428572,8.571428571428571,63.94285714285714,0.0,0.0,0.0,0.0,25.685714285714287,203.2,1020.3,54.68571428571428,19.3,1476
12.014285714285714,0.1714285714285714,5.9,11.05714285714286,-3.6714285714285713,2.871428571428571,52.74285714285714,0.7627142857142858,85.71428571428571,11.905714285714286,0.0,30.142857142857142,247.6142857142857,1009.0,52.35714285714285,20.87142857142857,1608
30.342857142857145,20.885714285714283,25.24285714285714,32.542857142857144,20.885714285714283,26.085714285714285,76.31428571428572,4.223285714285715,57.142857142857146,10.12,0.0,19.214285714285715,226.4142857142857,1013.0714285714286,69.74285714285715,8.485714285714286,1244
9.914285714285716,1.4285714285714286,5.5,8.1,-2.457142857142857,2.585714285714286,71.14285714285714,2.0612857142857144,42.85714285714285,19.642857142857142,1.0,22.7,137.34285714285716,1022.7857142857144,80.85714285714286,17.914285714285715,1639
16.257142857142856,4.214285714285714,10.05714285714286,16.257142857142856,1.6285714285714283,8.957142857142857,65.51428571428572,0.0,0.0,0.0,0.0,23.585714285714285,261.98571428571427,1023.6714285714288,18.185714285714287,23.9,1333
24.47142857142857,14.571428571428571,19.442857142857143,24.542857142857144,14.571428571428571,19.442857142857143,68.9,1.6475714285714285,57.142857142857146,13.094285714285714,0.0,22.6,182.68571428571428,1015.9857142857144,44.785714285714285,15.257142857142856,1444
-7.514285714285714,-17.628571428571426,-11.928571428571429,-11.1,-23.15714285714285,-16.928571428571427,67.38571428571429,0.0034285714285714,14.285714285714286,0.5957142857142858,18.2,20.02857142857143,226.6142857142857,1022.5714285714286,53.71428571428572,13.757142857142856,1701
14.085714285714284,2.0,7.714285714285714,13.785714285714286,-0.6,6.485714285714286,61.48571428571428,0.1691428571428571,28.571428571428573,2.38,0.0,19.042857142857144,133.64285714285714,1010.3714285714286,52.84285714285714,21.75714285714286,1566
18.65714285714285,5.585714285714286,12.085714285714284,18.65714285714285,3.2285714285714286,11.357142857142858,50.51428571428572,0.6447142857142857,28.571428571428573,6.547142857142857,0.0,22.12857142857143,160.24285714285716,1020.4285714285714,42.55714285714286,20.47142857142857,1498
18.842857142857145,7.414285714285714,13.171428571428573,18.842857142857145,6.1000000000000005,12.828571428571427,74.41428571428571,0.1292857142857142,28.571428571428573,4.761428571428572,0.0,20.37142857142857,239.47142857142856,1018.4285714285714,41.18571428571429,21.514285714285712,1365
4.628571428571428,-2.1,0.9714285714285714,2.571428571428572,-5.357142857142857,-2.0,76.15714285714286,0.4645714285714286,42.85714285714285,11.308571428571428,0.0,17.857142857142858,173.4857142857143,1017.9714285714286,62.52857142857143,13.728571428571428,1689
4.014285714285714,-2.4285714285714284,0.5714285714285714,0.2000000000000001,-8.371428571428572,-4.457142857142857,71.34285714285714,0.4361428571428571,14.285714285714286,3.571428571428572,2.9,28.82857142857143,241.7428571428572,1016.4857142857144,74.41428571428571,17.142857142857142,1694
14.785714285714286,3.642857142857143,8.6,14.0,0.257142857142857,6.485714285714286,77.88571428571429,2.192285714285714,42.85714285714285,10.118571428571428,0.0,27.285714285714285,133.55714285714285,1014.2428571428572,82.71428571428571,11.842857142857143,1552
-1.385714285714286,-12.185714285714283,-6.028571428571429,-5.185714285714285,-18.542857142857144,-11.085714285714284,72.27142857142857,0.8217142857142858,42.85714285714285,10.714285714285714,8.542857142857143,21.0,156.02857142857144,1014.9428571428572,62.971428571428575,12.2,1670
14.757142857142856,1.914285714285714,8.014285714285714,14.414285714285713,0.857142857142857,6.928571428571429,69.10000000000001,0.2654285714285714,14.285714285714286,1.7857142857142858,0.0,19.25714285714286,222.8,1016.2285714285716,32.857142857142854,13.914285714285716,1654
-4.814285714285715,-11.542857142857144,-7.571428571428571,-9.7,-17.3,-13.271428571428572,72.58571428571429,0.0125714285714285,14.285714285714286,1.19,0.0428571428571428,23.3,230.15714285714284,1024.1714285714286,76.21428571428571,13.928571428571429,1519
29.557142857142857,18.142857142857142,24.02857142857143,31.571428571428573,18.142857142857142,24.685714285714287,75.87142857142858,3.133714285714286,42.85714285714285,1.7871428571428571,0.0,21.057142857142857,218.17142857142855,1021.2285714285716,37.67142857142857,12.357142857142858,1428
29.071428571428573,19.457142857142856,24.17142857142857,30.142857142857142,19.457142857142856,24.442857142857143,74.98571428571428,2.665142857142857,57.142857142857146,13.69,0.0,16.885714285714286,214.57142857142856,1015.157142857143,48.91428571428571,14.785714285714286,1416
9.3,0.9714285714285716,5.285714285714286,7.985714285714286,-2.414285714285714,3.257142857142857,63.885714285714286,0.342,28.571428571428573,6.547142857142857,0.0,23.228571428571428,233.32857142857145,1019.1428571428572,64.75714285714285,15.457142857142856,1522
18.785714285714285,7.771428571428571,12.957142857142856,18.6,6.685714285714285,12.385714285714286,70.31428571428572,2.9935714285714283,85.71428571428571,20.23857142857143,0.0,20.2,103.2,1017.5,71.45714285714287,13.342857142857143,1407
26.885714285714283,12.914285714285716,19.785714285714285,26.814285714285717,12.914285714285716,19.8,67.52857142857142,0.0135714285714285,14.285714285714286,0.5957142857142858,0.0,17.585714285714285,138.54285714285714,1022.1,18.342857142857145,14.12857142857143,1386
27.957142857142856,19.3,23.5,29.77142857142857,19.3,24.11428571428572,73.21428571428571,3.192285714285714,42.85714285714285,21.428571428571427,0.0,21.32857142857143,161.25714285714284,1016.5428571428572,62.3,14.6,1371
27.814285714285717,18.857142857142858,22.985714285714288,29.228571428571428,18.857142857142858,23.27142857142857,75.8,3.8962857142857135,71.42857142857143,14.88,0.0,16.442857142857143,223.22857142857143,1015.8571428571428,57.5,13.928571428571429,1351
19.557142857142857,9.657142857142858,14.857142857142858,19.557142857142857,9.214285714285714,14.7,56.57142857142857,1.7977142857142856,42.85714285714285,11.904285714285717,0.0,22.642857142857142,184.64285714285717,1017.7857142857144,60.31428571428571,14.614285714285716,1433
26.442857142857143,16.2,21.571428571428573,26.8,16.2,21.65714285714285,64.91428571428571,2.0478571428571426,57.142857142857146,5.952857142857143,0.0,23.585714285714285,119.65714285714286,1020.4285714285714,58.02857142857143,15.7,1503
9.014285714285714,-3.271428571428572,2.485714285714286,6.871428571428572,-7.771428571428571,-1.1857142857142855,71.68571428571428,1.851,71.42857142857143,10.712857142857144,1.0,31.385714285714283,169.6142857142857,1015.3857142857142,75.64285714285714,14.014285714285714,1622
31.342857142857145,19.442857142857143,25.75714285714286,32.91428571428571,19.442857142857143,26.485714285714288,65.45714285714286,0.2391428571428571,28.571428571428573,1.1914285714285715,0.0,21.728571428571428,244.47142857142856,1014.1714285714286,35.042857142857144,14.528571428571428,1348
26.24285714285714,15.428571428571429,21.085714285714285,26.142857142857142,15.428571428571429,21.057142857142857,68.87142857142858,0.7472857142857142,42.85714285714285,9.524285714285714,0.0,22.77142857142857,192.82857142857145,1014.4857142857144,40.34285714285714,15.471428571428572,1348
31.17142857142857,19.442857142857143,25.085714285714285,32.57142857142857,19.442857142857143,25.7,67.87142857142857,1.4395714285714285,42.85714285714285,7.142857142857143,0.0,22.228571428571428,230.3142857142857,1014.842857142857,39.52857142857143,15.014285714285714,1433
13.185714285714283,3.957142857142857,8.028571428571428,12.2,0.6000000000000002,5.7,63.957142857142856,2.649142857142857,71.42857142857143,14.881428571428572,0.0,28.67142857142857,234.3,1009.4,76.41428571428571,18.728571428571428,1562
3.2857142857142856,-4.1571428571428575,-0.4000000000000002,-0.4428571428571429,-9.842857142857143,-5.057142857142857,72.08571428571429,3.9288571428571433,57.142857142857146,24.40428571428572,7.55,28.857142857142858,190.04285714285717,1013.5,76.57142857142857,15.857142857142858,1708
2.7285714285714286,-4.757142857142857,-0.357142857142857,-0.1142857142857142,-8.22857142857143,-3.6,80.17142857142858,8.598,71.42857142857143,33.332857142857144,2.48,23.4,229.47142857142856,1021.9857142857144,67.42857142857143,13.828571428571427,1818
28.057142857142857,13.457142857142856,21.314285714285717,27.11428571428572,12.77142857142857,20.87142857142857,49.34285714285714,1.1217142857142857,14.285714285714286,3.571428571428572,0.0,24.642857142857142,205.94285714285712,1016.342857142857,40.885714285714286,19.0,1523
0.2142857142857142,-5.971428571428571,-2.3999999999999995,-3.685714285714286,-11.442857142857145,-7.271428571428571,76.32857142857142,1.6348571428571428,57.142857142857146,14.284285714285714,16.17142857142857,25.24285714285714,211.58571428571423,1016.7,88.34285714285714,12.485714285714286,2092
13.171428571428573,0.0571428571428571,5.928571428571429,13.171428571428573,-0.8428571428571427,5.271428571428571,70.62857142857142,0.0,0.0,0.0,0.0,12.142857142857142,145.4142857142857,1023.4428571428572,35.2,12.842857142857143,1462
27.642857142857142,16.557142857142857,22.4,27.542857142857144,16.557142857142857,22.414285714285715,61.67142857142857,0.4065714285714286,28.571428571428573,2.38,0.0,18.985714285714288,303.7714285714286,1013.2,40.98571428571428,15.37142857142857,1321
1.4714285714285713,-4.828571428571428,-1.085714285714286,-1.4285714285714286,-10.185714285714283,-5.742857142857143,76.75714285714285,0.3077142857142857,57.142857142857146,6.548571428571429,4.34,25.300000000000004,256.0,1008.5857142857144,68.55714285714285,14.314285714285717,1767
24.342857142857145,16.214285714285715,20.785714285714285,24.957142857142856,16.214285714285715,20.985714285714288,81.77142857142857,3.870000000000001,85.71428571428571,25.595714285714287,0.0,18.75714285714286,196.77142857142857,1015.5142857142856,72.65714285714286,16.785714285714285,1486
27.8,18.114285714285717,22.87142857142857,28.8,18.114285714285717,23.24285714285714,72.82857142857144,2.269571428571429,42.85714285714285,6.547142857142857,0.0,19.0,223.14285714285717,1014.8571428571428,45.24285714285714,15.3,1273
-7.628571428571428,-13.257142857142856,-10.428571428571429,-13.685714285714283,-20.385714285714283,-17.1,68.02857142857144,0.2257142857142857,28.571428571428573,6.547142857142857,1.0285714285714287,23.11428571428572,196.18571428571428,1029.3285714285714,58.5,14.485714285714286,1667
28.1,18.114285714285717,22.97142857142857,29.071428571428573,18.114285714285717,23.342857142857145,74.22857142857143,5.920142857142857,71.42857142857143,15.477142857142857,0.0,16.985714285714288,214.27142857142857,1017.3142857142856,48.971428571428575,14.285714285714286,1219
17.5,5.785714285714286,11.314285714285717,17.5,4.671428571428572,10.785714285714286,73.92857142857143,0.0,0.0,0.0,0.0,18.857142857142858,238.67142857142852,1021.2428571428572,39.32857142857143,17.728571428571428,1526
-7.685714285714285,-15.971428571428572,-11.285714285714286,-11.928571428571429,-20.571428571428573,-16.45714285714286,79.41428571428571,0.387,71.42857142857143,23.214285714285715,17.54285714285714,18.75714285714286,184.4857142857143,1020.5571428571428,73.67142857142858,10.357142857142858,1926
7.228571428571429,-3.3000000000000003,1.8428571428571427,4.357142857142857,-8.12857142857143,-2.185714285714286,56.55714285714286,1.1015714285714286,14.285714285714286,7.738571428571428,6.066666666666666,25.914285714285715,52.35714285714285,1024.2,35.74285714285714,19.25714285714286,1709
4.314285714285714,-0.0999999999999999,2.3428571428571425,1.8428571428571427,-3.971428571428572,-0.9714285714285712,82.74285714285715,1.2964285714285717,71.42857142857143,11.311428571428571,0.0,20.542857142857144,201.1142857142857,1011.9571428571428,94.07142857142856,12.414285714285716,1513
6.185714285714285,-5.585714285714286,1.2857142857142858,3.871428571428571,-10.114285714285714,-2.5285714285714285,76.01428571428572,4.505142857142857,57.142857142857146,19.64428571428571,6.3,31.428571428571427,245.95714285714288,1018.5,65.02857142857142,14.44285714285714,1730
29.5,20.17142857142857,24.7,30.428571428571427,20.17142857142857,24.942857142857143,71.31428571428572,1.1907142857142856,71.42857142857143,10.715714285714286,0.0,15.571428571428571,214.44285714285712,1013.7428571428572,47.614285714285714,14.385714285714286,1322
-0.4142857142857145,-9.4,-4.485714285714286,-4.114285714285715,-14.685714285714283,-9.542857142857144,77.67142857142858,1.195142857142857,71.42857142857143,17.262857142857143,9.214285714285714,25.685714285714287,181.4857142857143,1011.4714285714286,79.28571428571429,12.0,1746
6.342857142857143,-0.7000000000000001,2.7285714285714286,3.2,-4.385714285714286,-0.5428571428571427,66.61428571428571,0.1002857142857142,28.571428571428573,2.975714285714285,0.0,22.74285714285714,256.22857142857146,1026.8857142857144,53.871428571428574,15.971428571428572,1607
17.785714285714285,6.042857142857144,11.471428571428572,17.785714285714285,4.171428571428572,10.414285714285716,61.285714285714285,1.6675714285714285,57.142857142857146,13.094285714285714,0.0,25.214285714285715,163.24285714285716,1024.0,55.47142857142857,14.2,1415
4.728571428571429,-2.157142857142857,1.1285714285714286,1.1714285714285713,-6.428571428571429,-3.057142857142857,66.62857142857142,0.042,28.571428571428573,1.7857142857142858,3.0,27.47142857142857,199.4142857142857,1020.7714285714286,49.91428571428571,15.585714285714284,1675
0.2000000000000001,-6.828571428571428,-3.6000000000000005,-2.542857142857143,-12.228571428571428,-8.271428571428572,75.47142857142856,1.9221428571428567,100.0,26.19142857142857,4.314285714285714,24.02857142857143,172.95714285714286,1020.2428571428572,91.85714285714286,12.814285714285717,1961
11.157142857142858,4.628571428571428,7.885714285714285,10.185714285714283,1.8142857142857145,5.971428571428571,73.11428571428571,0.3181428571428571,57.142857142857146,8.334285714285715,0.0,18.357142857142858,163.01428571428573,1019.0142857142856,67.71428571428571,14.171428571428573,1432
22.11428571428572,11.342857142857143,16.82857142857143,22.11428571428572,10.957142857142856,16.785714285714285,66.97142857142858,2.057857142857143,57.142857142857146,17.857142857142858,0.0,18.12857142857143,155.4,1013.2857142857144,61.68571428571429,13.814285714285717,1311
10.3,1.7857142857142858,5.0,8.542857142857143,-2.1,1.614285714285714,77.42857142857143,6.218714285714285,71.42857142857143,23.81,3.4,32.15714285714286,198.9142857142857,1021.2,83.08571428571429,15.771428571428572,1696
29.357142857142858,16.571428571428573,23.085714285714285,32.042857142857144,16.571428571428573,24.314285714285717,66.61428571428571,0.2888571428571428,42.85714285714285,3.571428571428572,0.0,19.24285714285714,252.92857142857144,1015.1714285714286,45.42857142857143,15.05714285714286,1447
19.87142857142857,7.957142857142856,13.514285714285714,19.87142857142857,7.3,13.3,68.87142857142858,0.6635714285714285,28.571428571428573,7.142857142857143,0.0,14.828571428571427,244.64285714285717,1013.7142857142856,42.385714285714286,14.957142857142856,1462
6.742857142857143,0.9285714285714286,3.8,4.685714285714285,-2.4714285714285715,0.7428571428571428,78.22857142857143,2.660428571428572,71.42857142857143,26.785714285714285,0.0428571428571428,20.385714285714283,211.14285714285717,1007.3,89.85714285714286,13.728571428571428,1651
6.071428571428571,-2.585714285714286,1.4857142857142855,3.3285714285714287,-7.8,-2.4857142857142853,77.64285714285714,0.5741428571428572,42.85714285714285,10.714285714285714,0.0,25.585714285714285,231.57142857142856,1016.9714285714286,80.04285714285713,14.785714285714286,1597
4.957142857142857,-3.8428571428571434,0.3285714285714286,0.9571428571428572,-8.671428571428573,-4.257142857142857,68.91428571428571,0.0095714285714285,14.285714285714286,0.5957142857142858,1.0,27.12857142857143,108.1,1019.8285714285714,53.44285714285714,22.228571428571428,1603
15.771428571428572,3.0142857142857147,10.085714285714284,15.771428571428572,-0.7285714285714285,8.414285714285715,53.71428571428572,0.6977142857142857,42.85714285714285,7.738571428571428,0.0,33.0,258.92857142857144,1018.657142857143,35.41428571428572,21.571428571428573,1646
27.714285714285715,16.9,22.4,27.37142857142857,16.9,22.37142857142857,66.6,7.036285714285714,57.142857142857146,20.83285714285714,0.0,20.27142857142857,239.97142857142856,1013.2142857142856,52.971428571428575,14.12857142857143,1384
27.914285714285715,16.8,22.414285714285715,27.928571428571427,16.8,22.457142857142856,62.942857142857136,0.0164285714285714,42.85714285714285,2.381428571428572,0.0,18.27142857142857,260.6428571428572,1016.2714285714284,34.84285714285714,14.985714285714286,1367
18.65714285714285,8.62857142857143,13.714285714285714,18.65714285714285,7.971428571428571,13.542857142857144,63.48571428571428,1.9692857142857143,42.85714285714285,8.930000000000001,0.0,22.0,201.14285714285717,1014.0,64.67142857142856,15.3,1506
27.057142857142857,17.514285714285712,22.342857142857145,27.62857142857143,17.514285714285712,22.442857142857143,73.1,4.119714285714286,42.85714285714285,13.69,0.0,15.685714285714283,134.67142857142858,1021.4714285714286,66.68571428571428,12.62857142857143,1400
11.285714285714286,5.328571428571428,8.085714285714285,10.114285714285714,1.8142857142857145,5.857142857142857,78.04285714285713,0.7295714285714284,71.42857142857143,19.045714285714286,0.0,24.342857142857145,67.71428571428571,1018.1285714285714,86.45714285714287,14.657142857142857,1466
-1.842857142857143,-9.385714285714286,-5.314285714285715,-5.728571428571428,-15.4,-10.314285714285717,72.98571428571428,1.1777142857142855,28.571428571428573,15.475714285714286,4.4,22.4,214.58571428571423,1023.5857142857144,68.5,15.214285714285714,1554
27.8,18.1,22.914285714285715,28.057142857142857,18.1,23.0,70.34285714285714,0.9615714285714284,28.571428571428573,8.928571428571429,0.0,17.557142857142857,125.31428571428572,1016.3571428571428,44.44285714285714,14.9,1349
8.314285714285715,1.1714285714285713,4.857142857142857,6.228571428571429,-0.8,2.7285714285714286,69.92857142857143,0.0695714285714285,57.142857142857146,5.357142857142857,0.0,20.12857142857143,164.8857142857143,1021.4428571428572,76.88571428571429,15.671428571428573,1389
3.0285714285714285,-1.7857142857142858,0.5285714285714287,0.0,-7.214285714285714,-3.814285714285714,79.87142857142858,1.960857142857143,57.142857142857146,19.048571428571428,6.95,23.785714285714285,270.1428571428572,1015.1285714285714,68.78571428571429,12.314285714285717,1798
27.4,17.357142857142858,22.542857142857144,28.52857142857143,17.357142857142858,22.885714285714283,62.48571428571428,0.7092857142857143,14.285714285714286,2.975714285714285,0.0,25.67142857142857,230.17142857142855,1017.7428571428572,55.771428571428565,19.5,1480
23.357142857142858,13.44285714285714,18.62857142857143,23.357142857142858,13.44285714285714,18.62857142857143,72.12857142857142,4.757714285714286,71.42857142857143,17.26142857142857,0.0,13.014285714285714,145.28571428571428,1014.1714285714286,59.58571428571429,14.0,1304
-6.914285714285714,-13.7,-10.171428571428573,-12.957142857142856,-21.585714285714285,-17.228571428571428,75.58571428571429,1.2727142857142857,42.85714285714285,7.738571428571428,22.02857142857143,29.185714285714287,224.94285714285712,1013.9571428571428,66.0,12.514285714285714,1660
25.27142857142857,16.985714285714288,20.9,25.8,16.985714285714288,21.014285714285712,74.77142857142857,2.371,85.71428571428571,17.857142857142858,0.0,19.2,164.52857142857144,1007.4714285714286,71.71428571428571,14.471428571428572,1314
21.814285714285717,14.314285714285717,18.04285714285714,21.814285714285717,14.314285714285717,18.04285714285714,78.60000000000001,4.292142857142857,57.142857142857146,20.23857142857143,0.0,19.82857142857143,211.28571428571428,1009.4571428571428,75.85714285714286,13.071428571428571,1353
29.8,20.685714285714287,25.15714285714285,32.31428571428572,20.685714285714287,26.314285714285717,70.27142857142857,3.376714285714286,85.71428571428571,19.641428571428573,0.0,22.67142857142857,183.58571428571423,1014.8285714285714,55.0,14.971428571428572,1455
26.642857142857142,14.157142857142857,20.228571428571428,26.485714285714288,14.157142857142857,20.2,64.92857142857143,0.38,14.285714285714286,1.7857142857142858,0.0,16.685714285714287,150.14285714285714,1023.9428571428572,21.8,15.071428571428571,1337
27.228571428571428,16.685714285714287,22.12857142857143,27.642857142857142,16.685714285714287,22.24285714285714,73.38571428571429,0.7632857142857142,57.142857142857146,7.144285714285715,0.0,20.8,231.2571428571429,1013.9142857142856,44.885714285714286,13.714285714285714,1410
13.214285714285714,3.4857142857142853,8.128571428571428,12.614285714285714,1.0142857142857142,6.671428571428572,63.0,0.4868571428571428,14.285714285714286,2.381428571428572,0.0,23.185714285714287,269.6,1023.5857142857144,33.300000000000004,15.842857142857143,1560
17.257142857142856,4.728571428571429,11.385714285714286,17.257142857142856,2.085714285714286,10.485714285714286,67.37142857142857,1.0787142857142855,28.571428571428573,4.762857142857143,0.0,23.75714285714286,268.54285714285714,1016.1428571428572,48.15714285714286,20.15714285714285,1435
26.957142857142856,15.5,21.3,26.314285714285717,15.5,21.15714285714285,63.25714285714286,2.446428571428572,28.571428571428573,8.332857142857142,0.0,19.0,145.3,1018.7285714285716,31.885714285714283,14.528571428571428,1248
21.87142857142857,8.014285714285714,15.042857142857144,21.77142857142857,7.514285714285714,14.885714285714286,64.88571428571429,0.7932857142857143,42.85714285714285,8.332857142857142,0.0,21.8,227.2,1015.8714285714286,35.42857142857143,15.7,1411
2.2142857142857144,-8.485714285714286,-2.857142857142857,-1.742857142857143,-12.414285714285716,-7.242857142857142,74.35714285714286,1.609142857142857,57.142857142857146,16.071428571428573,4.085714285714286,24.414285714285715,229.04285714285717,1019.4428571428572,64.38571428571429,12.957142857142856,1421
4.0,-2.6714285714285717,0.5142857142857141,0.6857142857142856,-7.5,-3.4714285714285715,79.94285714285715,3.1290000000000004,85.71428571428571,29.16428571428571,2.466666666666667,23.942857142857143,194.8,1022.0142857142856,87.57142857142857,16.928571428571427,2007
13.9,6.714285714285714,10.171428571428573,13.9,4.6571428571428575,9.2,80.41428571428571,4.007428571428571,71.42857142857143,20.83285714285714,0.0,24.5,234.3571428571429,1014.1857142857144,79.04285714285713,19.957142857142856,1456
18.242857142857144,6.442857142857143,12.142857142857142,18.242857142857144,4.085714285714286,11.185714285714283,60.41428571428571,0.6958571428571428,28.571428571428573,6.547142857142857,0.0,29.24285714285714,224.2142857142857,1012.4285714285714,59.971428571428575,20.12857142857143,1527
-0.7142857142857143,-10.357142857142858,-5.357142857142857,-5.328571428571428,-16.3,-10.94285714285714,78.75714285714285,0.8188571428571428,57.142857142857146,11.31,3.0,26.885714285714283,178.27142857142857,1016.5,72.48571428571428,15.55714285714286,2238
26.557142857142857,15.542857142857144,20.928571428571427,26.728571428571428,15.542857142857144,20.942857142857143,70.21428571428571,3.737428571428571,71.42857142857143,10.714285714285714,0.0,18.185714285714287,116.61428571428571,1016.6285714285714,40.385714285714286,14.8,1294
23.357142857142858,12.3,17.857142857142858,23.3,11.571428571428571,17.514285714285716,71.01428571428572,1.7607142857142857,42.85714285714285,8.928571428571429,0.0,21.585714285714285,190.4142857142857,1014.9142857142856,42.41428571428571,14.014285714285714,1479
2.3285714285714287,-0.5714285714285714,0.7428571428571429,-1.6285714285714286,-6.042857142857143,-3.685714285714286,78.18571428571428,0.1251428571428571,28.571428571428573,4.761428571428572,0.9,25.385714285714283,246.3142857142857,1014.6142857142858,92.74285714285716,15.5,1650
24.057142857142857,13.87142857142857,19.342857142857145,24.0,13.87142857142857,19.342857142857145,66.98571428571428,1.9875714285714283,57.142857142857146,13.69,0.0,18.02857142857143,130.87142857142857,1011.7571428571428,54.6,14.642857142857142,1410
22.914285714285715,12.1,17.485714285714288,22.842857142857145,11.514285714285714,17.385714285714286,65.02857142857144,4.164857142857143,42.85714285714285,8.334285714285715,0.0,23.5,240.25714285714284,1009.9571428571428,53.31428571428571,15.1,1414
28.12857142857143,17.857142857142858,22.914285714285715,28.6,17.857142857142858,23.071428571428573,69.58571428571429,0.7005714285714285,28.571428571428573,2.975714285714285,0.0,21.857142857142858,195.58571428571432,1016.6428571428572,47.8,22.6,1425
4.785714285714286,-0.7714285714285714,1.7857142857142858,1.5285714285714285,-5.3,-2.1714285714285717,83.94285714285715,1.895571428571429,57.142857142857146,13.691428571428572,0.0,24.928571428571427,194.78571428571428,1014.4142857142856,82.22857142857143,13.7,1859
25.785714285714285,14.37142857142857,19.785714285714285,25.77142857142857,14.37142857142857,19.785714285714285,72.5,2.506857142857143,42.85714285714285,14.881428571428572,0.0,21.942857142857143,201.37142857142857,1018.1,40.25714285714285,13.842857142857143,1460
1.8,-6.885714285714285,-2.4571428571428577,-2.257142857142857,-12.114285714285714,-7.399999999999999,72.0,0.0,0.0,0.0,3.0,26.685714285714287,245.72857142857143,1012.2571428571428,63.39999999999999,19.2,1826
27.77142857142857,17.52857142857143,22.957142857142856,28.442857142857143,17.52857142857143,23.27142857142857,67.2,1.7537142857142858,28.571428571428573,7.142857142857143,0.0,20.12857142857143,176.81428571428572,1014.3142857142856,55.62857142857143,15.228571428571428,1390
8.799999999999999,3.8428571428571434,6.271428571428571,6.928571428571429,-0.3428571428571428,3.4285714285714284,90.54285714285712,5.835285714285715,100.0,41.667142857142856,0.0,29.11428571428572,140.54285714285714,1013.5428571428572,99.84285714285714,9.571428571428571,1750
13.62857142857143,6.714285714285714,10.114285714285714,13.62857142857143,5.228571428571429,9.457142857142856,81.21428571428571,2.971,85.71428571428571,35.712857142857146,0.0,24.32857142857143,195.78571428571428,1010.9285714285714,78.21428571428571,14.2,1352
26.142857142857142,14.728571428571428,20.585714285714285,26.185714285714287,14.728571428571428,20.61428571428572,63.3,2.669,57.142857142857146,19.047142857142852,0.0,14.6,164.94285714285712,1019.0285714285714,53.91428571428571,14.271428571428572,1313
2.2857142857142856,-3.242857142857143,-0.1142857142857142,-1.6571428571428573,-8.614285714285714,-4.985714285714286,80.35714285714286,1.9872857142857143,42.85714285714285,16.071428571428573,9.1,26.17142857142857,185.4,1012.5714285714286,81.71428571428571,14.585714285714284,1909
20.15714285714285,11.928571428571429,15.785714285714286,20.15714285714285,11.085714285714284,15.5,68.39999999999999,3.371714285714286,85.71428571428571,18.454285714285717,0.0,24.77142857142857,216.58571428571423,1007.657142857143,64.24285714285715,13.171428571428573,1309
23.17142857142857,10.62857142857143,17.057142857142857,23.3,10.428571428571429,17.02857142857143,70.8,0.1925714285714286,14.285714285714286,2.975714285714285,0.0,19.514285714285712,178.57142857142858,1016.9,37.75714285714286,16.342857142857145,1470
27.8,17.914285714285715,22.685714285714287,28.957142857142856,17.914285714285715,23.17142857142857,64.71428571428571,0.3908571428571429,42.85714285714285,5.358571428571429,0.0,21.242857142857144,179.05714285714288,1015.8285714285714,54.1,19.47142857142857,1372
25.314285714285717,12.657142857142857,18.985714285714288,25.2,12.657142857142857,18.97142857142857,69.05714285714285,0.0,0.0,0.0,0.0,19.8,220.3428571428572,1017.6285714285714,37.68571428571429,21.885714285714283,1546
6.742857142857143,-1.0285714285714285,2.8285714285714287,3.9,-5.528571428571429,-1.342857142857143,66.7,1.542857142857143,57.142857142857146,13.095714285714283,1.85,28.814285714285717,264.42857142857144,1018.5571428571428,73.67142857142858,18.442857142857143,1538
27.814285714285717,15.428571428571429,21.785714285714285,27.542857142857144,15.428571428571429,21.7,68.0142857142857,2.9627142857142856,42.85714285714285,8.928571428571429,0.0,18.814285714285717,207.27142857142857,1016.7714285714286,30.214285714285715,15.328571428571427,1351
19.15714285714285,5.7,12.314285714285717,19.15714285714285,3.757142857142857,11.471428571428572,56.2,1.6694285714285717,42.85714285714285,5.952857142857143,0.0,27.714285714285715,154.0,1018.4857142857144,41.771428571428565,20.928571428571427,1630
10.514285714285714,-0.8428571428571429,4.5,9.87142857142857,-3.971428571428572,2.542857142857143,51.12857142857143,0.1331428571428571,28.571428571428573,4.167142857142857,0.2285714285714286,19.25714285714286,153.78571428571428,1022.7,37.34285714285714,15.957142857142856,1527
16.571428571428573,8.37142857142857,12.642857142857142,16.571428571428573,7.1571428571428575,12.214285714285714,62.6,1.1702857142857144,42.85714285714285,8.927142857142856,0.0,21.52857142857143,177.82857142857142,1015.3428571428572,66.54285714285714,15.05714285714286,1433
3.128571428571429,-1.9714285714285715,0.5285714285714285,-0.8428571428571431,-7.4142857142857155,-4.142857142857143,77.24285714285715,0.4811428571428572,42.85714285714285,10.12,4.4,25.27142857142857,267.4,1009.7,62.24285714285714,13.928571428571429,2011
16.357142857142858,3.585714285714286,10.12857142857143,16.357142857142858,1.3857142857142857,9.342857142857143,52.85714285714285,0.0,0.0,0.0,0.0,20.9,57.3,1014.7428571428572,27.17142857142857,15.785714285714286,1478
17.357142857142858,7.628571428571428,12.485714285714286,17.357142857142858,6.714285714285714,12.2,66.4,0.2477142857142857,42.85714285714285,7.142857142857143,0.0,18.82857142857143,251.44285714285712,1017.3142857142856,62.642857142857146,14.771428571428572,1414
18.685714285714287,5.914285714285714,12.014285714285714,18.685714285714287,5.228571428571429,11.514285714285714,71.5,0.0631428571428571,14.285714285714286,1.19,0.0,16.7,184.54285714285717,1018.2428571428572,27.485714285714288,14.485714285714286,1438
15.62857142857143,5.728571428571429,11.042857142857144,15.62857142857143,3.585714285714286,10.1,56.25714285714286,0.2975714285714286,57.142857142857146,7.738571428571428,0.0,26.5,263.4714285714286,1004.842857142857,68.05714285714286,15.928571428571429,1374
27.0,16.228571428571428,21.8,27.11428571428572,16.228571428571428,21.842857142857145,65.01428571428572,0.5235714285714285,28.571428571428573,3.571428571428572,0.0,18.9,234.28571428571428,1017.842857142857,57.871428571428574,24.3,1427
12.028571428571428,4.542857142857143,8.27142857142857,11.157142857142857,1.8428571428571427,6.1571428571428575,73.65714285714286,1.8857142857142857,57.142857142857146,16.667142857142856,0.0,28.957142857142856,171.02857142857144,1019.3,65.32857142857144,12.828571428571427,1417
-0.0142857142857142,-6.785714285714286,-3.3285714285714287,-3.7857142857142856,-13.028571428571428,-8.342857142857143,80.87142857142858,0.0,0.0,0.0,16.842857142857145,21.685714285714287,228.42857142857144,1016.3142857142856,72.45714285714286,11.957142857142856,1830
0.6,-5.028571428571429,-2.2,-4.042857142857143,-10.571428571428571,-7.071428571428571,77.52857142857144,6.499857142857143,42.85714285714285,8.334285714285715,9.7,26.514285714285712,204.0142857142857,1021.0714285714286,65.74285714285715,14.7,1772
27.62857142857143,18.15714285714285,22.6,27.885714285714283,18.15714285714285,22.642857142857142,69.22857142857143,1.234714285714286,42.85714285714285,7.737142857142857,0.0,15.614285714285714,143.3,1013.1428571428572,52.04285714285714,14.314285714285717,1298
11.8,1.5142857142857142,6.742857142857143,11.242857142857144,-0.2428571428571428,5.1571428571428575,65.17142857142858,0.2668571428571428,71.42857142857143,6.547142857142857,0.0,24.357142857142858,256.3428571428572,1019.2857142857144,53.971428571428575,15.642857142857142,1490
26.185714285714287,16.52857142857143,21.585714285714285,26.4,16.52857142857143,21.65714285714285,73.21428571428571,1.8762857142857143,42.85714285714285,11.31,0.0,19.75714285714286,163.5142857142857,1017.9142857142856,64.17142857142856,13.971428571428572,1425
26.0,15.428571428571429,20.9,26.27142857142857,15.428571428571429,20.97142857142857,66.6,0.2287142857142857,28.571428571428573,4.167142857142857,0.0,23.814285714285717,168.8857142857143,1019.6857142857144,56.871428571428574,19.47142857142857,1446
16.52857142857143,9.757142857142856,12.87142857142857,16.52857142857143,8.77142857142857,12.428571428571429,77.71428571428571,0.1108571428571428,57.142857142857146,5.358571428571429,0.0,18.457142857142856,80.75714285714285,1019.2857142857144,73.25714285714285,13.928571428571429,1386
31.75714285714286,21.514285714285712,26.7,35.042857142857144,21.514285714285712,28.314285714285717,71.41428571428573,1.0975714285714286,71.42857142857143,5.952857142857143,0.0,18.228571428571428,185.75714285714284,1021.2,33.142857142857146,15.342857142857143,1413
30.9,21.6,26.357142857142858,34.457142857142856,21.6,27.685714285714287,76.35714285714286,3.829857142857143,57.142857142857146,10.117142857142856,0.0,22.5,252.18571428571428,1013.1857142857144,39.35714285714285,14.328571428571427,1500
-4.371428571428572,-10.614285714285714,-6.971428571428571,-8.814285714285715,-17.271428571428572,-12.55714285714286,74.58571428571429,0.1051428571428571,57.142857142857146,4.762857142857143,7.1571428571428575,24.22857142857143,255.3571428571429,1009.6142857142858,78.98571428571428,12.857142857142858,1605
2.542857142857143,-2.7142857142857144,-0.1142857142857144,-0.1428571428571428,-7.1000000000000005,-3.514285714285714,81.95714285714287,1.1834285714285713,42.85714285714285,15.477142857142857,0.9142857142857144,21.185714285714287,244.3857142857143,1015.4571428571428,90.32857142857142,12.228571428571428,1630
-6.957142857142857,-14.142857142857142,-9.942857142857145,-10.571428571428571,-20.957142857142856,-15.814285714285717,67.62857142857142,0.7451428571428572,42.85714285714285,11.31,11.071428571428571,20.785714285714285,197.95714285714288,1026.6142857142856,66.65714285714286,17.285714285714285,1683
12.37142857142857,3.0285714285714285,7.371428571428572,10.957142857142856,-0.1428571428571428,5.1000000000000005,68.97142857142858,2.0940000000000003,71.42857142857143,14.88,0.0,25.228571428571428,257.12857142857143,1018.6285714285714,55.62857142857143,19.15714285714285,1520
9.571428571428571,0.5999999999999999,5.0,8.114285714285714,-0.9000000000000001,3.0142857142857147,69.5,0.7538571428571429,57.142857142857146,17.857142857142858,0.0,23.41428571428571,233.8857142857143,1020.2714285714284,68.65714285714286,15.55714285714286,1498
4.785714285714286,-5.285714285714286,-0.7857142857142856,0.2142857142857141,-11.1,-6.1000000000000005,57.44285714285714,0.013,14.285714285714286,0.5957142857142858,1.4714285714285715,29.057142857142857,271.31428571428575,1022.4142857142856,52.17142857142857,25.52857142857143,1691
24.77142857142857,17.728571428571428,20.985714285714288,25.085714285714285,17.728571428571428,21.02857142857143,83.84285714285714,13.138000000000002,71.42857142857143,28.571428571428573,0.0,19.0,166.95714285714286,1014.6,72.74285714285715,11.914285714285716,1311
16.4,7.857142857142857,11.828571428571427,16.057142857142857,5.614285714285714,10.471428571428572,85.64285714285714,4.1530000000000005,85.71428571428571,29.762857142857143,0.0,22.842857142857145,134.0285714285714,1012.4571428571428,95.4,11.342857142857143,1510
27.1,17.12857142857143,21.97142857142857,27.542857142857144,17.12857142857143,22.1,67.15714285714286,2.2392857142857143,42.85714285714285,9.522857142857143,0.0,17.87142857142857,246.77142857142852,1016.7285714285716,35.04285714285714,15.685714285714283,1488
12.614285714285714,4.614285714285714,8.742857142857144,11.771428571428572,1.2285714285714284,6.685714285714285,65.62857142857142,1.6412857142857145,28.571428571428573,13.094285714285714,0.0,27.3,190.7142857142857,1014.7142857142856,73.57142857142857,19.071428571428573,1517
21.842857142857145,12.214285714285714,17.042857142857144,21.65714285714285,12.142857142857142,16.985714285714288,70.28571428571429,2.2950000000000004,42.85714285714285,14.285714285714286,0.0,21.085714285714285,188.54285714285717,1014.2285714285716,51.057142857142864,14.671428571428573,1497
22.928571428571427,14.614285714285714,18.714285714285715,22.928571428571427,14.614285714285714,18.714285714285715,77.71428571428571,6.862142857142857,57.142857142857146,12.498571428571427,0.0,21.15714285714285,131.9,1019.1857142857144,70.95714285714286,20.071428571428573,1385
12.05714285714286,5.785714285714286,8.814285714285715,11.257142857142856,2.6,6.771428571428571,75.01428571428572,5.6861428571428565,71.42857142857143,36.90571428571429,0.0,24.842857142857145,131.6,1011.2857142857144,77.44285714285715,14.171428571428573,1543
16.214285714285715,4.6571428571428575,10.885714285714286,15.7,2.914285714285714,9.714285714285714,58.98571428571428,0.441,28.571428571428573,8.332857142857142,0.0,20.571428571428573,147.22857142857143,1018.9142857142856,54.642857142857146,15.514285714285714,1464
0.9000000000000001,-6.771428571428571,-2.6142857142857143,-3.571428571428572,-11.37142857142857,-7.128571428571428,77.61428571428571,1.3027142857142855,85.71428571428571,14.287142857142856,11.914285714285713,24.485714285714284,213.02857142857144,1018.6428571428572,78.32857142857142,9.928571428571429,1732
23.414285714285715,12.614285714285714,17.942857142857143,23.785714285714285,12.514285714285714,17.97142857142857,67.71428571428571,0.6358571428571429,42.85714285714285,5.952857142857143,0.0,25.857142857142858,222.25714285714284,1017.3,63.7,18.842857142857145,1342
27.914285714285715,16.428571428571427,22.457142857142856,28.428571428571427,16.428571428571427,22.642857142857142,67.2,0.1427142857142857,14.285714285714286,1.19,0.0,19.014285714285712,163.32857142857142,1018.657142857143,27.27142857142857,16.585714285714285,1388
1.7714285714285711,-6.8,-2.3,-1.4857142857142858,-10.085714285714284,-5.842857142857143,78.14285714285714,0.1268571428571428,14.285714285714286,2.381428571428572,4.2,19.928571428571427,208.5,1020.8428571428572,41.32857142857142,13.142857142857142,1710
23.77142857142857,10.714285714285714,17.32857142857143,23.585714285714285,10.485714285714286,17.271428571428572,48.85714285714285,1.687,42.85714285714285,7.144285714285715,0.0,23.442857142857143,206.64285714285717,1018.3285714285714,60.614285714285714,17.885714285714286,1554
1.1,-6.428571428571429,-2.5142857142857147,-2.7142857142857144,-8.957142857142857,-6.085714285714286,70.6,0.23,14.285714285714286,5.357142857142857,1.457142857142857,19.285714285714285,172.6142857142857,1022.4857142857144,56.98571428571428,14.771428571428572,1738
16.6,3.642857142857143,9.428571428571429,16.185714285714287,1.157142857142857,8.1,64.97142857142856,1.442857142857143,42.85714285714285,14.88,0.0,27.5,171.58571428571426,1014.8,53.15714285714286,14.614285714285714,1545
-1.4285714285714286,-7.6,-4.371428571428571,-5.971428571428572,-12.857142857142858,-9.585714285714284,75.5,0.0,0.0,0.0,5.45,22.65714285714285,193.8,1021.1714285714286,66.98571428571428,17.742857142857144,2178
16.02857142857143,7.485714285714286,11.8,15.571428571428571,5.2,10.571428571428571,72.28571428571429,5.400571428571429,71.42857142857143,20.238571428571426,0.0,27.485714285714288,181.7428571428572,1019.6285714285714,71.41428571428571,16.32857142857143,1456
-1.4285714285714286,-9.985714285714286,-5.471428571428571,-5.142857142857143,-15.485714285714286,-10.328571428571427,73.72857142857143,1.210857142857143,57.142857142857146,13.69,17.885714285714286,20.314285714285717,232.9857142857143,1013.3285714285714,53.85714285714285,13.028571428571428,1755
-6.314285714285715,-15.742857142857144,-11.114285714285714,-13.9,-25.6,-19.557142857142857,76.84285714285714,0.4218571428571429,28.571428571428573,4.167142857142857,8.528571428571428,31.15714285714285,237.62857142857143,1018.9142857142856,75.0,14.271428571428572,2567
17.67142857142857,8.485714285714286,13.257142857142856,17.67142857142857,7.514285714285714,12.9,86.05714285714285,3.294,85.71428571428571,26.785714285714285,0.0,18.47142857142857,176.98571428571427,1020.1285714285714,77.31428571428572,13.228571428571428,1423
7.014285714285714,0.6714285714285715,3.8,5.942857142857143,-2.085714285714286,1.4285714285714286,84.82857142857142,2.7522857142857142,57.142857142857146,16.667142857142856,3.0,16.814285714285713,155.15714285714284,1019.2,58.1,12.271428571428572,1485
25.12857142857143,16.728571428571428,20.728571428571428,26.442857142857143,16.728571428571428,21.014285714285712,84.17142857142858,27.844142857142856,71.42857142857143,23.80857142857143,0.0,22.37142857142857,186.14285714285717,1019.4285714285714,67.48571428571428,9.457142857142856,1376
23.12857142857143,10.971428571428572,17.17142857142857,23.12857142857143,10.614285714285714,17.114285714285714,68.1,0.3491428571428571,42.85714285714285,7.142857142857143,0.0,20.542857142857144,198.92857142857144,1020.8857142857142,53.04285714285714,19.685714285714287,1443
22.714285714285715,8.857142857142858,15.7,22.714285714285715,8.857142857142858,15.7,76.48571428571428,0.0035714285714285,14.285714285714286,0.5957142857142858,0.0,10.971428571428572,102.12857142857142,1020.4,34.1,14.37142857142857,1393
11.44285714285714,4.342857142857143,8.285714285714286,10.457142857142856,1.0142857142857145,6.3,72.31428571428572,2.466571428571428,57.142857142857146,21.428571428571427,0.0,30.071428571428573,186.8857142857143,1019.0714285714286,75.25714285714287,15.228571428571428,1499
16.742857142857144,7.942857142857143,12.257142857142856,16.742857142857144,5.357142857142857,11.4,75.32857142857142,0.4167142857142857,28.571428571428573,5.357142857142857,0.0,27.185714285714287,226.7142857142857,1014.5285714285714,56.55714285714286,14.185714285714283,1610
3.028571428571429,-2.857142857142857,-0.0285714285714284,-0.157142857142857,-6.414285714285714,-3.3857142857142857,65.35714285714286,0.0191428571428571,14.285714285714286,0.5957142857142858,0.0,20.2,242.2428571428571,1021.5142857142856,71.92857142857143,14.828571428571427,1429
15.314285714285717,6.142857142857143,10.757142857142856,15.028571428571428,4.728571428571429,9.957142857142856,60.8,0.3111428571428571,42.85714285714285,6.548571428571429,0.0,22.285714285714285,150.65714285714284,1017.3571428571428,82.77142857142857,21.442857142857143,1629
19.97142857142857,9.742857142857144,14.642857142857142,19.97142857142857,9.328571428571427,14.6,72.77142857142857,4.688285714285715,85.71428571428571,16.071428571428573,0.0,24.728571428571428,174.55714285714288,1014.8142857142856,51.65714285714286,15.114285714285714,1540
26.74285714285714,14.671428571428573,21.0,26.642857142857142,14.671428571428573,21.0,62.58571428571429,0.0397142857142857,28.571428571428573,3.571428571428572,0.0,15.7,159.05714285714288,1018.4428571428572,37.642857142857146,15.3,1292
20.957142857142856,11.814285714285717,16.457142857142856,20.957142857142856,11.628571428571428,16.442857142857143,75.38571428571427,10.954142857142855,71.42857142857143,29.167142857142856,0.0,17.47142857142857,217.14285714285717,1017.6857142857142,56.35714285714285,13.771428571428572,1303
1.3142857142857145,-3.4285714285714284,-0.8714285714285716,-1.8428571428571432,-9.071428571428571,-5.1571428571428575,80.54285714285713,1.969,71.42857142857143,14.881428571428572,3.92,25.957142857142856,201.18571428571428,1018.5571428571428,92.2,11.271428571428572,1714
11.2,6.271428571428571,8.385714285714286,10.585714285714284,3.471428571428571,6.471428571428571,81.84285714285714,5.930714285714286,85.71428571428571,30.357142857142858,0.0,25.61428571428572,202.65714285714287,1014.5857142857144,92.44285714285716,12.94285714285714,1604
-5.014285714285714,-12.985714285714286,-8.785714285714286,-10.357142857142858,-17.814285714285713,-14.185714285714283,72.74285714285715,0.0881428571428571,14.285714285714286,2.381428571428572,5.8,22.714285714285715,190.4,1019.1857142857144,66.84285714285714,18.085714285714285,2214
24.25714285714286,14.857142857142858,19.428571428571427,24.428571428571427,14.828571428571433,19.485714285714288,72.45714285714287,2.385857142857143,85.71428571428571,16.071428571428573,0.0,21.457142857142856,230.32857142857145,1012.4285714285714,71.62857142857142,16.014285714285712,1459
2.8857142857142857,-5.014285714285714,-1.1142857142857143,-0.9571428571428572,-9.257142857142856,-5.485714285714286,73.77142857142857,0.7755714285714286,42.85714285714285,15.475714285714286,0.3285714285714285,28.82857142857143,245.04285714285717,1019.8571428571428,56.87142857142857,13.571428571428571,1580
1.9857142857142855,-0.5142857142857143,0.3428571428571428,-2.1,-6.4,-4.857142857142857,75.34285714285714,3.3572857142857138,42.85714285714285,16.665714285714284,5.18,31.485714285714288,238.3571428571429,1012.1857142857144,95.88571428571429,15.228571428571428,1806
-0.8428571428571429,-6.9,-3.3714285714285714,-3.985714285714285,-10.44285714285714,-7.1571428571428575,78.2,0.2962857142857142,42.85714285714285,9.522857142857143,3.5,20.314285714285717,205.0142857142857,1017.2285714285716,73.51428571428572,13.428571428571429,1756
5.257142857142857,-1.3142857142857145,2.0142857142857142,1.7,-6.542857142857143,-2.242857142857143,77.12857142857142,0.7408571428571429,57.142857142857146,12.5,1.0,26.228571428571428,184.44285714285712,1013.8857142857142,91.54285714285712,13.842857142857143,1668
-13.814285714285717,-22.642857142857142,-18.085714285714285,-22.942857142857143,-33.728571428571435,-28.228571428571428,69.89999999999999,1.0632857142857142,28.571428571428573,9.522857142857143,15.657142857142857,29.6,233.0,1028.1285714285714,58.971428571428575,19.2,1843
28.885714285714283,20.3,23.914285714285715,31.62857142857143,20.3,24.442857142857143,81.91428571428571,3.620428571428572,71.42857142857143,11.308571428571428,0.0,17.814285714285713,181.08571428571423,1018.7142857142856,56.971428571428575,11.842857142857143,1325
19.985714285714288,12.357142857142858,16.271428571428572,19.942857142857143,11.757142857142856,16.014285714285716,73.07142857142857,2.206285714285714,85.71428571428571,22.62,0.0,23.02857142857143,206.57142857142856,1021.3285714285714,87.28571428571429,15.271428571428572,1455
21.27142857142857,11.685714285714283,16.357142857142858,21.571428571428573,10.457142857142856,15.857142857142858,67.52857142857142,5.698714285714286,71.42857142857143,16.665714285714284,0.0,27.142857142857142,241.22857142857143,1014.8857142857142,71.41428571428571,18.428571428571427,1470
5.171428571428572,-1.8142857142857145,1.4857142857142858,3.9,-5.328571428571428,-1.3571428571428572,82.72857142857143,1.6465714285714286,42.85714285714285,14.287142857142856,1.3142857142857145,19.8,205.28571428571428,1016.6857142857144,73.92857142857143,12.285714285714286,2007
20.985714285714288,9.3,15.028571428571428,20.914285714285715,8.171428571428573,14.614285714285714,66.21428571428571,1.1978571428571427,42.85714285714285,7.738571428571428,0.0,25.557142857142857,115.9,1014.1428571428572,62.31428571428571,17.97142857142857,1477
2.7428571428571438,-4.614285714285715,-1.1,-0.4285714285714287,-10.228571428571428,-5.471428571428571,82.07142857142857,0.3809999999999999,71.42857142857143,9.525714285714288,7.575,22.67142857142857,142.04285714285714,1012.1142857142858,87.15714285714286,9.62857142857143,1786
21.085714285714285,10.9,15.828571428571427,21.085714285714285,10.1,15.585714285714284,68.2,1.5732857142857142,42.85714285714285,10.714285714285714,0.0,23.857142857142858,170.72857142857143,1019.1,68.94285714285715,17.87142857142857,1528
24.5,13.471428571428572,18.9,24.685714285714287,13.471428571428572,18.928571428571427,68.3,0.818,42.85714285714285,4.762857142857143,0.0,19.82857142857143,236.0,1018.7714285714284,51.7,19.728571428571428,1464
-2.657142857142857,-11.685714285714283,-7.085714285714286,-8.442857142857143,-18.342857142857145,-13.6,64.84285714285714,0.1032857142857142,42.85714285714285,3.571428571428572,2.5285714285714285,28.785714285714285,230.05714285714288,1024.1,61.3,17.3,1710
26.814285714285717,17.885714285714286,22.37142857142857,27.928571428571427,17.885714285714286,22.928571428571427,69.85714285714286,1.2145714285714284,71.42857142857143,14.285714285714286,0.0,17.5,134.7,1013.0857142857144,64.12857142857142,15.114285714285714,1406
22.542857142857144,13.228571428571428,17.985714285714288,22.542857142857144,12.928571428571429,17.928571428571427,70.81428571428572,2.9570000000000003,42.85714285714285,10.714285714285714,0.0,13.671428571428573,252.4142857142857,1018.4428571428572,56.84285714285714,15.37142857142857,1342
0.1142857142857142,-5.6571428571428575,-2.5,-1.957142857142857,-9.528571428571428,-6.0,79.14285714285714,1.1528571428571428,57.142857142857146,27.38142857142857,12.742857142857144,18.77142857142857,207.0142857142857,1012.8285714285714,90.0,10.585714285714284,1529
3.414285714285714,-1.8142857142857145,0.7142857142857143,1.3,-6.371428571428572,-2.6,83.41428571428571,2.2015714285714285,57.142857142857146,16.667142857142856,0.0,24.885714285714283,184.8857142857143,1016.8857142857142,73.34285714285714,13.114285714285714,1701
28.914285714285715,19.714285714285715,24.1,29.97142857142857,19.714285714285715,24.47142857142857,72.48571428571428,3.158142857142857,42.85714285714285,12.5,0.0,20.37142857142857,230.0142857142857,1012.8285714285714,57.17142857142857,15.242857142857144,1175
29.714285714285715,18.885714285714283,24.7,30.785714285714285,18.885714285714283,25.142857142857142,65.05714285714285,0.0864285714285714,14.285714285714286,1.19,0.0,19.5,222.15714285714284,1020.2285714285716,16.97142857142857,14.3,1255
9.6,3.5,6.085714285714286,8.142857142857142,0.7142857142857143,3.4857142857142853,83.71428571428571,5.090571428571429,100.0,29.16714285714286,1.9285714285714288,29.1,206.02857142857144,1010.4714285714286,87.21428571428571,11.014285714285714,1739
-1.0,-6.685714285714285,-3.571428571428572,-3.814285714285714,-10.585714285714284,-7.328571428571428,76.92857142857143,0.0,0.0,0.0,0.0714285714285714,19.928571428571427,190.72857142857143,1023.8571428571428,69.94285714285715,13.585714285714284,1804
14.142857142857142,1.542857142857143,7.514285714285714,14.142857142857142,-1.9,5.357142857142857,45.67142857142858,0.8421428571428571,14.285714285714286,4.761428571428572,0.0,27.6,136.14285714285714,1018.3,49.2,22.47142857142857,1765
9.714285714285714,1.0857142857142856,5.2,8.742857142857144,-1.6,3.2285714285714286,74.72857142857143,0.1252857142857142,28.571428571428573,3.571428571428572,0.0,19.74285714285714,245.04285714285717,1018.9571428571428,50.75714285714286,15.571428571428571,1404
17.7,9.37142857142857,13.6,17.7,8.757142857142856,13.257142857142856,85.42857142857143,3.0585714285714287,85.71428571428571,26.18857142857143,0.0,20.842857142857145,171.78571428571428,1010.2285714285716,78.8,12.257142857142856,1365
29.47142857142857,19.728571428571428,24.228571428571428,30.485714285714288,19.728571428571428,24.62857142857143,69.7,7.094,85.71428571428571,14.881428571428572,0.0,17.842857142857145,179.22857142857143,1015.3142857142856,75.31428571428572,14.957142857142856,1440
7.557142857142857,-3.771428571428572,1.7571428571428571,5.157142857142857,-8.457142857142857,-2.257142857142857,57.84285714285714,0.0315714285714285,14.285714285714286,0.5957142857142858,0.0,28.2,231.18571428571428,1019.842857142857,33.871428571428574,21.428571428571427,2061
-3.028571428571429,-10.9,-6.785714285714286,-8.942857142857143,-17.6,-13.214285714285714,72.84285714285714,0.7131428571428572,42.85714285714285,10.12,11.171428571428573,28.02857142857143,241.9857142857143,1021.9714285714286,59.285714285714285,17.67142857142857,1950
15.685714285714283,5.585714285714286,10.985714285714286,15.685714285714283,3.5142857142857147,10.171428571428573,57.62857142857143,1.4361428571428572,57.142857142857146,19.047142857142852,0.0,25.542857142857144,122.68571428571428,1005.7857142857144,56.34285714285714,14.042857142857144,1358
-4.385714285714286,-10.342857142857143,-7.1000000000000005,-6.428571428571429,-14.614285714285716,-10.985714285714286,79.8,0.0668571428571428,42.85714285714285,4.761428571428572,0.4142857142857143,17.7,253.8428571428572,1015.9714285714286,85.84285714285714,10.928571428571429,1559
5.114285714285714,-2.571428571428572,1.3714285714285714,1.3857142857142857,-7.6571428571428575,-3.142857142857143,67.7,2.276,100.0,14.882857142857144,0.0,27.97142857142857,241.6,1016.5714285714286,68.02857142857142,16.657142857142855,1645
2.957142857142857,-2.7142857142857144,0.2285714285714284,0.5857142857142856,-6.671428571428572,-3.185714285714286,80.18571428571428,1.3745714285714286,42.85714285714285,17.26142857142857,0.1714285714285714,24.24285714285714,219.22857142857143,1013.5142857142856,72.82857142857142,12.62857142857143,1646
23.085714285714285,9.971428571428572,16.614285714285714,22.9,9.042857142857144,16.442857142857143,65.37142857142858,0.3132857142857143,14.285714285714286,3.571428571428572,0.0,22.6,281.2714285714286,1019.0285714285714,33.41428571428572,16.17142857142857,1377
5.214285714285714,-0.7857142857142857,2.642857142857143,2.4285714285714284,-5.314285714285715,-1.2,85.18571428571428,1.1905714285714286,57.142857142857146,2.9771428571428573,0.0,24.25714285714286,227.5,1011.1285714285714,93.1,9.785714285714286,1653
-2.757142857142857,-10.942857142857145,-6.985714285714286,-7.985714285714286,-16.97142857142857,-12.957142857142856,69.81428571428572,0.576,42.85714285714285,8.334285714285715,2.0,23.6,248.9857142857143,1020.8857142857142,58.25714285714286,16.47142857142857,1834
5.457142857142857,-2.342857142857143,1.1142857142857143,2.528571428571429,-7.928571428571429,-3.2285714285714286,66.57142857142857,1.2202857142857142,28.571428571428573,5.357142857142857,0.0,26.857142857142858,184.92857142857144,1021.9857142857144,53.08571428571429,17.742857142857144,1621
10.44285714285714,0.2285714285714286,5.485714285714286,8.1,-3.5285714285714285,2.7142857142857144,63.614285714285714,0.7447142857142858,57.142857142857146,11.904285714285717,0.0571428571428571,24.6,184.17142857142855,1018.9571428571428,53.25714285714285,14.114285714285714,1537
26.342857142857145,17.2,22.057142857142857,27.1,17.2,22.12857142857143,73.15714285714286,1.3545714285714288,42.85714285714285,10.118571428571428,0.0,19.74285714285714,169.1,1015.9285714285714,60.17142857142857,14.828571428571427,1478
28.27142857142857,16.771428571428572,23.057142857142857,28.642857142857142,16.771428571428572,23.24285714285714,67.17142857142856,0.0,0.0,0.0,0.0,16.12857142857143,191.07142857142856,1022.7142857142856,23.928571428571427,14.757142857142856,1467
11.857142857142858,4.4,8.028571428571428,11.3,1.385714285714286,6.142857142857143,76.38571428571429,6.405714285714287,100.0,26.19142857142857,0.0285714285714285,20.342857142857145,114.35714285714286,1018.4142857142856,73.32857142857142,12.87142857142857,1539
8.285714285714286,1.542857142857143,4.8,5.7,-2.271428571428572,1.2428571428571429,64.54285714285714,1.6577142857142857,57.142857142857146,13.69,0.0571428571428571,24.82857142857143,209.17142857142855,1016.8142857142856,61.471428571428575,14.414285714285716,1425
26.314285714285717,16.757142857142856,21.685714285714287,27.77142857142857,16.757142857142856,22.071428571428573,70.11428571428571,4.993571428571428,57.142857142857146,16.071428571428573,0.0,23.014285714285712,237.4857142857143,1013.3857142857142,59.18571428571429,17.857142857142858,1389
9.1,2.9857142857142853,6.042857142857143,7.785714285714286,0.0142857142857143,3.8857142857142857,84.38571428571429,1.5948571428571428,71.42857142857143,16.667142857142856,0.0,21.75714285714286,201.6142857142857,1017.4428571428572,84.77142857142857,14.085714285714284,1758
25.17142857142857,15.085714285714287,19.985714285714288,25.557142857142857,15.085714285714287,20.014285714285712,66.85714285714286,2.6887142857142856,57.142857142857146,11.905714285714286,0.0,18.27142857142857,177.52857142857144,1015.6142857142858,66.45714285714287,15.87142857142857,1342
11.44285714285714,4.957142857142857,8.357142857142858,11.1,2.8285714285714287,6.785714285714286,82.68571428571428,3.370857142857143,57.142857142857146,17.857142857142858,3.0,21.642857142857142,163.9,1016.657142857143,86.21428571428571,12.5,1562
-5.3,-12.528571428571428,-8.485714285714286,-11.328571428571427,-21.82857142857143,-16.25714285714286,66.28571428571429,0.149,57.142857142857146,5.954285714285716,8.342857142857143,31.12857142857143,274.12857142857143,1011.842857142857,66.77142857142857,17.428571428571427,1683
11.257142857142856,1.7285714285714289,6.342857142857143,9.657142857142857,-0.3999999999999999,4.285714285714286,65.54285714285714,1.2505714285714284,28.571428571428573,2.9771428571428578,0.0,28.11428571428572,227.8857142857143,1010.9285714285714,44.15714285714286,14.857142857142858,1457
16.342857142857145,7.542857142857143,11.542857142857144,16.342857142857145,6.857142857142857,10.828571428571427,72.11428571428571,4.682571428571428,85.71428571428571,26.787142857142857,0.0,26.65714285714285,191.2,1007.5285714285714,79.37142857142858,14.542857142857144,1394
-3.4714285714285715,-8.671428571428573,-6.085714285714286,-6.642857142857143,-14.285714285714286,-11.271428571428572,81.08571428571429,0.2935714285714285,57.142857142857146,15.477142857142857,8.028571428571428,22.15714285714285,228.7428571428572,1011.0428571428572,80.28571428571429,10.957142857142856,1809
21.3,8.6,14.771428571428572,21.3,7.928571428571429,14.585714285714284,75.17142857142858,1.2864285714285713,28.571428571428573,11.308571428571428,0.0,18.2,197.3,1021.1857142857144,38.07142857142857,14.142857142857142,1402
26.357142857142858,11.971428571428572,19.385714285714283,26.014285714285712,11.971428571428572,19.314285714285717,60.785714285714285,0.0227142857142857,28.571428571428573,1.1914285714285715,0.0,12.785714285714286,282.8285714285714,1016.9285714285714,23.8,15.2,1286
22.842857142857145,13.94285714285714,18.3,22.842857142857145,13.94285714285714,18.3,75.51428571428572,0.992285714285714,71.42857142857143,14.881428571428572,0.0,14.9,176.08571428571432,1020.9428571428572,55.68571428571429,14.071428571428571,1281
-3.3428571428571425,-10.228571428571428,-6.485714285714287,-6.771428571428571,-16.95714285714286,-12.12857142857143,69.85714285714286,0.3535714285714286,42.85714285714285,7.142857142857143,7.5,24.61428571428572,246.9857142857143,1021.2142857142856,71.37142857142858,13.87142857142857,2098
10.714285714285714,-0.9285714285714288,4.885714285714286,10.014285714285714,-2.2142857142857144,3.7714285714285714,70.51428571428572,0.7284285714285714,42.85714285714285,6.548571428571429,1.0714285714285714,18.47142857142857,182.22857142857143,1015.5571428571428,46.84285714285714,12.657142857142857,1428
20.342857142857145,11.485714285714286,15.957142857142856,20.342857142857145,11.271428571428572,15.928571428571429,78.01428571428572,5.143571428571429,42.85714285714285,17.857142857142858,0.0,17.242857142857144,163.28571428571428,1016.3285714285714,55.52857142857143,13.94285714285714,1447
30.02857142857143,18.857142857142858,24.47142857142857,30.257142857142856,18.857142857142858,24.6,61.54285714285714,1.0387142857142857,42.85714285714285,5.952857142857143,0.0,23.071428571428573,183.64285714285717,1012.4857142857144,33.785714285714285,15.514285714285714,1390
20.585714285714285,9.042857142857144,15.0,20.585714285714285,7.428571428571429,14.542857142857144,72.54285714285714,1.885857142857143,71.42857142857143,16.665714285714284,0.0,27.12857142857143,235.32857142857145,1013.2714285714284,52.35714285714285,18.728571428571428,1509
29.62857142857143,16.742857142857144,22.928571428571427,29.2,16.742857142857144,22.82857142857143,61.95714285714286,1.1784285714285716,42.85714285714285,9.524285714285714,0.0,19.11428571428572,253.4,1017.5285714285714,24.528571428571432,14.385714285714286,1214
15.842857142857143,3.271428571428572,9.842857142857143,15.842857142857143,1.042857142857143,8.842857142857143,51.271428571428565,0.4037142857142857,14.285714285714286,2.381428571428572,0.0,20.77142857142857,177.9857142857143,1012.9428571428572,32.885714285714286,15.971428571428572,1543
13.685714285714283,2.5571428571428574,7.971428571428571,13.185714285714283,-0.2857142857142856,6.514285714285714,65.67142857142856,0.3088571428571428,28.571428571428573,2.38,0.0,24.77142857142857,231.62857142857143,1023.0714285714286,35.75714285714285,14.8,1503
17.67142857142857,7.414285714285714,12.828571428571427,17.271428571428572,5.871428571428571,12.085714285714287,63.142857142857146,6.090857142857142,42.85714285714285,26.19142857142857,0.0,21.571428571428573,187.3857142857143,1008.5857142857144,50.25714285714286,14.957142857142856,1368
-4.971428571428572,-13.957142857142856,-9.171428571428573,-10.12857142857143,-19.1,-14.828571428571433,75.28571428571429,0.5375714285714286,42.85714285714285,12.5,21.6,21.27142857142857,255.8857142857143,1010.6428571428572,70.75714285714285,11.271428571428572,1789
22.042857142857144,11.685714285714283,16.942857142857143,22.042857142857144,11.685714285714283,16.942857142857143,81.18571428571428,1.589142857142857,42.85714285714285,7.738571428571428,0.0,17.95714285714286,171.27142857142857,1019.157142857143,54.01428571428572,12.9,1424
12.514285714285714,4.442857142857142,8.414285714285715,11.27142857142857,1.4142857142857144,6.328571428571429,62.42857142857143,0.6817142857142857,28.571428571428573,4.762857142857143,0.0,26.62857142857143,255.3571428571429,1021.6857142857144,74.41428571428571,23.62857142857143,1586
8.371428571428572,-1.1142857142857143,3.585714285714286,6.828571428571428,-2.3428571428571425,1.9285714285714288,68.94285714285715,0.0167142857142857,28.571428571428573,1.1914285714285715,0.0,17.52857142857143,219.87142857142857,1018.0571428571428,52.22857142857144,15.4,1409
1.957142857142857,-8.428571428571429,-3.0428571428571423,-0.585714285714286,-13.285714285714286,-6.671428571428572,60.4,0.0,0.0,0.0,0.0,22.15714285714285,133.04285714285714,1024.1857142857143,40.05714285714286,15.785714285714286,1414
12.4,0.942857142857143,6.385714285714286,11.971428571428572,-1.6142857142857143,4.414285714285714,72.05714285714285,0.5672857142857143,42.85714285714285,9.524285714285714,21.0,25.32857142857143,173.81428571428572,1014.7714285714284,62.371428571428574,15.242857142857144,1564
11.314285714285717,4.8,8.385714285714286,10.614285714285714,2.314285714285714,7.1000000000000005,80.12857142857142,3.656,57.142857142857146,19.642857142857142,0.0,21.5,169.74285714285716,1013.5571428571428,69.04285714285714,11.585714285714284,1602
27.75714285714286,19.12857142857143,23.02857142857143,28.942857142857143,19.12857142857143,23.342857142857145,72.65714285714286,0.6645714285714286,28.571428571428573,4.167142857142857,0.0,19.52857142857143,203.3857142857143,1016.1142857142858,78.48571428571428,13.685714285714283,1420
13.685714285714283,3.4857142857142853,8.642857142857142,13.085714285714284,1.4714285714285713,7.1571428571428575,67.87142857142858,6.445714285714286,71.42857142857143,26.19,0.0,23.014285714285712,208.44285714285712,1022.2571428571428,55.21428571428572,14.285714285714286,1571
21.25714285714286,10.814285714285717,16.357142857142858,21.25714285714286,10.514285714285716,16.3,61.42857142857143,0.4384285714285714,42.85714285714285,6.548571428571429,0.0,27.65714285714285,205.5285714285714,1007.9,73.11428571428571,21.514285714285712,1617
2.457142857142857,0.4142857142857142,1.457142857142857,0.6714285714285715,-3.614285714285714,-1.8142857142857145,87.12857142857142,3.450714285714286,71.42857142857143,29.16714285714286,0.6142857142857142,19.514285714285712,170.29999999999998,1005.8142857142856,92.91428571428573,10.128571428571428,1660
-3.557142857142857,-12.3,-8.1,-7.471428571428571,-18.685714285714287,-14.185714285714283,72.97142857142858,0.8347142857142857,85.71428571428571,19.641428571428573,15.071428571428571,24.6,239.02857142857144,1016.0571428571428,66.37142857142858,12.3,1467
26.142857142857142,17.271428571428572,21.857142857142858,26.814285714285717,17.271428571428572,22.071428571428573,71.02857142857144,2.208857142857142,71.42857142857143,9.524285714285714,0.0,21.714285714285715,243.2571428571429,1014.5571428571428,49.92857142857143,15.05714285714286,1378
7.1571428571428575,1.1428571428571428,4.142857142857143,4.442857142857142,-2.357142857142857,0.8714285714285713,86.51428571428572,0.2278571428571428,42.85714285714285,5.951428571428571,1.9,23.15714285714285,222.0142857142857,1021.7142857142856,89.51428571428572,8.114285714285714,1777
25.37142857142857,10.114285714285714,17.342857142857145,25.228571428571428,9.828571428571427,17.285714285714285,71.41428571428573,0.0542857142857142,57.142857142857146,2.382857142857143,0.0,15.271428571428572,137.5142857142857,1025.142857142857,8.457142857142857,14.857142857142858,1374
0.5571428571428572,-4.228571428571429,-1.7714285714285711,-3.4,-10.685714285714283,-7.3428571428571425,73.14285714285714,0.7697142857142857,100.0,20.83428571428572,3.7285714285714286,28.6,268.7714285714286,1015.8142857142856,69.9,13.885714285714286,1604
21.957142857142856,15.0,18.52857142857143,21.97142857142857,15.0,18.52857142857143,71.91428571428571,0.7792857142857142,71.42857142857143,16.667142857142856,0.0,22.25714285714286,266.25714285714287,1007.3571428571428,74.24285714285715,15.285714285714286,1270
7.514285714285714,1.3142857142857145,4.342857142857143,4.914285714285714,-3.314285714285714,0.8714285714285713,75.02857142857144,2.968571428571429,71.42857142857143,32.142857142857146,1.5285714285714285,29.214285714285715,178.18571428571428,1012.6428571428572,89.88571428571429,14.3,1492
24.571428571428573,12.514285714285714,18.728571428571428,24.571428571428573,12.314285714285717,18.685714285714287,63.32857142857143,4.473428571428571,42.85714285714285,11.31,0.0,27.32857142857143,182.05714285714288,1010.2285714285716,64.82857142857144,19.057142857142857,1480
11.157142857142857,1.1428571428571428,5.742857142857143,9.814285714285717,-2.042857142857143,3.3714285714285714,64.42857142857143,1.0962857142857143,14.285714285714286,4.761428571428572,0.0,24.814285714285717,261.85714285714283,1017.9285714285714,39.94285714285714,14.257142857142856,1582
12.014285714285714,5.857142857142857,9.271428571428572,11.314285714285717,3.5285714285714285,7.528571428571429,79.11428571428571,4.291857142857142,57.142857142857146,23.212857142857143,0.0,28.814285714285717,168.4,1012.8857142857142,71.67142857142856,13.957142857142856,1384
26.0,13.957142857142856,20.142857142857142,25.7,13.957142857142856,20.1,64.05714285714285,0.0415714285714285,14.285714285714286,1.7857142857142858,0.0,19.428571428571427,181.7428571428572,1015.6714285714286,39.41428571428571,17.157142857142855,1467
18.242857142857144,5.914285714285714,12.071428571428571,18.242857142857144,4.6000000000000005,11.55714285714286,56.91428571428571,0.0351428571428571,14.285714285714286,1.19,0.0,20.47142857142857,197.28571428571428,1017.2285714285716,44.57142857142857,18.814285714285717,1661
17.142857142857142,8.128571428571428,12.542857142857144,17.142857142857142,7.3428571428571425,12.342857142857143,75.74285714285715,2.482,57.142857142857146,17.26142857142857,0.0,21.47142857142857,214.15714285714284,1017.1,63.81428571428571,22.685714285714287,1418
0.9142857142857144,-4.9,-1.9285714285714288,-3.028571428571429,-9.814285714285711,-6.471428571428571,76.91428571428571,1.8072857142857144,71.42857142857143,20.237142857142857,2.042857142857143,23.5,216.87142857142857,1010.157142857143,82.75714285714285,12.0,1597
11.4,2.271428571428572,6.714285714285714,11.05714285714286,-0.5857142857142856,4.914285714285714,74.72857142857143,3.3852857142857142,71.42857142857143,17.857142857142858,3.0,25.15714285714285,206.58571428571423,1018.1428571428572,61.12857142857143,12.828571428571427,1690
6.471428571428571,2.257142857142857,4.614285714285714,4.585714285714286,-1.157142857142857,2.0571428571428574,76.04285714285713,2.7108571428571437,85.71428571428571,31.547142857142852,0.0,20.571428571428573,216.58571428571423,1012.8142857142856,89.05714285714285,13.742857142857144,1445
25.74285714285714,13.885714285714286,20.228571428571428,25.82857142857143,13.885714285714286,20.25714285714286,59.3,1.141,42.85714285714285,5.951428571428571,0.0,22.457142857142856,270.88571428571424,1015.0,40.9,15.6,1285
21.38571428571429,10.87142857142857,15.971428571428572,21.38571428571429,10.657142857142857,15.914285714285716,67.48571428571428,2.7278571428571428,57.142857142857146,14.881428571428572,0.0,22.685714285714287,156.15714285714284,1012.5714285714286,43.957142857142856,14.885714285714286,1407
24.7,13.328571428571427,18.62857142857143,25.014285714285712,12.714285714285714,18.5,69.92857142857143,0.3275714285714285,28.571428571428573,4.1657142857142855,0.0,19.957142857142856,162.47142857142856,1021.2285714285716,30.857142857142858,12.671428571428573,1335
15.357142857142858,6.842857142857143,10.8,15.357142857142858,4.114285714285714,9.6,77.25714285714285,4.350857142857143,71.42857142857143,22.02285714285714,0.0,27.842857142857145,216.2428571428572,1011.6,75.18571428571428,17.1,1524
20.65714285714285,8.942857142857143,14.7,20.385714285714283,7.857142857142857,13.985714285714286,55.32857142857143,5.297571428571429,57.142857142857146,20.83285714285714,0.0571428571428571,27.914285714285715,258.1,1016.1,47.02857142857143,15.342857142857143,1520
-5.328571428571428,-9.1,-7.114285714285715,-9.671428571428573,-15.285714285714286,-12.685714285714283,79.18571428571428,0.6025714285714285,28.571428571428573,10.118571428571428,4.042857142857143,20.642857142857142,301.5571428571429,1019.1142857142858,83.77142857142857,12.571428571428571,1794
17.657142857142855,9.4,13.6,17.657142857142855,8.714285714285714,13.457142857142856,68.68571428571428,2.713,57.142857142857146,14.88,0.0,23.61428571428572,209.3,1008.5857142857144,72.87142857142858,17.157142857142855,1483
28.342857142857145,17.857142857142858,23.25714285714286,29.214285714285715,17.857142857142858,23.557142857142857,68.65714285714286,0.3924285714285714,71.42857142857143,6.547142857142857,0.0,16.914285714285715,155.91428571428574,1016.9428571428572,42.75714285714286,13.614285714285714,1361
17.942857142857143,5.971428571428571,11.571428571428571,17.942857142857143,4.5285714285714285,11.157142857142857,74.8,0.0425714285714285,14.285714285714286,1.19,0.0,17.271428571428572,187.5,1025.2857142857142,50.17142857142857,13.671428571428573,1505
27.9,18.47142857142857,23.157142857142865,28.514285714285712,18.47142857142857,23.3,66.65714285714286,0.575857142857143,28.571428571428573,4.761428571428572,0.0,17.785714285714285,168.4857142857143,1014.8285714285714,63.9,14.271428571428572,1486
16.54285714285714,6.814285714285715,11.9,16.114285714285714,4.742857142857143,10.87142857142857,70.32857142857144,3.848857142857143,57.142857142857146,20.83285714285714,0.0,24.7,211.87142857142857,1018.2571428571428,70.47142857142858,19.87142857142857,1521
-6.714285714285714,-15.8,-11.142857142857142,-12.685714285714283,-24.24285714285714,-18.32857142857143,67.18571428571428,0.1224285714285714,28.571428571428573,4.1657142857142855,3.6857142857142855,25.228571428571428,228.34285714285716,1028.142857142857,42.4,15.9,1846
13.771428571428572,5.5,9.542857142857144,13.771428571428572,3.471428571428571,8.185714285714285,74.31428571428572,0.1035714285714285,28.571428571428573,1.7857142857142858,0.0,25.02857142857143,194.07142857142856,1021.6,66.0142857142857,17.928571428571427,1534
19.042857142857144,7.442857142857143,13.085714285714284,19.042857142857144,6.757142857142857,12.814285714285717,70.17142857142856,6.708,28.571428571428573,16.665714285714284,0.0,24.728571428571428,216.05714285714288,1019.9,39.271428571428565,14.685714285714283,1582
7.285714285714286,-0.142857142857143,3.8285714285714287,5.128571428571428,-3.071428571428572,0.757142857142857,80.94285714285715,2.846142857142857,42.85714285714285,16.665714285714284,1.1428571428571428,26.257142857142856,226.6,1013.6285714285714,70.88571428571429,12.171428571428573,1568
10.171428571428573,0.2571428571428571,4.714285714285714,8.785714285714286,-2.8428571428571425,1.8142857142857145,67.98571428571428,0.4531428571428572,28.571428571428573,8.332857142857142,0.0,25.357142857142858,192.04285714285717,1010.8714285714286,65.82857142857144,20.77142857142857,1736
1.2285714285714289,-5.228571428571429,-1.942857142857143,-3.2285714285714286,-10.94285714285714,-7.3,68.8,0.9164285714285716,71.42857142857143,8.334285714285715,1.0,27.74285714285714,225.7571428571429,1019.3714285714286,85.62857142857142,16.67142857142857,1554
26.842857142857145,16.885714285714286,22.1,27.02857142857143,16.885714285714286,22.17142857142857,64.05714285714285,0.0,0.0,0.0,0.0,17.24285714285714,128.17142857142858,1018.9571428571428,44.87142857142857,15.457142857142856,1221
17.314285714285713,7.442857142857143,12.557142857142855,15.7,4.557142857142857,10.614285714285714,64.25714285714285,1.419857142857143,42.85714285714285,13.095714285714283,0.0,32.94285714285714,179.04285714285714,1016.5285714285714,70.9,19.357142857142858,1661
3.7285714285714286,-5.0,-0.7142857142857143,1.3000000000000005,-8.357142857142858,-3.7,73.25714285714285,0.0708571428571428,14.285714285714286,1.7857142857142858,0.0714285714285714,19.5,246.3857142857143,1021.9714285714286,41.5,14.05714285714286,1635
22.442857142857143,12.814285714285717,17.62857142857143,22.571428571428573,12.814285714285717,17.642857142857142,77.38571428571429,0.7808571428571429,42.85714285714285,8.334285714285715,0.0,16.128571428571426,181.0142857142857,1021.7571428571428,73.42857142857143,17.4,1299
3.757142857142857,-4.628571428571428,-0.9714285714285716,1.6428571428571428,-9.5,-5.371428571428572,75.22857142857143,3.991571428571429,71.42857142857143,18.452857142857145,2.2142857142857144,25.97142857142857,209.9142857142857,1013.842857142857,76.5,12.642857142857142,1690
28.228571428571428,16.714285714285715,22.642857142857142,28.914285714285715,16.714285714285715,22.857142857142858,64.14285714285714,0.0548571428571428,14.285714285714286,1.7857142857142858,0.0,16.114285714285714,143.21428571428572,1014.4857142857144,37.65714285714286,15.471428571428572,1289
8.714285714285714,2.7,5.914285714285716,6.885714285714286,-0.3999999999999999,3.1714285714285717,76.08571428571429,2.1795714285714287,100.0,17.26142857142857,0.0,26.97142857142857,181.14285714285717,1009.5,89.92857142857143,15.342857142857143,1546
12.571428571428571,5.357142857142857,8.785714285714286,11.642857142857142,1.5571428571428572,6.628571428571428,71.35714285714286,2.405571428571428,57.142857142857146,17.855714285714285,0.0,33.91428571428572,152.8714285714286,1016.1857142857144,75.75714285714285,16.157142857142855,1499
19.37142857142857,6.942857142857143,13.414285714285716,19.37142857142857,5.285714285714286,12.857142857142858,63.67142857142857,0.3551428571428571,14.285714285714286,1.7857142857142858,0.0,23.457142857142856,146.05714285714288,1018.1857142857144,49.642857142857146,26.071428571428573,1478
20.685714285714287,11.814285714285717,16.157142857142855,20.685714285714287,11.157142857142857,16.0,73.02857142857144,2.398,57.142857142857146,12.498571428571427,0.0,22.77142857142857,247.4142857142857,1012.7142857142856,51.24285714285714,17.357142857142858,1413
-0.5285714285714286,-5.114285714285714,-2.9,-4.9,-11.114285714285714,-8.042857142857143,82.85714285714286,2.504714285714286,57.142857142857146,29.16714285714286,14.842857142857143,22.728571428571428,259.5285714285714,1015.0571428571428,83.81428571428572,13.05714285714286,1884
26.485714285714288,15.857142857142858,21.428571428571427,26.685714285714287,15.857142857142858,21.457142857142856,68.57142857142857,0.5638571428571428,57.142857142857146,6.548571428571429,0.0,17.114285714285714,207.2,1014.8571428571428,37.17142857142857,14.514285714285714,1257
27.7,18.142857142857142,22.885714285714283,28.74285714285714,18.142857142857142,23.085714285714285,69.21428571428571,10.188142857142855,71.42857142857143,21.43,0.0,20.857142857142858,131.22857142857143,1014.0142857142856,66.24285714285715,15.557142857142855,1412
-0.9,-8.328571428571427,-4.342857142857143,-5.428571428571429,-14.585714285714284,-9.37142857142857,71.65714285714286,0.2384285714285714,57.142857142857146,7.142857142857143,1.35,24.17142857142857,273.62857142857143,1015.3571428571428,68.35714285714286,17.400000000000002,2148
7.257142857142857,-0.7285714285714285,3.085714285714286,5.357142857142857,-5.3,-0.3142857142857141,63.9,3.0435714285714286,42.85714285714285,18.45142857142857,0.5285714285714286,25.0,217.54285714285717,1020.1714285714286,61.84285714285714,14.757142857142856,1535
18.585714285714285,8.571428571428571,13.928571428571429,18.585714285714285,7.557142857142857,13.528571428571428,67.04285714285713,0.9102857142857144,28.571428571428573,5.951428571428571,0.0,22.61428571428572,95.95714285714284,1022.3142857142856,43.4,14.857142857142858,1467
0.6,-6.085714285714286,-2.7,-3.085714285714286,-11.257142857142856,-7.257142857142857,79.58571428571429,0.156,28.571428571428573,5.357142857142857,6.9,24.04285714285714,257.95714285714286,1013.657142857143,70.58571428571429,14.228571428571428,1702
16.17142857142857,2.5285714285714285,8.871428571428572,16.17142857142857,1.8571428571428568,8.6,62.114285714285714,0.1431428571428571,14.285714285714286,1.19,0.0,16.357142857142858,231.0,1025.9571428571428,35.3,15.142857142857142,1493
-2.442857142857143,-10.242857142857144,-5.9,-7.757142857142857,-16.842857142857145,-11.571428571428571,61.15714285714286,0.2805714285714286,42.85714285714285,4.762857142857143,3.9,26.042857142857144,182.7,1020.5571428571428,54.84285714285715,17.985714285714288,1719
22.7,14.7,18.6,22.814285714285717,14.471428571428572,18.61428571428572,78.94285714285715,0.2008571428571428,57.142857142857146,5.954285714285715,0.0,17.942857142857143,240.55714285714288,1016.6857142857144,68.8,14.528571428571428,1361
27.61428571428572,15.814285714285711,21.814285714285717,28.857142857142858,15.642857142857142,22.142857142857142,70.95714285714286,0.3357142857142857,42.85714285714285,2.381428571428572,0.0,19.371428571428574,166.41428571428574,1019.2857142857144,45.04285714285714,16.714285714285715,1320
5.414285714285714,-0.4285714285714285,2.3285714285714283,2.8857142857142857,-3.3,-0.3142857142857142,77.39999999999999,1.4760000000000002,42.85714285714285,12.5,0.3999999999999999,20.814285714285717,223.37142857142857,1023.4142857142856,80.25714285714285,13.2,1635
25.485714285714288,15.62857142857143,20.528571428571432,25.485714285714288,15.62857142857143,20.528571428571432,76.7,3.683714285714285,57.142857142857146,3.5728571428571425,0.0,19.3,175.21428571428572,1017.157142857143,55.08571428571429,15.142857142857142,1444
4.057142857142858,0.0428571428571428,2.257142857142857,0.6142857142857144,-4.971428571428571,-2.042857142857143,85.27142857142857,2.7464285714285714,100.0,41.66571428571428,6.425,24.514285714285712,222.44285714285712,1008.4142857142856,96.64285714285714,11.0,1721
7.428571428571429,-0.9428571428571428,3.3428571428571425,4.771428571428571,-4.3,-0.0999999999999999,76.55714285714285,2.446,28.571428571428573,8.928571428571429,4.166666666666667,33.042857142857144,222.95714285714288,1018.2,78.85714285714286,14.914285714285716,1620
2.457142857142857,-1.085714285714286,0.5571428571428572,-0.442857142857143,-5.828571428571429,-3.5285714285714285,82.62857142857142,1.954,71.42857142857143,16.665714285714284,0.0,23.285714285714285,194.0,1015.7714285714284,97.97142857142856,13.671428571428573,1697
22.5,12.62857142857143,17.942857142857143,22.77142857142857,12.257142857142856,17.95714285714286,73.68571428571428,1.1135714285714289,42.85714285714285,5.952857142857143,0.0,22.8,268.7,1018.0857142857144,58.5,20.37142857142857,1391
25.414285714285715,12.842857142857143,19.02857142857143,25.642857142857142,12.842857142857143,19.071428571428573,69.9,0.3947142857142857,14.285714285714286,2.975714285714285,0.0,19.61428571428572,167.95714285714286,1019.7714285714284,26.314285714285717,14.44285714285714,1478
4.4,0.157142857142857,2.371428571428571,2.0285714285714285,-3.5,-0.7857142857142857,86.57142857142857,2.228285714285714,71.42857142857143,27.97571428571428,0.0,18.62857142857143,191.91428571428568,1015.7857142857144,88.91428571428571,10.55714285714286,1500
10.657142857142857,-0.6000000000000002,4.957142857142857,8.742857142857144,-3.971428571428572,1.9714285714285715,61.871428571428574,0.5365714285714286,42.85714285714285,7.142857142857143,1.0,27.485714285714288,242.64285714285717,1023.8142857142856,55.8,21.02857142857143,1595
34.05714285714286,16.842857142857145,26.15714285714285,32.92857142857143,16.842857142857145,25.75714285714286,44.65714285714286,0.0,0.0,0.0,0.0,18.2,226.8428571428572,1019.157142857143,30.52857142857143,16.97142857142857,1392
17.357142857142858,7.814285714285715,12.214285714285714,17.02857142857143,6.457142857142857,11.214285714285714,70.78571428571429,3.1184285714285718,42.85714285714285,21.427142857142854,0.0,26.31428571428572,209.2428571428572,1019.8857142857142,58.72857142857144,17.12857142857143,1557
27.3,14.614285714285714,21.142857142857142,27.2,14.5,21.12857142857143,64.32857142857144,1.8317142857142856,42.85714285714285,8.334285714285715,0.0,21.428571428571427,224.14285714285717,1018.0285714285714,42.62857142857143,20.47142857142857,1445
10.12857142857143,4.1571428571428575,7.142857142857143,8.985714285714286,1.4285714285714286,5.228571428571428,76.85714285714286,3.1565714285714286,85.71428571428571,31.545714285714286,0.0,19.185714285714287,142.5142857142857,1008.0428571428572,91.5,11.142857142857142,1698
26.571428571428573,14.728571428571428,20.685714285714283,26.585714285714285,14.728571428571428,20.7,72.35714285714286,4.088428571428572,57.142857142857146,12.501428571428573,0.0,21.67142857142857,194.52857142857144,1014.5571428571428,58.55714285714286,17.1,1512
1.8,-1.4714285714285715,0.1714285714285714,-1.3142857142857145,-6.842857142857143,-4.414285714285715,83.85714285714286,1.5444285714285717,57.142857142857146,17.857142857142858,1.5,24.9,211.3142857142857,1020.157142857143,95.1,12.814285714285717,1581
27.857142857142858,19.714285714285715,23.414285714285715,29.914285714285715,19.714285714285715,24.11428571428572,79.61428571428573,4.480857142857142,71.42857142857143,17.26142857142857,0.0,18.75714285714286,151.37142857142857,1021.4571428571428,46.2,15.271428571428572,1367
0.9571428571428572,-4.557142857142857,-1.3,-2.0,-9.0,-5.285714285714286,78.84285714285714,3.343857142857143,71.42857142857143,29.762857142857143,7.38,24.228571428571428,189.42857142857144,1013.657142857143,86.81428571428572,10.157142857142858,1673
11.542857142857144,3.642857142857143,7.442857142857143,10.314285714285717,0.6142857142857141,5.342857142857143,67.27142857142857,1.647714285714286,42.85714285714285,8.927142857142856,0.0,25.457142857142856,137.12857142857143,1016.2714285714284,62.04285714285714,13.62857142857143,1538
28.885714285714283,18.6,23.414285714285715,29.957142857142856,18.6,23.885714285714283,70.72857142857143,2.503142857142857,57.142857142857146,7.738571428571428,3.0,27.02857142857143,236.8714285714286,1015.5428571428572,46.01428571428572,16.642857142857142,1439
14.285714285714286,7.214285714285714,10.571428571428571,13.642857142857142,5.571428571428571,9.542857142857144,75.39999999999999,5.232428571428571,85.71428571428571,23.214285714285715,0.0,26.87142857142857,226.3571428571429,1015.1428571428572,76.94285714285715,15.571428571428571,1534
-2.1,-10.385714285714286,-5.828571428571428,-5.957142857142857,-15.628571428571428,-10.62857142857143,75.14285714285714,0.4827142857142857,28.571428571428573,9.524285714285714,6.12,21.942857142857143,228.8571428571429,1018.7714285714284,61.82857142857142,14.085714285714284,1539
25.97142857142857,15.085714285714284,20.4,26.67142857142857,14.928571428571429,20.571428571428573,69.05714285714286,0.9798571428571428,57.142857142857146,9.525714285714288,0.0,25.314285714285717,237.94285714285712,1016.5571428571428,62.77142857142858,18.857142857142858,1448
-3.3428571428571425,-13.642857142857142,-8.5,-9.071428571428571,-20.185714285714287,-14.642857142857142,76.72857142857143,0.2635714285714285,57.142857142857146,6.548571428571429,12.728571428571428,25.542857142857144,243.7142857142857,1022.8714285714284,71.08571428571429,15.5,1927
24.414285714285715,14.671428571428573,19.185714285714287,24.414285714285715,14.671428571428573,19.185714285714287,78.05714285714285,2.1845714285714286,85.71428571428571,16.071428571428573,0.0,13.55714285714286,72.18571428571428,1022.4142857142856,56.3,12.2,1289
3.6,-3.542857142857143,0.1571428571428571,-0.2428571428571428,-8.014285714285714,-4.2,78.77142857142857,0.2042857142857143,28.571428571428573,3.571428571428572,2.3285714285714287,25.52857142857143,221.72857142857143,1021.6714285714286,57.41428571428571,16.45714285714286,1824
26.17142857142857,16.5,20.75714285714286,26.457142857142856,16.5,20.785714285714285,82.81428571428572,6.287571428571428,57.142857142857146,8.928571428571429,0.0,16.614285714285714,175.85714285714286,1015.6142857142858,59.54285714285714,8.32857142857143,1320
6.6000000000000005,-2.071428571428572,2.1142857142857143,3.4857142857142853,-6.671428571428572,-1.7999999999999996,67.07142857142857,1.2892857142857144,71.42857142857143,14.881428571428572,1.5,25.97142857142857,229.14285714285717,1018.9142857142856,64.08571428571429,17.2,1693
17.5,5.571428571428571,11.028571428571428,17.214285714285715,3.271428571428572,9.94285714285714,71.10000000000001,1.9845714285714289,57.142857142857146,8.930000000000001,0.0,28.285714285714285,239.32857142857145,1013.3857142857142,60.21428571428572,20.67142857142857,1554
27.27142857142857,17.12857142857143,22.11428571428572,27.957142857142856,17.12857142857143,22.314285714285717,79.3,1.7444285714285714,42.85714285714285,17.262857142857143,0.0,18.02857142857143,137.0,1016.1714285714286,46.92857142857143,13.87142857142857,1474
-1.5285714285714285,-10.657142857142858,-5.742857142857143,-6.142857142857143,-15.757142857142856,-10.528571428571428,69.74285714285715,1.5512857142857144,57.142857142857146,16.667142857142856,4.485714285714286,24.11428571428572,201.5,1013.3571428571428,68.55714285714285,13.742857142857144,1559
23.428571428571427,13.928571428571429,18.985714285714288,23.428571428571427,13.742857142857142,18.957142857142856,64.4,3.615,42.85714285714285,9.524285714285714,0.0,22.82857142857143,258.5,1013.2142857142856,62.31428571428573,20.1,1414
27.61428571428572,19.014285714285712,23.27142857142857,28.02857142857143,19.014285714285712,23.457142857142856,70.75714285714285,1.0491428571428572,71.42857142857143,15.477142857142857,0.0,22.342857142857145,203.42857142857144,1014.3142857142856,51.15714285714286,14.914285714285716,1191
-2.8000000000000003,-11.785714285714286,-7.042857142857143,-8.542857142857143,-19.714285714285715,-14.0,70.64285714285714,1.4821428571428572,42.85714285714285,8.332857142857142,4.5,32.92857142857143,233.82857142857145,1016.0428571428572,60.1,16.9,1723
26.02857142857143,15.657142857142857,21.11428571428571,26.442857142857143,15.657142857142857,21.185714285714287,70.67142857142858,2.7041428571428576,57.142857142857146,7.738571428571428,0.0,19.557142857142857,211.4857142857143,1014.7428571428572,49.65714285714286,15.485714285714286,1412
27.285714285714285,18.9,22.785714285714285,28.585714285714285,18.9,23.17142857142857,80.82857142857142,0.7734285714285714,28.571428571428573,4.167142857142857,0.0,17.12857142857143,129.1,1016.5142857142856,56.34285714285714,10.9,1394
4.757142857142857,-3.6,0.6285714285714284,0.2142857142857142,-9.314285714285717,-4.242857142857143,65.8,0.4067142857142857,28.571428571428573,5.952857142857143,4.875,31.47142857142857,235.28571428571428,1017.7285714285716,46.971428571428575,14.271428571428572,1588
24.87142857142857,13.971428571428572,19.857142857142858,25.3,13.87142857142857,19.985714285714288,63.471428571428575,1.3738571428571429,14.285714285714286,5.952857142857143,0.0,18.142857142857142,272.1,1017.9714285714286,45.885714285714286,20.3,1280
5.942857142857143,-1.157142857142857,2.3857142857142857,2.7,-6.1000000000000005,-1.7142857142857142,74.07142857142857,2.5385714285714287,57.142857142857146,21.43,4.6,27.62857142857143,214.9,1019.3571428571428,73.71428571428571,14.771428571428572,1635
1.5,-4.542857142857143,-1.5142857142857145,-1.042857142857143,-9.214285714285714,-5.442857142857143,83.0,1.6997142857142855,57.142857142857146,17.26142857142857,1.7857142857142858,22.5,185.32857142857145,1015.2428571428572,83.05714285714285,12.028571428571428,1544
2.557142857142857,-5.057142857142857,-1.542857142857143,-2.314285714285714,-10.5,-6.585714285714286,76.28571428571429,3.208142857142857,57.142857142857146,15.477142857142857,4.0,30.842857142857145,237.18571428571428,1019.4428571428572,62.11428571428571,17.95714285714286,1697
-3.157142857142857,-10.271428571428572,-6.0,-5.557142857142857,-13.542857142857144,-10.428571428571429,76.17142857142858,0.3191428571428571,57.142857142857146,11.311428571428571,2.042857142857143,21.12857142857143,251.62857142857143,1016.5142857142856,78.71428571428571,12.685714285714283,1443
28.942857142857143,15.87142857142857,22.385714285714283,28.685714285714287,15.87142857142857,22.342857142857145,64.74285714285715,0.2047142857142857,28.571428571428573,2.38,0.0,21.442857142857143,208.1142857142857,1017.2714285714284,42.87142857142857,18.571428571428573,1383
24.857142857142858,15.585714285714284,20.057142857142857,25.385714285714283,15.585714285714284,20.185714285714287,70.32857142857144,2.677285714285714,71.42857142857143,13.69,0.0,23.08571428571429,202.47142857142856,1010.0285714285714,66.0,12.44285714285714,1309
24.928571428571427,14.071428571428571,19.11428571428572,25.47142857142857,14.071428571428571,19.285714285714285,71.35714285714286,2.312142857142857,57.142857142857146,11.905714285714286,0.0,21.5,211.1,1017.0571428571428,39.72857142857144,14.614285714285714,1361
20.61428571428572,11.271428571428572,15.657142857142857,20.785714285714285,9.871428571428572,15.271428571428572,64.82857142857144,0.1404285714285714,57.142857142857146,7.142857142857143,0.0,21.62857142857143,244.95714285714288,1018.0285714285714,64.44285714285715,13.87142857142857,1484
4.457142857142857,-2.8857142857142857,1.1,2.642857142857143,-5.7,-1.7714285714285716,77.78571428571429,0.1947142857142857,57.142857142857146,6.548571428571429,0.2285714285714286,23.728571428571428,257.92857142857144,1018.4428571428572,72.34285714285714,13.457142857142856,1525
20.65714285714285,10.157142857142857,15.471428571428572,20.65714285714285,9.528571428571428,15.285714285714286,64.34285714285714,1.1357142857142857,71.42857142857143,14.881428571428572,0.0,29.0,221.3142857142857,1014.8,72.64285714285714,20.557142857142857,1523
21.11428571428572,10.971428571428572,15.657142857142857,21.11428571428572,10.971428571428572,15.657142857142857,70.92857142857143,1.896857142857143,42.85714285714285,10.715714285714286,0.0,21.728571428571428,202.5,1015.7,51.05714285714286,14.728571428571428,1312
17.2,7.471428571428571,12.0,17.2,6.114285714285714,11.4,75.67142857142858,3.5534285714285714,28.571428571428573,7.737142857142857,0.0,21.885714285714283,158.57142857142858,1019.4857142857144,48.457142857142856,15.442857142857145,1389
-3.6142857142857134,-10.971428571428572,-7.2,-6.342857142857143,-17.885714285714286,-12.5,81.18571428571428,5.074714285714285,85.71428571428571,36.90428571428571,24.82857142857143,24.071428571428573,154.20000000000002,1023.7285714285716,75.07142857142857,10.971428571428572,1678
28.071428571428573,18.17142857142857,22.842857142857145,29.27142857142857,18.17142857142857,23.142857142857142,76.48571428571428,3.4015714285714287,85.71428571428571,11.31,0.0,19.442857142857143,219.9,1013.6,46.18571428571429,14.714285714285714,1413
13.614285714285714,4.428571428571429,8.8,12.285714285714286,1.0571428571428574,6.671428571428572,70.98571428571428,1.7344285714285714,71.42857142857143,25.595714285714287,1.0,27.75714285714286,208.4142857142857,1011.9142857142856,78.8,16.47142857142857,1530
20.042857142857144,5.442857142857143,13.271428571428572,20.042857142857144,3.628571428571429,12.857142857142858,48.58571428571429,0.0,0.0,0.0,0.0,23.6,82.28571428571429,1018.4857142857144,22.642857142857142,22.82857142857143,1607
14.44285714285714,5.771428571428571,9.685714285714283,14.44285714285714,3.742857142857143,8.571428571428571,77.44285714285715,3.282,42.85714285714285,18.452857142857145,0.0,24.685714285714283,192.9857142857143,1016.3285714285714,69.98571428571428,14.528571428571428,1479
7.742857142857143,1.2571428571428571,4.614285714285714,5.571428571428571,-2.7,1.3428571428571427,77.0,1.4307142857142858,71.42857142857143,22.02285714285714,1.0,26.428571428571427,260.15714285714284,1014.8142857142856,88.3,16.071428571428573,1711
19.37142857142857,6.342857142857143,13.2,19.37142857142857,4.785714285714286,12.685714285714283,53.75714285714286,0.1265714285714285,14.285714285714286,3.571428571428572,0.0,18.514285714285712,131.32857142857142,1012.9428571428572,28.857142857142858,15.842857142857143,1479
25.285714285714285,14.714285714285714,20.2,25.585714285714285,14.714285714285714,20.25714285714286,70.85714285714286,2.617714285714285,28.571428571428573,4.167142857142857,0.0,19.985714285714288,231.9142857142857,1016.0428571428572,52.85714285714285,18.52857142857143,1371
19.27142857142857,9.37142857142857,13.9,19.27142857142857,8.528571428571428,13.7,77.82857142857142,1.0991428571428572,28.571428571428573,4.762857142857143,0.0,19.685714285714287,171.41428571428574,1018.9571428571428,64.78571428571429,17.1,1571
11.7,3.8428571428571434,7.828571428571428,11.185714285714283,1.385714285714286,6.271428571428571,73.58571428571429,1.6841428571428572,42.85714285714285,14.285714285714286,0.0,25.87142857142857,209.17142857142855,1010.7142857142856,72.88571428571429,13.185714285714283,1720
4.828571428571428,-2.3428571428571425,1.2428571428571429,1.8857142857142857,-7.071428571428571,-3.3285714285714287,65.24285714285715,0.019,14.285714285714286,0.5957142857142858,0.0,26.3,275.4428571428571,1020.4714285714286,51.871428571428574,20.0,1674
28.928571428571427,18.714285714285715,23.97142857142857,29.6,18.714285714285715,24.214285714285715,70.78571428571429,2.8150000000000004,28.571428571428573,7.738571428571428,0.0,14.62857142857143,192.65714285714284,1015.7428571428572,46.32857142857143,15.485714285714286,1335
20.842857142857145,10.742857142857142,15.6,20.8,10.142857142857142,15.514285714285714,74.38571428571429,1.426,28.571428571428573,7.142857142857143,0.0,19.571428571428573,186.72857142857143,1017.9714285714286,36.71428571428572,14.414285714285716,1457
1.5142857142857145,-5.1571428571428575,-2.3714285714285714,-1.942857142857143,-10.928571428571429,-7.014285714285714,80.2,1.4071428571428573,42.85714285714285,10.714285714285714,3.3666666666666667,23.785714285714285,223.08571428571423,1012.4,90.08571428571427,12.285714285714286,1674
8.057142857142859,0.0,4.342857142857143,5.714285714285714,-3.028571428571429,1.514285714285714,71.05714285714285,1.2777142857142856,57.142857142857146,14.88,0.0,24.47142857142857,241.0142857142857,1015.6714285714286,68.91428571428573,15.9,1485
26.014285714285712,14.385714285714286,20.085714285714285,26.214285714285715,14.385714285714286,20.12857142857143,68.84285714285714,0.6501428571428571,28.571428571428573,3.571428571428572,0.0,20.6,197.5142857142857,1012.5428571428572,44.98571428571428,17.22857142857143,1393
10.0,-0.0571428571428572,4.614285714285714,8.371428571428572,-3.185714285714286,2.2857142857142856,57.87142857142857,0.3132857142857143,14.285714285714286,5.952857142857143,0.0,21.4,161.18571428571428,1021.4857142857144,58.84285714285714,15.385714285714286,1483
0.2857142857142857,-9.771428571428572,-3.9,-4.285714285714286,-14.414285714285716,-8.700000000000001,70.68571428571428,0.013,28.571428571428573,1.1914285714285715,5.457142857142857,26.042857142857144,265.68571428571425,1011.8857142857144,62.54285714285714,12.314285714285717,1626
18.685714285714287,10.114285714285714,14.071428571428571,18.685714285714287,9.8,14.028571428571428,76.48571428571428,0.235,28.571428571428573,3.571428571428572,0.0,18.97142857142857,178.17142857142858,1019.842857142857,55.642857142857146,11.828571428571427,1472
24.17142857142857,16.514285714285716,20.3,24.357142857142858,16.514285714285716,20.3,80.84285714285714,2.669857142857143,85.71428571428571,22.618571428571425,0.0,14.457142857142856,185.3142857142857,1015.6428571428572,74.05714285714285,13.528571428571428,1401
25.61428571428571,17.457142857142856,21.24285714285714,26.02857142857143,17.457142857142856,21.342857142857145,75.39999999999999,1.1108571428571428,71.42857142857143,6.547142857142857,0.0,17.428571428571427,193.7,1015.5571428571428,62.371428571428574,15.585714285714284,1388
2.5,-4.428571428571429,-0.6428571428571429,-0.985714285714286,-9.828571428571427,-5.0,78.07142857142857,1.677,42.85714285714285,13.691428571428572,0.0,25.414285714285715,274.31428571428575,1015.1714285714286,80.77142857142857,14.771428571428572,1723
20.442857142857143,13.62857142857143,16.885714285714286,20.928571428571427,13.414285714285716,16.914285714285715,81.38571428571429,3.658428571428572,57.142857142857146,17.855714285714285,0.0,18.77142857142857,184.9857142857143,1018.3,76.55714285714285,17.9,1433
15.328571428571427,2.6,8.971428571428572,14.3,1.1428571428571428,7.728571428571429,61.9,0.8527142857142858,28.571428571428573,9.524285714285714,0.0,20.485714285714288,132.84285714285713,1013.6285714285714,49.32857142857143,14.228571428571428,1423
27.785714285714285,18.32857142857143,23.042857142857144,28.67142857142857,18.32857142857143,23.2,70.12857142857142,1.270857142857143,71.42857142857143,10.12,0.0,16.428571428571427,290.87142857142857,1016.1714285714286,45.385714285714286,15.685714285714283,1252
28.528571428571432,15.44285714285714,23.17142857142857,28.9,15.44285714285714,23.27142857142857,73.11428571428571,0.3571428571428571,14.285714285714286,0.5957142857142858,0.0,17.4,189.57142857142856,1019.4428571428572,38.971428571428575,15.900000000000002,1385
2.0142857142857147,-6.6000000000000005,-2.685714285714286,-2.0,-14.157142857142857,-8.471428571428572,79.54285714285713,0.8335714285714285,57.142857142857146,13.094285714285714,8.4,34.41428571428572,215.78571428571428,1007.8285714285714,88.37142857142858,11.542857142857144,2778
26.514285714285712,15.985714285714286,21.5,26.9,15.985714285714286,21.6,67.88571428571429,5.489714285714285,57.142857142857146,16.667142857142856,0.0,18.342857142857145,192.2428571428572,1014.2285714285716,63.58571428571429,15.242857142857144,1380
0.0,-4.871428571428572,-2.314285714285714,-2.7285714285714286,-8.757142857142856,-5.685714285714285,83.3,2.0357142857142856,71.42857142857143,24.40571428571429,0.6857142857142857,16.014285714285716,117.75714285714288,1018.6571428571428,86.42857142857143,12.328571428571427,1710
6.614285714285714,-0.7285714285714285,2.8857142857142857,4.071428571428571,-4.557142857142857,-0.2571428571428572,68.61428571428571,0.019,14.285714285714286,0.5957142857142858,0.0,23.82857142857143,203.04285714285717,1023.8714285714284,67.82857142857144,16.071428571428573,1558
24.4,12.642857142857142,18.242857142857144,24.37142857142857,12.414285714285716,18.2,66.14285714285714,0.1567142857142857,28.571428571428573,1.1914285714285715,0.0,20.214285714285715,275.2,1015.0285714285714,45.85714285714285,17.7,1469
8.0,-0.5857142857142856,4.042857142857143,5.114285714285714,-5.057142857142857,0.257142857142857,61.8,0.2972857142857142,28.571428571428573,4.762857142857143,0.3333333333333333,34.128571428571426,232.9,1019.5285714285714,52.65714285714286,21.314285714285717,1464
30.5,18.785714285714285,24.857142857142858,30.928571428571427,18.785714285714285,25.0,62.17142857142857,1.917857142857143,42.85714285714285,10.714285714285714,0.0,21.25714285714286,229.08571428571423,1012.1285714285716,46.9,15.44285714285714,1461
28.0,15.514285714285714,22.071428571428573,29.142857142857142,15.514285714285714,22.342857142857145,67.47142857142858,3.0312857142857146,42.85714285714285,7.142857142857143,0.0,23.75714285714286,215.77142857142857,1015.3285714285714,54.285714285714285,15.985714285714286,1275
26.057142857142857,12.685714285714283,19.685714285714287,26.24285714285714,12.457142857142856,19.75714285714286,50.385714285714286,0.0,0.0,0.0,0.0,28.714285714285715,230.9,1014.9857142857144,41.68571428571428,23.928571428571427,1454
7.899999999999999,-0.2857142857142857,3.2142857142857144,6.3,-3.3285714285714287,0.357142857142857,86.04285714285713,8.322142857142858,57.142857142857146,31.547142857142852,1.5428571428571427,21.014285714285712,199.14285714285717,1022.7428571428572,82.01428571428572,12.357142857142858,1819
12.571428571428571,1.842857142857143,7.457142857142856,11.785714285714286,-1.5571428571428572,5.371428571428572,52.85714285714285,0.1525714285714285,42.85714285714285,5.357142857142857,0.0,27.6,220.5,1011.0428571428572,45.114285714285714,15.642857142857142,1525
9.757142857142856,-1.9714285714285715,3.5,8.457142857142857,-5.8,0.4428571428571429,65.8,0.2297142857142857,28.571428571428573,2.9771428571428578,0.0,24.02857142857143,177.47142857142856,1016.9714285714286,49.971428571428575,16.32857142857143,1830
-4.6,-12.071428571428571,-8.557142857142857,-7.8,-19.15714285714285,-14.542857142857144,65.07142857142857,0.0877142857142857,28.571428571428573,4.762857142857143,0.2857142857142857,28.27142857142857,254.7,1020.3,71.60000000000001,12.957142857142856,1648
18.75714285714286,9.357142857142858,14.042857142857144,18.65714285714285,7.828571428571428,13.3,58.52857142857143,2.453285714285714,14.285714285714286,8.332857142857142,0.0,24.928571428571427,138.92857142857142,1015.5,75.74285714285715,17.2,1529
7.014285714285714,-2.0571428571428574,2.4285714285714284,4.957142857142857,-6.128571428571428,-0.9000000000000001,62.55714285714286,1.4725714285714286,28.571428571428573,14.285714285714286,5.220000000000001,22.728571428571428,123.97142857142856,1017.6428571428572,64.24285714285715,18.185714285714287,1604
24.842857142857145,15.257142857142856,20.357142857142858,25.1,15.257142857142856,20.385714285714283,68.47142857142858,3.3018571428571426,28.571428571428573,8.928571428571429,0.0,20.77142857142857,203.7428571428571,1014.4,45.21428571428572,15.142857142857142,1312
27.3,14.44285714285714,21.285714285714285,26.985714285714288,14.44285714285714,21.24285714285714,57.54285714285714,0.7658571428571428,14.285714285714286,1.7857142857142858,0.0,21.542857142857144,268.1428571428572,1016.342857142857,35.08571428571428,15.671428571428573,1331
12.914285714285716,1.3714285714285714,7.228571428571429,11.94285714285714,-1.0571428571428572,5.528571428571429,66.57142857142857,2.626142857142857,42.85714285714285,17.85857142857143,0.0,21.61428571428572,136.22857142857143,1015.4571428571428,55.77142857142858,18.071428571428573,1638
18.12857142857143,5.785714285714286,11.7,18.12857142857143,4.642857142857143,11.228571428571428,69.04285714285713,0.1051428571428571,42.85714285714285,2.381428571428572,0.0,18.428571428571427,188.14285714285717,1020.2714285714284,53.42857142857143,17.557142857142857,1599
28.82857142857143,19.357142857142858,24.014285714285712,31.32857142857143,19.357142857142858,24.814285714285717,78.15714285714286,2.7985714285714285,71.42857142857143,9.522857142857143,0.0,23.0,222.02857142857144,1014.2285714285716,69.88571428571429,15.5,1483
28.87142857142857,18.5,23.357142857142858,29.185714285714287,18.5,23.485714285714288,69.95714285714286,0.1581428571428571,14.285714285714286,0.5957142857142858,0.0,20.942857142857143,249.5142857142857,1013.3285714285714,52.114285714285714,18.6,1372
19.071428571428573,8.77142857142857,13.87142857142857,19.071428571428573,7.8428571428571425,13.685714285714283,64.9857142857143,1.7925714285714285,42.85714285714285,10.714285714285714,0.0,18.47142857142857,204.4857142857143,1013.9285714285714,55.18571428571429,14.714285714285714,1470
18.685714285714287,11.6,14.728571428571428,18.685714285714287,11.085714285714284,14.585714285714284,80.2,5.643857142857143,71.42857142857143,27.97571428571428,0.0,22.47142857142857,191.6142857142857,1010.7285714285716,79.3,17.571428571428573,1531
29.24285714285714,19.185714285714287,24.25714285714286,31.214285714285715,19.185714285714287,24.885714285714283,64.64285714285714,1.234714285714286,42.85714285714285,7.737142857142857,0.0,24.15714285714285,223.8142857142857,1015.9142857142856,51.271428571428565,19.842857142857145,1413
24.314285714285717,17.057142857142857,20.585714285714285,24.457142857142856,17.057142857142857,20.6,72.2,0.7132857142857142,57.142857142857146,11.31,0.0,15.87142857142857,124.34285714285714,1014.7857142857144,70.02857142857144,14.528571428571428,1312
27.085714285714285,17.87142857142857,22.571428571428573,28.357142857142858,17.87142857142857,22.82857142857143,73.51428571428572,0.4607142857142857,28.571428571428573,1.1914285714285715,0.0,17.714285714285715,176.04285714285714,1015.9571428571428,52.3,13.585714285714284,1299
22.27142857142857,10.985714285714286,16.87142857142857,22.571428571428573,10.985714285714286,16.914285714285715,72.22857142857143,4.822571428571428,71.42857142857143,22.02285714285714,0.0,18.61428571428572,133.07142857142858,1018.7428571428572,51.84285714285714,13.985714285714284,1418
30.32857142857143,19.82857142857143,25.11428571428572,31.014285714285712,19.82857142857143,25.314285714285717,66.44285714285715,0.7215714285714284,28.571428571428573,4.761428571428572,0.0,16.2,202.4,1013.9571428571428,39.1,15.614285714285714,1334
-4.714285714285714,-12.571428571428571,-8.371428571428572,-8.528571428571428,-18.2,-13.814285714285717,75.02857142857144,0.016,14.285714285714286,1.19,3.971428571428572,23.25714285714286,221.54285714285717,1025.7857142857142,63.02857142857143,12.8,2129
-5.6571428571428575,-13.914285714285716,-9.328571428571427,-11.685714285714283,-22.485714285714288,-16.757142857142856,64.8,1.725142857142857,57.142857142857146,15.475714285714286,4.571428571428571,26.52857142857143,214.07142857142856,1029.0857142857144,74.34285714285714,15.428571428571429,1764
6.942857142857143,-0.2142857142857142,3.5,4.685714285714285,-4.614285714285714,0.0999999999999999,71.6,1.7365714285714289,57.142857142857146,16.665714285714284,1.5,27.3,279.6428571428572,1022.2857142857144,77.39999999999999,18.485714285714288,1602
21.457142857142856,12.357142857142858,16.742857142857144,21.457142857142856,12.357142857142858,16.742857142857144,70.41428571428571,2.959857142857143,71.42857142857143,19.64428571428571,0.0,15.37142857142857,106.6857142857143,1012.8285714285714,65.01428571428572,14.357142857142858,1353
3.0,-2.685714285714286,-0.0714285714285714,-1.3285714285714283,-8.0,-4.5285714285714285,68.91428571428571,0.1765714285714285,42.85714285714285,4.761428571428572,1.0,26.957142857142856,239.7428571428572,1019.8,64.14285714285714,16.557142857142857,2033
14.157142857142857,4.214285714285714,9.842857142857143,13.6,2.1142857142857143,8.628571428571428,63.25714285714286,0.8280000000000001,42.85714285714285,7.738571428571428,0.0,20.928571428571427,202.62857142857143,1022.2857142857144,52.642857142857146,15.485714285714286,1409
10.771428571428572,0.3571428571428572,5.557142857142857,9.614285714285714,-1.5,3.071428571428572,82.58571428571429,1.090857142857143,71.42857142857143,11.905714285714286,4.9,31.314285714285717,232.55714285714288,1014.342857142857,76.34285714285714,12.314285714285717,1701
15.314285714285717,6.142857142857143,10.557142857142855,14.985714285714286,4.285714285714286,9.385714285714286,73.17142857142858,1.5470000000000002,71.42857142857143,13.095714285714283,0.0,26.185714285714287,162.54285714285714,1018.657142857143,56.2,20.642857142857142,1471
6.742857142857143,-0.6857142857142858,3.185714285714286,3.9,-5.871428571428572,-0.6142857142857144,74.25714285714285,4.073285714285714,57.142857142857146,23.215714285714284,3.7,27.11428571428572,248.64285714285717,1016.3142857142856,70.28571428571429,16.9,1526
26.17142857142857,16.0,21.11428571428572,26.814285714285717,16.0,21.3,71.91428571428571,5.926,57.142857142857146,11.904285714285717,0.0,20.714285714285715,202.45714285714288,1015.1,39.1,14.285714285714286,1423
28.32857142857143,17.842857142857145,23.2,28.842857142857145,17.842857142857145,23.457142857142856,64.12857142857142,2.0802857142857145,57.142857142857146,5.951428571428571,0.0,23.7,235.4,1015.2142857142856,39.3,14.971428571428572,1293
-1.8,-8.085714285714285,-4.5,-6.457142857142857,-13.485714285714286,-9.5,74.8,0.1441428571428571,28.571428571428573,5.357142857142857,11.085714285714284,21.37142857142857,270.8,1018.5285714285714,78.85714285714286,13.642857142857142,1791
30.32857142857143,19.685714285714287,24.65714285714285,32.31428571428572,19.685714285714287,25.12857142857143,74.68571428571428,1.8485714285714283,57.142857142857146,13.69,0.0,19.3,212.32857142857145,1019.0,46.62857142857143,13.714285714285714,1551
4.457142857142857,-3.071428571428572,1.0142857142857142,1.4142857142857146,-6.471428571428571,-2.1142857142857143,76.39999999999999,0.4795714285714285,42.85714285714285,11.905714285714286,0.7000000000000001,21.17142857142857,242.4714285714286,1010.4714285714286,55.0,13.185714285714283,1618
6.557142857142857,-2.185714285714286,2.6714285714285717,3.742857142857143,-6.714285714285714,-1.0714285714285714,55.12857142857143,0.4851428571428571,42.85714285714285,6.547142857142857,0.1285714285714286,34.642857142857146,211.45714285714283,1021.0285714285714,48.91428571428571,15.685714285714283,1604
28.11428571428572,18.071428571428573,22.285714285714285,29.557142857142857,18.071428571428573,22.62857142857143,82.78571428571429,1.9715714285714283,71.42857142857143,13.095714285714283,0.0,14.87142857142857,193.8142857142857,1016.8,53.385714285714286,11.485714285714286,1353
25.914285714285715,13.828571428571427,20.042857142857144,25.685714285714287,13.828571428571427,20.0,69.47142857142858,0.4994285714285714,28.571428571428573,4.761428571428572,0.0,17.87142857142857,258.11428571428576,1017.3142857142856,37.58571428571429,15.485714285714286,1426
13.242857142857144,2.0,6.957142857142857,13.042857142857144,-1.6999999999999995,4.757142857142857,72.12857142857142,1.4495714285714285,57.142857142857146,14.881428571428572,0.0,24.485714285714288,138.74285714285713,1016.0142857142856,77.81428571428572,12.642857142857142,1562
6.685714285714285,-1.7857142857142858,2.1142857142857143,4.0,-6.257142857142857,-1.8857142857142857,75.21428571428571,1.2774285714285714,42.85714285714285,4.761428571428572,0.0,32.385714285714286,218.45714285714288,1016.4571428571428,80.38571428571429,13.042857142857144,2969
-3.8428571428571434,-13.0,-7.828571428571428,-7.857142857142857,-17.657142857142855,-12.357142857142858,66.27142857142857,0.4285714285714285,28.571428571428573,4.167142857142857,19.357142857142858,24.5,251.1285714285714,1026.0142857142855,51.5,14.314285714285717,1679
0.8142857142857142,-6.285714285714286,-2.4714285714285715,-3.2142857142857144,-11.62857142857143,-7.442857142857143,78.45714285714287,1.3802857142857143,71.42857142857143,17.26142857142857,11.55714285714286,23.15714285714285,220.78571428571428,1012.8142857142856,77.35714285714286,12.757142857142856,2433
13.542857142857144,6.8,10.242857142857144,12.2,4.4,8.62857142857143,75.95714285714287,9.232,71.42857142857143,23.81,0.0,24.457142857142856,223.72857142857143,1013.7571428571428,90.22857142857144,13.7,1488
4.042857142857143,-2.3714285714285714,0.7285714285714285,1.4285714285714286,-7.085714285714286,-2.9285714285714284,77.68571428571428,3.0682857142857145,85.71428571428571,20.237142857142857,0.7999999999999999,22.057142857142857,224.68571428571428,1019.2571428571428,67.01428571428572,13.785714285714286,1462
27.857142857142858,15.9,21.62857142857143,28.228571428571428,15.9,21.7,73.05714285714285,0.3074285714285714,28.571428571428573,4.761428571428572,0.0,15.842857142857143,160.77142857142857,1015.8571428571428,51.08571428571429,13.1,1480
3.5142857142857147,-3.1,0.0857142857142857,0.8285714285714286,-8.342857142857143,-4.114285714285715,77.0,3.3974285714285712,42.85714285714285,19.64428571428571,1.0,24.67142857142857,212.15714285714284,1026.0142857142855,79.61428571428571,15.62857142857143,1983
-2.157142857142857,-9.385714285714286,-5.457142857142857,-5.628571428571428,-14.7,-10.085714285714284,73.52857142857144,0.155,28.571428571428573,5.952857142857143,19.014285714285712,21.25714285714286,239.5142857142857,1021.9428571428572,58.31428571428571,13.671428571428573,1823
-0.6285714285714284,-7.2,-3.5,-4.471428571428572,-13.171428571428573,-8.385714285714286,77.81428571428572,0.6448571428571429,42.85714285714285,7.738571428571428,6.757142857142857,25.457142857142856,184.25714285714284,1017.3142857142856,82.95714285714287,10.514285714285714,1774
11.5,5.271428571428571,8.1,10.6,2.242857142857143,6.085714285714286,79.05714285714285,4.382857142857143,71.42857142857143,17.855714285714285,0.0,24.342857142857145,206.28571428571428,1011.157142857143,84.82857142857142,14.257142857142856,1572
27.7,15.8,22.357142857142858,27.557142857142857,15.8,22.357142857142858,61.385714285714286,0.0,0.0,0.0,0.0,21.385714285714283,246.8142857142857,1016.3142857142856,44.471428571428575,19.62857142857143,1397
0.5,-6.385714285714286,-3.042857142857143,-2.685714285714286,-11.471428571428572,-7.414285714285714,78.8,0.0372857142857142,28.571428571428573,1.1914285714285715,23.071428571428573,19.9,244.58571428571432,1015.2142857142856,61.4,13.342857142857143,1733
-3.4285714285714284,-13.585714285714284,-8.17142857142857,-9.642857142857142,-20.342857142857145,-14.728571428571428,67.25714285714285,0.1545714285714285,28.571428571428573,1.7857142857142858,5.233333333333333,29.52857142857143,234.97142857142856,1013.8,56.95714285714286,14.242857142857144,1605
17.47142857142857,4.585714285714286,11.614285714285714,17.47142857142857,2.3428571428571425,10.742857142857144,53.21428571428572,0.055,14.285714285714286,1.19,0.0,24.085714285714285,119.92857142857144,1018.2142857142856,38.35714285714285,21.571428571428573,1531
12.542857142857144,3.3857142857142857,7.728571428571429,11.785714285714286,1.7285714285714289,6.128571428571428,73.71428571428571,4.093714285714285,71.42857142857143,20.23857142857143,0.0,21.785714285714285,163.14285714285714,1014.4428571428572,74.98571428571428,14.342857142857142,1427
4.242857142857143,-4.742857142857143,-0.3285714285714285,0.6571428571428573,-9.471428571428572,-4.271428571428571,62.15714285714286,0.3307142857142857,28.571428571428573,4.1657142857142855,0.1142857142857143,21.914285714285715,232.9,1019.9,62.614285714285714,14.285714285714286,1600
2.7142857142857144,-2.8285714285714287,0.1,-1.1714285714285713,-7.2,-4.057142857142857,76.44285714285715,0.208,28.571428571428573,3.571428571428572,3.0,23.785714285714285,272.4714285714286,1017.7285714285716,72.88571428571429,14.657142857142857,1488
25.414285714285715,14.642857142857142,20.17142857142857,25.67142857142857,14.642857142857142,20.2,74.05714285714285,4.180571428571429,28.571428571428573,11.904285714285717,0.0,22.2,215.64285714285717,1016.2,48.74285714285714,16.6,1425
-0.4999999999999999,-3.742857142857143,-1.8285714285714287,-5.557142857142857,-9.285714285714286,-7.385714285714286,78.28571428571429,0.326,28.571428571428573,5.952857142857143,6.271428571428571,28.47142857142857,235.05714285714288,1012.7714285714284,84.71428571428571,13.7,1771
28.214285714285715,18.571428571428573,23.285714285714285,29.385714285714283,18.571428571428573,23.61428571428572,74.57142857142857,4.242571428571429,57.142857142857146,10.714285714285714,0.0,21.67142857142857,197.7428571428572,1015.6714285714286,74.05714285714285,17.1,1404
12.985714285714286,5.1571428571428575,8.971428571428572,12.985714285714286,2.7142857142857144,7.328571428571428,71.24285714285715,1.7825714285714285,85.71428571428571,11.311428571428571,0.0,28.24285714285714,259.6714285714286,1015.5,67.84285714285714,15.528571428571428,1421
20.957142857142856,11.742857142857144,16.185714285714287,21.057142857142857,11.457142857142856,16.04285714285714,75.12857142857142,2.6037142857142856,57.142857142857146,13.094285714285714,0.0,17.45714285714286,210.8428571428572,1017.5714285714286,49.81428571428571,14.185714285714283,1302
15.785714285714286,4.728571428571429,10.414285714285716,15.785714285714286,3.3285714285714283,9.7,67.72857142857143,0.7385714285714285,57.142857142857146,8.332857142857142,0.0,26.985714285714288,251.45714285714288,1017.9142857142856,52.18571428571429,25.185714285714287,1366
18.87142857142857,9.785714285714286,14.071428571428571,18.87142857142857,8.828571428571427,13.6,74.61428571428571,1.2315714285714283,57.142857142857146,10.12,0.0,21.042857142857144,194.04285714285717,1012.157142857143,78.12857142857142,19.085714285714285,1461
22.785714285714285,13.085714285714284,18.014285714285712,22.785714285714285,12.928571428571429,17.985714285714288,72.3,2.6685714285714286,71.42857142857143,20.238571428571426,0.0,19.142857142857142,243.15714285714287,1012.342857142857,63.52857142857143,14.414285714285716,1268
2.757142857142857,-2.8000000000000003,0.1999999999999999,-0.6571428571428571,-8.72857142857143,-4.628571428571428,79.71428571428571,1.6271428571428572,85.71428571428571,17.857142857142858,3.0,27.47142857142857,236.8142857142857,1009.0,85.45714285714287,9.971428571428572,1851
19.4,10.842857142857143,15.271428571428572,19.4,10.542857142857144,15.214285714285714,75.01428571428572,4.537142857142857,71.42857142857143,18.452857142857145,0.0,21.67142857142857,145.3,1009.1428571428572,59.1,14.814285714285717,1501
29.11428571428572,20.314285714285717,24.24285714285714,31.2,20.314285714285717,24.814285714285717,79.78571428571429,2.1957142857142857,85.71428571428571,11.905714285714286,0.0,19.414285714285715,208.97142857142856,1010.7428571428572,59.42857142857143,11.7,1466
-7.642857142857143,-14.385714285714286,-10.814285714285717,-12.085714285714284,-19.82857142857143,-15.814285714285717,79.04285714285713,0.2238571428571428,57.142857142857146,8.930000000000001,7.557142857142857,20.557142857142857,267.45714285714286,1026.6,64.6,11.828571428571427,2017
8.428571428571429,3.4,5.8,6.471428571428571,1.0,3.6142857142857134,86.68571428571428,0.7834285714285715,100.0,21.428571428571427,0.0,17.52857142857143,183.94285714285712,1016.1285714285714,81.18571428571428,9.9,1402
29.642857142857142,19.8,24.65714285714285,31.52857142857143,19.8,25.32857142857143,71.72857142857143,1.861428571428572,28.571428571428573,4.167142857142857,0.0,21.142857142857142,198.5142857142857,1016.9714285714286,47.8,16.285714285714285,1373
1.9571428571428573,-2.8,-0.1,-0.457142857142857,-6.757142857142857,-3.5285714285714285,81.72857142857143,0.7397142857142857,28.571428571428573,5.357142857142857,7.885714285714286,19.87142857142857,152.94285714285712,1016.4428571428572,72.25714285714285,12.571428571428571,1986
-1.557142857142857,-11.357142857142858,-5.828571428571429,-4.042857142857143,-14.814285714285717,-9.7,73.58571428571429,0.0658571428571428,14.285714285714286,2.381428571428572,5.585714285714286,25.542857142857144,224.8,1020.6857142857144,67.44285714285715,13.142857142857142,1671
22.12857142857143,9.428571428571429,15.814285714285717,22.071428571428573,8.071428571428571,15.37142857142857,59.642857142857146,3.1431428571428577,28.571428571428573,6.547142857142857,0.0,28.47142857142857,213.8,1015.9142857142856,58.31428571428571,18.52857142857143,1600
8.6,1.2,4.414285714285714,6.942857142857143,-2.0285714285714285,1.842857142857143,76.91428571428571,2.515428571428572,71.42857142857143,19.045714285714286,0.0,24.24285714285714,177.4,1009.1428571428572,78.10000000000001,13.257142857142856,1441
29.27142857142857,15.757142857142856,22.942857142857143,29.142857142857142,15.757142857142856,22.97142857142857,52.57142857142857,0.0,0.0,0.0,0.0,18.97142857142857,202.22857142857143,1013.4428571428572,29.642857142857142,15.857142857142858,1361
15.55714285714286,8.942857142857143,12.014285714285714,15.1,6.814285714285715,10.814285714285717,80.58571428571429,6.857428571428572,71.42857142857143,35.712857142857146,0.0,26.77142857142857,123.52857142857144,1017.1857142857144,75.24285714285715,15.714285714285714,1476
15.171428571428573,5.442857142857143,10.114285714285714,14.928571428571429,4.257142857142857,9.5,71.58571428571429,0.774,42.85714285714285,9.524285714285714,0.0,21.014285714285712,242.04285714285717,1014.0571428571428,49.05714285714286,14.87142857142857,1580
23.857142857142858,9.44285714285714,17.157142857142855,23.857142857142858,9.328571428571427,17.114285714285714,49.385714285714286,0.4639999999999999,28.571428571428573,2.381428571428572,0.0,25.15714285714285,133.07142857142858,1013.5142857142856,26.82857142857143,16.6,1428
19.6,11.3,15.142857142857142,19.6,11.042857142857144,15.085714285714287,77.87142857142858,1.6214285714285717,71.42857142857143,16.667142857142856,0.0,17.957142857142856,204.67142857142855,1019.1857142857144,65.18571428571428,13.671428571428573,1320
25.9,14.94285714285714,20.442857142857143,26.1,14.94285714285714,20.457142857142856,71.2,2.0332857142857144,28.571428571428573,11.308571428571428,0.0,17.728571428571428,122.88571428571429,1018.7142857142856,54.91428571428571,10.957142857142856,1345
22.728571428571428,13.671428571428567,17.942857142857143,22.728571428571428,13.671428571428567,17.942857142857143,74.25714285714285,2.2525714285714287,71.42857142857143,20.23857142857143,0.0,21.642857142857142,205.4,1014.5428571428572,78.84285714285714,14.428571428571429,1587
1.4857142857142855,-3.942857142857143,-1.0857142857142856,-3.2285714285714286,-9.4,-6.2,72.25714285714285,0.2605714285714285,14.285714285714286,4.761428571428572,0.6666666666666666,26.085714285714285,287.5142857142857,1017.6428571428572,72.85714285714286,18.97142857142857,1662
32.77142857142857,19.842857142857145,26.65714285714285,34.44285714285714,19.842857142857145,27.642857142857142,61.48571428571428,0.984,42.85714285714285,3.571428571428572,0.0,20.457142857142856,223.3428571428572,1016.9142857142856,24.014285714285712,14.957142857142856,1325
19.74285714285714,5.3,13.028571428571428,19.61428571428572,3.4285714285714284,12.2,56.65714285714286,0.998,28.571428571428573,8.928571428571429,0.0,22.514285714285712,163.07142857142858,1018.3142857142856,35.728571428571435,15.4,1483
29.142857142857142,19.82857142857143,24.5,30.728571428571428,19.82857142857143,24.957142857142856,73.0,1.2905714285714287,42.85714285714285,8.928571428571429,0.0,22.65714285714285,211.57142857142856,1016.0142857142856,42.01428571428572,14.12857142857143,1345
22.985714285714288,13.728571428571428,18.4,23.02857142857143,13.728571428571428,18.414285714285715,70.7,6.350857142857143,28.571428571428573,5.357142857142857,0.0,18.342857142857145,239.8,1018.7285714285716,64.62857142857142,20.6,1425
13.842857142857143,6.957142857142857,10.114285714285716,13.428571428571429,4.328571428571428,8.485714285714286,77.85714285714286,9.466,57.142857142857146,19.047142857142852,0.0,24.4,110.88571428571429,1013.4142857142856,82.71428571428571,12.471428571428572,1534
24.785714285714285,15.8,20.414285714285715,25.7,15.8,20.62857142857143,75.92857142857143,2.124714285714286,57.142857142857146,8.334285714285715,0.0,17.614285714285717,170.37142857142857,1017.8571428571428,56.642857142857146,14.685714285714283,1289
28.414285714285715,14.214285714285714,21.77142857142857,27.62857142857143,14.214285714285714,21.557142857142857,53.02857142857143,0.006,14.285714285714286,0.5957142857142858,0.0,14.55714285714286,117.41428571428573,1019.5714285714286,18.785714285714285,15.742857142857144,1417
19.385714285714283,6.685714285714285,13.242857142857144,19.385714285714283,4.828571428571428,12.62857142857143,60.9,0.7677142857142858,42.85714285714285,7.142857142857143,0.0,24.728571428571428,171.29999999999998,1010.8142857142856,51.885714285714286,15.357142857142858,1379
26.17142857142857,14.55714285714286,20.65714285714285,26.15714285714285,14.55714285714286,20.7,65.7,0.0,0.0,0.0,0.0,15.542857142857144,160.9857142857143,1017.7857142857144,42.58571428571429,14.842857142857143,1425
29.1,18.414285714285715,23.757142857142856,29.87142857142857,18.414285714285715,24.042857142857144,72.07142857142857,3.137714285714285,42.85714285714285,8.928571428571429,0.0,15.599999999999998,233.95714285714288,1010.3857142857142,41.6,14.585714285714284,1280
26.1,14.685714285714283,20.228571428571428,25.942857142857143,14.685714285714283,20.214285714285715,58.5,0.3704285714285714,42.85714285714285,2.975714285714285,0.0,21.77142857142857,176.78571428571428,1016.6714285714286,68.47142857142858,17.599999999999998,1530
0.557142857142857,-4.814285714285715,-2.071428571428572,-3.0142857142857147,-9.885714285714286,-6.585714285714286,84.72857142857143,0.21,28.571428571428573,3.571428571428572,8.542857142857143,19.314285714285717,258.35714285714283,1017.3285714285714,82.95714285714287,11.12857142857143,1962
5.614285714285714,-0.4428571428571428,2.8,3.2,-4.114285714285714,-0.457142857142857,80.92857142857143,2.0145714285714287,71.42857142857143,19.047142857142852,5.6,23.428571428571427,214.6,1015.6428571428572,83.71428571428571,14.785714285714286,1721
22.842857142857145,12.771428571428572,17.67142857142857,22.842857142857145,12.771428571428572,17.67142857142857,69.85714285714286,1.514857142857143,42.85714285714285,6.548571428571429,0.0,19.285714285714285,243.72857142857143,1013.6428571428572,58.71428571428572,14.55714285714286,1327
25.87142857142857,14.457142857142856,20.37142857142857,25.785714285714285,14.457142857142856,20.357142857142858,65.38571428571429,1.9024285714285716,85.71428571428571,22.02285714285714,0.0,15.671428571428573,200.72857142857143,1020.0,46.92857142857143,12.471428571428572,1320
15.1,7.6,11.257142857142856,15.1,5.857142857142857,10.414285714285716,79.78571428571429,3.105,71.42857142857143,20.83428571428572,0.0,23.085714285714285,188.57142857142856,1016.6714285714288,75.71428571428571,16.02857142857143,1638
26.285714285714285,13.414285714285716,20.385714285714283,26.6,13.314285714285711,20.52857142857143,65.02857142857142,0.5678571428571428,14.285714285714286,1.19,0.0,18.17142857142857,129.05714285714285,1019.157142857143,31.4,15.357142857142858,1492
28.685714285714287,17.37142857142857,23.1,29.985714285714288,17.37142857142857,23.514285714285712,69.8,1.3372857142857144,42.85714285714285,4.762857142857143,0.0,18.571428571428573,195.92857142857144,1017.7285714285716,20.7,13.2,1427
18.957142857142856,7.557142857142857,13.214285714285714,18.957142857142856,5.585714285714286,12.728571428571428,60.785714285714285,0.3361428571428572,42.85714285714285,5.357142857142857,0.0,22.571428571428573,137.65714285714287,1017.9142857142856,47.68571428571428,16.342857142857145,1460
4.857142857142857,-2.3428571428571425,0.9142857142857144,0.5,-7.514285714285714,-3.642857142857143,71.97142857142858,0.6128571428571429,71.42857142857143,10.714285714285714,3.0,30.37142857142857,224.3,1015.5714285714286,75.91428571428571,13.87142857142857,1505
24.62857142857143,15.614285714285714,20.37142857142857,24.65714285714285,15.614285714285714,20.385714285714283,67.24285714285715,6.081428571428572,42.85714285714285,15.475714285714286,0.0,19.314285714285717,179.20000000000002,1019.7142857142856,59.48571428571428,17.87142857142857,1381
9.642857142857142,0.4714285714285714,4.714285714285714,7.942857142857142,-3.0,2.357142857142857,73.01428571428572,0.456,28.571428571428573,7.738571428571428,0.0,23.8,209.97142857142856,1018.6428571428572,68.72857142857143,14.385714285714286,1524
19.24285714285714,8.22857142857143,13.685714285714283,19.185714285714287,6.9,12.985714285714284,64.15714285714286,3.772857142857143,42.85714285714285,10.118571428571428,0.0,25.74285714285714,218.62857142857143,1016.5571428571428,59.2,14.685714285714283,1434
15.94285714285714,8.357142857142858,11.828571428571427,15.94285714285714,7.042857142857143,11.242857142857144,77.5,1.1975714285714285,71.42857142857143,14.881428571428572,0.0,23.785714285714285,101.31428571428572,1010.0571428571428,84.25714285714285,13.7,1510
1.2999999999999996,-9.228571428571428,-3.6714285714285713,-4.342857142857143,-16.571428571428573,-10.12857142857143,68.21428571428571,0.3288571428571428,42.85714285714285,8.332857142857142,4.66,33.82857142857143,251.0142857142857,1010.7857142857144,73.11428571428571,18.37142857142857,1754
2.8714285714285714,-3.814285714285714,-0.3000000000000001,-0.3714285714285714,-8.885714285714286,-4.871428571428571,73.07142857142857,0.9524285714285714,42.85714285714285,8.332857142857142,8.0,29.057142857142857,174.25714285714284,1016.3857142857142,76.11428571428571,13.714285714285714,2521
-1.0714285714285714,-9.3,-5.128571428571429,-4.942857142857143,-14.742857142857144,-9.614285714285714,64.67142857142856,0.284,42.85714285714285,5.952857142857143,0.9714285714285714,23.342857142857145,205.65714285714287,1019.2571428571428,55.41428571428571,14.357142857142858,1514
5.971428571428571,-0.5142857142857142,2.8285714285714287,4.957142857142857,-4.557142857142857,-0.0428571428571428,88.54285714285713,0.5184285714285715,42.85714285714285,5.357142857142857,10.0,20.357142857142858,206.68571428571428,1015.4857142857144,99.08571428571427,7.385714285714286,2529
0.3999999999999999,-9.271428571428572,-4.142857142857143,-4.4,-15.7,-9.414285714285716,69.58571428571429,1.179,28.571428571428573,6.548571428571429,8.014285714285714,25.414285714285715,186.17142857142855,1018.7142857142856,59.07142857142857,14.0,1672
8.828571428571427,3.628571428571429,6.185714285714285,7.828571428571428,0.2857142857142857,3.5285714285714285,83.77142857142857,1.101142857142857,71.42857142857143,10.714285714285714,0.0,21.11428571428572,150.0142857142857,1013.5571428571428,90.14285714285714,11.842857142857143,1695
-2.4285714285714284,-6.057142857142857,-4.142857142857143,-4.371428571428572,-9.828571428571427,-7.542857142857143,79.82857142857142,0.0241428571428571,42.85714285714285,1.7871428571428571,10.814285714285717,14.94285714285714,265.9428571428571,1021.2428571428572,92.35714285714286,13.257142857142856,1791
9.785714285714286,0.2285714285714286,5.085714285714286,8.885714285714286,-3.957142857142857,2.314285714285714,67.38571428571429,0.9727142857142856,42.85714285714285,12.5,0.0,23.928571428571427,253.65714285714284,1015.5571428571428,61.22857142857144,18.02857142857143,1489
11.171428571428573,4.757142857142858,7.928571428571429,10.842857142857143,1.8285714285714287,5.9,73.98571428571428,5.3,100.0,23.80857142857143,0.0,22.67142857142857,203.3571428571429,1013.9142857142856,89.51428571428572,13.328571428571427,1516
-1.4857142857142855,-8.257142857142856,-4.971428571428571,-6.142857142857143,-14.55714285714286,-10.671428571428573,75.17142857142858,0.96,71.42857142857143,16.66857142857143,4.428571428571429,25.085714285714285,217.58571428571432,1018.5714285714286,88.71428571428571,12.614285714285714,1660
6.7,0.7142857142857143,3.5285714285714285,3.2285714285714286,-4.228571428571429,-0.6714285714285715,74.89999999999999,1.0338571428571428,71.42857142857143,11.31,1.9,34.18571428571429,231.2142857142857,1011.8857142857142,87.95714285714287,15.671428571428573,1752
-0.5714285714285715,-6.485714285714286,-3.5285714285714285,-5.814285714285715,-13.071428571428571,-9.414285714285716,68.97142857142858,0.9325714285714284,42.85714285714285,21.428571428571427,7.399999999999999,28.0,254.04285714285717,1009.0142857142856,70.28571428571429,16.32857142857143,1939
-0.1999999999999998,-7.371428571428572,-3.671428571428572,-4.571428571428571,-13.328571428571427,-8.714285714285714,73.05714285714285,0.1264285714285714,14.285714285714286,2.975714285714285,2.3428571428571425,23.8,268.9142857142857,1013.157142857143,79.15714285714286,12.9,1703
2.685714285714285,-4.342857142857143,-0.7999999999999999,-0.6714285714285714,-8.071428571428571,-4.271428571428571,73.14285714285714,0.0634285714285714,14.285714285714286,4.167142857142857,14.585714285714284,17.0,291.7,1016.2428571428572,62.2,15.3,1513
2.8428571428571425,-3.5142857142857147,-0.1999999999999999,-0.2714285714285714,-8.642857142857142,-4.628571428571428,80.25714285714285,3.0977142857142854,71.42857142857143,25.594285714285714,1.3,23.814285714285717,191.3428571428572,1009.6714285714286,73.11428571428571,12.657142857142857,1708
25.32857142857143,16.37142857142857,20.642857142857142,25.685714285714287,16.37142857142857,20.685714285714287,75.8,5.298285714285714,71.42857142857143,19.64428571428571,0.0,19.285714285714285,151.54285714285714,1014.4428571428572,61.72857142857144,17.02857142857143,1418
20.428571428571427,8.428571428571429,14.12857142857143,20.428571428571427,7.685714285714285,13.857142857142858,71.82857142857144,0.3354285714285714,57.142857142857146,5.357142857142857,0.0,26.057142857142857,235.2142857142857,1009.2714285714284,51.01428571428572,18.857142857142858,1466
8.114285714285716,2.3857142857142857,5.3,6.128571428571428,-0.7285714285714285,2.657142857142857,74.41428571428571,3.470142857142857,57.142857142857146,26.787142857142857,0.0,21.957142857142856,219.65714285714284,1015.0428571428572,88.74285714285715,14.157142857142857,1513
9.714285714285714,2.457142857142857,5.742857142857143,8.214285714285714,-0.6857142857142857,3.142857142857143,70.71428571428571,2.355571428571429,42.85714285714285,11.904285714285717,0.0,29.02857142857143,226.54285714285717,1019.9285714285714,80.89999999999999,15.757142857142856,1581
29.071428571428573,18.642857142857142,23.7,30.085714285714285,18.642857142857142,24.142857142857142,72.15714285714286,0.8484285714285714,28.571428571428573,5.357142857142857,0.0,20.414285714285715,218.07142857142856,1013.7714285714286,45.12857142857143,14.071428571428571,1420
7.657142857142857,1.3,4.685714285714285,4.314285714285714,-2.7285714285714286,0.5428571428571428,74.62857142857142,1.9972857142857143,85.71428571428571,22.02428571428572,0.0,31.642857142857142,246.2428571428571,1008.2142857142856,86.97142857142856,16.942857142857143,1484
1.3285714285714287,-4.585714285714286,-1.6,-2.3857142857142857,-10.12857142857143,-6.271428571428571,74.78571428571429,0.0634285714285714,28.571428571428573,2.975714285714285,1.457142857142857,24.885714285714283,204.72857142857143,1013.5285714285714,78.57142857142857,14.428571428571429,1668
19.11428571428572,8.428571428571429,13.9,19.11428571428572,6.885714285714286,13.242857142857144,66.14285714285714,2.2904285714285715,85.71428571428571,11.308571428571428,0.0,31.442857142857143,184.8428571428572,1019.1571428571428,45.471428571428575,14.828571428571427,1573
-0.5428571428571428,-8.071428571428571,-4.614285714285714,-5.185714285714285,-14.785714285714286,-10.542857142857144,74.58571428571429,0.0965714285714285,42.85714285714285,2.381428571428572,0.0,28.37142857142857,159.67142857142858,1020.3285714285714,76.0,18.957142857142856,1694
23.61428571428572,12.028571428571428,18.12857142857143,23.585714285714285,11.742857142857144,18.057142857142857,64.78571428571429,1.1174285714285712,28.571428571428573,6.548571428571429,0.0,23.642857142857142,193.9142857142857,1012.2857142857144,55.98571428571428,18.357142857142858,1420
7.242857142857143,0.1142857142857141,2.857142857142857,4.9,-4.685714285714285,-0.6,85.05714285714285,2.004,42.85714285714285,17.855714285714285,0.0,23.77142857142857,124.41428571428573,1015.342857142857,82.57142857142857,9.214285714285714,1575
28.02857142857143,16.057142857142857,22.514285714285712,28.028571428571432,16.057142857142857,22.485714285714288,57.785714285714285,0.6242857142857143,28.571428571428573,6.548571428571429,0.0,18.15714285714285,144.72857142857143,1021.1428571428572,25.65714285714285,15.671428571428573,1383
31.62857142857143,19.02857142857143,25.6,31.214285714285715,19.02857142857143,25.571428571428573,57.62857142857143,0.006,14.285714285714286,0.5957142857142858,0.0,16.37142857142857,188.78571428571428,1015.6142857142858,27.514285714285712,14.485714285714286,1324
15.8,8.485714285714286,12.085714285714284,15.8,7.242857142857143,11.457142857142856,78.31428571428572,1.517,85.71428571428571,17.262857142857143,0.0,18.6,188.0,1014.2,71.5142857142857,14.157142857142857,1416
3.1142857142857143,-3.814285714285714,-0.4857142857142857,-0.3142857142857141,-7.871428571428572,-4.271428571428571,82.52857142857144,1.7382857142857142,71.42857142857143,14.284285714285714,1.0,25.485714285714288,199.64285714285717,1014.7142857142856,81.38571428571429,10.685714285714283,1768
-6.257142857142858,-14.585714285714284,-10.042857142857144,-9.3,-19.014285714285712,-14.042857142857144,71.07142857142857,0.0684285714285714,42.85714285714285,4.761428571428572,26.957142857142856,16.02857142857143,236.04285714285717,1019.7571428571428,72.67142857142856,12.514285714285714,1592
7.028571428571429,-1.2428571428571429,2.6142857142857143,3.900000000000001,-6.242857142857143,-1.6999999999999995,75.81428571428572,3.8215714285714286,57.142857142857146,25.0,2.025,27.31428571428572,225.8428571428572,1012.5571428571428,86.34285714285714,15.085714285714284,1529
11.885714285714286,1.885714285714286,6.885714285714286,11.228571428571428,0.9285714285714286,5.728571428571429,70.95714285714286,0.1158571428571428,57.142857142857146,4.761428571428572,0.0,18.8,116.98571428571428,1020.3714285714286,54.271428571428565,14.171428571428573,1452
16.2,7.042857142857144,11.885714285714286,16.2,6.042857142857144,11.37142857142857,66.2,2.393142857142857,71.42857142857143,22.02428571428572,0.0,20.457142857142856,180.5285714285714,1011.5,61.75714285714286,14.328571428571427,1377
23.7,11.885714285714286,17.428571428571427,23.65714285714285,11.714285714285714,17.414285714285715,68.55714285714285,0.048,14.285714285714286,0.5957142857142858,0.0,21.357142857142858,191.4142857142857,1021.2428571428572,38.51428571428571,22.67142857142857,1389
15.44285714285714,6.142857142857143,10.5,14.142857142857142,3.414285714285714,8.5,67.97142857142858,2.820285714285714,71.42857142857143,23.214285714285715,0.0,29.042857142857144,154.5,1011.0571428571428,74.18571428571428,14.242857142857144,1658
21.32857142857143,13.2,16.97142857142857,21.32857142857143,13.2,16.97142857142857,81.24285714285715,0.2642857142857143,28.571428571428573,7.142857142857143,0.0,15.357142857142858,134.91428571428574,1020.5571428571428,59.42857142857143,12.928571428571429,1452
11.328571428571427,2.2857142857142856,6.971428571428571,10.0,-1.2714285714285716,4.428571428571429,64.47142857142858,2.694571428571429,57.142857142857146,14.882857142857144,0.0,27.342857142857145,196.2,1015.0857142857144,72.27142857142857,19.75714285714286,1591
