tempmax,tempmin,temp,feelslikemax,feelslikemin,feelslike,humidity,precip,precipprob,precipcover,snowdepth,windspeed,winddir,sealevelpressure,cloudcover,visibility,excess_deaths
8.542857142857143,2.628571428571429,5.357142857142857,5.8,-1.4,2.042857142857143,83.77142857142857,3.372,71.42857142857143,6.548571428571429,0.1285714285714286,29.142857142857142,268.92857142857144,1006.5857142857144,58.22857142857142,10.05714285714286,-11.546959004721316
11.357142857142858,8.157142857142857,10.014285714285714,10.585714285714287,4.485714285714286,8.071428571428571,84.84285714285714,9.92914285714286,100.0,14.287142857142856,9.5,41.24285714285714,235.8,1000.2571428571428,65.7,10.842857142857143,-30.55164267014368
15.885714285714286,12.785714285714286,14.328571428571427,15.885714285714286,12.471428571428572,14.314285714285717,92.24285714285716,0.8151428571428572,100.0,9.524285714285714,0.0,30.02857142857143,218.1,1023.0142857142856,78.78571428571429,8.285714285714286,-38.46818106130775
7.8,3.342857142857143,5.628571428571428,5.7,0.0857142857142856,2.857142857142857,93.28571428571428,0.4244285714285714,100.0,6.547142857142857,0.0,26.02857142857143,135.78571428571428,1007.2285714285716,90.52857142857144,10.05714285714286,-50.91578332496567
13.114285714285714,6.385714285714285,9.9,13.114285714285714,4.314285714285715,8.742857142857144,88.71428571428571,10.0,100.0,13.691428571428572,0.0,25.685714285714287,276.6714285714286,998.1428571428572,70.62857142857142,10.842857142857143,20.07754537448102
4.985714285714286,-1.1428571428571428,1.9,1.1428571428571428,-5.6000000000000005,-1.914285714285714,74.52857142857144,0.3127142857142857,42.85714285714285,2.975714285714285,8.5,31.8,145.92857142857142,1001.9571428571428,64.08571428571429,18.357142857142858,51.94054142731363
17.04285714285714,9.271428571428572,13.385714285714286,17.04285714285714,7.042857142857143,12.957142857142856,67.25714285714285,0.1175714285714285,57.142857142857146,3.5728571428571425,0.0,26.75714285714286,112.78571428571428,1025.4142857142856,45.885714285714286,10.94285714285714,-3.2823081587068828
8.114285714285714,1.8142857142857145,5.171428571428572,6.871428571428572,-1.1857142857142855,2.357142857142857,91.22857142857144,0.2434285714285713,28.571428571428573,1.1914285714285715,0.0,38.4,244.65714285714284,1021.5857142857144,70.27142857142857,10.185714285714283,-34.00546015468365
17.714285714285715,9.114285714285714,13.914285714285713,17.714285714285715,8.671428571428573,13.857142857142858,83.91428571428571,1.4341428571428572,100.0,6.547142857142857,0.0,26.0,291.4,1018.8,62.42857142857143,12.042857142857144,8.797554092860764
11.828571428571427,8.285714285714286,10.171428571428573,11.828571428571427,6.314285714285715,9.4,88.18571428571428,0.7735714285714286,57.142857142857146,4.1657142857142855,0.0,18.61428571428572,134.0142857142857,1018.9,71.12857142857142,9.171428571428573,7.765597373944729
14.471428571428572,10.657142857142857,12.642857142857142,14.471428571428572,9.785714285714286,12.271428571428572,87.25714285714285,2.148857142857143,100.0,11.904285714285717,0.0,33.142857142857146,233.6,1019.1285714285714,84.65714285714286,10.142857142857142,-3.3545431217960413
15.385714285714286,7.642857142857143,11.657142857142857,15.385714285714286,6.171428571428572,11.028571428571428,79.28571428571429,6.046428571428571,57.142857142857146,2.9771428571428573,0.0,31.628571428571423,220.4,1016.0,63.34285714285714,21.714285714285715,-9.40575693098367
13.457142857142856,7.628571428571428,10.542857142857144,13.457142857142856,6.828571428571428,10.085714285714284,82.47142857142856,4.831285714285714,100.0,11.905714285714286,0.0,25.314285714285717,226.65714285714284,1000.9571428571428,47.4,11.62857142857143,-24.843370053209696
21.842857142857145,13.171428571428573,17.485714285714284,21.842857142857145,13.171428571428573,17.485714285714284,77.78571428571429,0.755,71.42857142857143,5.954285714285715,0.0,27.571428571428573,197.55714285714288,1016.6714285714286,62.52857142857143,12.785714285714286,11.523992352684672
14.385714285714286,10.542857142857144,12.328571428571427,14.385714285714286,10.2,12.2,89.77142857142857,3.1828571428571424,100.0,13.095714285714283,0.0,24.17142857142857,151.75714285714284,1005.5285714285714,68.72857142857143,10.142857142857142,69.34790087837212
21.32857142857143,12.685714285714283,16.95714285714286,21.342857142857145,12.685714285714283,16.942857142857143,72.5,0.3701428571428571,28.571428571428573,1.1914285714285715,0.0,24.357142857142858,219.0142857142857,1019.5571428571428,56.65714285714286,31.914285714285715,-5.647733038610795
21.357142857142858,12.928571428571429,17.057142857142857,21.357142857142858,12.857142857142858,17.04285714285714,82.5,0.5272857142857142,71.42857142857143,4.167142857142857,0.0,21.728571428571428,207.8142857142857,1018.1428571428572,52.17142857142857,11.185714285714283,-8.793751458152201
15.94285714285714,9.914285714285716,12.7,15.94285714285714,9.457142857142856,12.55714285714286,80.65714285714286,0.7525714285714286,71.42857142857143,3.5728571428571425,0.0,27.75714285714286,258.4857142857143,1016.4428571428572,74.05714285714285,21.27142857142857,-16.409013678827023
7.285714285714286,2.7285714285714286,4.871428571428572,3.257142857142857,-1.5857142857142856,0.8428571428571429,77.92857142857143,1.4864285714285714,57.142857142857146,3.571428571428572,0.2666666666666666,34.2,200.0285714285714,1016.7,70.67142857142856,20.185714285714287,23.658209639048778
18.514285714285712,13.6,15.8,18.514285714285712,13.6,15.8,80.05714285714285,0.6331428571428572,71.42857142857143,4.167142857142857,0.0,22.642857142857142,219.95714285714288,1011.7142857142856,85.61428571428571,24.228571428571428,1.4698144735461938
17.228571428571428,13.671428571428573,15.314285714285717,17.228571428571428,13.671428571428573,15.314285714285717,81.81428571428572,6.606857142857144,100.0,14.285714285714286,0.0,48.114285714285714,218.8857142857143,1003.9714285714286,72.37142857142858,14.242857142857144,-34.86266681098027
14.771428571428572,9.857142857142858,12.257142857142856,14.771428571428572,8.942857142857143,12.028571428571428,84.61428571428571,0.7728571428571429,57.142857142857146,5.355714285714286,0.0571428571428571,24.414285714285715,220.2142857142857,1014.4285714285714,67.07142857142857,11.62857142857143,9.30885474533966
11.242857142857144,6.471428571428571,8.742857142857144,11.114285714285714,2.8714285714285714,6.957142857142857,86.85714285714286,14.456571428571428,100.0,11.308571428571428,0.0,29.714285714285715,154.34285714285716,1005.4571428571428,75.17142857142856,13.457142857142856,-8.98813790919894
11.6,7.042857142857143,9.05714285714286,10.3,3.685714285714286,6.785714285714286,87.98571428571428,9.658,100.0,11.31,4.5,30.9,61.54285714285714,1011.3285714285714,77.78571428571429,9.142857142857142,-8.422517894440375
24.87142857142857,14.142857142857142,19.357142857142858,24.885714285714283,14.142857142857142,19.357142857142858,61.34285714285714,0.1514285714285714,14.285714285714286,0.5957142857142858,14.0,25.928571428571427,79.28571428571429,1020.1857142857144,23.82857142857143,18.75714285714286,26.18636588248557
8.414285714285715,4.142857142857143,6.214285714285714,6.971428571428571,1.0142857142857142,3.742857142857143,87.74285714285715,5.422714285714286,100.0,8.928571428571429,0.0,24.2,188.82857142857145,1004.9285714285714,68.98571428571428,12.571428571428571,-22.56561133061382
7.428571428571429,4.557142857142857,6.242857142857143,5.514285714285714,1.457142857142857,3.371428571428571,95.0,0.8904285714285713,71.42857142857143,5.951428571428571,0.0,21.24285714285714,85.65714285714286,1011.8857142857142,85.92857142857143,7.071428571428571,-55.37980265425893
10.242857142857144,5.485714285714286,8.157142857142857,8.714285714285714,1.8571428571428568,5.371428571428572,85.5,1.6512857142857142,100.0,5.952857142857143,0.0,40.4,231.1,1005.6857142857144,73.55714285714285,19.52857142857143,-20.538170245026777
6.828571428571428,1.4857142857142858,4.285714285714286,4.514285714285714,-1.5571428571428572,1.3714285714285717,88.71428571428571,0.0,0.0,0.0,0.0,20.5,144.4857142857143,1007.0,74.55714285714285,9.62857142857143,-21.741773812746487
17.37142857142857,9.471428571428572,13.114285714285714,17.37142857142857,8.171428571428573,12.842857142857143,80.77142857142857,0.4767142857142857,57.142857142857146,2.9771428571428573,0.0,22.571428571428573,237.9142857142857,1020.1285714285714,68.37142857142858,20.02857142857143,10.993434911557756
9.085714285714284,4.414285714285714,6.914285714285714,6.142857142857143,0.2285714285714286,3.057142857142857,84.27142857142857,2.607,85.71428571428571,5.951428571428571,0.0,46.1,216.3142857142857,997.2142857142856,77.52857142857144,17.87142857142857,22.74853399948836
11.357142857142858,7.785714285714286,9.8,11.05714285714286,4.642857142857143,7.914285714285714,89.10000000000001,10.130714285714284,100.0,14.287142857142856,0.0,37.142857142857146,183.97142857142856,998.2857142857144,73.21428571428571,10.328571428571427,-44.7150505271461
16.3,9.328571428571427,12.62857142857143,16.3,8.4,12.37142857142857,77.55714285714285,0.185,14.285714285714286,1.19,0.0,23.342857142857145,314.65714285714284,1025.642857142857,50.0,30.67142857142857,-31.40788431463261
18.67142857142857,12.157142857142857,15.428571428571429,18.67142857142857,11.985714285714286,15.4,85.27142857142857,0.2151428571428571,71.42857142857143,4.168571428571428,0.0,20.514285714285712,294.8428571428572,1026.3,51.385714285714286,10.157142857142857,16.282161846578106
17.657142857142855,11.614285714285714,14.657142857142858,17.657142857142855,11.271428571428572,14.62857142857143,80.71428571428571,2.007,100.0,7.142857142857143,0.0,24.557142857142857,197.3857142857143,1016.7714285714284,72.82857142857144,15.742857142857144,-26.556583480336258
8.242857142857144,2.8857142857142857,5.6000000000000005,6.057142857142857,-0.6142857142857142,2.5285714285714285,81.04285714285713,0.8617142857142858,71.42857142857143,4.761428571428572,0.0,26.11428571428572,130.5142857142857,993.5571428571428,81.85714285714286,19.47142857142857,46.60006221618369
13.614285714285714,6.028571428571429,9.714285714285714,13.614285714285714,3.8,8.471428571428572,81.07142857142857,0.0028571428571428,14.285714285714286,0.5957142857142858,0.0,27.11428571428572,260.95714285714286,1022.2571428571428,47.48571428571428,13.242857142857144,-6.430688797391554
7.8,2.6714285714285717,5.314285714285715,5.414285714285714,-0.4857142857142857,2.3285714285714287,88.11428571428571,1.1405714285714286,100.0,5.952857142857143,0.0,24.785714285714285,200.62857142857143,1015.6142857142858,64.57142857142857,18.8,-17.359656907530848
16.885714285714283,11.271428571428572,14.1,16.885714285714283,10.757142857142856,13.985714285714286,81.15714285714286,1.942,100.0,6.547142857142857,8.0,30.785714285714285,267.9142857142857,1012.8857142857142,81.17142857142858,25.557142857142857,25.140800238857537
14.757142857142856,10.242857142857144,12.4,14.757142857142856,9.842857142857143,12.342857142857143,88.92857142857143,3.6304285714285713,100.0,11.31,0.0,27.27142857142857,208.47142857142856,1011.6142857142858,72.57142857142857,9.528571428571428,9.584237122213494
9.44285714285714,5.842857142857143,7.814285714285715,7.942857142857143,2.771428571428572,5.0,89.18571428571428,1.517,85.71428571428571,6.545714285714285,0.0,30.02857142857143,202.37142857142857,1008.5142857142856,67.68571428571428,12.44285714285714,-13.640637279130374
17.22857142857143,12.828571428571427,14.914285714285716,17.22857142857143,12.828571428571427,14.914285714285716,85.42857142857143,2.051285714285714,71.42857142857143,4.167142857142857,0.0,28.52857142857143,234.8428571428572,1015.1285714285714,84.14285714285714,18.97142857142857,2.9505788601492213
13.157142857142857,9.585714285714284,11.642857142857142,13.157142857142857,8.4,11.228571428571428,83.17142857142858,2.5668571428571427,100.0,6.547142857142857,0.0,44.05714285714286,251.11428571428573,1014.1285714285714,88.47142857142856,18.014285714285712,-15.171075176181944
9.285714285714286,4.328571428571428,7.142857142857143,7.242857142857143,0.5714285714285714,3.642857142857143,86.85714285714286,1.2024285714285714,57.142857142857146,4.1657142857142855,0.0,42.885714285714286,191.42857142857144,1000.9285714285714,68.74285714285715,13.528571428571428,73.58256446090456
12.742857142857144,6.028571428571429,9.37142857142857,12.742857142857144,3.757142857142857,8.27142857142857,78.65714285714286,0.1327142857142857,42.85714285714285,1.7871428571428571,0.0,27.6,278.5857142857143,1025.2,76.25714285714285,22.5,5.823953096931291
6.042857142857143,2.3285714285714287,4.214285714285714,3.7285714285714286,-1.942857142857143,0.8714285714285713,79.05714285714285,2.4884285714285714,42.85714285714285,3.571428571428572,0.0,26.557142857142857,168.27142857142857,1028.1142857142856,65.08571428571429,13.342857142857143,-39.12481458108846
8.657142857142857,3.7714285714285714,6.5,5.128571428571428,0.0428571428571428,2.6714285714285717,84.24285714285715,1.8924285714285716,100.0,6.547142857142857,0.0,38.24285714285714,204.67142857142855,1010.4,75.74285714285715,17.757142857142856,-15.19497797133431
19.014285714285712,10.257142857142856,14.642857142857142,19.014285714285712,9.757142857142856,14.55714285714286,78.65714285714286,0.1938571428571428,42.85714285714285,2.381428571428572,0.0,29.128571428571423,274.3857142857143,1017.8142857142856,64.3,30.928571428571427,14.042550857208198
12.757142857142856,9.171428571428573,11.014285714285714,12.757142857142856,7.985714285714287,10.285714285714286,92.34285714285714,2.4735714285714288,100.0,10.714285714285714,0.0,29.62857142857143,170.04285714285714,1014.7428571428572,88.91428571428571,8.72857142857143,-35.76812424188256
11.8,7.628571428571428,9.828571428571427,11.44285714285714,5.142857142857143,8.6,91.08571428571427,6.748142857142857,85.71428571428571,10.12,0.0857142857142857,30.24285714285714,271.6571428571429,1015.6428571428572,75.94285714285715,9.5,12.352747707475372
19.842857142857145,13.142857142857142,16.82857142857143,19.842857142857145,13.028571428571428,16.814285714285713,84.17142857142858,0.9342857142857144,85.71428571428571,5.954285714285715,0.0,24.27142857142857,190.8,1011.7857142857144,42.71428571428572,12.9,8.120120330598638
24.571428571428573,15.014285714285714,19.557142857142857,24.571428571428573,15.014285714285714,19.557142857142857,74.37142857142858,0.2037142857142857,57.142857142857146,2.9771428571428573,0.0,20.97142857142857,236.12857142857143,1017.1857142857144,37.55714285714286,11.62857142857143,13.078275063748832
7.442857142857143,1.8142857142857145,4.6571428571428575,4.771428571428571,-1.6857142857142855,1.4857142857142858,85.35714285714286,3.198428571428572,100.0,11.904285714285717,0.0,27.77142857142857,279.25714285714287,1010.4714285714286,44.65714285714286,11.44285714285714,-20.9658345034253
10.242857142857144,6.014285714285714,7.942857142857143,9.485714285714286,3.0285714285714285,5.742857142857143,89.91428571428571,6.0161428571428575,71.42857142857143,8.928571428571429,0.0142857142857142,32.82857142857143,190.64285714285717,1023.6,82.60000000000001,9.171428571428573,82.64397721121497
6.414285714285716,1.5857142857142856,3.8428571428571434,4.328571428571428,-2.1142857142857143,0.9428571428571428,87.61428571428571,0.8482857142857142,57.142857142857146,5.357142857142857,0.0,21.214285714285715,164.5,1026.0142857142855,63.471428571428575,8.228571428571428,14.920560416810872
19.7,13.714285714285714,16.614285714285714,19.7,13.714285714285714,16.614285714285714,80.34285714285714,4.011,57.142857142857146,4.762857142857143,0.0,22.7,233.22857142857143,1015.5,52.57142857142857,15.214285714285714,16.97346743075161
16.485714285714288,10.585714285714284,13.328571428571427,16.485714285714288,10.585714285714284,13.328571428571427,86.21428571428571,0.3262857142857142,28.571428571428573,1.7857142857142858,0.0,26.357142857142858,184.9857142857143,1013.5142857142856,81.27142857142857,16.785714285714285,-5.011793554587939
9.87142857142857,6.028571428571429,8.114285714285714,9.285714285714286,2.6,6.1571428571428575,87.58571428571429,0.4164285714285714,71.42857142857143,2.9785714285714286,0.0,35.98571428571428,265.9857142857143,1024.2,83.10000000000001,15.657142857142857,33.84033973999317
14.928571428571429,7.171428571428572,11.114285714285714,14.928571428571429,5.5,10.385714285714286,80.08571428571429,1.3064285714285713,71.42857142857143,5.95,0.0,22.014285714285712,222.55714285714288,1012.0571428571428,54.8,10.985714285714286,-25.39950575038688
17.057142857142857,12.585714285714284,15.085714285714284,17.057142857142857,12.3,15.014285714285714,87.24285714285715,3.558,100.0,7.735714285714286,0.0,33.17142857142857,231.82857142857145,1001.0714285714286,76.82857142857142,11.742857142857144,9.439926129816968
9.94285714285714,4.957142857142857,7.628571428571428,8.985714285714286,0.6571428571428573,4.828571428571428,83.62857142857142,1.2952857142857144,71.42857142857143,4.167142857142857,0.0,42.0,280.2714285714286,1010.0857142857144,67.72857142857143,19.071428571428573,-5.777216503961313
10.785714285714286,6.571428571428571,8.785714285714286,10.12857142857143,4.5,7.542857142857143,91.28571428571428,2.797571428571428,85.71428571428571,8.928571428571429,0.0,17.942857142857143,182.05714285714288,1015.8714285714286,70.84285714285714,8.8,-10.452300500716431
9.985714285714286,4.357142857142857,7.1000000000000005,8.385714285714284,1.0857142857142856,4.257142857142857,82.04285714285713,1.0351428571428571,71.42857142857143,4.761428571428572,0.0,29.285714285714285,186.3428571428572,1013.7571428571428,80.95714285714287,16.928571428571427,-13.96148368437241
11.185714285714283,6.071428571428571,8.671428571428573,10.314285714285717,3.6,7.085714285714286,86.0,7.859142857142856,100.0,12.5,0.5857142857142856,27.24285714285714,208.97142857142856,992.2714285714284,58.2,18.75714285714286,-17.612588971391347
14.885714285714286,7.899999999999999,11.185714285714283,14.6,5.785714285714286,10.257142857142856,82.64285714285714,0.0,0.0,0.0,0.0,20.785714285714285,82.32857142857142,1024.4857142857145,58.72857142857144,6.471428571428571,7.864126453579615
10.528571428571428,5.8,8.242857142857142,9.614285714285714,2.6142857142857143,5.857142857142857,88.47142857142856,6.514428571428572,100.0,14.287142857142856,0.0,30.67142857142857,187.8571428571429,995.9571428571428,66.45714285714287,10.771428571428572,2.936572916579962
17.428571428571427,12.328571428571427,14.8,17.428571428571427,12.028571428571428,14.785714285714286,85.71428571428571,1.8131428571428567,85.71428571428571,9.522857142857143,0.0,24.485714285714288,274.9,1015.7857142857144,77.04285714285713,13.12857142857143,-19.816788216706755
9.55714285714286,6.228571428571429,7.914285714285714,7.457142857142857,2.7,4.628571428571428,87.57142857142857,0.8908571428571428,71.42857142857143,4.761428571428572,0.0,32.385714285714286,266.1,1021.3857142857144,81.85714285714286,15.142857142857142,15.719504652972432
16.714285714285715,12.642857142857142,14.6,16.714285714285715,12.642857142857142,14.6,88.7,4.461857142857143,100.0,11.904285714285717,0.0,34.57142857142857,139.18571428571428,1011.1,70.21428571428571,10.5,-23.65422404993205
20.071428571428573,14.414285714285716,17.128571428571426,20.071428571428573,14.414285714285716,17.128571428571426,85.75714285714285,4.246,85.71428571428571,8.334285714285715,0.0,19.957142857142856,201.78571428571428,1013.4428571428572,69.28571428571429,10.585714285714284,-36.248117633493735
12.1,6.114285714285714,9.028571428571428,11.814285714285717,3.985714285714285,7.785714285714286,82.2,0.018,14.285714285714286,0.5957142857142858,0.0,20.8,137.1,1016.2,75.57142857142857,17.785714285714285,-38.65923990435772
18.342857142857145,9.242857142857144,13.742857142857144,18.342857142857145,8.514285714285714,13.614285714285714,70.4,0.4061428571428571,28.571428571428573,1.1914285714285715,0.0,21.4,157.9857142857143,1023.2571428571428,65.62857142857142,16.0,1.1070069688737476
18.02857142857143,11.785714285714286,14.971428571428572,18.02857142857143,11.471428571428572,14.928571428571429,84.82857142857142,6.174285714285714,100.0,13.097142857142858,0.0,30.285714285714285,267.37142857142857,1012.0285714285714,62.85714285714285,12.528571428571428,-3.2324585991704
7.971428571428571,2.9285714285714284,5.6000000000000005,5.814285714285715,-0.2714285714285714,2.6714285714285717,85.87142857142858,1.1591428571428573,71.42857142857143,3.5728571428571425,0.0,28.428571428571427,128.44285714285712,1003.157142857143,81.55714285714285,14.314285714285717,57.20873752314708
5.571428571428571,0.0571428571428571,2.571428571428572,2.9285714285714284,-3.914285714285714,-0.5714285714285714,85.10000000000001,0.0,0.0,0.0,0.0,21.185714285714287,250.2142857142857,1016.5714285714286,53.371428571428574,12.471428571428572,-49.60427595914655
13.728571428571428,8.942857142857143,11.12857142857143,13.728571428571428,7.5,10.757142857142856,83.25714285714285,2.2014285714285715,85.71428571428571,9.525714285714288,0.0,22.985714285714288,140.1,1006.9428571428572,61.142857142857146,11.257142857142856,12.620731913274652
20.6,13.042857142857144,16.7,20.6,13.042857142857144,16.7,79.11428571428571,0.0169999999999999,14.285714285714286,0.5957142857142858,0.0,21.27142857142857,258.57142857142856,1020.9142857142856,63.82857142857143,22.485714285714288,-22.26427551794461
15.585714285714284,8.171428571428573,12.042857142857144,15.585714285714284,6.642857142857143,11.814285714285717,80.98571428571428,0.5297142857142857,42.85714285714285,2.381428571428572,0.0,29.057142857142857,244.8571428571429,1018.0428571428572,70.91428571428571,23.457142857142856,-24.978072000663246
18.38571428571429,10.071428571428571,14.4,18.38571428571429,9.457142857142856,14.242857142857144,77.05714285714285,0.2412857142857143,42.85714285714285,1.7871428571428571,0.0,23.342857142857145,293.3285714285715,1022.5857142857144,33.471428571428575,11.414285714285716,-7.086116544045808
19.842857142857145,12.657142857142857,16.04285714285714,19.842857142857145,12.657142857142857,16.04285714285714,77.3,0.1555714285714285,28.571428571428573,1.1914285714285715,0.0,24.82857142857143,211.0142857142857,1018.3571428571428,39.371428571428574,10.3,-36.50944984680609
13.828571428571427,9.22857142857143,11.671428571428573,13.828571428571427,7.757142857142858,11.3,85.21428571428571,4.953857142857143,85.71428571428571,8.930000000000001,0.0,24.957142857142856,117.85714285714286,1003.1714285714286,56.81428571428571,10.814285714285717,58.21087312374698
19.814285714285717,12.671428571428573,16.157142857142855,19.814285714285717,12.44285714285714,16.12857142857143,77.15714285714286,3.299,42.85714285714285,5.952857142857143,0.0,24.11428571428572,267.22857142857146,1014.6285714285714,52.81428571428571,11.157142857142857,14.04681658437653
9.285714285714286,3.314285714285714,6.328571428571428,8.242857142857144,0.5142857142857141,4.257142857142857,86.58571428571429,2.382285714285714,85.71428571428571,8.927142857142858,0.0,20.7,181.54285714285717,1002.1428571428572,68.3,13.842857142857143,19.13094753042753
16.371428571428574,9.62857142857143,13.3,16.371428571428574,8.671428571428573,13.071428571428571,75.81428571428572,0.6550000000000001,85.71428571428571,5.952857142857143,0.0,25.428571428571427,270.85714285714283,1012.2,53.08571428571429,11.37142857142857,-39.336654835884815
16.685714285714287,10.257142857142856,13.457142857142856,16.685714285714287,9.8,13.342857142857143,84.35714285714286,0.0312857142857142,57.142857142857146,2.382857142857143,0.0,19.74285714285714,304.25714285714287,1023.7857142857144,65.14285714285714,11.985714285714286,0.4298110976259295
6.642857142857143,1.1857142857142855,3.8428571428571434,5.242857142857143,-1.157142857142857,2.0857142857142854,86.42857142857143,0.6687142857142857,42.85714285714285,2.975714285714285,0.0,19.071428571428573,234.4857142857143,1026.6,53.41428571428571,18.74285714285714,18.76862903727215
17.428571428571427,12.5,14.728571428571428,17.428571428571427,12.5,14.728571428571428,84.31428571428572,2.365285714285714,100.0,8.334285714285715,0.0,25.557142857142857,193.3,1009.0857142857144,66.98571428571428,9.857142857142858,20.906381009489564
11.271428571428572,7.028571428571429,9.414285714285716,10.814285714285717,4.3,7.5857142857142845,85.34285714285714,5.966857142857143,100.0,11.904285714285717,0.0,35.74285714285714,256.87142857142857,1011.657142857143,62.31428571428571,10.5,4.4366700812958015
19.842857142857145,13.37142857142857,16.65714285714286,19.842857142857145,13.37142857142857,16.65714285714286,78.7,0.9378571428571428,71.42857142857143,5.3585714285714285,0.0,25.185714285714287,239.72857142857143,1021.9,59.24285714285714,11.471428571428572,-40.93831192805226
13.471428571428572,8.585714285714285,10.814285714285717,13.471428571428572,6.685714285714285,10.385714285714286,87.28571428571429,3.171,85.71428571428571,5.951428571428571,0.0,28.9,205.18571428571428,1005.8,80.3,16.985714285714288,-21.27457796579199
17.75714285714286,9.357142857142858,13.814285714285717,17.75714285714286,8.77142857142857,13.614285714285714,81.01428571428572,1.4514285714285715,28.571428571428573,2.9771428571428578,0.0,19.042857142857144,231.05714285714288,1011.7857142857144,55.0,13.785714285714286,-0.2391577332963379
8.785714285714286,3.985714285714285,6.285714285714286,6.6000000000000005,0.6428571428571429,3.3857142857142857,86.28571428571429,2.592,85.71428571428571,8.930000000000001,0.0,25.02857142857143,161.0142857142857,1002.1857142857144,82.01428571428572,9.757142857142856,-5.4367915145124925
15.62857142857143,8.742857142857142,12.157142857142857,15.62857142857143,8.057142857142857,11.985714285714286,81.11428571428571,0.5302857142857142,57.142857142857146,4.1657142857142855,0.0,21.0,157.45714285714286,1018.5571428571428,78.52857142857144,20.4,11.62974103986312
12.071428571428571,6.842857142857143,9.557142857142855,12.071428571428571,4.585714285714286,8.3,84.27142857142857,3.356428571428572,100.0,11.905714285714286,0.0,23.357142857142858,211.3571428571429,1006.8571428571428,61.57142857142857,11.514285714285714,-35.64786077887027
17.74285714285714,9.528571428571428,13.55714285714286,17.74285714285714,8.72857142857143,13.385714285714286,79.57142857142857,0.0274285714285714,42.85714285714285,2.381428571428572,0.0,21.12857142857143,191.54285714285717,1023.0142857142856,40.02857142857143,10.142857142857142,-8.81230779744783
10.214285714285714,3.0142857142857147,6.385714285714286,7.914285714285714,-0.8571428571428571,2.7142857142857144,77.02857142857144,0.7497142857142858,85.71428571428571,5.357142857142857,0.0,42.32857142857143,242.37142857142857,1013.2714285714284,65.48571428571428,20.514285714285712,-39.87029072584755
20.571428571428573,13.914285714285716,17.2,20.571428571428573,13.785714285714286,17.2,77.89999999999999,4.574,85.71428571428571,7.144285714285715,0.0,24.285714285714285,249.3,1010.9285714285714,48.05714285714286,14.214285714285714,-28.50667638036748
13.042857142857144,6.428571428571429,9.385714285714286,13.042857142857144,4.328571428571428,8.471428571428572,84.95714285714287,0.0377142857142857,28.571428571428573,1.1914285714285715,0.0,16.757142857142856,59.385714285714286,1021.9571428571428,68.89999999999999,14.828571428571427,-47.34599457490549
19.542857142857144,13.728571428571428,16.485714285714288,19.542857142857144,13.728571428571428,16.485714285714288,83.05714285714285,1.2412857142857143,85.71428571428571,4.762857142857143,0.0,30.714285714285715,264.3857142857143,1018.657142857143,85.45714285714287,19.985714285714288,-37.38910661576051
9.828571428571427,2.8714285714285714,6.528571428571429,8.27142857142857,-0.4285714285714285,3.757142857142857,83.92857142857143,3.624428571428572,85.71428571428571,8.930000000000001,0.0285714285714285,26.042857142857144,192.78571428571428,1008.2571428571428,62.31428571428571,16.985714285714288,13.993603226693269
5.342857142857143,1.9428571428571428,3.8428571428571434,2.257142857142857,-1.8285714285714287,0.3571428571428571,86.89999999999999,0.0,0.0,0.0,0.0,23.514285714285712,63.5,1031.257142857143,82.08571428571429,6.985714285714286,-2.299347444056707
2.771428571428572,-1.457142857142857,0.5571428571428572,-2.628571428571429,-7.557142857142857,-5.3,74.02857142857144,0.0,0.0,0.0,0.0,36.4,50.35714285714285,1027.142857142857,41.44285714285714,15.12857142857143,59.989274739708094
24.071428571428573,15.085714285714284,19.428571428571427,24.457142857142856,15.0,19.47142857142857,78.02857142857144,0.1065714285714285,14.285714285714286,0.5957142857142858,0.0,18.457142857142856,201.14285714285717,1021.5428571428572,47.65714285714286,9.6,28.65423930236443
3.314285714285714,-0.6428571428571429,1.2285714285714284,-1.9285714285714288,-6.514285714285714,-4.328571428571428,70.94285714285715,0.8585714285714285,42.85714285714285,2.975714285714285,0.0,31.228571428571428,64.27142857142857,1011.9285714285714,75.57142857142857,12.914285714285716,1.2444957962950411
15.385714285714286,10.385714285714286,12.55714285714286,15.385714285714286,9.742857142857144,12.457142857142856,80.65714285714286,0.1544285714285714,42.85714285714285,1.7871428571428571,0.0,23.62857142857143,115.22857142857144,1014.157142857143,71.58571428571429,12.05714285714286,-15.1768236008852
21.185714285714287,10.2,16.228571428571428,21.185714285714287,9.757142857142856,16.17142857142857,74.17142857142858,0.0138571428571428,14.285714285714286,0.5957142857142858,0.0,20.65714285714285,265.0571428571429,1021.3714285714286,42.0,11.671428571428573,-55.05067082355754
13.328571428571427,9.428571428571429,11.257142857142856,13.328571428571427,7.757142857142857,10.528571428571428,89.35714285714286,2.221,100.0,11.904285714285717,0.0,31.928571428571427,184.22857142857143,1013.4,82.28571428571429,10.62857142857143,41.2214076755489
7.257142857142857,3.3,5.385714285714286,5.014285714285714,0.1999999999999999,2.771428571428572,92.25714285714284,0.7347142857142857,85.71428571428571,4.168571428571428,0.0,29.728571428571428,201.9,1006.0142857142856,87.35714285714286,13.842857142857142,-40.52100038040214
11.4,4.728571428571429,8.2,11.157142857142857,2.657142857142857,7.014285714285714,91.18571428571428,0.4614285714285714,100.0,5.3585714285714285,0.0142857142857142,18.042857142857144,223.3428571428572,1027.6571428571428,52.54285714285714,8.114285714285714,-1.2553762118918712
11.014285714285714,6.285714285714286,8.785714285714286,10.842857142857143,2.742857142857143,6.4,80.5,3.367714285714286,100.0,6.547142857142857,0.0,50.94285714285714,235.55714285714288,1008.4142857142856,74.42857142857143,18.67142857142857,11.553434155160971
12.828571428571427,9.314285714285717,11.214285714285714,12.828571428571427,8.142857142857142,10.714285714285714,92.64285714285714,0.0548571428571428,42.85714285714285,1.7871428571428571,0.0,23.457142857142856,77.47142857142856,1016.5142857142856,78.39999999999999,4.414285714285714,-27.55247128424071
6.585714285714286,2.814285714285714,4.685714285714285,4.157142857142857,-0.8714285714285713,1.542857142857143,90.87142857142858,5.892714285714286,100.0,10.714285714285714,0.0,23.042857142857144,175.94285714285712,1011.3,67.81428571428572,10.142857142857142,9.904403403064634
16.642857142857142,9.257142857142856,13.3,16.642857142857142,8.442857142857143,13.0,77.62857142857142,0.7604285714285713,71.42857142857143,4.762857142857143,0.0,31.17142857142857,296.87142857142857,1016.1142857142858,60.92857142857143,12.9,0.1219253341349713
11.842857142857143,3.942857142857143,7.7,11.5,0.6142857142857144,5.5,79.71428571428571,0.1697142857142857,57.142857142857146,3.5728571428571425,0.0,26.071428571428573,115.21428571428572,1016.3714285714286,37.74285714285714,8.185714285714285,-5.986141507529851
16.571428571428573,8.485714285714286,12.542857142857144,16.571428571428573,6.914285714285714,12.042857142857144,72.77142857142857,0.0534285714285714,42.85714285714285,2.381428571428572,0.0,21.285714285714285,148.74285714285716,1019.9714285714286,34.357142857142854,10.7,-7.957627388846845
8.785714285714286,2.9285714285714284,5.757142857142857,6.857142857142857,0.2428571428571428,3.585714285714286,88.52857142857144,0.0,0.0,0.0,0.0,22.028571428571432,270.9142857142857,1029.6142857142856,63.871428571428574,12.042857142857144,20.098985362990334
8.328571428571427,3.685714285714286,5.871428571428572,4.714285714285714,-1.3285714285714287,1.5,82.25714285714285,7.745,100.0,12.5,0.0714285714285714,44.114285714285714,232.72857142857143,986.9,63.52857142857143,10.957142857142856,24.69718512921156
17.885714285714286,11.62857142857143,14.428571428571429,17.885714285714286,11.62857142857143,14.428571428571429,75.04285714285713,0.0124285714285714,28.571428571428573,1.7857142857142858,0.0,22.75714285714286,62.871428571428574,1021.3,65.62857142857142,12.542857142857144,-23.66459216563476
8.628571428571428,2.7,5.357142857142857,7.3,-1.3285714285714283,2.442857142857143,83.61428571428571,1.9798571428571428,85.71428571428571,6.547142857142857,0.0,27.071428571428573,130.75714285714287,1001.5142857142856,65.65714285714286,8.4,29.782115513160875
13.9,6.914285714285714,10.44285714285714,13.9,5.242857142857143,9.928571428571429,74.17142857142858,0.9841428571428572,71.42857142857143,3.5728571428571425,0.0,23.47142857142857,249.18571428571428,1014.5571428571428,79.81428571428572,23.514285714285712,10.94601655439601
13.014285714285714,8.242857142857142,10.814285714285717,13.014285714285714,5.971428571428571,9.714285714285714,82.7,2.846,100.0,7.735714285714286,0.0,42.15714285714286,252.6142857142857,1010.7,76.6857142857143,16.728571428571428,-12.94581250991314
7.114285714285714,1.0,3.8285714285714287,4.728571428571429,-2.942857142857143,0.3428571428571429,69.74285714285715,0.2365714285714285,57.142857142857146,2.9771428571428573,1.0,30.714285714285715,316.61428571428576,1017.4714285714286,60.5,31.82857142857143,-7.071762675994023
14.828571428571427,8.714285714285714,11.585714285714284,14.828571428571427,7.585714285714286,11.257142857142856,82.17142857142858,2.516142857142857,100.0,5.952857142857143,0.0,28.985714285714288,123.42857142857144,1001.9714285714286,80.35714285714286,22.942857142857143,-32.53392184312247
11.8,6.671428571428572,9.0,11.5,4.228571428571429,7.399999999999999,85.52857142857144,0.0,0.0,0.0,0.0,21.914285714285715,63.72857142857144,1028.142857142857,47.84285714285714,6.071428571428571,-20.56855422176045
14.414285714285716,6.4,10.614285714285714,14.414285714285716,4.728571428571429,9.828571428571427,75.12857142857142,0.0,0.0,0.0,0.0,26.942857142857147,249.04285714285717,1030.8285714285714,60.957142857142856,16.04285714285714,2.1251159651394573
9.228571428571428,4.042857142857143,6.914285714285714,6.342857142857143,0.5428571428571428,3.6571428571428575,83.24285714285715,2.5864285714285717,100.0,6.547142857142857,0.0,30.62857142857143,270.12857142857143,1019.7857142857144,73.91428571428571,11.471428571428572,-1.528895310963435
9.842857142857143,2.857142857142857,6.285714285714286,8.185714285714287,-1.0571428571428572,3.1142857142857143,67.07142857142857,0.6587142857142857,57.142857142857146,2.9771428571428573,1.2,36.771428571428565,186.2,1018.7571428571428,58.614285714285714,26.742857142857144,50.976017672759326
8.928571428571429,2.0142857142857147,5.442857142857143,6.942857142857143,-2.4,2.2857142857142856,82.17142857142858,6.611428571428571,100.0,12.501428571428573,0.0,24.957142857142856,74.14285714285714,1009.5857142857144,71.0,9.671428571428573,-5.658438272277749
20.185714285714287,12.94285714285714,16.47142857142857,20.185714285714287,12.94285714285714,16.47142857142857,77.32857142857142,0.0242857142857142,14.285714285714286,0.5957142857142858,0.0,24.32857142857143,113.17142857142856,1025.4857142857145,68.8,18.61428571428572,-14.073744022748429
11.471428571428572,7.814285714285715,9.757142857142856,11.1,5.1571428571428575,8.314285714285713,93.7,1.3532857142857142,85.71428571428571,5.951428571428571,0.0,31.15714285714285,228.2,1022.1714285714286,77.47142857142858,9.671428571428573,-58.5483381040782
9.885714285714286,4.671428571428572,7.642857142857143,8.328571428571427,0.7857142857142857,4.542857142857143,86.02857142857144,4.692857142857143,100.0,9.524285714285714,0.0,35.357142857142854,245.4142857142857,1017.5714285714286,70.05714285714285,9.814285714285717,-3.213003083388457
5.757142857142857,1.0571428571428572,3.5142857142857147,2.7142857142857144,-3.071428571428572,-0.1285714285714285,87.08571428571429,1.9282857142857144,71.42857142857143,4.167142857142857,0.0,25.942857142857143,218.02857142857144,1020.9857142857144,81.57142857142857,12.971428571428572,-19.477878394562367
21.585714285714285,13.828571428571427,17.771428571428572,21.585714285714285,13.828571428571427,17.771428571428572,80.3,0.2485714285714285,100.0,8.927142857142858,0.0,24.042857142857144,221.05714285714288,1015.6142857142858,62.17142857142857,12.8,49.35664359756197
21.928571428571427,15.271428571428572,18.385714285714283,21.957142857142856,15.271428571428572,18.385714285714283,81.25714285714285,2.0465714285714287,71.42857142857143,6.548571428571429,0.0,20.571428571428573,184.9142857142857,1019.7571428571428,57.9,11.1,-13.791497484058937
20.5,11.542857142857144,16.071428571428573,20.5,11.542857142857144,16.071428571428573,86.7,0.0,0.0,0.0,0.0,13.685714285714283,233.4142857142857,1021.6714285714286,49.82857142857143,8.72857142857143,1.954994256328632
16.257142857142856,11.0,13.642857142857142,16.257142857142856,11.0,13.642857142857142,88.82857142857142,1.7774285714285714,57.142857142857146,7.738571428571428,2.82,27.17142857142857,247.0142857142857,1000.3,68.84285714285714,11.285714285714286,28.097945949240625
7.5,2.685714285714286,5.185714285714285,4.985714285714286,-0.7714285714285715,2.2,82.42857142857143,0.1775714285714285,42.85714285714285,1.7871428571428571,0.0,23.17142857142857,235.05714285714288,1012.6142857142858,59.18571428571429,24.228571428571428,-42.785237465646105
10.8,7.671428571428571,9.514285714285714,10.428571428571429,5.028571428571429,7.714285714285714,87.78571428571429,4.451714285714286,100.0,11.31,0.0,38.71428571428572,240.57142857142856,1012.7142857142856,71.82857142857144,10.514285714285714,-7.654179647551246
7.642857142857143,3.742857142857143,5.757142857142858,5.914285714285714,-0.0142857142857143,2.942857142857143,93.95714285714288,0.4982857142857143,85.71428571428571,5.952857142857143,0.0,22.814285714285717,111.21428571428572,1029.142857142857,87.81428571428572,7.442857142857142,-10.12821959323594
16.27142857142857,10.228571428571428,13.257142857142856,16.27142857142857,9.428571428571429,13.071428571428571,82.14285714285714,1.3447142857142858,42.85714285714285,2.975714285714285,0.0,26.928571428571427,275.7,1010.4,75.05714285714285,21.77142857142857,10.552074544457014
22.928571428571427,11.914285714285716,17.385714285714283,22.928571428571427,11.728571428571428,17.37142857142857,71.9,0.018,14.285714285714286,0.5957142857142858,0.0,18.114285714285717,228.8,1022.1714285714286,42.85714285714285,23.37142857142857,-1.4932652726096194
10.9,6.671428571428572,9.214285714285714,9.7,4.057142857142858,7.828571428571428,88.87142857142858,0.369,57.142857142857146,2.9771428571428573,0.0,34.17142857142857,220.4,1025.8285714285714,88.08571428571429,15.042857142857144,10.966017203934143
5.614285714285714,0.3714285714285715,2.9285714285714284,2.542857142857143,-3.628571428571429,-0.5428571428571428,84.67142857142858,0.112,85.71428571428571,4.168571428571428,0.0,19.8,97.18571428571428,1029.8285714285714,57.385714285714286,9.257142857142856,-41.27644313916312
16.685714285714287,11.457142857142856,13.842857142857143,16.685714285714287,11.214285714285714,13.828571428571427,84.84285714285714,0.2242857142857142,57.142857142857146,3.571428571428572,0.0,22.857142857142858,232.12857142857143,1022.5142857142856,82.57142857142857,20.957142857142856,6.705799768324823
23.885714285714283,16.47142857142857,19.785714285714285,23.914285714285715,16.47142857142857,19.814285714285717,77.27142857142857,0.5452857142857143,85.71428571428571,6.548571428571429,0.0,19.62857142857143,200.6,1016.7142857142856,53.1,9.128571428571428,15.096198195098737
18.285714285714285,12.728571428571428,15.414285714285716,18.285714285714285,12.728571428571428,15.414285714285716,79.71428571428571,7.409714285714285,100.0,13.097142857142858,0.0,28.54285714285714,273.85714285714283,1007.6857142857144,54.24285714285714,14.142857142857142,-3.3484409389598118
20.97142857142857,14.05714285714286,17.357142857142858,20.97142857142857,14.05714285714286,17.357142857142858,80.62857142857142,0.2338571428571428,14.285714285714286,0.5957142857142858,0.0,19.1,187.94285714285715,1013.157142857143,71.21428571428571,18.0,20.84744651015853
8.614285714285714,4.014285714285714,6.571428571428571,6.014285714285714,-0.2,2.7142857142857144,84.01428571428572,1.93,100.0,6.547142857142857,0.0,44.471428571428575,239.55714285714288,1005.0428571428572,73.0,20.728571428571428,5.1303709953919
21.62857142857143,12.514285714285714,16.571428571428573,21.62857142857143,12.5,16.571428571428573,75.94285714285715,0.0,0.0,0.0,0.0,16.32857142857143,172.47142857142856,1022.5571428571428,55.42857142857143,11.871428571428572,15.583056872590303
20.3,14.228571428571428,17.228571428571428,20.3,14.228571428571428,17.228571428571428,76.05714285714285,0.4862857142857142,57.142857142857146,4.167142857142857,0.0,24.214285714285715,221.0142857142857,1017.7571428571428,79.84285714285714,15.457142857142856,-26.52534662353912
9.542857142857144,5.042857142857143,7.271428571428571,8.0,1.5714285714285714,3.928571428571429,83.0,7.518,100.0,14.287142857142856,0.0,41.18571428571429,259.87142857142857,997.8857142857142,68.62857142857143,12.585714285714284,17.747340840072752
12.214285714285714,8.914285714285715,10.6,11.757142857142856,7.1571428571428575,9.357142857142858,91.4,1.7895714285714284,100.0,6.548571428571429,0.0,24.65714285714285,108.5,1018.0571428571428,61.82857142857143,8.1,3.620350117201952
17.02857142857143,7.428571428571429,12.428571428571429,17.02857142857143,5.171428571428572,11.885714285714286,63.01428571428571,0.0,0.0,0.0,0.0,26.057142857142857,127.08571428571427,1022.0428571428572,50.68571428571429,23.65714285714285,-8.728144983999982
6.571428571428571,2.171428571428572,4.3,3.642857142857143,-1.9714285714285715,0.5428571428571428,93.45714285714288,2.027428571428572,85.71428571428571,4.762857142857143,0.0,32.2,104.2,989.7,88.68571428571428,9.828571428571427,23.529710286072486
18.485714285714288,13.05714285714286,15.7,18.485714285714288,12.985714285714286,15.7,84.45714285714287,3.7028571428571424,100.0,9.524285714285714,0.0,22.928571428571427,182.77142857142857,1010.3571428571428,57.67142857142858,10.142857142857142,-27.437934047894828
20.61428571428572,12.757142857142856,16.8,20.61428571428572,12.757142857142856,16.8,73.01428571428572,1.2198571428571428,28.571428571428573,3.571428571428572,0.0,18.77142857142857,184.67142857142855,1018.0857142857144,41.81428571428571,15.071428571428571,-17.313184857717033
7.271428571428571,1.657142857142857,4.714285714285714,5.057142857142857,-1.6428571428571428,1.6999999999999995,88.2,1.4415714285714287,71.42857142857143,6.548571428571429,0.0,25.24285714285714,162.42857142857142,1029.0857142857144,63.1,12.185714285714283,-7.30582198564025
3.6,0.2571428571428572,1.8,0.1428571428571427,-4.857142857142857,-2.4,87.31428571428572,2.794,57.142857142857146,7.738571428571428,0.0,28.085714285714285,125.61428571428571,997.9857142857144,65.91428571428571,9.057142857142855,27.97304315689405
12.585714285714287,6.842857142857143,9.62857142857143,12.142857142857142,4.628571428571428,8.328571428571427,83.3,3.228,85.71428571428571,12.501428571428573,0.0,24.357142857142858,209.22857142857143,1006.2285714285716,55.31428571428571,11.157142857142857,19.0700749378949
19.32857142857143,11.0,15.2,19.32857142857143,10.6,15.142857142857142,78.17142857142858,2.3345714285714285,85.71428571428571,5.357142857142857,0.0,20.75714285714286,258.68571428571425,1017.4714285714286,38.84285714285714,11.071428571428571,3.587085391456867
8.442857142857143,4.428571428571429,6.785714285714286,6.414285714285716,1.2,3.7285714285714286,91.41428571428573,0.0,0.0,0.0,0.0,29.985714285714288,257.1428571428572,1023.3571428571428,83.65714285714286,9.214285714285714,-1.410682492752244
7.685714285714285,4.328571428571428,5.785714285714286,5.271428571428571,-0.157142857142857,2.271428571428572,89.57142857142857,0.7354285714285715,57.142857142857146,4.167142857142857,0.0,34.628571428571426,146.84285714285716,1007.0857142857144,89.21428571428571,7.214285714285714,29.020018228007984
11.5,6.328571428571428,8.928571428571429,10.171428571428573,3.314285714285714,6.6571428571428575,87.67142857142858,6.367285714285714,71.42857142857143,8.334285714285715,0.0,29.61428571428572,151.84285714285716,1016.3285714285714,76.27142857142857,17.271428571428572,7.28877452324798
9.542857142857144,6.185714285714285,7.814285714285715,8.4,3.1,5.085714285714286,93.55714285714284,0.2572857142857143,71.42857142857143,3.5728571428571425,0.0,28.37142857142857,185.94285714285712,1024.1,85.44285714285715,9.8,6.9772112484896525
17.714285714285715,8.5,12.7,17.714285714285715,5.5,11.914285714285716,65.14285714285714,0.2674285714285714,85.71428571428571,5.952857142857143,0.0,30.95714285714286,87.64285714285714,1012.5142857142856,46.9,11.042857142857144,-5.536201171191465
9.071428571428571,5.328571428571428,7.371428571428572,6.642857142857143,2.442857142857143,4.371428571428572,86.3,1.259,85.71428571428571,4.762857142857143,0.0,29.62857142857143,225.07142857142856,1010.1285714285714,84.72857142857143,17.157142857142855,-47.98517176723749
8.571428571428571,3.6142857142857134,6.3,6.242857142857142,-0.8428571428571429,2.4285714285714284,84.57142857142857,4.463285714285714,85.71428571428571,4.762857142857143,0.0,41.957142857142856,201.8428571428572,1011.157142857143,78.98571428571428,15.157142857142857,7.15473222290359
18.542857142857144,9.671428571428573,13.87142857142857,18.542857142857144,8.485714285714286,13.44285714285714,71.04285714285714,0.4672857142857142,28.571428571428573,1.1914285714285715,0.0,25.6,119.51428571428572,1016.3714285714284,60.74285714285714,19.342857142857145,8.44473683876879
13.985714285714286,8.7,11.37142857142857,13.985714285714286,7.614285714285714,10.985714285714286,86.2,1.9928571428571429,71.42857142857143,4.762857142857143,0.0,26.914285714285715,230.54285714285717,1006.3142857142856,79.35714285714286,19.442857142857143,-10.436203129171986
17.657142857142855,12.571428571428571,15.071428571428571,17.657142857142855,12.571428571428571,15.071428571428571,82.64285714285714,0.8360000000000001,42.85714285714285,2.381428571428572,0.0,21.9,183.9857142857143,1013.3857142857142,87.07142857142857,15.242857142857144,36.875677295103856
9.671428571428573,4.814285714285715,6.971428571428572,8.328571428571427,1.5285714285714285,4.328571428571428,85.98571428571428,0.0705714285714285,42.85714285714285,1.7871428571428571,0.0,27.3,65.14285714285714,1011.6428571428572,64.1,10.514285714285714,-70.38258613606422
15.9,11.414285714285716,13.62857142857143,15.9,10.885714285714286,13.614285714285714,86.07142857142857,4.047428571428571,100.0,10.12,0.0,27.942857142857143,256.74285714285713,1013.2857142857144,64.91428571428571,10.5,-11.679650752051655
9.95,3.633333333333333,6.716666666666666,8.5,0.0499999999999999,3.983333333333333,82.3,0.373,50.0,2.381428571428572,0.0,24.428571428571427,261.5,1011.9666666666668,67.10000000000001,26.366666666666664,-12.085570255754078
16.085714285714285,11.971428571428572,14.071428571428571,16.085714285714285,11.971428571428572,14.071428571428571,81.54285714285716,1.415142857142857,100.0,6.547142857142857,0.0,34.1,206.3,1008.8714285714284,79.47142857142856,20.685714285714287,21.208942704064956
13.87142857142857,10.157142857142857,12.4,13.87142857142857,9.028571428571428,12.228571428571428,90.02857142857144,2.482714285714286,100.0,10.715714285714286,0.0,32.18571428571429,216.6857142857143,1009.0714285714286,69.47142857142858,9.057142857142855,13.64189057654471
18.057142857142857,10.3,13.9,18.057142857142857,9.071428571428571,13.542857142857144,82.35714285714286,0.1607142857142857,71.42857142857143,4.167142857142857,0.0,25.61428571428572,199.7142857142857,1017.157142857143,42.557142857142864,8.628571428571428,7.132164529253032
3.185714285714286,-0.1857142857142856,1.4428571428571428,0.4428571428571429,-4.785714285714286,-2.585714285714286,84.2,0.0177142857142857,14.285714285714286,0.5957142857142858,0.0,22.52857142857143,56.84285714285714,1028.257142857143,67.34285714285714,12.12857142857143,23.37544896988584
2.3714285714285714,-0.3857142857142857,1.2285714285714284,-1.4428571428571428,-5.557142857142857,-3.3285714285714287,90.97142857142856,1.979428571428572,85.71428571428571,7.738571428571428,8.72857142857143,26.142857142857142,77.45714285714287,1011.7714285714284,85.22857142857143,6.071428571428571,13.021722918836986
18.014285714285716,13.814285714285717,15.62857142857143,18.014285714285716,13.814285714285717,15.62857142857143,87.62857142857142,6.382428571428571,100.0,14.882857142857144,0.0,26.714285714285715,219.05714285714288,1009.0714285714286,64.88571428571429,11.0,10.390672741236015
5.771428571428571,2.342857142857143,4.242857142857143,4.3,0.0714285714285714,2.257142857142857,95.8,2.400714285714286,85.71428571428571,7.74,0.0,13.585714285714287,126.52857142857144,1034.071428571429,66.91428571428571,6.228571428571429,-2.796305645844427
10.385714285714286,3.414285714285714,6.957142857142857,9.55714285714286,-0.2428571428571427,4.642857142857143,85.55714285714285,0.7608571428571428,100.0,8.331428571428571,0.0,26.828571428571426,196.2142857142857,1031.142857142857,65.95714285714286,13.728571428571428,-2.3516225524806487
8.6,3.1,5.514285714285714,6.442857142857143,0.1285714285714286,3.142857142857143,86.17142857142858,1.938,85.71428571428571,5.357142857142857,0.0,25.985714285714288,228.42857142857144,997.1714285714286,64.81428571428572,18.414285714285715,77.44279603927964
8.9,2.9,5.842857142857143,5.8,-0.7571428571428571,2.2285714285714286,75.62857142857142,1.4570000000000003,100.0,6.548571428571429,0.0,33.27142857142857,242.3142857142857,1002.2428571428572,54.371428571428574,11.814285714285717,3.6319924957008425
7.5,3.3857142857142857,5.771428571428571,5.757142857142857,0.4571428571428573,3.4285714285714284,77.78571428571429,0.0,0.0,0.0,0.0,22.057142857142857,35.48571428571429,1023.4142857142856,73.12857142857142,11.285714285714286,-31.847242221271017
20.971428571428568,11.6,16.557142857142857,20.971428571428568,11.257142857142856,16.5,81.25714285714285,0.0,0.0,0.0,0.0,20.057142857142857,179.57142857142858,1017.1857142857142,42.557142857142864,9.428571428571429,18.190102900328384
18.714285714285715,11.657142857142857,15.028571428571428,18.714285714285715,11.37142857142857,15.0,76.88571428571429,0.0911428571428571,14.285714285714286,0.5957142857142858,0.0,21.228571428571428,165.01428571428573,1026.1714285714286,71.71428571428571,24.214285714285715,-27.984673695396623
16.185714285714287,10.385714285714286,13.742857142857144,16.185714285714287,9.471428571428572,13.485714285714286,80.18571428571428,3.028142857142857,85.71428571428571,9.524285714285714,0.0,29.214285714285715,231.55714285714288,1015.342857142857,62.17142857142857,14.157142857142857,28.793859152714617
21.571428571428573,13.6,17.5,21.571428571428573,13.6,17.5,71.57142857142857,0.0921428571428571,42.85714285714285,1.7871428571428571,0.0,22.428571428571427,166.31428571428572,1020.3714285714286,63.68571428571429,20.97142857142857,-4.324226906641684
5.085714285714286,1.4857142857142858,3.2142857142857144,2.9857142857142853,-1.457142857142857,0.5714285714285714,84.54285714285713,0.0685714285714285,28.571428571428573,1.1914285714285715,0.0,18.414285714285715,157.29999999999998,1015.5571428571428,82.58571428571429,16.97142857142857,1.4669373074282248
9.4,2.685714285714286,6.457142857142857,7.442857142857143,-0.2714285714285714,3.242857142857143,82.39999999999999,1.0278571428571428,71.42857142857143,3.5728571428571425,0.0,38.72857142857144,248.22857142857143,1026.1285714285714,67.8,21.342857142857145,-40.27295600282287
20.085714285714285,13.171428571428573,16.728571428571428,20.085714285714285,13.171428571428573,16.728571428571428,80.14285714285714,10.060285714285714,85.71428571428571,9.524285714285714,0.0,22.528571428571432,180.58571428571432,1015.7142857142856,52.9,18.514285714285712,-6.879955783809123
18.557142857142857,11.528571428571428,15.0,18.557142857142857,11.285714285714286,14.985714285714284,77.41428571428571,0.8694285714285714,14.285714285714286,1.19,8.0,29.67142857142857,249.3142857142857,1023.5428571428572,72.2,24.942857142857143,-13.665292872892906
11.485714285714286,5.028571428571429,8.22857142857143,10.9,2.1142857142857143,6.271428571428571,77.12857142857142,0.3485714285714286,42.85714285714285,2.381428571428572,0.0,27.757142857142856,157.44285714285712,1018.2571428571428,52.285714285714285,24.77142857142857,28.353654430722145
14.914285714285716,6.642857142857143,11.05714285714286,14.914285714285716,5.128571428571428,10.414285714285716,81.94285714285715,0.0,0.0,0.0,0.0,20.514285714285712,269.2285714285714,1016.6857142857144,58.24285714285714,14.157142857142857,16.278099769379537
17.385714285714286,11.914285714285716,14.742857142857144,17.385714285714286,11.885714285714286,14.728571428571428,78.89999999999999,0.6778571428571428,71.42857142857143,4.761428571428572,0.0,31.385714285714283,267.1142857142857,1015.4285714285714,81.32857142857142,26.5,-10.240685998559911
3.7,1.1857142857142855,2.3714285714285714,0.9142857142857144,-2.685714285714285,-0.9571428571428572,85.07142857142857,0.0,0.0,0.0,0.0,21.257142857142856,78.67142857142858,1021.3142857142856,66.44285714285714,8.657142857142857,-16.98926812808122
18.02857142857143,12.928571428571429,15.3,18.02857142857143,12.928571428571429,15.3,82.45714285714287,0.4804285714285715,57.142857142857146,2.9771428571428573,0.0,31.285714285714285,262.11428571428576,1013.0142857142856,82.87142857142858,20.285714285714285,-2.513166670366445
13.44285714285714,6.014285714285714,9.657142857142857,13.44285714285714,3.8,8.72857142857143,71.51428571428572,1.5597142857142856,57.142857142857146,2.9771428571428573,0.0,22.414285714285715,82.11428571428571,1012.9,64.2,17.514285714285712,3.5233286135617163
12.457142857142856,5.514285714285714,8.757142857142858,12.457142857142856,3.128571428571429,7.228571428571429,79.60000000000001,1.2802857142857142,42.85714285714285,4.167142857142857,0.0,22.27142857142857,193.0142857142857,1026.0285714285717,47.6,11.157142857142857,-21.6844251331828
14.9,8.357142857142858,12.114285714285714,14.9,6.842857142857143,11.771428571428572,76.3,1.3735714285714289,100.0,7.141428571428572,0.0,31.442857142857143,274.7714285714286,1019.6714285714286,64.84285714285714,29.942857142857143,31.61477658857825
17.914285714285715,9.928571428571429,14.157142857142857,17.914285714285715,9.114285714285714,13.914285714285716,80.72857142857143,0.4825714285714286,28.571428571428573,4.167142857142857,0.0,16.95714285714286,190.27142857142857,1017.9142857142856,51.82857142857143,12.328571428571427,8.954914781403204
10.528571428571428,7.142857142857143,8.914285714285715,9.671428571428573,4.471428571428572,6.8,87.54285714285713,7.746714285714285,100.0,14.287142857142856,0.0,37.785714285714285,244.87142857142857,1004.2857142857144,72.78571428571429,10.8,12.904548454072597
9.528571428571428,4.357142857142857,6.7,7.642857142857143,1.8,4.385714285714285,87.58571428571429,1.3942857142857144,71.42857142857143,4.761428571428572,0.0,29.485714285714288,216.58571428571423,1003.0142857142856,77.68571428571428,13.014285714285714,6.276692550254893
17.0,11.271428571428572,13.814285714285717,17.0,11.1,13.8,81.2,3.6251428571428574,71.42857142857143,5.95,0.0,44.82857142857143,224.68571428571428,1001.6142857142858,66.62857142857143,25.385714285714283,3.554154421479666
14.8,5.414285714285714,10.0,14.8,2.185714285714285,8.614285714285714,67.02857142857142,0.0108571428571428,42.85714285714285,2.381428571428572,0.0,23.314285714285717,112.41428571428573,1028.742857142857,63.0,17.571428571428573,-17.763678775433846
12.55714285714286,8.385714285714286,10.257142857142856,12.55714285714286,6.485714285714286,9.214285714285714,90.14285714285714,2.154428571428572,100.0,6.547142857142857,0.0,30.557142857142853,196.8857142857143,1007.6,90.7,13.028571428571428,1.9517498856142763
4.557142857142857,0.5571428571428572,2.657142857142857,1.6,-3.7714285714285714,-1.1285714285714286,86.65714285714286,2.0592857142857146,57.142857142857146,4.167142857142857,4.0,29.62857142857143,186.7428571428572,1009.3,82.35714285714286,15.271428571428572,-9.812513651091876
16.814285714285713,10.557142857142855,13.614285714285714,16.814285714285713,10.1,13.542857142857144,85.2,1.526857142857143,85.71428571428571,5.3585714285714285,0.0,20.6,212.3428571428572,1015.4428571428572,50.51428571428572,9.185714285714283,-12.775183510553802
16.314285714285713,9.785714285714286,13.085714285714284,16.314285714285713,8.442857142857143,12.8,75.44285714285715,0.1228571428571428,71.42857142857143,5.951428571428571,0.0,27.442857142857143,283.04285714285714,1018.0571428571428,65.04285714285714,14.785714285714286,10.627516490409905
8.942857142857143,4.771428571428571,7.257142857142857,7.685714285714285,1.5285714285714285,4.757142857142857,92.2,9.619428571428571,100.0,13.691428571428572,0.0,30.3,242.8571428571429,1006.9142857142856,70.88571428571429,9.128571428571428,-33.37504172174113
13.871428571428572,7.457142857142857,10.471428571428572,13.871428571428572,4.857142857142857,9.185714285714283,78.38571428571429,1.8984285714285716,57.142857142857146,5.357142857142857,0.0,25.51428571428572,126.5,1018.8571428571428,44.35714285714285,12.72857142857143,35.22415228284399
13.457142857142856,9.571428571428571,11.37142857142857,13.457142857142856,7.985714285714286,10.671428571428573,84.55714285714285,11.447714285714286,100.0,11.31,0.0,29.97142857142857,209.68571428571428,1001.6714285714286,60.82857142857143,10.914285714285716,14.64927594140795
19.9,13.014285714285714,16.271428571428572,19.9,13.014285714285714,16.271428571428572,79.38571428571429,0.2172857142857142,42.85714285714285,3.571428571428572,0.0,19.814285714285717,101.32857142857142,1016.9142857142856,47.2,11.957142857142856,1.7204336145099433
3.757142857142857,1.2428571428571429,2.628571428571429,1.7571428571428571,-1.542857142857143,0.2142857142857142,93.72857142857144,0.0,0.0,0.0,1.1666666666666667,16.557142857142857,82.34285714285714,1034.9857142857145,98.28571428571428,3.3,121.08047264961216
8.77142857142857,3.8285714285714287,6.3,6.928571428571429,-0.4714285714285714,2.5,82.27142857142857,1.558,100.0,6.547142857142857,0.0,43.12857142857143,252.47142857142856,1007.8285714285714,63.971428571428575,20.985714285714288,-28.307594813637596
12.985714285714286,7.899999999999999,10.085714285714284,12.985714285714286,6.1000000000000005,9.1,87.57142857142857,2.033571428571429,85.71428571428571,8.334285714285715,0.0,22.642857142857142,141.5142857142857,1012.5428571428572,67.3,7.228571428571429,13.962032318430031
28.042857142857144,16.271428571428572,21.47142857142857,27.7,16.271428571428572,21.414285714285715,65.78571428571429,0.0311428571428571,28.571428571428573,1.1914285714285715,0.0,22.442857142857143,107.98571428571428,1016.4428571428572,50.41428571428571,16.04285714285714,98.5520068444206
24.485714285714288,15.685714285714283,19.985714285714288,24.2,15.685714285714283,19.942857142857143,64.28571428571429,1.1467142857142856,42.85714285714285,4.1657142857142855,0.0,25.15714285714285,126.81428571428572,1016.2857142857144,16.457142857142856,14.614285714285714,62.587292976584536
20.15714285714285,13.857142857142858,16.942857142857143,20.15714285714285,13.857142857142858,16.942857142857143,81.3,0.7968571428571429,100.0,7.737142857142857,0.0,22.15714285714285,220.55714285714288,1017.9285714285714,49.57142857142857,16.12857142857143,-19.10627291654225
21.042857142857144,15.514285714285714,18.04285714285714,21.042857142857144,15.514285714285714,18.04285714285714,78.51428571428572,3.466857142857143,71.42857142857143,7.738571428571428,0.0,25.61428571428572,244.47142857142856,1013.7428571428572,66.72857142857143,14.72857142857143,6.61947975546525
17.342857142857145,13.071428571428571,14.914285714285716,17.342857142857145,13.071428571428571,14.914285714285716,87.15714285714286,1.4865714285714284,71.42857142857143,4.761428571428572,0.0,29.814285714285717,259.15714285714284,1014.9714285714286,89.25714285714285,19.62857142857143,-25.168245290205505
18.04285714285714,12.4,15.05714285714286,18.04285714285714,12.4,15.05714285714286,78.48571428571428,0.2392857142857143,71.42857142857143,5.954285714285716,0.0,24.942857142857143,257.7857142857143,1013.3857142857142,61.0,11.357142857142858,3.084097903953989
4.257142857142857,-1.6285714285714286,1.4285714285714286,1.2857142857142858,-5.585714285714286,-2.242857142857143,79.44285714285715,1.7322857142857142,85.71428571428571,9.524285714285714,3.5,21.442857142857143,142.5,1002.0571428571428,58.41428571428571,11.257142857142856,2.980841900603309
10.857142857142858,6.628571428571428,8.571428571428571,10.857142857142858,3.9,6.457142857142857,90.92857142857144,0.7755714285714286,57.142857142857146,3.571428571428572,0.0,30.2,257.1,1021.8714285714286,91.48571428571428,11.657142857142858,-15.16228792256743
21.67142857142857,14.985714285714286,18.2,21.67142857142857,14.985714285714286,18.2,76.47142857142856,1.2100000000000002,71.42857142857143,6.548571428571429,0.0,22.62857142857143,277.0285714285714,1015.6857142857144,48.142857142857146,14.757142857142856,4.71427455873345
10.085714285714284,6.014285714285714,8.1,8.085714285714285,1.2857142857142858,4.414285714285714,83.05714285714285,6.186428571428571,100.0,12.5,0.0142857142857142,46.31428571428571,269.1428571428572,1012.2857142857144,71.37142857142858,11.928571428571429,17.07583105073593
16.314285714285713,12.171428571428573,14.05714285714286,16.314285714285713,12.171428571428573,14.05714285714286,85.88571428571429,3.2271428571428573,100.0,12.501428571428573,0.0,45.57142857142857,215.82857142857145,1008.0571428571428,67.47142857142858,12.671428571428573,10.770500374522271
15.814285714285717,10.142857142857142,12.94285714285714,15.814285714285717,9.3,12.785714285714286,84.41428571428571,2.731428571428572,100.0,9.525714285714288,0.0,23.1,274.04285714285714,1016.1428571428572,59.442857142857136,9.9,-12.835616534214068
18.88571428571429,13.428571428571429,16.085714285714285,18.88571428571429,13.428571428571429,16.085714285714285,85.41428571428571,3.3812857142857142,100.0,8.930000000000001,0.0,23.37142857142857,205.6142857142857,1007.5857142857144,53.58571428571428,11.214285714285714,-20.116806698626192
8.071428571428571,2.3714285714285714,5.571428571428571,5.114285714285714,-1.3714285714285717,2.085714285714286,89.18571428571428,0.427,42.85714285714285,1.7871428571428571,0.0,38.42857142857143,285.5142857142857,1024.6,72.87142857142858,15.871428571428572,15.75535239184478
9.828571428571427,6.685714285714285,8.342857142857143,7.8,3.442857142857143,5.614285714285714,84.27142857142857,1.3825714285714288,100.0,11.308571428571428,0.0,37.82857142857143,253.2,1023.5428571428572,65.84285714285714,12.814285714285717,7.893285600348463
9.471428571428572,4.914285714285714,7.257142857142857,8.72857142857143,1.4857142857142855,4.771428571428572,85.78571428571429,1.583,71.42857142857143,4.167142857142857,0.0,32.74285714285714,276.87142857142857,1019.2285714285716,72.58571428571429,19.17142857142857,3.677715294819905
10.657142857142857,1.6285714285714286,6.328571428571428,9.4,-1.5,4.142857142857143,72.0,0.284,42.85714285714285,1.7871428571428571,0.0,27.857142857142858,202.3142857142857,1015.5714285714286,40.55714285714286,19.714285714285715,34.33106772757901
19.27142857142857,12.2,15.8,19.27142857142857,11.971428571428572,15.771428571428572,80.95714285714287,0.1359999999999999,42.85714285714285,2.9771428571428573,0.0,23.77142857142857,212.7142857142857,1019.3,56.12857142857143,11.94285714285714,12.861649147564435
9.2,4.9,7.228571428571429,8.22857142857143,2.3000000000000003,5.214285714285714,89.52857142857144,1.871142857142857,85.71428571428571,4.762857142857143,0.0,23.8,217.5,1022.0,83.3,9.914285714285716,-10.561380483303424
13.985714285714286,8.0,10.671428571428573,13.985714285714286,5.3,9.657142857142857,83.39999999999999,1.067,57.142857142857146,4.76,0.0,26.857142857142858,168.29999999999998,1003.5428571428572,71.51428571428572,15.4,16.062557397166188
11.571428571428571,7.2,9.014285714285714,11.571428571428571,4.442857142857143,7.442857142857143,89.28571428571429,0.673,85.71428571428571,5.951428571428571,0.0,26.685714285714287,85.77142857142857,1003.0142857142856,86.24285714285715,9.6,34.23443953389551
20.514285714285712,13.485714285714286,16.7,20.514285714285712,13.485714285714286,16.7,80.82857142857142,0.1188571428571428,42.85714285714285,2.975714285714285,0.0,22.514285714285712,245.58571428571423,1018.4714285714286,59.41428571428571,12.242857142857144,5.209684230695643
8.342857142857143,4.342857142857143,6.428571428571429,4.642857142857143,0.1714285714285714,2.585714285714286,87.45714285714287,1.979,100.0,7.735714285714286,0.0,41.457142857142856,261.04285714285714,1007.8857142857142,81.91428571428571,17.242857142857144,-15.754834585794924
10.685714285714283,6.6571428571428575,8.685714285714285,10.357142857142858,3.857142857142857,7.028571428571429,92.27142857142856,5.5762857142857145,85.71428571428571,8.928571428571429,0.0428571428571428,20.071428571428573,120.74285714285716,1005.342857142857,80.18571428571428,8.042857142857143,-1.8285575460628247
19.77142857142857,12.614285714285714,16.099999999999998,19.77142857142857,12.514285714285714,16.099999999999998,80.98571428571428,0.8384285714285714,57.142857142857146,6.547142857142857,0.0,17.67142857142857,264.4428571428571,1015.9571428571428,59.12857142857143,15.928571428571429,5.715030399954799
7.885714285714286,4.442857142857143,6.142857142857143,5.628571428571428,0.4000000000000001,2.8999999999999995,88.94285714285715,1.03,71.42857142857143,4.761428571428572,0.0,35.84285714285714,181.9142857142857,1016.1142857142858,84.54285714285713,10.971428571428572,-6.493553588677742
14.12857142857143,8.057142857142857,11.042857142857144,14.12857142857143,5.885714285714286,10.242857142857144,84.55714285714285,0.7658571428571429,100.0,7.145714285714286,0.0,22.5,214.92857142857144,1020.342857142857,49.81428571428571,11.114285714285714,0.3334033493384822
11.414285714285716,5.871428571428572,8.528571428571428,10.542857142857144,2.542857142857143,6.128571428571428,83.08571428571429,0.1822857142857143,85.71428571428571,4.168571428571428,0.0,30.414285714285715,225.3,1023.5428571428572,73.97142857142856,15.671428571428573,20.811602369041225
14.857142857142858,9.814285714285717,12.471428571428572,14.857142857142858,7.828571428571428,12.171428571428573,86.44285714285715,3.1721428571428567,71.42857142857143,5.355714285714286,0.0,32.98571428571428,222.72857142857143,1011.9428571428572,88.78571428571429,17.02857142857143,-0.6475128919895496
18.914285714285715,10.314285714285717,14.771428571428572,18.914285714285715,9.728571428571428,14.7,70.38571428571429,0.2072857142857143,42.85714285714285,2.381428571428572,0.0,21.75714285714286,143.62857142857143,1020.842857142857,38.971428571428575,11.44285714285714,-65.2090409110292
9.114285714285714,3.2,6.571428571428571,7.542857142857143,0.2428571428571429,3.857142857142857,86.5,0.2662857142857143,57.142857142857146,2.382857142857143,0.0,26.728571428571428,169.9857142857143,1025.0428571428572,74.68571428571428,13.0,-21.06966211984161
7.671428571428572,1.8857142857142857,4.6571428571428575,5.228571428571429,-2.2285714285714286,1.1142857142857143,81.08571428571429,1.868285714285714,71.42857142857143,7.738571428571428,0.1142857142857143,29.442857142857143,313.35714285714283,1017.5142857142856,28.27142857142857,15.785714285714286,-48.96242026073173
18.228571428571428,10.914285714285716,14.228571428571428,18.228571428571428,10.857142857142858,14.214285714285714,85.08571428571429,0.0811428571428571,14.285714285714286,0.5957142857142858,0.0,24.342857142857145,262.9142857142857,1024.5285714285717,60.85714285714285,12.142857142857142,6.327862477424787
11.4,4.714285714285714,7.828571428571428,11.014285714285714,2.442857142857143,6.642857142857143,88.54285714285713,0.2535714285714285,42.85714285714285,1.7871428571428571,0.0,21.085714285714285,227.4142857142857,1026.3714285714286,52.98571428571428,16.7,-63.975064039208064
23.37142857142857,15.185714285714283,19.2,23.428571428571427,15.185714285714283,19.214285714285715,80.78571428571429,0.2078571428571428,28.571428571428573,1.7857142857142858,0.0,19.557142857142857,213.4857142857143,1020.2,62.98571428571428,17.557142857142857,14.889338343620691
15.571428571428571,10.071428571428571,12.814285714285717,15.571428571428571,9.057142857142855,12.6,76.07142857142857,2.145714285714286,100.0,10.12,0.0,26.557142857142857,201.28571428571428,1010.9285714285714,53.457142857142856,11.114285714285714,35.513571247078175
16.728571428571428,10.571428571428571,13.771428571428572,16.728571428571428,9.87142857142857,13.685714285714283,83.89999999999999,3.294,100.0,11.311428571428571,0.0,22.37142857142857,291.0857142857143,1018.5571428571428,62.885714285714286,17.114285714285714,-35.54008640045856
16.785714285714285,9.5,13.071428571428571,16.785714285714285,8.785714285714286,12.928571428571429,72.47142857142858,0.0708571428571428,42.85714285714285,1.7871428571428571,0.0,20.542857142857144,162.79999999999998,1023.7714285714284,66.8,20.542857142857144,12.448778987729952
11.142857142857142,5.071428571428571,7.8428571428571425,10.342857142857143,2.4857142857142853,6.114285714285714,88.67142857142858,0.3861428571428572,71.42857142857143,4.761428571428572,0.0,23.6,196.94285714285712,1027.4142857142856,60.62857142857143,7.899999999999999,-19.6479609810616
9.471428571428572,3.4857142857142853,6.328571428571428,8.114285714285714,0.3000000000000001,3.628571428571429,82.88571428571429,3.855285714285714,85.71428571428571,7.142857142857143,0.0,28.342857142857145,273.5857142857143,1010.3571428571428,35.971428571428575,14.742857142857144,-7.61492877708838
7.371428571428572,1.8285714285714287,4.585714285714286,6.785714285714286,-1.0,2.614285714285714,89.10000000000001,2.027857142857143,85.71428571428571,8.927142857142858,0.0,19.5,217.2142857142857,1026.4142857142856,44.84285714285714,10.414285714285716,-55.20799891274362
8.27142857142857,3.1,5.785714285714286,5.814285714285714,-1.1857142857142855,1.9285714285714288,83.10000000000001,7.011,100.0,14.882857142857144,0.0,36.285714285714285,256.24285714285713,998.4,60.24285714285714,11.028571428571428,18.89166808234495
7.785714285714286,3.142857142857143,5.671428571428572,4.242857142857143,-0.8142857142857143,1.8,84.84285714285714,1.9205714285714284,85.71428571428571,10.12,0.0714285714285714,34.48571428571429,281.3428571428572,1012.3857142857142,71.9,10.342857142857143,-27.09262833830792
8.72857142857143,2.7857142857142856,5.957142857142857,6.771428571428571,-0.9571428571428572,2.914285714285714,86.08571428571429,3.557714285714286,100.0,11.308571428571428,1.3285714285714287,30.414285714285715,228.4,1012.4428571428572,58.885714285714286,13.971428571428572,-7.875176329183205
8.557142857142857,4.642857142857143,6.685714285714285,7.3428571428571425,2.128571428571429,4.628571428571428,86.97142857142856,0.918,85.71428571428571,4.762857142857143,0.0,26.25714285714286,229.27142857142857,1011.6285714285714,71.6,16.785714285714285,-21.64969509604566
10.4,5.528571428571429,8.185714285714287,8.72857142857143,3.5,6.214285714285714,83.61428571428571,2.2830000000000004,100.0,7.737142857142857,0.0,41.75714285714286,271.1142857142857,1007.6142857142858,75.08571428571429,20.25714285714286,-6.93213147123663
6.757142857142857,1.1999999999999995,4.042857142857143,4.742857142857143,-1.9714285714285715,1.3285714285714287,85.11428571428571,1.231142857142857,85.71428571428571,4.762857142857143,0.0,23.62857142857143,185.2428571428572,1016.0142857142856,66.41428571428571,20.857142857142858,-29.894556215032253
9.8,4.571428571428571,7.414285714285714,7.514285714285714,0.6142857142857142,3.857142857142857,84.12857142857142,0.5195714285714286,71.42857142857143,4.761428571428572,0.0,37.785714285714285,252.68571428571428,1020.7714285714284,74.35714285714286,19.17142857142857,-9.996653109404749
10.357142857142858,6.471428571428572,8.27142857142857,9.385714285714286,2.814285714285714,5.928571428571429,89.39999999999999,4.432428571428572,100.0,10.715714285714286,0.7000000000000001,29.557142857142857,212.28571428571428,1010.0571428571428,61.01428571428572,10.485714285714286,-7.603600671400272
10.44285714285714,5.828571428571428,8.257142857142856,9.957142857142856,2.8428571428571425,6.228571428571429,89.57142857142857,2.6015714285714284,71.42857142857143,4.761428571428572,0.0,34.08571428571428,241.02857142857144,1006.5285714285714,79.52857142857144,16.771428571428572,-31.686388237214828
8.742857142857144,4.128571428571428,6.557142857142857,7.728571428571429,1.0571428571428572,4.728571428571429,87.98571428571428,1.589,57.142857142857146,3.571428571428572,0.0,23.6,142.5857142857143,1011.0,89.52857142857144,8.471428571428572,89.54083012226783
13.571428571428571,9.414285714285716,11.7,13.571428571428571,8.357142857142858,11.314285714285717,85.35714285714286,8.45057142857143,100.0,13.691428571428572,0.0,30.24285714285714,240.0142857142857,1005.9857142857144,64.87142857142858,15.814285714285717,-21.358136079793557
9.957142857142856,4.714285714285714,7.1571428571428575,8.428571428571429,0.057142857142857,3.185714285714285,83.92857142857143,2.305142857142857,100.0,6.547142857142857,6.0,45.7,237.58571428571423,1013.8285714285714,78.84285714285714,16.685714285714287,-12.96173777999786
13.914285714285716,9.214285714285714,11.314285714285717,13.914285714285716,8.257142857142856,11.114285714285714,89.71428571428571,0.0045714285714285,14.285714285714286,0.5957142857142858,0.0,13.085714285714284,66.88571428571429,1035.2285714285715,71.97142857142858,5.314285714285715,-3.1142745352284464
15.028571428571428,9.057142857142855,12.328571428571427,15.028571428571428,7.528571428571429,11.94285714285714,77.81428571428572,3.0717142857142856,71.42857142857143,7.738571428571428,0.0,30.485714285714288,234.47142857142856,1013.4285714285714,60.21428571428572,10.485714285714286,2.6494789775807703
17.1,11.842857142857143,14.385714285714286,17.1,11.542857142857144,14.37142857142857,81.75714285714285,2.589857142857143,71.42857142857143,5.355714285714286,0.0,30.585714285714285,249.3428571428572,1014.9,77.02857142857144,23.8,-14.700929035859872
7.542857142857143,3.242857142857143,5.414285714285714,5.1000000000000005,-0.9142857142857144,1.9142857142857144,86.39999999999999,1.144,71.42857142857143,4.167142857142857,1.5,32.128571428571426,164.15714285714284,1020.8571428571428,81.41428571428571,12.757142857142856,0.3428182855971045
8.542857142857143,3.2857142857142856,6.028571428571429,7.671428571428572,0.9571428571428572,4.371428571428572,94.57142857142856,1.2155714285714283,85.71428571428571,5.951428571428571,0.0,19.557142857142857,175.44285714285712,1020.9285714285714,67.04285714285713,9.714285714285714,34.13934674697225
20.285714285714285,10.114285714285714,15.428571428571429,20.285714285714285,9.87142857142857,15.4,69.24285714285715,0.6211428571428571,28.571428571428573,1.7857142857142858,0.0,20.314285714285717,126.34285714285714,1018.3,73.41428571428571,20.97142857142857,-23.505734646361816
12.914285714285716,8.314285714285713,10.728571428571428,12.914285714285716,6.128571428571428,9.928571428571429,85.01428571428572,3.6412857142857145,85.71428571428571,7.740000000000001,0.0,29.442857142857143,179.47142857142856,1011.7285714285716,54.6,11.257142857142856,49.69327090783554
5.957142857142857,2.5285714285714285,4.2,2.9714285714285715,-1.342857142857143,0.6428571428571429,86.3,0.2367142857142857,28.571428571428573,1.7857142857142858,0.0,28.685714285714287,74.71428571428571,1026.1857142857143,82.42857142857143,9.014285714285714,35.16215923367429
9.657142857142857,6.171428571428572,7.871428571428572,8.8,2.585714285714286,5.214285714285714,88.65714285714286,8.632285714285715,100.0,13.691428571428572,0.0,30.357142857142858,216.8857142857143,989.2285714285716,69.1,13.271428571428572,20.899657995545
19.02857142857143,12.028571428571428,15.357142857142858,19.02857142857143,11.842857142857143,15.342857142857143,79.14285714285714,0.8827142857142858,71.42857142857143,2.9785714285714286,0.0,20.585714285714285,202.1142857142857,1014.6714285714286,78.04285714285713,25.3,-35.73995997397026
21.728571428571428,14.728571428571428,18.11428571428572,21.728571428571428,14.728571428571428,18.11428571428572,83.87142857142858,5.313571428571429,85.71428571428571,7.144285714285714,0.0,21.9,145.3857142857143,1006.2428571428572,60.82857142857143,13.185714285714283,16.458067095653178
10.185714285714283,6.485714285714286,8.37142857142857,8.628571428571428,3.185714285714286,5.9,92.38571428571429,2.6738571428571425,100.0,6.547142857142857,0.0,30.357142857142858,120.52857142857144,1005.5571428571428,86.84285714285714,10.742857142857144,-16.845626200353195
19.642857142857142,12.87142857142857,16.342857142857145,19.642857142857142,12.614285714285714,16.32857142857143,82.12857142857142,2.7184285714285714,71.42857142857143,7.738571428571428,0.0,25.27142857142857,203.4,1014.8,58.51428571428572,10.185714285714283,15.91867764259598
25.714285714285715,14.4,20.042857142857144,25.571428571428573,14.4,20.02857142857143,69.44285714285715,0.0,0.0,0.0,0.0,19.585714285714285,167.42857142857142,1023.2571428571428,33.5,20.74285714285714,7.8144562730803955
14.7,10.457142857142856,12.3,14.7,9.94285714285714,12.1,79.44285714285715,4.871428571428572,100.0,6.547142857142857,0.0,31.685714285714287,242.42857142857144,1004.8142857142856,80.71428571428571,21.728571428571428,-7.928838937283103
19.942857142857143,11.6,15.457142857142856,19.942857142857143,11.6,15.457142857142856,77.62857142857142,0.1217142857142857,71.42857142857143,2.9785714285714286,0.0,17.214285714285715,106.07142857142856,1019.5857142857144,38.971428571428575,11.585714285714284,-6.171052768066716
19.1,10.542857142857144,14.785714285714286,19.1,10.071428571428571,14.685714285714283,75.51428571428572,1.0945714285714283,14.285714285714286,1.19,0.0,24.62857142857143,231.22857142857143,1017.157142857143,62.57142857142857,20.428571428571427,-26.002034375892435
17.385714285714283,12.257142857142856,14.742857142857144,17.385714285714283,12.014285714285714,14.728571428571428,80.10000000000001,4.588857142857143,100.0,5.3585714285714285,0.0,35.24285714285714,231.1142857142857,1011.8142857142856,70.08571428571429,22.12857142857143,26.99827802141488
12.157142857142857,6.8,9.37142857142857,11.714285714285714,3.914285714285714,7.371428571428572,84.60000000000001,1.727142857142857,85.71428571428571,7.144285714285715,3.3857142857142857,28.5,80.89999999999999,1008.3142857142856,62.52857142857143,8.4,0.0218735267685588
14.87142857142857,9.6,12.014285714285714,14.87142857142857,8.642857142857142,11.7,78.95714285714287,6.080285714285715,85.71428571428571,10.12,0.0,31.385714285714283,222.07142857142856,1012.157142857143,60.34285714285714,15.671428571428573,-27.864132420803003
12.142857142857142,6.357142857142857,8.942857142857143,12.071428571428571,3.8,7.557142857142857,80.0,0.4388571428571429,71.42857142857143,3.5728571428571425,0.0,22.37142857142857,143.74285714285716,1011.5714285714286,66.75714285714285,10.27142857142857,8.755590436578018
15.314285714285717,9.985714285714286,12.528571428571428,15.314285714285717,9.814285714285717,12.485714285714286,83.25714285714285,0.8052857142857143,14.285714285714286,1.7857142857142858,0.0,22.542857142857144,216.82857142857145,1021.0285714285714,64.02857142857142,13.185714285714283,-7.650707619037689
18.457142857142856,12.742857142857144,15.62857142857143,18.457142857142856,12.44285714285714,15.6,83.61428571428573,0.1117142857142857,42.85714285714285,2.381428571428572,0.0,30.77142857142857,287.54285714285714,1018.6,81.24285714285715,23.3,-2.576076982661334
19.014285714285712,12.228571428571428,15.55714285714286,19.014285714285712,12.228571428571428,15.55714285714286,82.0,3.9692857142857143,57.142857142857146,2.9771428571428573,0.0,26.91428571428571,199.3571428571429,1013.3857142857142,70.71428571428571,18.442857142857143,8.38674164172744
13.9,8.342857142857143,10.971428571428572,13.9,6.728571428571429,10.457142857142856,85.65714285714286,2.517,71.42857142857143,8.930000000000001,0.0,23.185714285714283,217.45714285714288,1016.842857142857,42.62857142857143,13.328571428571427,7.139153488961597
17.6,12.528571428571428,15.114285714285714,17.6,12.528571428571428,15.114285714285714,80.38571428571429,3.8015714285714286,85.71428571428571,9.524285714285714,0.0,24.31428571428572,241.64285714285717,1011.0285714285714,52.89999999999999,10.9,-11.509425789735474
7.6,3.4714285714285715,5.457142857142857,5.6000000000000005,0.2428571428571428,2.571428571428572,90.45714285714288,0.156,85.71428571428571,5.952857142857143,0.0142857142857142,21.842857142857145,178.47142857142856,1030.8,58.35714285714285,10.5,19.91960090184716
9.9,5.814285714285715,8.142857142857142,8.485714285714286,3.042857142857143,6.214285714285714,86.2,1.1424285714285711,85.71428571428571,7.738571428571428,0.0,30.0,221.82857142857145,1027.9857142857145,83.61428571428571,10.55714285714286,-4.620690161406969
17.885714285714286,13.2,15.271428571428572,17.885714285714286,13.2,15.271428571428572,83.47142857142856,0.9048571428571428,57.142857142857146,3.571428571428572,0.0,23.514285714285712,135.04285714285714,1015.6285714285714,85.45714285714287,15.9,3.9337819131201286
2.8428571428571425,0.3142857142857143,1.7142857142857142,-1.842857142857143,-4.985714285714286,-3.3857142857142857,84.91428571428571,0.0434285714285714,57.142857142857146,3.571428571428572,0.0,29.314285714285717,75.89999999999999,1032.7285714285715,72.41428571428571,7.785714285714286,-53.74372299481422
4.285714285714286,0.557142857142857,2.1142857142857143,-0.2857142857142856,-5.528571428571429,-3.2428571428571438,82.32857142857142,0.1808571428571428,28.571428571428573,1.1914285714285715,0.0,31.32857142857143,70.22857142857143,1024.8857142857144,75.5,7.071428571428571,63.842548400545525
7.942857142857143,2.657142857142857,5.557142857142857,5.871428571428572,-0.5714285714285714,2.628571428571429,92.51428571428572,7.503857142857143,100.0,11.31,0.0,24.985714285714288,189.3,991.842857142857,70.2,10.542857142857144,23.89504623138714
16.085714285714285,7.6571428571428575,11.9,16.085714285714285,6.1571428571428575,11.385714285714286,75.27142857142857,0.0274285714285714,28.571428571428573,1.1914285714285715,0.0,25.27142857142857,246.17142857142855,1016.5571428571428,44.52857142857143,19.585714285714285,8.90810074186868
6.385714285714286,1.6,3.971428571428572,4.028571428571429,-2.1142857142857143,0.6571428571428571,86.5,0.4838571428571429,57.142857142857146,5.355714285714286,0.0,28.4,197.15714285714284,1022.7285714285716,63.32857142857142,9.771428571428572,12.816409357933708
17.428571428571427,11.414285714285716,14.257142857142856,17.428571428571427,11.414285714285716,14.257142857142856,81.08571428571429,0.2691428571428571,42.85714285714285,2.381428571428572,0.0,23.12857142857143,283.3428571428572,1019.8,80.3,26.0,-33.72029379413482
5.328571428571428,0.0857142857142857,2.642857142857143,1.8571428571428568,-4.357142857142857,-1.1428571428571428,78.97142857142856,0.1377142857142857,100.0,4.17,0.0,25.057142857142857,34.614285714285714,1018.5,57.07142857142857,10.44285714285714,-15.860210583146682
17.628571428571426,10.4,13.971428571428572,17.628571428571426,9.642857142857142,13.814285714285717,74.55714285714285,0.0158571428571428,28.571428571428573,1.1914285714285715,0.0,24.942857142857143,48.22857142857144,1024.7,44.24285714285714,12.028571428571428,8.349014804607009
19.75714285714286,11.87142857142857,15.971428571428572,19.75714285714286,11.685714285714283,15.971428571428572,83.72857142857143,0.2481428571428571,57.142857142857146,3.571428571428572,0.0,19.25714285714286,224.8571428571429,1021.9714285714286,69.02857142857142,20.62857142857143,-14.085075318820714
13.742857142857144,9.057142857142855,11.414285714285716,13.742857142857144,7.357142857142857,10.87142857142857,79.67142857142858,2.891142857142857,100.0,8.928571428571429,1.2428571428571429,28.67142857142857,253.07142857142856,1015.9142857142856,62.32857142857143,11.385714285714286,0.7319479383745602
8.528571428571428,3.057142857142857,5.885714285714286,7.714285714285714,-0.0285714285714287,3.914285714285714,83.02857142857144,0.0195714285714285,57.142857142857146,2.382857142857143,0.0,14.785714285714286,237.5,1034.2142857142858,69.37142857142858,16.757142857142856,-23.7753055077568
13.457142857142856,5.257142857142857,9.1,12.9,2.9714285714285715,7.685714285714286,84.8,0.0937142857142857,28.571428571428573,1.1914285714285715,0.0,23.61428571428572,222.8142857142857,1025.5428571428572,54.971428571428575,13.414285714285716,9.64635534853744
14.057142857142855,9.157142857142857,11.485714285714286,14.057142857142855,7.657142857142857,11.05714285714286,83.21428571428571,3.4867142857142857,100.0,8.33,0.0,26.885714285714283,201.8714285714286,994.842857142857,81.51428571428572,19.97142857142857,12.939410334139096
11.3,5.957142857142857,8.785714285714286,11.3,1.7,5.942857142857143,79.81428571428572,6.062857142857142,100.0,13.692857142857145,0.0,52.4,275.85714285714283,1004.5142857142856,60.37142857142857,15.2,40.47791123845252
17.585714285714285,12.8,15.271428571428572,17.585714285714285,12.8,15.271428571428572,84.04285714285713,2.016,57.142857142857146,3.571428571428572,0.0,34.22857142857143,225.2428571428572,1012.5571428571428,82.11428571428571,24.12857142857143,-2.73220490893084
5.914285714285714,1.7857142857142858,3.7285714285714286,3.0142857142857147,-3.085714285714286,-0.3571428571428571,87.10000000000001,0.9041428571428572,42.85714285714285,1.7871428571428571,0.0,27.9,95.7,1018.9714285714286,68.38571428571429,14.657142857142858,-8.957902789817467
15.657142857142857,9.114285714285714,12.142857142857142,15.657142857142857,7.314285714285715,11.457142857142856,81.3,0.3572857142857142,57.142857142857146,3.571428571428572,0.0,27.214285714285715,159.45714285714286,1018.4142857142856,88.18571428571428,10.328571428571427,9.669165057415285
14.842857142857143,10.928571428571429,13.171428571428573,14.842857142857143,10.214285714285714,12.857142857142858,82.98571428571428,4.0925714285714285,100.0,14.287142857142856,0.0,33.68571428571429,199.67142857142855,1003.4714285714286,64.72857142857143,13.671428571428573,-42.13943670058086
9.657142857142857,5.042857142857143,7.428571428571429,8.942857142857143,2.9285714285714284,5.857142857142857,95.78571428571428,1.7588571428571431,100.0,9.521428571428572,0.0,23.285714285714285,284.35714285714283,1030.5857142857144,66.67142857142856,7.585714285714286,-13.999312288583951
18.985714285714288,14.8,16.728571428571428,18.985714285714288,14.8,16.728571428571428,82.41428571428571,2.576571428571429,100.0,7.735714285714286,0.0,35.92857142857143,235.5285714285714,1006.4,85.11428571428571,21.02857142857143,-3.25648794836286
19.47142857142857,12.571428571428571,15.857142857142858,19.47142857142857,12.571428571428571,15.857142857142858,77.78571428571429,1.945,71.42857142857143,7.740000000000001,0.0,21.02857142857143,207.97142857142856,1007.0714285714286,63.01428571428572,11.742857142857144,-24.11927426393788
8.157142857142857,4.614285714285715,6.542857142857143,6.185714285714286,1.242857142857143,3.7142857142857135,88.77142857142857,0.0771428571428571,57.142857142857146,2.9771428571428573,0.0,23.985714285714288,213.8857142857143,1032.142857142857,83.72857142857143,10.857142857142858,-32.26137884446803
14.842857142857143,8.785714285714286,11.4,14.842857142857143,6.9,10.657142857142857,86.0,0.4804285714285714,57.142857142857146,3.571428571428572,0.0,22.12857142857143,194.8,1017.0857142857144,61.04285714285714,10.328571428571427,-8.634967942494313
10.728571428571428,4.6000000000000005,7.642857142857143,10.542857142857144,2.9714285714285715,6.371428571428572,83.14285714285714,0.0641428571428571,57.142857142857146,2.9771428571428573,0.0,18.642857142857142,310.74285714285713,1036.7857142857142,72.42857142857143,11.228571428571428,-34.39676406304648
11.94285714285714,3.357142857142857,7.557142857142857,11.94285714285714,-1.7,4.414285714285714,65.60000000000001,0.0712857142857142,28.571428571428573,1.1914285714285715,0.0,42.02857142857143,102.27142857142856,1017.8714285714286,37.3,10.1,9.536820788894715
10.314285714285717,4.342857142857143,7.585714285714286,9.428571428571429,0.9285714285714286,4.842857142857143,88.02857142857144,5.212142857142857,100.0,11.905714285714286,0.0,42.871428571428574,182.25714285714284,1020.6428571428572,70.38571428571429,12.085714285714284,-16.696529607409047
12.55714285714286,5.442857142857143,8.985714285714286,12.55714285714286,2.7857142857142856,7.742857142857143,74.05714285714285,2.991714285714285,57.142857142857146,5.952857142857143,0.0,24.9,205.7,1011.8571428571428,61.0,21.442857142857143,16.12770320101481
15.142857142857142,10.857142857142858,13.085714285714284,15.142857142857142,10.357142857142858,13.028571428571428,88.07142857142857,1.331,100.0,7.141428571428572,0.0,31.442857142857143,195.58571428571423,1016.9428571428572,83.39999999999999,14.585714285714284,-7.917499982484628
11.671428571428573,6.285714285714286,9.242857142857144,10.87142857142857,4.257142857142857,7.642857142857143,85.4857142857143,2.214714285714286,100.0,5.952857142857143,0.0,34.028571428571425,220.2,1014.3857142857142,70.0,12.671428571428573,6.878319755937582
15.87142857142857,10.385714285714286,13.514285714285714,15.87142857142857,9.728571428571428,13.271428571428572,85.58571428571429,8.783428571428571,100.0,11.311428571428571,0.0,32.15714285714286,252.62857142857143,1007.3142857142856,66.42857142857143,18.457142857142856,-55.14972476458024
23.914285714285715,14.542857142857144,19.02857142857143,23.74285714285714,14.542857142857144,19.0,73.32857142857142,6.857142857142856,42.85714285714285,4.1657142857142855,0.0,21.7,151.52857142857144,1013.4142857142856,54.22857142857144,12.228571428571428,21.61524699226652
23.1,13.171428571428573,17.942857142857143,23.1,13.171428571428573,17.942857142857143,70.11428571428571,0.0,0.0,0.0,0.0,17.785714285714285,252.4,1019.7428571428572,23.785714285714285,11.985714285714286,19.851560027588903
7.857142857142857,2.5142857142857147,5.371428571428572,6.357142857142857,-1.042857142857143,2.085714285714286,91.15714285714286,9.81,57.142857142857146,3.571428571428572,0.0,34.857142857142854,143.57142857142858,1001.2857142857144,77.39999999999999,7.785714285714286,254.18556525630916
9.614285714285714,4.642857142857143,7.385714285714286,7.428571428571429,2.085714285714286,5.1000000000000005,86.31428571428572,1.928428571428572,85.71428571428571,4.762857142857143,0.0,36.48571428571428,184.94285714285712,1015.0285714285714,65.81428571428572,21.67142857142857,-14.711925033237208
16.942857142857143,12.8,14.742857142857144,16.942857142857143,12.8,14.742857142857144,85.81428571428572,11.352,100.0,15.47857142857143,0.0,30.785714285714285,234.28571428571428,1004.0857142857144,72.27142857142857,10.428571428571429,-38.74131037025654
17.8,10.071428571428571,14.185714285714283,17.8,9.742857142857144,14.157142857142858,81.87142857142858,0.0,0.0,0.0,0.0,25.24285714285714,241.8571428571429,1007.3714285714286,53.52857142857143,13.471428571428572,-9.775800009843463
18.9,13.242857142857144,16.1,18.9,13.242857142857144,16.1,87.18571428571428,0.1722857142857143,57.142857142857146,2.9771428571428573,0.0,23.714285714285715,254.05714285714285,1020.1,79.64285714285714,18.185714285714287,29.50599125216752
5.342857142857143,-0.8714285714285716,2.1,1.3571428571428572,-5.685714285714285,-2.085714285714286,71.61428571428571,0.5208571428571428,57.142857142857146,3.571428571428572,1.35,29.32857142857143,197.3,1013.7,56.457142857142856,15.014285714285714,65.5313184773579
7.3,2.442857142857143,4.857142857142857,4.314285714285715,-2.942857142857143,0.8714285714285716,86.94285714285715,0.6902857142857144,57.142857142857146,2.9771428571428573,1.9,36.385714285714286,103.41428571428573,1014.8857142857142,83.65714285714286,13.314285714285717,-3.701218036780233
8.0,3.6142857142857134,5.871428571428572,5.957142857142857,0.1142857142857142,3.071428571428572,86.78571428571429,2.8162857142857143,100.0,9.522857142857143,0.7714285714285715,31.01428571428572,279.25714285714287,1016.4,53.57142857142857,13.0,40.93674384374799
12.142857142857142,6.185714285714285,9.314285714285717,12.142857142857142,3.4857142857142853,7.942857142857142,83.47142857142856,2.808,100.0,13.691428571428572,0.0,35.3,236.3857142857143,1015.3714285714286,64.24285714285715,10.971428571428572,-13.400692121571296
13.3,7.928571428571429,10.2,13.3,4.842857142857143,8.785714285714286,86.28571428571429,2.008714285714286,100.0,11.31,0.0,34.128571428571426,238.3857142857143,1026.1857142857143,77.77142857142857,10.728571428571428,0.3031689145594782
15.62857142857143,6.228571428571429,11.357142857142858,15.62857142857143,4.3,10.728571428571428,65.98571428571428,0.0479999999999999,28.571428571428573,1.1914285714285715,0.0,24.8,189.5,1020.0428571428572,50.42857142857143,29.842857142857145,30.00490379722908
6.828571428571429,1.6142857142857143,4.214285714285714,4.485714285714286,-1.457142857142857,1.6714285714285713,82.12857142857142,0.395,42.85714285714285,2.9771428571428573,0.0,21.52857142857143,232.08571428571423,1024.7857142857142,65.14285714285714,10.242857142857144,26.45206918164979
12.0,8.114285714285714,10.185714285714283,10.985714285714286,5.5,8.157142857142857,84.24285714285715,9.977571428571428,100.0,14.882857142857144,0.0,43.92857142857143,261.2857142857143,1003.1142857142858,64.98571428571428,10.028571428571428,-13.953361947263716
15.5,7.514285714285714,11.642857142857142,15.5,5.557142857142857,11.1,73.68571428571428,0.6755714285714286,57.142857142857146,5.952857142857143,0.0,26.985714285714288,284.2142857142857,1017.6428571428572,52.3,16.62857142857143,-2.567748692033774
11.114285714285714,7.399999999999999,9.128571428571428,9.528571428571428,4.642857142857143,6.928571428571429,86.62857142857142,0.0757142857142857,14.285714285714286,0.5957142857142858,0.0,32.0,94.65714285714286,1019.9714285714286,75.11428571428571,8.557142857142857,-119.55102970396956
14.771428571428572,7.0,11.142857142857142,14.771428571428572,4.971428571428571,10.328571428571427,74.01428571428572,0.0829999999999999,28.571428571428573,1.1914285714285715,0.0,24.357142857142858,188.2428571428572,1015.4142857142856,59.285714285714285,15.728571428571428,-53.021482064419615
18.785714285714285,11.12857142857143,15.0,18.785714285714285,10.857142857142858,14.971428571428572,76.15714285714286,0.1972857142857143,42.85714285714285,2.975714285714285,0.0,20.24285714285714,233.14285714285717,1015.8285714285714,47.62857142857143,16.985714285714288,-41.70903301623923
8.4,3.157142857142857,5.857142857142857,5.242857142857143,-0.9857142857142857,2.157142857142857,86.0,4.025285714285714,100.0,10.714285714285714,0.0142857142857142,34.357142857142854,267.11428571428576,1006.9571428571428,66.2,9.171428571428573,0.3471096955863686
16.228571428571428,7.585714285714286,11.62857142857143,16.228571428571428,5.242857142857143,10.842857142857143,83.05714285714285,0.2835714285714286,71.42857142857143,4.762857142857143,0.0,24.4,262.92857142857144,1016.4142857142856,38.08571428571428,10.585714285714287,-33.96922823639011
8.742857142857142,3.971428571428572,6.442857142857143,6.328571428571428,-0.1000000000000001,3.5,83.77142857142857,3.348,85.71428571428571,5.951428571428571,4.0,38.04285714285714,218.3857142857143,1007.7714285714284,77.68571428571428,21.67142857142857,8.995286425089944
10.014285714285714,6.928571428571429,8.3,7.971428571428571,3.0,4.914285714285714,89.35714285714286,1.4927142857142857,100.0,5.952857142857143,0.0,38.57142857142857,251.2428571428572,1008.7285714285716,86.84285714285714,11.142857142857142,-28.428508746920443
8.442857142857143,3.8857142857142857,6.414285714285714,7.142857142857143,0.1857142857142856,3.7285714285714286,85.62857142857142,7.736571428571429,100.0,11.308571428571428,0.45,34.785714285714285,240.45714285714288,1012.7,62.385714285714286,11.014285714285714,-24.51751379509028
6.414285714285716,0.1571428571428571,3.3857142857142857,4.428571428571429,-3.057142857142857,0.7142857142857143,88.37142857142858,0.7304285714285713,100.0,7.142857142857143,0.0,18.47142857142857,165.58571428571426,1017.4428571428572,37.25714285714285,10.914285714285716,-6.223634257088861
10.228571428571428,4.642857142857143,7.457142857142857,9.571428571428571,3.1,6.2,85.27142857142857,0.0958571428571428,42.85714285714285,2.381428571428572,0.0,16.114285714285714,127.21428571428572,1029.0,76.27142857142857,17.242857142857144,-18.023063732341143
13.242857142857144,7.899999999999999,10.357142857142858,12.77142857142857,4.8,8.72857142857143,76.82857142857142,0.6957142857142857,71.42857142857143,3.5728571428571425,0.0,29.75714285714286,84.64285714285714,1007.3714285714286,88.92857142857143,14.571428571428571,-7.39495828166514
14.4,9.642857142857142,12.0,14.4,8.942857142857141,11.642857142857142,90.58571428571427,1.267,57.142857142857146,2.9771428571428573,0.0,26.942857142857143,174.0142857142857,1015.8714285714286,82.2,13.728571428571428,-25.273845443017198
18.014285714285712,11.771428571428572,14.8,18.014285714285712,11.542857142857144,14.785714285714286,82.51428571428572,0.585,42.85714285714285,2.381428571428572,0.0,31.814285714285717,286.9,1014.7857142857144,82.37142857142858,22.77142857142857,-43.00129354686237
10.214285714285714,6.342857142857143,8.4,8.542857142857143,3.128571428571429,5.928571428571429,90.4,9.217571428571429,100.0,13.095714285714283,0.0,35.628571428571426,214.27142857142857,1005.1142857142858,67.18571428571428,10.842857142857143,13.402858390041844
13.114285714285714,5.885714285714285,9.342857142857143,13.114285714285714,3.857142857142857,8.128571428571428,83.08571428571429,1.8218571428571428,85.71428571428571,6.545714285714285,0.0,27.071428571428573,142.6142857142857,1007.3,65.67142857142856,11.614285714285714,32.13811623739002
11.87142857142857,8.657142857142857,10.514285714285714,11.471428571428572,7.1571428571428575,9.542857142857144,83.64285714285714,2.507571428571429,85.71428571428571,10.118571428571428,0.0,33.614285714285714,227.1142857142857,1020.842857142857,79.98571428571428,9.914285714285716,0.9704415968521972
10.1,6.214285714285714,8.328571428571427,8.542857142857143,2.257142857142857,5.457142857142857,84.94285714285715,2.6237142857142857,100.0,11.904285714285717,0.0,37.614285714285714,261.8285714285714,1016.8714285714286,78.85714285714286,12.385714285714286,3.424792087679293
3.8857142857142857,-0.157142857142857,1.9142857142857144,-0.3,-6.028571428571429,-2.9428571428571426,86.10000000000001,0.4648571428571428,42.85714285714285,2.975714285714285,3.3666666666666667,31.885714285714283,87.35714285714286,1018.2428571428572,81.15714285714286,6.9,19.09466722298771
8.3,2.085714285714286,5.685714285714285,7.1000000000000005,-0.3571428571428571,3.914285714285714,84.01428571428572,0.6801428571428572,14.285714285714286,1.19,0.0,20.414285714285715,195.0,1036.6,66.98571428571428,17.2,-35.35086161542915
14.5,8.585714285714285,11.171428571428573,14.5,6.714285714285714,10.585714285714284,86.88571428571429,2.6362857142857146,85.71428571428571,4.168571428571428,0.0,29.97142857142857,146.84285714285716,1009.7,78.68571428571428,18.557142857142857,20.287161043446982
14.8,8.057142857142857,11.285714285714286,14.8,6.642857142857143,10.728571428571428,82.07142857142857,0.5425714285714286,57.142857142857146,4.167142857142857,0.0,26.1,240.3428571428572,1015.9,50.81428571428571,12.785714285714286,-24.81976922820252
7.828571428571429,1.385714285714286,4.342857142857143,5.142857142857143,-1.985714285714285,1.2142857142857142,79.52857142857144,1.0095714285714286,71.42857142857143,6.548571428571429,0.0,22.52857142857143,178.82857142857142,1012.5714285714286,45.142857142857146,11.642857142857142,-53.12217122603022
16.52857142857143,11.242857142857144,14.2,16.52857142857143,10.62857142857143,14.142857142857142,77.41428571428571,6.303571428571429,85.71428571428571,10.715714285714286,0.0,34.471428571428575,244.08571428571432,1011.6,65.8,15.12857142857143,6.974461732028431
15.285714285714286,7.371428571428572,11.271428571428572,15.285714285714286,5.728571428571429,10.7,80.12857142857142,3.1860000000000004,42.85714285714285,4.762857142857143,0.0,21.057142857142857,210.4142857142857,1028.8285714285714,27.928571428571427,14.671428571428573,-6.028044710208292
20.414285714285715,12.94285714285714,16.7,20.414285714285715,12.94285714285714,16.7,75.45714285714287,0.4938571428571428,42.85714285714285,2.975714285714285,0.0,19.74285714285714,180.28571428571428,1019.9,52.65714285714286,11.185714285714283,2.591404305458127
13.214285714285714,8.857142857142858,10.928571428571429,13.214285714285714,8.0,10.457142857142856,89.58571428571429,6.325000000000001,100.0,12.501428571428573,0.0,23.1,97.5142857142857,1011.7142857142856,68.44285714285715,8.357142857142858,-2.6329423321579952
7.385714285714286,1.6714285714285713,4.385714285714285,5.542857142857143,-1.9428571428571428,1.342857142857143,84.38571428571429,1.480142857142857,100.0,6.547142857142857,0.0,28.185714285714287,254.8428571428572,1004.3857142857142,73.27142857142857,22.071428571428573,-8.690461892434655
8.171428571428573,5.228571428571429,7.057142857142857,6.114285714285714,1.0,3.7857142857142856,86.05714285714285,2.0015714285714283,71.42857142857143,5.952857142857143,0.0142857142857142,35.8,186.2142857142857,1016.8714285714286,65.22857142857143,11.44285714285714,-20.23834895675532
9.928571428571429,5.7,7.899999999999999,8.857142857142858,2.1,5.228571428571429,88.58571428571429,6.347428571428572,100.0,12.501428571428573,0.0,34.2,233.3142857142857,996.5285714285714,69.25714285714285,10.542857142857144,19.996924986292697
16.642857142857142,9.55714285714286,12.885714285714286,16.642857142857142,7.899999999999999,12.542857142857144,78.11428571428571,3.086,71.42857142857143,8.332857142857142,0.0,44.18571428571429,174.5,1011.842857142857,64.72857142857143,14.3,-11.516036129696204
17.785714285714285,13.414285714285716,15.514285714285714,17.785714285714285,13.414285714285716,15.514285714285714,84.28571428571429,5.336142857142856,100.0,14.287142857142856,0.0,26.357142857142858,240.0142857142857,1007.3857142857142,57.957142857142856,11.457142857142856,-7.455443548581911
8.885714285714286,3.3428571428571425,6.428571428571429,6.514285714285714,-0.0571428571428571,3.257142857142857,77.71428571428571,5.216285714285713,57.142857142857146,6.547142857142857,0.0857142857142857,29.342857142857145,159.84285714285716,1011.8142857142856,63.55714285714286,10.5,-16.432593357665155
20.2,14.028571428571428,16.771428571428572,20.2,14.028571428571428,16.771428571428572,84.32857142857144,1.8117142857142856,100.0,8.334285714285715,0.0,18.571428571428573,213.8857142857143,1014.0571428571428,72.68571428571428,14.014285714285716,-20.277788228465283
19.185714285714287,14.414285714285716,16.714285714285715,19.185714285714287,14.414285714285716,16.714285714285715,87.54285714285713,6.032857142857142,100.0,14.287142857142856,0.0,22.785714285714285,241.37142857142857,1010.2428571428572,67.21428571428571,10.62857142857143,-6.944264477652268
11.6,6.314285714285715,8.914285714285715,11.1,3.1714285714285717,6.814285714285715,88.38571428571429,4.896142857142857,100.0,11.308571428571428,0.0,29.985714285714288,217.8142857142857,1008.6142857142858,74.41428571428571,9.957142857142856,2.915180255847872
8.214285714285714,1.9285714285714288,5.414285714285714,6.071428571428571,-1.1,2.5,86.25714285714285,0.636,71.42857142857143,5.355714285714286,0.0,28.014285714285712,200.94285714285712,1014.1428571428572,68.5,20.228571428571428,-33.94848702001491
10.6,6.042857142857143,8.571428571428571,9.042857142857144,2.1,6.028571428571429,89.41428571428571,3.3037142857142854,85.71428571428571,5.357142857142857,0.0,49.91428571428572,236.28571428571428,1015.8142857142856,87.07142857142857,13.385714285714286,49.28318984717498
17.857142857142858,12.242857142857144,15.014285714285714,17.857142857142858,12.242857142857144,15.014285714285714,84.72857142857143,1.532857142857143,85.71428571428571,4.762857142857143,0.0,26.785714285714285,226.8,1015.3142857142856,71.42857142857143,11.785714285714286,6.683776616254136
9.2,6.642857142857143,7.914285714285714,7.085714285714286,2.3714285714285714,4.585714285714286,89.27142857142857,2.739428571428572,100.0,7.141428571428572,0.0,41.07142857142857,191.95714285714288,985.4,77.07142857142857,18.02857142857143,9.33497150571111
20.814285714285717,15.585714285714284,18.014285714285712,20.814285714285717,15.585714285714284,18.014285714285712,80.75714285714285,5.327,100.0,10.12,0.0,24.77142857142857,197.27142857142857,1008.342857142857,57.58571428571428,18.242857142857144,-4.092869315623148
21.12857142857143,13.828571428571427,17.485714285714288,21.12857142857143,13.828571428571427,17.485714285714288,77.04285714285713,1.625,42.85714285714285,3.5728571428571434,0.0,24.87142857142857,243.3428571428572,1011.2857142857144,51.72857142857144,22.11428571428572,-7.7736150493145715
8.22857142857143,3.142857142857143,5.757142857142857,5.957142857142857,-1.1714285714285713,2.4,79.87142857142858,1.237,57.142857142857146,4.1657142857142855,0.0,32.885714285714286,150.85714285714286,1018.5142857142856,85.0,14.9,-1.0179744583660977
12.1,6.028571428571429,8.828571428571427,12.1,3.185714285714286,6.671428571428572,85.84285714285714,0.0372857142857142,28.571428571428573,1.1914285714285715,0.0,31.557142857142857,217.27142857142857,1027.8857142857144,74.64285714285714,14.614285714285714,-19.153926661796845
7.642857142857143,2.642857142857143,5.185714285714285,6.057142857142857,-0.5428571428571428,2.357142857142857,85.18571428571428,3.8831428571428575,71.42857142857143,5.95,0.0,30.01428571428572,202.92857142857144,1011.0714285714286,79.54285714285713,19.2,-20.669207740248
10.657142857142857,6.028571428571429,8.785714285714286,9.357142857142858,2.742857142857143,6.4,86.17142857142858,2.137285714285714,85.71428571428571,6.545714285714285,0.0,38.81428571428571,237.27142857142857,1013.5714285714286,74.04285714285716,15.05714285714286,0.4997652807180657
10.257142857142856,6.1571428571428575,8.157142857142857,8.657142857142857,2.3857142857142857,4.457142857142857,82.47142857142856,2.355714285714285,85.71428571428571,5.951428571428571,0.0,45.44285714285714,232.67142857142855,1008.6,83.60000000000001,17.285714285714285,-23.634074569346808
10.985714285714286,6.314285714285715,8.514285714285714,10.671428571428573,3.957142857142857,7.1000000000000005,91.4,4.825,100.0,13.691428571428572,0.0,27.11428571428572,181.14285714285717,1003.157142857143,65.81428571428572,9.44285714285714,2.3658549523246397
9.742857142857144,4.614285714285714,7.485714285714286,7.671428571428572,0.1428571428571429,4.242857142857143,84.18571428571428,5.413571428571428,100.0,8.33,0.0,42.614285714285714,255.77142857142857,1009.5571428571428,72.97142857142856,10.885714285714286,19.17777837055837
12.771428571428572,7.6,10.05714285714286,12.771428571428572,5.271428571428571,8.8,87.91428571428571,1.1404285714285716,100.0,8.928571428571429,0.0,21.728571428571428,192.12857142857143,1011.9,70.17142857142856,10.114285714285714,31.053430902886248
18.571428571428573,10.928571428571429,14.94285714285714,18.571428571428573,10.9,14.928571428571429,84.28571428571429,1.4622857142857144,100.0,9.524285714285714,0.0,21.957142857142856,238.77142857142852,1016.9,72.92857142857143,9.7,8.61459211525073
9.528571428571428,2.757142857142857,5.585714285714286,8.4,-0.9714285714285716,2.6142857142857143,81.25714285714285,0.1307142857142857,85.71428571428571,3.5742857142857143,0.0,20.814285714285717,71.6,1033.4428571428573,29.457142857142856,9.342857142857143,-31.57218447520438
13.585714285714284,8.414285714285715,10.771428571428572,13.585714285714284,6.271428571428571,10.042857142857144,83.14285714285714,0.4854285714285714,57.142857142857146,4.761428571428572,0.0,19.571428571428573,235.8857142857143,1020.1714285714286,70.74285714285715,9.057142857142855,-51.33923362221344
11.385714285714286,8.157142857142857,9.814285714285717,10.885714285714286,5.442857142857143,8.614285714285714,87.28571428571429,3.655285714285714,85.71428571428571,7.142857142857143,0.0,28.97142857142857,156.17142857142858,1015.7285714285716,76.87142857142858,9.028571428571428,5.761178440046933
10.928571428571429,5.057142857142857,8.128571428571428,10.642857142857142,2.2142857142857144,6.171428571428572,86.2,2.926,85.71428571428571,5.357142857142857,0.0,34.42857142857143,259.5,1010.6428571428572,74.57142857142857,19.5,33.603435522153404
18.942857142857143,13.228571428571428,16.057142857142857,18.942857142857143,13.228571428571428,16.057142857142857,80.92857142857143,0.3395714285714285,71.42857142857143,4.167142857142857,0.0,27.12857142857143,252.22857142857143,1018.3285714285714,79.74285714285715,21.3,3.8811270691217032
21.342857142857145,13.471428571428572,17.47142857142857,21.385714285714283,13.471428571428572,17.47142857142857,78.35714285714286,1.1767142857142858,71.42857142857143,4.762857142857143,0.0,21.585714285714285,184.3857142857143,1018.1142857142858,51.85714285714285,10.457142857142856,-20.97759773451594
17.17142857142857,11.985714285714286,14.714285714285714,17.17142857142857,11.685714285714283,14.642857142857142,82.64285714285714,1.684,100.0,8.930000000000001,0.0,24.442857142857143,274.87142857142857,1020.4142857142856,72.32857142857144,14.514285714285716,-1.9406226563390876
26.957142857142856,15.928571428571429,21.11428571428572,26.642857142857142,15.928571428571429,21.057142857142857,63.94285714285714,0.0,0.0,0.0,0.0,21.4,122.15714285714286,1021.8285714285714,31.285714285714285,11.171428571428573,41.35534732518727
10.0,5.985714285714286,7.985714285714286,8.142857142857142,1.6428571428571428,4.342857142857143,82.28571428571429,2.616285714285714,100.0,7.141428571428572,0.0,46.7,247.18571428571428,999.8714285714286,79.08571428571429,15.757142857142856,-11.52743277617867
10.142857142857142,5.214285714285714,7.757142857142858,9.742857142857144,2.157142857142857,5.671428571428572,85.44285714285715,2.4550000000000005,85.71428571428571,7.738571428571428,0.0,26.82857142857143,258.81428571428575,1020.0142857142856,75.05714285714285,9.87142857142857,8.213777430529149
15.642857142857142,9.37142857142857,12.528571428571428,15.642857142857142,9.214285714285714,12.342857142857143,81.37142857142858,0.5142857142857143,57.142857142857146,4.761428571428572,0.0,32.8,245.4142857142857,1017.8142857142856,65.9,24.97142857142857,-24.66098666829828
12.585714285714284,8.085714285714285,10.314285714285717,12.585714285714284,5.842857142857143,9.571428571428571,80.14285714285714,4.809857142857143,85.71428571428571,5.357142857142857,0.0,39.17142857142857,196.8428571428572,1014.6285714285714,71.08571428571429,17.514285714285712,5.173501746140346
16.485714285714288,9.2,12.585714285714284,16.485714285714288,7.8,12.3,83.5,2.511142857142857,85.71428571428571,6.55,0.0,21.357142857142858,154.62857142857143,1018.2285714285716,55.01428571428572,9.771428571428572,14.233585977862164
8.22857142857143,2.7285714285714286,5.485714285714286,6.271428571428571,0.2142857142857143,3.3857142857142857,84.34285714285714,0.9282857142857144,85.71428571428571,5.357142857142857,0.0,20.542857142857144,170.67142857142858,1015.6714285714286,75.91428571428571,20.857142857142858,8.744442368256955
16.242857142857144,11.185714285714283,13.571428571428571,16.242857142857144,10.6,13.528571428571428,81.77142857142857,4.000714285714285,85.71428571428571,5.951428571428571,0.0,26.97142857142857,228.87142857142857,1001.3571428571428,80.10000000000001,23.27142857142857,-34.791468018293926
15.728571428571428,8.22857142857143,11.757142857142856,15.728571428571428,7.714285714285714,11.62857142857143,84.10000000000001,0.5704285714285714,28.571428571428573,1.7857142857142858,0.0,19.085714285714285,195.42857142857144,1017.157142857143,70.9,12.228571428571428,-31.39975219124699
14.55714285714286,8.614285714285714,11.514285714285714,14.12857142857143,7.657142857142857,10.94285714285714,86.35714285714286,1.862,57.142857142857146,2.382857142857143,0.0,21.97142857142857,176.20000000000002,1011.8857142857142,85.04285714285713,14.228571428571428,-7.189013765678396
15.87142857142857,11.357142857142858,13.614285714285714,15.87142857142857,11.185714285714283,13.6,92.82857142857142,3.553142857142857,100.0,7.141428571428572,0.0,22.9,134.37142857142857,1002.3714285714284,77.48571428571428,7.228571428571429,-21.25773116307505
16.085714285714285,12.671428571428573,14.228571428571428,16.085714285714285,12.671428571428573,14.228571428571428,88.0,0.5744285714285714,57.142857142857146,2.382857142857143,0.0,27.228571428571428,115.95714285714288,1007.2857142857144,84.72857142857143,14.62857142857143,-46.775778307341966
6.457142857142857,0.9142857142857144,3.7285714285714286,5.085714285714286,-1.7857142857142858,1.542857142857143,90.65714285714286,0.0918571428571428,71.42857142857143,3.5728571428571425,0.0,14.914285714285716,246.2,1037.7,73.18571428571428,9.085714285714284,-2.1257648977800727
9.314285714285717,4.471428571428572,6.942857142857143,6.6000000000000005,1.5860328923216518e-17,3.071428571428572,73.11428571428571,0.8867142857142857,71.42857142857143,4.167142857142857,0.0,42.885714285714286,264.6428571428572,1011.0,70.34285714285714,23.82857142857143,-67.50723076962186
11.642857142857142,5.728571428571429,8.628571428571428,11.642857142857142,2.442857142857143,6.542857142857143,72.01428571428572,1.3744285714285716,71.42857142857143,7.142857142857143,0.0,27.385714285714283,208.22857142857143,1010.657142857143,62.02857142857143,10.985714285714286,-4.336273846403856
6.585714285714286,2.8000000000000003,4.828571428571429,3.7857142857142856,-1.0285714285714287,1.3857142857142857,84.87142857142858,1.682,71.42857142857143,3.5728571428571425,0.0,28.6,218.2428571428572,1021.8571428571428,78.07142857142857,20.457142857142856,11.330973947417078
14.671428571428573,9.62857142857143,12.585714285714284,14.671428571428573,7.8428571428571425,12.257142857142856,81.04285714285713,1.0352857142857144,57.142857142857146,3.571428571428572,0.0,31.942857142857143,188.47142857142856,1012.8,79.24285714285715,20.185714285714287,-1.1208570159335522
9.628571428571428,3.685714285714286,6.785714285714286,7.428571428571429,-1.7571428571428571,2.5,75.24285714285715,1.6445714285714286,71.42857142857143,4.167142857142857,0.0,62.98571428571428,266.62857142857143,1008.7571428571428,68.74285714285715,18.142857142857142,-2.798194284384067
14.842857142857143,7.614285714285714,11.62857142857143,14.842857142857143,6.785714285714286,11.428571428571429,83.24285714285715,0.8891428571428571,28.571428571428573,1.1914285714285715,0.0,22.071428571428573,133.44285714285712,1026.8857142857144,63.6,13.385714285714286,-32.30639995956324
11.457142857142856,7.228571428571429,9.4,11.214285714285714,2.8000000000000003,7.542857142857143,85.64285714285714,2.823,85.71428571428571,4.762857142857143,0.0,42.08571428571429,217.87142857142857,998.6,86.05714285714285,17.514285714285712,27.00096418277144
8.085714285714285,4.185714285714286,6.128571428571428,4.571428571428571,-0.0857142857142856,2.271428571428572,82.75714285714285,0.0,0.0,0.0,0.0,39.04285714285714,278.18571428571425,1029.2857142857142,71.22857142857143,21.071428571428573,-17.935910407918755
7.228571428571429,1.1428571428571428,4.085714285714286,4.8,-1.457142857142857,1.9285714285714288,73.31428571428572,0.0,0.0,0.0,0.0,20.857142857142858,294.6428571428572,1028.2,64.37142857142858,23.51428571428572,-9.238353947062478
8.828571428571427,3.414285714285714,6.1000000000000005,6.514285714285713,-1.4428571428571428,2.5,83.64285714285714,1.889571428571429,85.71428571428571,5.357142857142857,1.0,43.457142857142856,273.2285714285714,1011.3142857142856,66.3,18.057142857142857,-34.72097506731939
19.014285714285712,13.657142857142858,16.185714285714287,19.014285714285712,13.457142857142856,16.185714285714287,79.98571428571428,0.9294285714285716,100.0,7.141428571428572,0.0,28.428571428571427,272.45714285714286,1014.3,56.77142857142858,11.528571428571428,-9.759803086384863
19.342857142857145,13.757142857142856,16.54285714285714,19.342857142857145,13.757142857142856,16.54285714285714,86.91428571428571,1.8018571428571428,100.0,11.907142857142858,0.0,25.185714285714287,272.0285714285714,1017.5,74.39999999999999,12.785714285714286,-28.01815049410561
16.428571428571427,8.014285714285714,12.671428571428573,16.428571428571427,7.057142857142857,12.471428571428572,75.91428571428571,0.0507142857142857,57.142857142857146,4.167142857142857,0.0,20.52857142857143,294.2142857142857,1015.3571428571428,61.642857142857146,22.11428571428572,-36.840609607843135
8.27142857142857,4.857142857142857,6.814285714285715,5.9,1.5142857142857142,4.0,91.91428571428573,0.952,71.42857142857143,4.167142857142857,0.0,33.42857142857143,259.4714285714286,1019.3857142857142,87.05714285714285,11.114285714285714,47.74123091060972
9.071428571428571,4.314285714285714,7.142857142857143,6.985714285714286,0.757142857142857,4.057142857142857,89.11428571428571,1.5844285714285715,100.0,9.524285714285714,0.0,26.32857142857143,256.8285714285714,1024.9428571428573,75.84285714285714,8.657142857142857,1.9737514722479543
19.285714285714285,12.885714285714286,16.157142857142855,19.285714285714285,12.885714285714286,16.157142857142855,79.12857142857142,0.902,85.71428571428571,7.142857142857143,0.0,26.1,272.8,1013.9285714285714,59.885714285714286,11.342857142857143,-22.685338963805748
9.885714285714286,5.114285714285714,7.399999999999999,8.299999999999999,1.9428571428571428,4.885714285714286,91.0,6.918857142857142,100.0,11.904285714285717,0.2285714285714286,30.77142857142857,262.1142857142857,1009.8857142857142,78.81428571428572,9.928571428571429,3.6611594515038632
13.142857142857142,10.242857142857144,11.671428571428573,13.142857142857142,8.457142857142857,11.271428571428572,83.58571428571429,2.528,100.0,13.097142857142858,4.671428571428572,42.44285714285714,222.1142857142857,1003.0428571428572,60.94285714285714,11.571428571428571,-10.785947859740643
19.885714285714283,11.3,15.62857142857143,19.885714285714283,10.55714285714286,15.542857142857144,75.11428571428571,0.0085714285714285,14.285714285714286,0.5957142857142858,0.0,19.685714285714287,203.8571428571429,1022.157142857143,72.28571428571429,20.67142857142857,22.325772701039227
16.22857142857143,9.342857142857143,12.542857142857144,16.22857142857143,8.457142857142857,12.414285714285716,78.35714285714286,2.107,85.71428571428571,4.168571428571428,0.0,20.442857142857143,205.0,1008.5285714285714,69.57142857142857,25.47142857142857,27.146791367198603
20.67142857142857,13.1,16.757142857142856,20.67142857142857,12.87142857142857,16.742857142857144,80.77142857142857,2.905,28.571428571428573,1.7857142857142858,0.0,18.65714285714285,132.28571428571428,1021.7571428571428,66.08571428571429,13.7,47.74516036952241
18.642857142857142,9.585714285714284,14.185714285714283,18.642857142857142,8.314285714285715,14.0,74.89999999999999,0.1181428571428571,85.71428571428571,4.168571428571428,0.0,20.714285714285715,174.94285714285712,1021.9285714285714,27.985714285714288,11.071428571428571,26.04084376310277
19.014285714285712,12.94285714285714,15.642857142857142,19.014285714285712,12.94285714285714,15.642857142857142,80.61428571428571,3.0901428571428573,100.0,8.928571428571429,0.0,22.0,62.68571428571429,1005.3714285714286,54.22857142857144,10.328571428571427,40.95368308674245
10.228571428571428,4.228571428571429,7.257142857142857,9.2,1.157142857142857,4.871428571428572,87.8,1.5251428571428571,85.71428571428571,8.334285714285715,0.0,22.957142857142856,187.68571428571428,1024.357142857143,68.65714285714286,8.4,-47.91590127549364
19.67142857142857,14.142857142857142,16.728571428571428,19.67142857142857,14.142857142857142,16.728571428571428,83.57142857142857,2.091,85.71428571428571,10.715714285714286,0.0,18.085714285714285,216.67142857142855,1016.3857142857144,60.08571428571429,10.285714285714286,11.430400605420688
20.185714285714287,11.771428571428572,15.714285714285714,20.185714285714287,11.514285714285714,15.685714285714289,80.37142857142858,0.7062857142857143,28.571428571428573,3.571428571428572,0.0,20.82857142857143,262.0857142857143,1017.3571428571428,31.985714285714288,15.028571428571428,-6.303063437501805
8.257142857142858,3.457142857142857,5.985714285714286,5.342857142857143,-0.7571428571428571,2.314285714285714,85.28571428571429,8.261,100.0,14.287142857142856,0.0857142857142857,38.98571428571428,216.18571428571428,993.1285714285714,65.74285714285715,13.028571428571428,4.887342851603535
17.285714285714285,10.9,13.642857142857142,17.285714285714285,10.228571428571428,13.55714285714286,78.38571428571429,0.0188571428571428,28.571428571428573,1.1914285714285715,0.0,28.67142857142857,72.92857142857143,1025.9857142857145,63.05714285714286,12.428571428571429,-41.44839914100555
10.971428571428572,7.671428571428572,9.142857142857142,10.257142857142856,5.257142857142857,7.399999999999999,91.18571428571428,0.9797142857142856,71.42857142857143,3.5728571428571425,0.0,22.65714285714285,162.04285714285714,1006.9285714285714,90.81428571428572,11.471428571428572,-1.1826189659155943
11.014285714285714,4.671428571428572,7.785714285714286,10.142857142857142,2.128571428571429,5.885714285714286,76.75714285714285,0.1011428571428571,42.85714285714285,1.7871428571428571,0.0,24.728571428571428,127.55714285714284,1013.8857142857142,74.34285714285714,17.97142857142857,-15.583980566480136
8.814285714285715,4.542857142857143,6.971428571428571,7.3,0.7857142857142857,3.7142857142857135,86.7,3.516428571428571,100.0,11.31,0.0,31.571428571428573,271.65714285714284,1017.4714285714286,75.64285714285714,14.342857142857143,-25.37682321026955
14.971428571428572,10.857142857142858,12.542857142857144,14.971428571428572,10.62857142857143,12.514285714285714,88.10000000000001,4.0691428571428565,100.0,11.308571428571428,0.0,18.82857142857143,214.3857142857143,1015.5428571428572,72.71428571428571,12.1,-47.47891461887514
11.414285714285716,3.671428571428572,7.585714285714286,11.042857142857144,0.1857142857142856,5.428571428571429,70.78571428571429,0.0137142857142857,14.285714285714286,0.5957142857142858,0.0,26.942857142857143,138.0142857142857,1017.7142857142856,59.17142857142858,12.828571428571427,-42.38714985293086
18.7,12.6,15.471428571428572,18.7,12.6,15.471428571428572,88.2,1.0284285714285717,85.71428571428571,10.12,0.0,21.15714285714285,218.9,1016.4428571428572,70.48571428571428,11.728571428571428,-30.23331415166274
15.62857142857143,6.514285714285713,11.12857142857143,15.62857142857143,3.985714285714285,10.05714285714286,61.74285714285714,0.0591428571428571,14.285714285714286,0.5957142857142858,0.0,26.014285714285712,71.85714285714286,1011.7285714285716,42.48571428571428,13.242857142857144,19.0729672248732
9.5,6.057142857142857,7.628571428571428,5.857142857142857,1.7571428571428571,3.7571428571428567,81.34285714285714,0.0811428571428571,28.571428571428573,1.1914285714285715,0.0,43.01428571428572,257.6714285714286,1029.0285714285717,86.92857142857143,20.814285714285717,21.857831175144497
18.65714285714285,11.6,15.085714285714284,18.65714285714285,11.428571428571429,15.071428571428571,75.81428571428572,0.2452857142857143,42.85714285714285,2.381428571428572,8.0,23.642857142857142,172.5,1021.0142857142856,77.71428571428571,19.485714285714288,-23.522944770764184
9.814285714285717,7.042857142857143,8.442857142857143,8.214285714285714,4.428571428571429,6.1571428571428575,84.72857142857143,0.3477142857142857,42.85714285714285,2.381428571428572,0.0,27.25714285714286,72.38571428571429,1014.6714285714286,91.28571428571428,5.485714285714286,49.17117743039944
18.37142857142857,8.185714285714285,13.214285714285714,18.37142857142857,5.914285714285714,12.5,73.27142857142857,0.1395714285714285,14.285714285714286,0.5957142857142858,0.0,19.5,134.92857142857142,1022.5571428571428,61.41428571428571,10.457142857142856,27.79025563843038
10.828571428571427,4.685714285714285,7.714285714285714,10.3,1.871428571428572,5.928571428571429,86.05714285714285,1.1162857142857143,57.142857142857146,2.9771428571428573,0.0,20.61428571428572,174.6,1020.1428571428572,83.91428571428571,4.928571428571429,-9.27082095408366
14.242857142857144,9.757142857142856,11.814285714285717,14.242857142857144,8.514285714285714,11.428571428571429,84.15714285714286,6.359714285714285,100.0,12.5,0.0142857142857142,24.74285714285714,201.65714285714284,1012.5428571428572,68.31428571428572,21.9,6.259921941926905
8.4,3.3000000000000003,5.885714285714286,6.985714285714286,0.1142857142857142,3.7142857142857135,88.87142857142858,4.524,42.85714285714285,4.167142857142857,0.0,22.15714285714285,215.8571428571429,1020.0142857142856,57.44285714285714,10.314285714285717,13.191348285493971
12.1,6.642857142857143,9.042857142857144,12.1,4.842857142857143,8.142857142857142,83.98571428571428,0.8798571428571428,57.142857142857146,3.5728571428571425,0.0,15.9,279.6,1019.6142857142858,82.04285714285713,11.757142857142856,-15.469854192414005
8.4,1.9285714285714288,5.171428571428572,4.985714285714286,-1.842857142857143,1.457142857142857,76.85714285714286,0.892,71.42857142857143,3.5728571428571425,0.0,31.885714285714283,272.5,1001.5142857142856,58.82857142857143,27.02857142857143,11.17417634388471
15.471428571428572,10.671428571428573,13.028571428571428,15.471428571428572,10.014285714285714,12.785714285714286,86.22857142857143,1.377571428571429,85.71428571428571,5.951428571428571,0.0,38.22857142857144,233.95714285714288,1014.7428571428572,74.02857142857144,18.04285714285714,20.56241835004414
17.25714285714286,13.1,15.12857142857143,17.25714285714286,13.1,15.12857142857143,84.77142857142857,0.2118571428571428,85.71428571428571,4.762857142857143,0.0,26.642857142857142,273.7714285714286,1017.7142857142856,67.57142857142857,10.94285714285714,10.418087249812402
3.971428571428572,-0.9714285714285716,1.2714285714285716,1.0714285714285714,-5.685714285714285,-2.257142857142857,77.82857142857142,0.0045714285714285,14.285714285714286,0.5957142857142858,0.0,21.342857142857145,101.38571428571429,1031.071428571429,66.0,11.771428571428572,22.579107252134577
1.9714285714285715,-0.1142857142857143,1.0,-2.7,-5.6000000000000005,-4.342857142857143,83.45714285714287,0.0967142857142857,42.85714285714285,1.7871428571428571,7.083333333333333,31.057142857142857,46.18571428571429,1014.2142857142856,92.48571428571428,10.357142857142858,-8.459523091180813
15.171428571428573,10.528571428571428,13.042857142857144,15.171428571428573,10.028571428571428,12.971428571428572,88.15714285714286,1.058857142857143,71.42857142857143,4.761428571428572,0.0,27.014285714285712,174.18571428571428,1013.5285714285714,84.61428571428571,16.157142857142855,-16.429433043760355
16.900000000000002,10.857142857142858,13.771428571428572,16.900000000000002,10.62857142857143,13.757142857142856,87.94285714285715,1.3205714285714285,71.42857142857143,2.9785714285714286,0.0,26.87142857142857,264.4857142857143,1017.4714285714286,78.54285714285713,16.32857142857143,-10.448018464506733
18.457142857142856,12.328571428571427,15.471428571428572,18.457142857142856,11.842857142857143,15.44285714285714,83.89999999999999,0.0,0.0,0.0,0.0,22.37142857142857,138.3,1017.0142857142856,72.34285714285714,9.4,-28.380527421351417
10.085714285714284,6.114285714285715,8.1,9.142857142857142,3.528571428571429,6.271428571428571,90.25714285714284,1.08,71.42857142857143,4.761428571428572,0.0,23.52857142857143,119.65714285714286,1003.4857142857144,77.05714285714285,15.428571428571429,-1.212875599931749
15.228571428571428,10.62857142857143,13.114285714285714,15.228571428571428,10.0,12.971428571428572,83.95714285714287,1.3197142857142856,85.71428571428571,5.951428571428571,0.0,32.94285714285714,239.9142857142857,1015.4428571428572,79.8,20.61428571428571,-21.86031833257425
21.2,11.37142857142857,16.442857142857143,21.2,11.228571428571428,16.414285714285715,76.72857142857143,0.3904285714285714,28.571428571428573,1.1914285714285715,0.0,21.3,189.8857142857143,1021.6285714285714,71.0,19.585714285714285,-26.25843312071061
9.585714285714284,3.4285714285714284,6.557142857142857,8.085714285714285,0.5142857142857142,4.185714285714286,86.41428571428571,0.5744285714285714,42.85714285714285,1.7871428571428571,0.0,27.928571428571427,224.27142857142857,1023.7285714285716,69.21428571428571,25.557142857142857,-21.94299855388317
13.828571428571427,7.171428571428572,10.614285714285714,13.828571428571427,4.5,9.6,79.88571428571429,0.128,14.285714285714286,1.19,0.0,27.6,224.97142857142856,1015.5571428571428,71.44285714285715,10.62857142857143,-6.864369933560283
6.228571428571428,2.2285714285714286,4.142857142857143,3.2285714285714286,-2.542857142857143,0.2142857142857142,82.5,0.4167142857142857,28.571428571428573,2.38,0.0,28.4,101.77142857142856,1018.6142857142858,86.52857142857144,11.485714285714286,-4.289558635104072
10.12857142857143,5.071428571428571,7.6,10.114285714285714,2.0142857142857142,5.214285714285714,91.1,1.9,85.71428571428571,4.762857142857143,0.0,27.77142857142857,163.04285714285714,1002.6857142857144,81.98571428571428,15.957142857142856,5.386129642294236
17.185714285714287,12.814285714285717,14.957142857142856,17.185714285714287,12.485714285714286,14.94285714285714,86.55714285714285,1.823,57.142857142857146,2.9771428571428573,0.0,29.17142857142857,219.45714285714288,1017.7571428571428,80.0,19.27142857142857,-28.84805160351721
18.37142857142857,12.62857142857143,15.6,18.37142857142857,12.485714285714286,15.585714285714287,82.87142857142858,1.4617142857142855,100.0,10.118571428571428,0.0,24.571428571428573,259.95714285714286,1013.1714285714286,62.65714285714286,11.571428571428571,6.175825390370164
12.114285714285714,6.071428571428571,8.985714285714286,11.7,3.271428571428572,7.357142857142857,79.15714285714286,1.3441428571428573,71.42857142857143,4.762857142857143,0.0,23.314285714285717,204.4142857142857,1012.7571428571428,61.1,14.442857142857145,-40.36620572847062
19.014285714285712,13.314285714285717,16.142857142857142,19.014285714285712,13.314285714285717,16.142857142857142,83.98571428571428,3.4192857142857145,71.42857142857143,6.545714285714285,0.0,27.314285714285717,255.0,1009.9857142857144,51.457142857142856,13.142857142857142,33.831777614698694
11.5,6.5,9.185714285714283,10.5,3.957142857142857,7.171428571428572,87.38571428571429,2.859714285714286,85.71428571428571,7.141428571428572,0.0,42.58571428571429,225.5142857142857,1010.8285714285714,79.31428571428572,14.5,-9.392567404705916
11.44285714285714,6.271428571428571,8.457142857142857,11.157142857142857,3.3000000000000003,6.357142857142857,89.60000000000001,1.1604285714285714,71.42857142857143,5.355714285714286,0.0,24.642857142857142,161.3142857142857,1030.642857142857,81.57142857142857,7.085714285714286,-8.458306602049106
19.12857142857143,13.55714285714286,16.342857142857145,19.12857142857143,13.55714285714286,16.342857142857145,82.82857142857142,1.4677142857142855,71.42857142857143,4.167142857142857,0.0,33.42857142857143,176.91428571428574,1015.7,80.35714285714286,17.657142857142855,-1.797053675073812
14.971428571428572,8.128571428571428,11.257142857142856,14.971428571428572,5.614285714285714,10.385714285714286,80.22857142857143,0.572,57.142857142857146,2.9771428571428573,0.0,28.457142857142856,98.78571428571428,1010.9714285714286,48.68571428571429,10.542857142857144,41.930244639175385
14.87142857142857,7.614285714285714,11.028571428571428,14.87142857142857,5.314285714285715,10.257142857142856,84.8,1.1147142857142855,71.42857142857143,6.548571428571429,0.0,23.12857142857143,205.27142857142857,1018.2857142857144,57.21428571428572,9.157142857142857,15.828730125512948
8.9,5.371428571428572,7.171428571428572,8.342857142857143,2.3285714285714287,4.742857142857143,90.95714285714288,5.072857142857143,100.0,10.714285714285714,0.0,25.042857142857144,223.68571428571428,1010.4571428571428,76.08571428571429,9.742857142857144,51.38625054186866
8.928571428571429,4.785714285714286,6.928571428571429,7.928571428571429,1.9142857142857144,4.585714285714286,82.78571428571429,0.5305714285714286,42.85714285714285,2.975714285714285,0.0,29.357142857142858,173.34285714285716,1028.8857142857144,84.97142857142856,14.37142857142857,48.07658226205069
9.085714285714284,3.6571428571428575,6.371428571428572,6.171428571428572,-0.8571428571428571,2.0,83.78571428571429,0.8448571428571429,85.71428571428571,6.545714285714285,2.0,49.614285714285714,253.14285714285717,1000.0714285714286,77.82857142857142,15.271428571428572,-37.51078757758046
8.028571428571428,4.4,6.5,4.685714285714285,0.0,2.4714285714285715,85.32857142857142,5.893714285714286,100.0,13.097142857142858,0.0,41.31428571428571,199.3,990.0428571428572,68.38571428571429,13.171428571428573,-3.1271457603651243
8.22857142857143,1.3571428571428572,4.857142857142857,5.771428571428571,-2.2142857142857144,2.0571428571428574,80.24285714285715,4.276285714285715,57.142857142857146,5.951428571428571,0.0857142857142857,21.82857142857143,235.0142857142857,1011.5142857142856,57.8,15.62857142857143,16.55006968249893
12.5,6.842857142857143,9.714285714285714,11.957142857142856,5.142857142857143,8.714285714285714,82.44285714285715,0.3367142857142857,85.71428571428571,5.952857142857143,0.3,22.27142857142857,127.41428571428573,1024.9428571428573,51.957142857142856,10.614285714285714,-6.074132248860337
11.4,4.542857142857143,7.914285714285714,10.614285714285714,1.6285714285714286,5.771428571428571,80.78571428571429,5.735571428571428,85.71428571428571,7.738571428571428,0.0,25.071428571428573,143.68571428571428,1007.2857142857144,60.58571428571429,11.185714285714283,33.82791013438805
18.442857142857143,11.614285714285714,15.085714285714284,18.442857142857143,11.614285714285714,15.085714285714284,82.62857142857142,0.7254285714285714,42.85714285714285,1.7871428571428571,0.0,23.25714285714286,245.64285714285717,1015.9857142857144,76.78571428571429,27.185714285714283,8.32342075070153
5.3,0.914285714285714,2.9714285714285715,3.128571428571429,-2.6000000000000005,0.1428571428571428,90.25714285714284,2.4227142857142856,71.42857142857143,4.167142857142857,4.7,23.814285714285717,237.3428571428572,999.3857142857142,77.7,17.128571428571426,-16.650580701079548
11.55714285714286,2.442857142857143,6.5,10.87142857142857,-1.5142857142857142,3.9,74.91428571428571,0.0,0.0,0.0,0.0,21.3,105.34285714285714,1032.5428571428572,22.371428571428574,6.971428571428572,-22.095488016917106
15.842857142857143,12.014285714285714,14.142857142857142,15.842857142857143,11.528571428571428,14.085714285714284,86.65714285714286,5.6775714285714285,100.0,10.12,0.0,29.7,213.3571428571429,1005.2857142857144,61.971428571428575,12.414285714285716,10.11042508734397
11.5,7.385714285714286,9.385714285714286,11.042857142857144,3.8,7.399999999999999,85.71428571428571,0.7585714285714286,71.42857142857143,4.167142857142857,0.0,37.22857142857144,196.07142857142856,1016.1285714285714,76.48571428571428,17.514285714285712,5.218597994096513
12.857142857142858,7.114285714285715,9.771428571428572,12.857142857142858,4.328571428571428,7.9,83.37142857142858,0.1214285714285714,28.571428571428573,1.7857142857142858,0.0,34.214285714285715,218.62857142857143,1021.8,75.51428571428572,14.94285714285714,-6.1626998420379095
18.857142857142858,12.957142857142856,15.842857142857143,18.857142857142858,12.842857142857143,15.828571428571427,83.91428571428571,3.865857142857143,71.42857142857143,7.144285714285715,0.0,25.142857142857142,246.27142857142857,1015.4428571428572,56.9,14.4,33.31904565465936
7.071428571428571,1.3000000000000005,4.428571428571429,2.657142857142857,-3.4,-0.0857142857142857,81.02857142857144,1.6614285714285713,100.0,12.5,0.0,49.65714285714286,296.7285714285714,1011.0857142857142,58.957142857142856,18.014285714285712,3.525117351409449
13.742857142857144,4.714285714285714,9.028571428571428,13.742857142857144,2.3285714285714287,8.028571428571428,79.47142857142856,0.1925714285714286,71.42857142857143,4.168571428571428,0.0,15.37142857142857,111.92857142857144,1032.3714285714286,35.82857142857143,8.714285714285714,-2.6599903680993293
7.714285714285714,2.8428571428571425,5.2,4.928571428571429,-0.6428571428571429,1.9857142857142855,82.97142857142856,0.8837142857142857,85.71428571428571,4.762857142857143,5.0,25.928571428571427,212.64285714285717,1005.0285714285714,77.35714285714286,16.17142857142857,0.6515850000232604
3.0,-0.4142857142857142,1.3857142857142857,0.0285714285714286,-5.385714285714286,-2.8000000000000003,87.48571428571428,0.0088571428571428,14.285714285714286,0.5957142857142858,0.0,25.057142857142857,64.02857142857144,1033.1571428571428,64.97142857142858,5.6000000000000005,122.24399298279616
19.97142857142857,13.9,16.585714285714285,19.97142857142857,13.9,16.585714285714285,77.41428571428571,0.3972857142857143,57.142857142857146,2.382857142857143,0.0,33.871428571428574,264.4714285714286,1013.1857142857144,75.68571428571428,24.61428571428572,-20.31414802626205
21.314285714285717,13.928571428571429,17.242857142857144,21.314285714285717,13.928571428571429,17.242857142857144,77.34285714285714,1.0044285714285714,28.571428571428573,1.7857142857142858,0.0,27.4,202.8571428571429,1014.1285714285714,57.82857142857143,20.02857142857143,3.042952245829952
14.985714285714286,7.885714285714286,11.485714285714286,14.985714285714286,6.371428571428572,10.985714285714286,82.55714285714285,0.7958571428571428,71.42857142857143,4.167142857142857,0.0,23.485714285714288,202.0,1012.4714285714286,76.31428571428572,11.228571428571428,3.2718576257987024
3.414285714285714,-0.3428571428571428,1.4571428571428573,-2.128571428571429,-7.757142857142857,-5.1000000000000005,84.27142857142857,0.5339999999999999,85.71428571428571,4.762857142857143,0.7571428571428571,44.82857142857143,66.6,1009.2857142857144,94.7,7.6571428571428575,-81.29446940334913
16.6,8.442857142857141,12.542857142857144,16.6,7.042857142857143,12.27142857142857,75.64285714285714,1.976857142857143,57.142857142857146,4.762857142857143,0.0,25.585714285714285,249.44285714285712,1015.1714285714286,66.9857142857143,15.1,-3.391727758286152
15.614285714285714,8.528571428571428,12.728571428571428,15.614285714285714,7.771428571428571,12.5,86.11428571428571,0.0,0.0,0.0,0.0,24.82857142857143,233.55714285714288,1018.6,71.41428571428571,11.514285714285714,-1.2914491577687386
19.47142857142857,11.471428571428572,15.542857142857144,19.47142857142857,11.05714285714286,15.485714285714286,79.22857142857143,0.3178571428571429,85.71428571428571,7.142857142857143,0.0,22.728571428571428,279.3285714285714,1016.842857142857,37.58571428571429,11.714285714285714,2.190000208167362
7.214285714285714,2.157142857142857,4.742857142857143,4.871428571428572,-1.457142857142857,1.7857142857142858,75.08571428571429,0.0211428571428571,42.85714285714285,2.381428571428572,0.0,22.942857142857143,271.5,1027.071428571429,77.62857142857142,12.971428571428572,2.483020911859171
16.414285714285715,11.242857142857144,13.842857142857143,16.414285714285715,10.571428571428571,13.714285714285714,81.7,3.0507142857142853,57.142857142857146,5.358571428571429,0.0,26.314285714285717,237.3857142857143,1014.9142857142856,65.87142857142858,12.814285714285717,12.604063851153
12.671428571428573,6.442857142857142,9.157142857142857,11.928571428571429,3.685714285714286,7.457142857142856,81.28571428571429,0.2028571428571428,28.571428571428573,1.1914285714285715,0.0,22.37142857142857,86.95714285714287,1022.5,73.94285714285715,7.457142857142857,-9.41301111358382
20.65714285714285,12.257142857142856,16.37142857142857,20.65714285714285,12.2,16.37142857142857,75.74285714285715,0.363,28.571428571428573,1.1914285714285715,0.0,20.185714285714287,172.29999999999998,1021.4857142857144,61.74285714285714,24.47142857142857,18.6593504814997
11.657142857142858,4.557142857142857,8.171428571428573,11.142857142857142,1.942857142857143,6.2,76.71428571428571,0.4701428571428571,42.85714285714285,2.975714285714285,0.0,32.6,275.42857142857144,1014.9142857142856,69.37142857142858,23.24285714285714,-5.165034906634787
11.685714285714283,4.914285714285714,8.128571428571428,10.842857142857143,2.085714285714286,6.228571428571429,80.24285714285715,1.0835714285714286,71.42857142857143,6.547142857142857,0.0,21.82857142857143,202.08571428571423,1018.1142857142858,52.02857142857143,11.585714285714284,-2.111278036652152
10.37142857142857,5.185714285714285,7.671428571428572,9.514285714285714,2.9,6.142857142857143,81.81428571428572,0.9118571428571428,71.42857142857143,4.167142857142857,0.0,28.142857142857142,228.45714285714288,1020.1857142857144,68.02857142857142,25.414285714285715,-14.331111704488308
6.514285714285714,-0.5,3.0,2.4714285714285715,-6.1000000000000005,-1.8571428571428568,59.91428571428572,0.0,0.0,0.0,0.0,32.05714285714286,63.07142857142857,1014.4285714285714,45.15714285714286,20.52857142857143,0.0591029677190135
12.742857142857144,8.985714285714286,10.614285714285714,12.742857142857144,5.9,9.685714285714283,86.38571428571429,5.821285714285715,100.0,13.691428571428572,0.0,33.4,217.3142857142857,1002.6428571428572,70.67142857142856,13.685714285714283,-17.422723436879437
17.914285714285715,10.785714285714286,14.385714285714286,17.914285714285715,10.05714285714286,14.185714285714283,76.88571428571429,5.229571428571428,57.142857142857146,4.76,0.0,22.5,212.8142857142857,1016.7285714285716,52.55714285714286,15.2,10.357896914154708
8.428571428571429,6.585714285714286,7.642857142857143,6.771428571428571,3.3428571428571425,5.3,89.77142857142857,0.5475714285714285,85.71428571428571,7.740000000000001,0.0,26.214285714285715,159.72857142857143,1032.9142857142856,82.51428571428572,8.928571428571429,17.30242888513385
6.214285714285714,1.4857142857142858,4.0285714285714285,4.471428571428572,-0.7999999999999999,1.9,87.35714285714286,0.6807142857142857,42.85714285714285,2.381428571428572,0.0,19.985714285714288,147.20000000000002,1036.7857142857142,69.37142857142858,13.485714285714286,-5.4460411807529
16.985714285714288,9.614285714285714,12.728571428571428,16.985714285714288,8.942857142857141,12.442857142857145,82.62857142857142,1.5094285714285711,100.0,6.547142857142857,0.0,24.27142857142857,186.97142857142856,1021.657142857143,76.27142857142857,17.285714285714285,25.81152711674952
19.457142857142856,11.528571428571428,15.3,19.457142857142856,11.12857142857143,15.214285714285714,81.3,0.5025714285714286,42.85714285714285,4.167142857142857,0.0,23.4,194.9142857142857,1019.8571428571428,38.05714285714286,13.342857142857143,32.53327440038504
12.571428571428571,7.771428571428571,10.2,12.257142857142856,5.742857142857143,9.185714285714283,84.62857142857142,7.28457142857143,100.0,13.097142857142858,0.0,29.857142857142858,248.08571428571423,999.5714285714286,61.24285714285714,13.842857142857143,-43.41353155644629
10.728571428571428,5.3,8.214285714285714,10.285714285714286,2.271428571428572,6.142857142857143,84.0,3.631285714285714,100.0,7.735714285714286,0.0,33.41428571428572,246.55714285714288,1004.2285714285716,74.08571428571429,20.785714285714285,-96.50234394474536
10.514285714285714,6.814285714285715,8.428571428571429,9.685714285714283,4.114285714285715,6.328571428571428,88.48571428571428,2.1824285714285714,85.71428571428571,8.928571428571429,0.0,26.1,144.87142857142857,998.9428571428572,75.12857142857142,12.9,16.11405677736309
10.44285714285714,6.714285714285714,8.871428571428572,9.285714285714286,3.028571428571429,5.785714285714286,86.71428571428571,2.915,100.0,10.714285714285714,0.0,42.58571428571429,272.68571428571425,1013.2714285714284,84.58571428571429,8.657142857142857,-9.416512164235996
16.2,9.985714285714286,12.642857142857142,16.2,8.314285714285715,12.328571428571427,74.3,0.0,0.0,0.0,0.0,23.87142857142857,67.28571428571429,1027.4857142857145,76.98571428571428,16.285714285714285,-36.10765385512593
16.17142857142857,11.171428571428573,13.585714285714284,16.17142857142857,10.457142857142856,13.44285714285714,84.98571428571428,1.2420000000000002,100.0,11.905714285714286,0.0,24.528571428571432,88.5,1013.7571428571428,76.62857142857142,9.271428571428572,39.1517144403274
8.82857142857143,4.928571428571429,7.042857142857143,6.371428571428572,1.414285714285714,3.9142857142857146,82.92857142857143,0.3708571428571429,85.71428571428571,7.142857142857143,0.0,30.25714285714286,261.9714285714286,1023.1857142857144,65.52857142857142,11.157142857142857,-4.597448064257151
16.37142857142857,8.642857142857142,12.642857142857142,16.37142857142857,6.914285714285714,12.228571428571428,73.38571428571429,0.889142857142857,57.142857142857146,2.9771428571428573,0.0,23.32857142857143,135.67142857142858,1017.9,49.91428571428572,25.928571428571427,-0.3533283474235986
0.9428571428571428,-2.0142857142857142,-0.8,-3.4857142857142853,-8.242857142857144,-6.042857142857144,76.88571428571429,0.0,0.0,0.0,5.0,29.314285714285717,65.42857142857143,1010.5428571428572,80.38571428571429,9.814285714285717,77.8940257857688
6.028571428571429,0.1857142857142857,3.071428571428572,2.0571428571428574,-5.085714285714286,-1.5142857142857142,75.3,2.253857142857143,85.71428571428571,8.334285714285715,0.0999999999999999,30.457142857142856,152.9857142857143,1008.6714285714286,61.785714285714285,18.65714285714285,32.87425118209012
13.55714285714286,8.6,10.9,13.55714285714286,7.071428571428571,10.185714285714283,82.55714285714285,6.523000000000001,100.0,13.691428571428572,0.0,51.4,250.3,1008.9857142857144,65.48571428571428,13.428571428571429,-2.096831088382032
12.757142857142856,4.985714285714286,9.057142857142855,12.757142857142856,2.257142857142857,7.785714285714286,65.8,0.4318571428571429,14.285714285714286,0.5957142857142858,0.0,27.228571428571428,124.48571428571428,1023.0428571428572,54.74285714285714,19.47142857142857,-37.31164100447427
12.985714285714286,10.485714285714286,11.87142857142857,12.985714285714286,10.12857142857143,11.771428571428572,92.3,0.8165714285714286,71.42857142857143,4.761428571428572,0.0,23.357142857142858,226.3857142857143,1024.5857142857144,92.88571428571429,11.657142857142857,-36.1930132813867
17.728571428571428,12.414285714285716,14.957142857142856,17.728571428571428,12.414285714285716,14.957142857142856,84.11428571428571,3.208428571428571,100.0,10.714285714285714,0.0,27.11428571428572,266.24285714285713,1011.7714285714284,62.72857142857144,10.914285714285716,-28.12237744718925
16.8,12.142857142857142,14.242857142857144,16.8,11.985714285714286,14.228571428571428,83.68571428571428,1.5825714285714283,85.71428571428571,7.141428571428572,0.0,29.32857142857143,234.3142857142857,1016.8571428571428,73.60000000000001,15.571428571428571,-30.51389164812053
12.728571428571428,6.571428571428571,9.6,12.728571428571428,4.571428571428571,8.342857142857143,83.41428571428571,0.3255714285714285,71.42857142857143,5.355714285714286,0.0,24.0,110.17142857142856,1018.4142857142858,69.04285714285714,10.185714285714283,-15.503221004038096
17.3,11.742857142857144,14.271428571428572,17.3,11.142857142857142,14.171428571428573,84.91428571428571,1.5032857142857143,57.142857142857146,2.9771428571428573,0.0,32.9,217.42857142857144,1006.6285714285714,72.78571428571429,18.228571428571428,-4.47928791813581
5.6571428571428575,0.3428571428571428,3.2142857142857144,3.4285714285714284,-2.8142857142857145,0.3714285714285714,87.7,3.187857142857143,85.71428571428571,7.737142857142857,0.1428571428571428,20.7,192.0,1013.0428571428572,73.77142857142857,9.742857142857144,-16.119916694095195
13.485714285714286,4.8,9.385714285714286,13.485714285714286,1.8285714285714287,7.899999999999999,65.74285714285715,0.1994285714285714,14.285714285714286,0.5957142857142858,0.2428571428571428,29.77142857142857,167.5,1019.1,49.57142857142857,16.271428571428572,-33.310135202622746
14.771428571428572,6.585714285714286,10.87142857142857,14.771428571428572,4.228571428571429,9.87142857142857,72.95714285714286,0.5694285714285714,57.142857142857146,3.571428571428572,0.0,21.814285714285717,45.98571428571428,1023.6,62.05714285714286,11.271428571428572,-5.490450547129626
13.6,7.457142857142857,10.7,13.6,5.2,10.014285714285714,79.04285714285713,0.3542857142857142,42.85714285714285,3.571428571428572,0.0,23.857142857142858,251.42857142857144,1016.9571428571428,58.785714285714285,15.714285714285714,-23.39076513273756
8.3,3.242857142857143,5.728571428571429,7.042857142857144,0.6428571428571427,3.2285714285714286,90.27142857142856,1.2124285714285714,85.71428571428571,5.357142857142857,0.0,26.4,182.32857142857145,1015.657142857143,68.52857142857142,17.557142857142857,-38.071565076493016
19.285714285714285,14.028571428571428,16.385714285714286,19.285714285714285,14.028571428571428,16.385714285714286,85.72857142857143,1.6645714285714284,85.71428571428571,7.142857142857143,0.0,23.17142857142857,242.97142857142856,1017.9857142857144,61.885714285714286,12.728571428571428,-25.24446879853099
22.542857142857144,13.328571428571427,17.757142857142856,22.542857142857144,12.885714285714286,17.742857142857144,72.75714285714285,0.0,0.0,0.0,0.0,27.3,61.21428571428572,1020.9,37.44285714285714,8.242857142857144,-21.40570636753569
11.414285714285716,5.9,8.442857142857143,11.414285714285716,3.257142857142857,6.585714285714286,86.24285714285715,4.627000000000001,100.0,8.928571428571429,0.0,25.87142857142857,239.3428571428572,1002.5,57.67142857142857,11.242857142857144,-40.56424716537504
20.842857142857145,13.428571428571429,17.12857142857143,20.842857142857145,13.428571428571429,17.12857142857143,79.17142857142858,0.5718571428571428,14.285714285714286,1.19,0.0,23.514285714285712,222.9857142857143,1022.7285714285716,55.94285714285714,18.442857142857143,12.102881852469636
7.214285714285714,2.2285714285714286,5.042857142857143,5.028571428571429,-0.9285714285714286,1.8714285714285717,85.62857142857142,1.2702857142857142,28.571428571428573,1.7857142857142858,11.75,29.814285714285717,188.27142857142857,1008.0,72.7,21.585714285714285,2.217568070490642
16.214285714285715,10.44285714285714,13.314285714285717,16.214285714285715,10.014285714285714,13.257142857142856,80.72857142857143,3.081285714285714,85.71428571428571,10.118571428571428,0.0,22.714285714285715,187.78571428571428,1008.8142857142856,62.65714285714285,19.457142857142856,14.744396340568528
14.685714285714283,6.842857142857143,10.614285714285714,14.685714285714283,4.514285714285714,9.685714285714283,78.48571428571428,0.0242857142857142,85.71428571428571,4.168571428571428,0.0,19.75714285714286,178.32857142857142,1022.1142857142858,43.17142857142857,10.028571428571428,0.5751259549145971
13.814285714285717,6.828571428571428,10.485714285714286,13.814285714285717,4.114285714285714,9.4,73.65714285714286,1.4762857142857142,57.142857142857146,5.951428571428572,0.2142857142857142,27.65714285714285,163.20000000000002,1016.0,67.47142857142858,13.87142857142857,0.0307701543894154
12.357142857142858,6.057142857142857,9.37142857142857,12.357142857142858,3.8,8.242857142857144,78.64285714285714,0.1482857142857143,42.85714285714285,2.975714285714285,0.0,22.428571428571427,232.2428571428572,1028.857142857143,55.34285714285714,14.1,-17.404017755578366
7.614285714285714,3.1714285714285717,5.357142857142857,5.1000000000000005,-0.8857142857142856,1.914285714285714,88.85714285714286,3.113,100.0,7.741428571428572,0.0,28.800000000000004,161.44285714285712,1023.2857142857144,59.85714285714285,8.9,19.52000180348409
8.842857142857143,3.5,6.142857142857143,5.428571428571429,-1.257142857142857,2.0142857142857142,83.01428571428572,0.911,85.71428571428571,4.762857142857143,0.0,42.84285714285714,246.0,1007.2571428571428,67.9,19.25714285714286,6.528244295349737
15.185714285714283,5.914285714285714,10.457142857142856,15.185714285714283,2.6,9.228571428571428,70.04285714285714,0.0255714285714285,28.571428571428573,1.7857142857142858,0.0,26.24285714285714,95.34285714285714,1024.428571428571,31.15714285714285,10.142857142857142,14.908320885914918
15.085714285714284,6.3,10.771428571428572,15.085714285714284,4.871428571428572,10.271428571428572,79.45714285714287,0.8004285714285714,57.142857142857146,3.571428571428572,0.0,23.185714285714287,208.8,1015.2714285714284,48.4,26.32857142857143,16.907071448418378
5.014285714285714,0.9142857142857144,3.071428571428572,1.4714285714285715,-3.3285714285714287,-0.7857142857142857,74.7,0.0419999999999999,85.71428571428571,4.762857142857143,0.0,23.75714285714286,41.4,1029.4857142857145,75.48571428571428,14.014285714285714,-31.15123085278833
20.785714285714285,13.5,17.242857142857144,20.785714285714285,13.5,17.242857142857144,87.18571428571428,0.0,0.0,0.0,0.0,16.257142857142856,217.0,1017.842857142857,63.44285714285714,11.0,-24.68704483404269
10.657142857142858,6.771428571428571,9.0,9.657142857142857,3.571428571428572,6.714285714285714,90.85714285714286,12.944428571428572,100.0,12.5,0.0,34.114285714285714,240.82857142857145,1002.8285714285714,75.11428571428571,10.014285714285714,2.6248710553128376
21.014285714285712,13.814285714285717,17.414285714285715,21.014285714285712,13.814285714285717,17.414285714285715,77.24285714285715,4.711857142857142,57.142857142857146,4.762857142857143,0.0,20.11428571428572,219.2,1017.5571428571428,57.17142857142857,21.4,-14.12735452664458
7.042857142857143,2.414285714285714,4.957142857142857,5.285714285714286,-1.5857142857142856,1.8714285714285717,89.10000000000001,7.687571428571429,100.0,13.692857142857145,0.0,28.37142857142857,174.70000000000002,998.3857142857142,65.25714285714285,9.185714285714283,-0.6275001155852351
20.542857142857144,12.342857142857143,15.914285714285716,20.542857142857144,12.185714285714283,15.9,84.51428571428572,0.0487142857142857,14.285714285714286,1.19,0.0,20.2,129.9,1022.657142857143,49.285714285714285,8.4,-47.81555172479534
18.014285714285716,11.285714285714286,14.514285714285714,18.014285714285716,11.285714285714286,14.514285714285714,83.08571428571429,0.7062857142857143,85.71428571428571,4.168571428571428,0.0,33.51428571428571,245.6285714285714,1014.5714285714286,72.92857142857143,27.485714285714288,-7.637435859765901
8.514285714285714,3.9,6.3,5.971428571428571,0.9857142857142858,3.442857142857143,88.27142857142857,5.044142857142857,100.0,8.334285714285715,0.0,28.04285714285714,258.7142857142857,1006.3857142857142,57.0,13.742857142857144,-20.92119919848028
14.342857142857143,9.085714285714284,11.714285714285714,14.342857142857143,8.128571428571428,11.485714285714286,84.12857142857142,0.6725714285714286,57.142857142857146,3.571428571428572,0.0,20.17142857142857,131.84285714285713,1010.8857142857142,84.48571428571428,10.428571428571429,-25.523745900459065
17.557142857142857,12.071428571428571,14.657142857142857,17.557142857142857,11.814285714285717,14.642857142857142,78.24285714285715,2.8754285714285714,100.0,5.952857142857143,0.0,29.25714285714286,240.25714285714284,1001.5428571428572,77.02857142857144,24.914285714285715,-16.844953669886195
17.87142857142857,12.114285714285714,14.842857142857143,17.87142857142857,12.114285714285714,14.842857142857143,83.84285714285714,4.142285714285714,85.71428571428571,6.545714285714285,0.0,26.67142857142857,149.45714285714286,1008.1428571428572,84.22857142857143,15.542857142857144,16.00895862392599
20.042857142857144,13.571428571428571,16.728571428571428,20.042857142857144,13.571428571428571,16.728571428571428,77.94285714285715,0.2114285714285714,57.142857142857146,4.167142857142857,0.0,25.714285714285715,261.6714285714285,1020.1142857142858,49.45714285714286,10.642857142857142,-31.71866625539849
19.185714285714287,12.528571428571428,15.957142857142856,19.185714285714287,12.528571428571428,15.957142857142856,77.65714285714286,0.8257142857142856,42.85714285714285,2.975714285714285,0.0,21.428571428571427,207.5142857142857,1017.9428571428572,79.28571428571429,17.585714285714285,0.4974804222074453
18.728571428571428,13.157142857142857,15.7,18.728571428571428,13.157142857142857,15.7,84.64285714285714,9.143285714285714,100.0,16.67,0.0,25.12857142857143,229.25714285714284,1006.1,58.57142857142857,10.1,-0.2628641762549932
9.342857142857143,4.628571428571428,7.399999999999999,7.714285714285714,1.5,4.357142857142857,87.95714285714287,3.665142857142857,100.0,12.501428571428573,0.0,30.785714285714285,264.0857142857143,1015.8714285714286,65.77142857142857,9.928571428571429,-20.14411448283249
9.842857142857143,4.885714285714286,7.428571428571429,8.028571428571428,1.6,4.7,83.24285714285715,1.5524285714285715,85.71428571428571,8.928571428571429,0.3,31.685714285714287,206.92857142857144,1011.6142857142856,62.35714285714285,11.028571428571428,-10.051946221649589
15.37142857142857,11.971428571428572,13.842857142857143,15.37142857142857,11.0,13.657142857142857,83.41428571428571,2.9041428571428574,100.0,10.714285714285714,0.0,31.314285714285717,251.0285714285714,1014.8142857142856,82.89999999999999,12.614285714285714,35.915353805606514
16.114285714285717,9.5,12.757142857142856,16.114285714285717,8.585714285714285,12.657142857142857,81.92857142857143,1.4272857142857145,28.571428571428573,2.38,0.0,30.11428571428572,258.31428571428575,1015.4714285714286,77.05714285714285,20.728571428571428,-1.6433185873896718
17.12857142857143,11.614285714285714,14.242857142857144,17.12857142857143,11.614285714285714,14.242857142857144,80.28571428571429,1.5191428571428571,100.0,5.952857142857143,0.0,26.47142857142857,295.1428571428572,1014.5285714285714,78.31428571428572,21.585714285714285,-6.244491252646412
9.785714285714286,4.685714285714285,7.285714285714286,8.214285714285714,1.3142857142857145,4.6571428571428575,80.31428571428572,1.9702857142857144,71.42857142857143,6.547142857142857,0.0,29.32857142857143,284.0857142857143,1014.2714285714284,59.81428571428571,14.071428571428571,-4.730989951301353
7.357142857142857,0.6714285714285715,3.957142857142857,5.271428571428571,-2.7285714285714286,1.157142857142857,76.42857142857143,0.2528571428571428,28.571428571428573,1.1914285714285715,0.0,25.728571428571428,174.55714285714288,1014.8714285714286,59.7,15.271428571428572,25.316300462468803
15.685714285714283,9.828571428571427,12.742857142857144,15.685714285714283,9.314285714285717,12.657142857142857,77.87142857142858,5.447428571428572,100.0,13.095714285714283,0.0,30.9,217.4857142857143,1003.3857142857142,54.54285714285714,12.485714285714286,-30.470049893390524
4.9,-1.2142857142857142,1.8,1.7428571428571429,-4.557142857142857,-1.3285714285714287,87.17142857142858,2.214571428571429,85.71428571428571,11.31,0.3428571428571428,20.885714285714283,221.77142857142857,994.0285714285714,47.54285714285714,11.94285714285714,11.603238040027575
10.385714285714286,5.185714285714285,7.985714285714286,8.8,2.257142857142857,5.5,87.55714285714285,0.0,0.0,0.0,0.0,39.35714285714285,240.64285714285717,1004.0857142857144,68.77142857142857,11.671428571428573,69.78049597954225
9.785714285714286,5.628571428571428,7.742857142857143,9.3,2.9285714285714284,6.514285714285713,87.92857142857143,2.444714285714286,71.42857142857143,4.167142857142857,0.0,32.628571428571426,232.72857142857143,996.4714285714286,82.95714285714287,10.285714285714286,32.51906616650865
9.828571428571427,4.2,7.071428571428571,8.285714285714286,1.7714285714285716,4.585714285714286,88.52857142857144,2.111428571428571,85.71428571428571,5.357142857142857,0.0,32.41428571428572,216.12857142857143,1012.7142857142856,82.91428571428571,17.142857142857142,-19.53865791068904
21.057142857142857,12.071428571428571,16.514285714285712,21.057142857142857,11.928571428571429,16.5,73.5,0.4148571428571428,28.571428571428573,1.1914285714285715,0.0,25.557142857142857,75.0,1011.9142857142856,53.75714285714286,13.914285714285716,20.53786537195583
10.214285714285714,7.114285714285714,8.785714285714286,8.871428571428572,3.757142857142857,6.242857142857143,85.98571428571428,1.582142857142857,85.71428571428571,6.545714285714285,0.0,31.585714285714285,143.85714285714286,1006.2857142857144,85.17142857142858,18.385714285714283,2.815035197361908
18.8,11.6,15.214285714285714,18.8,11.242857142857144,15.12857142857143,80.8,0.2262857142857142,57.142857142857146,2.9771428571428573,0.0,24.914285714285715,240.1142857142857,1018.9571428571428,60.94285714285714,26.25714285714286,-11.16622048303998
8.385714285714284,4.671428571428571,6.428571428571429,6.271428571428571,1.4714285714285715,3.5428571428571423,84.74285714285715,3.325142857142857,71.42857142857143,4.761428571428572,0.0,31.914285714285715,121.72857142857144,1000.4857142857144,81.21428571428571,17.928571428571427,8.672598485062167
7.0,0.9857142857142858,4.1000000000000005,4.142857142857143,-1.9857142857142855,1.0285714285714287,84.14285714285714,0.6348571428571429,57.142857142857146,2.9771428571428573,1.0,30.928571428571427,291.7142857142857,1023.8857142857142,54.04285714285714,31.7,26.057416574909094
25.15714285714285,12.771428571428572,19.014285714285712,24.942857142857143,12.771428571428572,18.985714285714288,65.55714285714285,0.0,0.0,0.0,0.0,19.47142857142857,154.0,1022.9285714285714,17.128571428571426,19.728571428571428,9.366907421432984
15.44285714285714,10.7,12.9,15.44285714285714,10.457142857142856,12.842857142857143,91.85714285714286,0.1201428571428571,42.85714285714285,1.7871428571428571,0.0,17.885714285714283,210.52857142857144,1027.8142857142857,83.24285714285715,6.085714285714286,19.78303458753669
18.185714285714287,12.357142857142858,15.1,18.185714285714287,12.357142857142858,15.1,81.62857142857142,3.087,100.0,8.334285714285715,0.0,27.214285714285715,210.18571428571428,1013.7,55.68571428571429,10.971428571428572,22.228803323473244
8.8,3.0142857142857147,5.942857142857143,6.471428571428571,-1.1857142857142855,2.5142857142857147,75.94285714285715,0.9472857142857142,71.42857142857143,4.762857142857143,0.1714285714285714,31.928571428571427,271.9428571428571,1014.8571428571428,59.72857142857144,11.814285714285717,-63.238062418385766
9.5,3.914285714285714,7.1000000000000005,7.585714285714286,1.5571428571428572,5.028571428571429,92.28571428571428,2.6835714285714287,100.0,13.095714285714283,0.0,25.75714285714286,223.95714285714288,1017.0714285714286,75.22857142857143,9.814285714285717,252.59572396804003
18.314285714285717,13.028571428571428,15.885714285714286,18.314285714285717,12.87142857142857,15.885714285714286,86.11428571428571,4.180571428571429,100.0,8.334285714285715,0.0,21.61428571428572,241.45714285714288,1014.6285714285714,59.957142857142856,11.185714285714283,-5.189111386131572
10.3,7.0,8.77142857142857,9.05714285714286,3.3857142857142857,6.085714285714286,87.52857142857144,2.787857142857143,100.0,10.118571428571428,0.0,32.91428571428572,253.2428571428572,1026.0571428571427,76.57142857142857,9.785714285714286,6.2936265308210295
18.77142857142857,12.4,15.585714285714284,18.77142857142857,12.4,15.585714285714284,90.18571428571428,5.425714285714285,100.0,11.905714285714286,0.0,15.242857142857142,138.0857142857143,1012.342857142857,74.91428571428571,7.971428571428571,-3.063522981696451
6.142857142857143,1.3,3.585714285714286,3.4285714285714284,-3.257142857142857,-0.2142857142857142,90.65714285714286,1.0251428571428571,71.42857142857143,4.761428571428572,0.0571428571428571,26.685714285714287,151.0,1015.1857142857144,47.4,9.457142857142856,8.490174395166946
10.9,6.942857142857142,8.957142857142857,10.642857142857142,4.428571428571429,7.542857142857143,90.82857142857142,3.0894285714285714,100.0,9.524285714285714,0.0,24.057142857142857,162.12857142857143,1002.7857142857144,60.74285714285714,12.314285714285717,-20.591550233380417
11.457142857142856,6.957142857142857,9.014285714285714,10.528571428571428,3.8857142857142857,6.757142857142857,87.37142857142858,1.3787142857142858,100.0,7.145714285714286,0.0,29.1,241.92857142857144,1016.6142857142856,56.642857142857146,8.828571428571427,-4.029864700624785
6.414285714285714,1.7142857142857142,4.185714285714286,4.3,-2.0,1.0285714285714285,91.55714285714284,4.222,85.71428571428571,7.144285714285714,0.2285714285714286,24.485714285714288,145.21428571428572,1018.4857142857144,62.74285714285714,10.542857142857144,25.64757498612198
17.1,8.471428571428572,13.014285714285714,17.1,7.3428571428571425,12.785714285714286,70.75714285714285,0.0792857142857142,28.571428571428573,1.7857142857142858,0.0,18.485714285714288,157.24285714285716,1024.4714285714283,47.371428571428574,13.028571428571428,11.211154847618332
19.214285714285715,14.7,16.728571428571428,19.214285714285715,14.7,16.728571428571428,86.61428571428571,1.3714285714285717,100.0,11.308571428571428,0.0,22.8,249.88571428571427,1014.2714285714284,60.68571428571429,11.071428571428571,-41.295005712837
5.542857142857143,0.4857142857142857,3.1142857142857143,2.457142857142857,-3.357142857142857,-0.1714285714285714,84.02857142857144,0.2704285714285714,57.142857142857146,3.571428571428572,0.0,30.214285714285715,189.42857142857144,1022.2428571428572,53.15714285714286,19.17142857142857,3.329689702855262
11.2,5.742857142857143,8.928571428571429,10.314285714285717,2.7857142857142856,7.014285714285714,84.14285714285714,4.376571428571428,100.0,14.287142857142856,0.0,35.7,236.37142857142857,997.6714285714286,65.25714285714285,11.44285714285714,-7.77119358775451
8.9,3.628571428571429,6.214285714285714,5.885714285714286,0.5999999999999999,3.1142857142857143,85.89999999999999,0.1994285714285714,42.85714285714285,2.381428571428572,0.0,32.2,280.6,1023.8142857142856,83.51428571428572,22.557142857142857,37.82481233762508
18.442857142857143,13.3,15.87142857142857,18.442857142857143,12.714285714285714,15.814285714285717,84.5,5.387142857142857,100.0,8.927142857142858,0.0,31.785714285714285,230.05714285714288,1012.0571428571428,72.71428571428571,10.94285714285714,25.808527137064743
24.15714285714285,13.914285714285716,18.914285714285715,24.15714285714285,13.914285714285716,18.914285714285715,69.35714285714286,0.02,14.285714285714286,0.5957142857142858,0.0,19.0,132.44285714285715,1028.2857142857142,20.7,19.428571428571427,-17.34149552230508
2.3857142857142857,-2.585714285714286,-0.2142857142857143,-0.7000000000000001,-7.557142857142857,-4.271428571428571,84.31428571428572,0.6904285714285715,42.85714285714285,2.381428571428572,0.0,25.75714285714286,142.9857142857143,1005.8285714285714,59.42857142857143,18.02857142857143,90.30105871444256
2.7142857142857144,-2.0,0.5428571428571428,0.6142857142857142,-5.671428571428572,-2.357142857142857,88.85714285714286,1.394714285714286,85.71428571428571,5.954285714285715,0.4857142857142857,16.242857142857144,188.2571428571429,1013.7,50.85714285714285,9.357142857142858,-30.201643024843406
10.042857142857144,4.742857142857143,7.285714285714286,9.257142857142856,1.1285714285714286,4.371428571428572,77.84285714285714,3.0425714285714287,85.71428571428571,11.311428571428571,0.0,26.928571428571427,182.14285714285717,1001.7714285714284,55.957142857142856,11.542857142857144,26.194667408244868
8.285714285714286,3.5857142857142854,5.928571428571429,6.671428571428572,-0.1142857142857142,3.1,84.89999999999999,1.1707142857142858,100.0,6.547142857142857,0.0,31.38571428571429,206.64285714285717,1010.1142857142858,77.47142857142856,14.77142857142857,32.970417125902145
17.842857142857145,10.485714285714286,14.428571428571429,17.842857142857145,9.714285714285714,14.285714285714286,88.14285714285714,0.0,0.0,0.0,0.0,22.457142857142856,232.25714285714284,1010.5142857142856,73.57142857142857,10.514285714285716,17.435734583105727
11.7,7.085714285714286,9.728571428571428,11.7,4.9,8.871428571428572,85.25714285714285,0.3568571428571429,85.71428571428571,7.142857142857143,0.0,22.25714285714286,312.74285714285713,1022.4571428571428,73.94285714285715,13.357142857142858,-27.427323600680324
6.085714285714286,0.5999999999999999,3.314285714285714,2.7,-4.071428571428571,-1.0142857142857145,79.14285714285714,1.2482857142857142,57.142857142857146,4.167142857142857,1.0,42.885714285714286,211.3,1008.1857142857144,62.1,19.485714285714288,9.175540384777491
10.2,5.214285714285714,7.742857142857143,8.27142857142857,1.2857142857142858,4.557142857142858,76.97142857142856,1.0344285714285717,57.142857142857146,4.762857142857143,0.0,31.52857142857143,162.07142857142858,1022.5857142857144,66.64285714285714,13.328571428571433,-25.235365499725845
11.385714285714286,5.8,9.05714285714286,11.142857142857142,3.5,7.528571428571429,87.52857142857144,8.056857142857142,100.0,12.501428571428573,0.0,25.785714285714285,222.45714285714288,1007.9142857142856,57.8,10.985714285714286,20.90905417625117
6.957142857142857,2.571428571428572,4.814285714285715,5.128571428571428,-0.5285714285714286,2.3285714285714287,83.62857142857142,3.759,42.85714285714285,2.381428571428572,0.0,23.142857142857142,73.91428571428571,1010.9714285714286,72.7,15.114285714285716,-10.08251938240744
12.785714285714286,7.8428571428571425,10.785714285714286,12.785714285714286,5.242857142857143,9.728571428571428,85.05714285714285,1.8637142857142857,85.71428571428571,6.545714285714285,15.0,36.971428571428575,244.64285714285717,1014.9,79.17142857142858,18.15714285714285,24.88241948113477
17.5,12.985714285714286,15.042857142857144,17.5,12.985714285714286,15.042857142857144,84.44285714285715,1.6442857142857144,85.71428571428571,5.357142857142857,0.0,27.4,248.6,1007.1857142857144,88.08571428571429,20.457142857142856,-4.866626825722051
14.228571428571428,8.5,11.842857142857143,14.228571428571428,7.242857142857143,11.514285714285714,85.38571428571429,3.723,71.42857142857143,4.761428571428572,0.0,33.042857142857144,149.85714285714286,1010.7,80.97142857142856,19.214285714285715,9.223995055139085
14.242857142857144,7.957142857142857,10.842857142857143,14.242857142857144,6.014285714285714,10.171428571428573,82.8142857142857,1.3228571428571427,100.0,8.927142857142858,0.0,21.67142857142857,140.5,1007.3571428571428,61.85714285714285,11.928571428571429,-8.281229134047408
14.928571428571429,10.314285714285717,12.828571428571427,14.928571428571429,10.085714285714284,12.814285714285717,82.81428571428572,0.2395714285714285,85.71428571428571,3.5742857142857143,0.0,24.785714285714285,299.6714285714285,1021.3142857142856,80.88571428571429,25.8,10.866666703332273
9.571428571428571,5.314285714285715,7.728571428571428,8.385714285714286,2.028571428571429,5.2,90.68571428571428,1.2004285714285714,85.71428571428571,8.928571428571429,0.0,28.74285714285714,270.35714285714283,1027.9142857142856,81.54285714285713,7.928571428571429,19.43289917284005
20.385714285714283,12.114285714285714,16.185714285714287,20.385714285714283,11.985714285714286,16.17142857142857,75.84285714285714,0.1102857142857142,14.285714285714286,1.19,0.0,21.485714285714288,226.22857142857143,1021.0571428571428,60.01428571428572,24.6,-21.23764239573484
7.285714285714286,3.871428571428571,5.442857142857143,5.357142857142857,0.5,2.8000000000000003,74.67142857142858,0.1628571428571428,28.571428571428573,1.1914285714285715,0.0,23.685714285714287,78.68571428571428,1025.7285714285715,90.9,14.785714285714286,-45.22349180376887
18.9,11.428571428571429,15.271428571428572,18.9,11.042857142857144,15.214285714285714,86.21428571428571,0.9007142857142857,100.0,5.952857142857143,0.0,21.357142857142858,174.9,1014.3285714285714,63.02857142857143,9.414285714285716,-9.870392403086726
19.32857142857143,14.814285714285717,17.02857142857143,19.32857142857143,14.814285714285717,17.02857142857143,83.65714285714286,2.6595714285714287,71.42857142857143,7.738571428571428,0.0,24.914285714285715,231.52857142857144,1015.3285714285714,68.9,11.771428571428572,-0.6296198146412735
15.157142857142857,8.585714285714285,12.071428571428571,15.157142857142857,7.542857142857143,11.614285714285714,83.32857142857142,5.572000000000001,71.42857142857143,7.142857142857143,0.0,18.285714285714285,253.28571428571428,1013.1,59.58571428571429,10.071428571428571,12.37972947319247
18.057142857142857,13.157142857142857,15.928571428571429,18.057142857142857,13.157142857142857,15.928571428571429,84.68571428571428,3.817428571428572,100.0,10.118571428571428,0.0,22.0,237.54285714285717,1014.3714285714286,75.24285714285715,13.585714285714284,26.420668006619508
17.62857142857143,10.814285714285717,14.042857142857144,17.62857142857143,10.742857142857144,14.028571428571428,72.81428571428572,3.2988571428571425,71.42857142857143,9.524285714285714,0.0,30.642857142857142,185.8,1014.0285714285714,59.142857142857146,16.3,-3.9746205553154814
12.9,9.314285714285717,11.37142857142857,12.9,8.314285714285715,11.085714285714284,91.08571428571427,2.4105714285714286,100.0,7.141428571428572,0.0,31.514285714285712,254.27142857142852,1013.157142857143,84.67142857142858,14.6,3.756263418992376
16.142857142857142,9.857142857142858,12.9,16.142857142857142,8.742857142857144,12.6,83.64285714285714,4.448428571428572,100.0,14.287142857142856,0.0,40.65714285714286,287.87142857142857,1002.8857142857142,46.7,13.814285714285717,-5.461120635546536
9.94285714285714,2.5285714285714285,6.585714285714286,8.157142857142857,-0.1285714285714285,4.114285714285715,73.65714285714286,1.311142857142857,85.71428571428571,7.142857142857143,0.0,25.6,316.3,1018.3714285714286,64.17142857142856,11.94285714285714,-5.466654340142213
13.771428571428572,6.528571428571429,10.214285714285714,13.771428571428572,4.928571428571429,9.485714285714286,83.31428571428572,3.6317142857142857,100.0,12.501428571428573,3.1142857142857143,23.62857142857143,226.17142857142855,1018.0285714285716,53.5,12.5,-7.361466221238629
24.62857142857143,15.857142857142858,20.228571428571428,24.342857142857145,15.857142857142858,20.185714285714287,69.61428571428571,0.6681428571428573,42.85714285714285,1.7871428571428571,0.0,24.75714285714286,196.12857142857143,1018.0142857142856,47.97142857142857,15.814285714285717,7.81828742261041
15.9,9.44285714285714,12.614285714285714,15.9,8.814285714285715,12.357142857142858,88.55714285714285,1.7444285714285714,100.0,11.311428571428571,0.0,21.928571428571427,153.21428571428572,1010.6,69.48571428571428,9.028571428571428,30.61354374790108
5.771428571428571,1.157142857142857,3.628571428571429,2.042857142857143,-3.6571428571428575,-0.6428571428571429,82.28571428571429,0.6428571428571429,100.0,10.12,0.0,36.81428571428571,122.91428571428573,1034.071428571429,72.01428571428572,12.357142857142858,-7.06582439219244
9.414285714285716,3.871428571428571,6.957142857142857,8.4,1.2142857142857142,5.042857142857143,86.71428571428571,2.604,100.0,9.524285714285714,0.0,17.857142857142858,224.0428571428572,1006.4571428571428,61.08571428571429,13.87142857142857,4.8484194547176
10.428571428571429,4.685714285714285,7.642857142857143,10.014285714285714,1.9571428571428573,5.614285714285714,84.5,1.3179999999999998,100.0,6.548571428571429,0.0,22.15714285714285,133.45714285714286,1011.2142857142856,57.471428571428575,8.9,3.015248417711632
16.82857142857143,10.928571428571429,13.714285714285714,16.82857142857143,10.242857142857144,13.62857142857143,78.54285714285713,1.630857142857143,71.42857142857143,7.738571428571428,0.0,26.442857142857143,151.9857142857143,1013.5857142857144,64.91428571428571,18.085714285714285,-13.051227109324714
10.185714285714283,6.5,8.485714285714286,9.242857142857144,3.5,6.442857142857143,91.62857142857142,1.7992857142857144,100.0,12.501428571428573,0.0,20.685714285714287,192.7142857142857,1025.1142857142856,62.885714285714286,13.2,39.96085857310038
20.02857142857143,12.185714285714283,16.1,20.02857142857143,12.071428571428571,16.1,79.48571428571428,0.2352857142857143,57.142857142857146,4.168571428571428,0.0,19.12857142857143,235.3428571428572,1022.9428571428572,52.02857142857143,15.7,-1.0312721835642833
13.385714285714286,8.871428571428572,10.985714285714286,13.385714285714286,7.3,10.385714285714286,86.21428571428571,2.193714285714285,85.71428571428571,7.140000000000001,0.0,29.75714285714286,155.97142857142856,1010.3857142857142,73.88571428571429,20.02857142857143,-13.32270922641476
19.585714285714285,13.157142857142857,16.342857142857145,19.585714285714285,13.157142857142857,16.342857142857145,80.58571428571429,0.074,28.571428571428573,1.1914285714285715,0.0,20.914285714285715,277.6714285714286,1021.0714285714286,67.61428571428571,13.028571428571428,-36.02208005777277
16.428571428571427,8.3,12.142857142857142,16.428571428571427,6.985714285714286,11.785714285714286,77.5,0.0,0.0,0.0,0.0,19.042857142857144,191.64285714285717,1023.5142857142856,27.757142857142856,9.157142857142857,-16.917372529874456
20.685714285714287,13.428571428571429,16.785714285714285,20.685714285714287,13.428571428571429,16.785714285714285,82.98571428571428,0.121,42.85714285714285,1.7871428571428571,0.0,18.057142857142857,172.07142857142858,1019.8857142857142,50.75714285714286,9.5,31.314423620663547
16.114285714285714,10.1,13.2,16.114285714285714,9.028571428571428,13.028571428571428,83.14285714285714,2.460714285714286,57.142857142857146,7.142857142857143,0.0,23.228571428571428,249.65714285714284,1015.1285714285714,57.971428571428575,14.571428571428571,23.18412275300932
9.971428571428572,4.857142857142857,7.7,9.057142857142855,1.6142857142857143,5.285714285714286,83.77142857142857,2.455428571428571,85.71428571428571,5.357142857142857,0.0,38.385714285714286,226.1,1014.5571428571428,86.72857142857143,16.95714285714286,-38.88834626212872
7.142857142857143,0.4714285714285715,3.557142857142857,4.385714285714286,-3.642857142857143,6.344131569286607e-17,74.08571428571429,1.5542857142857145,100.0,7.735714285714286,0.0,28.728571428571428,233.18571428571428,1001.2,65.75714285714285,13.87142857142857,40.67856069082734
18.314285714285717,11.857142857142858,14.828571428571427,18.314285714285717,11.8,14.828571428571427,79.27142857142857,0.4407142857142857,42.85714285714285,1.7871428571428571,0.0,27.47142857142857,241.97142857142856,1014.5714285714286,78.81428571428572,24.75714285714286,0.0270379242613216
9.028571428571428,3.014285714285714,6.442857142857143,7.685714285714285,0.4571428571428572,3.942857142857143,85.10000000000001,0.1988571428571428,71.42857142857143,3.5728571428571425,0.0,33.357142857142854,294.0285714285714,1029.3,77.64285714285714,21.5,-3.369876080593372
13.985714285714286,9.214285714285714,11.7,13.985714285714286,6.785714285714286,11.342857142857143,84.64285714285714,1.343142857142857,85.71428571428571,4.762857142857143,0.0,45.9,249.64285714285717,1001.6714285714286,84.11428571428571,16.02857142857143,17.541174424688165
11.485714285714286,4.571428571428571,8.285714285714286,11.1,1.9142857142857144,6.614285714285714,71.32857142857144,0.7665714285714287,85.71428571428571,4.168571428571428,0.0,26.914285714285715,213.97142857142856,1013.4428571428572,71.65714285714286,30.428571428571427,-28.94950217230894
12.828571428571427,7.728571428571429,10.385714285714286,12.828571428571427,5.385714285714286,8.871428571428572,82.94285714285715,7.615285714285714,100.0,8.33,0.0,51.15714285714286,267.9428571428571,1007.8,66.67142857142856,12.342857142857143,-29.30778937164007
11.05714285714286,8.1,9.7,10.814285714285717,5.585714285714286,8.757142857142856,90.5,0.3604285714285714,28.571428571428573,1.7857142857142858,0.0,26.75714285714286,199.44285714285712,1026.9,81.3,14.157142857142857,-24.193211510065908
8.542857142857143,3.142857142857143,6.171428571428571,6.914285714285714,0.0285714285714286,3.314285714285714,83.38571428571429,1.3068571428571427,85.71428571428571,9.524285714285714,0.0,26.357142857142858,272.24285714285713,1011.7142857142856,54.52857142857143,11.328571428571427,-93.98045768039547
19.24285714285714,12.328571428571427,15.814285714285717,19.24285714285714,12.185714285714283,15.785714285714286,84.21428571428571,0.0665714285714285,71.42857142857143,4.167142857142857,0.0,20.9,264.1,1026.4714285714283,48.142857142857146,11.185714285714283,0.1391556981727717
17.314285714285713,12.357142857142858,14.728571428571428,17.314285714285713,12.2,14.7,80.5,1.3115714285714286,100.0,10.12,0.0,30.342857142857145,215.42857142857144,1009.9,59.57142857142857,10.914285714285716,-40.34410836008647
3.8857142857142857,1.5285714285714285,2.757142857142857,1.1857142857142855,-2.4857142857142853,-0.4428571428571429,93.4,0.1101428571428571,57.142857142857146,2.9771428571428573,0.0,19.75714285714286,65.3,1018.3714285714286,94.34285714285714,4.7,-40.23958336406156
16.04285714285714,8.8,12.285714285714286,16.04285714285714,7.542857142857143,12.05714285714286,78.84285714285714,0.1605714285714286,57.142857142857146,3.571428571428572,0.0,22.27142857142857,158.29999999999998,1011.8857142857142,68.98571428571428,13.528571428571428,-20.77827278563666
9.728571428571428,4.314285714285714,7.257142857142857,8.157142857142857,1.614285714285714,4.771428571428571,88.24285714285715,5.180857142857143,100.0,13.691428571428572,0.0,26.085714285714285,271.4,994.2857142857144,71.11428571428571,11.685714285714283,-4.348092333427985
12.857142857142858,9.542857142857144,11.385714285714286,12.857142857142858,7.414285714285714,11.0,90.58571428571427,4.560142857142857,85.71428571428571,10.715714285714286,0.0,30.5,153.22857142857143,1003.3714285714286,76.31428571428572,11.3,-25.377623333646056
13.985714285714286,7.928571428571429,11.014285714285714,13.985714285714286,6.385714285714286,10.542857142857144,81.71428571428571,1.861428571428572,42.85714285714285,3.5700000000000003,0.0,33.22857142857143,196.17142857142852,1012.3571428571428,67.74285714285715,14.1,-10.936462643801178
16.2,12.6,14.085714285714284,16.2,12.242857142857144,14.05714285714286,88.27142857142857,0.294,100.0,7.142857142857143,0.0,23.071428571428573,171.08571428571426,1015.7714285714284,73.38571428571429,11.4,-0.1118404705538296
8.242857142857144,3.7142857142857135,6.1571428571428575,5.585714285714286,-0.6714285714285715,2.4857142857142853,86.78571428571429,4.223428571428571,100.0,6.547142857142857,0.0,39.37142857142857,207.14285714285717,1011.9714285714286,83.52857142857144,15.785714285714286,34.27471658517641
10.042857142857144,3.1142857142857143,6.557142857142857,9.957142857142856,2.657142857142857,5.814285714285715,81.08571428571429,0.1622857142857142,14.285714285714286,0.5957142857142858,0.0,15.94285714285714,269.42857142857144,1022.6428571428572,62.142857142857146,18.457142857142856,1.1978799579835595
9.5,4.685714285714285,7.185714285714285,8.085714285714285,2.157142857142857,4.971428571428571,90.58571428571427,3.5661428571428573,100.0,10.118571428571428,0.0,22.97142857142857,161.4,1004.2,53.17142857142857,10.742857142857144,-51.1461272459768
16.728571428571428,10.328571428571427,13.471428571428572,16.728571428571428,10.014285714285714,13.414285714285716,84.75714285714285,0.7815714285714286,42.85714285714285,3.571428571428572,0.0,19.77142857142857,210.08571428571423,1014.8285714285714,74.37142857142858,28.12857142857143,-16.917790194502572
13.1,8.128571428571428,10.4,12.914285714285716,4.942857142857143,8.942857142857143,87.24285714285713,3.921714285714285,100.0,10.117142857142856,0.0,29.085714285714285,213.37142857142857,1013.4714285714286,65.74285714285715,11.085714285714284,9.264968383012048
19.814285714285717,12.785714285714286,16.3,19.814285714285717,12.785714285714286,16.3,77.11428571428571,1.2175714285714283,57.142857142857146,5.952857142857143,0.0,19.685714285714287,221.72857142857143,1015.1142857142858,49.24285714285714,13.3,-10.027954425305891
12.228571428571428,8.028571428571428,10.0,11.785714285714286,5.128571428571428,8.557142857142857,80.08571428571429,2.3817142857142857,71.42857142857143,9.524285714285714,0.0,30.285714285714285,140.24285714285716,1006.7285714285716,70.28571428571429,12.685714285714283,17.862356802714544
18.7,14.414285714285716,16.657142857142855,18.7,14.05714285714286,16.614285714285714,88.58571428571429,1.7635714285714286,100.0,11.904285714285717,0.0,26.485714285714288,274.31428571428575,1018.0428571428572,82.05714285714285,12.985714285714286,8.49508242281911
12.114285714285714,8.285714285714286,10.271428571428572,11.528571428571428,6.842857142857143,8.871428571428572,86.08571428571429,7.317142857142857,100.0,11.905714285714286,0.0,37.114285714285714,180.5142857142857,1011.657142857143,78.0,10.014285714285714,-18.30896307961461
13.242857142857144,8.242857142857144,10.928571428571429,13.014285714285714,6.528571428571429,10.214285714285714,81.71428571428571,1.7581428571428572,85.71428571428571,5.357142857142857,0.0,36.54285714285714,239.22857142857143,1007.6142857142858,71.47142857142858,23.857142857142858,24.0225467937571
16.97142857142857,11.285714285714286,14.05714285714286,16.97142857142857,11.05714285714286,14.028571428571428,80.27142857142857,1.6779999999999995,100.0,5.3585714285714285,0.0,31.714285714285715,216.8142857142857,1015.1142857142858,77.35714285714286,23.65714285714285,1.025361547509419
15.87142857142857,9.55714285714286,12.914285714285716,15.87142857142857,8.114285714285714,12.457142857142856,83.78571428571429,0.5645714285714286,100.0,7.142857142857143,0.0,21.714285714285715,247.5142857142857,1023.3142857142856,54.18571428571429,15.4,9.380535480886238
18.04285714285714,13.44285714285714,15.385714285714286,18.04285714285714,13.44285714285714,15.385714285714286,85.34285714285714,9.289428571428571,100.0,12.5,0.0,28.357142857142858,169.75714285714284,1009.6857142857144,66.97142857142856,9.814285714285717,-35.4032480427461
10.771428571428572,6.914285714285714,8.885714285714286,10.157142857142857,4.6571428571428575,7.242857142857143,91.41428571428573,0.8855714285714286,28.571428571428573,1.7857142857142858,0.0,21.585714285714285,113.54285714285712,1029.0857142857144,69.7,4.614285714285714,15.020893616938451
10.614285714285714,8.685714285714285,9.542857142857144,9.585714285714284,6.014285714285714,7.928571428571429,88.07142857142857,0.0027142857142857,14.285714285714286,0.5957142857142858,0.0,23.728571428571428,158.52857142857144,1028.1857142857143,97.42857142857144,9.014285714285714,-44.58618367870986
13.614285714285714,5.9,9.94285714285714,13.614285714285714,4.428571428571429,9.271428571428572,79.64285714285714,0.2458571428571428,57.142857142857146,3.571428571428572,8.0,19.314285714285717,240.22857142857143,1023.4571428571428,66.65714285714286,26.514285714285712,-8.326462563072823
10.014285714285714,5.7,8.057142857142857,8.314285714285715,2.4714285714285715,5.6571428571428575,84.92857142857143,3.045142857142857,85.71428571428571,8.930000000000001,0.0,30.842857142857145,240.94285714285715,1014.2285714285714,68.17142857142858,12.671428571428567,2.1782191802957414
15.114285714285714,6.685714285714285,11.0,15.114285714285714,3.557142857142857,9.685714285714283,79.74285714285715,0.037,14.285714285714286,0.5957142857142858,0.0,27.628571428571423,97.07142857142856,1018.2142857142856,55.62857142857143,10.314285714285717,4.15938248116322
21.1,14.8,17.485714285714288,21.1,14.8,17.485714285714288,83.65714285714286,6.03,100.0,10.71714285714286,0.0,20.685714285714287,190.82857142857145,1012.8285714285714,51.72857142857144,10.914285714285716,52.90149814532788
15.928571428571429,8.928571428571429,12.44285714285714,15.928571428571429,8.414285714285715,12.342857142857143,82.10000000000001,0.2402857142857142,28.571428571428573,1.1914285714285715,0.0,28.6,287.5857142857143,1024.2142857142858,68.31428571428572,26.585714285714285,-7.370033157187777
9.042857142857144,4.585714285714286,7.042857142857143,6.785714285714286,0.9571428571428572,4.071428571428571,88.07142857142857,0.0,0.0,0.0,0.0,37.0,268.9857142857143,1001.9571428571428,69.32857142857144,10.44285714285714,-1.4816694221584612
6.214285714285714,2.257142857142857,4.6000000000000005,3.8428571428571434,-2.0428571428571427,1.3571428571428572,84.31428571428572,0.5225714285714286,85.71428571428571,4.762857142857143,0.3428571428571428,25.214285714285715,97.62857142857142,1020.9714285714286,87.41428571428571,11.342857142857143,-24.967821229491733
17.714285714285715,12.114285714285714,15.114285714285714,17.714285714285715,11.385714285714286,15.05714285714286,79.14285714285714,1.8235714285714288,71.42857142857143,4.167142857142857,0.0,40.471428571428575,234.14285714285717,1010.5571428571428,70.0,25.071428571428573,-16.265477684970165
18.228571428571428,10.142857142857142,14.228571428571428,18.228571428571428,9.428571428571429,14.12857142857143,75.57142857142857,0.261,42.85714285714285,2.975714285714285,0.0,26.22857142857143,261.57142857142856,1017.1857142857142,70.41428571428573,26.642857142857142,32.093532339563694
10.971428571428572,5.742857142857143,8.4,9.771428571428572,3.242857142857143,6.642857142857143,86.75714285714285,0.6628571428571428,42.85714285714285,2.975714285714285,0.0,20.985714285714288,220.27142857142857,1025.6571428571428,72.0,10.042857142857144,0.8147441466830969
7.714285714285714,1.9857142857142855,4.628571428571428,4.6571428571428575,-3.5285714285714285,0.1,73.95714285714287,1.0284285714285717,42.85714285714285,3.572857142857143,0.0,33.471428571428575,84.14285714285714,1008.6714285714286,74.10000000000001,10.77142857142857,2.31067713688401
13.1,9.62857142857143,11.428571428571429,12.8,8.671428571428573,10.828571428571427,88.51428571428572,3.237142857142857,100.0,7.141428571428572,0.0,30.17142857142857,180.02857142857144,1000.5857142857144,83.55714285714285,16.342857142857145,1.7176514254297215
17.285714285714285,11.957142857142856,14.728571428571428,17.285714285714285,11.957142857142856,14.728571428571428,90.9,0.0,0.0,0.0,0.0,23.257142857142856,180.7428571428572,996.7428571428572,70.02857142857142,10.8,-24.30534219425101
10.55714285714286,5.885714285714286,8.385714285714286,9.457142857142856,2.185714285714286,5.642857142857143,86.77142857142857,2.126571428571429,100.0,5.3585714285714285,0.0,51.17142857142857,229.65714285714284,1018.9,81.55714285714285,16.942857142857143,25.126888540532264
20.9,14.614285714285714,17.52857142857143,20.9,14.614285714285714,17.52857142857143,76.32857142857142,2.279,42.85714285714285,2.9771428571428573,0.0,22.228571428571428,93.58571428571427,1015.3857142857142,77.05714285714285,13.62857142857143,-15.404986233799036
15.028571428571428,9.457142857142856,12.042857142857144,15.028571428571428,8.457142857142857,11.8,81.21428571428571,0.8168571428571428,57.142857142857146,3.571428571428572,0.0,25.957142857142856,186.27142857142857,1018.3,76.15714285714286,18.557142857142857,-2.4818937345916083
18.9,10.985714285714286,14.7,18.9,10.314285714285717,14.614285714285714,77.24285714285715,0.0345714285714285,42.85714285714285,2.9771428571428573,0.0,18.385714285714283,127.48571428571428,1027.1571428571428,36.21428571428572,20.785714285714285,10.65778148808522
6.114285714285714,0.8571428571428571,3.1714285714285717,2.9714285714285715,-4.671428571428572,-1.4714285714285713,80.72857142857143,0.8092857142857143,57.142857142857146,4.76,0.5666666666666667,30.37142857142857,90.21428571428572,1012.9714285714286,83.65714285714286,5.2,16.558290719304864
13.642857142857142,5.457142857142857,9.342857142857143,13.642857142857142,3.042857142857143,8.285714285714286,83.78571428571429,1.836,42.85714285714285,4.167142857142857,0.0,18.314285714285717,250.6,1024.5428571428572,32.357142857142854,13.442857142857145,-2.942734749528313
17.557142857142857,10.828571428571427,13.857142857142858,17.557142857142857,10.714285714285714,13.8,85.62857142857142,1.8738571428571429,42.85714285714285,2.975714285714285,0.0,18.04285714285714,163.54285714285714,1023.2857142857144,61.385714285714286,11.214285714285714,-4.600270283461782
10.771428571428572,6.8,8.7,10.157142857142857,3.942857142857143,6.557142857142857,85.02857142857144,0.9555714285714286,42.85714285714285,2.381428571428572,0.0,31.985714285714288,214.78571428571428,1023.1714285714286,67.4857142857143,15.242857142857144,17.28629663983213
8.814285714285715,6.628571428571428,7.6,7.528571428571429,3.7142857142857135,5.528571428571429,97.1,4.921428571428572,100.0,10.12,0.0,21.62857142857143,155.97142857142856,1015.1428571428572,91.17142857142858,6.328571428571428,-17.67008126016276
3.5142857142857147,1.6999999999999995,2.742857142857143,-0.9428571428571428,-3.8285714285714287,-2.3428571428571425,87.97142857142856,0.6812857142857143,57.142857142857146,4.1657142857142855,1.0,32.31428571428571,61.0,1020.2142857142856,87.15714285714286,8.214285714285714,-29.024123218925297
19.82857142857143,13.5,16.514285714285712,19.82857142857143,13.5,16.514285714285712,79.07142857142857,0.4641428571428571,85.71428571428571,6.548571428571429,0.0,26.24285714285714,222.3571428571429,1008.0857142857144,50.31428571428571,11.44285714285714,-7.95032776257699
7.128571428571428,2.042857142857143,4.614285714285714,4.2,-1.4714285714285713,1.3857142857142857,90.74285714285716,6.268714285714286,100.0,11.904285714285717,0.0,25.228571428571428,275.24285714285713,1004.3142857142856,65.81428571428572,12.714285714285714,252.7853189916823
11.0,7.885714285714285,9.5,11.0,5.2,8.2,94.4,8.029,100.0,14.882857142857144,0.0,30.67142857142857,177.75714285714284,1001.0428571428572,81.67142857142858,9.614285714285714,103.674081016875
16.2,10.7,13.328571428571427,16.2,10.585714285714284,13.314285714285717,84.28571428571429,1.459,71.42857142857143,4.167142857142857,0.0,22.2,179.8857142857143,1008.4142857142856,73.7,22.97142857142857,-10.972739834852632
11.185714285714283,5.357142857142857,8.357142857142858,10.857142857142858,2.571428571428572,6.328571428571428,84.51428571428572,5.545571428571429,85.71428571428571,5.357142857142857,0.0,42.24285714285714,232.48571428571427,1011.157142857143,71.14285714285714,24.428571428571427,23.789496772391654
16.75714285714286,10.114285714285714,13.428571428571429,16.75714285714286,9.542857142857144,13.342857142857143,86.57142857142857,0.4209999999999999,57.142857142857146,5.355714285714286,0.0,25.885714285714283,270.42857142857144,1021.342857142857,70.94285714285715,13.571428571428571,-13.525192843171112
10.742857142857144,3.2285714285714286,7.0,9.485714285714286,-0.4999999999999999,4.128571428571428,73.77142857142857,0.199,28.571428571428573,1.1914285714285715,0.0,36.07142857142857,210.02857142857144,1017.6857142857144,58.57142857142857,19.800000000000004,4.138324823399671
9.771428571428572,5.971428571428571,7.814285714285715,8.042857142857143,2.7,5.0,82.01428571428572,2.0684285714285715,100.0,11.904285714285717,0.0,30.571428571428573,241.07142857142856,1003.9857142857144,60.57142857142857,13.971428571428572,-38.63471705888503
11.542857142857144,7.028571428571429,9.571428571428571,11.542857142857144,2.3000000000000003,7.3428571428571425,87.31428571428572,7.154000000000001,100.0,12.5,0.0,56.457142857142856,232.52857142857144,1008.1857142857144,76.12857142857142,11.0,-10.163215011742295
5.1571428571428575,0.0285714285714286,3.0142857142857147,2.914285714285714,-3.5,-0.1142857142857142,86.64285714285714,0.4202857142857143,71.42857142857143,4.762857142857143,0.1857142857142857,21.74285714285714,241.8,1023.4285714285714,57.1,10.55714285714286,7.610841429510629
18.514285714285712,13.828571428571427,16.085714285714285,18.514285714285712,13.828571428571427,16.085714285714285,82.7,7.936999999999999,100.0,11.904285714285717,0.0,31.67142857142857,254.65714285714284,1011.4,60.25714285714286,17.3,-26.143557911036964
9.814285714285717,4.914285714285716,7.485714285714286,8.557142857142857,2.3285714285714283,5.485714285714286,84.10000000000001,1.569857142857143,71.42857142857143,7.144285714285715,0.0,24.6,250.4714285714286,1016.9714285714286,74.44285714285715,11.471428571428572,24.926319124346605
19.97142857142857,12.1,15.828571428571427,19.97142857142857,12.1,15.828571428571427,75.75714285714285,0.0997142857142857,14.285714285714286,0.5957142857142858,0.0,27.642857142857142,289.8285714285714,1023.1285714285714,55.34285714285714,16.02857142857143,-19.863671520939988
19.357142857142858,11.1,15.05714285714286,19.357142857142858,10.214285714285714,14.9,65.24285714285715,1.0907142857142855,100.0,5.952857142857143,0.0,37.15714285714286,81.47142857142856,1014.5571428571428,67.14285714285714,20.7,11.919082869303452
9.057142857142855,5.142857142857143,7.1571428571428575,7.285714285714286,1.5285714285714285,4.514285714285714,84.34285714285714,0.4841428571428571,57.142857142857146,2.9771428571428573,0.0,26.085714285714285,195.05714285714288,1024.4714285714283,77.38571428571429,17.17142857142857,24.727040222004007
6.514285714285714,1.942857142857143,4.485714285714286,4.114285714285715,-1.4,1.6999999999999995,89.21428571428571,3.1227142857142853,57.142857142857146,4.761428571428572,0.0,20.314285714285717,118.87142857142858,1022.8857142857142,70.18571428571428,10.257142857142856,-18.734175386947754
16.114285714285717,11.528571428571428,13.6,16.114285714285717,11.5,13.6,82.97142857142856,8.141142857142857,100.0,11.311428571428571,0.0,28.4,275.37142857142857,1007.4285714285714,63.85714285714285,11.314285714285717,17.43528625369447
9.37142857142857,5.471428571428571,7.442857142857143,7.014285714285714,0.8142857142857142,3.685714285714286,83.28571428571429,2.105142857142857,100.0,6.547142857142857,0.0,45.5,234.54285714285717,1004.7142857142856,80.54285714285713,19.842857142857145,11.759739796143776
17.414285714285715,11.785714285714286,14.6,17.414285714285715,11.785714285714286,14.6,86.39999999999999,3.832,100.0,9.524285714285714,0.0,27.057142857142857,261.01428571428573,1014.2714285714284,55.971428571428575,11.185714285714283,57.476907535178725
6.257142857142857,0.1571428571428572,2.9714285714285715,5.271428571428571,-2.685714285714286,1.4428571428571428,82.39999999999999,0.1639999999999999,14.285714285714286,0.5957142857142858,0.0,16.82857142857143,163.04285714285714,1027.8285714285714,56.44285714285714,21.02857142857143,31.70016404334081
8.62857142857143,3.257142857142857,5.885714285714286,4.685714285714285,-1.1714285714285713,1.7571428571428571,78.18571428571428,2.8322857142857143,100.0,7.735714285714286,0.0,43.24285714285714,277.4142857142857,1006.8142857142856,76.12857142857142,19.942857142857143,9.149943328016889
19.785714285714285,14.242857142857144,16.642857142857142,19.785714285714285,14.242857142857144,16.642857142857142,73.64285714285714,1.0141428571428572,42.85714285714285,2.381428571428572,0.0,31.985714285714288,237.12857142857143,1010.7285714285716,67.94285714285715,28.52857142857143,-2.323646944523148
21.414285714285715,9.214285714285714,15.285714285714286,21.414285714285715,8.671428571428573,15.114285714285714,67.72857142857143,0.0,0.0,0.0,0.0,22.214285714285715,126.51428571428572,1028.7,20.957142857142856,13.857142857142858,57.52842778376351
14.814285714285717,10.028571428571428,12.242857142857144,14.814285714285717,8.485714285714286,11.785714285714286,83.72857142857143,1.694857142857143,85.71428571428571,5.357142857142857,0.0,27.071428571428573,226.1,1006.3285714285714,79.22857142857143,20.985714285714288,45.72223643597636
18.257142857142856,11.642857142857142,14.842857142857143,18.257142857142856,11.571428571428571,14.842857142857143,80.58571428571429,3.693857142857143,57.142857142857146,6.547142857142857,0.0,21.87142857142857,137.6,1016.3857142857142,54.57142857142857,14.242857142857144,25.741766882681645
19.47142857142857,13.071428571428571,16.285714285714285,19.47142857142857,13.071428571428571,16.285714285714285,82.98571428571428,4.953857142857143,85.71428571428571,10.118571428571428,0.0,24.428571428571427,227.2,1014.6857142857144,57.31428571428571,10.528571428571428,16.66977925584041
15.285714285714286,10.2,12.585714285714284,15.285714285714286,8.928571428571429,12.12857142857143,80.2,5.208571428571429,71.42857142857143,5.95,0.0,33.771428571428565,249.8857142857143,1002.8,90.08571428571427,19.342857142857145,-25.36929971805125
14.6,10.328571428571427,12.228571428571428,14.6,9.37142857142857,12.085714285714284,89.27142857142857,6.762571428571428,100.0,9.524285714285714,0.0,30.714285714285715,245.18571428571428,1008.1714285714286,70.47142857142858,10.328571428571427,8.134860750084272
17.485714285714288,11.785714285714286,14.857142857142858,17.485714285714288,11.271428571428572,14.828571428571427,76.88571428571429,1.9241428571428567,100.0,8.332857142857142,0.0,29.428571428571427,278.4,1020.9714285714284,58.05714285714286,21.557142857142857,-27.618387166514594
15.142857142857142,10.157142857142857,12.7,15.142857142857142,9.62857142857143,12.542857142857144,83.88571428571429,1.2468571428571429,57.142857142857146,5.357142857142857,0.0,26.071428571428573,253.8571428571429,1017.7714285714284,65.74285714285715,13.571428571428571,-27.51196394215458
20.485714285714288,13.471428571428572,17.2,20.485714285714288,13.471428571428572,17.2,76.22857142857143,0.0025714285714285,14.285714285714286,0.5957142857142858,0.0,17.74285714285714,174.54285714285714,1026.0571428571427,48.82857142857143,13.014285714285714,-7.752035057345211
20.15714285714285,12.685714285714283,16.385714285714286,20.15714285714285,12.685714285714283,16.385714285714286,71.98571428571428,0.0,0.0,0.0,0.0,26.02857142857143,236.8857142857143,1024.257142857143,71.18571428571428,27.12857142857143,-7.229971726657709
14.94285714285714,10.657142857142857,12.614285714285714,14.94285714285714,10.085714285714284,12.357142857142858,89.07142857142857,7.231857142857144,100.0,13.691428571428572,0.0,35.371428571428574,231.8571428571429,1008.5285714285714,68.3,12.642857142857142,32.35923175676817
12.971428571428572,9.7,11.257142857142856,12.971428571428572,7.8428571428571425,10.44285714285714,85.11428571428571,5.275714285714286,100.0,12.5,0.0285714285714285,33.08571428571428,244.7,1006.5857142857144,74.52857142857144,11.271428571428572,25.0952388143902
10.4,4.585714285714286,7.085714285714286,10.4,1.842857142857143,5.357142857142857,80.44285714285715,1.2824285714285717,57.142857142857146,2.9771428571428573,0.0,30.314285714285717,184.5,1010.8285714285714,63.771428571428565,22.1,-9.3644499198557
7.471428571428571,2.3999999999999995,5.071428571428571,5.342857142857143,-1.2857142857142858,1.657142857142857,84.2,0.2831428571428572,42.85714285714285,1.7871428571428571,0.0,30.32857142857143,218.95714285714288,1021.5,65.57142857142857,19.65714285714285,3.61651815776122
24.457142857142856,16.142857142857142,20.071428571428573,24.485714285714288,16.142857142857142,20.071428571428573,69.62857142857143,0.0578571428571428,14.285714285714286,1.19,0.0,17.871428571428574,189.05714285714288,1023.4571428571428,21.5,14.4,-26.354270991282306
14.9,9.87142857142857,12.085714285714284,14.9,8.657142857142857,11.37142857142857,88.17142857142858,1.372142857142857,100.0,5.952857142857143,0.0,23.814285714285717,138.68571428571428,1010.4142857142856,89.95714285714287,10.742857142857144,20.92068979199564
23.8,16.32857142857143,19.542857142857144,23.8,16.32857142857143,19.542857142857144,82.82857142857142,0.5599999999999999,85.71428571428571,4.762857142857143,0.0,18.357142857142858,200.9,1018.1857142857144,81.89999999999999,15.1,-15.155884829452477
17.657142857142855,10.085714285714284,13.814285714285717,17.657142857142855,9.62857142857143,13.771428571428572,79.8,3.1782857142857144,71.42857142857143,7.142857142857143,0.0,19.9,116.37142857142858,1007.2142857142856,43.85714285714285,14.942857142857145,34.72451784642135
11.142857142857142,8.614285714285714,9.728571428571428,10.571428571428571,5.414285714285714,8.27142857142857,93.95714285714288,5.444142857142857,85.71428571428571,4.762857142857143,0.0,35.82857142857143,227.32857142857145,1001.5714285714286,96.51428571428572,9.6,28.27506101525887
17.742857142857144,8.885714285714284,13.485714285714286,17.742857142857144,8.485714285714286,13.357142857142858,87.5,0.0,0.0,0.0,0.0,19.885714285714283,280.1142857142857,1025.3428571428572,56.51428571428572,11.585714285714284,-0.2533412010360507
7.114285714285714,2.257142857142857,4.957142857142857,3.4857142857142853,-1.5714285714285714,1.1,80.12857142857142,1.4264285714285714,100.0,8.332857142857142,0.0,29.785714285714285,297.5142857142857,1015.8285714285714,51.42857142857143,17.685714285714287,-26.40797460094109
18.67142857142857,11.328571428571427,15.085714285714284,18.67142857142857,10.957142857142856,15.042857142857144,79.68571428571428,0.591,28.571428571428573,1.7857142857142858,0.0,27.485714285714284,259.4428571428571,1013.1285714285714,69.44285714285715,19.75714285714286,9.565809491004757
16.157142857142855,10.5,13.228571428571428,16.157142857142855,9.671428571428573,13.042857142857144,85.74285714285715,1.854142857142857,85.71428571428571,7.738571428571428,0.0,27.97142857142857,272.1714285714286,1017.842857142857,71.04285714285714,16.685714285714287,-19.68117257115921
13.671428571428573,7.614285714285714,10.2,13.671428571428573,4.614285714285714,8.385714285714284,78.92857142857143,0.1938571428571428,71.42857142857143,4.761428571428572,0.0,34.08571428571428,70.92857142857143,1017.3285714285714,53.87142857142857,16.228571428571428,-9.541221712895094
11.385714285714286,8.628571428571428,10.2,10.914285714285716,6.057142857142857,9.057142857142855,90.32857142857142,1.2782857142857142,100.0,7.141428571428572,0.0,39.5,213.02857142857144,1014.2285714285716,87.11428571428571,14.342857142857143,10.787433548167655
14.585714285714284,11.114285714285714,12.742857142857144,14.585714285714284,11.114285714285714,12.742857142857144,82.88571428571429,2.0668571428571427,42.85714285714285,3.571428571428572,0.0,28.61428571428572,195.37142857142857,1014.9142857142856,80.68571428571428,15.471428571428572,-23.37569269361734
20.82857142857143,12.171428571428573,16.62857142857143,20.82857142857143,11.771428571428572,16.6,72.45714285714286,0.0,0.0,0.0,0.0,21.77142857142857,263.0285714285714,1021.7714285714284,52.48571428571428,22.428571428571427,4.849196728340075
21.24285714285714,13.042857142857144,17.242857142857144,21.24285714285714,13.042857142857144,17.242857142857144,76.84285714285714,0.0,0.0,0.0,0.0,22.957142857142856,175.62857142857143,1017.4714285714286,53.4,11.657142857142857,-16.860345286423012
23.3,11.3,16.857142857142858,23.3,11.071428571428571,16.842857142857145,75.42857142857143,0.0,0.0,0.0,0.0,19.6,113.25714285714288,1021.4,39.85714285714285,9.3,34.425547988065546
10.471428571428572,6.4,8.371428571428572,9.471428571428572,3.3428571428571425,6.371428571428572,83.02857142857144,1.3335714285714284,71.42857142857143,5.355714285714286,0.0,31.9,206.6,1013.6428571428572,74.58571428571429,18.15714285714286,-26.124426935995416
8.5,4.0,6.614285714285714,5.828571428571428,0.2571428571428573,3.142857142857143,91.68571428571428,1.5542857142857145,100.0,4.764285714285714,3.0,36.72857142857144,199.8571428571429,1011.3285714285714,85.85714285714286,9.1,-49.06413190831654
15.042857142857144,10.814285714285717,12.842857142857143,15.042857142857144,10.385714285714286,12.757142857142856,88.5,1.9541428571428567,100.0,8.928571428571429,0.0,20.2,113.78571428571428,1019.7142857142856,67.92857142857143,9.0,12.354318644599855
13.142857142857142,8.642857142857142,10.857142857142858,13.142857142857142,5.814285714285715,9.585714285714284,85.97142857142856,5.918714285714286,100.0,13.691428571428572,0.0,33.41428571428571,264.7142857142857,998.0428571428572,62.6,11.3,13.929548651365051
16.1,10.514285714285714,13.028571428571428,16.1,10.4,12.985714285714286,85.21428571428571,2.270285714285714,71.42857142857143,4.761428571428572,0.0,29.02857142857143,198.0428571428572,1011.4714285714286,84.54285714285713,15.2,-10.58793923427254
22.6,14.628571428571428,18.085714285714285,22.6,14.628571428571428,18.085714285714285,80.82857142857142,0.1914285714285714,42.85714285714285,2.975714285714285,0.0,19.642857142857142,225.51428571428573,1014.9142857142856,61.8,12.571428571428571,-3.510572802964816
7.471428571428571,4.085714285714286,5.857142857142857,4.257142857142857,-0.6,1.6857142857142855,83.44285714285715,2.447142857142857,100.0,8.332857142857142,0.0,37.02857142857143,301.0857142857143,1024.1714285714286,64.92857142857143,11.642857142857142,-47.94146071007697
20.25714285714286,12.271428571428572,16.285714285714285,20.24285714285714,11.7,16.2,76.31428571428572,0.179,28.571428571428573,1.7857142857142858,0.0,30.085714285714285,216.68571428571428,1021.7571428571428,50.142857142857146,17.87142857142857,-18.140380240367108
9.971428571428572,5.114285714285714,7.614285714285715,8.4,2.3428571428571425,4.757142857142857,79.87142857142858,0.0472857142857142,28.571428571428573,1.1914285714285715,0.0,26.61428571428572,51.52857142857143,1032.2714285714285,74.35714285714286,14.928571428571429,9.06383057170558
7.414285714285714,2.042857142857143,4.7,3.828571428571428,-2.3428571428571425,0.6428571428571429,78.10000000000001,2.0024285714285712,100.0,7.142857142857143,4.1,39.4,230.97142857142856,1002.2571428571428,70.41428571428571,21.485714285714288,14.7475066792324
10.828571428571427,3.7142857142857135,7.171428571428572,9.685714285714283,0.6857142857142858,4.971428571428571,86.47142857142856,0.0895714285714285,57.142857142857146,4.761428571428572,0.0,23.485714285714288,111.25714285714284,1027.8142857142857,40.04285714285714,8.414285714285715,3.478429426660909
20.17142857142857,14.6,16.97142857142857,20.17142857142857,14.6,16.97142857142857,78.65714285714286,2.983857142857143,85.71428571428571,11.311428571428571,0.0,26.5,201.8142857142857,1008.0428571428572,64.3,10.457142857142856,16.396320941683143
5.357142857142857,1.157142857142857,3.3714285714285714,1.9,-4.057142857142858,-1.0571428571428572,87.15714285714286,4.506,71.42857142857143,5.95,14.0,42.52857142857143,164.4857142857143,998.9714285714286,74.87142857142858,15.828571428571427,25.560821677098943
24.2,16.04285714285714,20.11428571428572,24.314285714285717,16.04285714285714,20.11428571428572,74.17142857142858,0.4765714285714285,42.85714285714285,3.572857142857143,0.0,22.057142857142857,188.6,1016.7857142857144,36.942857142857136,14.414285714285716,-11.502646595324904
18.9,14.957142857142856,16.62857142857143,18.9,14.957142857142856,16.62857142857143,82.24285714285715,5.449142857142857,100.0,12.501428571428573,0.0,23.65714285714285,222.9142857142857,1011.7428571428572,77.2,13.642857142857142,-21.71986669568446
8.042857142857143,3.6714285714285713,5.885714285714286,5.842857142857143,0.7714285714285715,3.3285714285714287,86.58571428571429,3.597,100.0,8.332857142857142,0.0,19.82857142857143,200.9714285714286,1018.2142857142856,74.82857142857142,9.842857142857143,-0.5530662811382854
12.071428571428571,4.957142857142857,8.642857142857142,11.914285714285716,2.4857142857142853,7.171428571428572,77.44285714285715,0.498,57.142857142857146,3.571428571428572,0.0,24.65714285714285,177.71428571428572,1018.0285714285714,70.92857142857143,19.557142857142857,29.787741346234725
14.885714285714286,8.928571428571429,11.814285714285717,14.885714285714286,7.257142857142857,11.4,77.3,1.4031428571428572,85.71428571428571,7.738571428571428,0.0,32.58571428571428,242.3857142857143,1018.2428571428572,55.24285714285714,10.8,1.9980634737037235
5.142857142857143,0.3285714285714286,2.542857142857143,1.2,-5.057142857142857,-2.4428571428571426,89.97142857142856,2.171,85.71428571428571,7.141428571428572,1.35,34.55714285714286,86.39999999999999,1008.2571428571428,89.15714285714286,5.085714285714286,37.93810827206107
13.171428571428573,3.1142857142857143,8.357142857142858,12.957142857142856,1.1,7.271428571428571,65.05714285714285,0.0018571428571428,14.285714285714286,0.5957142857142858,0.0,17.042857142857144,212.25714285714284,1018.4714285714286,11.242857142857144,11.528571428571428,-17.090659235838416
8.285714285714286,4.257142857142857,6.471428571428571,5.828571428571429,-0.0428571428571429,3.128571428571429,84.64285714285714,4.053285714285715,100.0,8.33,0.0,41.72857142857144,275.85714285714283,1004.0714285714286,82.11428571428571,17.228571428571428,-52.16231043690596
6.328571428571428,1.3571428571428572,3.6000000000000005,2.685714285714286,-3.557142857142857,-0.6285714285714287,73.1,0.1827142857142857,28.571428571428573,1.1914285714285715,2.5,32.32857142857143,33.528571428571425,1023.342857142857,70.94285714285715,16.1,-33.658661987418895
13.257142857142856,7.442857142857143,10.5,13.257142857142856,5.5,9.771428571428572,80.74285714285715,1.9642857142857144,100.0,5.3585714285714285,0.0,25.24285714285714,174.84285714285713,1008.2,79.48571428571428,26.47142857142857,-43.44407749833215
18.557142857142857,12.714285714285714,15.485714285714286,18.557142857142857,12.714285714285714,15.485714285714286,83.08571428571429,3.003428571428572,57.142857142857146,6.547142857142857,0.0,18.74285714285714,208.3857142857143,1016.2571428571428,60.971428571428575,10.228571428571428,17.44347406238296
12.314285714285717,9.0,10.55714285714286,11.7,7.2,9.214285714285714,93.2,1.0591428571428572,71.42857142857143,5.951428571428571,0.0,25.2,150.92857142857142,1021.9428571428572,75.72857142857143,9.971428571428572,14.16668641741785
17.928571428571427,10.114285714285714,13.94285714285714,17.928571428571427,9.585714285714284,13.828571428571427,78.12857142857142,0.1544285714285714,28.571428571428573,1.1914285714285715,0.0,23.67142857142857,279.3428571428572,1024.042857142857,80.24285714285715,23.75714285714286,22.67431721751325
9.2,5.085714285714286,7.257142857142857,8.357142857142858,3.4714285714285715,5.7,94.6,1.495,100.0,9.524285714285714,0.0,18.428571428571427,133.45714285714286,1026.9,77.89999999999999,7.3428571428571425,-31.626254832769742
5.628571428571428,0.7857142857142857,2.9285714285714284,1.8285714285714283,-4.114285714285715,-1.3857142857142857,80.15714285714286,0.0689999999999999,71.42857142857143,2.9785714285714286,0.0,26.24285714285714,89.47142857142856,1020.1857142857144,55.05714285714286,11.94285714285714,-19.124097912333013
10.485714285714286,5.328571428571428,7.8428571428571425,9.5,2.4857142857142853,5.485714285714286,84.89999999999999,0.946,71.42857142857143,4.761428571428572,0.0,25.857142857142858,142.34285714285713,1009.1857142857144,73.81428571428572,12.7,-3.201471651858583
13.05714285714286,9.057142857142855,11.228571428571428,13.05714285714286,6.6000000000000005,10.87142857142857,86.67142857142858,2.875571428571429,85.71428571428571,8.334285714285715,0.0,24.028571428571432,180.8,1010.4714285714286,55.48571428571428,11.285714285714286,41.83970208233791
8.7,2.5,5.857142857142857,7.314285714285715,-0.8714285714285716,2.957142857142857,85.41428571428571,0.0,0.0,0.0,0.0,31.214285714285715,266.54285714285714,1007.2428571428572,61.02857142857143,12.0,-1.6341058256321048
23.457142857142856,16.428571428571427,19.7,23.52857142857143,16.428571428571427,19.714285714285715,78.61428571428571,0.6705714285714286,57.142857142857146,5.357142857142857,0.0,21.67142857142857,215.1,1014.0571428571428,56.371428571428574,19.714285714285715,23.551961605533847
13.271428571428572,8.157142857142857,10.571428571428571,13.271428571428572,6.642857142857143,9.742857142857144,79.72857142857143,1.1311428571428572,100.0,8.928571428571429,0.0,25.17142857142857,241.2,1020.4142857142856,55.47142857142857,11.114285714285714,-16.978905763871694
10.614285714285714,4.8,8.128571428571428,10.071428571428571,2.257142857142857,6.371428571428572,86.81428571428572,4.4237142857142855,100.0,11.308571428571428,0.0,21.985714285714288,284.12857142857143,1023.4285714285714,58.54285714285714,15.357142857142858,-5.135744720755952
13.37142857142857,10.271428571428572,11.828571428571427,13.37142857142857,9.228571428571428,11.528571428571428,85.68571428571428,8.589571428571428,100.0,13.095714285714283,0.0,36.07142857142857,170.8857142857143,996.4285714285714,71.17142857142856,11.528571428571428,-12.530953494675714
19.414285714285715,13.242857142857144,16.32857142857143,19.414285714285715,13.242857142857144,16.32857142857143,85.24285714285715,0.0,0.0,0.0,0.0,19.485714285714288,121.01428571428572,1009.7714285714284,77.21428571428571,9.928571428571429,42.77095748670649
13.94285714285714,8.285714285714286,11.242857142857144,13.94285714285714,6.842857142857143,10.357142857142858,80.89999999999999,3.7115714285714287,85.71428571428571,11.311428571428571,0.0,31.12857142857143,263.6,1015.4142857142856,44.7,10.328571428571427,-9.551760698474368
21.557142857142857,13.44285714285714,17.342857142857145,21.557142857142857,13.44285714285714,17.342857142857145,79.28571428571429,1.7327142857142857,57.142857142857146,4.761428571428572,0.0,19.557142857142857,121.32857142857142,1016.6857142857144,40.55714285714286,13.2,19.326475302997324
24.042857142857144,15.071428571428571,19.342857142857145,24.0,15.071428571428571,19.32857142857143,68.68571428571428,0.5681428571428572,14.285714285714286,0.5957142857142858,0.0,21.457142857142856,120.54285714285712,1017.9857142857144,58.84285714285714,14.714285714285714,21.18454532498197
9.771428571428572,4.614285714285714,7.385714285714286,8.642857142857142,1.2857142857142858,5.014285714285714,86.95714285714287,2.238857142857143,100.0,14.287142857142856,0.0999999999999999,27.042857142857144,292.62857142857143,1015.7428571428572,69.9,10.271428571428572,7.133253235495772
7.371428571428572,2.1142857142857143,4.585714285714286,5.771428571428571,-0.5285714285714286,2.857142857142857,84.78571428571429,0.0591428571428571,14.285714285714286,0.5957142857142858,0.0,16.757142857142856,192.4142857142857,1030.7857142857142,66.92857142857143,13.042857142857144,12.347688579251894
19.285714285714285,12.357142857142858,15.771428571428572,19.285714285714285,12.357142857142858,15.771428571428572,79.54285714285713,2.2470000000000003,57.142857142857146,4.167142857142857,0.0,20.285714285714285,168.45714285714286,1013.2428571428572,69.38571428571429,9.714285714285714,22.559663707674304
10.585714285714284,5.671428571428572,8.571428571428571,9.857142857142858,2.914285714285714,6.742857142857143,86.05714285714285,4.547428571428571,100.0,13.691428571428572,0.0,31.457142857142856,207.3571428571429,1013.342857142857,67.6,16.142857142857142,-23.235082288021204
8.12857142857143,3.571428571428572,6.042857142857143,5.571428571428571,0.2857142857142857,2.914285714285714,87.55714285714285,0.7254285714285714,71.42857142857143,4.761428571428572,0.0,28.75714285714286,223.3428571428572,1026.7285714285715,66.78571428571429,12.071428571428571,18.4540134496458
9.071428571428571,4.928571428571429,7.2,6.428571428571429,2.4285714285714284,4.342857142857143,93.02857142857144,0.7587142857142857,71.42857142857143,3.5728571428571425,0.0,29.985714285714288,214.68571428571428,1017.3285714285714,81.48571428571428,8.471428571428572,-41.19257868039245
9.4,7.1571428571428575,8.357142857142858,8.4,5.214285714285714,6.714285714285714,91.51428571428572,0.5314285714285714,71.42857142857143,5.952857142857143,0.0,16.72857142857143,183.4,1027.642857142857,85.17142857142858,8.985714285714286,7.375270673888508
11.257142857142856,6.485714285714286,9.328571428571427,10.8,4.314285714285714,8.014285714285714,86.82857142857142,2.4644285714285714,100.0,11.904285714285717,1.5714285714285714,34.67142857142857,246.0142857142857,1017.2,70.87142857142858,11.285714285714286,-21.50424969434277
17.3,12.742857142857144,14.914285714285716,17.3,12.471428571428572,14.885714285714286,87.38571428571429,5.166714285714286,71.42857142857143,7.737142857142857,0.0,23.15714285714285,255.12857142857143,1017.9142857142858,75.2,12.87142857142857,3.2034599983218186
23.985714285714288,15.328571428571427,19.542857142857144,24.142857142857142,15.328571428571427,19.585714285714285,75.02857142857144,0.0,0.0,0.0,0.0,17.014285714285712,201.67142857142855,1019.2571428571428,45.285714285714285,10.2,4.556781195148915
15.12857142857143,11.542857142857144,13.085714285714284,15.12857142857143,11.071428571428571,12.94285714285714,86.71428571428571,8.275428571428572,100.0,10.714285714285714,0.0,31.5,171.15714285714284,1004.7285714285716,79.28571428571429,9.4,7.058037148878952
12.257142857142856,7.285714285714286,9.62857142857143,12.257142857142856,4.671428571428572,7.8428571428571425,82.97142857142856,2.157714285714286,57.142857142857146,6.548571428571429,0.0,29.714285714285715,244.87142857142857,997.5714285714286,72.17142857142856,12.071428571428571,-6.215073682729894
12.12857142857143,7.8428571428571425,9.685714285714283,12.12857142857143,5.385714285714286,8.414285714285715,83.47142857142856,1.7651428571428571,100.0,5.3585714285714285,0.0,25.428571428571427,108.2,1003.5571428571428,78.62857142857142,18.32857142857143,-15.155958714381429
16.414285714285715,9.87142857142857,13.042857142857144,16.414285714285715,8.928571428571429,12.9,78.7,2.1832857142857143,57.142857142857146,4.1657142857142855,0.0,37.8,256.07142857142856,1009.8571428571428,74.3142857142857,24.314285714285717,-6.7592807022138
23.071428571428573,14.657142857142857,18.728571428571428,23.071428571428573,14.657142857142857,18.728571428571428,78.77142857142857,0.0,0.0,0.0,0.0,26.957142857142856,269.2857142857143,1021.1,52.871428571428574,23.514285714285712,25.16462458809383
17.442857142857143,12.342857142857143,14.971428571428572,17.442857142857143,12.342857142857143,14.971428571428572,79.55714285714285,1.477285714285714,85.71428571428571,10.12,0.0,28.24285714285714,279.04285714285714,1014.2714285714284,61.07142857142857,14.428571428571429,-34.13820235122648
-1.6428571428571428,-6.828571428571428,-3.7714285714285714,-7.085714285714286,-13.3,-10.485714285714286,87.10000000000001,3.3281428571428573,14.285714285714286,0.5957142857142858,27.9,30.728571428571428,57.58571428571429,1018.5,64.17142857142856,6.885714285714286,144.21364110742218
10.257142857142856,5.671428571428572,7.7,8.571428571428571,2.1714285714285717,4.7,87.8,0.8464285714285714,100.0,5.3585714285714285,0.0,31.32857142857143,126.88571428571429,1001.2142857142856,85.75714285714285,14.157142857142857,24.08889216065336
13.471428571428572,9.142857142857142,11.542857142857144,13.471428571428572,8.12857142857143,11.257142857142856,82.84285714285714,1.3698571428571429,57.142857142857146,4.167142857142857,0.0,21.842857142857145,165.61428571428573,1021.6,84.51428571428572,9.814285714285717,0.4503454137809513
9.485714285714286,5.7,7.585714285714286,8.685714285714285,3.9,6.1000000000000005,93.21428571428572,1.1652857142857145,100.0,7.738571428571428,0.0,14.457142857142856,134.5142857142857,1024.1857142857143,70.47142857142858,11.4,-10.71571306514238
13.814285714285717,8.928571428571429,11.271428571428572,13.814285714285717,6.1571428571428575,10.471428571428572,83.48571428571428,1.3547142857142858,85.71428571428571,4.762857142857143,0.0,45.614285714285714,238.4,1006.3285714285714,76.74285714285715,17.285714285714285,-5.858165564377259
20.542857142857144,12.12857142857143,16.442857142857143,20.542857142857144,12.014285714285714,16.428571428571427,80.52857142857144,0.2848571428571428,42.85714285714285,2.975714285714285,0.0,23.942857142857143,149.12857142857143,1019.1857142857144,64.31428571428572,17.32857142857143,-8.6353016531923
14.528571428571428,5.3,10.242857142857144,14.528571428571428,3.0142857142857147,9.242857142857144,74.15714285714286,1.003,57.142857142857146,4.167142857142857,0.0,22.27142857142857,189.42857142857144,1021.2571428571428,24.8,14.457142857142856,-20.02500162676131
5.457142857142857,0.5285714285714286,2.942857142857143,2.7857142857142856,-3.557142857142857,-0.7571428571428572,89.62857142857142,0.5452857142857143,28.571428571428573,2.38,0.0,27.885714285714283,131.84285714285713,1025.757142857143,51.114285714285714,13.857142857142858,-26.436306638587663
17.37142857142857,6.514285714285714,12.028571428571428,17.37142857142857,4.7,11.571428571428571,61.05714285714286,0.0,0.0,0.0,0.0,25.685714285714287,114.3,1021.5571428571428,55.0,16.442857142857143,6.076644860506008
14.171428571428573,4.642857142857143,9.857142857142858,14.171428571428573,1.7857142857142858,8.585714285714285,61.371428571428574,0.0,0.0,0.0,0.0,26.6,172.15714285714287,1024.5857142857144,52.114285714285714,34.34285714285714,-55.34865360865649
12.528571428571428,8.257142857142856,10.314285714285717,12.271428571428572,6.328571428571428,9.328571428571427,90.6,1.308714285714286,100.0,8.332857142857142,0.0,21.385714285714283,114.71428571428572,1015.1,62.58571428571429,9.0,-28.858187306693598
15.428571428571429,7.757142857142857,11.428571428571429,15.428571428571429,6.3,10.957142857142856,79.21428571428571,0.8672857142857143,42.85714285714285,2.381428571428572,0.0,24.77142857142857,254.22857142857143,1004.5142857142856,77.31428571428572,14.3,7.369028095005888
22.542857142857144,13.242857142857144,17.714285714285715,22.542857142857144,13.242857142857144,17.714285714285715,75.17142857142858,0.014,14.285714285714286,0.5957142857142858,0.0,22.514285714285712,154.0142857142857,1024.6714285714286,34.91428571428572,18.228571428571428,7.862970732386088
8.4,3.928571428571429,6.014285714285714,6.185714285714285,-0.2285714285714285,2.3857142857142857,83.2,1.2617142857142858,42.85714285714285,2.381428571428572,8.0,31.7,152.12857142857143,1025.242857142857,77.07142857142857,12.857142857142858,9.353446212044105
12.985714285714286,7.928571428571429,10.657142857142857,12.1,5.885714285714286,9.4,84.47142857142856,3.7477142857142858,71.42857142857143,4.761428571428572,0.0,29.4,198.87142857142857,1006.2,70.74285714285715,15.514285714285714,8.479360408090997
3.914285714285714,-1.2714285714285716,1.4,1.0,-5.142857142857143,-2.1714285714285717,93.65714285714286,0.1364285714285714,14.285714285714286,0.5957142857142858,0.0,22.814285714285717,38.32857142857143,1039.7142857142858,62.55714285714286,3.042857142857143,12.52392615324311
9.214285714285714,1.6857142857142855,5.585714285714286,7.671428571428572,-0.5428571428571429,3.8285714285714287,78.41428571428571,0.1825714285714285,14.285714285714286,0.5957142857142858,0.0,21.87142857142857,258.3428571428572,1014.1,59.285714285714285,19.24285714285714,2.245262873361753
8.385714285714286,2.9714285714285715,5.6000000000000005,6.7,-0.3857142857142857,2.9,83.64285714285714,5.712000000000001,71.42857142857143,8.930000000000001,0.0714285714285714,25.357142857142858,192.58571428571423,1007.9714285714286,62.18571428571429,11.1,11.179185498697509
14.9,9.94285714285714,12.485714285714286,14.9,8.342857142857143,12.042857142857144,85.87142857142858,2.8102857142857145,85.71428571428571,6.545714285714285,0.0,34.72857142857143,187.07142857142856,1001.2571428571428,84.41428571428571,14.585714285714284,50.33733336869284
15.571428571428571,10.157142857142857,12.714285714285714,15.571428571428571,9.328571428571427,12.614285714285714,81.89999999999999,0.4567142857142857,71.42857142857143,5.355714285714286,0.0,24.11428571428572,252.42857142857144,1007.7714285714284,88.78571428571429,18.442857142857143,14.476550215250311
18.728571428571428,11.785714285714286,15.857142857142858,18.728571428571428,11.785714285714286,15.857142857142858,82.85714285714286,2.001,71.42857142857143,5.355714285714286,0.0,26.6,228.7142857142857,1012.5,70.35714285714286,12.014285714285714,-5.98826082206017
10.071428571428571,4.085714285714286,7.242857142857143,8.671428571428573,0.8857142857142856,4.371428571428572,80.68571428571428,0.9407142857142856,85.71428571428571,7.142857142857143,0.0,29.728571428571428,286.45714285714286,1014.3,54.5,10.242857142857144,24.55004266881599
19.314285714285717,13.285714285714286,16.642857142857142,19.314285714285717,13.285714285714286,16.642857142857142,81.11428571428571,0.3521428571428571,71.42857142857143,3.5728571428571425,0.0,32.48571428571429,255.68571428571428,1017.6,75.3,22.042857142857144,-36.90795361585913
21.5,13.071428571428571,16.9,21.5,12.842857142857143,16.885714285714286,74.5,0.0,0.0,0.0,0.0,21.442857142857143,86.42857142857143,1022.3142857142856,61.614285714285714,9.4,-78.78960191181181
12.0,2.9,7.5,12.0,-0.6857142857142857,5.385714285714286,61.642857142857146,0.0021428571428571,14.285714285714286,0.5957142857142858,0.0,25.685714285714287,53.05714285714286,1020.8142857142856,53.95714285714286,27.6,-49.79544101121121
12.414285714285716,6.328571428571428,9.4,12.414285714285716,3.7,7.871428571428571,80.35714285714286,4.331285714285714,100.0,11.31,0.0,27.15714285714285,229.8428571428572,1017.0428571428572,61.45714285714286,15.414285714285716,24.163308950283067
20.6,14.385714285714286,17.342857142857145,20.6,14.385714285714286,17.342857142857145,76.91428571428571,3.390571428571429,71.42857142857143,7.738571428571428,0.0,27.571428571428573,261.38571428571424,1011.157142857143,56.52857142857143,11.514285714285714,-34.125289083148346
16.085714285714285,8.2,12.228571428571428,16.085714285714285,6.842857142857143,11.7,82.38571428571429,0.3577142857142857,71.42857142857143,4.762857142857143,0.0,19.914285714285715,257.6142857142857,1025.757142857143,48.385714285714286,10.728571428571428,27.33394714330302
4.0,0.4285714285714286,2.1,0.0285714285714285,-4.757142857142857,-2.5142857142857147,81.82857142857142,0.0738571428571428,28.571428571428573,1.1914285714285715,0.0,27.071428571428573,61.57142857142857,1019.9571428571428,54.02857142857143,9.62857142857143,-55.17675567727781
10.585714285714284,3.3428571428571425,6.971428571428571,10.085714285714284,0.7285714285714285,4.685714285714285,80.32857142857142,1.1777142857142855,71.42857142857143,4.762857142857143,0.0,33.528571428571425,233.6142857142857,1000.9428571428572,60.9,28.414285714285715,5.927926934673451
14.657142857142857,9.242857142857144,12.271428571428572,14.657142857142857,8.285714285714286,12.114285714285714,85.87142857142858,5.869142857142856,100.0,11.308571428571428,0.0142857142857142,30.4,198.8142857142857,998.2142857142856,61.58571428571429,11.157142857142857,22.33457430235592
13.185714285714283,5.6000000000000005,9.328571428571427,13.185714285714283,3.2142857142857144,7.857142857142857,74.3,1.365714285714286,42.85714285714285,2.9771428571428573,0.0,24.37142857142857,241.0142857142857,1021.6142857142858,46.957142857142856,13.77142857142857,13.280513327576044
16.585714285714285,9.985714285714286,13.457142857142856,16.585714285714285,9.028571428571428,13.2,82.48571428571428,1.3284285714285713,85.71428571428571,6.548571428571429,0.0,26.428571428571427,238.7,1021.8571428571428,55.84285714285714,10.357142857142858,1.1851282854611327
18.685714285714287,11.37142857142857,15.028571428571428,18.685714285714287,11.257142857142856,15.014285714285714,83.07142857142857,0.057,100.0,5.359999999999999,0.0,17.357142857142858,240.75714285714284,1025.2857142857142,48.92857142857143,10.757142857142856,-26.337866445906
16.87142857142857,11.5,14.357142857142858,16.87142857142857,11.014285714285714,14.214285714285714,82.17142857142858,1.975,85.71428571428571,8.332857142857142,0.0,29.02857142857143,278.0571428571428,1017.8857142857142,57.35714285714285,10.814285714285717,-30.239494650847632
19.928571428571427,12.228571428571428,16.071428571428573,19.928571428571427,11.657142857142857,16.0,75.81428571428572,0.3051428571428571,28.571428571428573,1.1914285714285715,0.0,26.7,149.52857142857144,1016.1428571428572,48.08571428571429,14.72857142857143,-23.48551170161704
20.585714285714285,12.0,16.342857142857145,20.585714285714285,12.0,16.342857142857145,74.10000000000001,0.0,0.0,0.0,0.0,20.6,241.12857142857143,1024.9857142857145,59.92857142857143,19.228571428571428,-11.837618425298274
16.1,9.828571428571427,12.671428571428573,16.1,8.771428571428572,12.471428571428572,83.2,1.2335714285714283,71.42857142857143,7.142857142857143,0.0,33.58571428571428,222.68571428571428,1007.9857142857144,70.60000000000001,12.985714285714286,30.947626646336744
17.928571428571427,10.428571428571429,14.414285714285716,17.928571428571427,9.9,14.342857142857143,77.85714285714286,0.6825714285714286,42.85714285714285,2.975714285714285,0.0,30.142857142857142,253.2,1013.342857142857,65.55714285714285,24.642857142857142,-17.18370533132054
10.014285714285714,4.1571428571428575,6.9,9.414285714285716,2.8857142857142857,5.9,86.47142857142856,0.0,0.0,0.0,0.0,13.55714285714286,77.38571428571429,1022.4285714285714,63.457142857142856,8.328571428571427,36.47381104371709
15.9,10.657142857142857,13.1,15.9,9.62857142857143,13.014285714285714,83.51428571428572,1.377857142857143,100.0,5.952857142857143,0.0,33.142857142857146,102.1,1010.8857142857142,92.35714285714286,12.55714285714286,-29.71145970646012
16.885714285714286,12.528571428571428,14.5,16.885714285714286,12.528571428571428,14.5,81.51428571428572,3.799857142857143,100.0,10.118571428571428,0.0,29.842857142857145,244.7,1016.7142857142856,75.11428571428571,14.742857142857144,-21.67056269818852
14.05714285714286,8.485714285714286,11.414285714285716,14.05714285714286,8.385714285714286,11.228571428571428,92.3,5.134428571428572,100.0,12.501428571428573,2.966666666666667,19.02857142857143,227.65714285714287,1006.4,66.14285714285714,10.514285714285714,7.558061721611239
19.285714285714285,11.37142857142857,15.4,19.285714285714285,11.37142857142857,15.4,77.77142857142857,0.0135714285714285,14.285714285714286,0.5957142857142858,0.0,17.37142857142857,268.5,1026.8857142857144,58.15714285714286,16.371428571428574,8.118361197727268
9.885714285714286,4.928571428571429,7.614285714285714,8.471428571428572,1.5285714285714287,4.871428571428572,90.0,1.608857142857143,100.0,6.547142857142857,0.0,37.55714285714286,220.7142857142857,1010.6428571428572,85.52857142857144,13.7,15.922159765058154
19.714285714285715,13.12857142857143,16.385714285714286,19.714285714285715,13.12857142857143,16.385714285714286,85.32857142857142,1.788285714285714,71.42857142857143,7.144285714285715,0.0,17.071428571428573,166.8857142857143,1009.7857142857144,54.82857142857143,9.685714285714283,0.6995254813884912
18.5,12.957142857142856,15.585714285714287,18.5,12.814285714285717,15.571428571428571,84.61428571428571,3.533857142857143,100.0,5.3585714285714285,0.0,33.55714285714286,229.4,1011.7285714285716,82.5,17.314285714285713,27.74692179327735
12.185714285714283,3.571428571428572,8.342857142857143,12.185714285714283,0.7714285714285715,7.0,73.52857142857144,0.0027142857142857,14.285714285714286,0.5957142857142858,0.0,20.142857142857142,92.62857142857142,1028.7142857142858,48.51428571428572,15.071428571428571,-14.445006444268074
22.442857142857143,13.44285714285714,17.928571428571427,22.27142857142857,13.242857142857144,17.9,71.37142857142858,0.1651428571428571,28.571428571428573,1.1914285714285715,0.0,26.32857142857143,197.78571428571428,1018.342857142857,63.114285714285714,26.514285714285712,-15.883055702906518
7.514285714285714,2.3857142857142857,5.128571428571428,4.414285714285715,-0.9285714285714286,1.8857142857142857,77.15714285714286,0.2184285714285714,57.142857142857146,2.382857142857143,0.0,28.2,267.5571428571429,1025.8714285714286,74.41428571428571,23.47142857142857,18.18491456986328
13.214285714285714,5.0,8.6,13.214285714285714,2.4714285714285715,7.0,81.17142857142858,1.0744285714285715,57.142857142857146,3.571428571428572,0.0,19.014285714285712,138.64285714285714,1027.3714285714286,39.67142857142858,8.771428571428572,-8.264913151392875
5.571428571428571,0.9285714285714286,3.4285714285714284,2.9,-3.2428571428571438,-0.4,80.7,0.9854285714285714,57.142857142857146,3.571428571428572,1.0,30.928571428571427,196.2,1014.6,77.52857142857144,19.057142857142857,-62.24431704799088
19.6,14.0,16.585714285714285,19.6,14.0,16.585714285714285,78.67142857142858,2.5338571428571437,85.71428571428571,10.12,0.0,26.142857142857142,123.61428571428571,1015.4428571428572,65.65714285714286,12.05714285714286,18.98639671245644
13.114285714285714,9.414285714285716,11.44285714285714,13.114285714285714,8.4,11.014285714285714,88.21428571428571,3.9922857142857135,100.0,7.737142857142857,0.0,34.41428571428572,211.44285714285712,1004.0285714285714,85.72857142857143,16.214285714285715,30.8374018056486
12.55714285714286,5.585714285714286,9.014285714285714,12.55714285714286,2.628571428571429,7.371428571428572,87.77142857142857,1.183142857142857,85.71428571428571,10.714285714285714,0.0,30.87142857142857,186.14285714285717,1010.3142857142856,60.85714285714285,9.542857142857144,-18.462264391399003
20.585714285714285,14.342857142857143,17.32857142857143,20.585714285714285,14.342857142857143,17.32857142857143,82.57142857142857,1.179142857142857,71.42857142857143,5.951428571428571,0.0,26.085714285714285,242.2428571428572,1018.4857142857144,66.1,11.1,0.1304946794036823
14.114285714285714,8.6,11.471428571428572,14.114285714285714,7.028571428571429,11.085714285714284,83.75714285714285,0.3194285714285714,71.42857142857143,5.952857142857143,0.0,29.642857142857142,271.1,1021.0428571428572,59.91428571428571,10.471428571428572,4.205176883018339
9.171428571428573,2.9285714285714284,5.828571428571428,6.842857142857143,-1.114285714285714,2.657142857142857,78.10000000000001,2.250857142857143,71.42857142857143,7.144285714285715,0.0,27.985714285714284,153.95714285714286,1005.4,49.41428571428572,11.55714285714286,56.19185944168544
11.885714285714286,3.8857142857142857,7.8,11.885714285714286,1.9428571428571428,6.514285714285714,79.38571428571429,0.0588571428571428,42.85714285714285,2.9771428571428573,0.0,19.571428571428573,261.8857142857143,1033.3857142857144,40.84285714285714,14.828571428571427,-7.723969078324444
9.357142857142858,3.442857142857143,6.6571428571428575,7.485714285714286,1.3571428571428572,4.457142857142857,88.07142857142857,6.091,100.0,13.691428571428572,0.0,23.557142857142857,262.6,1002.2428571428572,68.28571428571429,11.642857142857142,-14.163642731212462
14.614285714285714,8.328571428571427,11.471428571428572,14.614285714285714,5.957142857142857,10.914285714285716,83.07142857142857,0.8915714285714287,42.85714285714285,2.381428571428572,0.0,30.25714285714286,213.92857142857144,1014.7428571428572,72.71428571428571,17.72857142857143,-24.112350887704903
21.314285714285717,13.685714285714283,16.95714285714286,21.314285714285717,13.685714285714283,16.95714285714286,74.84285714285714,0.2968571428571428,28.571428571428573,1.7857142857142858,0.0,26.25714285714286,185.94285714285712,1011.8,65.9,19.014285714285712,39.16192977546348
8.62857142857143,4.842857142857143,6.485714285714286,7.114285714285714,2.7,4.8,91.8,0.326,57.142857142857146,4.167142857142857,0.0,15.971428571428572,264.8,1028.4,81.51428571428572,10.042857142857144,-15.006060351602514
15.142857142857142,9.6,12.157142857142857,15.142857142857142,8.27142857142857,11.657142857142857,86.48571428571428,3.318714285714286,100.0,11.311428571428571,0.0,22.914285714285715,140.58571428571426,1010.9142857142856,72.14285714285714,10.685714285714283,40.23669559823736
24.985714285714288,13.828571428571427,19.11428571428572,24.74285714285714,13.828571428571427,19.057142857142857,59.9,0.0,0.0,0.0,0.0,28.74285714285714,73.88571428571429,1022.657142857143,34.114285714285714,18.514285714285712,49.82966094837934
16.928571428571427,9.914285714285716,13.271428571428572,16.928571428571427,9.185714285714283,13.142857142857142,82.64285714285714,0.9821428571428572,85.71428571428571,5.951428571428571,0.0,23.185714285714287,258.1857142857143,1021.5,58.92857142857143,19.228571428571428,10.017005591868724
11.571428571428571,3.7428571428571433,7.414285714285714,11.571428571428571,-0.1714285714285713,5.042857142857143,79.3,0.3758571428571428,85.71428571428571,5.952857142857143,0.0,27.442857142857143,123.9,1028.4857142857145,44.01428571428572,9.257142857142856,-21.633243299995343
9.485714285714286,6.171428571428572,7.885714285714285,7.871428571428571,3.0285714285714285,5.1571428571428575,92.47142857142856,5.708857142857143,100.0,11.31,0.0,30.042857142857144,178.0142857142857,1006.2714285714284,62.62857142857143,12.757142857142856,1.1425293144527586
15.028571428571428,6.971428571428571,11.228571428571428,15.028571428571428,4.742857142857143,10.5,76.58571428571429,0.5439999999999999,42.85714285714285,2.975714285714285,0.0,21.65714285714285,193.3857142857143,1021.6142857142858,25.142857142857142,13.657142857142857,29.39378491574655
17.1,12.757142857142856,14.72857142857143,17.1,12.757142857142856,14.72857142857143,84.42857142857143,5.273428571428572,100.0,10.715714285714286,0.0,25.15714285714285,241.44285714285712,1006.3714285714286,72.11428571428571,11.1,38.99808033788145
17.82857142857143,9.414285714285716,13.7,17.82857142857143,8.228571428571428,13.3,75.02857142857144,1.025285714285714,57.142857142857146,4.761428571428572,0.0,19.67142857142857,193.47142857142856,1019.4857142857144,53.285714285714285,14.785714285714286,8.964275392866966
16.428571428571427,11.6,13.671428571428573,16.428571428571427,11.6,13.671428571428573,84.22857142857143,2.414857142857143,100.0,13.692857142857145,0.0,23.942857142857143,263.9,1011.8714285714286,65.38571428571429,15.414285714285716,24.09011239647066
13.814285714285717,7.785714285714286,10.985714285714286,13.814285714285717,6.085714285714286,10.414285714285716,86.65714285714286,1.6648571428571428,71.42857142857143,7.737142857142857,0.0,33.714285714285715,253.22857142857143,1026.0142857142855,64.18571428571428,13.342857142857143,4.065812896110515
10.2,6.614285714285714,8.442857142857143,9.44285714285714,3.9,6.214285714285714,91.14285714285714,1.327142857142857,100.0,11.905714285714286,0.0,27.52857142857143,190.68571428571428,1014.7285714285716,81.57142857142857,8.77142857142857,11.308077145504058
10.742857142857144,7.971428571428571,9.585714285714284,10.742857142857144,5.8,7.957142857142857,91.72857142857144,0.8361428571428571,71.42857142857143,4.167142857142857,0.0,31.8,247.04285714285717,1023.3857142857142,85.10000000000001,12.828571428571427,-22.26495523185713
15.171428571428573,6.571428571428571,10.914285714285716,15.171428571428573,4.057142857142857,9.757142857142856,79.11428571428571,0.7384285714285713,42.85714285714285,2.9771428571428573,0.0,23.25714285714286,82.27142857142857,1021.3,62.25714285714286,9.957142857142856,2.3800017664368625
13.542857142857144,8.428571428571429,11.471428571428572,13.542857142857144,6.471428571428571,10.842857142857142,83.92857142857143,6.188000000000001,100.0,11.904285714285717,0.0,32.32857142857143,233.4,1017.2857142857144,68.38571428571429,13.857142857142858,2.582282937490845
9.542857142857144,3.971428571428572,6.8,8.157142857142857,1.1714285714285713,4.557142857142857,79.74285714285715,0.777142857142857,42.85714285714285,2.9771428571428573,0.0,20.61428571428572,183.08571428571423,1019.7571428571428,70.55714285714285,12.885714285714286,-6.641371963406414
19.15714285714285,12.742857142857144,16.257142857142856,19.15714285714285,12.742857142857144,16.257142857142856,87.92857142857143,7.394571428571429,100.0,12.501428571428573,0.0,19.47142857142857,225.18571428571428,1013.5285714285714,74.05714285714285,10.085714285714284,-16.918977056295944
16.242857142857144,12.071428571428571,14.2,16.242857142857144,12.071428571428571,14.2,86.38571428571429,4.127857142857143,100.0,10.714285714285714,0.0,32.214285714285715,265.68571428571425,1013.4,69.97142857142856,12.714285714285714,-48.32708226539864
17.37142857142857,11.714285714285714,14.728571428571428,17.37142857142857,11.3,14.657142857142857,85.52857142857142,0.2622857142857143,71.42857142857143,4.167142857142857,0.0,24.642857142857142,285.9142857142857,1017.5714285714286,81.61428571428571,11.7,-8.401729465388371
14.728571428571428,10.914285714285716,12.657142857142857,14.728571428571428,10.671428571428573,12.62857142857143,85.34285714285714,2.7361428571428568,100.0,11.904285714285717,0.0,40.25714285714286,231.18571428571428,1009.2285714285716,79.92857142857143,13.042857142857144,0.4802242846953959
8.742857142857144,3.3714285714285714,6.542857142857143,7.885714285714286,0.8857142857142858,4.557142857142857,82.61428571428571,0.1704285714285714,71.42857142857143,5.357142857142857,0.0,21.0,251.1,1030.5428571428572,68.14285714285714,16.02857142857143,-6.154853736866016
15.742857142857144,10.957142857142856,13.271428571428572,15.742857142857144,10.757142857142856,13.228571428571428,83.8,4.395428571428572,100.0,10.714285714285714,0.0,32.15714285714286,251.3142857142857,1008.9857142857144,63.7,12.414285714285716,26.7113300685902
9.357142857142858,5.5,7.6571428571428575,7.185714285714285,2.1142857142857143,4.6571428571428575,90.34285714285714,7.210285714285715,100.0,12.501428571428573,0.0,33.41428571428572,205.6142857142857,999.3285714285714,71.22857142857143,9.857142857142858,70.94849162725222
11.185714285714283,4.5285714285714285,7.942857142857143,10.185714285714283,2.1428571428571432,6.428571428571429,79.67142857142858,0.2902857142857143,57.142857142857146,4.762857142857143,0.2,16.385714285714286,179.71428571428572,1016.5857142857144,60.2,10.37142857142857,-31.599672196959432
10.728571428571428,5.514285714285714,7.885714285714286,9.914285714285716,3.6142857142857134,6.357142857142857,91.4,0.322,100.0,5.9557142857142855,0.0,17.514285714285712,240.3142857142857,1025.757142857143,55.41428571428571,7.571428571428571,19.50282353989985
7.728571428571429,3.1714285714285717,5.542857142857143,5.414285714285714,0.1714285714285715,2.7,86.0,0.1751428571428571,57.142857142857146,4.762857142857143,0.0,23.514285714285712,265.85714285714283,1030.257142857143,73.98571428571428,10.342857142857143,2.133328265627142
18.214285714285715,11.328571428571427,14.771428571428572,18.214285714285715,11.271428571428572,14.771428571428572,84.94285714285715,1.249142857142857,71.42857142857143,4.167142857142857,0.0,23.37142857142857,255.18571428571428,1024.7142857142858,63.271428571428565,12.1,9.05376399035356
14.671428571428573,8.328571428571427,11.9,14.671428571428573,6.742857142857143,11.585714285714284,83.8,2.228,100.0,10.118571428571428,0.0,30.214285714285715,237.4142857142857,1012.7857142857144,71.12857142857142,11.028571428571428,-33.46442517271396
10.2,5.814285714285715,8.071428571428571,9.457142857142856,1.6857142857142855,5.171428571428572,87.24285714285713,4.963,100.0,11.31,0.0,35.81428571428571,194.1142857142857,1011.342857142857,68.88571428571429,10.142857142857142,-18.336701154098364
15.62857142857143,11.157142857142857,13.585714285714284,15.62857142857143,10.55714285714286,13.457142857142856,78.95714285714287,2.587428571428572,85.71428571428571,7.142857142857143,0.0,34.05714285714286,278.5857142857143,1016.1714285714286,65.84285714285714,14.757142857142856,-27.579916543014637
9.757142857142856,3.442857142857143,6.771428571428571,7.6571428571428575,-0.2857142857142856,4.057142857142857,82.18571428571428,5.136857142857143,85.71428571428571,10.12,0.0,28.12857142857143,197.97142857142856,1010.5,48.24285714285714,11.257142857142856,-14.538393511629693
13.7,9.514285714285714,11.55714285714286,13.7,8.514285714285714,11.257142857142856,85.85714285714286,0.6497142857142857,71.42857142857143,2.9785714285714286,0.0,19.942857142857143,247.7142857142857,1022.2571428571428,87.89999999999999,20.7,-8.726139311773068
20.24285714285714,14.87142857142857,17.2,20.24285714285714,14.87142857142857,17.2,84.71428571428571,2.063428571428571,100.0,6.55,0.0,18.885714285714283,212.55714285714288,1013.7714285714284,70.01428571428572,10.042857142857144,5.750930067791273
15.614285714285714,8.871428571428572,12.44285714285714,15.614285714285714,7.528571428571429,12.228571428571428,73.89999999999999,0.3028571428571429,42.85714285714285,1.7871428571428571,0.0,21.685714285714287,177.02857142857144,1015.6428571428572,81.68571428571428,21.77142857142857,25.575635194261395
9.6,2.7857142857142856,6.114285714285714,7.928571428571429,-1.042857142857143,3.185714285714285,77.44285714285715,0.3132857142857143,57.142857142857146,4.1657142857142855,0.5,26.042857142857144,228.92857142857144,1023.7142857142856,58.371428571428574,19.67142857142857,-22.781283160019825
9.885714285714286,6.642857142857143,8.142857142857142,8.9,3.1714285714285717,5.942857142857143,94.34285714285714,6.8505714285714285,100.0,13.691428571428572,0.0,29.37142857142857,164.08571428571426,1002.7285714285716,80.32857142857142,8.571428571428571,-14.388522884254485
19.32857142857143,13.728571428571428,16.32857142857143,19.32857142857143,13.728571428571428,16.32857142857143,79.12857142857142,3.073571428571429,85.71428571428571,9.524285714285714,0.0,25.9,245.92857142857144,1017.2,53.48571428571428,18.685714285714287,19.98805699353602
12.257142857142856,6.628571428571428,9.357142857142858,12.257142857142856,4.414285714285714,8.157142857142857,90.67142857142858,5.578714285714286,100.0,11.904285714285717,0.0,21.357142857142858,180.3857142857143,1006.5142857142856,80.31428571428572,10.285714285714286,13.852829093608191
11.014285714285714,5.142857142857143,8.314285714285715,9.94285714285714,2.442857142857143,6.6000000000000005,86.12857142857142,1.0687142857142855,71.42857142857143,4.167142857142857,0.0,21.15714285714285,170.6,1024.357142857143,84.37142857142858,14.171428571428573,15.298649881697315
12.528571428571428,9.428571428571429,10.914285714285716,12.528571428571428,8.371428571428572,10.7,92.1,3.218285714285714,85.71428571428571,6.545714285714285,3.0,23.414285714285715,151.5,1005.5285714285714,88.94285714285715,12.228571428571428,-1.770018472215611
16.857142857142858,10.514285714285714,13.857142857142858,16.857142857142858,9.242857142857144,13.614285714285714,81.31428571428572,1.5867142857142855,100.0,9.524285714285714,0.0,27.67142857142857,275.5142857142857,1017.842857142857,54.9,11.428571428571429,2.925926355426668
1.957142857142857,0.1285714285714286,1.0142857142857145,0.3142857142857143,-3.0285714285714285,-1.4,88.8,0.4434285714285714,28.571428571428573,1.7857142857142858,3.8,14.028571428571428,71.75714285714285,1028.2285714285715,94.78571428571428,4.942857142857143,-45.61764302898803
15.828571428571427,8.142857142857142,11.814285714285717,15.828571428571427,6.6000000000000005,11.2,83.75714285714285,0.7088571428571429,42.85714285714285,2.381428571428572,0.0,20.014285714285712,165.28571428571428,1024.428571428571,67.2,10.957142857142856,10.781404301320665
15.957142857142856,9.728571428571428,13.085714285714284,15.957142857142856,8.785714285714286,12.9,80.3,0.6081428571428571,100.0,8.332857142857142,0.0,23.714285714285715,277.9142857142857,1016.5571428571428,56.614285714285714,11.742857142857144,9.228344855672615
9.257142857142856,5.514285714285714,7.414285714285714,7.171428571428572,1.9,4.485714285714286,85.24285714285715,0.6895714285714286,85.71428571428571,8.332857142857142,0.0,37.971428571428575,281.07142857142856,1018.0571428571428,76.25714285714285,13.05714285714286,6.556406140013451
9.571428571428571,3.085714285714286,6.214285714285714,7.671428571428572,0.1714285714285714,3.742857142857143,81.11428571428573,1.2678571428571428,71.42857142857143,3.5728571428571425,0.0,25.52857142857143,145.32857142857142,1003.5714285714286,76.97142857142856,19.085714285714285,9.099604974589056
9.1,3.6571428571428575,6.185714285714285,7.042857142857144,-0.4571428571428572,2.857142857142857,89.97142857142856,3.6427142857142862,85.71428571428571,5.357142857142857,5.5,37.25714285714286,187.25714285714284,1007.8,76.45714285714287,12.642857142857142,27.90856767361356
6.842857142857143,2.3428571428571425,4.514285714285714,4.914285714285714,-1.1999999999999995,2.0285714285714285,86.44285714285715,1.1681428571428571,71.42857142857143,4.167142857142857,0.0,24.0,185.6142857142857,1021.7857142857144,66.41428571428571,16.814285714285713,-37.56827053329312
10.785714285714286,7.014285714285714,8.914285714285715,10.214285714285714,2.6714285714285717,6.428571428571429,81.39999999999999,3.192142857142857,57.142857142857146,3.571428571428572,0.0,44.74285714285714,217.65714285714284,1009.157142857143,76.94285714285715,17.97142857142857,-21.914640738610387
6.171428571428572,0.9142857142857144,3.628571428571429,3.0428571428571423,-3.4,-0.1714285714285713,84.42857142857143,0.8231428571428572,42.85714285714285,1.7871428571428571,0.0,28.82857142857143,171.4,1012.8142857142856,83.21428571428571,9.157142857142857,-2.7087797473233195
19.942857142857143,14.6,17.257142857142856,19.942857142857143,14.6,17.257142857142856,84.95714285714287,2.912571428571429,100.0,10.71714285714286,0.0,22.985714285714288,219.54285714285717,1004.9142857142856,65.31428571428572,14.742857142857144,-34.14687446228561
8.1,1.6857142857142855,5.128571428571428,4.614285714285714,-1.7857142857142858,1.342857142857143,82.91428571428571,3.2158571428571427,100.0,10.712857142857144,0.1428571428571428,33.971428571428575,236.77142857142852,1008.9714285714286,48.68571428571429,12.55714285714286,-17.10383905370952
12.642857142857142,7.399999999999999,10.071428571428571,12.642857142857142,5.457142857142857,9.3,88.85714285714286,0.9954285714285714,85.71428571428571,5.951428571428571,0.0,18.62857142857143,167.45714285714283,1024.0571428571427,59.81428571428571,10.0,-19.682820815540826
14.042857142857144,10.2,11.914285714285716,14.042857142857144,9.328571428571427,11.814285714285717,86.75714285714285,6.095142857142856,100.0,14.287142857142856,0.0,27.32857142857143,201.1,1003.0714285714286,62.285714285714285,19.82857142857143,65.52371491563531
11.485714285714286,7.228571428571429,9.2,11.242857142857144,4.557142857142857,7.399999999999999,86.18571428571428,4.150285714285714,85.71428571428571,8.332857142857142,0.0,28.571428571428573,235.4142857142857,1016.9857142857144,76.57142857142857,11.457142857142856,-1.9656847130388544
18.557142857142857,12.957142857142856,15.685714285714283,18.557142857142857,12.957142857142856,15.685714285714283,84.71428571428571,0.5174285714285715,100.0,7.142857142857143,0.0,20.542857142857144,263.9857142857143,1014.9571428571428,70.91428571428571,14.7,1.8976688907019932
7.8428571428571425,3.914285714285714,5.928571428571429,6.128571428571428,0.4285714285714285,2.871428571428571,92.57142857142856,2.5135714285714283,100.0,7.735714285714286,0.0,29.25714285714286,195.1142857142857,993.2428571428572,84.41428571428571,11.385714285714286,-14.456867640924088
6.028571428571429,-0.0714285714285714,2.6142857142857143,3.9,-3.8857142857142857,-0.5571428571428572,93.18571428571428,1.249285714285714,100.0,7.144285714285714,0.6571428571428571,20.6,128.75714285714284,1026.7857142857142,46.871428571428574,7.885714285714285,0.5613191934476163
11.142857142857142,8.157142857142857,9.671428571428573,10.842857142857143,5.314285714285715,7.928571428571429,89.52857142857144,6.224142857142858,100.0,11.308571428571428,0.0,40.771428571428565,246.51428571428573,1008.9857142857144,76.58571428571429,9.657142857142857,36.4896647633675
17.185714285714287,12.885714285714286,14.771428571428572,17.185714285714287,12.885714285714286,14.771428571428572,81.92857142857143,0.608,57.142857142857146,2.9771428571428573,0.0,31.442857142857143,253.47142857142856,1012.4571428571428,78.41428571428571,20.7,-39.60569230468696
7.5,2.8714285714285714,5.285714285714286,4.1,-1.1714285714285713,1.6857142857142855,86.3,1.8594285714285717,100.0,11.31,15.0,25.485714285714288,271.4857142857143,1009.8857142857142,63.84285714285714,14.328571428571427,17.61013088787604
8.257142857142856,0.6857142857142857,4.885714285714286,5.814285714285715,-1.7428571428571429,2.4,89.95714285714287,1.4385714285714286,57.142857142857146,4.1657142857142855,0.0,29.97142857142857,197.8142857142857,1018.6428571428572,65.28571428571429,12.05714285714286,-44.2248544533893
9.714285714285714,5.685714285714286,7.671428571428571,8.342857142857143,1.5714285714285714,4.742857142857142,83.27142857142857,2.9938571428571428,85.71428571428571,9.524285714285714,32.0,55.82857142857143,198.55714285714285,1015.6714285714286,61.92857142857143,12.4,-9.383021213129725
8.114285714285714,2.0142857142857142,4.957142857142857,4.685714285714285,-3.242857142857143,0.3714285714285715,78.21428571428571,1.086285714285714,57.142857142857146,3.571428571428572,8.0,44.614285714285714,250.95714285714288,1014.9428571428572,66.34285714285714,18.357142857142858,-23.86621426830516
12.314285714285717,5.685714285714285,8.857142857142858,12.314285714285717,2.571428571428572,7.3,85.7,0.7612857142857143,57.142857142857146,2.382857142857143,0.0,34.05714285714286,184.64285714285717,1005.9571428571428,77.44285714285715,17.1,61.62957768082538
9.357142857142858,7.1000000000000005,8.357142857142858,7.614285714285715,3.3428571428571425,5.385714285714286,93.57142857142856,5.300714285714286,100.0,11.904285714285717,0.0,31.65714285714285,259.3,1020.2714285714284,84.95714285714287,8.785714285714286,-23.70654752003713
4.457142857142857,-0.5571428571428572,1.542857142857143,0.9571428571428572,-5.071428571428571,-2.657142857142857,82.68571428571428,0.197,100.0,5.3585714285714285,0.0,23.228571428571428,100.94285714285714,1023.3857142857142,62.41428571428571,7.714285714285714,-10.64430586684955
21.1,15.614285714285714,18.12857142857143,21.1,15.614285714285714,18.12857142857143,83.7,0.4344285714285714,28.571428571428573,2.38,0.0,25.285714285714285,207.9142857142857,1018.2,74.91428571428571,14.085714285714287,-33.49638075476196
15.542857142857144,8.3,12.271428571428572,15.542857142857144,6.6000000000000005,11.8,78.11428571428571,3.2345714285714284,71.42857142857143,7.740000000000001,0.0,23.61428571428572,155.70000000000002,1014.9,49.91428571428571,14.142857142857142,15.389345012990134
15.4,8.057142857142857,11.828571428571433,15.4,6.128571428571428,10.957142857142856,81.3142857142857,3.157857142857143,100.0,8.931428571428572,0.0,24.61428571428572,185.32857142857145,1008.9285714285714,66.24285714285715,13.128571428571428,2.45042523313532
8.757142857142856,5.671428571428572,7.2,6.357142857142857,2.185714285714286,4.085714285714286,90.65714285714286,0.2434285714285714,28.571428571428573,1.7857142857142858,0.0,30.15714285714285,171.18571428571428,1021.5714285714286,89.75714285714285,11.471428571428572,17.120011886876796
9.642857142857142,6.171428571428572,7.714285714285714,7.314285714285715,2.185714285714286,4.357142857142857,83.85714285714286,4.291142857142857,100.0,11.904285714285717,0.0,35.528571428571425,230.3142857142857,996.5857142857144,65.35714285714286,10.157142857142857,57.83493632361376
7.385714285714286,3.6571428571428575,5.6571428571428575,4.957142857142857,0.2142857142857142,2.457142857142857,92.2,2.544571428571429,100.0,8.928571428571429,0.0,27.81428571428572,153.68571428571428,1001.5571428571428,73.48571428571428,8.814285714285715,-24.543388493921725
7.328571428571428,4.242857142857143,5.785714285714286,4.271428571428571,-0.3,1.9714285714285715,83.92857142857143,0.8951428571428571,85.71428571428571,4.762857142857143,5.0,38.75714285714286,257.2,1016.9,68.38571428571429,15.185714285714283,34.71184762617929
8.9,5.957142857142856,7.528571428571429,7.271428571428571,2.7,5.114285714285714,88.48571428571428,5.234857142857143,57.142857142857146,5.357142857142857,0.0,24.25714285714286,181.52857142857144,1018.0142857142856,74.44285714285715,7.857142857142857,-16.314547689797905
20.3,13.257142857142856,16.614285714285714,20.3,13.257142857142856,16.614285714285714,83.39999999999999,4.382714285714285,57.142857142857146,2.9771428571428573,0.0,29.785714285714285,134.34285714285713,1015.157142857143,78.91428571428571,15.242857142857144,0.2165658175333646
10.05714285714286,5.142857142857143,7.614285714285715,8.814285714285713,1.157142857142857,4.642857142857143,83.39999999999999,3.698,100.0,14.882857142857144,0.0,40.6,222.58571428571423,992.4571428571428,56.35714285714285,15.842857142857143,-33.575195681615924
10.157142857142857,6.357142857142857,8.542857142857143,9.785714285714286,4.514285714285714,7.057142857142858,89.51428571428572,2.4418571428571427,85.71428571428571,4.762857142857143,0.0,26.928571428571427,187.3,1012.4571428571428,84.48571428571428,22.02857142857143,-24.924275272911014
9.314285714285717,4.4,6.957142857142857,6.928571428571429,0.5285714285714286,3.628571428571429,85.51428571428572,4.898571428571429,100.0,11.31,0.0,35.6,263.6,1009.4142857142858,61.25714285714285,12.3,-19.95594216259576
18.17142857142857,11.985714285714286,14.671428571428573,18.17142857142857,11.857142857142858,14.657142857142857,80.62857142857142,0.8114285714285714,57.142857142857146,2.382857142857143,0.0,32.300000000000004,220.94285714285712,1016.4285714285714,81.15714285714286,17.95714285714286,7.97034414060181
11.94285714285714,4.842857142857143,8.328571428571427,11.814285714285717,1.985714285714286,6.557142857142857,71.81428571428572,0.1142857142857143,71.42857142857143,5.952857142857143,0.0,22.342857142857145,313.6428571428572,1021.0714285714286,48.971428571428575,17.17142857142857,42.98003501057883
13.971428571428572,8.542857142857143,11.342857142857143,13.971428571428572,6.885714285714286,10.585714285714284,84.32857142857142,3.781714285714286,100.0,6.547142857142857,0.0,29.65714285714285,270.8285714285715,1013.7,83.89999999999999,23.87142857142857,38.63474099627024
20.47142857142857,11.928571428571429,16.25714285714286,20.47142857142857,11.928571428571429,16.25714285714286,80.61428571428571,0.4512857142857142,71.42857142857143,4.167142857142857,0.0,20.11428571428572,204.14285714285717,1014.3571428571428,59.9,14.985714285714286,-35.696321675512195
17.657142857142855,9.614285714285714,13.2,17.657142857142855,9.042857142857144,13.085714285714284,83.45714285714287,0.2702857142857143,14.285714285714286,1.19,0.0,17.6,232.1142857142857,1025.857142857143,60.74285714285714,20.2,1.7251892095150652
15.428571428571429,9.528571428571428,12.6,15.428571428571429,8.114285714285714,12.171428571428573,86.3,2.789142857142857,85.71428571428571,5.951428571428571,0.0,29.1,250.95714285714288,1009.5285714285714,71.14285714285714,11.0,-12.179049196662731
7.385714285714286,4.571428571428571,6.171428571428572,4.971428571428571,0.9571428571428572,2.9857142857142853,89.48571428571428,0.6394285714285715,57.142857142857146,3.571428571428572,0.0,25.77142857142857,118.62857142857142,1016.7,88.07142857142857,9.471428571428572,11.707841748840792
18.52857142857143,11.514285714285714,15.3,18.52857142857143,11.514285714285714,15.3,83.85714285714286,4.196142857142857,100.0,10.714285714285714,0.0,20.12857142857143,193.92857142857144,1013.0428571428572,66.15714285714286,10.314285714285717,-25.28070126616933
10.185714285714283,5.357142857142857,7.899999999999999,8.385714285714286,1.3285714285714283,4.714285714285714,81.88571428571429,2.624,85.71428571428571,5.357142857142857,0.0,41.471428571428575,212.72857142857143,1006.4,82.51428571428572,17.628571428571426,-34.96902390392688
3.1,-1.4857142857142858,0.6571428571428571,-1.1285714285714286,-6.214285714285714,-3.728571428571428,85.77142857142857,0.0158571428571428,42.85714285714285,1.7871428571428571,0.0,22.97142857142857,65.2,1027.857142857143,60.31428571428571,11.085714285714284,33.60477233533061
21.27142857142857,8.22857142857143,14.971428571428572,21.27142857142857,8.071428571428571,14.94285714285714,66.8,0.0,0.0,0.0,0.0,18.0,262.1714285714286,1023.6285714285714,27.37142857142857,26.885714285714283,-20.7018163871586
10.142857142857142,5.557142857142857,7.671428571428572,8.585714285714285,1.8571428571428568,4.628571428571428,86.54285714285713,1.319857142857143,71.42857142857143,4.167142857142857,0.0,35.114285714285714,234.17142857142855,999.3285714285714,73.18571428571428,15.957142857142856,-15.985559261225603
11.1,5.7,8.9,10.814285714285717,4.114285714285715,7.757142857142857,87.2,2.3685714285714288,71.42857142857143,2.9785714285714286,0.0,32.42857142857143,223.54285714285717,1018.8714285714286,87.41428571428571,20.37142857142857,0.742089584032442
17.142857142857142,12.44285714285714,15.0,17.142857142857142,12.44285714285714,15.0,83.41428571428571,1.598142857142857,100.0,7.141428571428572,0.0,43.15714285714286,224.45714285714288,1006.8571428571428,85.5,19.17142857142857,-30.883551687059597
5.685714285714285,1.5285714285714285,3.757142857142857,2.657142857142857,-2.8428571428571425,0.2142857142857142,87.2,0.0725714285714285,42.85714285714285,2.381428571428572,0.0,21.585714285714285,119.51428571428572,1036.5285714285717,77.62857142857142,7.571428571428571,-26.648809219705868
9.4,3.157142857142857,6.114285714285714,6.828571428571428,-0.3714285714285714,2.9285714285714284,80.32857142857142,2.317857142857143,100.0,11.904285714285717,0.0,29.357142857142858,172.91428571428568,1009.7571428571428,56.24285714285714,13.6,11.426195806056056
14.785714285714286,6.8,10.771428571428572,14.042857142857144,4.742857142857143,9.385714285714286,69.2,0.2638571428571428,28.571428571428573,1.7857142857142858,0.0,25.085714285714285,206.9857142857143,1016.7571428571428,73.15714285714286,25.385714285714283,-0.5854916502057677
18.6,11.957142857142856,15.342857142857143,18.6,11.957142857142856,15.342857142857143,82.24285714285715,2.249285714285714,100.0,7.74,0.0,23.685714285714287,278.9714285714286,1016.157142857143,54.7,10.814285714285717,3.053074043662832
1.2571428571428571,-3.928571428571429,-1.5714285714285714,-3.985714285714285,-10.457142857142856,-7.728571428571429,67.08571428571429,0.0,0.0,0.0,1.0,36.01428571428571,72.39999999999999,1020.4571428571428,60.0,13.214285714285714,16.656174315979456
9.971428571428572,4.585714285714286,7.371428571428572,8.585714285714285,1.5714285714285714,4.628571428571428,85.52857142857144,1.695857142857143,57.142857142857146,6.547142857142857,0.0,27.571428571428573,115.07142857142856,1013.5142857142856,70.54285714285714,7.914285714285714,-5.740254014760353
11.814285714285717,9.142857142857142,10.414285714285716,11.814285714285717,7.071428571428571,9.642857142857142,89.75714285714285,9.888571428571428,100.0,13.691428571428572,0.0,40.6,239.17142857142855,1011.5142857142856,85.34285714285714,10.44285714285714,20.50110187448911
9.042857142857144,4.742857142857143,7.042857142857143,7.114285714285714,1.157142857142857,3.7,83.39999999999999,5.582571428571429,100.0,13.095714285714283,0.0,36.8,253.52857142857144,1002.7142857142856,61.21428571428572,10.842857142857143,2.8607075752865967
13.428571428571429,7.557142857142858,10.585714285714284,13.428571428571429,4.9,9.414285714285716,75.89999999999999,1.5512857142857144,85.71428571428571,5.951428571428571,0.0,32.08571428571428,236.2,1008.9285714285714,76.37142857142858,29.12857142857143,14.36447739564244
7.1000000000000005,1.7714285714285716,4.385714285714285,4.242857142857143,-1.9,0.8571428571428571,81.0,1.3794285714285712,71.42857142857143,4.762857142857143,0.0,25.11428571428572,117.72857142857144,1030.242857142857,55.457142857142856,10.2,-11.784601484120572
9.0,3.857142857142857,6.5,6.142857142857143,0.3285714285714285,3.142857142857143,89.95714285714287,3.262571428571429,100.0,10.117142857142856,0.0,34.128571428571426,259.9714285714286,1019.5428571428572,65.4,9.9,-48.99320039872566
6.914285714285714,0.9142857142857144,3.742857142857143,3.628571428571429,-3.2,0.0714285714285714,77.89999999999999,1.8484285714285715,71.42857142857143,5.952857142857143,0.0,26.6,148.27142857142857,1023.0,64.04285714285713,11.5,-18.570963341686024
18.27142857142857,12.357142857142858,15.12857142857143,18.27142857142857,12.357142857142858,15.12857142857143,83.65714285714286,0.3001428571428571,57.142857142857146,4.167142857142857,0.0,27.857142857142858,238.8857142857143,1017.4285714285714,58.02857142857143,12.014285714285714,-14.167828832679676
10.985714285714286,5.142857142857143,8.342857142857143,9.742857142857144,2.942857142857143,6.471428571428571,86.91428571428571,0.6751428571428572,85.71428571428571,7.735714285714286,0.0,21.957142857142856,149.29999999999998,1032.3428571428572,62.32857142857143,11.4,-55.8953584419379
16.657142857142855,8.528571428571428,12.542857142857144,16.657142857142855,7.728571428571429,12.285714285714286,81.55714285714285,1.8235714285714288,100.0,7.142857142857143,0.0,17.785714285714285,117.37142857142858,1016.7285714285716,50.21428571428572,10.014285714285714,15.028722530403456
5.5,0.8285714285714285,3.1714285714285717,1.1428571428571428,-3.8,-1.242857142857143,76.48571428571428,0.886142857142857,57.142857142857146,3.571428571428572,0.0,33.857142857142854,157.5,1017.8142857142856,75.77142857142857,21.957142857142856,-2.0692433643017694
18.857142857142858,12.271428571428572,15.55714285714286,18.857142857142858,12.171428571428573,15.542857142857144,77.84285714285714,0.219,85.71428571428571,4.762857142857143,0.0,20.67142857142857,253.47142857142856,1017.657142857143,48.91428571428571,10.528571428571428,-56.41889967497923
16.3,11.0,13.814285714285717,16.3,10.8,13.8,90.61428571428571,0.3954285714285714,28.571428571428573,1.7857142857142858,0.0,21.685714285714287,217.92857142857144,1022.3571428571428,72.35714285714286,9.542857142857144,-19.64277993598796
8.72857142857143,3.9,6.471428571428572,5.642857142857143,0.0714285714285714,2.628571428571429,86.18571428571428,0.6804285714285714,85.71428571428571,4.168571428571428,0.0,42.114285714285714,277.68571428571425,1017.0,69.94285714285715,13.514285714285716,3.15902116967186
12.414285714285716,7.114285714285714,9.728571428571428,12.414285714285716,4.728571428571429,8.385714285714286,84.39999999999999,2.0694285714285714,57.142857142857146,3.571428571428572,0.0,34.41428571428572,226.62857142857143,1011.0714285714286,72.51428571428572,19.442857142857143,-15.520717324649354
19.2,12.071428571428571,15.742857142857144,19.2,11.914285714285716,15.728571428571428,77.97142857142856,1.4465714285714288,42.85714285714285,5.357142857142857,0.0,22.4,234.57142857142856,1008.4142857142856,68.0,14.585714285714284,-27.44821144346747
14.614285714285714,7.742857142857142,11.157142857142857,14.614285714285714,5.1000000000000005,9.828571428571427,80.34285714285714,1.7614285714285711,85.71428571428571,7.738571428571428,0.0,30.442857142857143,210.68571428571428,1013.6714285714286,56.48571428571428,17.142857142857142,-33.862016765794806
8.885714285714286,5.014285714285714,6.985714285714286,7.4,1.7142857142857142,4.357142857142857,88.2,7.4471428571428575,100.0,13.097142857142858,0.0,29.7,186.05714285714288,993.4857142857144,55.885714285714286,13.55714285714286,18.430467426909672
14.185714285714283,10.37142857142857,12.2,14.185714285714283,9.971428571428572,12.142857142857142,85.2,8.968,100.0,16.072857142857142,0.0,47.52857142857143,206.9,1002.9142857142856,76.81428571428572,12.05714285714286,0.5057759108668733
14.228571428571428,7.357142857142857,10.94285714285714,14.228571428571428,6.3,10.428571428571429,87.84285714285714,0.3857142857142857,100.0,8.332857142857142,3.442857142857143,18.3,156.75714285714284,1026.428571428571,52.0,10.0,-8.77832003050446
6.385714285714285,2.1142857142857143,4.0285714285714285,3.914285714285714,-1.0,1.1714285714285713,85.3,0.9685714285714286,85.71428571428571,7.738571428571428,0.0,18.77142857142857,207.54285714285717,1011.1714285714286,64.45714285714286,10.414285714285716,1.0222086347043842
13.9,7.971428571428571,10.642857142857142,13.9,5.771428571428571,9.7,82.58571428571429,0.1282857142857142,42.85714285714285,2.381428571428572,0.0,21.414285714285715,51.71428571428572,1020.6,41.7,13.814285714285717,21.197063832535264
17.45714285714286,9.914285714285716,13.157142857142857,17.45714285714286,8.828571428571427,12.9,86.31428571428572,0.018,14.285714285714286,0.5957142857142858,0.0,20.11428571428572,280.4142857142857,1030.742857142857,81.82857142857142,14.0,0.6139908107938936
12.085714285714284,7.3428571428571425,9.457142857142856,11.614285714285716,4.642857142857143,7.542857142857143,89.89999999999999,0.0741428571428571,57.142857142857146,4.1657142857142855,0.0,24.8,284.74285714285713,1025.685714285714,90.25714285714284,9.285714285714286,-13.473720312352384
11.428571428571429,6.885714285714286,9.257142857142856,10.514285714285714,3.3857142857142857,7.542857142857143,88.78571428571429,1.3292857142857142,57.142857142857146,5.355714285714286,0.0,33.65714285714286,257.1428571428572,1018.2571428571428,72.7,19.814285714285717,-28.90590253271876
11.6,6.057142857142857,8.614285714285714,11.085714285714284,2.8285714285714287,6.757142857142857,83.37142857142858,3.0384285714285717,85.71428571428571,6.545714285714285,0.0,36.65714285714286,276.54285714285714,991.9714285714286,64.92857142857143,22.185714285714287,51.85379086092632
11.028571428571428,6.9,9.2,10.5,5.128571428571428,8.314285714285715,89.84285714285714,0.5287142857142857,57.142857142857146,2.382857142857143,0.0,31.214285714285715,194.07142857142856,1022.7142857142856,86.48571428571428,11.728571428571428,-3.33882068637854
11.257142857142856,6.6000000000000005,8.742857142857144,10.471428571428572,4.228571428571429,7.042857142857143,85.42857142857143,2.7190000000000003,71.42857142857143,5.357142857142857,0.0,19.071428571428573,115.78571428571428,1013.5285714285714,69.75714285714285,7.399999999999999,-14.648058489722304
5.4,-0.8428571428571429,2.2857142857142856,2.628571428571429,-4.9,-0.9714285714285714,81.94285714285715,0.639,57.142857142857146,3.571428571428572,0.0,32.04285714285714,188.8142857142857,1000.5428571428572,62.771428571428565,20.32857142857143,113.3835984678708
7.928571428571429,3.542857142857143,6.1571428571428575,4.571428571428571,-0.8428571428571429,2.042857142857143,82.82857142857142,3.865285714285714,100.0,7.735714285714286,0.0,45.142857142857146,270.87142857142857,1001.1857142857144,78.17142857142858,16.771428571428572,4.647014119644382
14.971428571428572,8.314285714285715,11.671428571428573,14.971428571428572,6.528571428571429,11.1,84.98571428571428,0.0,0.0,0.0,0.0,25.24285714285714,108.07142857142856,1016.9428571428572,66.67142857142856,9.1,3.7644040039270976
8.242857142857144,3.942857142857143,6.442857142857143,4.442857142857143,-0.6285714285714287,2.0428571428571427,85.51428571428572,1.252857142857143,85.71428571428571,6.545714285714285,0.0,43.2,265.5857142857143,1005.1857142857144,74.32857142857142,15.985714285714284,-58.91877847306751
15.971428571428572,10.071428571428571,12.885714285714286,15.971428571428572,9.5,12.757142857142856,81.32857142857142,3.600857142857143,71.42857142857143,5.355714285714286,0.0,37.57142857142857,192.0142857142857,1006.5142857142856,70.11428571428571,27.37142857142857,-4.855859711229982
12.357142857142858,7.714285714285714,9.871428571428572,12.0,6.642857142857143,9.1,88.01428571428572,0.6494285714285715,28.571428571428573,1.1914285714285715,0.0,29.471428571428568,197.4857142857143,1025.242857142857,70.88571428571429,13.271428571428572,-35.84523152529232
16.8,11.042857142857144,13.728571428571428,16.8,10.87142857142857,13.714285714285714,77.85714285714286,1.1767142857142858,71.42857142857143,3.5728571428571425,0.0,31.77142857142857,202.72857142857143,1007.1857142857144,76.3,16.342857142857145,5.290706105452045
9.742857142857144,6.614285714285714,8.142857142857142,8.1,3.571428571428572,5.457142857142857,91.58571428571427,0.6365714285714287,85.71428571428571,7.141428571428572,0.0,25.357142857142858,235.18571428571428,1030.257142857143,65.47142857142858,9.914285714285716,4.451904013506464
8.385714285714284,3.2142857142857144,6.071428571428571,6.885714285714286,-0.7000000000000001,3.257142857142857,87.84285714285714,1.8038571428571424,71.42857142857143,4.761428571428572,0.0,33.32857142857143,242.2142857142857,1014.3285714285714,75.54285714285713,17.685714285714287,26.084043624962646
6.985714285714286,3.685714285714286,5.342857142857143,4.671428571428572,0.4571428571428572,2.7857142857142856,89.01428571428572,0.1512857142857143,28.571428571428573,1.1914285714285715,0.0,26.11428571428572,209.3,1028.5857142857144,77.37142857142858,12.0,86.2473436310919
19.65714285714285,11.55714285714286,15.471428571428572,19.65714285714285,11.414285714285716,15.44285714285714,79.05714285714285,0.3565714285714286,71.42857142857143,5.952857142857143,0.0,21.385714285714283,272.9,1022.4,51.371428571428574,17.614285714285714,20.14584625404666
5.242857142857143,1.3714285714285717,3.357142857142857,4.457142857142857,-1.2428571428571429,1.6,89.62857142857142,0.0044285714285714,14.285714285714286,0.5957142857142858,2.0,14.814285714285717,112.94285714285714,1036.8,76.51428571428572,7.314285714285714,-0.1222318882707895
5.528571428571429,0.6571428571428571,3.3000000000000003,2.4857142857142853,-2.8714285714285714,-0.0714285714285714,79.52857142857144,1.3135714285714286,100.0,8.331428571428571,0.0714285714285714,25.24285714285714,224.0142857142857,1018.4285714285714,55.5,14.77142857142857,33.83232146855562
20.014285714285712,14.2,17.257142857142856,20.014285714285712,14.2,17.257142857142856,82.27142857142857,6.307428571428572,85.71428571428571,10.715714285714286,0.0,27.1,172.97142857142856,1014.3142857142856,61.371428571428574,12.785714285714286,1.2375362626565902
10.285714285714286,6.385714285714286,8.171428571428573,8.9,3.642857142857143,6.085714285714286,88.0,2.4257142857142857,100.0,10.712857142857144,0.0,35.271428571428565,267.2857142857143,1022.9714285714286,71.87142857142858,13.2,-30.80687714552994
19.02857142857143,12.857142857142858,16.228571428571428,19.02857142857143,12.857142857142858,16.228571428571428,85.54285714285713,0.4740000000000001,57.142857142857146,3.571428571428572,0.0,22.885714285714283,255.82857142857145,1019.4571428571428,77.72857142857143,23.32857142857143,-29.36562506830228
12.94285714285714,6.757142857142857,10.042857142857144,12.94285714285714,4.514285714285714,9.357142857142858,89.01428571428572,0.1328571428571428,85.71428571428571,5.954285714285715,0.0,20.885714285714283,166.79999999999998,1022.4857142857144,51.68571428571428,10.8,-25.881784404028625
8.514285714285714,3.0285714285714285,5.885714285714286,6.214285714285714,0.4285714285714285,3.3428571428571425,85.95714285714287,1.0127142857142857,100.0,7.738571428571428,0.0,22.6,187.04285714285717,1017.2,55.07142857142857,17.771428571428572,24.09069149585332
13.428571428571429,8.657142857142857,11.37142857142857,13.428571428571429,7.071428571428571,11.028571428571428,88.64285714285714,1.9855714285714288,100.0,10.714285714285714,0.0,24.557142857142857,206.97142857142856,1013.4428571428572,71.25714285714285,10.671428571428573,0.5326821770620427
8.857142857142858,4.214285714285714,6.485714285714286,7.614285714285714,1.3,4.042857142857143,86.78571428571429,0.2861428571428571,28.571428571428573,1.7857142857142858,0.0,27.6,194.6,1031.9,70.18571428571428,16.65714285714286,-6.634407606912873
22.457142857142856,14.214285714285714,18.02857142857143,22.457142857142856,14.214285714285714,18.02857142857143,84.22857142857143,0.0454285714285714,42.85714285714285,1.7871428571428571,0.0,20.414285714285715,226.07142857142856,1016.6142857142858,64.21428571428571,23.571428571428573,-16.943277491888807
18.357142857142858,10.728571428571428,14.842857142857143,18.357142857142858,10.55714285714286,14.814285714285717,75.52857142857144,0.1475714285714285,42.85714285714285,1.7871428571428571,0.0,26.342857142857145,270.35714285714283,1017.2428571428572,60.7,31.228571428571428,-24.644874264726692
7.685714285714285,3.157142857142857,5.357142857142857,5.442857142857143,-1.3714285714285714,1.8571428571428568,87.41428571428571,8.431714285714285,100.0,15.47857142857143,0.0,33.4,291.62857142857143,1007.1428571428572,58.32857142857143,12.285714285714286,-37.26751353494967
6.842857142857143,1.4,4.0,3.6,-3.1142857142857143,0.3142857142857143,83.11428571428571,0.4194285714285714,71.42857142857143,4.761428571428572,3.766666666666667,28.514285714285712,261.7142857142857,1014.0857142857144,82.64285714285714,21.142857142857142,58.00355680446967
9.642857142857142,5.271428571428571,7.514285714285714,8.8,2.2285714285714286,5.757142857142857,88.58571428571429,3.433,100.0,9.524285714285714,0.0,23.842857142857145,186.6142857142857,1020.2571428571428,70.94285714285715,9.5,74.70749540487714
1.9,-1.0857142857142856,0.3285714285714286,-3.1142857142857143,-6.957142857142857,-5.214285714285714,86.31428571428572,0.0067142857142857,28.571428571428573,1.1914285714285715,0.0142857142857142,28.085714285714285,69.48571428571428,1029.1285714285714,63.62857142857143,7.614285714285714,27.570496298150942
4.5,0.4571428571428572,2.4285714285714284,0.0142857142857141,-4.971428571428571,-2.442857142857143,72.34285714285714,0.0172857142857142,28.571428571428573,1.1914285714285715,0.0,34.357142857142854,76.14285714285714,1023.4571428571428,67.08571428571427,22.75714285714286,25.734748379895223
16.442857142857143,9.55714285714286,13.4,16.442857142857143,9.271428571428572,13.328571428571427,85.88571428571429,3.798,100.0,13.692857142857145,0.0,21.985714285714288,203.04285714285717,1006.8714285714286,73.71428571428571,11.2,9.403738178966703
13.8,6.4,10.171428571428573,13.8,4.3,9.228571428571428,85.88571428571429,0.3422857142857142,100.0,6.548571428571429,0.0,24.014285714285712,309.87142857142857,1028.6,28.342857142857145,12.685714285714283,-29.836746212202
9.685714285714283,6.171428571428572,7.957142857142857,7.985714285714286,2.457142857142857,4.614285714285714,89.12857142857142,2.689714285714285,100.0,7.141428571428572,0.0,36.07142857142857,157.65714285714284,990.7,86.57142857142857,16.257142857142856,25.81613370376226
21.228571428571428,15.257142857142856,17.885714285714286,21.228571428571428,15.257142857142856,17.885714285714286,82.47142857142856,0.6688571428571429,71.42857142857143,4.761428571428572,0.0,26.485714285714288,266.0,1014.7857142857144,83.67142857142858,18.62857142857143,0.6693149186667142
5.728571428571429,1.8857142857142857,3.942857142857143,2.185714285714286,-2.4857142857142853,-0.2999999999999999,84.8,1.3797142857142857,100.0,11.905714285714286,0.0,32.92857142857143,153.78571428571428,1011.5285714285714,61.5,12.085714285714284,11.953342063979449
19.25714285714286,12.757142857142856,16.142857142857142,19.25714285714286,12.757142857142856,16.142857142857142,82.18571428571428,1.3805714285714286,71.42857142857143,5.357142857142857,0.0,21.514285714285712,191.75714285714284,1019.3142857142856,56.98571428571428,11.328571428571427,29.563349478515192
14.914285714285716,7.2,11.0,14.914285714285716,5.7,10.514285714285714,76.89999999999999,0.5258571428571429,42.85714285714285,2.381428571428572,0.0,25.914285714285715,163.9857142857143,1011.9857142857144,68.1,21.214285714285715,-7.304624331460332
9.985714285714286,5.714285714285714,8.0,9.0,3.1714285714285717,6.285714285714286,86.54285714285713,2.1592857142857143,71.42857142857143,4.761428571428572,0.0,21.085714285714285,186.55714285714288,1027.071428571429,89.65714285714286,7.542857142857143,16.49289609880566
17.3,11.171428571428573,13.842857142857143,17.3,10.271428571428572,13.742857142857144,79.95714285714287,1.4752857142857143,71.42857142857143,6.548571428571429,0.0,19.74285714285714,212.8428571428572,1017.9857142857144,62.01428571428572,10.828571428571427,-33.20871067494454
17.614285714285717,12.12857142857143,15.014285714285714,17.614285714285717,12.12857142857143,15.014285714285714,85.0,1.2072857142857143,85.71428571428571,4.762857142857143,0.0,26.557142857142857,231.7428571428571,1017.0571428571428,79.42857142857143,22.74285714285714,-20.98845628503329
8.171428571428573,2.5142857142857147,5.128571428571428,5.6571428571428575,-1.1142857142857143,1.9285714285714288,84.91428571428571,5.268571428571429,85.71428571428571,7.74,0.0,28.485714285714288,175.94285714285712,1019.0142857142856,50.5,10.171428571428573,-1.9053483646760012
23.714285714285715,12.8,18.52857142857143,23.7,12.8,18.52857142857143,64.05714285714285,0.0,0.0,0.0,0.0,21.02857142857143,170.95714285714286,1025.257142857143,32.614285714285714,18.7,18.72096280825815
8.285714285714286,4.314285714285714,6.028571428571429,4.857142857142857,-0.5571428571428572,1.8571428571428568,84.12857142857142,4.000428571428571,100.0,11.31,0.0,38.885714285714286,233.3857142857143,1006.5285714285714,68.5,10.471428571428572,40.12204759580334
20.814285714285717,13.171428571428573,16.9,20.814285714285717,13.171428571428573,16.9,76.14285714285714,0.0192857142857142,14.285714285714286,0.5957142857142858,0.0,23.61428571428572,192.7,1019.8142857142856,63.87142857142857,15.985714285714284,-12.782081698971751
14.857142857142858,7.671428571428572,11.528571428571428,14.857142857142858,5.771428571428571,11.171428571428573,77.25714285714285,0.3694285714285714,28.571428571428573,2.38,0.0,23.928571428571427,176.9857142857143,1015.657142857143,64.31428571428572,20.02857142857143,0.2158216934228676
12.157142857142857,3.742857142857143,7.757142857142857,11.642857142857142,1.0428571428571427,5.842857142857143,74.94285714285715,0.696,42.85714285714285,2.381428571428572,0.0,20.62857142857143,183.22857142857143,1011.9285714285714,60.01428571428572,18.4,-13.489525798340992
24.857142857142858,15.185714285714283,19.857142857142858,25.357142857142858,15.185714285714283,19.942857142857143,76.55714285714285,0.0,0.0,0.0,0.0,22.557142857142857,195.3714285714286,1018.7285714285716,34.5,13.44285714285714,90.86948618385998
14.285714285714286,9.4,11.971428571428572,14.285714285714286,7.742857142857143,11.771428571428572,90.37142857142858,0.0,0.0,0.0,0.0,26.914285714285715,226.27142857142857,1009.1714285714286,74.8,11.37142857142857,-34.245518768890406
15.914285714285716,7.899999999999999,11.657142857142858,15.914285714285716,5.914285714285714,11.014285714285714,82.2,1.2665714285714285,57.142857142857146,3.571428571428572,0.0,29.285714285714285,214.9142857142857,1017.1714285714286,68.27142857142857,13.671428571428573,21.916725415911746
11.728571428571428,5.957142857142857,8.985714285714286,11.728571428571428,2.9285714285714284,7.214285714285714,83.37142857142858,2.2658571428571426,85.71428571428571,4.762857142857143,0.0,30.328571428571426,191.65714285714284,1012.6428571428572,77.21428571428571,15.914285714285716,13.027633120958283
19.557142857142857,13.728571428571428,16.8,19.557142857142857,13.528571428571428,16.785714285714285,84.17142857142858,5.683857142857143,85.71428571428571,8.332857142857142,0.0,26.414285714285715,245.18571428571428,1015.0,72.94285714285715,13.44285714285714,-11.123948664600787
16.1,9.7,13.157142857142857,16.1,8.757142857142856,13.0,78.04285714285713,0.9342857142857144,57.142857142857146,5.357142857142857,0.0,26.65714285714285,282.68571428571425,1023.6428571428572,53.75714285714286,15.771428571428572,-26.01077817222801
12.0,6.942857142857142,9.285714285714286,12.0,3.585714285714286,7.471428571428571,81.95714285714287,1.830857142857143,85.71428571428571,5.951428571428571,0.0,35.7,255.27142857142857,1011.7285714285716,76.84285714285714,20.228571428571428,-38.84350997291324
10.785714285714286,3.3714285714285714,7.314285714285715,10.785714285714286,1.5857142857142856,5.757142857142857,74.71428571428571,0.3357142857142857,42.85714285714285,2.381428571428572,0.0,24.557142857142857,125.54285714285712,1015.5142857142856,65.47142857142858,15.642857142857142,-11.169856920191023
8.1,3.671428571428572,6.014285714285714,5.242857142857143,-0.0857142857142856,2.5857142857142854,88.57142857142857,0.0,0.0,0.0,0.0,33.357142857142854,241.2,1014.0714285714286,76.81428571428572,10.271428571428572,5.827782036169651
8.142857142857142,3.414285714285714,5.828571428571428,7.014285714285714,0.3714285714285714,3.628571428571429,92.71428571428572,0.3267142857142857,100.0,8.334285714285715,0.0,22.457142857142856,163.02857142857144,1033.928571428571,52.74285714285714,8.742857142857144,46.46694196745102
5.571428571428571,-0.4,2.657142857142857,3.057142857142857,-3.928571428571429,-0.2714285714285714,82.52857142857144,0.0,0.0,0.0,0.0,20.914285714285715,58.41428571428571,1026.957142857143,45.7,10.657142857142857,4.0862498174744815
12.885714285714286,7.928571428571429,10.414285714285716,12.885714285714286,4.871428571428572,9.185714285714283,83.15714285714286,2.016285714285714,71.42857142857143,4.761428571428572,0.0,31.08571428571429,166.22857142857143,1004.2857142857144,74.72857142857143,20.428571428571427,-0.848763181136178
5.328571428571428,1.6714285714285713,3.542857142857143,3.2285714285714286,-1.9714285714285715,0.7000000000000001,89.81428571428572,1.4828571428571429,28.571428571428573,1.7857142857142858,0.0,25.4,150.88571428571427,1025.4857142857145,84.21428571428571,7.9142857142857155,18.56629855640358
10.571428571428571,5.571428571428571,8.114285714285714,9.528571428571428,2.6,5.728571428571429,89.88571428571427,8.169714285714287,100.0,10.714285714285714,0.0,24.9,181.8142857142857,993.7714285714284,68.98571428571428,10.614285714285714,48.26550214244173
17.557142857142857,12.457142857142856,15.057142857142855,17.557142857142857,12.042857142857144,15.014285714285714,86.39999999999999,0.5562857142857143,28.571428571428573,1.7857142857142858,0.08,21.6,183.8,1019.7857142857144,73.05714285714285,15.5,-21.12217049410924
9.185714285714283,3.5285714285714285,6.4,8.17142857142857,1.1714285714285713,4.314285714285715,90.71428571428572,0.697,42.85714285714285,2.975714285714285,0.0,27.65714285714285,127.54285714285716,1015.8142857142856,78.54285714285713,13.6,7.151253666498292
17.95714285714286,10.828571428571427,14.12857142857143,17.95714285714286,10.028571428571428,13.94285714285714,82.11428571428571,0.088,42.85714285714285,1.7871428571428571,0.0,28.571428571428573,171.27142857142857,1020.5714285714286,79.39999999999999,15.457142857142856,20.84075513381822
6.514285714285714,1.2428571428571429,4.142857142857143,3.257142857142857,-2.9714285714285715,0.3571428571428572,81.74285714285715,1.889,85.71428571428571,5.951428571428571,0.0,29.357142857142858,255.3,1017.9285714285714,66.32857142857144,23.37142857142857,55.22009270934996
15.614285714285714,9.657142857142857,12.428571428571429,15.614285714285714,8.042857142857143,11.87142857142857,81.81428571428572,3.218285714285714,85.71428571428571,9.525714285714288,0.0428571428571428,25.37142857142857,204.82857142857145,1011.6285714285714,67.45714285714286,14.12857142857143,7.461160043949803
19.0,13.528571428571428,16.1,19.0,13.528571428571428,16.1,82.85714285714286,0.5660000000000001,28.571428571428573,1.7857142857142858,0.0,24.24285714285714,150.42857142857142,1014.842857142857,60.32857142857143,12.72857142857143,7.723971575749147
7.514285714285714,2.4285714285714284,4.728571428571429,4.342857142857143,-1.6857142857142855,1.1285714285714286,81.51428571428572,0.7622857142857143,57.142857142857146,3.571428571428572,3.0,28.77142857142857,234.5,1009.657142857143,57.457142857142856,19.1,6.726303600330198
1.2,-3.2285714285714286,-1.0857142857142856,-3.3428571428571425,-9.228571428571428,-6.428571428571429,77.7,0.0,0.0,0.0,6.6,30.3,76.81428571428572,1024.428571428571,52.24285714285715,9.014285714285714,-12.887868634250708
21.585714285714285,12.657142857142857,16.97142857142857,21.585714285714285,12.657142857142857,16.97142857142857,79.52857142857144,0.0,0.0,0.0,0.0,15.785714285714286,186.2428571428572,1019.6142857142858,51.57142857142857,7.414285714285714,-5.977244340483253
9.328571428571427,1.3,5.557142857142857,7.685714285714285,-2.042857142857143,2.9714285714285715,78.74285714285715,1.976428571428572,100.0,7.144285714285715,0.0,23.485714285714288,201.8857142857143,1011.4857142857144,23.957142857142856,16.599999999999998,25.354218116981656
0.0714285714285714,-4.071428571428571,-2.085714285714286,-3.1142857142857143,-9.8,-6.642857142857143,84.62857142857142,0.1965714285714285,57.142857142857146,4.167142857142857,4.728571428571429,26.071428571428573,49.32857142857143,1021.8142857142856,75.62857142857142,6.428571428571429,32.14393516444068
15.228571428571428,8.214285714285714,11.8,15.228571428571428,6.857142857142857,11.485714285714286,81.77142857142857,1.145571428571429,28.571428571428573,1.7857142857142858,0.0,31.32857142857143,205.2428571428572,1015.4,72.0,20.714285714285715,13.342597688074989
13.4,9.114285714285716,11.2,13.4,7.071428571428571,10.6,88.32857142857142,9.60742857142857,100.0,11.31,0.0,32.65714285714286,251.4,1005.3285714285714,75.3,9.528571428571428,-16.947824061235565
6.0,0.4,3.4714285714285715,2.7857142857142856,-3.042857142857143,-0.0428571428571428,81.98571428571428,0.94,85.71428571428571,7.738571428571428,1.5,27.142857142857142,219.2428571428572,1009.9428571428572,59.15714285714286,14.071428571428571,-24.35280308461347
11.457142857142856,6.614285714285714,9.128571428571428,10.4,3.042857142857143,7.2,84.54285714285713,5.364142857142857,100.0,8.33,0.0,32.74285714285714,215.68571428571428,1008.1857142857144,91.15714285714286,17.1,20.84037157573164
13.62857142857143,8.528571428571428,11.342857142857143,13.62857142857143,6.571428571428571,10.785714285714286,85.81428571428572,4.823428571428571,85.71428571428571,10.118571428571428,0.0,31.67142857142857,225.0142857142857,1012.9571428571428,62.51428571428572,11.742857142857144,-6.158783647588962
7.871428571428572,3.571428571428572,5.871428571428572,5.857142857142857,1.1857142857142855,3.6571428571428575,96.24285714285716,0.1622857142857142,42.85714285714285,1.7871428571428571,0.0,20.885714285714283,193.3,1033.571428571429,77.71428571428571,6.742857142857142,-25.935226591823493
19.47142857142857,13.685714285714283,16.271428571428572,19.47142857142857,13.685714285714283,16.271428571428572,81.39999999999999,5.877142857142857,100.0,10.714285714285714,0.0,18.842857142857145,220.94285714285712,1015.7571428571428,59.457142857142856,10.471428571428572,-8.058148011631033
7.371428571428572,3.3000000000000003,5.257142857142857,5.871428571428572,0.6714285714285715,3.2,93.1,1.2232857142857143,28.571428571428573,1.7857142857142858,0.0,20.214285714285715,161.54285714285714,1021.4857142857144,73.89999999999999,12.37142857142857,5.916304603702884
9.514285714285714,3.571428571428572,6.8,7.857142857142857,1.3857142857142857,4.828571428571428,83.38571428571429,0.0242857142857142,14.285714285714286,0.5957142857142858,0.0,24.714285714285715,181.08571428571423,1029.8714285714286,78.87142857142858,15.985714285714286,17.227984970670263
17.414285714285715,13.0,15.185714285714283,17.414285714285715,13.0,15.171428571428573,82.14285714285714,8.228428571428571,100.0,13.097142857142858,0.0,29.72857142857143,237.54285714285717,1004.0714285714286,61.65714285714286,11.014285714285714,-0.7626602333152732
17.142857142857142,10.728571428571428,14.042857142857144,17.142857142857142,10.6,14.028571428571428,82.98571428571428,2.521428571428572,57.142857142857146,2.9771428571428573,0.0,26.685714285714287,210.65714285714284,1016.2714285714284,67.48571428571428,10.62857142857143,-1.4815470043893129
20.25714285714286,11.657142857142857,15.857142857142858,20.25714285714286,11.657142857142857,15.857142857142858,69.25714285714285,0.0,0.0,0.0,0.0,25.485714285714288,66.34285714285714,1018.9428571428572,55.114285714285714,17.071428571428573,14.651374109175665
18.17142857142857,10.414285714285716,14.142857142857142,18.17142857142857,8.942857142857143,13.757142857142856,85.17142857142858,1.3207142857142855,100.0,10.12,0.0,27.357142857142858,60.54285714285714,1016.7857142857144,63.18571428571429,5.471428571428571,-52.102184456318014
16.82857142857143,13.042857142857144,14.857142857142858,16.82857142857143,13.042857142857144,14.857142857142858,87.12857142857142,1.1331428571428572,85.71428571428571,4.168571428571428,0.0,24.185714285714287,254.6857142857143,1015.7428571428572,90.64285714285714,19.485714285714288,8.674904602966194
18.75714285714286,13.071428571428571,15.828571428571427,18.75714285714286,13.071428571428571,15.828571428571427,82.78571428571429,1.235285714285714,71.42857142857143,3.5728571428571425,0.0,30.585714285714285,183.65714285714284,1011.4285714285714,80.08571428571429,17.0,39.81532359289099
17.97142857142857,9.114285714285714,13.714285714285714,17.97142857142857,8.671428571428573,13.585714285714284,76.92857142857143,0.0751428571428571,42.85714285714285,2.381428571428572,0.0,18.74285714285714,219.8428571428572,1025.9571428571428,36.142857142857146,12.87142857142857,-32.19817258638
9.842857142857143,5.642857142857143,7.8428571428571425,8.685714285714287,3.142857142857143,5.885714285714285,90.2,4.788428571428571,100.0,12.501428571428573,0.0,30.74285714285714,273.81428571428575,1011.9,68.04285714285714,11.2,13.986291563348914
8.3,5.1000000000000005,6.757142857142858,6.2,2.242857142857143,4.1,85.84285714285714,1.5582857142857145,57.142857142857146,4.1657142857142855,0.0,23.357142857142858,207.6,1016.6,79.87142857142858,13.485714285714286,-21.880973755797527
16.0,11.157142857142857,13.5,16.0,10.957142857142856,13.471428571428572,86.71428571428571,3.4815714285714283,71.42857142857143,5.355714285714286,0.0,29.228571428571428,284.07142857142856,1016.4142857142856,90.0,13.428571428571429,-3.2668443758533385
17.771428571428572,11.928571428571429,14.8,17.771428571428572,11.814285714285717,14.8,82.45714285714287,2.254857142857143,100.0,10.118571428571428,0.0,22.014285714285712,203.1142857142857,1013.5142857142856,55.8,11.05714285714286,-29.599673023956257
6.6571428571428575,1.0,3.8428571428571434,4.428571428571429,-2.4857142857142853,0.7714285714285715,82.60000000000001,0.9721428571428572,71.42857142857143,3.5728571428571425,0.0,23.585714285714285,187.5,1029.8142857142857,60.471428571428575,18.385714285714283,-29.40612980755236
9.771428571428572,2.9714285714285715,6.257142857142857,8.142857142857142,-0.5714285714285714,3.585714285714286,79.60000000000001,2.291857142857143,71.42857142857143,5.951428571428571,0.0,25.457142857142856,158.37142857142857,1003.9285714285714,61.7,10.157142857142857,-2.658427451733246
10.857142857142858,7.742857142857143,9.4,10.514285714285714,4.585714285714286,7.685714285714285,89.84285714285714,0.1518571428571428,57.142857142857146,4.1657142857142855,0.0,26.314285714285717,155.52857142857144,1015.2285714285716,84.7,12.728571428571428,22.47225203095263
18.02857142857143,12.94285714285714,15.55714285714286,18.02857142857143,12.785714285714286,15.542857142857144,85.18571428571428,3.7085714285714286,100.0,10.12,0.0,27.02857142857143,250.6,1012.8285714285714,67.68571428571428,12.714285714285714,-7.836527502146851
20.842857142857145,14.042857142857144,17.485714285714284,20.842857142857145,14.042857142857144,17.485714285714284,83.64285714285714,0.567,71.42857142857143,6.545714285714285,0.0,19.457142857142856,277.5285714285714,1021.7571428571428,71.25714285714285,11.4,29.875386316673826
8.342857142857143,5.285714285714286,6.985714285714286,6.514285714285714,2.414285714285714,4.428571428571429,91.28571428571428,0.3407142857142857,57.142857142857146,3.571428571428572,0.0,26.957142857142856,222.9,1029.8857142857144,81.95714285714287,14.885714285714286,-9.110797966209816
16.1,9.014285714285714,12.642857142857142,16.1,8.071428571428571,12.3,84.60000000000001,3.279428571428572,100.0,8.93,0.0,23.842857142857145,218.87142857142857,1013.9,58.71428571428572,10.94285714285714,43.129848028789525
15.428571428571429,8.27142857142857,11.62857142857143,15.428571428571429,6.028571428571429,10.87142857142857,74.39999999999999,1.125857142857143,28.571428571428573,2.975714285714285,0.0,23.042857142857144,121.28571428571428,1011.6,46.05714285714286,12.0,-0.6215471166890438
12.114285714285714,6.142857142857143,9.1,12.114285714285714,3.585714285714286,7.742857142857143,76.11428571428571,2.064285714285714,85.71428571428571,7.142857142857143,0.0,23.557142857142857,141.9,1017.4142857142856,68.32857142857144,11.185714285714283,4.027973557868677
14.542857142857144,8.442857142857141,11.742857142857144,14.542857142857144,6.928571428571429,11.314285714285717,80.62857142857142,3.6437142857142857,85.71428571428571,3.5742857142857143,0.0,24.485714285714288,239.45714285714288,1011.1285714285714,72.47142857142858,24.457142857142856,6.879324436325987
8.871428571428572,4.214285714285714,6.785714285714286,5.528571428571429,0.0571428571428571,3.0,84.57142857142857,4.284142857142858,100.0,6.547142857142857,1.0,44.35714285714285,222.82857142857145,1005.1,87.04285714285713,19.25714285714286,44.4741616507572
11.028571428571428,6.742857142857143,8.6,10.657142857142857,3.442857142857143,6.057142857142857,86.52857142857144,0.8875714285714285,57.142857142857146,5.951428571428572,0.0,31.32857142857143,262.2,1018.7,60.6,13.642857142857142,-15.774891298379544
7.857142857142857,3.757142857142857,5.642857142857143,3.942857142857143,-2.1,0.9285714285714286,80.71428571428571,2.2605714285714287,100.0,6.547142857142857,0.0,47.12857142857143,245.65714285714284,990.8857142857142,75.02857142857144,18.8,-24.04728248538981
15.957142857142856,8.614285714285714,12.55714285714286,15.957142857142856,7.357142857142857,12.385714285714286,87.61428571428571,1.663714285714286,85.71428571428571,7.144285714285715,0.0,21.571428571428573,246.0142857142857,1017.3285714285714,66.72857142857143,9.9,-39.41951922972635
13.342857142857143,5.857142857142857,9.685714285714283,13.342857142857143,3.1,8.357142857142858,72.34285714285714,0.3737142857142857,42.85714285714285,4.761428571428572,0.0,28.17142857142857,228.4857142857143,1021.1142857142858,34.128571428571426,11.7,15.000203022840765
8.957142857142857,4.6571428571428575,6.828571428571428,6.514285714285714,1.4142857142857144,3.7857142857142856,88.57142857142857,4.183714285714285,85.71428571428571,9.524285714285714,0.0,28.571428571428573,229.8571428571429,1005.0142857142856,72.91428571428573,10.514285714285714,44.79986689736506
13.971428571428572,8.442857142857143,11.742857142857144,13.971428571428572,7.142857142857143,11.271428571428572,89.55714285714285,2.6927142857142856,85.71428571428571,7.738571428571428,0.0,24.571428571428573,145.75714285714284,1011.5571428571428,74.18571428571428,9.657142857142857,3.7950396587169735
11.62857142857143,5.142857142857143,8.671428571428573,11.271428571428572,2.185714285714286,7.2,85.52857142857144,1.387142857142857,100.0,9.525714285714288,0.0,24.585714285714285,282.9,1019.0,46.957142857142856,13.314285714285717,14.63031139173188
9.242857142857144,6.042857142857143,7.785714285714286,7.142857142857143,3.4,5.257142857142857,88.27142857142857,3.7475714285714288,71.42857142857143,8.928571428571429,0.0,26.542857142857144,87.57142857142857,1013.1142857142858,80.14285714285714,10.842857142857143,-64.32281326883356
20.37142857142857,13.114285714285714,16.62857142857143,20.37142857142857,13.114285714285714,16.62857142857143,84.41428571428571,0.5861428571428571,85.71428571428571,7.737142857142857,0.0,21.957142857142856,242.12857142857143,1019.5857142857144,48.01428571428572,13.885714285714286,-25.519822984307893
9.4,3.6142857142857134,6.928571428571429,7.899999999999999,0.5714285714285714,4.2,92.5,0.0,0.0,0.0,0.0,33.77142857142857,257.0571428571429,1017.3571428571428,74.01428571428572,10.771428571428572,3.383185423135046
16.67142857142857,11.285714285714286,13.94285714285714,16.67142857142857,11.042857142857144,13.94285714285714,83.02857142857144,0.7168571428571429,85.71428571428571,5.951428571428571,0.0,28.357142857142858,269.7,1011.3142857142856,80.14285714285714,21.414285714285715,15.770078416534147
11.071428571428571,7.057142857142857,8.857142857142858,10.457142857142856,4.171428571428572,6.871428571428572,85.71428571428571,0.1574285714285714,85.71428571428571,7.142857142857143,0.0,20.842857142857145,180.42857142857144,1020.1714285714286,68.37142857142858,13.414285714285713,23.431448745552306
16.685714285714287,10.55714285714286,13.642857142857142,16.685714285714287,9.5,13.385714285714286,76.87142857142858,1.3172857142857144,57.142857142857146,4.1657142857142855,7.0,29.142857142857142,139.28571428571428,1006.9714285714286,80.58571428571429,17.842857142857145,-4.59263540169286
5.714285714285714,1.2571428571428571,3.6142857142857134,2.4714285714285715,-2.628571428571429,0.1428571428571428,84.28571428571429,3.538,100.0,8.334285714285715,0.0,25.4,263.54285714285714,996.4714285714286,50.22857142857144,10.571428571428571,-0.5838852909695333
2.857142857142857,-3.7571428571428567,-0.0428571428571429,1.0285714285714285,-7.1000000000000005,-3.0285714285714285,84.72857142857143,0.3825714285714285,57.142857142857146,2.9771428571428573,2.925,22.1,204.64285714285717,1017.0,61.35714285714285,13.714285714285714,127.3427811464352
12.614285714285714,7.257142857142858,10.028571428571428,12.614285714285714,5.142857142857143,8.742857142857142,82.52857142857144,4.199857142857143,71.42857142857143,8.928571428571429,0.0,25.728571428571428,166.58571428571426,1010.8,68.74285714285715,11.042857142857144,-1.216122303446241
24.085714285714285,13.642857142857142,18.814285714285717,23.985714285714288,13.642857142857142,18.8,60.4,0.0,0.0,0.0,0.0,23.25714285714286,76.12857142857142,1021.0285714285714,44.65714285714286,27.37142857142857,10.700887539184464
22.25714285714286,14.157142857142857,17.942857142857143,22.25714285714286,14.157142857142857,17.942857142857143,76.97142857142858,0.9955714285714284,28.571428571428573,2.381428571428572,0.0,25.071428571428573,97.81428571428572,1025.2857142857142,44.22857142857144,13.328571428571427,38.76109702102076
15.357142857142858,8.72857142857143,12.028571428571428,15.357142857142858,7.128571428571428,11.828571428571427,80.35714285714286,1.2907142857142857,71.42857142857143,4.167142857142857,0.0,27.085714285714285,277.7285714285714,1019.7428571428572,57.3,10.085714285714284,29.7212621158468
9.257142857142856,3.142857142857143,6.828571428571428,6.3,-0.0714285714285714,3.628571428571429,87.42857142857143,9.650142857142855,100.0,13.691428571428572,0.0,35.67142857142857,248.5428571428572,1012.5857142857144,72.22857142857143,10.4,13.15781821936946
24.342857142857145,14.214285714285714,18.97142857142857,24.25714285714286,14.214285714285714,18.97142857142857,70.14285714285714,0.0811428571428571,14.285714285714286,0.5957142857142858,0.0,25.75714285714286,180.3,1016.8571428571428,44.871428571428574,16.7,13.32393704017818
17.414285714285715,11.37142857142857,14.828571428571427,17.414285714285715,10.985714285714286,14.8,88.12857142857142,7.1977142857142855,100.0,14.287142857142856,0.0,27.8,176.20000000000002,1007.4142857142856,70.22857142857143,10.257142857142856,-19.577900696971028
7.271428571428571,3.057142857142857,5.085714285714286,4.1571428571428575,-1.342857142857143,1.3428571428571427,90.87142857142858,1.308857142857143,85.71428571428571,5.357142857142857,0.0,30.457142857142856,89.39999999999999,1010.6857142857144,88.39999999999999,5.785714285714286,3.1678505803597545
10.685714285714283,6.057142857142857,8.128571428571428,10.285714285714286,2.642857142857143,5.985714285714286,87.95714285714287,1.2597142857142856,100.0,5.952857142857143,0.0,26.285714285714285,155.8857142857143,1015.5142857142856,91.28571428571428,11.2,-5.389596152973127
9.2,5.057142857142857,6.8,7.214285714285714,0.8285714285714285,3.628571428571429,88.97142857142856,3.782285714285714,100.0,13.095714285714283,0.0142857142857142,30.157142857142865,232.4142857142857,999.1285714285714,68.81428571428572,10.342857142857143,-31.585583444233748
6.828571428571428,2.0571428571428574,4.271428571428571,3.7571428571428567,-1.7857142857142858,0.8857142857142858,89.68571428571428,3.156714285714286,100.0,11.31,0.0285714285714285,25.185714285714287,239.8428571428572,1005.4571428571428,53.71428571428572,9.928571428571429,-11.841668201600442
7.385714285714286,2.7,5.0,5.957142857142857,-1.0714285714285714,1.7714285714285711,91.05714285714284,0.8201428571428571,85.71428571428571,5.357142857142857,0.0,32.042857142857144,193.44285714285712,1024.5571428571427,85.52857142857144,9.857142857142858,117.63078930621396
9.37142857142857,4.685714285714285,7.0,8.028571428571428,1.3285714285714283,3.8,90.18571428571428,2.2155714285714287,100.0,7.142857142857143,10.0,36.85714285714285,222.47142857142856,1001.8,83.78571428571429,16.057142857142857,-11.97199745978321
9.928571428571429,4.357142857142857,7.171428571428572,8.285714285714286,0.8714285714285713,4.328571428571428,88.60000000000001,0.6035714285714285,71.42857142857143,2.9785714285714286,0.0,27.62857142857143,196.08571428571423,1023.8142857142856,77.17142857142858,13.257142857142856,38.18933056356934
19.17142857142857,13.785714285714286,16.514285714285712,19.17142857142857,13.785714285714286,16.514285714285712,83.91428571428571,0.3751428571428571,71.42857142857143,3.5728571428571425,0.0,21.985714285714288,238.3,1019.8714285714286,72.74285714285715,13.171428571428573,14.824025488598522
20.11428571428572,12.657142857142857,16.04285714285714,20.11428571428572,12.428571428571429,16.04285714285714,85.62857142857142,0.1607142857142857,28.571428571428573,1.7857142857142858,0.0,23.814285714285717,277.07142857142856,1024.5,74.37142857142858,19.2,-16.732661158161818
20.642857142857142,12.671428571428573,16.47142857142857,20.62857142857143,12.671428571428573,16.47142857142857,78.31428571428572,0.4865714285714285,42.85714285714285,2.975714285714285,0.0,21.928571428571427,204.4,1014.9142857142858,60.371428571428574,18.314285714285717,-7.114256879747586
15.685714285714283,9.94285714285714,12.55714285714286,15.685714285714283,9.357142857142858,12.3,85.34285714285714,1.075142857142857,100.0,9.524285714285714,0.0,20.11428571428572,231.1,1018.7571428571428,49.285714285714285,10.05714285714286,0.8801116873806905
11.957142857142856,8.6,10.342857142857143,11.957142857142856,6.857142857142857,9.385714285714286,89.5,1.1544285714285714,85.71428571428571,9.524285714285714,0.0,29.67142857142857,281.0142857142857,1023.5857142857144,69.4857142857143,9.985714285714286,-50.235561802664165
24.8,14.828571428571427,19.485714285714288,24.65714285714285,14.828571428571427,19.47142857142857,74.25714285714285,0.2075714285714285,28.571428571428573,1.7857142857142858,0.0,17.771428571428572,84.47142857142856,1014.8142857142856,61.25714285714286,9.342857142857143,40.31790998557983
8.742857142857144,4.471428571428572,6.614285714285714,4.971428571428571,-0.7000000000000001,2.185714285714285,82.58571428571429,2.6955714285714287,100.0,7.141428571428572,0.0,49.42857142857143,215.94285714285712,990.1428571428572,78.97142857142858,17.628571428571426,9.837021288534856
4.128571428571428,0.057142857142857,1.942857142857143,-0.1428571428571428,-5.7,-3.1714285714285717,70.84285714285714,0.5198571428571428,42.85714285714285,1.7871428571428571,2.0,38.22857142857142,193.3714285714286,1012.9142857142856,53.4,22.4,-20.37117178699873
9.457142857142856,3.9,7.014285714285714,9.214285714285714,0.9571428571428572,5.357142857142857,82.88571428571429,0.7132857142857143,85.71428571428571,5.3585714285714285,0.0,20.885714285714283,243.92857142857144,1023.4,47.74285714285714,11.285714285714286,-53.13878391842093
7.028571428571429,2.4,4.6571428571428575,5.071428571428571,-1.1142857142857143,1.8571428571428568,88.11428571428571,4.487857142857143,100.0,11.308571428571428,0.0714285714285714,23.014285714285712,240.4857142857143,996.6142857142858,57.42857142857143,15.042857142857144,85.33393508795098
9.9,4.757142857142857,7.414285714285714,8.828571428571427,1.9,4.871428571428572,87.3,0.9311428571428572,71.42857142857143,5.355714285714286,0.0,28.385714285714283,242.14285714285717,1019.9857142857144,69.14285714285714,22.342857142857145,-3.451351589600563
19.557142857142857,11.985714285714286,15.357142857142858,19.557142857142857,11.771428571428572,15.328571428571427,78.38571428571429,0.3014285714285714,42.85714285714285,2.381428571428572,0.0,21.27142857142857,89.65714285714286,1013.9285714285714,58.55714285714286,13.885714285714286,-23.35047466120568
10.3,4.742857142857143,7.442857142857143,8.9,0.8714285714285716,4.214285714285714,86.41428571428571,2.481857142857143,57.142857142857146,4.76,0.0,35.84285714285714,250.3142857142857,1008.657142857143,71.57142857142857,13.028571428571428,-13.275515747722013
19.5,14.714285714285714,16.914285714285715,19.5,14.714285714285714,16.914285714285715,83.97142857142856,0.2074285714285714,71.42857142857143,3.5728571428571425,0.0,23.52857142857143,275.3428571428572,1018.6285714285714,70.17142857142856,10.685714285714283,11.926001770271682
7.6,0.7000000000000001,3.8857142857142857,5.185714285714285,-2.7285714285714286,1.1428571428571428,81.18571428571428,1.1792857142857145,71.42857142857143,5.355714285714286,0.0,20.728571428571428,166.68571428571428,1016.6285714285714,48.98571428571428,21.65714285714285,-43.86279053726753
9.114285714285714,4.257142857142857,6.942857142857143,6.742857142857143,0.6857142857142857,3.7,79.2,0.788,100.0,8.928571428571429,0.0,37.457142857142856,279.1,1018.6428571428572,57.47142857142857,11.357142857142858,-23.379309016506117
16.571428571428573,9.685714285714283,13.1,16.571428571428573,8.442857142857143,12.957142857142856,83.64285714285714,1.5412857142857146,100.0,9.521428571428572,0.0,26.15714285714285,251.1142857142857,1021.2142857142856,56.54285714285714,10.271428571428572,15.030631183245076
8.557142857142857,2.814285714285714,5.857142857142857,5.085714285714286,-1.2428571428571429,2.257142857142857,86.11428571428571,3.792285714285714,100.0,10.712857142857144,0.0,33.885714285714286,272.8428571428572,1013.4285714285714,67.35714285714286,10.44285714285714,-14.528720857878511
9.5,6.314285714285715,7.814285714285715,7.557142857142857,3.0285714285714285,5.042857142857143,92.27142857142856,7.676857142857143,100.0,13.097142857142858,0.0,25.228571428571428,229.9142857142857,1003.0714285714286,67.14285714285714,9.9,-3.1950379408889376
12.928571428571429,8.342857142857143,10.614285714285714,12.928571428571429,5.2,9.485714285714286,85.55714285714285,6.364714285714286,100.0,13.095714285714283,0.0,32.385714285714286,199.47142857142856,1003.2142857142856,80.8,9.485714285714286,14.429063625962613
21.0,13.914285714285716,17.357142857142858,21.0,13.914285714285716,17.357142857142858,77.65714285714286,0.487,57.142857142857146,3.571428571428572,0.0,23.27142857142857,210.7142857142857,1016.4857142857144,68.65714285714286,23.357142857142858,24.40715008928248
19.442857142857143,9.914285714285716,14.5,19.442857142857143,9.44285714285714,14.44285714285714,72.39999999999999,0.0,0.0,0.0,0.0,18.27142857142857,264.7714285714286,1024.571428571429,54.18571428571429,25.37142857142857,-0.2614744219348495
15.6,8.685714285714285,12.071428571428571,15.6,6.771428571428572,11.5,83.61428571428571,1.560857142857143,85.71428571428571,5.357142857142857,0.0,27.842857142857145,286.74285714285713,1010.1428571428572,69.72857142857143,16.685714285714287,7.1012645102293845
19.2,13.1,16.114285714285714,19.2,13.1,16.114285714285714,85.84285714285714,0.0631428571428571,57.142857142857146,2.9771428571428573,0.0,15.242857142857144,148.72857142857143,1023.0142857142856,67.24285714285715,10.12857142857143,4.272234817475692
14.257142857142856,9.1,11.271428571428572,14.257142857142856,7.557142857142857,10.914285714285716,88.3,0.3562857142857143,57.142857142857146,4.1657142857142855,0.0,24.057142857142857,183.8571428571429,1010.157142857143,81.8,16.485714285714288,-7.791810455515133
14.771428571428572,10.428571428571429,12.814285714285717,14.771428571428572,9.528571428571428,12.657142857142857,88.91428571428571,3.6714285714285713,100.0,8.928571428571429,0.0,29.285714285714285,234.05714285714288,1017.7857142857144,66.14285714285714,10.357142857142858,-18.23699663406569
18.67142857142857,8.828571428571427,14.085714285714284,18.67142857142857,7.785714285714286,13.842857142857143,71.44285714285715,0.003,14.285714285714286,0.5957142857142858,0.0,17.3,107.11428571428571,1024.0285714285717,51.114285714285714,12.142857142857142,4.342090702101245
4.885714285714286,-1.0571428571428572,2.128571428571429,2.814285714285714,-5.057142857142857,-1.457142857142857,88.12857142857142,0.546,85.71428571428571,5.357142857142857,1.3,21.857142857142858,88.94285714285714,1022.4571428571428,65.62857142857142,10.285714285714286,4.427912510036663
10.12857142857143,4.2,7.242857142857143,8.442857142857143,0.6571428571428571,4.442857142857142,79.91428571428571,2.4684285714285714,85.71428571428571,5.357142857142857,0.0,34.27142857142857,231.32857142857145,1001.6428571428572,67.37142857142858,21.442857142857143,-12.31736734936078
16.428571428571427,11.157142857142857,13.5,16.428571428571427,10.94285714285714,13.471428571428572,85.52857142857144,5.572428571428572,100.0,11.905714285714286,0.0,28.428571428571427,207.94285714285712,999.4571428571428,69.91428571428571,10.228571428571428,28.577278424291197
9.042857142857144,3.7285714285714286,6.385714285714286,6.814285714285715,0.3285714285714286,3.4428571428571426,81.12857142857142,1.175142857142857,71.42857142857143,4.762857142857143,0.0,30.357142857142858,272.9428571428571,1010.7714285714284,65.6,18.62857142857143,49.59130643012497
10.342857142857143,3.271428571428572,6.971428571428571,9.742857142857144,-0.3285714285714285,4.228571428571429,69.74285714285715,0.6855714285714285,85.71428571428571,6.547142857142857,0.0,28.842857142857145,256.3428571428571,1015.1142857142858,42.371428571428574,17.657142857142855,-24.20134456846904
17.714285714285715,12.171428571428573,14.757142857142856,17.714285714285715,12.171428571428573,14.757142857142856,80.71428571428571,1.249142857142857,71.42857142857143,5.951428571428571,0.0,19.61428571428572,185.7428571428572,1020.8,64.1,14.599999999999998,14.318237613927977
10.085714285714284,6.4,8.571428571428571,8.614285714285714,2.7,5.842857142857143,90.44285714285716,4.858857142857143,100.0,13.691428571428572,1.6142857142857143,30.9,261.11428571428576,1016.7571428571428,73.60000000000001,10.94285714285714,84.58253539979944
9.914285714285716,5.885714285714286,7.957142857142857,7.128571428571428,2.085714285714286,4.542857142857143,82.45714285714287,1.0164285714285712,100.0,7.141428571428572,0.0,48.5,266.6714285714286,1010.4714285714286,79.45714285714287,17.614285714285714,-25.457246997937204
9.857142857142858,4.628571428571428,7.528571428571429,8.757142857142856,0.1285714285714285,5.085714285714286,85.7,3.960857142857143,100.0,7.735714285714286,0.0,37.271428571428565,198.8571428571429,999.4285714285714,82.05714285714285,16.742857142857144,-2.908968758047422
16.1,12.171428571428573,14.142857142857142,16.1,12.171428571428573,14.142857142857142,80.14285714285714,3.365,100.0,6.547142857142857,0.0,34.24285714285714,215.7142857142857,1009.7714285714284,79.27142857142857,23.314285714285717,-7.848514072196394
13.185714285714283,4.057142857142857,8.22857142857143,13.185714285714283,2.085714285714286,7.085714285714286,72.04285714285714,0.0061428571428571,14.285714285714286,0.5957142857142858,0.0,21.87142857142857,199.3142857142857,1021.6714285714286,64.74285714285715,20.814285714285717,-9.999608651001722
18.27142857142857,10.314285714285717,14.485714285714286,18.27142857142857,9.985714285714286,14.457142857142856,74.64285714285714,0.0045714285714285,14.285714285714286,0.5957142857142858,0.0,28.928571428571427,281.12857142857143,1022.0,54.67142857142857,31.65714285714285,14.66532770602305
14.514285714285714,10.8,12.485714285714286,14.514285714285714,10.242857142857144,12.37142857142857,80.57142857142857,1.0172857142857143,71.42857142857143,4.168571428571428,0.0,17.442857142857143,129.87142857142857,1025.1142857142856,74.25714285714285,11.257142857142856,-15.998943024618484
8.842857142857143,5.357142857142857,7.257142857142857,6.971428571428571,1.2571428571428571,4.142857142857143,89.77142857142857,2.9265714285714286,100.0,12.501428571428573,0.1999999999999999,31.17142857142857,285.57142857142856,1018.5285714285714,72.18571428571428,9.485714285714286,26.097253141184183
6.728571428571429,1.2285714285714284,3.871428571428571,4.0,-2.5142857142857147,0.6,89.92857142857143,2.4657142857142857,71.42857142857143,6.547142857142857,0.0,24.11428571428572,199.2142857142857,1015.0285714285714,52.81428571428571,11.085714285714284,-34.90057554729708
8.5,1.6142857142857143,4.542857142857143,6.057142857142857,-2.1142857142857143,1.4285714285714286,81.67142857142858,0.0,0.0,0.0,0.0,23.61428571428572,62.21428571428572,1028.1142857142856,27.4,12.928571428571429,-23.865275817464862
17.02857142857143,13.514285714285714,15.271428571428572,17.02857142857143,13.514285714285714,15.271428571428572,83.75714285714285,5.939428571428572,100.0,12.501428571428573,0.0,26.057142857142857,231.17142857142855,1016.8857142857142,75.41428571428571,12.414285714285716,-29.11822505671489
23.47142857142857,15.185714285714283,19.071428571428573,23.428571428571427,15.185714285714283,19.071428571428573,73.92857142857143,0.7452857142857143,57.142857142857146,3.5728571428571425,0.0,21.514285714285712,264.2142857142857,1014.7,41.4,15.77142857142857,6.255920289959931
17.557142857142857,13.814285714285717,15.457142857142856,17.557142857142857,13.814285714285717,15.457142857142856,85.32857142857142,4.332,100.0,13.691428571428572,0.0,28.87142857142857,238.15714285714284,1007.1,70.27142857142857,10.971428571428572,-18.521076122282125
11.4,5.542857142857143,8.457142857142857,10.314285714285717,2.3714285714285714,5.9,77.55714285714285,1.4234285714285717,71.42857142857143,7.738571428571428,0.0,29.942857142857143,227.04285714285717,1014.4571428571428,57.98571428571428,11.428571428571429,-69.11591051177788
3.7571428571428567,-0.8571428571428571,1.3857142857142857,1.0142857142857142,-5.714285714285714,-2.442857142857143,83.94285714285715,1.7824285714285717,85.71428571428571,4.762857142857143,2.571428571428572,29.071428571428573,128.1,1007.3,73.42857142857143,14.885714285714286,41.85714806256658
10.071428571428571,4.557142857142857,7.514285714285713,8.371428571428572,1.9857142857142855,4.857142857142857,81.05714285714285,6.178571428571429,85.71428571428571,11.905714285714286,0.2285714285714286,27.814285714285717,270.95714285714286,1000.5,58.75714285714286,11.8,-7.023942208356289
7.928571428571429,3.4285714285714284,5.885714285714286,4.142857142857143,-0.4857142857142856,2.0142857142857142,87.68571428571428,1.7597142857142856,100.0,4.764285714285714,7.0,37.01428571428572,252.8571428571429,1005.6285714285714,71.14285714285714,15.214285714285714,-15.091132063458986
25.67142857142857,14.785714285714286,20.014285714285712,25.485714285714288,14.785714285714286,19.97142857142857,69.71428571428571,0.309,28.571428571428573,1.1914285714285715,0.0,19.52857142857143,177.1,1021.0,43.54285714285714,23.37142857142857,9.465356428742098
7.685714285714285,3.314285714285714,5.671428571428572,5.114285714285714,-0.5285714285714286,2.242857142857143,84.94285714285715,7.191714285714285,100.0,13.095714285714283,0.0428571428571428,31.67142857142857,138.9,1003.1,58.1,19.8,5.326636584091602
22.75714285714286,15.3,18.985714285714288,22.75714285714286,15.3,18.985714285714288,81.52857142857144,2.751714285714286,85.71428571428571,5.357142857142857,0.0,17.757142857142856,146.18571428571428,1016.8142857142856,49.52857142857143,10.828571428571427,29.121455561066227
19.7,11.842857142857143,15.9,19.7,11.542857142857144,15.87142857142857,79.31428571428572,0.7832857142857144,42.85714285714285,2.975714285714285,0.0,29.542857142857144,233.6,1015.8142857142856,68.27142857142857,25.985714285714288,3.136557516246171
8.385714285714286,3.7285714285714286,5.942857142857143,5.757142857142857,0.3142857142857143,2.9,87.75714285714285,1.2485714285714289,71.42857142857143,4.167142857142857,0.0,26.97142857142857,237.15714285714284,1021.5285714285714,79.0,13.842857142857143,95.39864784189854
12.042857142857144,6.071428571428571,9.614285714285714,12.042857142857144,4.628571428571428,8.72857142857143,87.5,0.9731428571428572,57.142857142857146,3.571428571428572,0.0,28.0,249.2,1019.1,77.64285714285714,15.214285714285714,20.64500697089761
7.428571428571429,2.385714285714286,4.785714285714286,5.842857142857143,-0.3714285714285714,2.7142857142857144,84.34285714285714,0.5178571428571429,28.571428571428573,1.7857142857142858,0.0,24.071428571428573,84.15714285714286,1019.5857142857142,69.41428571428571,10.285714285714286,51.02445997907205
10.328571428571427,4.257142857142857,7.457142857142857,9.3,1.0285714285714287,5.128571428571428,88.21428571428571,0.0,0.0,0.0,0.0,27.485714285714288,238.7428571428572,1005.8857142857142,65.37142857142858,10.642857142857142,60.93980221960976
8.971428571428572,5.042857142857144,7.128571428571428,7.1000000000000005,2.085714285714286,4.342857142857143,89.60000000000001,3.142571428571429,71.42857142857143,10.12,0.0,26.985714285714288,227.44285714285712,1003.8285714285714,70.21428571428571,13.414285714285716,-33.28177568820536
9.828571428571427,5.2,7.442857142857143,8.642857142857142,1.3142857142857145,4.471428571428572,85.91428571428571,5.676571428571428,100.0,13.691428571428572,0.0,36.01428571428571,219.58571428571423,998.0142857142856,52.7,15.885714285714286,19.404549209986385
19.357142857142858,12.928571428571429,16.385714285714286,19.357142857142858,12.7,16.37142857142857,87.08571428571429,0.5545714285714286,85.71428571428571,5.3585714285714285,0.0,21.8,275.81428571428575,1019.0428571428572,56.21428571428572,11.171428571428573,-1.031828443530003
10.05714285714286,3.071428571428572,6.5,8.785714285714286,-0.8714285714285713,3.6571428571428575,76.38571428571429,0.029,14.285714285714286,0.5957142857142858,0.0,24.685714285714287,65.1,1030.142857142857,44.22857142857144,10.685714285714283,63.83507768113748
16.3,11.042857142857144,13.471428571428572,16.3,10.828571428571427,13.457142857142856,83.08571428571429,4.787428571428571,85.71428571428571,10.714285714285714,0.0,26.47142857142857,219.5428571428572,1012.2285714285716,63.72857142857144,10.37142857142857,15.052573935249256
11.757142857142856,6.885714285714286,8.857142857142858,11.757142857142856,3.2857142857142856,6.585714285714286,83.5,1.6118571428571429,85.71428571428571,4.762857142857143,0.0,31.728571428571428,220.6,996.7571428571428,72.21428571428571,17.642857142857142,-3.276821107379192
14.44285714285714,7.885714285714286,11.514285714285714,14.44285714285714,6.328571428571428,11.028571428571428,84.28571428571429,0.3291428571428572,42.85714285714285,2.975714285714285,0.0,23.285714285714285,291.3428571428572,1016.7428571428572,80.60000000000001,21.62857142857143,-0.6733533221724883
19.32857142857143,12.928571428571429,15.914285714285716,19.32857142857143,12.928571428571429,15.914285714285716,83.25714285714285,0.972,42.85714285714285,2.381428571428572,0.0,29.5,219.64285714285717,1016.5857142857144,70.28571428571429,14.3,-9.00796409033228
3.2,-0.7571428571428571,1.0714285714285714,-1.7142857142857142,-7.014285714285714,-4.428571428571429,76.45714285714287,0.0591428571428571,42.85714285714285,1.7871428571428571,0.0,38.9,59.471428571428575,1018.9714285714286,59.3,24.11428571428572,17.751702408152937
20.2,12.94285714285714,16.614285714285714,20.2,12.94285714285714,16.614285714285714,81.98571428571428,2.480285714285714,100.0,10.715714285714286,0.0,23.77142857142857,264.1714285714286,1018.9285714285714,61.85714285714285,11.685714285714283,-11.459290083993096
15.028571428571428,8.185714285714285,11.757142857142856,15.028571428571428,6.885714285714286,11.457142857142856,86.84285714285714,0.7652857142857142,71.42857142857143,5.357142857142857,0.0,16.385714285714286,237.92857142857144,1026.6142857142856,47.92857142857143,10.6,-7.640831025884381
20.957142857142856,11.028571428571428,16.357142857142858,20.957142857142856,11.028571428571428,16.342857142857145,75.55714285714285,0.0,0.0,0.0,0.0,26.914285714285715,121.98571428571428,1018.6,51.10000000000001,14.62857142857143,28.186634268124067
17.557142857142857,11.328571428571427,14.3,17.557142857142857,11.12857142857143,14.285714285714286,83.01428571428572,1.1312857142857144,71.42857142857143,5.357142857142857,0.0,22.7,262.62857142857143,1018.8,47.31428571428571,11.085714285714284,16.099080800567663
8.985714285714286,3.9,6.957142857142857,6.428571428571429,0.7428571428571429,3.8857142857142857,91.9,10.970428571428572,100.0,12.5,0.0,30.057142857142857,214.2142857142857,1018.9,68.91428571428571,10.671428571428573,50.01897615166536
6.514285714285714,3.2285714285714286,4.971428571428571,4.814285714285715,-0.2857142857142857,2.757142857142857,91.55714285714284,0.0441428571428571,42.85714285714285,2.381428571428572,0.0,24.52857142857143,170.02857142857144,1034.8714285714286,89.98571428571428,5.214285714285714,-42.97322888707368
4.585714285714286,-0.7714285714285715,1.5285714285714285,0.5,-5.928571428571429,-3.042857142857143,83.22857142857143,0.3518571428571428,28.571428571428573,1.7857142857142858,4.0,31.957142857142856,67.5,1024.7428571428572,65.17142857142856,4.557142857142858,-8.163700245477003
5.757142857142857,-1.3571428571428572,2.157142857142857,3.5,-4.214285714285714,-0.2285714285714286,88.42857142857143,0.4142857142857142,85.71428571428571,5.952857142857143,0.0,20.642857142857142,186.92857142857144,1026.3428571428572,49.21428571428572,8.828571428571427,-7.490002474258745
18.457142857142856,13.62857142857143,16.17142857142857,18.457142857142856,13.62857142857143,16.17142857142857,85.91428571428571,8.319142857142857,71.42857142857143,8.334285714285715,0.0,27.87142857142857,267.3428571428572,1013.9142857142856,66.92857142857143,12.12857142857143,6.182378435435567
13.0,9.05714285714286,10.94285714285714,13.0,6.7,10.342857142857143,72.92857142857143,0.2777142857142857,28.571428571428573,1.7857142857142858,0.0,31.314285714285717,73.85714285714286,1020.5571428571428,79.2,20.52857142857143,-7.0577280840167305
19.057142857142857,8.128571428571428,13.3,19.057142857142857,5.528571428571429,12.671428571428573,58.31428571428571,0.0,0.0,0.0,0.0,29.25714285714286,60.771428571428565,1023.5857142857144,21.4,14.87142857142857,14.506838725671855
12.985714285714286,8.128571428571428,10.357142857142858,12.985714285714286,5.557142857142857,9.242857142857144,84.08571428571429,3.704428571428572,100.0,11.904285714285717,0.0,30.65714285714285,220.9857142857143,1000.4285714285714,65.22857142857143,12.585714285714284,36.84922485065522
14.757142857142856,6.428571428571429,10.5,14.757142857142856,4.771428571428571,9.857142857142858,86.8,0.0,0.0,0.0,0.0,18.914285714285715,184.6,1026.9857142857145,59.02857142857143,9.62857142857143,23.163654388293367
0.1857142857142857,-4.314285714285714,-1.9285714285714288,-3.414285714285714,-8.87142857142857,-6.214285714285714,87.11428571428571,0.5084285714285715,71.42857142857143,6.547142857142857,15.457142857142856,20.928571428571427,120.35714285714286,1004.0857142857144,57.371428571428574,8.942857142857143,79.48865026535634
10.542857142857144,7.7,9.1,10.542857142857144,4.5285714285714285,7.014285714285714,92.3,2.7195714285714283,100.0,11.31,0.0,24.15714285714285,114.34285714285714,1008.6428571428572,76.60000000000001,9.757142857142856,-28.67262370596859
8.642857142857142,5.185714285714285,6.857142857142857,5.957142857142857,0.4714285714285714,2.9,89.07142857142857,1.528142857142857,71.42857142857143,4.761428571428572,0.0,38.1,221.14285714285717,1005.9142857142856,91.25714285714284,11.542857142857144,26.21076353296087
6.2,0.9285714285714286,3.7857142857142856,4.214285714285714,-1.9714285714285715,1.1285714285714286,88.47142857142856,0.7825714285714287,57.142857142857146,2.9771428571428573,0.0,21.17142857142857,152.65714285714284,1025.5142857142855,57.92857142857143,10.185714285714283,-17.53650480224303
19.414285714285715,11.885714285714286,15.728571428571428,19.414285714285715,11.642857142857142,15.7,75.28571428571429,0.8437142857142856,42.85714285714285,2.381428571428572,0.0,21.15714285714285,283.4857142857143,1022.0142857142856,61.614285714285714,23.057142857142857,-23.67670017435205
14.485714285714286,10.0,12.5,14.485714285714286,9.7,12.457142857142856,91.6,0.2667142857142857,28.571428571428573,1.7857142857142858,0.0,26.942857142857147,112.11428571428571,1014.9,79.2,8.0,34.6266273731012
13.728571428571428,7.414285714285714,10.671428571428573,13.728571428571428,5.542857142857143,10.114285714285714,81.31428571428572,0.0,0.0,0.0,0.0,23.314285714285717,251.32857142857145,1016.4857142857144,68.62857142857142,19.842857142857145,-17.132415911027692
9.214285714285714,5.328571428571428,7.314285714285715,7.671428571428572,1.4,4.228571428571429,84.58571428571429,1.2045714285714286,100.0,5.3585714285714285,0.0,40.55714285714286,232.9857142857143,1019.2571428571428,85.17142857142858,14.62857142857143,-13.168531961333542
14.5,9.328571428571427,11.8,14.5,8.271428571428572,11.4,88.77142857142857,4.214571428571428,100.0,10.714285714285714,0.0,27.67142857142857,188.1,1012.4285714285714,61.05714285714286,14.842857142857143,15.34745483009408
14.55714285714286,9.37142857142857,12.228571428571428,14.55714285714286,8.785714285714286,12.05714285714286,87.72857142857143,0.3628571428571429,57.142857142857146,2.9771428571428573,0.0,26.1,254.4,1023.7428571428572,82.74285714285715,19.17142857142857,-1.6635242489419395
6.5,1.9,4.185714285714286,3.6142857142857134,-2.457142857142857,0.7428571428571428,87.91428571428571,1.579857142857143,100.0,11.308571428571428,0.0142857142857142,26.057142857142853,146.70000000000002,989.8142857142856,66.91428571428571,9.771428571428572,33.114402575689724
11.114285714285714,6.442857142857143,8.528571428571428,10.614285714285714,3.2285714285714286,6.242857142857143,83.92857142857143,1.8285714285714287,85.71428571428571,7.738571428571428,0.0,26.042857142857144,208.32857142857145,1007.5285714285714,60.98571428571428,13.214285714285714,39.23737000467747
8.27142857142857,4.6000000000000005,6.028571428571429,6.814285714285715,0.3285714285714285,2.6142857142857143,89.31428571428572,0.7365714285714287,57.142857142857146,4.761428571428572,0.0,29.057142857142857,120.52857142857144,1023.5714285714286,71.28571428571429,8.985714285714286,14.1568685781333
10.7,3.3714285714285714,7.128571428571428,10.12857142857143,-0.4857142857142857,4.4,72.54285714285714,1.1282857142857143,85.71428571428571,6.548571428571429,0.0,29.314285714285717,194.62857142857143,1010.4571428571428,39.34285714285714,11.271428571428572,-11.105606245540343
12.3,3.928571428571429,7.614285714285714,12.3,1.8,6.228571428571429,86.8,0.0,0.0,0.0,0.0,19.77142857142857,282.7714285714286,1027.1857142857143,52.44285714285714,12.6,16.182310521141858
2.942857142857143,-1.1428571428571428,0.6142857142857144,-0.4,-5.642857142857143,-3.3714285714285714,81.05714285714285,1.7287142857142856,100.0,6.55,0.3,21.785714285714285,103.52857142857144,1030.9857142857145,49.57142857142857,9.671428571428573,-26.241962297929376
19.385714285714283,13.342857142857143,15.528571428571428,19.385714285714283,13.342857142857143,15.528571428571428,81.38571428571429,1.517,100.0,9.525714285714288,0.0,29.32857142857143,220.7,1018.9857142857144,45.92857142857143,10.085714285714284,23.406450640220328
10.314285714285717,2.085714285714286,6.0,8.471428571428572,-1.042857142857143,3.2142857142857144,78.48571428571428,0.3895714285714285,14.285714285714286,0.5957142857142858,0.0,25.785714285714285,144.1,1015.8857142857142,51.62857142857143,11.742857142857144,-23.47952756454663
11.62857142857143,7.214285714285714,9.485714285714286,11.271428571428572,4.257142857142857,7.971428571428572,84.39999999999999,9.008142857142856,100.0,14.287142857142856,0.0,36.971428571428575,273.31428571428575,999.3857142857142,62.457142857142856,15.314285714285717,26.92133899390558
9.771428571428572,4.7,7.228571428571429,8.7,1.0285714285714287,4.357142857142857,80.87142857142858,2.238714285714285,71.42857142857143,6.548571428571429,0.0,28.8,268.7285714285714,1024.3714285714286,53.07142857142857,10.6,-2.6369323525366326
5.514285714285714,1.4857142857142855,3.5857142857142854,2.3142857142857145,-2.8428571428571425,-0.2142857142857142,81.32857142857142,0.4518571428571428,71.42857142857143,5.3585714285714285,0.0,25.41428571428571,160.77142857142857,1025.9571428571428,73.0,10.62857142857143,6.766934220578264
22.24285714285714,12.157142857142857,17.014285714285712,22.24285714285714,12.157142857142857,17.014285714285712,67.5,0.0352857142857142,28.571428571428573,1.1914285714285715,0.0,26.32857142857143,138.65714285714287,1027.3714285714286,54.1,25.314285714285717,11.317287570092958
15.028571428571428,8.6,11.7,15.028571428571428,6.928571428571429,11.114285714285714,80.38571428571429,1.804857142857143,71.42857142857143,7.738571428571428,0.0,32.028571428571425,272.6428571428572,1019.9,46.87142857142857,15.957142857142856,-24.87879790320744
10.685714285714283,6.4,8.614285714285714,9.94285714285714,3.642857142857143,6.942857142857143,87.60000000000001,0.7511428571428571,71.42857142857143,4.167142857142857,0.0,30.08571428571429,208.9857142857143,1014.0857142857144,81.92857142857143,19.214285714285715,-36.67026015816862
15.44285714285714,8.471428571428572,11.6,15.44285714285714,6.4,10.7,75.42857142857143,0.3165714285714286,71.42857142857143,4.167142857142857,0.0,32.74285714285714,92.71428571428572,1012.9714285714286,75.25714285714285,13.471428571428572,6.511346402708
11.828571428571427,6.871428571428572,9.342857142857143,11.571428571428571,4.285714285714286,7.799999999999999,82.57142857142857,0.0419999999999999,57.142857142857146,2.382857142857143,0.0,19.1,94.3,1025.9142857142858,63.05714285714286,9.928571428571429,1.5185790819433578
22.97142857142857,11.814285714285717,17.414285714285715,23.014285714285712,11.728571428571428,17.4,75.89999999999999,0.0405714285714285,14.285714285714286,0.5957142857142858,0.0,17.785714285714285,249.6,1019.5571428571428,32.91428571428572,17.62857142857143,27.780193414330483
9.0,5.242857142857143,7.228571428571428,6.828571428571428,1.1428571428571428,3.857142857142857,86.32857142857142,3.7651428571428576,100.0,12.5,0.1571428571428571,36.614285714285714,237.42857142857144,999.2428571428572,72.52857142857142,11.728571428571428,-3.613992976027248
13.985714285714286,6.971428571428571,10.171428571428573,13.985714285714286,3.957142857142857,8.671428571428573,74.14285714285714,1.5762857142857143,57.142857142857146,5.357142857142857,0.0,26.814285714285717,113.91428571428573,1012.5714285714286,65.77142857142857,9.685714285714283,-5.396473684991065
8.185714285714285,2.457142857142857,5.4,5.757142857142857,-1.2857142857142858,2.1,82.72857142857143,0.1661428571428571,85.71428571428571,3.5742857142857143,0.0,26.185714285714287,174.75714285714284,1021.7428571428572,54.285714285714285,10.014285714285714,15.75540584237649
8.857142857142858,4.4,6.757142857142857,6.128571428571428,0.2428571428571428,3.071428571428572,87.89999999999999,2.2665714285714285,100.0,7.141428571428572,0.0,38.4,198.8,999.7714285714284,73.94285714285715,12.87142857142857,16.105605933041943
16.52857142857143,8.614285714285714,12.528571428571428,16.52857142857143,7.285714285714286,12.385714285714286,77.10000000000001,0.0,0.0,0.0,0.0,21.542857142857144,219.12857142857143,1015.3571428571428,59.785714285714285,10.7,-6.941640242150243
19.214285714285715,12.757142857142856,16.071428571428573,19.214285714285715,12.757142857142856,16.071428571428573,78.74285714285715,1.8381428571428573,85.71428571428571,10.12,0.0,26.8,233.17142857142855,1016.3285714285714,56.05714285714286,10.357142857142858,11.366624874319086
16.428571428571427,11.714285714285714,13.94285714285714,16.428571428571427,11.642857142857142,13.94285714285714,85.44285714285715,1.2791428571428571,71.42857142857143,4.761428571428572,0.0,30.814285714285717,205.72857142857143,1017.842857142857,84.44285714285715,17.385714285714286,14.640133866427504
19.11428571428572,9.128571428571428,14.657142857142857,19.11428571428572,8.528571428571428,14.414285714285716,75.51428571428572,0.0825714285714285,28.571428571428573,1.7857142857142858,0.0,14.214285714285714,211.95714285714288,1020.7142857142856,54.457142857142856,10.485714285714286,-3.8710452587707778
16.357142857142858,9.571428571428571,13.228571428571428,16.357142857142858,8.7,13.05714285714286,87.51428571428572,1.674,85.71428571428571,4.762857142857143,0.0,24.65714285714285,251.72857142857143,1017.4428571428572,78.01428571428572,10.571428571428571,27.32932360121788
18.442857142857143,12.814285714285717,15.757142857142856,18.442857142857143,12.814285714285717,15.757142857142856,82.94285714285715,1.1818571428571427,100.0,9.524285714285714,0.0,25.442857142857143,253.72857142857143,1007.1857142857144,58.21428571428572,11.271428571428572,-12.82559592532391
12.157142857142857,4.6571428571428575,8.657142857142857,12.157142857142857,2.771428571428572,7.485714285714286,79.25714285714285,0.915,100.0,7.738571428571428,0.0,21.357142857142858,207.8142857142857,1020.657142857143,46.92857142857143,11.885714285714286,4.629745155979663
16.0,9.042857142857144,12.5,16.0,7.414285714285714,11.771428571428572,85.07142857142857,1.8991428571428568,85.71428571428571,6.547142857142857,0.0,24.928571428571427,220.7142857142857,1014.3571428571428,65.27142857142857,10.271428571428572,-15.86186000626833
20.5,10.342857142857143,15.385714285714286,20.5,9.571428571428571,15.285714285714286,67.88571428571429,0.0374285714285714,28.571428571428573,1.1914285714285715,0.0,26.571428571428573,142.7,1026.1571428571428,63.7,20.82857142857143,18.846509304394203
9.157142857142857,3.642857142857143,6.457142857142857,6.9,0.0428571428571428,3.5285714285714285,77.27142857142857,1.8391428571428567,100.0,11.31,0.0,29.585714285714285,212.5285714285714,1016.4285714285714,64.42857142857143,14.028571428571428,30.2594258217714
10.014285714285714,5.957142857142857,8.471428571428572,8.342857142857143,1.542857142857143,5.4,88.08571428571429,5.7211428571428575,100.0,14.882857142857144,0.0,58.05714285714286,229.67142857142855,1003.0428571428572,80.25714285714285,11.342857142857143,-60.71950284921809
15.12857142857143,9.057142857142855,12.157142857142857,15.12857142857143,7.971428571428571,11.914285714285716,78.57142857142857,0.538,71.42857142857143,2.9785714285714286,0.0,25.942857142857143,226.07142857142856,1024.0571428571427,68.41428571428571,21.2,-7.070377939405034
8.114285714285714,3.385714285714286,5.528571428571429,5.514285714285714,0.5714285714285714,2.914285714285714,83.47142857142856,1.030857142857143,85.71428571428571,5.357142857142857,0.0,24.5,252.92857142857144,1000.7285714285716,89.31428571428572,18.185714285714287,27.62707164089568
17.842857142857145,11.542857142857144,14.328571428571427,17.842857142857145,11.185714285714283,14.242857142857144,81.82857142857142,0.3404285714285714,42.85714285714285,2.381428571428572,0.0,24.17142857142857,283.4142857142857,1019.5571428571428,78.72857142857143,23.728571428571428,10.05076525226923
20.928571428571427,15.928571428571429,18.04285714285714,20.928571428571427,15.928571428571429,18.04285714285714,82.08571428571429,3.830714285714286,85.71428571428571,8.930000000000001,0.0,24.857142857142858,138.1,1009.8571428571428,58.89999999999999,10.671428571428573,52.950029076085
16.185714285714287,11.185714285714283,13.542857142857144,16.185714285714287,11.185714285714283,13.542857142857144,82.62857142857142,1.913,85.71428571428571,4.762857142857143,8.0,25.61428571428572,244.8,1009.0571428571428,77.62857142857142,21.52857142857143,41.497643387168296
21.8,13.471428571428572,17.45714285714286,21.77142857142857,13.471428571428572,17.45714285714286,75.22857142857141,1.4307142857142858,42.85714285714285,2.975714285714285,0.0,19.75714285714286,168.68571428571428,1015.342857142857,79.95714285714287,11.642857142857142,54.03993338754208
13.785714285714286,7.285714285714286,10.457142857142856,13.785714285714286,6.528571428571429,10.042857142857144,88.67142857142858,0.03,14.285714285714286,0.5957142857142858,0.0,12.557142857142855,139.9857142857143,1024.5,55.91428571428571,13.55714285714286,-27.70379115415426
21.3,13.971428571428572,17.4,21.3,13.971428571428572,17.4,81.10000000000001,0.7737142857142858,42.85714285714285,4.761428571428572,0.0,21.314285714285717,247.48571428571427,1017.4428571428572,56.1,19.385714285714283,15.168945779193225
7.828571428571428,3.1000000000000005,5.542857142857143,5.014285714285714,-1.1571428571428573,2.071428571428572,81.01428571428572,1.0275714285714286,71.42857142857143,4.761428571428572,5.0,29.82857142857143,139.47142857142856,1005.8714285714286,73.3,16.914285714285715,30.04767317542257
7.457142857142857,2.314285714285714,5.0,4.757142857142857,-1.2714285714285716,1.7285714285714284,92.81428571428572,0.652,85.71428571428571,4.762857142857143,0.0,22.885714285714283,130.55714285714285,1018.5142857142856,80.52857142857144,7.357142857142857,198.78695584837956
10.37142857142857,2.771428571428572,6.857142857142857,8.757142857142856,0.0285714285714287,4.442857142857143,70.92857142857143,0.212,57.142857142857146,2.9771428571428573,0.0,29.985714285714288,277.7857142857143,1013.3285714285714,63.91428571428571,26.842857142857145,0.9994741159031264
9.728571428571428,4.6,6.9,8.642857142857142,1.1142857142857143,4.414285714285714,79.11428571428571,0.0154285714285714,28.571428571428573,1.1914285714285715,0.0,22.842857142857145,117.67142857142858,1020.3714285714286,73.72857142857143,13.428571428571429,-26.884476045089627
9.571428571428571,4.857142857142857,7.428571428571429,7.328571428571429,1.5142857142857142,4.442857142857143,85.41428571428571,0.7061428571428571,85.71428571428571,5.357142857142857,0.0,36.48571428571429,241.0,1022.6,68.21428571428571,16.97142857142857,-20.13621494671065
6.714285714285714,1.2,3.885714285714286,4.114285714285715,-3.128571428571429,0.5714285714285714,87.08571428571429,1.0692857142857144,42.85714285714285,2.381428571428572,0.0,27.214285714285715,134.4857142857143,1008.7571428571428,72.0,10.528571428571428,39.294520824531446
8.257142857142858,3.5142857142857147,6.0,6.285714285714286,-0.1714285714285715,2.542857142857143,86.35714285714286,4.201714285714286,100.0,12.501428571428573,0.0,30.971428571428568,198.14285714285717,997.2285714285716,57.85714285714285,11.7,21.17921016384105
14.5,7.857142857142857,11.4,14.5,6.357142857142857,10.728571428571428,75.72857142857143,1.7304285714285716,42.85714285714285,4.761428571428572,0.0,20.25714285714286,130.5285714285714,1015.1428571428572,66.55714285714285,12.7,27.977431509321264
19.47142857142857,10.542857142857144,15.257142857142856,19.47142857142857,10.05714285714286,15.185714285714283,73.2,0.1241428571428571,28.571428571428573,1.7857142857142858,0.0,20.514285714285712,251.1857142857143,1021.4,29.54285714285714,11.142857142857142,-1.547141226386998
5.785714285714286,2.314285714285714,3.971428571428572,2.1142857142857143,-3.0,-0.2142857142857142,80.27142857142857,1.3961428571428571,85.71428571428571,8.332857142857142,0.0,29.32857142857143,96.41428571428573,1022.7571428571428,83.01428571428572,8.742857142857144,-53.25407631770111
6.557142857142857,0.7000000000000001,3.5285714285714285,4.5,-2.571428571428572,0.7571428571428571,83.65714285714286,0.0288571428571428,28.571428571428573,1.7857142857142858,0.0,19.67142857142857,61.142857142857146,1028.7142857142858,56.05714285714286,11.042857142857144,-40.6648863907742
13.171428571428573,9.185714285714283,11.114285714285714,13.171428571428573,7.771428571428571,10.714285714285714,86.89999999999999,6.164285714285714,100.0,13.691428571428572,0.0,32.92857142857143,171.95714285714286,996.4714285714286,65.75714285714285,12.657142857142857,12.748401174932267
12.828571428571427,7.828571428571429,10.285714285714286,12.828571428571427,5.4,9.085714285714284,84.22857142857143,3.6915714285714287,100.0,5.952857142857143,0.0,38.114285714285714,193.68571428571428,1007.7285714285716,80.18571428571428,22.3,-10.383182849068476
17.271428571428572,12.55714285714286,14.9,17.271428571428572,12.55714285714286,14.9,78.91428571428571,0.6875714285714285,71.42857142857143,4.167142857142857,0.0,25.428571428571427,260.5,1018.4,78.11428571428571,29.728571428571428,6.512621678006553
11.571428571428571,5.8,8.6,11.428571428571429,3.3857142857142857,7.071428571428571,86.75714285714285,0.9267142857142856,85.71428571428571,7.735714285714286,0.0,21.9,247.9857142857143,1022.1285714285714,61.34285714285715,13.742857142857144,5.953806252201389
9.94285714285714,6.6000000000000005,8.1,8.042857142857143,3.642857142857143,5.9,91.37142857142858,0.511,57.142857142857146,2.9771428571428573,0.0,23.77142857142857,125.81428571428572,1023.4142857142856,65.9,8.700000000000001,19.078332591834965
5.942857142857143,1.7857142857142858,3.6571428571428575,2.3000000000000003,-2.757142857142857,-0.4571428571428572,80.31428571428572,2.4395714285714285,57.142857142857146,3.571428571428572,53.8,30.9,121.95714285714288,1015.5857142857144,71.65714285714286,10.642857142857142,-6.03462996022472
11.028571428571428,5.985714285714286,8.571428571428571,10.1,3.171428571428572,6.757142857142857,85.64285714285714,0.7921428571428571,42.85714285714285,2.381428571428572,0.0,40.85714285714285,254.67142857142855,1021.0,74.75714285714285,20.542857142857144,-62.67191863049095
9.057142857142855,1.042857142857143,4.914285714285714,6.785714285714286,-1.2571428571428571,2.771428571428572,82.41428571428571,0.0797142857142857,42.85714285714285,1.7871428571428571,0.0,25.0,284.85714285714283,1028.8142857142857,62.62857142857143,17.514285714285712,-44.99244239568384
16.8,10.542857142857144,13.814285714285717,16.8,9.957142857142856,13.685714285714283,79.2,2.4474285714285715,42.85714285714285,5.357142857142857,0.0,20.97142857142857,165.78571428571428,1025.742857142857,55.35714285714285,12.657142857142857,-3.875045508389917
12.914285714285716,5.971428571428571,9.414285714285716,12.914285714285716,3.7571428571428567,8.385714285714286,86.51428571428572,0.0,0.0,0.0,0.0,23.5,155.31428571428572,1011.5142857142856,59.871428571428574,11.028571428571428,-6.630193938156594
8.514285714285714,4.1,6.285714285714286,6.457142857142857,1.0,3.5142857142857147,88.82857142857142,2.7791428571428574,100.0,8.930000000000001,0.0,26.728571428571428,159.37142857142857,1006.9428571428572,63.15714285714286,15.142857142857142,6.245873746130201
20.928571428571427,12.285714285714286,16.814285714285713,20.928571428571427,12.285714285714286,16.814285714285713,64.31428571428572,0.0541428571428571,42.85714285714285,2.975714285714285,0.0,20.67142857142857,99.54285714285712,1021.4428571428572,24.52857142857143,11.528571428571428,-37.47609782817676
11.528571428571428,7.399999999999999,9.714285714285714,11.37142857142857,4.871428571428572,8.571428571428571,94.27142857142856,9.072571428571427,100.0,13.691428571428572,0.0,31.214285714285715,210.6,1006.8142857142856,79.7,9.671428571428573,21.05970986228681
6.742857142857143,1.5142857142857142,4.114285714285715,3.185714285714286,-2.2285714285714286,0.5142857142857143,79.02857142857144,0.1234285714285714,14.285714285714286,0.5957142857142858,0.0,27.214285714285715,115.42857142857144,1022.4857142857144,73.75714285714285,9.7,-49.60478961083152
9.814285714285717,4.7,7.399999999999999,9.028571428571428,1.3857142857142857,4.857142857142857,87.78571428571429,1.6295714285714282,85.71428571428571,5.357142857142857,0.0,31.47142857142857,171.78571428571428,1024.9428571428573,85.71428571428571,16.67142857142857,8.993792807847171
16.3,10.142857142857142,12.94285714285714,16.3,9.157142857142857,12.771428571428572,79.04285714285713,1.3892857142857145,57.142857142857146,3.571428571428572,0.0,25.985714285714284,155.1857142857143,1010.6714285714286,80.87142857142858,17.942857142857143,15.928031594197703
11.471428571428572,7.942857142857143,9.742857142857144,10.414285714285716,4.114285714285715,7.242857142857142,80.95714285714287,5.579571428571428,100.0,14.287142857142856,0.1571428571428571,45.642857142857146,242.8571428571429,994.157142857143,59.21428571428572,10.94285714285714,12.647040576845823
3.7285714285714286,-0.2857142857142857,1.5857142857142856,0.4857142857142856,-5.342857142857143,-2.8857142857142857,86.77142857142857,0.9301428571428572,28.571428571428573,1.7857142857142858,1.0,29.942857142857143,76.92857142857143,1015.9285714285714,85.8,4.685714285714285,26.010831133217607
8.328571428571427,2.485714285714286,5.428571428571429,6.557142857142857,-0.3428571428571429,2.8857142857142857,90.87142857142858,3.361285714285714,100.0,7.738571428571428,0.0,25.9,227.95714285714288,1010.657142857143,58.27142857142858,9.585714285714284,-2.755317175873984
9.514285714285714,5.214285714285714,7.714285714285714,8.299999999999999,2.771428571428572,5.857142857142857,86.38571428571429,0.8484285714285714,57.142857142857146,3.571428571428572,0.0,40.371428571428574,272.5,1027.1714285714286,80.2,20.042857142857144,11.007754635985066
23.8,11.571428571428571,17.928571428571427,23.75714285714286,11.185714285714283,17.87142857142857,66.37142857142857,0.0,0.0,0.0,0.0,23.928571428571427,90.25714285714284,1021.2571428571428,42.44285714285714,12.328571428571427,12.283193311795458
5.642857142857143,-0.9285714285714286,2.3714285714285714,2.042857142857143,-4.857142857142857,-1.342857142857143,75.68571428571428,0.9397142857142856,85.71428571428571,7.144285714285715,0.0,26.414285714285715,136.55714285714288,1016.3,62.67142857142858,13.3,25.154375952713732
12.314285714285717,7.357142857142857,9.94285714285714,12.314285714285717,4.9,8.442857142857143,81.7,1.6017142857142856,100.0,8.930000000000001,0.0,31.657142857142865,218.67142857142852,1013.8857142857142,60.285714285714285,14.7,26.36275257893124
17.185714285714287,11.242857142857144,14.114285714285714,17.185714285714287,11.042857142857144,14.042857142857144,84.7,1.5998571428571429,71.42857142857143,4.167142857142857,0.0,25.428571428571427,227.8857142857143,1010.4,65.58571428571427,20.514285714285712,-16.93574750747348
16.842857142857145,12.7,14.914285714285716,16.842857142857145,12.7,14.914285714285716,83.5,4.354,100.0,13.097142857142858,0.0,31.571428571428573,241.75714285714284,1009.342857142857,61.94285714285714,11.328571428571427,15.25892001512716
4.6571428571428575,-0.6714285714285714,2.085714285714286,2.1,-4.928571428571429,-1.385714285714286,88.60000000000001,3.674142857142858,71.42857142857143,5.951428571428571,0.1142857142857143,20.071428571428573,193.1,1035.1571428571428,72.3,8.928571428571429,7.344221786981848
10.2,5.614285714285714,7.8,8.528571428571428,2.8000000000000003,5.4,90.12857142857142,3.812,100.0,11.31,0.0,31.285714285714285,238.8428571428572,1008.1,70.71428571428571,10.171428571428573,-19.191833144092016
16.314285714285713,12.514285714285714,14.414285714285716,16.314285714285713,12.342857142857143,14.37142857142857,87.81428571428572,6.6571428571428575,100.0,14.882857142857144,0.0,28.714285714285715,184.8857142857143,1001.2285714285716,65.68571428571428,16.057142857142857,-28.39075897647024
6.557142857142857,3.5142857142857147,5.057142857142857,2.771428571428572,-1.6999999999999995,0.585714285714286,88.89999999999999,6.144428571428571,71.42857142857143,4.167142857142857,14.4,39.457142857142856,156.4857142857143,1008.6,92.58571428571427,12.642857142857142,5.86852907245509
23.65714285714285,14.62857142857143,18.87142857142857,23.65714285714285,14.62857142857143,18.87142857142857,77.14285714285714,0.0081428571428571,14.285714285714286,0.5957142857142858,0.0,20.014285714285712,157.6142857142857,1017.2714285714284,56.34285714285714,11.785714285714286,-9.407371075058336
7.042857142857143,3.4,5.285714285714286,5.542857142857143,0.6285714285714284,3.0142857142857147,93.08571428571427,1.792142857142857,100.0,9.522857142857143,0.1714285714285714,19.785714285714285,228.7571428571429,1011.3142857142856,64.5,12.8,4.216924037103468
13.985714285714286,8.614285714285714,11.314285714285717,13.985714285714286,6.985714285714286,10.714285714285714,77.28571428571429,1.5841428571428573,85.71428571428571,4.762857142857143,0.0,28.37142857142857,212.94285714285712,1000.342857142857,70.94285714285715,27.17142857142857,5.152715037563098
17.52857142857143,10.328571428571427,14.228571428571428,17.52857142857143,9.742857142857144,14.114285714285714,82.22857142857143,1.3071428571428572,100.0,8.930000000000001,0.0,28.185714285714287,236.0142857142857,1014.6714285714286,50.6,11.142857142857142,-39.3538457174144
19.87142857142857,10.8,15.457142857142856,19.87142857142857,10.228571428571428,15.3,68.04285714285713,0.6037142857142858,28.571428571428573,1.7857142857142858,0.0,21.0,168.42857142857142,1016.1857142857144,24.642857142857142,11.214285714285714,-36.67193640967616
19.3,14.171428571428573,16.642857142857142,19.3,14.171428571428573,16.642857142857142,82.34285714285714,0.6401428571428571,71.42857142857143,4.167142857142857,0.0,24.185714285714287,215.08571428571423,1017.1428571428572,72.74285714285715,23.97142857142857,-25.14028144683425
15.885714285714286,9.3,12.814285714285717,15.885714285714286,8.328571428571427,12.585714285714284,72.84285714285714,4.414428571428571,85.71428571428571,7.738571428571428,0.0,30.985714285714284,260.0857142857143,1007.8142857142856,59.41428571428571,17.157142857142855,30.35830632212821
14.642857142857142,9.9,12.257142857142856,14.642857142857142,8.357142857142858,12.142857142857142,84.51428571428572,1.029,85.71428571428571,5.951428571428571,0.0,36.98571428571428,231.77142857142857,1008.6857142857144,80.92857142857143,14.657142857142857,37.41682974693754
20.085714285714285,12.542857142857144,16.428571428571427,20.085714285714285,12.37142857142857,16.4,76.68571428571428,0.525,100.0,5.359999999999999,0.0,25.74285714285714,240.2428571428571,1018.4285714285714,50.22857142857144,11.042857142857144,-0.468452341721445
17.071428571428573,12.185714285714283,14.5,17.071428571428573,12.185714285714283,14.5,86.58571428571429,0.9951428571428572,85.71428571428571,5.952857142857143,0.0,25.014285714285712,258.68571428571425,1019.1857142857144,71.31428571428572,14.62857142857143,10.255828372679048
14.028571428571428,7.3,10.842857142857143,13.714285714285714,5.5,9.742857142857144,78.65714285714286,4.019,100.0,9.524285714285714,0.0,26.414285714285715,207.45714285714288,1006.7428571428572,52.54285714285714,12.157142857142857,33.214937242036626
7.428571428571429,2.3285714285714287,4.671428571428572,5.385714285714286,-1.1714285714285713,1.9142857142857144,90.07142857142857,0.305,42.85714285714285,2.381428571428572,0.0,21.8,158.02857142857144,1019.0714285714286,84.92857142857143,7.928571428571429,20.863366888402084
12.914285714285716,8.3,10.814285714285717,12.914285714285716,6.328571428571428,10.342857142857143,87.24285714285715,3.564285714285714,100.0,12.5,0.0,26.842857142857145,246.4857142857143,1014.8142857142856,75.67142857142858,10.757142857142856,-6.355580778959848
18.82857142857143,11.814285714285717,15.285714285714286,18.82857142857143,11.742857142857144,15.285714285714286,80.60000000000001,0.0317142857142857,42.85714285714285,2.9771428571428573,0.0,18.285714285714285,174.27142857142857,1022.2714285714284,57.22857142857144,10.785714285714286,-5.630020111948397
20.65714285714285,12.357142857142858,16.5,20.65714285714285,12.357142857142858,16.5,82.8,0.3639999999999999,42.85714285714285,2.975714285714285,0.0,20.885714285714283,188.8571428571429,1018.0714285714286,65.85714285714286,11.942857142857145,33.598996521568324
12.457142857142856,3.942857142857143,8.114285714285714,12.142857142857142,1.957142857142857,6.514285714285714,82.89999999999999,0.3842857142857143,42.85714285714285,1.7871428571428571,0.0,26.11428571428572,217.0142857142857,1016.3,51.285714285714285,15.757142857142856,-31.914202486932936
18.32857142857143,14.05714285714286,16.085714285714285,18.32857142857143,14.05714285714286,16.085714285714285,83.17142857142858,2.442142857142857,100.0,9.522857142857143,0.0,27.557142857142857,221.04285714285717,1011.2285714285716,67.15714285714286,11.542857142857144,-29.11054728607729
7.1000000000000005,3.1000000000000005,5.0857142857142845,4.442857142857143,-0.2857142857142857,1.957142857142857,93.55714285714284,1.337714285714286,57.142857142857146,4.1657142857142855,0.0,26.185714285714287,147.22857142857143,1017.5428571428572,81.92857142857143,6.185714285714285,20.833426045714877
19.25714285714286,12.485714285714286,16.071428571428573,19.25714285714286,12.485714285714286,16.071428571428573,82.05714285714285,1.0055714285714286,71.42857142857143,3.5728571428571425,0.0,21.942857142857143,205.87142857142857,1010.6714285714286,75.04285714285713,22.8,3.224753783647202
5.371428571428572,1.4428571428571428,3.257142857142857,2.7285714285714286,-2.128571428571429,0.1142857142857143,86.44285714285715,2.8874285714285715,85.71428571428571,11.311428571428571,0.0,20.185714285714287,179.5142857142857,1001.8142857142856,72.68571428571428,9.257142857142856,14.20975327232236
11.6,5.385714285714286,8.6,10.8,2.7142857142857144,6.742857142857143,80.95714285714287,0.924,57.142857142857146,3.571428571428572,0.0,34.91428571428572,231.01428571428573,999.6285714285714,71.4,21.785714285714285,-12.696956494733628
19.728571428571428,12.257142857142856,15.842857142857143,19.728571428571428,12.157142857142857,15.842857142857143,79.95714285714287,2.677,57.142857142857146,4.76,0.0,21.642857142857142,171.15714285714284,1015.4,59.51428571428572,13.242857142857144,15.932403501856015
8.457142857142857,1.8428571428571432,5.042857142857144,6.571428571428571,-0.8714285714285713,2.657142857142857,86.42857142857143,1.8742857142857143,100.0,7.74,0.0,25.25714285714286,223.22857142857143,1029.8714285714286,46.17142857142857,12.171428571428573,129.31950727576725
7.828571428571428,2.4857142857142853,5.1571428571428575,5.771428571428571,-1.1714285714285713,2.4,88.82857142857142,2.032,100.0,4.764285714285714,1.0,35.471428571428575,203.9857142857143,1000.3285714285714,67.02857142857142,14.385714285714286,-29.114670786379747
18.514285714285712,13.05714285714286,15.428571428571429,18.514285714285712,13.05714285714286,15.428571428571429,87.3,0.9181428571428571,28.571428571428573,1.1914285714285715,0.0,16.97142857142857,163.84285714285716,1020.3714285714286,75.04285714285713,12.585714285714284,9.04659449987946
20.74285714285714,14.314285714285711,17.3,20.74285714285714,14.171428571428567,17.285714285714285,86.24285714285715,1.5617142857142858,85.71428571428571,5.951428571428571,0.0,21.285714285714285,187.92857142857144,1013.4142857142856,79.75714285714285,16.52857142857143,-34.90157690459432
17.52857142857143,12.285714285714286,15.0,17.52857142857143,11.842857142857143,14.871428571428572,83.94285714285715,3.7988571428571434,100.0,11.31,0.0,28.32857142857143,178.27142857142857,1010.8714285714286,62.52857142857143,13.342857142857143,-6.889232864247788
18.557142857142857,13.228571428571428,15.885714285714286,18.557142857142857,12.857142857142858,15.814285714285717,83.44285714285715,3.6527142857142856,71.42857142857143,6.545714285714285,0.0,22.542857142857144,130.77142857142857,1018.3857142857142,63.285714285714285,12.185714285714283,0.0824331798650064
12.94285714285714,7.042857142857143,9.742857142857144,12.94285714285714,4.557142857142857,8.4,84.71428571428571,1.5717142857142858,57.142857142857146,4.1657142857142855,0.0,27.17142857142857,210.52857142857144,1012.2142857142856,78.3,19.985714285714288,0.3769131909622274
14.714285714285714,7.685714285714285,11.05714285714286,14.714285714285714,6.214285714285714,10.3,86.60000000000001,5.495428571428572,100.0,11.31,0.0,21.37142857142857,214.0,1012.2285714285716,69.01428571428572,11.185714285714283,7.514195430289078
20.185714285714287,12.05714285714286,16.085714285714285,20.185714285714287,11.757142857142856,16.057142857142857,77.10000000000001,1.360428571428571,42.85714285714285,2.381428571428572,0.0,28.74285714285714,277.6428571428572,1016.9714285714286,62.285714285714285,31.742857142857144,-24.20935470894256
5.1000000000000005,1.7285714285714284,3.442857142857143,2.542857142857143,-2.3999999999999995,0.1428571428571428,85.62857142857142,0.4872857142857142,85.71428571428571,6.547142857142857,0.0,22.385714285714283,74.24285714285715,1020.4142857142856,61.0,10.157142857142857,-26.30273835517005
8.557142857142859,3.3000000000000003,5.828571428571429,6.542857142857143,-0.2428571428571427,2.8285714285714287,84.91428571428571,1.3485714285714283,71.42857142857143,5.954285714285715,0.0,22.414285714285715,85.28571428571429,1007.7,65.55714285714285,7.657142857142857,26.122948484554627
17.114285714285717,10.742857142857144,14.05714285714286,17.114285714285717,10.257142857142856,13.971428571428572,88.60000000000001,0.8245714285714286,85.71428571428571,8.332857142857142,0.0,22.857142857142858,240.25714285714284,1023.1857142857144,75.48571428571428,8.985714285714286,47.94883643603737
18.65714285714285,13.028571428571428,15.62857142857143,18.65714285714285,13.028571428571428,15.62857142857143,81.82857142857142,3.885428571428572,100.0,6.547142857142857,0.0,32.75714285714286,240.68571428571428,1014.8571428571428,78.14285714285714,22.5,-13.60451749053084
11.05714285714286,4.614285714285714,7.857142857142857,10.685714285714283,1.9714285714285715,6.328571428571428,89.47142857142856,0.4998571428571428,28.571428571428573,1.7857142857142858,0.0,18.714285714285715,127.85714285714286,1018.7428571428572,54.34285714285714,11.342857142857143,-10.66762767250384
8.971428571428572,5.257142857142857,7.485714285714286,5.428571428571429,0.8857142857142858,3.642857142857143,86.48571428571428,1.7775714285714286,100.0,6.547142857142857,0.0,46.3,275.45714285714286,1019.5857142857144,82.45714285714287,12.414285714285713,-40.61323610158274
3.742857142857143,-2.2,0.6857142857142857,-0.6285714285714287,-8.057142857142857,-4.742857142857143,80.45714285714287,0.6005714285714286,42.85714285714285,1.7871428571428571,5.9,45.34285714285714,90.97142857142856,999.3,66.28571428571429,12.928571428571429,69.53393637112993
17.24285714285714,11.742857142857144,14.257142857142856,17.24285714285714,11.6,14.242857142857144,84.04285714285713,1.570714285714286,71.42857142857143,5.951428571428571,0.0,23.085714285714285,207.7142857142857,1011.1857142857144,71.28571428571429,12.457142857142856,-11.618343873757794
17.414285714285715,13.171428571428573,15.185714285714283,17.414285714285715,13.171428571428573,15.185714285714283,83.57142857142857,8.087857142857143,100.0,10.714285714285714,0.0,24.97142857142857,227.2,1015.7714285714284,60.58571428571429,11.157142857142857,11.694988303211062
12.257142857142856,3.514285714285714,8.114285714285714,11.114285714285714,0.4999999999999999,6.242857142857143,65.22857142857143,0.1935714285714285,28.571428571428573,1.1914285714285715,0.0,23.1,124.44285714285716,1019.7571428571428,66.91428571428571,22.214285714285715,34.91721454931883
14.614285714285714,9.114285714285716,12.228571428571428,14.614285714285714,8.314285714285715,12.028571428571428,80.88571428571429,4.149,57.142857142857146,4.1657142857142855,0.0,37.04285714285714,201.9142857142857,1010.2,71.67142857142856,22.27142857142857,14.446909831900712
4.514285714285714,0.3,2.242857142857143,1.4,-4.671428571428572,-1.942857142857143,87.47142857142856,2.2074285714285717,85.71428571428571,9.524285714285714,0.7999999999999999,29.0,151.65714285714284,1010.9714285714284,58.44285714285714,12.742857142857144,-10.428786824238957
8.671428571428573,3.271428571428572,5.957142857142857,6.3,-0.2714285714285714,2.9,82.97142857142856,2.108,85.71428571428571,6.548571428571429,0.0,28.47142857142857,226.2428571428572,1013.1857142857144,57.17142857142857,13.157142857142857,51.941130291985246
11.028571428571428,5.485714285714286,8.657142857142857,10.614285714285714,3.1,7.557142857142857,87.04285714285713,3.5884285714285715,100.0,9.525714285714288,0.0,23.342857142857145,297.7285714285714,1022.1285714285714,64.81428571428572,12.928571428571429,2.774785483154801
17.557142857142857,10.8,14.228571428571428,17.557142857142857,10.528571428571428,14.185714285714283,79.22857142857143,1.0812857142857142,57.142857142857146,4.762857142857143,0.0,22.585714285714285,228.8571428571429,1014.8714285714286,51.01428571428572,11.0,25.5364128916176
14.928571428571429,10.928571428571429,13.05714285714286,14.928571428571429,10.671428571428573,12.94285714285714,90.84285714285714,5.250857142857143,100.0,12.5,0.0,22.057142857142857,174.1,1004.6285714285714,67.4857142857143,10.185714285714283,25.492525165174243
11.2,7.185714285714285,9.414285714285716,11.2,5.928571428571429,8.642857142857142,91.08571428571427,1.7478571428571428,100.0,8.930000000000001,0.0,22.485714285714288,235.78571428571428,1016.0428571428572,74.81428571428572,11.3,-8.866798952432646
8.928571428571429,2.771428571428572,5.985714285714286,5.885714285714286,-0.7000000000000001,2.8714285714285714,83.04285714285713,0.979,71.42857142857143,5.355714285714286,0.0,38.98571428571428,263.7,1005.4428571428572,61.885714285714286,24.514285714285712,45.199067822652864
18.285714285714285,10.042857142857144,14.37142857142857,18.285714285714285,9.8,14.328571428571427,74.04285714285713,0.0454285714285714,28.571428571428573,1.7857142857142858,0.0,29.571428571428573,290.2,1017.2142857142856,55.55714285714286,37.04285714285714,-16.277134312636576
16.757142857142856,10.142857142857142,13.2,16.757142857142856,9.5,13.12857142857143,78.38571428571429,2.714714285714286,85.71428571428571,5.357142857142857,0.0,25.77142857142857,197.7142857142857,1013.0571428571428,80.97142857142856,20.957142857142856,14.743460848107816
9.05714285714286,4.5285714285714285,6.785714285714286,7.757142857142857,1.7714285714285716,4.685714285714285,82.9,0.0514285714285714,71.42857142857143,4.761428571428572,0.0,20.185714285714287,158.84285714285716,1017.7,53.871428571428574,12.642857142857142,-25.042695467658746
21.62857142857143,11.7,16.8,21.62857142857143,11.542857142857144,16.785714285714285,75.89999999999999,0.5595714285714285,57.142857142857146,2.9771428571428573,0.0,19.228571428571428,201.05714285714288,1023.7571428571428,50.57142857142857,21.314285714285717,48.44242064400123
14.642857142857142,9.6,12.014285714285714,14.642857142857142,8.785714285714286,11.642857142857142,86.04285714285713,3.633714285714286,100.0,7.144285714285714,0.0,15.771428571428572,166.77142857142857,1022.2,60.92857142857143,10.071428571428571,-8.587215687233765
16.985714285714288,10.94285714285714,13.885714285714286,16.985714285714288,10.757142857142856,13.87142857142857,79.89999999999999,4.026428571428572,71.42857142857143,4.761428571428572,85.0,24.27142857142857,246.45714285714288,1014.6857142857144,76.97142857142858,23.74285714285714,-18.789328079767078
18.385714285714283,12.12857142857143,15.228571428571428,18.385714285714283,12.12857142857143,15.228571428571428,82.51428571428572,0.6951428571428571,85.71428571428571,7.738571428571428,0.0,26.1,284.3428571428572,1017.5285714285714,65.62857142857142,14.457142857142856,10.432769909977653
15.657142857142857,10.542857142857144,13.042857142857144,15.657142857142857,9.428571428571429,12.785714285714286,82.07142857142857,1.2638571428571428,71.42857142857143,6.547142857142857,0.0,32.214285714285715,268.8285714285714,1018.7142857142856,58.71428571428572,12.657142857142857,13.52998703691128
12.842857142857143,9.828571428571427,11.571428571428571,12.842857142857143,8.528571428571428,11.357142857142858,93.28571428571428,2.388142857142857,85.71428571428571,5.357142857142857,0.0,31.214285714285715,232.28571428571428,1017.9142857142856,88.37142857142858,10.771428571428572,-4.44075959827353
17.7,10.05714285714286,14.085714285714284,17.7,9.728571428571428,14.014285714285714,82.47142857142856,0.0242857142857142,14.285714285714286,0.5957142857142858,0.0,23.942857142857143,284.0571428571429,1018.1285714285714,73.77142857142857,18.842857142857145,-18.303453190036866
20.1,14.528571428571428,17.214285714285715,20.1,14.528571428571428,17.214285714285715,81.5,0.5274285714285714,71.42857142857143,5.951428571428571,0.0,25.357142857142858,300.37142857142857,1020.3142857142856,62.44285714285714,11.185714285714283,24.489035395647534
16.114285714285714,10.914285714285716,13.55714285714286,16.114285714285714,10.314285714285717,13.428571428571429,85.88571428571429,3.474857142857143,85.71428571428571,6.548571428571429,0.0,22.285714285714285,138.8,1014.7428571428572,70.07142857142857,12.428571428571429,-12.826512576264804
9.085714285714284,3.8,6.6000000000000005,7.771428571428571,1.5142857142857145,4.428571428571429,87.61428571428571,0.1802857142857143,57.142857142857146,2.9771428571428573,0.0,22.11428571428572,244.7142857142857,1033.9857142857145,57.18571428571428,11.828571428571427,23.51538653145201
11.471428571428572,5.1571428571428575,8.514285714285714,11.471428571428572,3.2285714285714286,7.328571428571428,85.0,0.814,71.42857142857143,2.9785714285714286,0.0,25.7,249.75714285714284,1025.9714285714283,72.08571428571429,24.61428571428572,-9.384102184959488
17.585714285714285,12.214285714285714,14.728571428571428,17.585714285714285,11.985714285714286,14.685714285714283,83.22857142857143,2.8382857142857145,85.71428571428571,8.332857142857142,0.0,23.071428571428573,247.1,1023.1285714285714,65.37142857142858,22.32857142857143,-12.69963703597557
19.228571428571428,13.185714285714283,15.928571428571429,19.228571428571428,12.957142857142856,15.900000000000002,75.8142857142857,0.0839999999999999,42.85714285714285,1.7871428571428571,0.0,27.414285714285715,219.0142857142857,1015.5428571428572,82.89999999999999,20.042857142857144,-28.768717686575883
12.157142857142857,7.114285714285714,9.357142857142858,11.571428571428571,3.985714285714285,7.414285714285714,86.94285714285715,0.1418571428571428,28.571428571428573,2.38,0.0,31.428571428571427,189.65714285714287,1017.0714285714286,79.55714285714285,11.585714285714284,89.86037468260088
20.914285714285715,12.214285714285714,16.271428571428572,21.02857142857143,11.471428571428572,16.157142857142855,79.21428571428571,1.922,28.571428571428573,1.7857142857142858,0.0,28.17142857142857,97.2714285714286,1017.0285714285714,68.47142857142858,11.62857142857143,7.049583331470103
9.328571428571427,6.285714285714286,7.899999999999999,7.214285714285714,2.771428571428572,5.1571428571428575,91.78571428571428,1.1522857142857144,100.0,11.308571428571428,0.0,29.185714285714287,233.52857142857144,1013.0285714285714,71.91428571428571,9.214285714285714,-26.78943236606437
15.685714285714283,9.457142857142856,12.914285714285716,15.685714285714283,8.528571428571428,12.642857142857142,85.3,7.175285714285715,100.0,11.308571428571428,0.0,24.685714285714287,214.2,1011.7,56.35714285714285,10.357142857142858,-53.210341015464
14.157142857142857,7.171428571428572,10.4,14.157142857142857,4.471428571428572,9.085714285714284,78.37142857142858,0.236,100.0,5.954285714285715,0.0,23.928571428571427,205.2142857142857,1021.0714285714286,61.88571428571429,9.757142857142856,-4.614926831404091
14.157142857142857,7.628571428571428,10.642857142857142,14.157142857142857,5.542857142857143,10.05714285714286,82.3,0.0601428571428571,14.285714285714286,0.5957142857142858,0.0,23.27142857142857,259.75714285714287,1026.9,87.71428571428571,18.342857142857145,-0.9222801126667264
8.614285714285714,3.0,5.8,7.257142857142857,0.2,3.6571428571428575,87.0,1.3128571428571427,42.85714285714285,2.975714285714285,0.0,16.485714285714288,152.54285714285714,1016.657142857143,61.82857142857143,11.742857142857144,11.782122471461207
8.328571428571427,3.142857142857143,5.514285714285714,6.314285714285715,-0.5,2.5285714285714285,85.37142857142858,0.4485714285714285,57.142857142857146,5.357142857142857,0.0,22.75714285714286,161.08571428571426,1021.7857142857144,59.02857142857143,11.571428571428571,-6.330694577673739
12.514285714285714,5.957142857142856,9.6,12.085714285714284,2.757142857142857,8.171428571428573,85.04285714285713,4.020142857142857,100.0,10.12,0.0,29.2,161.95714285714286,999.9428571428572,66.92857142857143,14.571428571428571,-10.229355167619133
17.2,10.228571428571428,13.55714285714286,17.2,9.542857142857144,13.37142857142857,81.41428571428571,0.9098571428571428,71.42857142857143,4.761428571428572,0.0,31.228571428571428,266.9142857142857,1006.2,73.38571428571429,23.857142857142858,11.460615253171795
10.714285714285714,5.214285714285714,8.77142857142857,10.171428571428573,2.1142857142857143,6.957142857142857,85.38571428571429,3.4370000000000003,100.0,13.095714285714283,0.0,34.22857142857143,262.5571428571429,1019.6,66.34285714285714,11.928571428571429,-23.92623325602176
8.614285714285714,6.714285714285714,7.7,6.257142857142857,3.3000000000000003,4.771428571428571,94.05714285714284,0.7914285714285715,85.71428571428571,4.762857142857143,0.0,26.2,122.58571428571427,1016.1857142857144,96.74285714285716,6.928571428571429,-11.255796715391284
17.257142857142856,9.142857142857142,13.1,17.257142857142856,7.614285714285714,12.4,71.32857142857144,3.162428571428572,57.142857142857146,5.357142857142857,0.0,20.957142857142856,116.7,1006.6,48.02857142857143,14.757142857142856,2.621184143350092
13.642857142857142,5.371428571428572,9.3,13.642857142857142,2.3000000000000003,7.642857142857143,68.38571428571429,0.0,0.0,0.0,0.0,25.642857142857142,56.71428571428572,1026.742857142857,35.528571428571425,11.0,-5.512889827571826
14.3,10.0,12.257142857142856,14.3,9.057142857142855,11.957142857142856,89.11428571428571,1.4474285714285713,85.71428571428571,8.927142857142858,0.0,24.357142857142858,270.22857142857146,1024.3142857142857,67.77142857142857,10.642857142857142,-0.7797128768527273
22.47142857142857,13.471428571428572,17.657142857142855,22.47142857142857,13.471428571428572,17.657142857142855,74.42857142857143,0.798,28.571428571428573,1.1914285714285715,0.0,28.15714285714285,236.32857142857145,1010.4142857142858,57.05714285714286,23.62857142857143,-11.978988417560345
22.2,13.671428571428573,17.87142857142857,22.2,13.671428571428573,17.87142857142857,72.32857142857144,0.0995714285714285,57.142857142857146,2.9771428571428573,0.0,23.885714285714283,275.31428571428575,1017.1857142857144,24.32857142857143,15.657142857142858,-5.939544345395234
16.3,12.37142857142857,14.171428571428573,16.3,12.37142857142857,14.171428571428573,83.2,6.056857142857142,100.0,7.141428571428572,0.0,35.528571428571425,234.54285714285717,1005.0,77.62857142857142,18.6,-16.035083355835127
15.528571428571428,10.185714285714283,12.485714285714286,15.528571428571428,9.414285714285716,12.228571428571428,85.51428571428572,1.391857142857143,100.0,5.3585714285714285,0.0,30.2,235.77142857142857,1014.7142857142856,83.89999999999999,14.928571428571429,-45.58939776909597
25.25714285714286,14.8,19.985714285714288,25.185714285714287,14.8,19.97142857142857,72.04285714285714,0.0227142857142857,14.285714285714286,0.5957142857142858,0.0,19.857142857142858,220.7428571428572,1024.6571428571428,22.814285714285717,16.957142857142856,37.05397246592759
8.485714285714286,3.7285714285714286,6.271428571428571,6.785714285714286,1.5285714285714285,4.257142857142857,91.58571428571427,4.933285714285715,100.0,11.904285714285717,0.0,18.62857142857143,216.9857142857143,1003.5571428571428,65.31428571428572,12.185714285714283,-74.18548548964259
16.32857142857143,9.37142857142857,13.12857142857143,16.32857142857143,8.185714285714285,12.885714285714286,79.44285714285715,4.398142857142857,100.0,8.930000000000001,0.0,26.5,199.8571428571429,1008.157142857143,62.0,16.214285714285715,-2.259401270212265
10.014285714285714,5.028571428571429,7.428571428571429,8.9,1.042857142857143,3.857142857142857,86.61428571428571,1.3334285714285714,57.142857142857146,4.76,0.0,45.21428571428572,225.3857142857143,1010.6857142857144,71.41428571428573,13.05714285714286,35.184391721001816
9.3,5.285714285714286,7.371428571428572,7.399999999999999,2.042857142857143,4.842857142857143,86.35714285714286,1.0745714285714285,100.0,10.117142857142856,0.0285714285714285,25.74285714285714,280.54285714285714,1025.9,69.84285714285714,14.342857142857143,-10.08652571388552
18.2,7.085714285714286,13.085714285714284,18.2,4.485714285714286,12.257142857142856,65.37142857142858,0.5042857142857143,57.142857142857146,2.9771428571428573,0.0,29.314285714285717,105.9,1027.8428571428572,41.25714285714286,23.62857142857143,-50.980904820255546
9.671428571428573,1.0142857142857142,4.914285714285714,8.22857142857143,-2.585714285714286,2.042857142857143,71.71428571428571,0.0557142857142857,14.285714285714286,0.5957142857142858,0.0,24.17142857142857,127.24285714285712,1030.3142857142857,36.48571428571428,26.37142857142857,-42.699440349962856
14.0,8.542857142857143,10.6,14.0,5.814285714285715,9.457142857142856,84.61428571428571,4.234571428571429,100.0,10.714285714285714,0.0,22.428571428571427,149.0142857142857,1010.5857142857144,66.05714285714285,9.128571428571428,17.758437395323313
14.885714285714286,9.314285714285717,12.285714285714286,14.885714285714286,8.242857142857142,12.05714285714286,87.12857142857142,5.074428571428571,100.0,11.905714285714286,0.0,22.74285714285714,240.44285714285712,1015.2857142857144,58.557142857142864,12.657142857142857,-29.643620185438067
12.428571428571429,7.571428571428571,10.085714285714284,12.428571428571429,5.371428571428572,9.085714285714284,94.51428571428572,0.0,0.0,0.0,0.0,23.557142857142857,225.5142857142857,1022.9571428571428,82.32857142857142,8.571428571428571,-30.11807174566252
14.214285714285714,8.2,11.214285714285714,14.214285714285714,6.242857142857143,10.5,81.2,3.606857142857143,85.71428571428571,8.332857142857142,0.0,26.5,202.17142857142855,1017.5571428571428,61.98571428571428,10.4,-13.970145692363076
9.857142857142858,3.985714285714285,7.142857142857143,8.214285714285714,1.5571428571428572,4.685714285714285,88.37142857142858,1.3467142857142858,85.71428571428571,6.545714285714285,0.0,24.32857142857143,257.8428571428572,1028.2714285714285,72.5,11.185714285714283,5.694929853866483
9.37142857142857,2.257142857142857,6.0,8.085714285714285,-0.5999999999999999,3.885714285714286,82.08571428571429,0.2805714285714286,85.71428571428571,5.3585714285714285,0.0,21.5,194.0428571428572,1018.9428571428572,45.885714285714286,14.385714285714286,-3.750649567986443
19.11428571428572,12.757142857142856,15.771428571428572,19.11428571428572,12.757142857142856,15.771428571428572,83.8,0.2255714285714286,42.85714285714285,1.7871428571428571,0.0,28.228571428571428,238.64285714285717,1018.1857142857144,75.41428571428571,18.15714285714285,13.01687534063467
17.071428571428573,10.042857142857144,13.457142857142856,17.071428571428573,9.714285714285714,13.357142857142858,71.77142857142857,0.0,0.0,0.0,0.0,19.228571428571428,213.22857142857143,1021.157142857143,84.05714285714285,12.542857142857144,-48.02549912854818
9.957142857142856,5.314285714285715,7.885714285714285,7.957142857142857,1.7285714285714284,4.728571428571429,85.65714285714286,11.354,100.0,13.095714285714283,0.3285714285714285,39.85714285714285,253.2571428571429,1004.4714285714286,62.55714285714286,14.028571428571428,10.53523979898648
10.071428571428571,5.185714285714285,7.785714285714286,9.214285714285714,2.7,6.357142857142857,87.2,2.8168571428571427,100.0,11.905714285714286,0.0,23.27142857142857,230.44285714285712,1021.5571428571428,70.97142857142858,11.157142857142857,3.0266712436742864
17.257142857142856,11.957142857142856,14.414285714285716,17.257142857142856,11.485714285714286,14.385714285714286,83.47142857142856,1.9282857142857144,85.71428571428571,8.332857142857142,0.0,26.142857142857142,167.6142857142857,1012.157142857143,68.95714285714286,14.757142857142856,10.712943984923754
17.185714285714287,9.057142857142855,13.614285714285714,17.185714285714287,7.771428571428571,13.471428571428572,77.3,0.3097142857142857,42.85714285714285,2.381428571428572,0.0,24.800000000000004,188.45714285714288,1025.5857142857144,62.971428571428575,24.042857142857144,7.793458544726377
13.285714285714286,10.471428571428572,11.757142857142856,13.285714285714286,9.128571428571428,11.585714285714284,88.57142857142857,4.417142857142857,100.0,12.501428571428573,0.0,32.614285714285714,252.3142857142857,1011.5714285714286,76.88571428571429,10.685714285714283,-0.9424841504032884
11.928571428571429,5.642857142857143,8.542857142857143,11.528571428571428,3.0285714285714285,6.6571428571428575,83.61428571428571,1.3594285714285714,42.85714285714285,2.975714285714285,0.0,24.5,115.32857142857142,1005.5428571428572,69.52857142857144,19.77142857142857,-88.33447392702692
0.9,-1.3857142857142857,-0.2285714285714286,-3.442857142857143,-7.685714285714285,-5.8,79.5,0.0077142857142857,14.285714285714286,1.19,0.0,29.214285714285715,70.71428571428571,1015.4285714285714,97.01428571428572,15.914285714285716,278.91872282083784
17.97142857142857,12.55714285714286,15.385714285714286,17.97142857142857,12.385714285714286,15.37142857142857,82.75714285714285,0.5577142857142857,100.0,9.522857142857143,0.0,28.75714285714286,269.2285714285714,1016.5285714285714,64.31428571428572,14.257142857142856,2.898919173320678
7.414285714285714,3.0857142857142854,5.557142857142857,3.942857142857143,-0.7142857142857143,1.8571428571428568,87.27142857142857,8.583571428571428,100.0,14.882857142857144,7.057142857142857,36.371428571428574,238.44285714285712,989.2285714285716,59.25714285714286,11.142857142857142,9.52988195958119
-1.4142857142857144,-5.2,-3.1142857142857143,-7.071428571428571,-12.285714285714286,-9.44285714285714,80.01428571428572,0.3064285714285714,28.571428571428573,1.1914285714285715,6.966666666666666,33.32857142857143,47.54285714285714,1020.6714285714286,75.17142857142856,13.714285714285714,91.73234371627132
8.657142857142857,5.1571428571428575,6.942857142857143,7.185714285714285,2.128571428571429,4.371428571428572,91.71428571428572,3.775428571428571,100.0,11.311428571428571,0.0,24.47142857142857,182.95714285714288,1020.5714285714286,75.72857142857143,7.871428571428571,-10.971133547691124
20.62857142857143,11.257142857142856,15.94285714285714,20.62857142857143,11.257142857142856,15.94285714285714,70.27142857142857,0.0222857142857142,14.285714285714286,0.5957142857142858,0.0,20.24285714285714,223.62857142857143,1019.6714285714286,50.82857142857143,19.914285714285715,-5.673202772098307
8.814285714285715,3.7285714285714286,6.357142857142857,6.757142857142857,0.5142857142857143,3.628571428571429,90.58571428571427,5.876857142857143,100.0,12.5,0.0,22.885714285714283,212.94285714285712,1000.8285714285714,53.8,15.257142857142856,19.45527760176151
9.928571428571429,5.371428571428572,7.5857142857142845,8.085714285714285,0.3285714285714285,3.857142857142857,83.94285714285715,3.385,100.0,7.735714285714286,3.0,52.371428571428574,239.05714285714288,1006.2428571428572,87.11428571428571,16.614285714285714,5.97289718891227
9.285714285714286,4.257142857142857,6.542857142857143,8.671428571428573,0.6714285714285715,3.7857142857142856,84.89999999999999,6.572571428571429,100.0,12.501428571428573,0.0,27.942857142857143,177.71428571428572,998.3142857142856,74.15714285714286,10.242857142857144,-29.689099994846856
9.714285714285714,5.128571428571428,7.314285714285715,8.085714285714285,1.8714285714285717,4.885714285714286,90.6,4.309428571428572,85.71428571428571,8.928571428571429,0.0,26.65714285714285,220.8428571428572,1011.8571428571428,67.77142857142857,11.728571428571428,25.02999847773617
6.142857142857143,3.271428571428572,4.685714285714285,4.828571428571428,-0.1428571428571428,2.157142857142857,92.88571428571429,1.260142857142857,100.0,12.5,0.0,19.685714285714287,98.72857142857144,1030.8428571428572,89.7,4.385714285714286,56.452981748561
12.0,6.985714285714286,9.957142857142856,11.414285714285716,3.914285714285714,8.114285714285714,88.57142857142857,7.225714285714285,100.0,14.882857142857144,0.0,40.1,198.45714285714288,999.0285714285714,76.71428571428571,9.885714285714286,2.783956988879595
7.514285714285714,2.514285714285714,5.014285714285714,5.228571428571429,-0.6285714285714287,2.3714285714285714,81.88571428571429,0.1728571428571428,57.142857142857146,4.167142857142857,0.0,21.02857142857143,117.6,1028.3857142857144,62.25714285714286,10.542857142857144,-42.35890216252574
4.4,1.4285714285714286,3.1142857142857143,0.3142857142857143,-3.271428571428572,-1.5285714285714285,86.7,3.4897142857142853,71.42857142857143,8.334285714285715,0.3285714285714285,32.285714285714285,153.91428571428574,998.5428571428572,60.22857142857144,11.014285714285714,10.15404605036258
13.814285714285717,4.6000000000000005,9.185714285714283,13.814285714285717,2.685714285714286,7.885714285714286,74.21428571428571,0.0797142857142857,14.285714285714286,1.19,0.0,21.5,238.68571428571428,1028.6571428571428,30.571428571428573,22.62857142857143,-17.649351042178296
10.7,7.428571428571429,9.0,10.214285714285714,3.971428571428572,6.5,93.67142857142858,5.847428571428572,100.0,12.5,0.0,41.471428571428575,223.3,1008.9714285714286,82.2,8.77142857142857,-10.22726864125832
-0.9571428571428572,-4.614285714285714,-2.8428571428571425,-8.242857142857144,-12.657142857142857,-10.485714285714286,76.89999999999999,0.3484285714285714,14.285714285714286,1.19,3.9,43.85714285714285,69.10000000000001,1009.4571428571428,75.25714285714285,11.485714285714286,20.57517924679314
18.9,13.242857142857144,16.114285714285714,18.9,13.242857142857144,16.114285714285714,78.10000000000001,0.3865714285714285,57.142857142857146,4.1657142857142855,0.0,30.842857142857145,220.7,1016.4428571428572,80.25714285714285,22.11428571428572,-2.8188395167943554
18.357142857142858,13.814285714285717,15.8,18.357142857142858,13.814285714285717,15.8,85.17142857142856,4.575,100.0,11.31,0.0,23.985714285714288,123.37142857142858,1006.6714285714286,78.12857142857142,12.457142857142856,2.4868399443887483
17.242857142857144,8.985714285714286,12.857142857142858,17.242857142857144,7.971428571428571,12.5,75.37142857142858,0.0,0.0,0.0,0.0,19.2,158.28571428571428,1023.0571428571428,51.04285714285714,14.171428571428573,29.865732011080357
17.585714285714285,13.042857142857144,14.985714285714286,17.585714285714285,13.042857142857144,14.985714285714286,89.38571428571429,2.7504285714285714,100.0,8.927142857142858,0.0,20.485714285714288,180.5142857142857,1017.9857142857144,62.285714285714285,10.385714285714286,-4.616670578923049
10.12857142857143,4.385714285714285,7.557142857142857,9.257142857142856,1.9428571428571428,5.228571428571428,86.58571428571429,2.616571428571429,100.0,7.738571428571428,0.0,28.014285714285712,256.2285714285714,1016.0571428571428,64.65714285714286,10.657142857142857,73.41292233233048
18.985714285714288,11.342857142857143,15.085714285714284,18.985714285714288,10.471428571428572,14.87142857142857,73.48571428571428,1.7797142857142858,57.142857142857146,6.547142857142857,0.0,24.542857142857144,100.47142857142856,1014.7571428571428,47.15714285714286,9.9,-68.02073299761173
8.9,3.3285714285714287,6.0,6.571428571428571,-0.8285714285714285,2.757142857142857,86.52857142857144,1.2644285714285717,71.42857142857143,2.9785714285714286,0.0,28.12857142857143,197.82857142857145,1019.2714285714284,74.88571428571429,15.642857142857142,5.053116830571753
13.042857142857144,9.72857142857143,11.5,12.685714285714283,8.057142857142859,10.757142857142856,85.35714285714286,6.321,100.0,16.074285714285715,0.0,42.31428571428571,259.4857142857143,1011.1714285714286,86.42857142857143,9.428571428571429,-69.57179085614689
18.957142857142856,13.37142857142857,15.828571428571427,18.957142857142856,13.37142857142857,15.828571428571427,82.97142857142856,2.468285714285714,71.42857142857143,3.5728571428571425,0.0,21.32857142857143,170.68571428571428,1012.0571428571428,86.31428571428572,12.62857142857143,9.160761897908628
10.285714285714286,5.842857142857143,8.371428571428572,8.571428571428571,2.4,5.885714285714286,88.55714285714285,3.917571428571428,85.71428571428571,10.715714285714286,0.0,34.01428571428571,138.04285714285714,1007.1,75.42857142857143,9.985714285714286,-6.407830291723371
18.014285714285712,13.114285714285714,15.471428571428572,18.014285714285712,13.114285714285714,15.471428571428572,80.31428571428572,2.9567142857142854,100.0,8.332857142857142,0.0,25.15714285714285,225.5,1012.7428571428572,64.61428571428571,10.428571428571429,-19.879715816111684
6.642857142857143,1.6,4.314285714285714,3.3857142857142857,-2.257142857142857,0.4285714285714286,78.14285714285714,2.132142857142857,71.42857142857143,7.738571428571428,0.0428571428571428,34.81428571428571,179.07142857142858,1018.5428571428572,52.114285714285714,11.885714285714286,-44.2285393199918
15.442857142857145,7.8,11.685714285714283,15.442857142857145,6.571428571428571,11.257142857142856,72.74285714285715,0.3574285714285715,42.85714285714285,2.9771428571428573,0.0,23.357142857142858,184.3428571428572,1017.4571428571428,67.91428571428571,18.385714285714283,2.086492483605525
13.157142857142857,9.142857142857142,11.314285714285717,13.157142857142857,7.042857142857143,10.485714285714286,87.67142857142858,9.019,100.0,10.712857142857144,0.0,31.67142857142857,248.6142857142857,1012.7714285714284,71.94285714285715,12.4,-4.13651893779911
13.428571428571429,6.671428571428572,10.071428571428571,13.428571428571429,4.642857142857143,9.042857142857144,81.8,2.3408571428571427,71.42857142857143,5.357142857142857,0.0,22.514285714285712,112.87142857142858,1011.6857142857144,56.0,12.928571428571429,25.09151102958731
16.842857142857145,7.271428571428571,12.342857142857143,16.842857142857145,6.185714285714285,11.94285714285714,71.92857142857143,0.3628571428571429,28.571428571428573,1.1914285714285715,0.0,20.27142857142857,184.7428571428572,1017.157142857143,43.85714285714285,16.2,-38.49759498572007
11.7,2.757142857142857,7.3428571428571425,11.3,0.6142857142857142,6.0,79.7,0.2494285714285714,57.142857142857146,3.571428571428572,0.0,21.6,275.3,1025.4571428571428,52.3,22.228571428571428,1.2919331294019685
21.15714285714285,11.7,16.4,21.15714285714285,11.585714285714284,16.385714285714286,72.47142857142858,1.1034285714285714,100.0,10.12,0.0,22.4,158.47142857142856,1016.6857142857144,44.285714285714285,10.885714285714286,0.1245664746581951
18.61428571428572,11.428571428571429,15.142857142857142,18.61428571428572,10.614285714285714,15.071428571428571,79.24285714285715,0.2285714285714286,85.71428571428571,5.951428571428571,0.0,21.385714285714283,200.82857142857145,1025.0857142857144,52.24285714285715,11.9,-10.275695189410158
10.157142857142858,2.8714285714285714,6.571428571428571,9.671428571428573,0.4142857142857143,4.628571428571428,85.11428571428571,5.440571428571429,85.71428571428571,8.335714285714285,0.0,22.61428571428572,191.65714285714284,1004.342857142857,57.18571428571429,13.142857142857142,-13.917175351952553
18.142857142857142,12.857142857142858,15.328571428571427,18.142857142857142,12.857142857142858,15.328571428571427,87.57142857142857,8.156142857142857,100.0,9.524285714285714,0.0,20.928571428571427,240.7142857142857,1012.5428571428572,60.75714285714286,10.9,-9.231999149898456
20.728571428571428,13.185714285714283,16.785714285714285,20.728571428571428,13.185714285714283,16.785714285714285,81.85714285714286,0.223,57.142857142857146,4.167142857142857,0.0,24.057142857142857,282.7142857142857,1018.9428571428572,44.52857142857143,14.428571428571429,-30.36244828599729
8.585714285714285,3.185714285714286,5.914285714285714,7.428571428571429,0.3,3.7,91.12857142857142,0.0,0.0,0.0,0.0,28.81428571428572,222.64285714285717,1011.2,59.48571428571429,9.9,23.035506664751097
11.457142857142856,2.185714285714286,6.8,11.185714285714283,-0.1857142857142857,5.442857142857143,79.01428571428572,0.451,28.571428571428573,1.7857142857142858,0.0,19.357142857142858,160.07142857142858,1028.5,39.2,12.142857142857142,18.17231509752537
18.228571428571428,11.44285714285714,14.985714285714286,18.228571428571428,11.242857142857144,14.971428571428572,82.31428571428572,0.8115714285714286,71.42857142857143,3.5728571428571425,0.0,22.442857142857143,262.62857142857143,1013.6285714285714,73.42857142857143,12.242857142857144,9.186574863237183
9.385714285714286,5.742857142857143,7.457142857142856,7.714285714285714,3.157142857142857,5.057142857142857,91.5,0.123,71.42857142857143,3.5728571428571425,0.0,22.75714285714286,284.2857142857143,1027.242857142857,74.8,10.414285714285716,2.7771639537784267
6.271428571428571,1.3714285714285714,3.8285714285714287,4.557142857142857,-2.0285714285714285,0.6571428571428573,91.15714285714286,1.45,100.0,4.764285714285714,10.625,33.31428571428571,197.4857142857143,1008.5285714285714,86.22857142857143,10.7,131.0509663150547
14.27142857142857,10.657142857142857,12.328571428571427,14.27142857142857,8.657142857142857,12.0,81.0,2.4570000000000003,100.0,7.141428571428572,0.0,39.67142857142857,244.3857142857143,1011.6857142857144,81.38571428571429,19.7,-29.340094770961628
17.442857142857143,12.485714285714286,14.885714285714286,17.442857142857143,12.485714285714286,14.885714285714286,84.74285714285715,2.454857142857143,100.0,11.308571428571428,0.0,35.75714285714286,255.9857142857143,1009.0,76.97142857142856,15.171428571428573,-25.14180150119205
16.685714285714287,11.2,14.014285714285714,16.685714285714287,10.671428571428573,13.87142857142857,84.34285714285714,7.05042857142857,100.0,13.095714285714283,0.0,33.74285714285714,241.7,1004.5714285714286,57.25714285714286,11.257142857142856,-11.374725816834257
14.614285714285714,7.228571428571429,10.94285714285714,14.614285714285714,5.328571428571428,10.05714285714286,79.38571428571429,2.921,71.42857142857143,7.142857142857143,0.0,22.842857142857145,247.68571428571428,1012.6428571428572,51.385714285714286,17.62857142857143,7.372916565889568
1.2714285714285716,-3.128571428571429,-1.042857142857143,-4.985714285714286,-10.385714285714286,-7.785714285714286,75.18571428571428,3.294571428571428,42.85714285714285,1.7871428571428571,2.3285714285714287,39.52857142857143,68.85714285714286,1014.5714285714286,55.114285714285714,11.414285714285716,0.6544645181301121
9.714285714285714,5.4,7.628571428571428,7.085714285714286,1.2714285714285716,4.3,78.48571428571428,3.4377142857142857,100.0,13.095714285714283,0.0,37.84285714285714,279.1714285714286,1007.7285714285716,49.614285714285714,11.1,-9.325391354234512
18.857142857142858,8.785714285714286,13.685714285714283,18.857142857142858,7.585714285714286,13.328571428571427,69.81428571428572,0.1362857142857143,42.85714285714285,1.7871428571428571,0.0,17.47142857142857,105.68571428571428,1015.4,28.5,9.55714285714286,67.69058808005082
15.0,8.885714285714286,11.957142857142856,15.0,7.357142857142857,11.5,83.62857142857142,8.790285714285714,100.0,10.714285714285714,0.0,21.37142857142857,143.3,1008.3142857142856,64.74285714285715,10.714285714285714,-3.6234025678652415
17.914285714285715,12.314285714285717,14.87142857142857,17.914285714285715,12.028571428571428,14.842857142857143,85.12857142857142,0.0914285714285714,42.85714285714285,2.381428571428572,0.0,30.9,270.1714285714286,1018.2142857142856,83.62857142857142,21.842857142857145,-15.343304244562203
10.257142857142856,6.814285714285715,8.442857142857143,9.385714285714286,4.0,6.314285714285715,90.25714285714284,1.7718571428571426,85.71428571428571,9.522857142857143,0.0,26.1,267.75714285714287,1021.8857142857142,76.74285714285715,14.657142857142857,-10.76007466718204
14.242857142857144,6.271428571428571,10.071428571428571,14.242857142857144,4.257142857142857,9.328571428571427,78.7,0.0,0.0,0.0,0.0,19.4,54.07142857142857,1022.9285714285714,52.41428571428571,19.9,4.041708562150348
14.171428571428573,5.971428571428571,9.8,14.171428571428573,3.357142857142857,8.657142857142857,72.10000000000001,0.1314285714285714,28.571428571428573,1.1914285714285715,0.0,20.62857142857143,105.4,1019.0857142857144,43.4,6.057142857142857,5.142973364933255
17.485714285714284,9.985714285714286,13.842857142857143,17.485714285714284,9.55714285714286,13.771428571428572,76.3,0.2805714285714286,57.142857142857146,2.9771428571428573,0.0,26.32857142857143,202.8857142857143,1011.2857142857144,74.2,22.085714285714285,-19.80304118237666
17.042857142857144,11.485714285714286,14.642857142857142,17.042857142857144,11.485714285714286,14.642857142857142,86.8,3.584857142857143,100.0,6.547142857142857,0.0,31.685714285714287,258.1,1010.842857142857,77.37142857142858,11.328571428571427,6.238544864012056
19.457142857142856,12.685714285714283,16.285714285714285,19.457142857142856,12.685714285714283,16.285714285714285,81.72857142857143,3.270142857142857,85.71428571428571,5.952857142857143,0.0,21.357142857142858,219.02857142857144,1017.6857142857144,53.74285714285715,10.042857142857144,-17.595068144476954
17.642857142857142,10.87142857142857,14.314285714285717,17.642857142857142,10.642857142857142,14.314285714285717,76.2,0.0242857142857142,14.285714285714286,0.5957142857142858,0.0,23.714285714285715,174.8,1022.7142857142856,63.01428571428572,18.485714285714288,8.349631324001734
24.1,13.114285714285714,18.142857142857142,24.071428571428573,13.114285714285714,18.142857142857142,69.71428571428571,0.0,0.0,0.0,0.0,25.8,172.87142857142857,1022.3714285714286,52.71428571428572,12.442857142857145,13.024606496877254
20.4,13.12857142857143,16.62857142857143,20.4,13.12857142857143,16.62857142857143,82.85714285714286,1.2015714285714287,42.85714285714285,1.7871428571428571,0.0,23.542857142857144,251.2,1020.8714285714284,72.78571428571429,15.571428571428571,-14.5655597468633
19.74285714285714,12.857142857142858,16.428571428571427,19.74285714285714,12.857142857142858,16.428571428571427,83.78571428571429,0.4355714285714285,71.42857142857143,5.952857142857143,0.0,22.042857142857144,207.67142857142855,1021.4714285714286,60.971428571428575,14.171428571428573,1.1793921461572836
13.285714285714286,6.442857142857143,9.671428571428573,13.285714285714286,4.042857142857143,8.485714285714286,75.7,1.0204285714285717,57.142857142857146,2.9771428571428573,0.0,20.842857142857145,43.8,1022.2285714285716,59.62857142857143,18.0,-42.52980742909642
17.642857142857142,13.157142857142857,15.314285714285717,17.642857142857142,13.157142857142857,15.314285714285717,86.48571428571428,1.6955714285714285,85.71428571428571,8.928571428571429,0.0142857142857142,22.0,208.75714285714284,1006.9714285714286,79.64285714285714,13.242857142857144,-7.561642848390761
10.257142857142856,5.814285714285715,8.085714285714285,8.528571428571428,2.7142857142857144,5.128571428571429,88.12857142857142,4.201857142857143,100.0,11.904285714285717,0.0,36.44285714285714,243.72857142857143,1000.0428571428572,64.38571428571429,10.585714285714284,22.932663476269795
10.528571428571428,6.4,8.342857142857143,10.028571428571428,3.2285714285714286,5.542857142857143,85.91428571428571,1.5834285714285714,71.42857142857143,5.355714285714286,0.0,35.357142857142854,214.52857142857144,1007.6714285714286,82.07142857142857,15.257142857142856,-24.027439424605063
14.7,8.4,12.1,14.7,7.128571428571428,11.857142857142858,86.84285714285714,1.3954285714285717,85.71428571428571,5.357142857142857,0.0,30.87142857142857,265.04285714285714,1015.7142857142856,73.08571428571429,11.514285714285714,66.44522882456022
7.471428571428571,1.657142857142857,4.642857142857143,5.328571428571428,-0.9857142857142857,2.4285714285714284,79.87142857142858,1.110285714285714,42.85714285714285,2.381428571428572,0.0,25.642857142857142,246.75714285714284,1016.0142857142856,55.6,28.714285714285715,11.860397964248364
23.957142857142856,16.0,19.571428571428573,24.057142857142857,16.0,19.585714285714285,75.02857142857144,0.8741428571428571,42.85714285714285,3.571428571428572,0.0,21.428571428571427,164.57142857142858,1015.2285714285714,44.01428571428572,17.514285714285712,7.688755111552268
19.02857142857143,13.471428571428572,16.385714285714286,19.02857142857143,13.471428571428572,16.385714285714286,80.92857142857143,1.7355714285714288,85.71428571428571,8.332857142857142,0.0,25.02857142857143,268.95714285714286,1019.8142857142856,59.85714285714285,20.02857142857143,-2.2361933853039773
8.814285714285715,2.942857142857143,5.628571428571428,7.028571428571429,-0.4428571428571429,3.028571428571429,81.47142857142856,0.0911428571428571,71.42857142857143,5.357142857142857,0.0,19.442857142857143,87.84285714285716,1028.3857142857144,58.08571428571429,7.299999999999999,-3.1333481931136475
18.0,12.4,15.228571428571428,18.0,12.185714285714283,15.228571428571428,83.38571428571429,4.202571428571429,100.0,10.71714285714286,0.0,20.014285714285712,192.9,1012.3714285714286,53.24285714285714,10.657142857142857,16.24106088353915
19.97142857142857,12.228571428571428,16.04285714285714,19.97142857142857,11.971428571428572,16.02857142857143,75.68571428571428,1.1071428571428572,28.571428571428573,1.1914285714285715,0.0,21.32857142857143,81.39999999999999,1023.1857142857144,58.24285714285714,14.071428571428571,-19.20267311858652
18.885714285714283,12.342857142857143,15.557142857142855,18.885714285714283,12.342857142857143,15.557142857142855,82.72857142857143,0.5551428571428572,14.285714285714286,0.5957142857142858,0.0,22.485714285714288,223.95714285714288,1016.9714285714286,77.35714285714286,20.15714285714285,24.77888031546081
12.428571428571429,6.1571428571428575,9.3,12.3,3.957142857142857,8.314285714285713,84.44285714285715,0.1234285714285714,14.285714285714286,0.5957142857142858,0.0,26.814285714285717,99.48571428571428,1013.2857142857144,70.22857142857143,8.77142857142857,-38.50087821671082
20.17142857142857,12.828571428571427,16.12857142857143,20.17142857142857,12.828571428571427,16.12857142857143,81.47142857142856,2.0891428571428574,71.42857142857143,4.764285714285714,0.0,15.099999999999998,190.9142857142857,1018.3,59.37142857142857,9.914285714285713,-13.760915327890302
19.428571428571427,11.4,15.685714285714283,19.428571428571427,11.257142857142856,15.657142857142857,78.5,0.0,0.0,0.0,0.0,23.885714285714283,264.1142857142857,1016.4571428571428,61.58571428571429,13.571428571428571,-0.5376329280037453
13.642857142857142,6.528571428571429,10.4,13.642857142857142,4.671428571428572,9.728571428571428,77.89999999999999,0.3131428571428571,71.42857142857143,3.5728571428571425,0.0,25.2,195.1142857142857,1012.9428571428572,73.04285714285713,23.685714285714287,-0.3838237297986779
11.957142857142856,8.657142857142857,10.242857142857144,11.957142857142856,5.871428571428572,9.128571428571428,87.44285714285715,0.7832857142857143,85.71428571428571,5.951428571428571,0.0,28.542857142857144,219.75714285714284,1010.0142857142856,91.97142857142856,17.285714285714285,9.316271369094808
8.885714285714286,4.0,6.6,6.785714285714286,1.7285714285714289,4.471428571428572,86.94285714285715,0.8215714285714286,71.42857142857143,4.167142857142857,0.0,19.214285714285715,255.15714285714284,1026.757142857143,71.44285714285715,15.1,-5.665549805439014
18.61428571428572,14.1,16.04285714285714,18.61428571428572,14.1,16.04285714285714,83.35714285714286,4.436857142857143,100.0,14.287142857142856,0.0,29.228571428571428,245.28571428571428,1008.8142857142856,65.28571428571429,13.55714285714286,-20.069795016413764
15.871428571428572,10.414285714285716,13.12857142857143,15.871428571428572,9.471428571428572,12.985714285714286,83.94285714285715,1.4808571428571429,71.42857142857143,8.334285714285715,0.0,26.61428571428572,276.8,1021.9857142857144,62.31428571428571,16.942857142857143,-33.719755279513265
15.714285714285714,12.214285714285714,14.028571428571428,15.714285714285714,12.214285714285714,14.028571428571428,89.88571428571429,6.214285714285714,100.0,8.334285714285715,0.0,26.928571428571427,113.78571428571428,1006.8,70.64285714285714,7.6,-15.837055503965985
18.77142857142857,12.614285714285714,15.842857142857143,18.77142857142857,12.428571428571429,15.828571428571427,78.21428571428571,0.7768571428571428,100.0,8.928571428571429,0.0,23.32857142857143,225.05714285714288,1013.0714285714286,61.31428571428571,10.585714285714284,21.941516530988796
15.814285714285717,11.542857142857144,13.571428571428571,15.814285714285717,11.542857142857144,13.571428571428571,82.2,3.4724285714285714,100.0,10.118571428571428,0.0,28.142857142857142,240.4,1011.3285714285714,66.87142857142858,10.37142857142857,-20.05971833219394
9.6,5.557142857142857,7.785714285714286,7.442857142857143,1.542857142857143,4.728571428571429,87.7,1.9722857142857144,100.0,11.905714285714286,0.0714285714285714,38.614285714285714,248.4142857142857,1013.1857142857144,70.6,10.514285714285714,17.851949730507954
12.785714285714286,6.714285714285714,10.2,12.785714285714286,4.6571428571428575,9.285714285714286,89.44285714285715,5.061714285714286,100.0,10.714285714285714,0.0,23.15714285714285,256.0142857142857,1011.6,77.5,10.514285714285714,21.537182216408496
13.028571428571428,8.442857142857143,10.785714285714286,13.028571428571428,5.271428571428571,9.5,85.07142857142857,3.1067142857142858,100.0,14.882857142857144,0.0,37.24285714285714,218.17142857142855,1011.4857142857144,77.92857142857143,9.914285714285716,7.965769285183114
21.957142857142856,12.914285714285716,17.757142857142856,21.957142857142856,12.914285714285716,17.757142857142856,72.60000000000001,3.174285714285714,42.85714285714285,2.975714285714285,0.0,23.785714285714285,112.82857142857142,1020.1142857142858,50.0,18.857142857142858,-23.50810781920802
16.771428571428572,11.271428571428572,13.971428571428572,16.771428571428572,11.12857142857143,13.9,84.78571428571429,3.923714285714286,100.0,10.118571428571428,0.0,25.228571428571428,181.2,1003.3571428571428,55.85714285714285,10.2,22.080435668661835
7.557142857142858,1.7857142857142858,4.614285714285714,6.271428571428571,-0.9857142857142857,2.414285714285714,90.22857142857144,0.2942857142857143,100.0,7.738571428571428,0.0,17.942857142857143,221.58571428571423,1032.7142857142858,68.47142857142858,7.414285714285714,-45.701216854469976
16.3,9.914285714285716,12.94285714285714,16.3,8.814285714285713,12.828571428571427,82.3,0.0648571428571428,28.571428571428573,1.1914285714285715,0.0,27.82857142857143,277.3285714285714,1024.742857142857,77.84285714285714,20.52857142857143,-12.35326398570237
18.542857142857144,12.3,15.314285714285717,18.542857142857144,12.3,15.314285714285717,82.31428571428572,0.0405714285714285,14.285714285714286,0.5957142857142858,0.0,25.32857142857143,199.7,1016.9714285714286,58.15714285714286,20.514285714285712,-9.578329675252805
14.928571428571429,7.228571428571429,10.971428571428572,14.928571428571429,4.5,9.814285714285717,75.62857142857142,0.0781428571428571,28.571428571428573,1.1914285714285715,0.0,26.971428571428568,172.14285714285714,1020.7142857142856,65.08571428571427,17.571428571428573,-6.93647691431147
9.242857142857144,4.242857142857143,6.671428571428572,7.128571428571428,1.257142857142857,4.171428571428572,86.0,0.671,57.142857142857146,2.9771428571428573,0.0,35.871428571428574,222.67142857142855,1007.3857142857142,64.57142857142857,18.414285714285715,-8.732178282187874
10.728571428571428,4.2,7.685714285714285,9.685714285714283,2.185714285714286,5.728571428571429,84.98571428571428,0.2501428571428571,71.42857142857143,4.762857142857143,0.0,22.557142857142857,299.61428571428576,1030.7142857142858,68.38571428571429,10.571428571428571,-25.140169021160546
11.328571428571427,5.3,8.285714285714286,11.328571428571427,2.757142857142857,6.2,84.48571428571428,1.5425714285714285,100.0,6.547142857142857,0.0,35.74285714285714,262.18571428571425,1018.157142857143,79.2,17.0,19.94203892804012
15.528571428571428,11.3,13.171428571428573,15.528571428571428,11.3,13.171428571428573,84.89999999999999,1.0502857142857145,42.85714285714285,1.7871428571428571,0.0,34.1,232.8428571428572,1012.4,84.08571428571429,16.87142857142857,-4.999300568354215
9.757142857142856,4.457142857142857,7.057142857142857,7.771428571428571,0.4285714285714285,3.7714285714285714,78.3,0.7067142857142857,71.42857142857143,4.167142857142857,0.0,36.41428571428572,291.54285714285714,1020.5428571428572,83.01428571428572,20.928571428571427,-14.724443787590758
4.885714285714286,0.4142857142857143,2.8714285714285714,2.1,-4.314285714285714,-0.9000000000000001,88.7,0.9698571428571428,100.0,4.764285714285714,4.75,29.65714285714285,173.57142857142858,997.3,72.21428571428571,13.928571428571429,83.37546674568989
9.1,4.5,7.0,7.449999999999999,2.425,5.0,95.2,0.0854999999999999,50.0,4.165,0.0,17.525,167.25,1031.475,76.275,9.25,-1.0316338011271
9.928571428571429,2.9,6.628571428571428,8.414285714285715,-0.4142857142857142,4.114285714285715,79.14285714285714,0.5281428571428571,71.42857142857143,7.144285714285715,0.0,25.342857142857145,153.02857142857144,1014.2285714285716,54.971428571428575,10.87142857142857,27.6829626548232
15.94285714285714,9.94285714285714,12.671428571428573,15.94285714285714,8.885714285714284,12.271428571428572,83.62857142857142,0.2597142857142857,28.571428571428573,1.7857142857142858,0.0,22.27142857142857,230.45714285714283,1023.9714285714284,56.15714285714286,13.314285714285717,-28.758855795794148
16.857142857142858,9.385714285714286,13.085714285714284,16.857142857142858,8.328571428571427,12.814285714285711,80.28571428571429,0.143,28.571428571428573,1.1914285714285715,0.0,20.75714285714286,201.07142857142856,1023.7571428571428,70.88571428571429,22.485714285714288,31.507642666166817
15.771428571428572,11.685714285714283,13.6,15.771428571428572,11.685714285714283,13.6,78.52857142857144,1.349,85.71428571428571,5.951428571428571,0.0,32.9,267.5,1008.9857142857144,80.02857142857144,23.185714285714287,-39.251545128625935
17.0,10.842857142857143,13.94285714285714,17.0,10.185714285714283,13.857142857142858,84.39999999999999,0.367,57.142857142857146,4.762857142857143,0.0,20.17142857142857,291.5857142857143,1024.1857142857143,57.457142857142856,11.342857142857143,-23.638925242798337
13.05714285714286,9.457142857142856,11.242857142857144,12.457142857142856,7.828571428571428,10.414285714285713,90.15714285714286,0.3524285714285714,100.0,7.144285714285714,0.0,24.67142857142857,73.45714285714287,1017.4142857142856,75.64285714285714,8.485714285714286,1.5782318694967898
9.62857142857143,5.057142857142857,7.485714285714286,7.028571428571429,1.842857142857143,4.371428571428572,90.85714285714286,2.7717142857142854,100.0,11.30857142857143,0.0,32.67142857142857,255.8142857142857,1013.7714285714284,72.0142857142857,9.342857142857143,-4.861466301523592
15.314285714285717,12.142857142857142,13.828571428571427,15.314285714285717,12.142857142857142,13.828571428571427,87.14285714285714,0.9287142857142856,85.71428571428571,6.548571428571429,0.0,29.814285714285717,181.9,1011.8714285714286,76.78571428571429,9.728571428571428,-1.1394431047823446
15.242857142857144,11.328571428571427,13.171428571428573,15.242857142857144,11.157142857142857,13.12857142857143,84.8,1.2504285714285712,71.42857142857143,4.761428571428572,0.0,25.414285714285715,187.22857142857143,1019.5428571428572,86.54285714285713,16.5,-53.11649951918366
12.8,7.128571428571428,9.6,12.285714285714286,4.885714285714286,8.257142857142856,82.02857142857144,1.7521428571428572,71.42857142857143,4.761428571428572,0.0,27.085714285714285,136.22857142857143,1001.0285714285714,76.05714285714285,21.928571428571427,-18.769465228715376
18.228571428571428,10.028571428571428,14.071428571428571,18.228571428571428,9.257142857142856,13.94285714285714,74.2,0.1065714285714285,28.571428571428573,1.1914285714285715,0.0,13.4,164.92857142857142,1023.7571428571428,56.957142857142856,13.842857142857143,10.464242714224724
8.457142857142857,4.885714285714286,6.6000000000000005,6.471428571428572,0.5571428571428572,3.257142857142857,84.35714285714286,1.6667142857142856,57.142857142857146,3.571428571428572,0.0,36.71428571428572,137.21428571428572,1010.8,80.82857142857142,15.0,178.9948662101831
16.514285714285712,13.12857142857143,14.8,16.514285714285712,13.12857142857143,14.8,87.2,5.732142857142857,100.0,14.28857142857143,0.0,34.628571428571426,244.28571428571428,1005.2571428571428,74.67142857142858,10.785714285714286,-12.351219154656404
14.928571428571429,10.357142857142858,12.44285714285714,14.928571428571429,8.814285714285715,11.971428571428572,88.15714285714286,2.9137142857142857,85.71428571428571,8.927142857142858,0.0,22.557142857142857,121.08571428571427,1015.8142857142856,58.557142857142864,12.514285714285714,1.1375388146798286
19.2,12.328571428571427,15.4,19.2,12.228571428571428,15.4,81.24285714285715,2.483142857142857,71.42857142857143,7.142857142857143,0.0,20.97142857142857,206.1142857142857,1019.8571428571428,50.142857142857146,15.642857142857142,11.285695215143733
8.77142857142857,2.957142857142857,5.771428571428571,7.285714285714286,0.6285714285714284,3.6142857142857134,88.5,0.8645714285714285,71.42857142857143,4.761428571428572,0.0,27.27142857142857,205.2,1017.7285714285716,73.87142857142858,13.228571428571428,-25.562584773573576
5.685714285714285,0.1999999999999999,2.9857142857142853,3.114285714285714,-3.128571428571429,-0.1,88.18571428571428,3.449857142857143,85.71428571428571,5.954285714285715,0.0,22.442857142857143,111.14285714285714,1017.2714285714284,60.785714285714285,11.87142857142857,6.1507567804447945
22.985714285714288,13.728571428571428,18.228571428571428,22.985714285714288,13.728571428571428,18.228571428571428,69.64285714285714,0.0,0.0,0.0,0.0,24.014285714285712,94.02857142857144,1022.6142857142856,35.714285714285715,12.385714285714284,-19.021270181280443
7.285714285714286,2.6714285714285717,4.828571428571428,4.228571428571429,-2.157142857142857,0.8714285714285713,85.98571428571428,1.6165714285714283,100.0,4.764285714285714,6.65,40.4,264.38571428571424,1001.3,64.22857142857143,15.55714285714286,23.41491418797716
14.37142857142857,5.842857142857143,9.914285714285716,14.37142857142857,3.7285714285714286,8.714285714285714,77.04285714285713,0.1374285714285714,28.571428571428573,1.1914285714285715,0.0,24.557142857142857,143.04285714285714,1019.6714285714286,48.44285714285714,10.614285714285714,-5.787433711016547
17.885714285714283,9.314285714285717,14.1,17.885714285714283,8.528571428571428,13.928571428571429,80.57142857142857,0.0,0.0,0.0,0.0,19.728571428571428,215.82857142857145,1021.8142857142856,58.271428571428565,12.171428571428573,11.78984201414687
14.471428571428572,9.142857142857142,12.228571428571428,14.471428571428572,8.4,11.885714285714286,78.02857142857144,1.909285714285714,85.71428571428571,8.334285714285715,0.0,32.857142857142854,290.37142857142857,1015.6285714285714,72.67142857142856,14.157142857142857,33.87005836670562
15.757142857142856,12.214285714285714,13.957142857142856,15.757142857142856,12.214285714285714,13.957142857142856,90.54285714285712,1.7945714285714287,85.71428571428571,6.548571428571429,0.0,27.12857142857143,187.7142857142857,1014.7,73.45714285714287,9.857142857142858,-18.48133673626592
19.74285714285714,12.071428571428571,15.814285714285717,19.74285714285714,11.828571428571427,15.814285714285717,80.5,0.8774285714285713,28.571428571428573,2.975714285714285,0.0,20.428571428571427,147.47142857142856,1016.4714285714286,53.65714285714286,11.828571428571427,18.67739354193964
10.471428571428572,5.057142857142857,8.185714285714285,9.285714285714286,2.2,6.142857142857143,92.28571428571428,3.149142857142857,100.0,9.522857142857143,6.885714285714285,21.414285714285715,181.8857142857143,1006.2714285714284,67.11428571428571,9.157142857142857,24.396629035943533
12.914285714285716,7.185714285714286,10.028571428571428,12.914285714285716,4.385714285714285,8.828571428571427,80.52857142857144,0.4058571428571428,71.42857142857143,5.357142857142857,0.0,31.15714285714285,126.2714285714286,1019.2428571428572,64.07142857142857,9.514285714285714,-26.70043547182036
16.04285714285714,12.157142857142857,14.028571428571428,16.04285714285714,11.957142857142856,14.028571428571428,87.54285714285713,8.284857142857144,100.0,13.097142857142858,0.0,27.514285714285712,240.22857142857143,1007.9857142857144,69.45714285714286,10.1,8.729404574301498
19.8,11.385714285714286,15.585714285714284,19.8,11.3,15.571428571428571,81.67142857142858,1.2827142857142857,42.85714285714285,2.381428571428572,0.0,18.814285714285717,211.94285714285712,1013.9428571428572,62.971428571428575,9.728571428571428,12.524466229198651
8.557142857142857,3.5285714285714285,6.271428571428572,5.485714285714286,-1.0285714285714287,2.1142857142857143,87.5,6.025,100.0,11.905714285714286,0.0,52.10000000000001,240.54285714285717,1017.8428571428572,65.62857142857142,10.514285714285714,-19.752668700107733
19.185714285714287,13.142857142857142,15.742857142857144,19.185714285714287,13.142857142857142,15.742857142857144,85.21428571428571,0.0811428571428571,14.285714285714286,1.19,0.0,24.97142857142857,211.8857142857143,1017.7428571428572,79.22857142857143,15.328571428571427,16.740145390788825
3.2142857142857144,-1.614285714285714,0.7714285714285714,0.4428571428571429,-6.171428571428572,-3.057142857142857,89.48571428571428,0.0,0.0,0.0,0.0,19.485714285714288,73.08571428571429,1034.6571428571428,53.15714285714286,5.471428571428571,8.393779813389187
8.828571428571427,4.842857142857143,6.971428571428571,6.757142857142857,1.257142857142857,3.7285714285714286,88.85714285714286,1.093,85.71428571428571,4.762857142857143,0.0,31.057142857142857,200.97142857142856,1009.1,76.60000000000001,14.742857142857144,90.0548775175547
11.514285714285714,3.5142857142857147,7.628571428571428,11.271428571428572,1.4285714285714286,6.171428571428572,82.84285714285714,1.602714285714285,71.42857142857143,6.548571428571429,0.0,16.12857142857143,133.2,1022.1285714285714,60.02857142857143,8.028571428571428,11.160527914318664
22.728571428571428,15.971428571428572,18.9,22.728571428571428,15.971428571428572,18.9,77.2,1.3067142857142855,57.142857142857146,4.167142857142857,0.0,22.485714285714288,127.67142857142856,1019.3714285714286,61.44285714285714,13.171428571428573,-15.062411134414788
18.342857142857145,12.228571428571428,15.085714285714284,18.342857142857145,12.042857142857144,15.071428571428571,83.3,2.0402857142857145,71.42857142857143,5.355714285714286,0.0,29.557142857142857,185.4,1009.6,85.27142857142857,17.314285714285713,-8.388689118120283
7.8,1.3714285714285717,4.8,5.728571428571429,-1.7142857142857142,2.2857142857142856,85.05714285714285,0.8949999999999999,71.42857142857143,3.5728571428571425,0.0,18.685714285714287,157.75714285714284,1024.2571428571428,56.642857142857146,12.157142857142857,-24.42299533857897
11.914285714285716,6.114285714285714,8.657142857142857,11.342857142857143,2.5142857142857147,6.485714285714286,75.10000000000001,2.219285714285714,71.42857142857143,2.9785714285714286,0.0,28.38571428571429,115.34285714285714,1011.9714285714286,73.27142857142857,15.271428571428572,5.333094052968022
12.985714285714286,7.5,10.257142857142856,12.985714285714286,5.6000000000000005,9.4,81.98571428571428,0.2299999999999999,71.42857142857143,4.762857142857143,0.0,25.61428571428572,265.5285714285714,1028.7857142857142,65.57142857142857,10.814285714285717,-1.804490168923508
12.37142857142857,9.44285714285714,10.957142857142856,12.37142857142857,7.8,10.3,85.7,5.979428571428572,100.0,13.097142857142858,0.0,31.185714285714287,200.47142857142856,1010.0142857142856,60.32857142857143,11.528571428571428,-15.476159980102809
10.62857142857143,5.585714285714286,8.614285714285714,9.971428571428572,1.7714285714285716,5.857142857142857,85.51428571428572,4.211142857142858,100.0,14.881428571428572,6.0,54.12857142857143,236.0,1006.0285714285714,75.08571428571429,12.142857142857142,16.105263585813077
9.785714285714286,5.228571428571429,7.557142857142857,7.742857142857143,1.3428571428571427,3.8285714285714287,88.34285714285714,0.9204285714285714,71.42857142857143,3.5728571428571425,0.0,49.72857142857144,242.9,1025.2857142857142,76.27142857142857,17.071428571428573,-4.333995053028048
18.214285714285715,9.128571428571428,14.071428571428571,18.214285714285715,7.442857142857143,13.9,67.68571428571428,0.0595714285714285,28.571428571428573,1.7857142857142858,0.0,24.157142857142865,130.5,1025.2857142857142,31.342857142857145,25.24285714285714,9.837177567459662
9.414285714285716,4.785714285714286,7.228571428571429,8.857142857142858,3.2,5.771428571428571,93.97142857142856,1.4695714285714288,71.42857142857143,3.5728571428571425,0.0,20.4,186.45714285714288,1017.4428571428572,74.10000000000001,12.1,6.72615630200778
17.657142857142855,12.214285714285714,14.728571428571428,17.657142857142855,12.028571428571428,14.714285714285714,82.75714285714285,0.2907142857142857,71.42857142857143,4.761428571428572,0.0,27.642857142857142,235.7142857142857,1016.5285714285714,81.75714285714285,20.942857142857143,15.722606735120737
18.257142857142856,12.214285714285714,15.042857142857144,18.257142857142856,12.214285714285714,15.042857142857144,79.64285714285714,0.6778571428571428,71.42857142857143,3.5728571428571425,0.0,26.785714285714285,270.9428571428571,1016.9285714285714,79.61428571428571,24.928571428571427,-23.12583347792122
20.97142857142857,11.828571428571427,16.428571428571427,20.97142857142857,11.4,16.414285714285715,79.05714285714285,0.8377142857142859,28.571428571428573,1.1914285714285715,0.0,24.61428571428572,154.57142857142858,1016.8571428571428,65.34285714285714,10.314285714285717,13.44599493668943
7.928571428571429,4.2,6.328571428571428,5.557142857142857,-0.0428571428571429,3.0285714285714285,89.32857142857142,5.623714285714286,100.0,12.5,0.5714285714285714,29.8,278.31428571428575,1006.9428571428572,65.7,12.1,-11.917063502881549
11.485714285714286,4.171428571428572,7.742857142857143,11.085714285714284,0.6285714285714287,5.414285714285714,76.31428571428572,1.0785714285714283,85.71428571428571,7.141428571428572,0.0,29.01428571428572,254.02857142857144,1015.7857142857144,59.385714285714286,15.62857142857143,12.037611935823406
8.77142857142857,4.1,6.242857142857143,6.285714285714286,0.3428571428571428,2.8857142857142857,81.17142857142858,1.387857142857143,71.42857142857143,2.9785714285714286,0.0,38.82857142857143,221.77142857142857,1009.8714285714286,72.62857142857142,25.27142857142857,-16.87691984504511
12.44285714285714,7.928571428571429,10.457142857142856,12.44285714285714,6.014285714285714,9.885714285714286,90.85714285714286,1.1924285714285714,100.0,6.548571428571429,0.0,22.342857142857135,185.15714285714284,1019.3142857142856,65.1,8.342857142857143,-16.334880654717267
15.12857142857143,10.728571428571428,12.742857142857144,15.12857142857143,10.414285714285716,12.728571428571428,86.81428571428572,1.741428571428571,71.42857142857143,4.761428571428572,0.0,32.3,255.8,1012.7142857142856,86.34285714285714,20.12857142857143,7.937254840023684
6.485714285714286,1.1857142857142855,3.685714285714286,3.271428571428572,-4.057142857142857,-0.3,85.91428571428571,8.809571428571427,100.0,11.31,3.071428571428572,37.54285714285714,216.3571428571429,997.3571428571428,52.371428571428574,12.828571428571427,22.627069322981924
10.157142857142857,6.471428571428571,8.142857142857142,9.44285714285714,3.042857142857143,5.8,86.37142857142858,4.575,100.0,12.5,0.0,28.342857142857145,221.3142857142857,1000.8857142857142,58.642857142857146,13.985714285714286,31.040437727499352
9.957142857142856,7.057142857142857,8.742857142857144,9.171428571428573,4.0285714285714285,6.971428571428571,91.35714285714286,1.1414285714285717,71.42857142857143,5.355714285714286,0.0,35.41428571428572,244.5142857142857,1023.1857142857144,77.65714285714286,12.085714285714284,-12.66119878952668
1.9142857142857144,-0.4428571428571429,0.6142857142857144,-1.5857142857142854,-5.757142857142857,-3.985714285714286,91.15714285714286,3.140857142857143,100.0,11.31,7.814285714285715,25.52857142857143,105.0,1002.6142857142858,76.61428571428571,8.285714285714286,41.49469212841166
22.842857142857145,13.314285714285717,17.785714285714285,22.842857142857145,13.314285714285717,17.785714285714285,83.31428571428572,0.0308571428571428,14.285714285714286,0.5957142857142858,0.0,19.385714285714283,246.92857142857144,1026.0285714285717,46.92857142857143,16.071428571428573,-7.219801576950999
21.61428571428572,12.542857142857144,16.985714285714288,21.61428571428572,12.542857142857144,16.985714285714288,70.28571428571429,0.0,0.0,0.0,0.0,24.185714285714287,142.82857142857145,1022.2428571428572,41.84285714285714,15.2,20.86738174068364
5.585714285714286,1.2857142857142858,3.314285714285714,1.8428571428571427,-3.0,-0.7571428571428571,84.57142857142857,3.417428571428572,85.71428571428571,10.714285714285714,2.171428571428572,29.17142857142857,223.0,997.6285714285714,55.55714285714286,15.028571428571428,32.416070681022006
18.785714285714285,14.1,16.314285714285713,18.785714285714285,14.1,16.314285714285713,87.58571428571429,4.276,85.71428571428571,11.907142857142858,0.0,25.142857142857142,244.54285714285717,1015.5857142857142,78.48571428571428,8.414285714285715,-20.277298739646422
13.0,6.585714285714286,9.828571428571427,13.0,4.414285714285714,9.071428571428571,82.61428571428571,1.0418571428571428,100.0,6.547142857142857,0.0,19.52857142857143,147.8714285714286,1008.5142857142856,53.271428571428565,10.357142857142858,39.0813810259765
8.257142857142856,3.457142857142857,6.242857142857143,5.5,0.4571428571428571,3.185714285714286,91.88571428571429,3.424428571428572,100.0,10.118571428571428,0.0,26.37142857142857,184.0142857142857,1012.7142857142856,64.95714285714286,9.814285714285717,39.15698669575056
11.528571428571428,6.571428571428571,8.971428571428572,11.314285714285717,4.842857142857143,7.871428571428572,89.22857142857143,0.5542857142857143,42.85714285714285,2.381428571428572,0.0,22.61428571428572,138.55714285714285,1016.5142857142856,78.0,9.857142857142858,9.018311650225428
10.414285714285716,5.171428571428572,7.899999999999999,8.714285714285714,0.8857142857142858,4.971428571428571,86.71428571428571,4.757285714285715,100.0,15.47857142857143,0.0142857142857142,39.12857142857143,242.65714285714284,998.7857142857144,62.471428571428575,14.05714285714286,-41.15977061439651
13.571428571428571,7.528571428571429,10.542857142857144,13.571428571428571,6.228571428571429,9.87142857142857,86.14285714285714,3.125857142857143,85.71428571428571,10.12,0.0,20.75714285714286,141.1,1011.842857142857,63.18571428571429,18.485714285714288,-29.62524869032836
10.171428571428573,2.4857142857142853,5.871428571428572,9.014285714285714,-1.6857142857142855,2.9285714285714284,76.57142857142857,0.0261428571428571,57.142857142857146,2.382857142857143,0.0,23.042857142857144,80.25714285714285,1030.5142857142855,50.5,16.314285714285713,-11.454287659732929
9.2,5.757142857142857,7.6,7.228571428571429,2.1142857142857143,4.628571428571428,88.51428571428572,1.3457142857142856,57.142857142857146,2.382857142857143,0.0,32.357142857142854,205.3571428571429,1027.142857142857,88.97142857142856,10.142857142857142,-7.528971148101164
11.914285714285716,5.914285714285714,8.885714285714286,11.914285714285716,3.242857142857143,7.314285714285715,82.38571428571429,2.6615714285714285,85.71428571428571,9.524285714285714,0.0,24.442857142857143,239.75714285714284,1002.2142857142856,66.22857142857143,13.714285714285714,-10.493373102280088
18.114285714285717,12.6,15.142857142857142,18.114285714285717,12.6,15.142857142857142,86.08571428571429,3.8405714285714287,100.0,11.31,0.0,23.52857142857143,192.05714285714288,1004.9142857142856,65.7,11.1,-24.232567125075093
18.557142857142857,8.514285714285714,13.5,18.557142857142857,5.7,12.885714285714286,66.71428571428571,0.0,0.0,0.0,0.0285714285714285,29.285714285714285,62.65714285714286,1016.342857142857,29.414285714285715,10.257142857142856,-21.37663322586013
11.914285714285716,7.457142857142857,9.3,11.914285714285716,4.385714285714286,7.5,85.2,0.8681428571428571,100.0,6.547142857142857,0.0,30.428571428571427,171.3857142857143,1006.6142857142858,83.39999999999999,21.75714285714286,26.840655768000147
12.114285714285714,5.9,9.128571428571428,12.114285714285714,3.542857142857143,7.6571428571428575,88.85714285714286,1.4694285714285715,71.42857142857143,3.5728571428571425,0.0,23.77142857142857,146.94285714285712,1004.7571428571428,74.82857142857142,8.628571428571428,-26.584369829330285
8.928571428571429,5.457142857142857,7.371428571428572,7.128571428571428,2.2285714285714286,4.542857142857143,87.92857142857143,2.0704285714285717,100.0,12.501428571428573,0.0,28.5,223.9857142857143,1002.2428571428572,61.68571428571429,13.728571428571428,23.08300309877916
16.1,10.757142857142856,13.471428571428572,16.1,10.328571428571427,13.414285714285716,85.95714285714287,2.7481428571428568,100.0,10.714285714285714,0.0,29.257142857142856,290.85714285714283,1009.5142857142856,73.77142857142857,11.185714285714283,-7.269293711987302
10.771428571428572,4.2,7.0857142857142845,10.071428571428571,1.4714285714285715,4.957142857142857,84.25714285714285,1.6732857142857145,71.42857142857143,5.952857142857143,0.0,23.1,219.27142857142857,1022.5857142857144,51.81428571428571,9.9,18.72633567619061
22.085714285714285,15.771428571428572,18.5,22.085714285714285,15.771428571428572,18.5,84.7,0.5567142857142857,42.85714285714285,2.381428571428572,0.0,20.442857142857143,189.64285714285717,1012.3142857142856,76.32857142857142,5.171428571428572,38.56347207685872
17.17142857142857,11.12857142857143,14.242857142857144,17.17142857142857,11.014285714285716,14.228571428571428,81.92857142857143,1.0791428571428572,85.71428571428571,4.168571428571428,0.0,34.57142857142857,259.90000000000003,1013.4714285714286,70.38571428571429,26.12857142857143,-0.5430776019560426
9.414285714285716,4.014285714285714,6.814285714285715,8.057142857142857,1.3857142857142857,4.685714285714285,85.21428571428571,0.043,14.285714285714286,0.5957142857142858,0.0,18.47142857142857,297.0857142857143,1033.7714285714285,78.97142857142856,13.657142857142857,-3.9044126107410193
14.842857142857143,8.271428571428572,11.728571428571428,14.842857142857143,6.514285714285714,11.357142857142858,79.87142857142858,1.1162857142857143,57.142857142857146,3.571428571428572,0.0,36.48571428571429,267.2,1008.6,71.18571428571428,25.185714285714287,20.324911303295607
8.314285714285715,3.5,5.957142857142856,4.785714285714286,-1.9142857142857144,1.2857142857142858,82.0,15.311142857142856,100.0,13.095714285714283,0.0,66.88571428571429,232.3,1000.9571428571428,63.67142857142857,12.87142857142857,3.0257923954475245
15.771428571428572,10.2,12.914285714285716,15.771428571428572,9.44285714285714,12.785714285714286,83.91428571428571,3.1342857142857143,71.42857142857143,3.5728571428571425,0.0,33.84285714285714,255.55714285714288,1015.6142857142858,68.21428571428571,21.7,17.268417187190607
21.714285714285715,13.985714285714286,17.585714285714285,21.714285714285715,13.985714285714286,17.585714285714285,76.98571428571428,1.6330000000000002,71.42857142857143,5.952857142857143,0.0,22.814285714285717,256.57142857142856,1016.8142857142856,48.08571428571429,10.44285714285714,33.76962103993765
18.5,11.385714285714286,15.3,18.5,11.028571428571428,15.271428571428572,76.52857142857144,3.8021428571428575,71.42857142857143,8.334285714285715,0.0,26.9,282.31428571428575,1015.9571428571428,51.55714285714286,15.657142857142858,15.325310469847524
13.585714285714284,8.714285714285714,11.014285714285714,13.585714285714284,7.057142857142857,10.55714285714286,81.85714285714286,3.277,85.71428571428571,7.144285714285714,0.0,27.857142857142858,198.7428571428572,1013.6142857142858,60.89999999999999,12.8,-28.9698959171227
18.77142857142857,12.94285714285714,15.771428571428572,18.77142857142857,12.94285714285714,15.771428571428572,83.17142857142858,3.0145714285714287,85.71428571428571,7.738571428571428,0.0,23.957142857142856,288.2,1019.2,56.34285714285714,14.62857142857143,-3.634561757287656
10.185714285714283,4.557142857142858,7.242857142857143,8.742857142857144,0.6,4.3,83.48571428571428,5.259,100.0,10.715714285714286,0.0,31.057142857142857,233.65714285714284,1003.5571428571428,53.785714285714285,15.642857142857142,-43.33423048971042
7.057142857142857,2.642857142857143,4.814285714285715,4.614285714285714,-0.9428571428571428,1.7714285714285716,88.64285714285714,0.6874285714285715,85.71428571428571,4.762857142857143,6.0,26.928571428571427,198.7428571428572,1011.2571428571428,76.8,16.857142857142858,37.80200316348248
8.771428571428572,3.871428571428571,6.442857142857143,6.471428571428571,-0.4428571428571428,3.0,86.04285714285713,4.058857142857143,100.0,7.141428571428572,0.0,39.3,223.2,1002.3857142857142,76.38571428571429,15.928571428571429,100.98459422845474
14.2,7.314285714285715,10.914285714285716,14.2,6.385714285714286,10.55714285714286,77.60000000000001,0.618,42.85714285714285,2.381428571428572,0.0,29.74285714285714,263.0285714285714,1008.1,67.17142857142856,28.871428571428574,-11.120877142838822
2.814285714285714,-0.6428571428571429,1.2857142857142858,-1.9142857142857144,-6.8,-3.971428571428572,84.94285714285715,1.857,57.142857142857146,7.142857142857143,3.128571428571429,30.97142857142857,69.97142857142856,996.6,68.37142857142858,8.971428571428572,-40.65236864295275
23.057142857142857,14.071428571428571,18.27142857142857,23.071428571428573,14.071428571428571,18.27142857142857,82.89999999999999,0.0,0.0,0.0,0.0,16.057142857142857,193.5142857142857,1011.0,60.142857142857146,10.357142857142858,-10.932990195065258
8.3,2.3000000000000003,5.3,5.728571428571429,-0.7000000000000001,2.857142857142857,87.64285714285714,2.0442857142857145,85.71428571428571,8.930000000000001,1.0142857142857142,22.342857142857145,258.1571428571429,1002.7428571428572,63.01428571428572,11.414285714285716,-5.726341741818715
13.985714285714286,9.528571428571428,11.571428571428571,13.985714285714286,8.414285714285715,11.37142857142857,86.94285714285715,2.1595714285714283,85.71428571428571,5.357142857142857,0.0,35.58571428571429,231.05714285714288,1005.7428571428572,81.52857142857144,18.15714285714285,20.53471229903596
14.971428571428572,11.05714285714286,12.757142857142856,14.971428571428572,11.05714285714286,12.757142857142856,81.87142857142858,3.053285714285714,100.0,10.714285714285714,0.0,24.485714285714288,169.68571428571428,1009.0142857142856,62.2,10.528571428571428,4.643511996501616
20.457142857142856,12.685714285714283,16.62857142857143,20.457142857142856,12.471428571428572,16.6,80.21428571428571,0.4412857142857143,71.42857142857143,5.951428571428571,0.0,19.6,187.3428571428572,1019.1,46.25714285714286,14.185714285714283,-21.22300342486983
8.914285714285715,3.7,6.4,6.128571428571428,-1.3428571428571427,1.8857142857142857,82.62857142857142,2.3152857142857144,100.0,13.095714285714283,0.0,57.12857142857143,141.3,1009.6714285714286,73.17142857142858,12.042857142857144,37.40562396225357
13.12857142857143,5.171428571428572,9.242857142857144,13.12857142857143,2.742857142857143,8.2,73.64285714285714,0.0045714285714285,14.285714285714286,0.5957142857142858,0.0,18.97142857142857,145.4142857142857,1030.242857142857,54.057142857142864,15.342857142857143,-2.9797151360307907
19.9,13.071428571428571,16.771428571428572,19.9,13.071428571428571,16.771428571428572,73.85714285714286,0.0451428571428571,14.285714285714286,1.19,0.0,24.25714285714286,151.0,1015.3571428571428,42.24285714285714,12.985714285714286,-31.09013915180242
16.642857142857142,12.971428571428572,14.814285714285717,16.642857142857142,12.971428571428572,14.814285714285717,84.27142857142857,3.011714285714285,100.0,10.12,0.0,28.75714285714286,274.2857142857143,1015.1857142857144,71.94285714285715,10.514285714285714,-7.619957596578729
5.371428571428572,2.3857142857142857,3.9,2.3000000000000003,-2.728571428571428,-0.1285714285714286,90.8,3.349,85.71428571428571,5.951428571428571,0.0,31.2,84.8,1010.5857142857144,96.3,6.985714285714286,54.89125960996535
21.6,15.214285714285714,18.114285714285717,21.6,15.214285714285714,18.114285714285717,82.04285714285713,2.1805714285714286,85.71428571428571,9.524285714285714,0.0,21.928571428571427,195.4142857142857,1009.0857142857144,55.98571428571428,16.857142857142858,-23.605787197734912
11.285714285714286,6.371428571428572,8.914285714285715,9.94285714285714,2.271428571428572,6.142857142857143,84.89999999999999,14.363428571428573,100.0,14.882857142857144,0.0,48.9,249.55714285714288,991.2714285714284,70.97142857142858,10.957142857142856,16.228236727736316
16.071428571428573,10.6,13.328571428571427,16.071428571428573,9.842857142857143,13.228571428571428,77.18571428571428,0.7264285714285714,71.42857142857143,4.167142857142857,0.0,34.471428571428575,227.8142857142857,1016.5,76.41428571428571,24.1,8.538697779771724
9.528571428571428,5.585714285714286,7.614285714285714,8.157142857142857,1.4428571428571428,4.328571428571428,83.77142857142857,1.3942857142857144,100.0,6.547142857142857,0.0,49.22857142857144,241.55714285714288,1007.8857142857142,82.38571428571429,15.957142857142856,13.662378498002
5.428571428571429,1.6857142857142855,3.571428571428572,3.3000000000000003,-1.885714285714286,0.6714285714285716,90.31428571428572,3.7965714285714287,85.71428571428571,10.118571428571428,0.0,21.571428571428573,140.82857142857142,1011.1,81.14285714285714,9.542857142857144,57.29814870016696
11.828571428571427,6.585714285714286,9.242857142857144,11.828571428571427,3.3285714285714287,7.514285714285714,82.34285714285714,2.4792857142857145,100.0,7.141428571428572,0.0,36.75714285714286,243.62857142857143,993.5,77.54285714285713,24.057142857142857,9.414878339625602
5.428571428571429,0.7285714285714285,2.9571428571428577,3.071428571428572,-3.2142857142857144,-0.2999999999999999,90.78571428571428,0.0,0.0,0.0,0.0,18.9,117.94285714285716,1036.4428571428573,68.94285714285715,3.642857142857143,-3.839883731268969
13.7,8.342857142857143,10.8,13.7,6.1000000000000005,9.94285714285714,86.75714285714285,4.004285714285714,100.0,11.904285714285717,0.0,21.542857142857144,116.52857142857144,1009.8571428571428,68.78571428571429,11.05714285714286,22.75178125692969
14.585714285714284,6.914285714285714,10.785714285714286,14.585714285714284,4.814285714285715,9.657142857142857,75.28571428571429,0.1571428571428571,71.42857142857143,4.762857142857143,0.0,28.285714285714285,303.6857142857143,1015.0,52.51428571428572,18.714285714285715,3.3877923559871306
12.828571428571427,8.357142857142858,10.585714285714284,12.828571428571427,6.514285714285714,9.8,82.44285714285715,0.5472857142857143,85.71428571428571,7.144285714285715,0.0,33.471428571428575,267.75714285714287,1021.1142857142858,64.54285714285714,11.171428571428573,-4.016850119666515
11.585714285714284,5.042857142857143,8.014285714285714,10.642857142857142,1.2,5.557142857142857,72.35714285714286,0.1802857142857143,14.285714285714286,1.19,0.0,27.428571428571427,57.01428571428572,1020.6857142857144,52.85714285714285,13.742857142857144,29.393656875679312
0.5,-1.7571428571428571,-0.4571428571428572,-4.271428571428571,-8.442857142857143,-6.514285714285714,83.84285714285714,0.0078571428571428,28.571428571428573,1.7857142857142858,0.2666666666666666,35.8,62.04285714285714,1018.9,87.65714285714286,6.842857142857143,-40.75365066348502
6.214285714285714,2.0142857142857142,4.185714285714286,4.342857142857143,-1.4714285714285715,1.2142857142857142,88.28571428571429,1.5475714285714286,71.42857142857143,4.761428571428572,0.825,28.285714285714285,215.3857142857143,1006.1857142857144,84.12857142857142,16.314285714285713,27.753827133886944
18.728571428571428,10.985714285714286,14.414285714285716,18.728571428571428,10.271428571428572,14.271428571428572,88.48571428571428,1.2168571428571426,42.85714285714285,2.381428571428572,0.0,25.5,118.12857142857143,1019.0,57.457142857142856,5.142857142857143,-3.0166632636227177
7.285714285714286,-0.4285714285714285,3.628571428571429,4.5285714285714285,-4.814285714285715,-0.1285714285714286,69.65714285714286,0.0329999999999999,57.142857142857146,3.5728571428571425,0.0,24.11428571428572,92.21428571428572,1028.2857142857142,43.142857142857146,11.357142857142858,-12.865066943627426
15.357142857142858,5.985714285714286,10.3,15.357142857142858,4.128571428571428,9.55714285714286,77.5,0.0082857142857142,42.85714285714285,1.7871428571428571,0.0,17.557142857142857,122.28571428571428,1027.242857142857,41.32857142857143,9.185714285714283,-20.690498122930197
6.542857142857143,1.0571428571428572,3.6714285714285713,2.085714285714286,-3.6714285714285713,-0.7714285714285715,82.32857142857142,0.8748571428571429,57.142857142857146,2.382857142857143,0.0,42.12857142857143,300.8,1016.8285714285714,60.18571428571429,22.728571428571428,-35.89668126338586
10.914285714285716,3.985714285714286,7.571428571428571,9.785714285714286,0.9857142857142858,5.628571428571428,86.57142857142857,3.0142857142857147,100.0,6.547142857142857,0.0,26.571428571428573,231.8142857142857,994.4142857142856,71.38571428571429,20.65714285714285,10.09288208236535
10.9,2.4,7.057142857142857,10.571428571428571,-0.4142857142857142,4.957142857142857,70.04285714285714,1.0725714285714285,57.142857142857146,2.9771428571428573,0.0,35.17142857142857,240.28571428571428,1012.4142857142856,67.38571428571429,26.542857142857144,23.94591037033649
8.385714285714286,0.3428571428571428,4.314285714285714,6.6571428571428575,-3.3428571428571425,1.6714285714285713,64.9,0.0021428571428571,14.285714285714286,0.5957142857142858,0.0,21.87142857142857,116.94285714285716,1022.6714285714286,48.94285714285714,14.714285714285714,26.991695167666307
0.2571428571428572,-3.5285714285714285,-1.5285714285714285,-2.985714285714286,-9.185714285714283,-6.185714285714285,83.34285714285714,0.1038571428571428,28.571428571428573,1.1914285714285715,2.16,23.642857142857142,57.471428571428575,1026.4857142857145,68.07142857142857,6.885714285714286,26.04036810315654
6.085714285714286,0.9142857142857144,3.0,4.071428571428571,-2.142857142857143,0.7000000000000001,88.42857142857143,0.0,0.0,0.0,0.0,19.428571428571427,178.15714285714284,1024.1714285714286,57.12857142857143,11.671428571428573,7.956957474383103
5.914285714285714,2.657142857142857,4.228571428571429,3.2,-1.6428571428571428,0.6857142857142857,91.2,0.1894285714285714,42.85714285714285,2.381428571428572,0.0,27.2,94.22857142857144,1018.6142857142856,86.60000000000001,8.471428571428572,14.123869401498496
5.585714285714286,-0.3285714285714285,2.6,3.6571428571428575,-4.6571428571428575,-0.7857142857142857,84.77142857142857,3.707,57.142857142857146,5.952857142857143,0.5,23.9,55.5,1011.2285714285716,48.81428571428573,9.242857142857144,-17.541108554750053
21.8,11.857142857142858,16.314285714285713,21.8,11.414285714285716,16.314285714285713,79.38571428571429,1.9935714285714283,28.571428571428573,1.1914285714285715,0.0,24.25714285714286,210.78571428571428,1016.842857142857,59.17142857142857,15.171428571428573,-0.5543034521375603
17.32857142857143,13.671428571428573,15.414285714285716,17.32857142857143,13.671428571428573,15.414285714285716,88.55714285714285,5.234142857142857,100.0,10.118571428571428,0.0,25.7,113.21428571428572,1006.1428571428572,73.77142857142857,10.842857142857143,-8.471166249983526
10.528571428571428,5.457142857142857,8.27142857142857,8.871428571428572,1.6428571428571428,5.514285714285714,86.52857142857144,6.443,100.0,13.097142857142858,0.0,46.271428571428565,261.4857142857143,997.2285714285716,71.04285714285714,9.9,41.55677549391669
18.24285714285714,13.0,15.414285714285716,18.24285714285714,13.0,15.414285714285716,82.8,1.3197142857142856,85.71428571428571,5.357142857142857,0.0,25.214285714285715,269.42857142857144,1015.6714285714286,85.57142857142857,18.514285714285712,8.921331058296573
10.828571428571427,6.214285714285714,8.857142857142858,10.828571428571427,3.542857142857143,7.328571428571428,96.38571428571429,2.9905714285714287,100.0,10.714285714285714,0.0,20.8,168.54285714285714,1019.7285714285716,65.38571428571429,8.171428571428573,-29.003656077138658
12.857142857142858,5.871428571428572,9.3,12.328571428571427,3.3857142857142857,7.528571428571429,78.9,0.3322857142857142,57.142857142857146,2.9771428571428573,0.0,30.6,241.15714285714284,1020.1857142857144,66.05714285714285,13.471428571428572,-3.4397624122308343
