tempmax,tempmin,temp,feelslikemax,feelslikemin,feelslike,humidity,precip,precipprob,precipcover,snowdepth,windspeed,winddir,sealevelpressure,cloudcover,visibility,deaths
15.285714285714286,8.114285714285714,11.785714285714286,15.285714285714286,6.185714285714285,11.157142857142857,83.34285714285714,5.7987142857142855,100.0,9.524285714285714,0.0,26.1,208.02857142857144,1011.2428571428572,76.2,19.785714285714285,963
15.62857142857143,5.785714285714286,11.114285714285714,15.62857142857143,3.771428571428572,10.285714285714286,73.65714285714286,0.3137142857142856,42.85714285714285,5.357142857142857,0.0,23.457142857142856,165.0,1008.2857142857144,42.25714285714286,14.742857142857144,913
22.342857142857145,14.87142857142857,17.814285714285713,22.342857142857145,14.87142857142857,17.814285714285713,81.11428571428571,0.0122857142857142,14.285714285714286,0.5957142857142858,0.0,20.485714285714288,46.71428571428572,1026.6,39.8,11.142857142857142,884
7.285714285714286,2.8714285714285714,4.871428571428572,4.714285714285714,-1.6857142857142855,1.3714285714285714,80.52857142857144,0.5619999999999999,71.42857142857143,3.5728571428571425,0.0,32.214285714285715,263.04285714285714,998.2,75.44285714285715,21.3,1301
12.0,7.571428571428571,9.9,11.114285714285714,5.128571428571428,8.342857142857143,85.58571428571429,0.8247142857142856,71.42857142857143,12.501428571428573,0.0,34.44285714285714,214.8857142857143,1020.4714285714286,42.785714285714285,10.185714285714283,1081
23.62857142857143,16.17142857142857,19.871428571428574,23.957142857142856,16.17142857142857,19.942857142857143,85.71428571428571,4.452,57.142857142857146,7.142857142857143,0.0,23.542857142857144,155.6,1008.0142857142856,62.75714285714285,8.314285714285715,979
15.828571428571427,8.77142857142857,11.828571428571427,15.828571428571427,6.814285714285715,11.214285714285714,79.38571428571429,4.842714285714286,100.0,16.665714285714284,0.0,32.22857142857143,228.18571428571428,1004.3571428571428,65.52857142857144,10.585714285714284,954
5.785714285714286,0.0142857142857143,2.7,2.071428571428572,-4.9,-2.171428571428572,76.62857142857142,0.5924285714285714,42.85714285714285,2.381428571428572,0.0,43.21428571428572,218.52857142857144,1004.6,36.7,21.87142857142857,1164
15.214285714285714,7.399999999999999,11.514285714285714,14.785714285714286,5.928571428571429,10.785714285714286,77.27142857142857,0.291,57.142857142857146,7.738571428571428,0.0,21.385714285714283,256.9857142857143,1014.8,61.114285714285714,9.714285714285714,1017
9.571428571428571,3.7857142857142856,6.714285714285714,8.471428571428572,2.0142857142857147,5.214285714285714,85.18571428571428,0.0,0.0,0.0,0.0,27.24285714285714,205.45714285714288,1010.9142857142856,64.91428571428571,16.485714285714288,1398
15.428571428571429,7.671428571428572,11.62857142857143,15.428571428571429,6.2,10.957142857142856,76.97142857142856,2.8915714285714285,85.71428571428571,20.23857142857143,0.0,31.8,182.3571428571429,1004.6714285714286,49.31428571428571,9.514285714285714,1032
8.72857142857143,2.757142857142857,5.814285714285715,6.671428571428572,-0.9571428571428572,2.057142857142857,75.88571428571429,1.0737142857142856,71.42857142857143,4.167142857142857,0.0,36.4,232.94285714285712,996.8,55.3,26.314285714285717,1194
17.585714285714285,11.885714285714286,14.428571428571429,17.585714285714285,11.885714285714286,14.428571428571429,75.05714285714285,0.2878571428571428,57.142857142857146,2.9771428571428573,0.0,20.74285714285714,287.0857142857143,1014.5428571428572,80.47142857142856,22.057142857142857,946
18.1,10.228571428571428,14.12857142857143,18.1,9.071428571428571,13.9,77.32857142857142,0.8437142857142857,85.71428571428571,7.144285714285715,0.0,25.957142857142856,231.97142857142856,1011.5,50.91428571428572,13.728571428571428,929
4.557142857142857,0.1285714285714285,2.414285714285714,1.0285714285714287,-4.228571428571429,-1.4,91.91428571428573,4.1417142857142855,85.71428571428571,10.714285714285714,0.1714285714285714,25.814285714285717,204.94285714285712,994.3857142857142,39.3,9.071428571428571,1337
15.985714285714286,9.042857142857144,12.385714285714286,15.985714285714286,7.985714285714286,12.157142857142857,80.60000000000001,0.7222857142857143,42.85714285714285,2.975714285714285,0.0,28.457142857142856,278.07142857142856,1020.6,71.65714285714286,16.742857142857144,884
17.414285714285715,9.885714285714286,14.014285714285714,17.414285714285715,9.114285714285714,13.9,70.54285714285714,0.1214285714285714,71.42857142857143,3.5728571428571425,0.0,23.957142857142856,253.2,1013.6428571428572,78.87142857142858,19.32857142857143,1008
12.4,9.014285714285714,10.828571428571427,12.071428571428571,7.642857142857143,10.2,92.51428571428572,5.018571428571428,100.0,16.664285714285715,0.0,18.5,67.9,1018.9571428571428,79.95714285714287,5.328571428571428,961
7.185714285714285,2.2,4.728571428571429,4.871428571428572,-1.957142857142857,1.8,85.12857142857142,0.2317142857142857,28.571428571428573,1.1914285714285715,0.0,32.8,230.08571428571423,1019.7714285714286,70.94285714285714,13.114285714285714,1082
25.0,15.342857142857143,20.071428571428573,24.8,15.342857142857143,20.014285714285712,68.77142857142857,0.0074285714285714,14.285714285714286,0.5957142857142858,0.0,18.314285714285717,173.22857142857143,1020.9857142857144,44.114285714285714,17.228571428571428,936
13.171428571428573,4.6000000000000005,9.385714285714286,13.171428571428573,3.271428571428572,8.971428571428572,88.12857142857142,0.0252857142857142,14.285714285714286,0.5957142857142858,0.0,21.87142857142857,217.77142857142857,1020.9428571428572,58.97142857142857,7.528571428571429,925
16.97142857142857,11.0,13.342857142857143,16.97142857142857,10.55714285714286,13.2,86.85714285714286,0.9015714285714286,71.42857142857143,8.334285714285715,0.0,20.985714285714288,170.71428571428572,1016.842857142857,39.54285714285714,11.157142857142857,1041
24.385714285714283,14.328571428571427,19.4,24.4,14.328571428571427,19.4,74.38571428571429,0.2322857142857142,14.285714285714286,0.5957142857142858,0.0,19.6,196.3142857142857,1020.2571428571428,52.94285714285714,16.314285714285713,960
11.55714285714286,6.214285714285714,8.942857142857143,10.785714285714286,4.342857142857143,7.728571428571429,77.28571428571429,0.4298571428571428,57.142857142857146,3.571428571428572,0.0,30.54285714285714,273.3285714285714,1023.2,79.61428571428571,21.942857142857143,957
20.02857142857143,12.957142857142856,16.52857142857143,20.02857142857143,12.957142857142856,16.52857142857143,80.54285714285713,1.0758571428571428,42.85714285714285,2.975714285714285,0.0,24.714285714285715,170.65714285714284,1011.0571428571428,73.18571428571428,14.12857142857143,998
17.8,11.242857142857144,14.2,17.8,11.014285714285714,14.185714285714283,82.98571428571428,2.565,71.42857142857143,3.5728571428571425,0.0,20.77142857142857,258.45714285714286,1012.6857142857144,78.72857142857143,20.942857142857143,906
8.314285714285715,4.085714285714286,6.171428571428572,6.7,1.3714285714285714,4.085714285714285,92.1,0.8125714285714285,85.71428571428571,3.5742857142857143,0.0,20.25714285714286,196.75714285714284,1014.2285714285716,69.88571428571429,13.342857142857143,1104
13.285714285714286,6.757142857142857,10.228571428571428,13.285714285714286,4.2,8.871428571428572,77.2,0.2422857142857142,28.571428571428573,2.975714285714285,0.0,29.1,76.60000000000001,1016.5428571428572,39.04285714285714,9.37142857142857,1054
8.4,2.571428571428572,5.6000000000000005,6.1000000000000005,-0.1142857142857142,3.057142857142857,88.94285714285715,3.442,100.0,16.072857142857142,0.0,23.085714285714285,164.29999999999998,1001.3571428571428,40.18571428571429,9.6,1169
3.8857142857142857,-1.0714285714285714,1.4,0.0714285714285714,-5.871428571428572,-3.0142857142857147,92.05714285714284,10.013714285714286,100.0,14.87857142857143,0.3857142857142857,26.514285714285712,281.15714285714284,1006.9857142857144,59.31428571428571,12.44285714285714,1109
22.65714285714285,12.714285714285714,17.52857142857143,22.65714285714285,12.714285714285714,17.52857142857143,77.14285714285714,0.5512857142857143,28.571428571428573,1.1914285714285715,0.0,24.957142857142856,241.6,1016.6142857142858,47.2,13.528571428571428,830
3.742857142857143,-1.5571428571428572,1.0285714285714285,1.2428571428571429,-4.3,-1.4857142857142858,83.42857142857143,0.0,0.0,0.0,0.0,18.142857142857142,135.68571428571428,1026.4142857142856,62.05714285714286,9.3,1117
5.457142857142857,-0.9857142857142858,2.357142857142857,1.7714285714285711,-5.214285714285714,-1.6857142857142855,87.32857142857142,1.2831428571428571,85.71428571428571,5.952857142857143,6.633333333333333,28.085714285714285,238.41428571428568,1006.9,51.62857142857143,14.142857142857142,1150
25.37142857142857,15.44285714285714,20.057142857142857,25.32857142857143,15.44285714285714,20.057142857142857,67.38571428571429,0.0288571428571428,14.285714285714286,0.5957142857142858,0.0,18.285714285714285,158.71428571428572,1019.7714285714284,52.371428571428574,16.057142857142857,883
8.657142857142857,5.128571428571428,6.885714285714286,6.757142857142857,1.3857142857142857,3.871428571428571,87.48571428571428,0.8918571428571428,71.42857142857143,6.548571428571429,0.0,27.11428571428572,215.14285714285717,1012.6,77.11428571428571,7.942857142857143,1111
11.114285714285714,4.871428571428572,7.771428571428571,9.94285714285714,1.4714285714285715,5.371428571428572,82.27142857142857,2.6155714285714287,85.71428571428571,12.501428571428573,0.0,33.7,212.1,997.8285714285714,40.7,11.428571428571429,993
5.285714285714286,0.6,3.071428571428572,1.6714285714285713,-4.014285714285714,-1.1428571428571428,83.65714285714286,1.8042857142857145,71.42857142857143,10.118571428571428,0.6714285714285715,30.557142857142853,291.7,1009.7142857142856,57.471428571428575,10.242857142857144,1106
16.185714285714287,8.528571428571428,11.971428571428572,16.185714285714287,7.957142857142857,11.728571428571428,76.51428571428572,0.0,0.0,0.0,0.0,20.12857142857143,99.07142857142856,1016.842857142857,78.38571428571429,10.028571428571428,938
16.085714285714285,8.514285714285714,11.94285714285714,16.085714285714285,6.842857142857143,11.571428571428571,85.24285714285715,0.1525714285714285,28.571428571428573,1.1914285714285715,0.0,22.97142857142857,91.97142857142856,1007.5857142857144,57.17142857142857,8.414285714285715,944
10.6,4.714285714285714,7.542857142857143,9.171428571428573,-0.1,4.0285714285714285,76.34285714285714,3.350428571428572,85.71428571428571,19.642857142857142,0.0142857142857142,47.457142857142856,256.4142857142857,1005.9857142857144,40.32857142857143,10.1,1161
7.1000000000000005,1.3142857142857145,4.5285714285714285,4.257142857142857,-2.5,1.085714285714286,87.89999999999999,1.3428571428571427,57.142857142857146,2.382857142857143,0.2571428571428572,29.0,249.14285714285717,1012.7428571428572,49.72857142857144,14.685714285714283,1233
10.314285714285717,8.414285714285715,9.342857142857143,10.071428571428571,6.114285714285714,7.714285714285714,78.87142857142858,0.0482857142857142,42.85714285714285,1.7871428571428571,0.0,18.37142857142857,45.52857142857143,1032.2714285714285,93.84285714285714,20.685714285714287,1033
8.542857142857143,4.571428571428571,6.6000000000000005,6.528571428571429,1.0,3.942857142857143,84.52857142857144,0.7485,85.71428571428571,4.168571428571428,0.0,25.185714285714287,275.4714285714286,1008.5285714285714,74.04285714285713,14.742857142857144,1056
22.61428571428572,14.55714285714286,18.785714285714285,22.714285714285715,14.55714285714286,18.8,81.52857142857144,2.5264285714285712,100.0,6.55,0.0,21.885714285714283,156.41428571428574,1014.5285714285714,56.21428571428572,9.885714285714286,845
11.571428571428571,5.857142857142857,8.72857142857143,10.914285714285716,2.8428571428571425,6.685714285714285,83.78571428571429,1.887428571428572,57.142857142857146,10.714285714285714,0.0,35.24285714285715,247.17142857142855,1011.4428571428572,48.35714285714285,8.942857142857143,1271
19.65714285714285,6.442857142857143,13.171428571428573,19.65714285714285,5.242857142857143,12.757142857142856,76.04285714285713,1.1947142857142856,28.571428571428573,1.1914285714285715,0.0,23.25714285714286,226.52857142857144,1019.0428571428572,40.62857142857143,14.642857142857142,1000
18.428571428571427,10.142857142857142,14.37142857142857,18.428571428571427,9.87142857142857,14.314285714285717,85.14285714285714,0.0,0.0,0.0,0.0,15.828571428571427,146.8857142857143,1020.2428571428572,44.51428571428572,9.228571428571428,898
12.142857142857142,3.642857142857143,8.0,11.771428571428572,1.6571428571428573,6.571428571428571,79.8,0.0604285714285714,28.571428571428573,1.7857142857142858,0.0,23.885714285714283,203.2,1027.7,49.35714285714285,12.514285714285716,976
17.54285714285714,12.585714285714284,15.014285714285714,17.54285714285714,12.342857142857143,14.985714285714286,90.31428571428572,4.667285714285714,85.71428571428571,5.357142857142857,0.0,25.7,228.9,1009.7,85.38571428571429,8.414285714285715,826
19.928571428571427,12.7,16.400000000000002,19.928571428571427,12.6,16.385714285714286,74.55714285714285,0.0584285714285714,14.285714285714286,0.5957142857142858,0.0,25.3,271.25714285714287,1020.5285714285714,67.22857142857143,17.37142857142857,846
8.685714285714285,3.3714285714285714,6.185714285714286,5.942857142857143,-0.2285714285714285,2.8142857142857145,82.22857142857143,0.9315714285714286,57.142857142857146,4.762857142857143,0.0,30.97142857142857,278.42857142857144,1025.5857142857144,73.1,13.471428571428572,1075
9.428571428571429,3.957142857142857,6.6571428571428575,7.971428571428571,-0.4857142857142856,3.585714285714286,87.07142857142857,4.193857142857143,71.42857142857143,23.81,0.0,31.685714285714287,260.9142857142857,1021.2142857142856,57.2,8.285714285714286,1105
6.171428571428572,1.9714285714285715,3.871428571428571,3.271428571428572,-1.8285714285714287,0.3571428571428571,86.67142857142858,0.3617142857142857,85.71428571428571,5.954285714285715,0.0,25.014285714285712,162.94285714285712,1012.9142857142856,54.7,12.357142857142858,1193
8.042857142857143,1.157142857142857,4.971428571428571,6.685714285714285,-0.7714285714285715,3.1142857142857143,91.35714285714286,0.3877142857142857,57.142857142857146,3.571428571428572,0.0,17.0,272.92857142857144,1015.7857142857144,60.114285714285714,8.242857142857144,1036
15.257142857142856,8.157142857142857,11.928571428571429,15.257142857142856,5.828571428571428,11.242857142857144,69.47142857142858,0.6365714285714285,71.42857142857143,7.141428571428572,0.0,28.74285714285714,282.87142857142857,1014.7714285714284,63.21428571428572,22.142857142857142,995
21.4,11.37142857142857,16.2,21.4,11.3,16.2,82.44285714285715,3.361857142857143,57.142857142857146,8.930000000000001,0.0,19.557142857142857,218.6,1017.6285714285714,47.271428571428565,10.2,900
20.342857142857135,12.971428571428572,16.514285714285712,20.342857142857135,12.9,16.514285714285712,86.98571428571428,4.239428571428571,85.71428571428571,19.048571428571428,0.0,21.685714285714287,225.17142857142855,1016.842857142857,68.01428571428572,9.5,947
14.714285714285714,6.285714285714286,10.814285714285717,14.714285714285714,3.642857142857143,9.657142857142857,83.3142857142857,0.0691428571428571,57.142857142857146,2.9771428571428573,0.0,23.27142857142857,268.62857142857143,1024.857142857143,39.12857142857143,9.614285714285714,1000
4.814285714285715,-0.257142857142857,1.9285714285714288,0.8857142857142858,-4.7,-2.2285714285714286,73.74285714285715,0.2514285714285714,85.71428571428571,4.764285714285714,0.0,26.985714285714288,96.91428571428573,1025.7571428571428,69.60000000000001,9.014285714285714,1116
14.842857142857143,8.6,11.55714285714286,14.842857142857143,7.442857142857143,11.042857142857144,80.2,1.2685714285714285,28.571428571428573,5.951428571428571,0.0,19.61428571428572,174.5142857142857,1020.3285714285712,55.57142857142857,9.142857142857142,1002
6.628571428571428,2.085714285714286,4.671428571428572,4.342857142857143,-0.9714285714285716,1.457142857142857,85.84285714285714,0.8784285714285714,100.0,9.524285714285714,0.0,24.514285714285712,155.47142857142856,1023.8714285714284,76.54285714285713,7.557142857142857,1087
4.828571428571428,0.7142857142857143,2.642857142857143,2.442857142857143,-2.157142857142857,0.0571428571428571,77.44285714285715,0.1118571428571428,71.42857142857143,2.9785714285714286,0.0,17.728571428571428,172.82857142857142,1032.042857142857,56.72857142857142,12.957142857142856,1121
10.414285714285713,5.057142857142857,7.828571428571428,9.771428571428572,1.671428571428572,5.985714285714286,86.32857142857142,0.0734285714285714,14.285714285714286,1.19,0.0,31.485714285714284,223.25714285714284,1022.0714285714286,75.07142857142857,9.5,943
11.7,3.271428571428572,7.671428571428572,11.414285714285716,1.0428571428571427,5.957142857142857,81.2,2.234142857142857,85.71428571428571,10.714285714285714,0.0,23.014285714285712,166.1,1007.4571428571428,54.57142857142857,10.285714285714286,1034
12.55714285714286,3.142857142857143,7.8428571428571425,12.042857142857144,1.1,7.014285714285714,84.22857142857143,0.0441428571428571,28.571428571428573,2.975714285714285,0.0,15.114285714285714,152.20000000000002,1027.8285714285714,50.22857142857144,7.442857142857143,1055
14.9,4.985714285714286,10.114285714285714,14.428571428571429,2.4857142857142853,8.82857142857143,77.65714285714286,1.138,57.142857142857146,5.355714285714286,0.0,25.071428571428573,199.7142857142857,1003.2857142857144,52.05714285714286,13.714285714285714,999
19.4,12.014285714285714,15.55714285714286,19.4,12.014285714285714,15.55714285714286,81.67142857142858,1.5607142857142855,85.71428571428571,10.12,0.0,24.15714285714285,140.25714285714284,1012.2714285714284,50.285714285714285,10.428571428571429,828
8.614285714285714,2.628571428571429,5.171428571428572,7.042857142857143,-0.8857142857142858,2.2285714285714286,88.71428571428571,1.385,85.71428571428571,4.168571428571428,0.0,32.58571428571428,222.8142857142857,1008.8571428571428,64.17142857142856,10.1,1062
8.614285714285714,4.7,6.642857142857143,7.528571428571429,1.8142857142857145,4.442857142857142,85.8,0.2687142857142857,42.85714285714285,2.381428571428572,0.0,25.8,187.72857142857143,1005.7,74.38571428571429,10.285714285714286,1054
8.77142857142857,3.828571428571428,6.299999999999999,6.271428571428571,-0.3714285714285714,2.657142857142857,84.84285714285714,1.003,100.0,8.335714285714285,0.0,32.81428571428571,239.45714285714288,1009.9857142857144,56.42857142857143,13.457142857142856,1137
22.2,12.728571428571428,17.485714285714288,22.2,12.6,17.47142857142857,70.92857142857143,1.412857142857143,42.85714285714285,5.951428571428571,0.0,22.814285714285717,195.52857142857144,1015.6,35.27142857142857,11.857142857142858,829
11.94285714285714,5.528571428571429,8.614285714285714,11.671428571428573,3.0142857142857147,7.142857142857143,88.3,2.631,100.0,31.545714285714286,0.0,24.057142857142857,113.81428571428572,1006.3571428571428,56.642857142857146,7.785714285714286,1147
15.242857142857144,9.6,12.528571428571428,15.242857142857144,8.6,12.12857142857143,71.2,0.4695714285714286,57.142857142857146,2.382857142857143,0.0,26.457142857142856,219.6142857142857,1015.2285714285716,71.3,28.47142857142857,927
10.9,6.885714285714286,9.057142857142855,10.457142857142856,4.542857142857143,7.671428571428572,80.04285714285713,0.5872857142857143,100.0,6.547142857142857,0.0,18.857142857142858,184.4857142857143,1029.5857142857144,74.82857142857142,19.4,951
11.9,5.571428571428571,8.914285714285715,11.9,3.442857142857143,7.771428571428571,73.82857142857142,0.3227142857142857,71.42857142857143,3.5728571428571425,0.0,22.6,285.5285714285714,1027.142857142857,74.58571428571429,18.142857142857142,966
10.528571428571428,6.957142857142857,8.514285714285714,9.057142857142855,3.3000000000000003,5.942857142857143,80.07142857142857,0.8571428571428571,14.285714285714286,0.5957142857142858,0.0,32.84285714285714,44.34285714285714,1012.2857142857144,74.17142857142858,12.771428571428572,1005
11.714285714285714,6.257142857142857,8.928571428571429,11.071428571428571,2.9285714285714284,6.714285714285714,82.67142857142858,2.4428571428571426,85.71428571428571,10.118571428571428,0.0,39.85714285714285,217.94285714285715,1005.4285714285714,68.22857142857143,16.514285714285712,1117
16.685714285714287,9.55714285714286,13.042857142857144,16.685714285714287,8.5,12.828571428571427,80.52857142857144,0.3845714285714286,42.85714285714285,2.381428571428572,0.0,31.65714285714285,227.0142857142857,1014.9,63.385714285714286,17.97142857142857,876
10.0,3.557142857142857,6.771428571428571,8.128571428571428,-6.344131569286607e-17,4.428571428571429,88.0,5.194571428571429,100.0,29.165714285714284,0.0,24.37142857142857,191.25714285714284,1009.4,52.01428571428572,9.657142857142857,1053
7.0,1.4,4.0285714285714285,5.057142857142857,-1.6,1.8285714285714287,79.58571428571429,0.0861428571428571,42.85714285714285,1.7871428571428571,0.0,16.014285714285712,149.1,1027.1571428571428,50.75714285714286,13.414285714285713,1102
15.585714285714284,9.485714285714286,12.2,15.585714285714284,8.857142857142858,11.842857142857143,84.91428571428571,1.357714285714286,100.0,4.764285714285714,0.0,20.985714285714288,146.24285714285716,1011.9857142857144,77.98571428571428,8.085714285714285,893
19.62857142857143,11.228571428571428,15.328571428571427,19.62857142857143,10.157142857142857,15.142857142857142,74.15714285714286,1.0102857142857142,57.142857142857146,3.571428571428572,0.0,31.87142857142857,238.9,1008.8,60.24285714285714,18.885714285714283,789
18.3,10.285714285714286,14.328571428571427,18.3,9.028571428571428,13.914285714285713,74.39999999999999,0.2635714285714285,71.42857142857143,6.548571428571429,0.0,31.0,244.6,1015.8,43.48571428571428,12.62857142857143,913
20.357142857142858,13.4,16.642857142857142,20.357142857142858,13.4,16.642857142857142,82.44285714285715,2.651857142857143,100.0,29.76428571428572,0.0,25.32857142857143,185.52857142857144,1010.4142857142856,47.98571428571428,9.457142857142856,925
11.714285714285714,3.857142857142857,8.057142857142857,11.271428571428572,1.657142857142857,6.6000000000000005,74.22857142857143,0.0,0.0,0.0,0.0,19.67142857142857,277.62857142857143,1031.4,43.12857142857143,9.957142857142856,1079
18.571428571428573,10.571428571428571,14.785714285714286,18.571428571428573,9.87142857142857,14.62857142857143,83.22857142857143,2.156142857142857,85.71428571428571,15.477142857142857,0.0,23.428571428571427,166.4857142857143,1012.1,47.114285714285714,11.385714285714286,1003
19.728571428571428,7.957142857142856,14.171428571428573,19.728571428571428,7.7,14.12857142857143,73.58571428571429,0.0,0.0,0.0,0.0,15.4,73.52857142857144,1022.3285714285714,43.17142857142857,22.4,875
13.328571428571427,6.5,9.814285714285717,13.328571428571427,5.028571428571429,8.957142857142857,81.32857142857142,0.011,14.285714285714286,0.5957142857142858,0.0,22.52857142857143,78.47142857142856,1030.142857142857,39.31428571428571,9.614285714285714,961
18.085714285714285,10.185714285714283,13.971428571428572,18.085714285714285,9.3,13.7,83.3,0.3762857142857143,42.85714285714285,1.7871428571428571,0.0,26.014285714285712,218.67142857142852,1010.0571428571428,55.15714285714286,11.4,919
20.27142857142857,13.814285714285717,16.6,20.27142857142857,13.814285714285717,16.6,94.84285714285714,0.3294285714285714,57.142857142857146,7.142857142857143,0.0,16.614285714285714,33.42857142857143,1017.2857142857144,70.97142857142856,5.085714285714286,973
21.685714285714287,14.257142857142856,18.1,21.685714285714287,14.257142857142856,18.1,75.60000000000001,0.3748571428571429,71.42857142857143,3.5728571428571425,0.0,19.314285714285717,215.3,1014.9428571428572,73.04285714285714,19.814285714285717,1013
6.971428571428571,3.2285714285714286,5.142857142857143,5.042857142857143,0.3571428571428571,2.628571428571429,85.04285714285713,0.0408571428571428,57.142857142857146,3.571428571428572,0.0,18.428571428571427,270.7285714285714,1030.1142857142856,80.31428571428572,11.928571428571429,1069
18.571428571428573,10.94285714285714,14.914285714285713,18.571428571428573,9.55714285714286,14.642857142857142,76.08571428571429,0.1681428571428571,28.571428571428573,1.1914285714285715,0.0,27.514285714285712,169.1142857142857,1021.4714285714286,67.01428571428572,13.828571428571427,960
20.65714285714285,11.714285714285714,16.057142857142857,20.65714285714285,11.642857142857142,16.057142857142857,69.92857142857143,0.4117142857142857,14.285714285714286,0.5957142857142858,0.0,18.357142857142858,169.58571428571426,1014.1,64.0,17.842857142857145,889
5.571428571428571,1.9428571428571428,3.914285714285714,3.3428571428571425,-1.4,1.1285714285714286,93.47142857142856,1.619,85.71428571428571,5.357142857142857,4.4,20.185714285714287,195.4857142857143,1011.9571428571428,80.95714285714287,8.8,1115
16.985714285714288,8.285714285714286,12.5,16.985714285714288,7.357142857142857,12.142857142857142,70.05714285714285,0.097,14.285714285714286,0.5957142857142858,0.0,19.37142857142857,182.4857142857143,1017.7428571428572,70.31428571428572,17.17142857142857,978
15.542857142857144,6.714285714285714,10.757142857142856,15.542857142857144,5.442857142857143,10.257142857142856,86.94285714285715,0.0,0.0,0.0,0.0,17.45714285714286,102.9857142857143,1010.0428571428572,31.071428571428573,4.414285714285714,1069
18.585714285714285,6.6000000000000005,12.685714285714283,18.228571428571428,6.271428571428571,12.285714285714286,66.95714285714286,0.0,0.0,0.0,0.0,15.785714285714286,134.4,1024.642857142857,56.77142857142858,8.857142857142858,1038
9.757142857142856,4.4,7.128571428571428,8.2,1.457142857142857,5.071428571428571,85.45714285714287,0.606,71.42857142857143,5.357142857142857,0.0,21.47142857142857,250.61428571428573,1028.8428571428572,68.97142857142858,11.928571428571429,1009
18.514285714285712,9.914285714285716,14.071428571428571,18.514285714285712,9.042857142857144,13.971428571428572,78.07142857142857,0.9124285714285714,71.42857142857143,2.9785714285714286,0.0,28.942857142857143,230.1,1013.8142857142856,60.114285714285714,18.085714285714285,884
15.614285714285714,8.714285714285714,12.042857142857144,15.614285714285714,7.7,11.842857142857143,81.82857142857142,1.2047142857142856,57.142857142857146,2.382857142857143,0.0,24.1,183.7142857142857,1012.157142857143,73.52857142857142,21.785714285714285,869
17.742857142857144,12.242857142857144,14.728571428571428,17.742857142857144,12.242857142857144,14.728571428571428,83.37142857142858,1.368857142857143,71.42857142857143,5.951428571428571,0.0,16.557142857142857,139.31428571428572,1014.0714285714286,86.52857142857144,14.257142857142858,902
9.571428571428571,3.0,6.171428571428572,8.842857142857143,0.2571428571428572,4.171428571428572,85.92857142857143,2.190428571428572,85.71428571428571,18.452857142857145,0.0,19.028571428571432,214.1,1005.0428571428572,54.3,8.242857142857144,1256
10.37142857142857,3.628571428571429,6.9,10.085714285714284,0.9142857142857144,4.885714285714286,87.64285714285714,2.822714285714286,85.71428571428571,5.952857142857143,0.0,21.4,230.0,1003.4142857142856,60.55714285714286,11.37142857142857,1087
12.44285714285714,5.057142857142857,8.72857142857143,12.44285714285714,3.8,7.928571428571429,79.37142857142858,0.3078571428571428,100.0,4.764285714285714,0.0,17.914285714285715,262.4,1020.8857142857142,55.371428571428574,14.342857142857143,1031
9.37142857142857,4.5285714285714285,6.942857142857143,7.8,1.085714285714286,4.414285714285714,95.37142857142858,4.724571428571429,100.0,27.97714285714286,0.0,25.714285714285715,171.65714285714284,991.4,67.62857142857142,8.171428571428573,1164
20.542857142857144,12.714285714285714,16.185714285714287,20.542857142857144,12.714285714285714,16.185714285714287,76.97142857142856,5.301142857142858,100.0,20.23857142857143,0.0,33.15714285714286,247.90000000000003,1005.5285714285714,35.528571428571425,11.814285714285717,908
25.514285714285712,14.585714285714284,19.842857142857145,25.142857142857142,14.585714285714284,19.8,66.45714285714286,1.76,14.285714285714286,1.19,0.0,20.65714285714285,187.87142857142857,1013.4285714285714,40.57142857142857,13.228571428571428,908
12.4,5.314285714285715,8.471428571428572,12.4,3.571428571428572,7.8428571428571425,83.7,0.0522857142857142,57.142857142857146,2.382857142857143,0.0,14.414285714285716,120.97142857142856,1027.8428571428572,53.87142857142857,9.657142857142857,958
14.571428571428571,8.428571428571429,11.55714285714286,14.571428571428571,5.442857142857143,10.542857142857144,80.42857142857143,1.0521428571428573,71.42857142857143,4.167142857142857,0.0,32.41428571428572,229.32857142857145,1009.9142857142858,62.52857142857143,19.52857142857143,825
5.714285714285714,2.6,4.4,4.771428571428571,0.2571428571428571,2.5,87.41428571428571,1.5745714285714285,57.142857142857146,4.1657142857142855,0.0,17.257142857142856,176.41428571428574,1013.0714285714286,90.14285714285714,9.271428571428572,1411
16.585714285714285,10.642857142857142,13.571428571428571,16.585714285714285,9.5,13.271428571428572,82.91428571428571,3.278714285714286,100.0,24.404285714285717,0.0,32.72857142857143,176.70000000000002,1014.7857142857144,56.2,10.171428571428573,959
8.828571428571427,3.057142857142857,6.1000000000000005,6.985714285714286,-0.3714285714285714,3.271428571428572,83.64285714285714,0.2151428571428571,28.571428571428573,1.1914285714285715,0.0,23.3,251.8428571428572,1023.0857142857144,61.74285714285714,16.914285714285715,1166
9.142857142857142,4.471428571428572,6.714285714285714,9.1,1.5142857142857145,4.785714285714286,84.95714285714287,0.8140000000000001,57.142857142857146,2.9771428571428573,0.0,22.457142857142856,199.4142857142857,1012.7,79.64285714285714,15.44285714285714,1125
12.0,7.714285714285714,9.87142857142857,11.071428571428571,4.9,8.257142857142856,87.1,1.5984285714285715,85.71428571428571,11.308571428571428,0.0,34.714285714285715,184.3571428571429,1015.6428571428572,40.34285714285714,9.671428571428573,1087
8.3,3.157142857142857,5.628571428571428,6.3,0.4428571428571428,3.3000000000000003,84.42857142857143,0.9022857142857142,71.42857142857143,2.9785714285714286,0.0,32.25714285714286,209.44285714285712,1025.9,62.44285714285714,11.214285714285714,1077
10.914285714285716,4.257142857142857,7.4,10.914285714285716,2.1,5.985714285714286,84.07142857142857,0.3477142857142857,100.0,5.3585714285714285,0.0,20.814285714285717,199.87142857142857,995.2428571428572,49.471428571428575,17.27142857142857,1008
15.05714285714286,9.071428571428571,12.071428571428571,15.05714285714286,8.5,11.914285714285716,87.5,0.2307142857142857,71.42857142857143,3.5728571428571425,0.0,21.571428571428573,194.75714285714284,1015.8142857142856,72.01428571428572,11.12857142857143,946
17.057142857142857,10.87142857142857,13.571428571428571,17.057142857142857,10.714285714285714,13.542857142857144,75.98571428571428,0.0,0.0,0.0,0.0,20.61428571428572,226.94285714285712,1009.3714285714284,75.05714285714285,16.442857142857143,968
21.314285714285717,11.985714285714286,16.685714285714287,21.314285714285717,11.514285714285714,16.642857142857142,68.92857142857143,1.0532857142857144,14.285714285714286,0.5957142857142858,0.0,21.0,252.0142857142857,1020.6,65.11428571428571,27.785714285714285,869
4.671428571428572,-0.6571428571428571,1.957142857142857,2.4285714285714284,-4.271428571428571,-1.3285714285714287,86.71428571428571,1.4382857142857144,71.42857142857143,5.357142857142857,0.1857142857142857,21.61428571428572,161.8857142857143,1016.6142857142858,52.65714285714286,11.457142857142856,1136
13.285714285714286,7.828571428571428,10.171428571428573,13.285714285714286,5.728571428571429,9.257142857142856,92.72857142857144,0.7912857142857143,85.71428571428571,10.715714285714286,0.0,18.65714285714285,89.71428571428571,1009.3142857142856,80.88571428571429,6.014285714285714,934
3.7714285714285714,-0.542857142857143,1.9,0.8,-3.914285714285714,-1.957142857142857,85.22857142857143,2.123428571428572,71.42857142857143,3.5728571428571425,1.75,30.928571428571427,203.15714285714284,1009.7285714285716,74.07142857142857,8.714285714285714,1205
19.37142857142857,11.957142857142856,15.485714285714286,19.37142857142857,11.714285714285714,15.428571428571429,71.9,1.4251428571428573,57.142857142857146,2.382857142857143,40.0,19.5,274.1142857142857,1013.1,71.78571428571429,26.914285714285715,893
2.0142857142857142,-2.1142857142857143,-0.0571428571428571,-1.557142857142857,-6.1000000000000005,-4.071428571428571,87.37142857142858,0.0752857142857142,42.85714285714285,1.7871428571428571,1.8,24.057142857142857,125.38571428571429,1021.157142857143,64.37142857142858,6.285714285714286,1207
10.87142857142857,4.428571428571429,7.514285714285713,10.142857142857142,0.8714285714285713,4.785714285714286,83.02857142857144,0.9334285714285714,85.71428571428571,10.12,0.0,30.0,177.97142857142856,1005.657142857143,29.642857142857142,11.7,1027
19.5,9.6,14.757142857142856,19.5,9.171428571428573,14.642857142857142,73.11428571428571,0.077,14.285714285714286,1.19,0.0,16.985714285714288,232.55714285714288,1025.242857142857,52.142857142857146,17.342857142857145,969
8.3,2.942857142857143,5.757142857142857,5.085714285714286,-0.6428571428571429,2.1,79.91428571428571,1.9882857142857144,100.0,8.331428571428571,0.0,32.84285714285714,308.11428571428576,1014.3142857142856,71.48571428571428,14.814285714285717,984
9.1,1.5857142857142856,5.642857142857143,8.3,-0.3571428571428571,3.9142857142857146,93.44285714285716,0.1294285714285714,57.142857142857146,2.9771428571428573,0.0,17.814285714285713,214.68571428571428,1027.6142857142856,65.22857142857143,5.885714285714286,1020
24.12857142857143,16.428571428571427,19.914285714285715,24.12857142857143,16.428571428571427,19.914285714285715,83.02857142857144,1.0441428571428573,28.571428571428573,4.761428571428572,0.0,22.25714285714286,110.61428571428571,1016.7428571428572,34.98571428571429,10.214285714285714,981
10.914285714285716,3.042857142857143,6.828571428571428,9.985714285714286,-0.7571428571428571,4.1,78.67142857142858,1.2365714285714289,57.142857142857146,3.571428571428572,0.0,31.65714285714285,267.92857142857144,1017.157142857143,63.04285714285714,12.728571428571428,992
17.47142857142857,10.0,13.742857142857144,17.47142857142857,8.942857142857143,13.5,67.77142857142857,1.032,100.0,4.17,0.0,22.414285714285715,261.8428571428572,1005.0,64.07142857142857,28.942857142857143,912
18.914285714285715,7.714285714285714,13.385714285714286,18.914285714285715,6.242857142857143,12.957142857142856,72.52857142857142,0.8747142857142858,71.42857142857143,11.31,0.0,29.928571428571427,216.62857142857143,1012.6,38.2,9.842857142857143,1002
5.585714285714286,2.7,4.014285714285714,4.128571428571428,0.0142857142857143,1.885714285714286,88.25714285714285,0.5137142857142857,28.571428571428573,2.38,0.0,14.814285714285717,76.22857142857143,1013.7142857142856,97.3,3.1142857142857143,1124
16.114285714285714,8.042857142857143,12.285714285714286,16.114285714285714,6.685714285714285,12.05714285714286,75.87142857142858,2.0445714285714285,42.85714285714285,4.761428571428572,0.0,19.3,130.11428571428573,1025.3142857142857,61.885714285714286,14.285714285714286,892
20.585714285714285,13.042857142857144,16.785714285714285,20.585714285714285,13.042857142857144,16.785714285714285,76.64285714285714,2.897142857142857,100.0,19.642857142857142,0.0,21.12857142857143,179.0142857142857,1006.9285714285714,48.114285714285714,12.242857142857144,871
2.757142857142857,-2.2,0.1571428571428572,-0.1428571428571428,-6.285714285714286,-3.128571428571429,81.42857142857143,0.0252857142857142,14.285714285714286,0.5957142857142858,0.5,20.385714285714283,155.05714285714288,1032.957142857143,71.94285714285715,8.871428571428572,1218
5.228571428571429,2.871428571428571,4.257142857142857,4.3,0.942857142857143,2.814285714285714,87.85714285714286,0.088,71.42857142857143,4.761428571428572,0.0,13.228571428571428,109.81428571428572,1018.6285714285714,91.71428571428572,6.514285714285713,1107
20.185714285714287,13.785714285714286,16.87142857142857,20.185714285714287,13.785714285714286,16.87142857142857,77.71428571428571,2.424428571428572,71.42857142857143,4.167142857142857,0.0,20.97142857142857,164.08571428571426,1011.2714285714284,73.01428571428572,17.714285714285715,925
23.985714285714288,14.357142857142858,19.014285714285712,23.985714285714288,14.357142857142858,19.014285714285712,78.67142857142858,0.0,0.0,0.0,0.0,21.642857142857142,145.77142857142857,1013.9857142857144,38.18571428571429,11.271428571428572,887
16.157142857142855,8.857142857142858,12.428571428571429,16.157142857142855,8.228571428571428,12.357142857142858,88.35714285714286,0.9518571428571428,57.142857142857146,5.357142857142857,0.0,17.585714285714285,160.27142857142857,1024.0285714285717,64.28571428571429,10.585714285714284,930
20.714285714285715,9.742857142857144,15.271428571428572,20.714285714285715,9.1,15.142857142857142,67.4857142857143,0.0387142857142857,57.142857142857146,2.9771428571428573,0.0,22.37142857142857,98.0,1021.657142857143,15.314285714285717,9.657142857142857,961
7.0,3.071428571428572,5.271428571428571,4.828571428571428,0.5571428571428572,2.7857142857142856,83.48571428571428,0.0969999999999999,42.85714285714285,1.7871428571428571,0.0,18.728571428571428,254.82857142857145,1028.5142857142855,70.11428571428571,11.2,1014
8.9,4.242857142857143,6.314285714285715,6.8,0.9142857142857144,3.3857142857142857,78.04285714285713,0.1222857142857142,42.85714285714285,1.7871428571428571,0.0,24.25714285714286,102.97142857142856,1025.928571428571,64.8,20.87142857142857,997
12.385714285714286,8.242857142857144,10.3,12.385714285714286,6.171428571428572,8.8,90.22857142857144,0.988,85.71428571428571,4.168571428571428,0.0,45.142857142857146,211.9142857142857,1014.7428571428572,82.67142857142856,14.671428571428573,1132
6.385714285714286,1.9285714285714288,4.471428571428571,5.057142857142857,-1.4142857142857144,2.085714285714286,86.87142857142858,1.2324285714285714,85.71428571428571,4.762857142857143,0.0,26.357142857142858,244.55714285714288,1014.0142857142856,61.98571428571428,13.642857142857142,1279
3.8428571428571434,0.3571428571428571,1.9857142857142855,1.842857142857143,-2.628571428571429,-0.5,87.02857142857144,0.0462857142857142,42.85714285714285,1.7871428571428571,0.0,18.65714285714285,250.5142857142857,1021.3571428571428,65.31428571428572,11.87142857142857,1139
13.428571428571429,8.014285714285714,10.857142857142858,13.428571428571429,6.9,10.6,89.8,3.305,71.42857142857143,4.761428571428572,0.0,27.585714285714285,228.55714285714288,1005.8142857142856,76.25714285714285,9.985714285714284,935
18.47142857142857,13.142857142857142,15.385714285714286,18.47142857142857,13.142857142857142,15.385714285714286,86.82857142857142,4.802857142857143,85.71428571428571,9.524285714285714,0.0,20.17142857142857,232.05714285714288,1007.6285714285714,73.04285714285714,9.285714285714286,900
19.285714285714285,11.242857142857144,15.242857142857144,19.285714285714285,10.671428571428573,15.185714285714283,80.08571428571429,0.2384285714285714,57.142857142857146,2.9771428571428573,0.0,27.08571428571429,236.8428571428572,1016.0571428571428,63.9,15.585714285714284,905
10.957142857142856,6.042857142857143,8.514285714285714,10.414285714285716,2.457142857142857,6.042857142857143,87.51428571428572,3.123428571428572,100.0,17.259999999999998,0.0,33.885714285714286,223.8428571428572,1010.8857142857142,57.9,17.485714285714288,1020
16.52857142857143,8.814285714285715,12.742857142857144,16.52857142857143,7.571428571428571,12.071428571428571,77.55714285714285,0.0344285714285714,28.571428571428573,1.1914285714285715,0.0,24.942857142857143,246.3857142857143,1015.9285714285714,55.614285714285714,24.82857142857143,956
7.571428571428571,2.857142857142857,5.071428571428571,4.557142857142857,-1.5857142857142856,1.2,90.92857142857144,2.4085714285714284,100.0,18.45142857142857,0.0,31.285714285714285,163.95714285714286,997.5857142857144,60.17142857142857,8.657142857142857,1041
17.02857142857143,11.2,14.05714285714286,17.02857142857143,10.585714285714284,13.971428571428572,84.04285714285713,1.3457142857142856,71.42857142857143,4.761428571428572,0.0,15.357142857142858,236.4857142857143,1015.2857142857144,86.85714285714286,13.8,954
7.042857142857143,3.057142857142857,4.871428571428572,4.971428571428571,-1.157142857142857,1.4,93.18571428571428,1.7711428571428571,85.71428571428571,13.097142857142858,0.0,27.842857142857145,177.0142857142857,1010.0428571428572,72.51428571428572,10.9,1288
6.6000000000000005,0.8428571428571429,4.0285714285714285,4.314285714285714,-2.5142857142857147,1.1,84.0,2.092142857142857,71.42857142857143,3.5728571428571425,0.0,23.414285714285715,218.12857142857143,1002.7571428571428,72.97142857142858,13.671428571428573,1089
15.0,6.571428571428571,10.385714285714286,14.7,5.014285714285714,9.471428571428572,77.72857142857143,0.0542857142857142,14.285714285714286,1.7857142857142858,0.0,24.314285714285717,137.24285714285716,1021.1428571428572,40.05714285714286,8.542857142857143,1088
9.7,5.385714285714286,7.614285714285714,8.285714285714286,1.6285714285714286,4.485714285714286,87.28571428571429,0.7537142857142857,71.42857142857143,7.737142857142857,0.0,30.27142857142857,236.3142857142857,1013.8571428571428,53.02857142857143,10.542857142857144,1234
9.028571428571428,1.9142857142857144,5.571428571428571,6.171428571428572,-2.742857142857143,1.7142857142857142,79.35714285714286,0.6441428571428572,28.571428571428573,1.7857142857142858,0.0,31.65714285714285,225.1142857142857,1005.4,70.38571428571429,23.74285714285714,1131
18.5,9.842857142857143,14.4,18.5,8.9,14.257142857142856,78.78571428571429,1.419857142857143,100.0,11.31,0.0,25.571428571428573,208.22857142857143,1009.2285714285716,60.2,13.742857142857144,964
16.357142857142858,10.2,13.014285714285716,16.357142857142858,9.7,12.871428571428572,83.54285714285713,0.9344285714285716,57.142857142857146,2.9771428571428573,0.0,19.928571428571427,271.07142857142856,1019.9,71.84285714285714,9.428571428571429,986
2.7285714285714286,-3.757142857142857,-0.5142857142857143,-0.0571428571428571,-7.614285714285714,-4.228571428571429,87.68571428571428,0.4907142857142857,57.142857142857146,4.1657142857142855,1.0,20.514285714285712,208.55714285714288,1023.7857142857144,47.114285714285714,10.042857142857144,1375
12.914285714285716,5.428571428571429,9.057142857142855,12.7,3.271428571428572,7.814285714285714,84.87142857142858,0.5234285714285715,42.85714285714285,2.975714285714285,0.0,20.628571428571423,170.67142857142858,1014.2142857142856,63.31428571428571,6.6571428571428575,1034
13.8,2.6142857142857143,8.071428571428571,13.471428571428572,0.5857142857142857,6.728571428571429,66.67142857142856,2.933857142857143,71.42857142857143,3.5728571428571425,20.4,20.74285714285714,195.04285714285717,1018.0857142857144,31.97142857142857,14.6,985
6.614285714285715,-0.3142857142857143,3.242857142857143,4.228571428571429,-3.2142857142857144,0.4571428571428572,84.85714285714286,3.0022857142857147,71.42857142857143,19.04714285714286,0.0,24.3,217.12857142857143,1012.4142857142856,46.75714285714286,11.285714285714286,1063
20.11428571428572,10.957142857142856,14.814285714285717,19.97142857142857,10.885714285714286,14.771428571428572,79.07142857142857,0.0074285714285714,14.285714285714286,0.5957142857142858,0.0,19.47142857142857,27.557142857142857,1023.6714285714286,59.3,14.085714285714284,953
10.0,1.2857142857142858,5.557142857142857,8.471428571428572,-1.3571428571428572,3.357142857142857,83.27142857142857,1.2052857142857143,85.71428571428571,14.285714285714286,0.0,23.5,181.05714285714288,1010.4428571428572,32.34285714285714,9.342857142857143,1027
4.328571428571428,0.3285714285714286,2.685714285714286,1.8571428571428568,-2.585714285714286,-0.3,87.55714285714285,0.0431428571428571,42.85714285714285,1.7871428571428571,0.0,19.357142857142858,89.87142857142858,1036.0571428571427,69.28571428571429,8.285714285714286,1026
15.828571428571427,9.2,12.6,15.828571428571427,8.471428571428572,12.37142857142857,75.24285714285715,0.3602857142857143,42.85714285714285,2.381428571428572,0.0,22.17142857142857,198.4,1015.1857142857144,57.1,14.971428571428572,1015
12.428571428571429,8.357142857142858,10.5,12.114285714285714,6.514285714285714,9.657142857142857,87.2,0.5207142857142857,57.142857142857146,3.571428571428572,0.0,21.085714285714285,250.3,1011.4571428571428,72.82857142857144,20.957142857142856,973
11.571428571428571,4.271428571428571,7.671428571428572,10.314285714285717,0.9857142857142858,5.185714285714285,78.37142857142858,0.3311428571428571,57.142857142857146,3.571428571428572,0.0,31.414285714285715,168.79999999999998,1026.5142857142855,54.9,18.085714285714285,941
10.771428571428572,3.628571428571429,7.142857142857143,9.385714285714286,-0.0285714285714286,4.257142857142857,80.87142857142858,0.2064285714285714,71.42857142857143,4.762857142857143,1.4857142857142858,38.17142857142857,221.8,1016.9142857142856,45.9,14.05714285714286,1229
15.257142857142856,9.3,12.44285714285714,15.257142857142856,8.157142857142857,12.314285714285717,82.71428571428571,1.7267142857142856,100.0,9.524285714285714,0.0,30.314285714285717,288.54285714285714,1011.5,67.27142857142857,17.2,939
19.685714285714287,11.385714285714286,15.228571428571428,19.685714285714287,11.042857142857144,15.185714285714283,75.87142857142858,0.0,0.0,0.0,0.0,24.957142857142856,75.10000000000001,1023.342857142857,36.54285714285714,15.55714285714286,929
9.571428571428571,3.914285714285714,7.014285714285714,8.314285714285715,0.3714285714285714,4.085714285714286,87.04285714285713,2.5355714285714286,100.0,22.618571428571425,0.0,39.885714285714286,203.78571428571428,993.5142857142856,42.9,10.385714285714286,1156
15.314285714285717,9.157142857142857,12.014285714285714,15.314285714285717,8.514285714285714,11.8,78.39999999999999,0.0,0.0,0.0,0.0,19.985714285714288,235.1142857142857,1020.3714285714286,79.62857142857142,13.528571428571428,981
27.014285714285712,16.37142857142857,21.12857142857143,26.585714285714285,16.37142857142857,21.042857142857144,66.91428571428571,0.0,0.0,0.0,0.0,18.485714285714288,112.85714285714286,1012.3142857142856,64.8,15.671428571428573,892
19.87142857142857,12.814285714285717,16.17142857142857,19.928571428571427,12.814285714285717,16.185714285714287,81.84285714285714,3.716857142857143,85.71428571428571,25.0,0.0,26.8,182.27142857142857,1004.5857142857144,48.68571428571429,10.94285714285714,871
9.571428571428571,5.285714285714286,7.4,8.042857142857143,1.8571428571428568,4.928571428571429,85.48571428571428,0.9245714285714284,28.571428571428573,5.952857142857143,0.0,36.114285714285714,239.94285714285712,1018.9142857142856,49.7,9.3,1283
20.085714285714285,9.714285714285714,15.357142857142858,20.085714285714285,8.642857142857142,15.171428571428573,62.114285714285714,0.1615714285714285,57.142857142857146,7.144285714285715,0.0,22.9,202.47142857142856,1018.3714285714286,37.68571428571429,14.385714285714286,919
9.285714285714286,2.4285714285714284,6.071428571428571,7.371428571428572,-1.8571428571428568,2.728571428571428,86.77142857142857,1.401714285714286,85.71428571428571,12.498571428571427,0.0,31.87142857142857,253.95714285714288,1015.1142857142858,51.57142857142857,9.928571428571429,1338
16.914285714285715,9.971428571428572,13.514285714285714,16.914285714285715,9.185714285714283,13.314285714285717,81.07142857142857,0.0587142857142857,42.85714285714285,1.7871428571428571,0.0,17.9,240.77142857142857,1022.2,58.62857142857143,11.585714285714284,1027
6.714285714285714,2.314285714285714,4.785714285714286,3.7142857142857135,-1.2142857142857142,1.4285714285714286,86.94285714285715,1.168,71.42857142857143,5.951428571428571,0.0,24.042857142857144,256.45714285714286,1023.8571428571428,65.15714285714286,10.585714285714284,1074
9.171428571428573,2.942857142857143,5.828571428571428,7.542857142857143,0.6857142857142857,3.928571428571429,76.72857142857143,0.2155714285714285,100.0,4.764285714285714,0.0,18.442857142857143,211.3571428571429,1028.8428571428572,37.54285714285714,20.885714285714283,982
9.957142857142856,3.7142857142857135,6.842857142857143,9.014285714285714,1.3428571428571427,4.814285714285714,81.35714285714286,0.1304285714285714,28.571428571428573,1.1914285714285715,0.0,21.37142857142857,204.92857142857144,1025.2428571428572,79.55714285714285,11.642857142857142,1052
23.814285714285717,16.071428571428573,19.685714285714287,23.985714285714288,16.071428571428573,19.7,79.01428571428572,2.8442857142857143,28.571428571428573,1.1914285714285715,0.0,21.214285714285715,121.82857142857142,1016.9714285714286,71.5142857142857,15.285714285714286,933
17.342857142857145,9.242857142857144,13.542857142857144,17.342857142857145,7.614285714285714,13.171428571428573,72.77142857142857,0.004,14.285714285714286,0.5957142857142858,0.0,21.74285714285714,90.82857142857142,1022.5285714285714,33.77142857142857,17.95714285714286,890
12.242857142857144,7.442857142857143,9.757142857142856,11.94285714285714,6.142857142857143,8.9,89.54285714285713,0.6228571428571428,42.85714285714285,3.571428571428572,0.0,26.228571428571428,246.8428571428572,1013.8428571428572,72.9,10.657142857142857,1076
10.257142857142856,3.357142857142857,6.5857142857142845,9.028571428571428,0.5,4.442857142857143,78.11428571428571,0.5045714285714286,57.142857142857146,3.571428571428572,3.3,22.87142857142857,183.8142857142857,1017.7428571428572,52.32857142857143,16.642857142857142,1059
8.0,3.4285714285714284,5.628571428571428,5.6000000000000005,-0.6428571428571429,2.357142857142857,86.61428571428571,1.1427142857142858,71.42857142857143,12.501428571428573,0.1857142857142857,26.47142857142857,142.72857142857143,1025.6,53.12857142857143,7.028571428571429,1341
15.12857142857143,7.285714285714286,11.2,15.12857142857143,5.542857142857143,10.485714285714286,68.72857142857143,0.051,14.285714285714286,0.5957142857142858,0.0,21.17142857142857,279.0142857142857,1022.0142857142856,66.95714285714286,21.514285714285712,952
13.714285714285714,8.714285714285714,11.071428571428571,13.714285714285714,6.614285714285714,10.114285714285714,86.17142857142858,3.855285714285714,85.71428571428571,17.855714285714285,0.0,34.642857142857146,215.4857142857143,1005.0142857142856,41.48571428571428,11.857142857142858,979
14.042857142857144,6.428571428571429,10.12857142857143,13.857142857142858,4.871428571428572,8.942857142857141,78.12857142857142,0.0712857142857142,28.571428571428573,1.7857142857142858,0.0,23.342857142857145,167.02857142857144,1012.4857142857144,48.54285714285714,9.028571428571428,1064
22.842857142857145,15.514285714285714,18.61428571428572,22.842857142857145,15.514285714285714,18.61428571428572,78.24285714285715,0.0,0.0,0.0,0.0,16.8,167.6142857142857,1017.8,84.15714285714286,13.585714285714284,919
23.97142857142857,15.05714285714286,19.357142857142858,23.942857142857143,15.05714285714286,19.357142857142858,76.48571428571428,1.1,57.142857142857146,6.548571428571429,0.0,20.3,119.88571428571429,1016.2,47.6,9.9,869
21.25714285714286,12.928571428571429,17.057142857142857,21.25714285714286,12.928571428571429,17.057142857142857,68.5,0.0807142857142857,28.571428571428573,1.7857142857142858,0.0,22.61428571428571,200.3142857142857,1016.4142857142856,59.21428571428572,19.1,876
8.5,3.425,6.2,6.475,0.525,3.65,88.425,0.036,25.0,1.0425,0.0,20.8,170.475,1031.9499999999998,45.425,8.75,1344
10.271428571428572,3.7285714285714286,7.214285714285714,9.057142857142855,1.7571428571428571,5.614285714285714,94.94285714285716,1.02,100.0,9.527142857142858,0.0,16.87142857142857,204.78571428571428,1016.4,61.971428571428575,6.071428571428571,978
6.571428571428571,1.1857142857142855,3.7857142857142856,3.414285714285714,-2.8285714285714287,1.5860328923216518e-17,75.28571428571429,1.086142857142857,57.142857142857146,2.382857142857143,1.0,33.471428571428575,274.95714285714286,997.5714285714286,47.74285714285714,24.97142857142857,1125
13.985714285714286,7.085714285714286,10.357142857142858,13.985714285714286,4.114285714285714,9.071428571428571,83.48571428571428,1.603142857142857,57.142857142857146,5.357142857142857,0.0,35.65714285714286,221.27142857142857,1016.5,67.77142857142857,14.114285714285714,1011
11.3,3.8,8.22857142857143,10.914285714285716,0.4285714285714285,6.314285714285715,80.95714285714287,0.5567142857142857,100.0,6.547142857142857,0.0,36.642857142857146,215.28571428571428,1014.4285714285714,49.142857142857146,15.55714285714286,1039
20.12857142857143,13.271428571428572,16.1,20.12857142857143,13.214285714285714,16.1,85.01428571428572,0.2048571428571428,57.142857142857146,3.571428571428572,0.0,16.114285714285714,219.67142857142852,1020.9428571428572,60.2,8.571428571428571,957
20.414285714285715,13.428571428571429,16.72857142857143,20.414285714285715,13.428571428571429,16.72857142857143,77.45714285714287,2.5267142857142857,85.71428571428571,17.857142857142858,0.0,26.428571428571427,210.17142857142855,1007.3857142857142,57.24285714285714,12.9,852
13.842857142857143,8.571428571428571,11.214285714285714,13.842857142857143,6.457142857142857,10.3,80.78571428571429,1.8392857142857144,71.42857142857143,13.691428571428572,0.0,40.3,206.0142857142857,1004.3142857142856,48.04285714285714,16.642857142857142,981
21.428571428571427,14.142857142857142,17.585714285714285,21.428571428571427,14.142857142857142,17.585714285714285,72.91428571428571,3.056714285714286,85.71428571428571,14.285714285714286,0.0,28.1,228.62857142857143,1008.2142857142856,39.92857142857143,9.914285714285716,988
0.0571428571428572,-3.5285714285714285,-1.9857142857142855,-5.671428571428572,-10.528571428571428,-8.27142857142857,69.41428571428571,0.1285714285714285,28.571428571428573,1.7857142857142858,1.8,35.48571428571429,85.37142857142858,1014.5285714285714,42.5,13.785714285714286,1159
6.471428571428571,2.157142857142857,4.4,4.485714285714286,-1.1142857142857143,1.7142857142857142,83.14285714285714,1.1534285714285717,85.71428571428571,6.547142857142857,0.0,21.9,233.2,1032.0,75.31428571428572,14.94285714285714,1106
19.02857142857143,13.614285714285714,16.271428571428572,19.02857142857143,13.614285714285714,16.271428571428572,84.60000000000001,0.0,0.0,0.0,0.0,22.514285714285712,151.72857142857143,1000.5,72.54285714285713,17.442857142857143,903
11.271428571428572,6.428571428571429,8.6,10.485714285714286,2.7,6.114285714285714,75.12857142857142,0.8380000000000001,57.142857142857146,2.9771428571428573,0.0,31.1,241.68571428571428,1007.2571428571428,80.94285714285715,24.357142857142858,1115
8.32857142857143,3.728571428571428,6.285714285714286,6.842857142857143,0.1857142857142857,3.571428571428572,78.5,0.5868571428571429,100.0,7.737142857142857,0.0,25.485714285714288,241.4142857142857,1005.3285714285714,58.92857142857143,23.785714285714285,1174
15.585714285714284,7.514285714285714,11.428571428571429,15.542857142857144,5.842857142857143,10.814285714285717,83.51428571428572,2.028857142857143,28.571428571428573,3.571428571428572,0.0,23.085714285714285,123.52857142857142,1014.8571428571428,66.95714285714286,7.3,1037
10.028571428571428,5.342857142857143,7.771428571428572,8.442857142857143,3.042857142857143,5.885714285714286,77.22857142857143,0.7184285714285714,57.142857142857146,2.382857142857143,0.0,20.357142857142858,220.0142857142857,1027.142857142857,91.98571428571428,13.542857142857144,1074
20.74285714285714,12.328571428571427,16.485714285714288,20.74285714285714,12.328571428571427,16.485714285714288,82.74285714285715,0.8694285714285714,42.85714285714285,2.975714285714285,0.0,17.47142857142857,230.65714285714284,1013.9857142857144,71.22857142857143,12.271428571428572,853
15.928571428571429,9.9,12.7,15.928571428571429,9.528571428571428,12.62857142857143,82.04285714285713,0.3882857142857143,71.42857142857143,2.9785714285714286,0.0,19.457142857142856,214.6285714285714,1018.0571428571428,68.02857142857142,14.642857142857142,1036
7.714285714285714,2.8714285714285714,5.114285714285714,4.7,-0.5714285714285714,1.8857142857142857,85.3,0.3815714285714285,71.42857142857143,2.9785714285714286,0.0,26.11428571428572,245.97142857142856,1020.0857142857144,74.41428571428571,10.685714285714283,1089
10.985714285714286,6.0,8.342857142857143,10.44285714285714,3.8285714285714287,6.814285714285715,94.04285714285716,1.4534285714285713,85.71428571428571,20.83428571428572,0.0,17.942857142857143,89.89999999999999,1006.0714285714286,80.58571428571429,4.585714285714286,1065
11.071428571428571,1.5285714285714285,6.371428571428572,10.328571428571427,-0.0428571428571428,4.914285714285714,77.62857142857142,0.1984285714285714,71.42857142857143,3.5728571428571425,0.0,17.485714285714288,103.34285714285714,1030.2857142857142,46.04285714285714,11.3,975
11.542857142857144,3.585714285714286,8.014285714285714,11.12857142857143,1.4,6.0,84.01428571428572,0.0,0.0,0.0,0.0,30.085714285714285,214.8,1012.157142857143,70.01428571428572,14.714285714285714,902
19.357142857142858,13.042857142857144,16.014285714285712,19.285714285714285,12.885714285714286,16.0,81.89999999999999,1.7401428571428572,57.142857142857146,3.5728571428571425,0.0,16.3,123.9857142857143,1011.842857142857,78.07142857142857,13.528571428571428,850
7.085714285714286,1.3285714285714287,4.285714285714286,4.9,-2.085714285714286,1.5285714285714285,87.84285714285714,0.3041428571428571,85.71428571428571,6.548571428571429,0.0,23.914285714285715,278.2857142857143,1026.9857142857145,50.47142857142857,10.314285714285717,958
18.0,10.8,14.228571428571428,18.0,9.55714285714286,13.87142857142857,80.48571428571428,1.3627142857142858,85.71428571428571,11.31,0.0,29.357142857142858,253.54285714285717,1013.9714285714286,45.04285714285714,11.842857142857143,894
15.8,9.242857142857144,12.528571428571428,15.8,8.5,12.3,83.52857142857144,2.480714285714286,71.42857142857143,14.881428571428572,0.0,22.714285714285715,168.58571428571426,1023.5,60.02857142857143,9.814285714285717,984
2.3857142857142857,-3.4,0.3714285714285715,-1.3285714285714287,-6.757142857142857,-3.942857142857143,83.39999999999999,0.0,0.0,0.0,6.0,28.12857142857143,182.42857142857144,1003.2142857142856,78.44285714285715,8.542857142857143,1223
11.471428571428572,4.114285714285714,7.728571428571429,11.142857142857142,1.9428571428571428,6.1000000000000005,83.2,0.2938571428571429,85.71428571428571,7.738571428571428,0.0,21.885714285714283,92.5,1016.5714285714286,33.614285714285714,4.742857142857143,1050
9.657142857142857,5.957142857142857,7.8428571428571425,8.028571428571428,1.5714285714285716,4.871428571428572,83.37142857142858,1.0958571428571429,71.42857142857143,10.714285714285714,0.0,37.642857142857146,238.57142857142856,1022.2857142857144,59.58571428571428,15.9,1122
11.042857142857144,5.228571428571429,8.285714285714286,10.44285714285714,2.442857142857143,6.471428571428571,77.54285714285713,0.9687142857142856,85.71428571428571,7.737142857142857,0.0,29.485714285714288,233.8714285714286,1016.3714285714286,76.60000000000001,20.6,1049
21.02857142857143,13.771428571428572,17.185714285714287,21.02857142857143,13.4,17.17142857142857,83.01428571428572,0.5935714285714286,42.85714285714285,2.381428571428572,0.0,25.071428571428573,135.5857142857143,1016.0142857142856,63.81428571428571,11.771428571428572,784
17.057142857142857,7.6,12.5,17.057142857142857,6.357142857142857,12.257142857142856,81.17142857142858,0.1217142857142857,42.85714285714285,1.7871428571428571,0.0,20.485714285714288,115.68571428571428,1012.657142857143,52.48571428571428,15.0,951
18.257142857142856,10.957142857142856,14.5,18.257142857142856,10.657142857142857,14.457142857142856,77.44285714285715,0.9384285714285716,71.42857142857143,3.5728571428571425,0.0,16.728571428571428,246.82857142857145,1009.1428571428572,71.77142857142857,19.6,923
10.357142857142858,5.071428571428571,7.442857142857143,9.342857142857143,2.242857142857143,5.642857142857143,90.81428571428572,2.0555714285714286,100.0,16.665714285714284,0.0,22.22857142857143,197.5,1004.4857142857144,56.55714285714286,10.5,941
16.142857142857142,9.285714285714286,12.685714285714283,16.142857142857142,8.442857142857143,12.514285714285714,94.64285714285714,6.062285714285714,100.0,25.59714285714286,0.0,19.0,165.58571428571426,1005.7714285714284,48.17142857142857,8.357142857142858,1036
15.0,8.671428571428573,11.7,15.0,6.6571428571428575,10.985714285714286,75.44285714285715,1.7792857142857144,85.71428571428571,11.904285714285717,0.0,36.72857142857144,221.44285714285712,998.5,66.28571428571429,10.842857142857143,1115
11.957142857142856,5.742857142857143,8.757142857142856,11.44285714285714,3.257142857142857,7.242857142857143,79.42857142857143,0.7432857142857143,71.42857142857143,4.761428571428572,0.0,28.81428571428572,250.44285714285712,1007.7428571428572,74.41428571428571,12.5,1004
12.814285714285717,9.642857142857142,11.2,12.814285714285717,8.371428571428572,10.8,91.65714285714286,0.2061428571428571,85.71428571428571,6.548571428571429,0.0,22.914285714285715,178.3,1016.8714285714286,78.11428571428571,6.257142857142857,925
20.714285714285715,11.085714285714284,16.214285714285715,20.714285714285715,10.757142857142856,16.2,71.48571428571428,1.33,57.142857142857146,8.332857142857142,0.0,30.428571428571427,206.52857142857144,1014.9857142857144,47.82857142857143,12.857142857142858,885
11.471428571428572,6.4,8.885714285714286,11.471428571428572,4.628571428571428,7.985714285714286,74.0,0.0,0.0,0.0,0.0,15.228571428571428,293.2714285714286,1033.9,82.65714285714286,14.12857142857143,1017
22.27142857142857,12.285714285714286,17.185714285714287,22.314285714285717,11.9,17.142857142857142,71.27142857142857,0.8902857142857142,42.85714285714285,2.975714285714285,0.0,25.085714285714285,222.3142857142857,1015.9142857142856,25.928571428571427,10.05714285714286,1011
6.928571428571429,1.1285714285714286,4.1571428571428575,4.457142857142857,-2.1,1.2571428571428571,92.34285714285714,3.0701428571428573,100.0,23.214285714285715,0.0,23.82857142857143,211.7,1009.9,72.6,8.071428571428571,1205
5.114285714285714,-0.9428571428571428,1.985714285714285,2.042857142857143,-4.957142857142857,-2.185714285714286,84.48571428571428,1.5234285714285714,42.85714285714285,1.7871428571428571,6.833333333333333,30.82857142857143,188.52857142857144,997.4571428571428,68.5,11.728571428571428,1226
9.657142857142857,3.814285714285714,6.757142857142857,8.5,1.257142857142857,4.814285714285715,88.81428571428572,1.4514285714285715,85.71428571428571,5.357142857142857,0.0,25.585714285714285,237.3857142857143,1002.0857142857144,80.27142857142857,16.842857142857145,1278
13.9,11.585714285714284,12.742857142857144,13.9,11.5,12.728571428571428,92.78571428571428,2.3431428571428574,57.142857142857146,3.571428571428572,0.0,22.75714285714286,108.27142857142856,1017.9571428571428,95.15714285714286,2.642857142857143,1027
22.914285714285715,14.342857142857143,18.785714285714285,23.342857142857145,14.342857142857143,18.842857142857145,69.61428571428571,1.0318571428571428,57.142857142857146,4.761428571428572,0.0,23.15714285714285,206.47142857142856,1015.657142857143,54.957142857142856,20.557142857142857,963
16.142857142857142,8.771428571428572,12.657142857142857,16.142857142857142,7.785714285714286,12.457142857142856,83.60000000000001,0.2525714285714285,71.42857142857143,5.952857142857143,0.0,19.314285714285717,175.62857142857143,1020.7142857142856,55.84285714285714,11.1,876
8.957142857142857,2.957142857142857,5.928571428571429,7.271428571428571,-0.9571428571428572,2.657142857142857,86.0,1.2971428571428572,100.0,14.881428571428572,0.0,32.042857142857144,224.25714285714284,1012.9571428571428,51.54285714285714,11.685714285714283,1078
12.7,6.957142857142857,9.8,12.7,3.857142857142857,8.028571428571428,82.71428571428571,0.5622857142857143,57.142857142857146,2.9771428571428573,0.0,34.714285714285715,232.9857142857143,1012.657142857143,61.91428571428571,19.914285714285715,964
8.614285714285714,3.3428571428571425,6.071428571428571,6.871428571428572,0.5857142857142856,3.7428571428571433,74.68571428571428,0.9491428571428572,85.71428571428571,5.357142857142857,0.0,23.557142857142857,232.92857142857144,1017.6,76.57142857142857,20.357142857142858,1121
4.371428571428572,0.4714285714285714,2.642857142857143,2.157142857142857,-2.9,-0.3285714285714286,92.02857142857144,1.6548571428571428,100.0,19.048571428571428,0.0,20.585714285714285,216.82857142857145,1020.2571428571428,74.72857142857143,6.614285714285714,1150
16.114285714285714,10.671428571428573,13.142857142857142,16.114285714285714,10.171428571428573,13.085714285714284,84.68571428571428,0.0584285714285714,14.285714285714286,0.5957142857142858,0.0,25.428571428571427,68.82857142857144,1023.8571428571428,69.81428571428572,12.342857142857143,887
13.12857142857143,6.857142857142857,10.014285714285714,13.12857142857143,3.4857142857142853,8.628571428571428,74.78571428571429,0.0694285714285714,14.285714285714286,0.5957142857142858,0.0,38.08571428571429,210.4,1012.5285714285714,56.31428571428571,22.82857142857143,894
6.757142857142857,2.571428571428572,4.885714285714286,4.714285714285714,-0.0857142857142857,2.414285714285714,83.82857142857142,1.253142857142857,100.0,7.142857142857143,0.0,19.914285714285715,236.12857142857143,1023.5,63.48571428571428,13.928571428571429,1583
8.27142857142857,3.257142857142857,5.8,5.728571428571429,0.0142857142857143,2.757142857142857,93.55714285714284,0.2061428571428571,71.42857142857143,6.548571428571429,0.0,23.17142857142857,210.6,1024.9428571428573,35.67142857142857,9.414285714285716,1049
19.357142857142858,10.12857142857143,15.4,19.357142857142858,8.985714285714286,15.142857142857142,80.22857142857143,0.2384285714285714,57.142857142857146,5.951428571428571,0.0,27.75714285714286,210.4142857142857,1016.7285714285716,39.22857142857144,10.142857142857142,941
17.085714285714285,11.671428571428573,14.542857142857144,17.085714285714285,11.385714285714286,14.471428571428572,84.48571428571428,3.9141428571428567,100.0,8.331428571428571,0.0,24.7,277.7714285714286,1014.5857142857144,72.11428571428571,15.785714285714286,935
10.814285714285717,4.014285714285714,7.1000000000000005,9.657142857142857,0.6285714285714287,4.357142857142857,80.22857142857143,0.9368571428571428,100.0,5.952857142857143,0.0,30.74285714285714,199.15714285714284,1003.7,67.1,16.62857142857143,1044
21.871428571428574,14.014285714285714,17.728571428571428,21.871428571428574,14.014285714285714,17.728571428571428,73.57142857142857,1.0628571428571427,28.571428571428573,1.7857142857142858,0.0,17.842857142857145,251.9142857142857,1019.8142857142856,67.28571428571429,16.814285714285713,863
17.785714285714285,10.528571428571428,13.87142857142857,17.785714285714285,10.457142857142856,13.857142857142858,75.01428571428572,0.0,0.0,0.0,0.0,23.0,113.97142857142856,1013.8857142857142,73.64285714285714,19.585714285714285,885
19.228571428571428,12.285714285714286,15.55714285714286,19.228571428571428,12.285714285714286,15.55714285714286,75.74285714285715,0.1192857142857142,28.571428571428573,1.7857142857142858,0.0,17.75714285714286,173.44285714285712,1023.8571428571428,78.45714285714287,23.842857142857145,927
6.542857142857143,1.4285714285714286,4.128571428571428,4.142857142857143,-2.1714285714285717,0.942857142857143,89.17142857142858,1.124428571428571,100.0,16.07,0.0,21.457142857142856,264.31428571428575,1026.5428571428572,47.24285714285714,8.857142857142858,1464
16.714285714285715,7.428571428571429,12.12857142857143,16.714285714285715,5.628571428571428,11.62857142857143,75.84285714285714,0.6807142857142858,28.571428571428573,6.547142857142857,0.0,21.75714285714286,218.7,1027.5142857142855,31.042857142857144,10.228571428571428,993
18.085714285714285,9.87142857142857,14.214285714285714,18.085714285714285,8.614285714285714,13.94285714285714,78.97142857142856,1.6591428571428573,71.42857142857143,12.501428571428573,0.0,26.15714285714285,172.55714285714288,1020.3714285714286,41.25714285714286,17.257142857142856,934
15.985714285714286,9.242857142857144,12.485714285714286,15.985714285714286,8.014285714285714,12.142857142857142,76.72857142857143,0.435,42.85714285714285,1.7871428571428571,0.0,18.814285714285717,170.0,1016.8857142857142,64.75714285714285,18.485714285714288,940
9.471428571428572,5.228571428571429,7.571428571428571,8.371428571428572,2.242857142857143,5.542857142857143,89.58571428571429,1.0471428571428572,85.71428571428571,5.3585714285714285,0.0,21.37142857142857,223.8428571428572,1025.6714285714286,80.77142857142857,9.957142857142856,1253
5.871428571428572,0.8285714285714286,3.1714285714285717,2.8857142857142857,-3.157142857142857,-0.3428571428571429,91.72857142857144,2.217142857142857,100.0,24.99857142857143,0.0714285714285714,25.15714285714285,156.1,990.3571428571428,66.34285714285714,7.685714285714285,1074
21.928571428571427,11.94285714285714,16.928571428571427,21.928571428571427,11.94285714285714,16.928571428571427,77.51428571428572,0.039,42.85714285714285,1.7871428571428571,0.0,17.97142857142857,145.5857142857143,1025.4428571428573,40.1,20.4,895
18.47142857142857,12.571428571428571,15.457142857142856,18.47142857142857,12.571428571428571,15.457142857142856,84.95714285714287,1.4282857142857144,71.42857142857143,4.167142857142857,0.0,24.571428571428573,253.52857142857144,1013.3571428571428,81.71428571428571,21.842857142857145,899
26.11428571428572,14.185714285714283,20.185714285714287,26.214285714285715,14.185714285714283,20.185714285714287,71.51428571428572,1.0701428571428573,28.571428571428573,2.975714285714285,0.0,20.25714285714286,142.12857142857143,1018.8571428571428,52.74285714285714,11.585714285714284,996
7.871428571428572,1.5857142857142856,4.814285714285715,5.714285714285714,-0.9,2.271428571428572,91.52857142857144,0.1358571428571428,85.71428571428571,3.5742857142857143,0.0,19.571428571428573,203.97142857142856,1021.9714285714286,53.871428571428574,6.471428571428571,1048
19.11428571428572,12.885714285714286,15.671428571428567,19.11428571428572,12.885714285714286,15.671428571428567,84.84285714285714,2.084142857142857,100.0,18.452857142857145,0.0,23.65714285714285,209.92857142857144,1006.5428571428572,52.31428571428571,11.44285714285714,833
17.4,12.05714285714286,14.571428571428571,17.4,11.957142857142856,14.571428571428571,79.01428571428572,0.1711428571428571,28.571428571428573,4.1657142857142855,0.0,21.414285714285715,284.2285714285714,1015.7142857142856,66.48571428571428,10.771428571428572,916
23.1,11.857142857142858,17.485714285714288,23.085714285714285,11.857142857142858,17.485714285714288,72.97142857142856,0.1008571428571428,28.571428571428573,1.1914285714285715,0.0,19.4,156.68571428571428,1019.8,20.62857142857143,13.314285714285717,1001
0.3857142857142857,-3.157142857142857,-1.3857142857142857,-2.857142857142857,-8.328571428571427,-5.757142857142857,82.01428571428572,0.0857142857142857,28.571428571428573,1.7857142857142858,1.6428571428571428,24.61428571428572,138.37142857142857,1012.5714285714286,74.95714285714287,6.728571428571429,1281
12.142857142857142,4.0,8.114285714285714,11.37142857142857,1.0571428571428572,6.328571428571429,71.41428571428571,1.0464285714285717,57.142857142857146,10.714285714285714,0.0,25.11428571428572,156.29999999999998,1009.9428571428572,36.142857142857146,10.171428571428573,1013
22.67142857142857,13.514285714285714,17.914285714285715,22.67142857142857,13.414285714285716,17.9,75.18571428571428,0.8371428571428572,71.42857142857143,9.525714285714288,0.0,19.5,271.9428571428571,1015.9428571428572,54.22857142857144,12.542857142857144,853
14.614285714285716,6.9,10.814285714285717,14.271428571428572,4.6571428571428575,9.814285714285717,78.45714285714287,0.4068571428571428,57.142857142857146,15.475714285714286,0.0,21.9,285.3857142857143,1010.9285714285714,48.34285714285714,10.714285714285714,949
3.8285714285714287,0.2571428571428571,1.8571428571428568,0.8571428571428571,-4.185714285714285,-1.9285714285714288,88.25714285714285,0.5585714285714286,100.0,10.118571428571428,0.0,25.37142857142857,28.47142857142857,1017.3714285714286,73.54285714285713,8.242857142857144,1038
15.62857142857143,9.842857142857143,12.842857142857143,15.62857142857143,9.242857142857144,12.757142857142856,85.8,0.7858571428571429,100.0,5.952857142857143,0.0,22.285714285714285,201.44285714285712,1016.0571428571428,74.48571428571428,9.957142857142856,924
14.185714285714283,9.757142857142856,11.885714285714286,14.185714285714283,8.614285714285714,11.414285714285716,81.01428571428572,1.300857142857143,71.42857142857143,4.761428571428572,0.0,21.4,242.32857142857145,1017.3714285714286,85.39999999999999,14.985714285714286,971
10.485714285714286,5.514285714285714,7.757142857142857,9.971428571428572,2.5285714285714285,5.671428571428571,85.04285714285713,0.2411428571428571,57.142857142857146,2.382857142857143,0.0,22.728571428571428,223.65714285714284,1023.4285714285714,62.642857142857146,12.542857142857144,1037
6.071428571428571,2.085714285714286,3.742857142857143,4.085714285714286,-1.4857142857142858,1.4,80.74285714285715,0.6795714285714285,100.0,7.74,0.0,19.942857142857143,277.6,1023.2714285714284,76.0,11.585714285714287,1197
13.685714285714283,7.142857142857143,10.357142857142858,13.685714285714283,5.642857142857143,9.8,78.64285714285714,1.8397142857142856,100.0,7.738571428571428,3.6571428571428575,18.414285714285715,263.1714285714286,1014.8714285714286,62.7,20.014285714285712,937
10.785714285714286,2.8428571428571425,7.142857142857143,9.928571428571429,-0.0999999999999999,5.071428571428571,81.05714285714285,1.5198571428571428,57.142857142857146,9.524285714285714,0.0,22.728571428571428,197.22857142857143,1020.6857142857144,50.142857142857146,9.828571428571427,1103
3.2,-0.4857142857142857,1.3285714285714287,0.1571428571428572,-5.114285714285714,-2.8999999999999995,89.37142857142858,1.8045714285714285,71.42857142857143,4.167142857142857,7.216666666666666,28.928571428571427,175.4,1001.0285714285714,80.15714285714286,7.357142857142857,1057
17.3,11.428571428571429,14.37142857142857,17.3,11.12857142857143,14.357142857142858,74.98571428571428,0.0674285714285714,28.571428571428573,1.1914285714285715,0.0,17.214285714285715,195.7428571428572,1025.6285714285714,76.28571428571429,27.057142857142857,924
20.314285714285717,12.528571428571428,16.7,20.314285714285717,12.528571428571428,16.7,74.22857142857143,0.0571428571428571,28.571428571428573,1.7857142857142858,0.0,23.942857142857143,268.5857142857143,1014.8714285714286,49.41428571428571,12.785714285714286,903
23.02857142857143,14.414285714285716,18.17142857142857,23.02857142857143,14.414285714285716,18.17142857142857,83.3,4.083,85.71428571428571,7.74,0.0,26.085714285714285,230.72857142857143,1005.8285714285714,58.3,12.94285714285714,892
4.928571428571429,0.8428571428571429,2.9285714285714284,3.628571428571429,-1.542857142857143,0.9857142857142858,91.54285714285712,0.2789999999999999,71.42857142857143,4.761428571428572,0.0,13.928571428571429,195.0142857142857,1040.3428571428572,72.17142857142856,7.257142857142857,1120
7.985714285714286,2.3857142857142857,5.114285714285714,6.314285714285715,-0.4285714285714287,2.642857142857143,95.91428571428573,0.4517142857142857,100.0,6.547142857142857,0.0,16.95714285714286,260.37142857142857,1027.8857142857144,54.51428571428572,6.557142857142858,1379
15.242857142857144,9.285714285714286,12.157142857142857,14.8,8.171428571428573,11.542857142857144,82.75714285714285,0.5922857142857143,71.42857142857143,2.9785714285714286,0.0,22.557142857142857,190.9,1011.0142857142856,78.88571428571429,11.885714285714286,936
7.857142857142857,3.7,5.842857142857143,5.428571428571429,0.2714285714285714,2.657142857142857,86.78571428571429,0.0791428571428571,57.142857142857146,2.382857142857143,0.0,26.11428571428572,233.4857142857143,1028.142857142857,70.21428571428571,10.385714285714286,1365
28.67142857142857,16.142857142857142,22.47142857142857,28.585714285714285,16.142857142857142,22.514285714285712,66.31428571428572,1.1464285714285716,14.285714285714286,5.357142857142857,0.0,21.942857142857143,137.4,1013.8,20.62857142857143,9.785714285714286,1075
20.25714285714286,11.885714285714286,15.985714285714286,20.25714285714286,11.7,15.957142857142856,75.75714285714285,1.7585714285714285,71.42857142857143,20.24,0.0,25.085714285714285,223.75714285714284,1015.8285714285714,51.9,18.428571428571427,856
10.842857142857143,6.142857142857143,8.571428571428571,10.5,2.628571428571429,6.314285714285715,81.98571428571428,0.6817142857142857,57.142857142857146,3.571428571428572,0.0,25.914285714285715,253.5,989.2,64.02857142857142,24.75714285714286,955
22.6,11.971428571428572,17.82857142857143,22.6,11.9,17.82857142857143,71.71428571428571,0.0,0.0,0.0,0.0,22.557142857142857,198.97142857142856,1016.9,53.05714285714286,16.12857142857143,984
22.557142857142857,10.542857142857144,16.4,22.557142857142857,10.542857142857144,16.4,78.84285714285714,0.0844285714285714,14.285714285714286,0.5957142857142858,0.0,21.82857142857143,195.92857142857144,1018.2428571428572,60.82857142857143,5.714285714285714,882
19.928571428571427,9.7,14.828571428571427,19.928571428571427,8.814285714285715,14.657142857142857,70.04285714285713,0.0712857142857142,57.142857142857146,2.9771428571428573,0.0,18.685714285714287,151.68571428571428,1015.7285714285716,47.07142857142857,12.585714285714284,944
22.571428571428573,14.014285714285716,18.37142857142857,22.571428571428573,14.014285714285716,18.37142857142857,67.0,0.1118571428571428,57.142857142857146,2.9771428571428573,0.0,21.642857142857142,217.78571428571428,1010.6857142857144,59.17142857142857,29.97142857142857,865
11.457142857142856,4.942857142857143,8.414285714285715,11.05714285714286,2.757142857142857,7.028571428571429,91.6,0.366,71.42857142857143,5.952857142857143,0.0,20.62857142857143,184.95714285714288,1020.2,45.31428571428571,8.128571428571428,978
12.985714285714286,8.857142857142858,10.728571428571428,12.985714285714286,7.685714285714285,10.085714285714284,79.60000000000001,0.0914285714285714,28.571428571428573,1.7857142857142858,0.0,23.214285714285715,105.45714285714288,1015.2857142857144,76.25714285714285,15.7,1049
12.571428571428571,8.885714285714286,10.471428571428572,12.571428571428571,6.642857142857143,8.942857142857143,74.24285714285715,0.5404285714285714,42.85714285714285,2.975714285714285,3.4714285714285715,29.37142857142857,88.15714285714286,1013.1142857142858,64.11428571428571,16.571428571428573,958
13.214285714285714,10.05714285714286,11.6,13.214285714285714,8.1,11.171428571428573,94.45714285714288,3.7332857142857145,28.571428571428573,8.332857142857142,0.0142857142857142,30.385714285714283,304.90000000000003,1017.1714285714286,88.45714285714287,6.5,1015
13.285714285714286,7.714285714285714,10.285714285714286,13.285714285714286,5.457142857142857,9.014285714285714,89.98571428571428,2.0,71.42857142857143,11.31,0.0,25.142857142857142,181.27142857142857,1012.6714285714286,42.71428571428572,8.471428571428572,1115
3.271428571428572,-0.3428571428571428,1.3571428571428572,0.6,-3.742857142857143,-1.6714285714285713,88.68571428571428,0.0814285714285714,57.142857142857146,2.382857142857143,0.0,18.071428571428573,101.08571428571427,1030.9142857142856,69.9,10.614285714285714,1412
14.042857142857144,7.5,10.585714285714284,14.042857142857144,6.457142857142856,10.028571428571428,75.0,0.0157142857142857,42.85714285714285,1.7871428571428571,0.0,21.74285714285714,158.6,1019.8,60.4,20.82857142857143,986
10.55714285714286,2.7,7.071428571428571,9.571428571428571,-0.942857142857143,4.242857142857143,82.72857142857143,1.478714285714286,71.42857142857143,9.524285714285714,0.0,29.67142857142857,243.67142857142855,1011.6571428571428,58.41428571428571,16.571428571428573,1021
16.12857142857143,10.05714285714286,13.0,16.12857142857143,8.67142857142857,12.885714285714286,83.54285714285713,1.098,100.0,5.3585714285714285,0.0,22.142857142857142,219.8428571428572,1005.8,70.60000000000001,19.4,889
10.8,3.157142857142857,7.214285714285714,9.742857142857144,0.9857142857142857,5.142857142857143,77.74285714285715,1.1197142857142857,71.42857142857143,7.142857142857143,0.0,24.65714285714285,128.55714285714288,1014.4857142857144,54.12857142857143,15.62857142857143,1054
18.52857142857143,10.185714285714283,14.085714285714284,18.52857142857143,10.071428571428571,14.057142857142855,86.55714285714285,0.0538571428571428,57.142857142857146,2.382857142857143,0.0,15.857142857142858,137.9142857142857,1019.5285714285714,50.32857142857143,8.657142857142857,946
10.657142857142857,4.142857142857143,7.6,10.528571428571428,2.057142857142857,6.114285714285714,82.27142857142857,1.9427142857142856,100.0,17.855714285714285,0.0,20.15714285714285,228.15714285714284,1001.2285714285716,50.98571428571429,9.585714285714284,1081
21.685714285714287,14.085714285714284,17.728571428571428,21.61428571428572,14.085714285714284,17.714285714285715,72.85714285714286,0.0,0.0,0.0,0.0,20.1,56.1,1022.1,54.1,24.785714285714285,909
10.357142857142858,2.942857142857143,7.1000000000000005,8.585714285714285,-1.1,4.542857142857143,75.97142857142856,1.2124285714285714,85.71428571428571,4.762857142857143,0.0,30.22857142857143,257.4714285714286,1008.4857142857144,70.31428571428572,21.62857142857143,1042
20.342857142857145,11.885714285714286,16.242857142857144,20.342857142857145,11.714285714285714,16.228571428571428,76.81428571428572,1.2345714285714284,57.142857142857146,3.571428571428572,0.0,27.51428571428572,236.9142857142857,1013.5,66.37142857142858,16.871428571428574,900
15.842857142857143,6.571428571428571,11.385714285714286,15.842857142857143,4.785714285714286,10.857142857142858,88.44285714285715,2.8075714285714284,85.71428571428571,17.855714285714285,0.0,25.9,197.3571428571429,1005.0571428571428,27.557142857142857,11.471428571428572,998
21.571428571428573,14.485714285714286,17.74285714285714,21.571428571428573,14.485714285714286,17.74285714285714,76.8,1.4567142857142856,57.142857142857146,8.93,0.0,22.185714285714287,177.54285714285714,1009.2,37.885714285714286,9.042857142857144,898
13.257142857142856,9.257142857142856,11.314285714285717,13.257142857142856,8.128571428571428,11.12857142857143,88.14285714285714,2.257,85.71428571428571,5.952857142857143,0.0,19.685714285714287,267.8,1008.5142857142856,90.71428571428572,11.900000000000002,959
13.55714285714286,4.857142857142857,8.885714285714286,13.55714285714286,3.2285714285714286,7.871428571428571,65.24285714285715,0.0074285714285714,14.285714285714286,0.5957142857142858,0.0,23.285714285714285,208.8428571428572,1027.9857142857145,70.25714285714285,17.614285714285714,969
8.142857142857142,4.128571428571428,6.3,5.985714285714286,1.1714285714285717,3.8857142857142857,91.77142857142856,0.0,0.0,0.0,0.0,20.27142857142857,245.27142857142852,1032.257142857143,85.04285714285713,5.242857142857143,1056
21.414285714285715,12.542857142857144,16.857142857142858,21.414285714285715,12.542857142857144,16.857142857142858,66.24285714285715,6.311714285714286,14.285714285714286,0.5957142857142858,0.0,14.12857142857143,89.38571428571429,1027.4857142857145,52.58571428571428,24.2,880
21.17142857142857,12.357142857142858,16.614285714285714,21.17142857142857,12.357142857142858,16.614285714285714,76.24285714285715,4.008285714285714,57.142857142857146,5.952857142857143,0.0,24.97142857142857,191.2,1015.842857142857,55.6,14.142857142857142,949
6.957142857142857,0.9285714285714286,3.442857142857143,5.657142857142857,-2.5,0.9142857142857144,88.84285714285714,0.7571428571428571,42.85714285714285,1.7871428571428571,0.0,19.25714285714286,168.74285714285716,1025.2,73.95714285714287,2.9285714285714284,1280
27.542857142857144,14.271428571428572,20.77142857142857,27.085714285714285,14.271428571428572,20.7,65.71428571428571,0.0677142857142857,71.42857142857143,2.9785714285714286,0.0,21.414285714285715,109.87142857142858,1023.1,28.7,9.771428571428572,962
9.7,5.242857142857143,7.4,8.514285714285714,1.1285714285714286,4.485714285714286,85.05714285714285,1.3331428571428572,42.85714285714285,2.381428571428572,0.0,36.15714285714286,212.07142857142856,1006.5571428571428,61.8,15.657142857142857,907
19.27142857142857,9.957142857142856,14.642857142857142,19.27142857142857,9.37142857142857,14.585714285714284,73.91428571428571,0.4414285714285714,42.85714285714285,2.975714285714285,0.0,23.65714285714285,199.1142857142857,1008.1285714285714,57.81428571428571,19.714285714285715,962
20.957142857142856,11.55714285714286,16.414285714285715,20.957142857142856,11.55714285714286,16.414285714285715,80.5,0.1965714285714285,14.285714285714286,1.7857142857142858,0.0,20.9,147.24285714285716,1017.8285714285714,51.885714285714286,9.571428571428571,970
19.27142857142857,11.485714285714286,15.485714285714286,19.27142857142857,11.271428571428572,15.471428571428572,85.97142857142856,2.8285714285714283,42.85714285714285,2.975714285714285,0.0,22.557142857142857,119.44285714285716,1017.6,54.81428571428571,11.542857142857144,958
12.614285714285714,3.5,8.171428571428573,12.485714285714286,1.6142857142857143,6.857142857142857,83.74285714285715,0.9148571428571428,57.142857142857146,5.357142857142857,0.0,20.057142857142857,77.64285714285714,1009.2571428571428,48.285714285714285,8.385714285714286,938
14.928571428571429,6.857142857142857,10.685714285714283,14.928571428571429,5.128571428571428,9.6,81.55714285714285,1.9387142857142856,100.0,19.641428571428573,0.0,28.74285714285714,262.62857142857143,1011.7571428571428,42.114285714285714,14.385714285714284,1044
9.4,4.785714285714286,7.357142857142857,8.157142857142857,1.6142857142857143,4.985714285714286,90.78571428571428,2.0795714285714286,85.71428571428571,5.952857142857143,0.0,23.214285714285715,199.7,1012.6857142857142,72.31428571428572,10.242857142857144,977
20.571428571428573,11.814285714285717,16.085714285714285,20.571428571428573,11.6,16.085714285714285,72.98571428571428,0.24,42.85714285714285,2.381428571428572,0.0,10.785714285714286,264.87142857142857,1016.5571428571428,74.0,19.4,893
15.685714285714283,7.742857142857143,11.757142857142856,15.685714285714283,5.771428571428571,11.228571428571428,73.88571428571429,0.1801428571428571,42.85714285714285,1.7871428571428571,0.0,31.214285714285715,238.44285714285712,1019.8142857142856,55.62857142857143,20.2,869
16.714285714285715,10.6,13.471428571428572,16.714285714285715,10.242857142857144,13.44285714285714,74.41428571428571,1.8335714285714289,42.85714285714285,2.975714285714285,0.0,19.24285714285714,298.6,1015.8142857142856,73.98571428571428,24.1,920
25.057142857142857,15.142857142857142,20.314285714285717,25.15714285714285,15.142857142857142,20.32857142857143,69.38571428571429,1.9031428571428568,57.142857142857146,8.332857142857142,0.0,25.87142857142857,186.14285714285717,1014.2857142857144,30.585714285714285,10.1,995
18.414285714285715,8.371428571428572,13.471428571428572,18.414285714285715,7.742857142857143,13.342857142857143,74.84285714285714,4.706,71.42857142857143,10.118571428571428,0.0,19.74285714285714,60.957142857142856,1017.2285714285716,33.3,7.457142857142857,996
4.1571428571428575,-1.1428571428571428,1.6142857142857143,1.042857142857143,-5.557142857142857,-2.5285714285714285,90.65714285714286,1.9561428571428567,85.71428571428571,13.691428571428572,0.0,27.27142857142857,269.57142857142856,1006.5428571428572,47.7,9.414285714285716,1046
4.228571428571429,-0.6428571428571429,1.6,0.6857142857142857,-5.714285714285714,-2.628571428571429,79.57142857142857,1.2222857142857142,57.142857142857146,6.548571428571429,0.0,27.914285714285715,216.3571428571429,1009.5857142857144,61.55714285714286,9.757142857142856,1137
17.52857142857143,9.828571428571427,13.742857142857144,17.52857142857143,8.971428571428572,13.6,79.71428571428571,0.412,28.571428571428573,1.7857142857142858,0.0,23.17142857142857,207.3142857142857,1013.9,64.98571428571428,16.82857142857143,840
16.714285714285715,11.571428571428571,14.228571428571428,16.714285714285715,11.314285714285717,14.157142857142857,80.14285714285714,0.08,42.85714285714285,4.761428571428572,0.0,21.957142857142856,200.7142857142857,1025.5285714285717,69.51428571428572,10.228571428571428,937
10.171428571428573,3.042857142857143,7.071428571428571,9.542857142857144,1.3142857142857145,5.257142857142858,88.77142857142857,1.532142857142857,100.0,7.737142857142857,0.0,26.857142857142858,240.08571428571423,1020.5857142857144,63.6,11.62857142857143,1061
6.257142857142857,2.2857142857142856,4.6571428571428575,2.814285714285714,-1.9428571428571428,0.5428571428571428,91.41428571428573,3.208142857142857,100.0,25.595714285714287,0.1714285714285714,33.58571428571428,239.58571428571423,997.0428571428572,62.27142857142858,9.685714285714283,1225
11.542857142857144,7.114285714285714,9.757142857142856,11.071428571428571,4.014285714285714,8.314285714285715,88.6,1.8215714285714288,85.71428571428571,5.951428571428571,1.0,32.91428571428572,196.52857142857144,1008.6714285714286,82.52857142857144,10.528571428571428,1076
8.871428571428572,2.6,5.885714285714286,7.114285714285715,-0.6571428571428571,3.0,89.55714285714285,1.7228571428571429,71.42857142857143,11.31,0.0,24.514285714285712,223.18571428571428,1008.2285714285716,48.91428571428571,10.014285714285714,963
21.9,13.342857142857143,17.114285714285717,21.9,13.342857142857143,17.114285714285717,79.85714285714286,0.3004285714285714,28.571428571428573,1.7857142857142858,0.0,21.17142857142857,199.05714285714288,1015.0571428571428,62.55714285714286,12.342857142857143,906
8.014285714285714,2.242857142857143,5.1000000000000005,5.3,-1.2571428571428571,2.071428571428572,85.91428571428571,0.471,85.71428571428571,4.168571428571428,1.5,25.571428571428573,194.67142857142855,1001.1714285714286,76.87142857142858,12.957142857142856,1003
17.54285714285714,11.814285714285717,14.7,17.54285714285714,11.471428571428572,14.657142857142857,85.87142857142858,0.633,71.42857142857143,3.5728571428571425,0.0,23.6,264.0571428571429,1011.1714285714286,83.04285714285713,17.985714285714288,849
8.485714285714286,4.442857142857143,6.6571428571428575,6.142857142857143,0.4857142857142857,3.442857142857143,84.38571428571429,1.8502857142857143,85.71428571428571,5.951428571428571,0.0,38.15714285714286,201.2428571428572,1001.8142857142856,74.72857142857143,13.5,1080
11.8,5.885714285714286,8.828571428571427,11.785714285714286,3.4285714285714284,7.171428571428572,85.35714285714286,0.6247142857142858,71.42857142857143,4.761428571428572,0.0,24.5,151.22857142857143,1007.5,75.51428571428572,7.271428571428571,946
12.585714285714284,4.928571428571429,8.471428571428572,11.2,1.757142857142857,6.485714285714286,79.3,0.2437142857142857,57.142857142857146,2.9771428571428573,0.0,31.814285714285717,247.18571428571428,1014.4428571428572,62.385714285714286,13.185714285714283,1161
9.62857142857143,2.9714285714285715,6.3,8.557142857142857,0.7714285714285715,4.371428571428572,73.97142857142856,0.4225714285714286,42.85714285714285,2.975714285714285,0.0,22.12857142857143,159.07142857142858,1016.0714285714286,73.91428571428571,16.47142857142857,1094
8.085714285714285,2.7,5.342857142857143,5.9,-1.1285714285714286,2.0142857142857142,85.60000000000001,0.6562857142857143,100.0,8.930000000000001,0.0,31.142857142857142,206.7142857142857,992.5714285714286,52.82857142857143,10.05714285714286,1174
8.200000000000001,1.8,4.757142857142857,5.942857142857143,-1.7857142857142858,1.7714285714285716,82.07142857142857,3.166571428571429,85.71428571428571,17.85857142857143,0.0285714285714285,26.442857142857143,161.5142857142857,1008.1142857142858,62.71428571428572,9.857142857142858,1244
18.785714285714285,13.742857142857144,16.02857142857143,18.785714285714285,13.742857142857144,16.02857142857143,81.85714285714286,0.0,0.0,0.0,0.0,15.528571428571428,175.4857142857143,1010.6714285714286,88.14285714285714,14.885714285714286,931
16.357142857142858,4.242857142857143,10.471428571428572,16.357142857142858,2.085714285714286,9.585714285714284,72.7,0.5281428571428571,57.142857142857146,4.167142857142857,0.0,22.47142857142857,193.7142857142857,1021.157142857143,33.95714285714286,10.028571428571428,1107
18.67142857142857,11.814285714285717,15.342857142857143,18.67142857142857,11.542857142857144,15.271428571428572,89.88571428571429,0.663142857142857,42.85714285714285,6.547142857142857,0.0,15.8,271.68571428571425,1019.9714285714286,61.371428571428574,8.228571428571428,881
24.02857142857143,14.742857142857142,18.914285714285715,24.142857142857142,14.742857142857142,18.914285714285715,78.8,0.0572857142857142,14.285714285714286,0.5957142857142858,0.0,21.7,203.3428571428572,1016.2285714285716,58.17142857142858,13.257142857142856,975
19.15714285714285,11.228571428571428,15.042857142857144,19.15714285714285,11.228571428571428,15.042857142857144,80.72857142857143,0.819,85.71428571428571,8.334285714285715,0.0,20.685714285714287,270.37142857142857,1016.6285714285714,61.67142857142857,12.657142857142857,888
7.914285714285714,2.6142857142857143,5.714285714285714,6.185714285714285,-0.9142857142857144,3.3000000000000003,91.81428571428572,1.1837142857142855,85.71428571428571,11.905714285714286,0.0,25.014285714285712,208.1,1020.6142857142858,48.3,8.571428571428571,1220
12.471428571428572,9.242857142857144,10.914285714285716,12.471428571428572,7.771428571428572,10.114285714285714,91.98571428571428,0.5691428571428572,85.71428571428571,4.762857142857143,0.0,21.485714285714288,158.37142857142857,1005.2857142857144,89.74285714285715,7.3,1020
7.171428571428572,1.3,4.071428571428571,4.842857142857143,-3.057142857142857,0.7428571428571429,75.60000000000001,0.8837142857142857,100.0,12.501428571428573,0.0,32.0,215.64285714285717,1015.7571428571428,47.41428571428571,10.985714285714286,1106
13.728571428571428,7.2,10.7,13.328571428571427,4.6000000000000005,9.4,84.7,8.031,100.0,39.88142857142857,0.0,27.27142857142857,102.0142857142857,1006.5857142857144,59.8,10.5,921
5.685714285714285,2.8714285714285714,4.085714285714286,2.557142857142857,-1.4285714285714286,0.3714285714285715,82.08571428571429,0.2475714285714285,85.71428571428571,4.168571428571428,0.0,28.357142857142858,132.27142857142857,1020.9571428571428,76.47142857142856,13.257142857142856,1146
16.97142857142857,11.214285714285714,13.928571428571429,16.97142857142857,11.042857142857144,13.928571428571429,89.8,3.276142857142857,85.71428571428571,25.59714285714286,0.0,14.62857142857143,254.3571428571429,1014.7142857142856,71.94285714285715,7.1571428571428575,850
19.014285714285712,10.37142857142857,14.5,19.014285714285712,9.87142857142857,14.37142857142857,82.47142857142856,0.4571428571428571,57.142857142857146,4.167142857142857,0.0,16.785714285714285,217.0142857142857,1021.9428571428572,57.385714285714286,9.014285714285714,915
6.385714285714285,2.1,3.985714285714285,4.042857142857143,-1.6285714285714286,0.8142857142857143,81.3,0.0444285714285714,42.85714285714285,2.381428571428572,0.0,19.857142857142858,133.65714285714287,1019.2428571428572,84.02857142857144,13.028571428571428,1030
16.728571428571428,6.514285714285714,11.1,16.728571428571428,4.285714285714286,10.271428571428572,72.39999999999999,0.058,28.571428571428573,1.1914285714285715,0.0,17.728571428571428,287.2,1023.3571428571428,34.51428571428571,9.428571428571429,1005
13.271428571428572,7.714285714285714,10.585714285714284,13.271428571428572,6.285714285714286,10.014285714285714,92.01428571428572,5.385428571428571,100.0,29.165714285714284,0.0,25.357142857142858,199.51428571428573,1010.8285714285714,55.771428571428565,8.014285714285714,985
14.157142857142857,7.414285714285714,10.328571428571427,14.157142857142857,3.971428571428572,8.585714285714285,76.21428571428571,0.2141428571428571,42.85714285714285,3.571428571428572,0.0,32.371428571428574,246.01428571428573,1015.0571428571428,32.02857142857143,13.585714285714287,1047
-1.9142857142857144,-5.214285714285714,-3.4857142857142853,-5.328571428571428,-12.05714285714286,-9.814285714285717,84.34285714285714,0.573857142857143,85.71428571428571,5.357142857142857,14.4,33.628571428571426,60.32857142857142,1021.4,85.25714285714285,7.542857142857143,1157
18.914285714285715,11.0,14.728571428571428,18.914285714285715,10.8,14.714285714285714,85.64285714285714,0.2311428571428571,57.142857142857146,3.571428571428572,0.0,15.328571428571427,179.24285714285716,1014.7571428571428,63.31428571428571,7.385714285714286,925
22.8,12.642857142857142,17.62857142857143,22.8,12.642857142857142,17.62857142857143,73.91428571428571,0.1207142857142857,28.571428571428573,1.1914285714285715,0.0,20.12857142857143,128.85714285714286,1014.5,55.21428571428572,11.214285714285714,950
5.971428571428571,1.2857142857142858,3.557142857142857,3.071428571428572,-2.271428571428572,0.7571428571428572,85.01428571428572,0.3028571428571429,57.142857142857146,2.9771428571428573,2.6,21.514285714285712,231.5,1009.2428571428572,71.28571428571429,14.228571428571428,1263
18.428571428571427,11.228571428571428,14.814285714285717,18.428571428571427,11.142857142857142,14.785714285714286,83.62857142857142,0.9985714285714286,71.42857142857143,2.9785714285714286,0.0,21.75714285714286,254.8571428571429,1015.1142857142858,70.58571428571429,10.44285714285714,916
8.22857142857143,4.428571428571429,6.428571428571429,5.785714285714286,1.3,3.585714285714286,81.0,0.2954285714285714,42.85714285714285,2.975714285714285,0.0,26.285714285714285,176.47142857142856,1023.2857142857144,71.44285714285714,12.6,971
20.25714285714286,13.642857142857142,16.82857142857143,20.25714285714286,13.642857142857142,16.82857142857143,80.77142857142857,7.895857142857143,85.71428571428571,32.73714285714286,0.0,30.47142857142857,178.74285714285716,1008.4285714285714,56.0,11.514285714285714,841
15.571428571428571,9.857142857142858,12.7,15.571428571428571,8.128571428571428,12.171428571428573,78.77142857142857,0.4494285714285714,28.571428571428573,3.571428571428572,0.0,29.642857142857142,247.52857142857144,1015.5428571428572,42.34285714285714,9.885714285714286,1076
13.657142857142857,9.05714285714286,11.37142857142857,13.657142857142857,7.471428571428571,10.87142857142857,84.57142857142857,4.122571428571429,100.0,8.332857142857142,0.0,29.87142857142857,220.08571428571423,1013.1857142857144,78.07142857142857,20.385714285714283,958
16.014285714285712,10.94285714285714,13.542857142857144,16.014285714285712,10.771428571428572,13.542857142857144,90.31428571428572,1.3114285714285714,85.71428571428571,4.762857142857143,0.0,19.942857142857143,131.5,1010.3857142857142,91.34285714285714,9.857142857142858,904
17.52857142857143,8.857142857142858,12.971428571428572,17.52857142857143,8.714285714285714,12.885714285714286,86.21428571428571,0.0,0.0,0.0,0.0,18.82857142857143,208.64285714285717,1027.071428571429,58.21428571428572,5.628571428571428,891
17.0,9.857142857142858,13.328571428571427,17.0,9.057142857142855,13.214285714285714,81.47142857142856,0.1618571428571428,71.42857142857143,4.762857142857143,0.0,20.65714285714285,177.9714285714286,1023.9571428571428,52.771428571428565,9.614285714285714,930
18.4,10.185714285714283,13.928571428571429,18.4,9.814285714285717,13.885714285714286,84.31428571428572,0.0,0.0,0.0,0.0,22.7,211.8,1021.7142857142856,50.98571428571429,8.342857142857143,906
18.057142857142857,11.671428571428573,14.757142857142856,18.057142857142857,11.1,14.714285714285714,77.41428571428571,0.7304285714285713,42.85714285714285,2.381428571428572,0.0,23.214285714285715,288.6857142857143,1008.3285714285714,77.25714285714285,22.0,856
17.642857142857142,9.828571428571427,13.671428571428573,17.642857142857142,8.9,13.485714285714286,72.12857142857142,1.093714285714286,71.42857142857143,10.118571428571428,0.0,24.414285714285715,177.55714285714285,1010.5428571428572,47.72857142857144,13.357142857142858,913
24.514285714285712,14.114285714285714,19.071428571428573,24.485714285714288,14.114285714285714,19.057142857142857,72.21428571428571,0.436,14.285714285714286,0.5957142857142858,0.0,18.014285714285712,181.54285714285717,1016.3285714285714,51.85714285714285,15.857142857142858,855
3.871428571428571,-0.1142857142857143,1.8571428571428568,0.3142857142857142,-4.6000000000000005,-2.4,86.42857142857143,1.8304285714285715,100.0,10.712857142857144,1.4,28.857142857142858,104.91428571428573,1001.342857142857,74.64285714285714,9.985714285714286,1157
9.857142857142858,4.842857142857143,7.285714285714286,9.071428571428571,2.3285714285714287,5.5,86.84285714285714,0.6238571428571429,85.71428571428571,8.334285714285715,0.0,21.057142857142857,201.3857142857143,1026.1285714285714,70.3,12.1,1111
15.385714285714286,8.700000000000001,11.957142857142856,15.385714285714286,7.8428571428571425,11.642857142857142,88.98571428571428,0.176,57.142857142857146,2.382857142857143,0.0,24.214285714285715,190.65714285714284,1018.4142857142856,49.48571428571428,7.671428571428572,940
18.942857142857143,8.657142857142857,14.028571428571428,18.942857142857143,8.200000000000001,13.971428571428572,71.87142857142858,0.0,0.0,0.0,0.0,19.37142857142857,151.70000000000002,1023.8142857142858,61.18571428571429,20.442857142857143,930
7.785714285714286,4.285714285714286,5.857142857142857,5.728571428571429,0.7857142857142857,3.057142857142857,82.97142857142856,1.3952857142857142,100.0,8.928571428571429,0.0,21.985714285714288,120.75714285714284,1013.7714285714284,82.22857142857143,14.1,968
1.5142857142857142,-3.942857142857143,-1.3857142857142857,-1.4142857142857144,-8.042857142857143,-5.057142857142857,90.77142857142856,0.726,100.0,11.905714285714286,5.028571428571429,22.74285714285714,163.64285714285714,1013.1428571428572,50.67142857142857,8.828571428571427,1249
14.185714285714283,10.12857142857143,11.957142857142856,14.185714285714283,9.2,11.514285714285714,88.91428571428571,0.6874285714285714,71.42857142857143,4.167142857142857,0.0,20.714285714285715,195.9142857142857,1017.9428571428572,78.25714285714285,12.657142857142857,996
5.942857142857143,1.7285714285714284,4.1,3.1142857142857143,-2.7857142857142856,0.1,84.87142857142858,0.2018571428571428,42.85714285714285,1.7871428571428571,1.0,35.857142857142854,278.25714285714287,1019.1857142857144,75.39999999999999,15.028571428571428,1102
5.614285714285714,2.0142857142857142,4.1571428571428575,2.5142857142857147,-2.2857142857142856,0.4142857142857142,85.88571428571429,0.3721428571428571,57.142857142857146,7.738571428571428,0.0,25.442857142857143,206.97142857142856,1024.4,75.42857142857143,9.62857142857143,1007
8.857142857142858,3.8857142857142857,6.257142857142857,7.271428571428571,0.3285714285714287,3.5142857142857147,88.22857142857143,5.747428571428571,100.0,10.714285714285714,0.0,28.428571428571427,191.75714285714284,998.5428571428572,71.87142857142858,10.971428571428572,1160
8.257142857142856,1.0285714285714285,4.957142857142857,6.7,-1.0,2.7,87.64285714285714,1.287285714285714,28.571428571428573,2.38,0.0,22.557142857142857,155.45714285714286,1020.5285714285714,64.5,9.7,1206
23.414285714285715,12.428571428571429,17.95714285714286,23.414285714285715,12.428571428571429,17.95714285714286,70.3,0.0,0.0,0.0,0.0,21.62857142857143,59.54285714285714,1017.6,22.61428571428572,9.87142857142857,940
16.771428571428572,7.4,11.971428571428572,16.771428571428572,5.871428571428571,11.514285714285714,77.34285714285714,0.1638571428571428,28.571428571428573,1.7857142857142858,0.0,22.957142857142856,137.3857142857143,1019.4714285714286,56.04285714285714,7.185714285714285,933
21.514285714285712,12.814285714285717,17.157142857142855,21.542857142857144,12.814285714285717,17.157142857142855,70.95714285714286,0.239,42.85714285714285,2.381428571428572,0.0,19.357142857142858,183.98571428571427,1022.342857142857,64.87142857142858,23.61428571428572,939
10.1,4.9,8.1,8.7,2.3714285714285714,6.0,88.38571428571429,0.2252857142857142,42.85714285714285,1.7871428571428571,0.0,36.24285714285714,237.92857142857144,1020.1,65.94285714285715,14.571428571428571,1076
9.742857142857144,2.7,6.142857142857143,8.542857142857143,-0.4571428571428572,3.871428571428571,83.75714285714285,1.3242857142857145,100.0,14.881428571428572,0.0,27.357142857142858,243.75714285714284,1019.8142857142856,52.114285714285714,11.428571428571429,1000
16.314285714285713,9.271428571428572,13.0,16.314285714285713,8.757142857142856,12.857142857142858,73.88571428571429,0.0447142857142857,28.571428571428573,1.1914285714285715,0.0,27.814285714285717,301.2714285714286,1014.6428571428572,60.17142857142857,22.142857142857142,886
18.728571428571428,12.342857142857143,15.685714285714283,18.728571428571428,12.342857142857143,15.685714285714283,77.87142857142858,0.0674285714285714,28.571428571428573,1.1914285714285715,0.0,27.785714285714285,25.414285714285715,1022.3571428571428,63.57142857142857,23.87142857142857,853
15.371428571428572,7.8,12.114285714285714,15.371428571428572,6.128571428571428,11.8,79.57142857142857,2.1128571428571425,71.42857142857143,3.5728571428571425,0.0,28.314285714285717,208.65714285714284,1009.2714285714284,63.72857142857142,20.071428571428573,974
19.3,12.8,16.0,19.3,12.8,16.0,75.74285714285715,0.6194285714285713,57.142857142857146,2.9771428571428573,0.0,16.6,288.6142857142857,1014.8,79.12857142857142,22.5,854
10.771428571428572,4.371428571428572,7.414285714285714,9.2,0.2714285714285714,4.585714285714286,81.52857142857144,2.718285714285714,100.0,21.428571428571427,0.0,30.37142857142857,210.9,998.4857142857144,63.114285714285714,12.314285714285717,986
3.857142857142857,0.5714285714285714,2.2142857142857144,2.1142857142857143,-2.757142857142857,-0.4285714285714285,84.3,0.0395714285714285,28.571428571428573,1.1914285714285715,0.0,15.62857142857143,152.85714285714286,1027.5571428571427,76.3,7.742857142857143,1073
13.985714285714286,7.871428571428572,11.428571428571429,13.985714285714286,7.128571428571428,11.157142857142857,80.18571428571428,0.561,42.85714285714285,1.7871428571428571,0.0,25.74285714285714,136.05714285714285,1015.9142857142856,69.34285714285714,13.2,948
5.271428571428571,1.8857142857142857,3.6,2.4142857142857146,-2.271428571428572,-0.0571428571428572,87.15714285714286,0.2234285714285714,85.71428571428571,3.5742857142857143,0.0,24.12857142857143,113.08571428571427,1020.8857142857142,86.28571428571429,7.985714285714286,1077
15.285714285714286,9.285714285714286,12.542857142857144,15.285714285714286,7.671428571428572,11.985714285714286,85.54285714285713,0.4328571428571429,57.142857142857146,3.5728571428571425,0.0,27.0,243.22857142857143,1016.2,46.385714285714286,9.8,1102
8.285714285714286,3.057142857142857,5.571428571428571,5.542857142857143,-1.4142857142857144,1.4857142857142858,83.17142857142858,2.4631428571428566,85.71428571428571,12.5,0.0,41.8,198.82857142857145,988.4285714285714,43.07142857142857,12.728571428571428,1096
9.457142857142856,4.085714285714286,7.214285714285714,7.857142857142857,0.5142857142857143,4.742857142857143,85.07142857142857,0.3855714285714285,42.85714285714285,2.381428571428572,0.0,30.457142857142856,223.77142857142857,1026.0,76.95714285714287,9.742857142857144,1084
7.671428571428572,2.442857142857143,4.971428571428571,5.6000000000000005,-1.3142857142857145,1.6714285714285713,88.91428571428571,0.2728571428571428,57.142857142857146,2.9771428571428573,0.0,21.185714285714287,207.65714285714284,1025.6571428571428,65.62857142857142,6.414285714285714,1117
8.2,2.8428571428571425,5.342857142857143,5.971428571428571,-0.3714285714285714,2.6714285714285717,71.87142857142858,0.0,0.0,0.0,0.0,22.557142857142857,231.0142857142857,1009.6142857142858,74.92857142857143,20.785714285714285,1178
16.47142857142857,10.242857142857144,13.085714285714284,16.47142857142857,9.985714285714286,13.028571428571428,75.68571428571428,0.4542857142857143,85.71428571428571,4.762857142857143,0.0,20.685714285714287,144.84285714285716,1013.6142857142858,82.08571428571429,24.0,915
11.542857142857144,7.399999999999999,9.685714285714283,10.657142857142857,4.928571428571429,7.971428571428571,87.45714285714287,3.363571428571429,100.0,8.334285714285715,0.0,33.785714285714285,191.15714285714284,1002.1857142857144,74.10000000000001,16.928571428571427,1033
10.142857142857142,5.285714285714286,7.814285714285715,9.642857142857142,2.3428571428571425,5.842857142857143,80.32857142857142,0.0,0.0,0.0,0.0,29.557142857142857,242.3428571428572,998.2142857142856,82.72857142857143,16.928571428571427,1100
12.871428571428572,5.3,8.785714285714286,12.871428571428572,3.7142857142857135,7.985714285714286,72.17142857142856,0.0,0.0,0.0,0.0,15.185714285714283,239.15714285714284,1025.0857142857144,64.92857142857143,15.928571428571429,1036
9.042857142857144,2.657142857142857,5.642857142857143,6.871428571428572,-0.5714285714285714,2.7285714285714286,75.91428571428571,1.349285714285714,85.71428571428571,4.168571428571428,0.0,24.7,260.4714285714286,1003.6,69.32857142857142,23.042857142857144,1002
13.1,4.785714285714286,9.071428571428571,13.1,1.8,7.271428571428571,78.51428571428572,4.104571428571428,100.0,11.31,0.0,32.95714285714286,168.1142857142857,1002.1142857142858,58.971428571428575,15.94285714285714,1029
19.785714285714285,10.457142857142856,15.071428571428571,19.785714285714285,10.457142857142856,15.071428571428571,80.71428571428571,0.0538571428571428,28.571428571428573,1.1914285714285715,0.0,19.885714285714283,203.3142857142857,1019.9142857142856,62.75714285714286,9.057142857142855,940
7.1,1.7571428571428571,4.514285714285714,5.242857142857142,-0.8714285714285713,2.0571428571428574,87.44285714285715,0.1728571428571428,42.85714285714285,1.7871428571428571,0.0,17.642857142857142,237.9142857142857,1036.142857142857,62.08571428571429,8.8,1034
1.4571428571428573,-0.7000000000000001,0.2714285714285714,-4.128571428571428,-6.985714285714286,-5.685714285714285,82.01428571428572,0.0,0.0,0.0,2.1,32.77142857142857,91.9,1014.8857142857142,93.8,6.271428571428571,1144
10.714285714285714,2.8857142857142857,6.914285714285714,9.585714285714284,0.0714285714285715,4.657142857142857,76.12857142857142,1.2064285714285714,85.71428571428571,16.071428571428573,0.0,24.81428571428572,244.9142857142857,1018.2,37.12857142857143,10.285714285714286,1034
15.314285714285717,8.985714285714286,12.471428571428572,15.314285714285717,8.77142857142857,12.385714285714286,88.64285714285714,2.630571428571429,85.71428571428571,12.501428571428573,0.0,16.04285714285714,121.8,1024.5142857142855,68.01428571428572,8.557142857142857,962
7.042857142857143,1.842857142857143,4.1571428571428575,6.071428571428571,-0.5142857142857142,2.271428571428572,92.52857142857144,2.636714285714286,100.0,7.735714285714286,0.0,15.542857142857144,231.3428571428572,1002.5142857142856,75.48571428571428,7.399999999999999,1544
12.857142857142858,4.4,8.585714285714285,12.214285714285714,1.7428571428571429,6.985714285714286,77.77142857142857,0.2791428571428571,100.0,7.144285714285715,0.0,22.8,214.8571428571429,1017.6428571428572,46.04285714285714,12.671428571428573,985
10.6,4.585714285714286,7.857142857142857,10.085714285714284,2.0285714285714285,6.171428571428572,79.48571428571428,0.4765714285714286,71.42857142857143,2.9785714285714286,0.0,25.842857142857145,197.67142857142855,1025.4,77.75714285714285,17.12857142857143,1028
12.142857142857142,5.285714285714286,8.628571428571428,11.571428571428571,2.185714285714286,6.871428571428571,83.87142857142858,0.793142857142857,57.142857142857146,6.548571428571429,0.0,25.685714285714287,232.7,1019.157142857143,52.471428571428575,9.114285714285714,1117
12.87142857142857,4.8,8.542857142857143,12.342857142857142,1.5857142857142856,6.542857142857144,79.65714285714286,1.130857142857143,71.42857142857143,9.524285714285714,0.0285714285714285,33.15714285714286,221.62857142857143,1013.4,62.42857142857143,11.87142857142857,1039
6.571428571428571,1.4,4.228571428571429,4.742857142857143,-1.5857142857142856,1.9285714285714288,94.28571428571428,1.8991428571428568,100.0,14.285714285714286,0.0,20.142857142857142,188.5,1005.3714285714286,41.38571428571429,9.471428571428572,1024
17.742857142857144,10.914285714285716,14.014285714285714,17.742857142857144,9.971428571428572,13.785714285714286,82.22857142857143,2.9185714285714286,100.0,18.454285714285717,0.0,28.985714285714288,225.57142857142856,1004.0714285714286,47.82857142857143,10.885714285714286,933
6.6571428571428575,0.3714285714285714,3.2142857142857144,5.285714285714286,-3.1714285714285717,0.8428571428571427,73.38571428571429,0.0807142857142857,42.85714285714285,1.7871428571428571,0.0,16.928571428571427,225.77142857142857,1016.6857142857144,58.142857142857146,16.285714285714285,1161
9.0,4.942857142857143,7.085714285714286,7.285714285714286,0.9142857142857144,4.328571428571428,87.67142857142858,2.1035714285714286,100.0,25.0,0.0,28.542857142857144,192.32857142857145,1008.3142857142856,65.24285714285715,8.871428571428572,998
13.428571428571429,8.428571428571429,10.671428571428573,12.94285714285714,5.385714285714286,9.071428571428571,82.64285714285714,1.3508571428571428,100.0,14.882857142857144,0.0,42.42857142857143,240.8,1007.5285714285714,56.91428571428572,9.94285714285714,991
6.6,3.157142857142857,4.885714285714286,5.114285714285714,0.0999999999999999,2.557142857142857,87.2,1.688,71.42857142857143,5.355714285714286,2.6333333333333333,19.5,250.08571428571423,1013.1428571428572,84.51428571428572,14.771428571428572,1060
15.885714285714286,11.314285714285717,13.62857142857143,15.885714285714286,10.9,13.55714285714286,85.17142857142858,0.2885714285714286,28.571428571428573,1.1914285714285715,0.0,16.571428571428573,223.62857142857143,1019.5,84.22857142857143,11.2,950
8.671428571428573,-1.5,3.3857142857142857,7.557142857142858,-3.6714285714285713,1.6285714285714283,83.78571428571429,0.0747142857142857,57.142857142857146,4.168571428571428,0.0,21.6,148.41428571428574,1028.0857142857144,30.74285714285714,7.128571428571428,1109
19.3,10.014285714285714,14.671428571428573,19.3,9.1,14.471428571428572,73.78571428571429,1.9508571428571424,71.42857142857143,16.071428571428573,0.0,23.942857142857143,203.22857142857143,1011.9428571428572,45.0,12.914285714285716,903
20.17142857142857,11.285714285714286,15.44285714285714,20.17142857142857,11.228571428571428,15.44285714285714,74.85714285714286,0.0844285714285714,14.285714285714286,0.5957142857142858,0.0,17.485714285714288,184.5,1019.9857142857144,46.3,21.214285714285715,931
16.085714285714285,3.814285714285714,9.471428571428572,16.085714285714285,1.957142857142857,8.785714285714286,71.5,0.0311428571428571,28.571428571428573,1.1914285714285715,0.0,17.357142857142858,160.4,1031.4571428571428,19.75714285714286,9.228571428571428,1051
7.571428571428571,2.242857142857143,4.628571428571428,5.328571428571428,-1.8,1.0714285714285714,81.08571428571429,0.584,85.71428571428571,4.762857142857143,1.0,33.08571428571429,227.0142857142857,1007.2571428571428,62.3,18.15714285714285,1020
13.37142857142857,8.22857142857143,10.8,13.37142857142857,6.714285714285714,10.457142857142856,89.98571428571428,2.4642857142857144,85.71428571428571,20.23857142857143,0.0,18.77142857142857,130.54285714285714,1021.0285714285716,61.18571428571429,9.885714285714286,1045
10.171428571428573,5.1000000000000005,7.528571428571429,9.6,0.8857142857142856,4.7,85.04285714285713,2.5585714285714287,100.0,4.764285714285714,0.0,34.9,243.37142857142857,997.6142857142858,75.77142857142857,12.05714285714286,1095
15.414285714285716,11.014285714285714,13.0,15.414285714285716,10.342857142857143,12.685714285714283,89.08571428571429,3.414428571428572,85.71428571428571,5.357142857142857,0.0,24.24285714285714,227.64285714285717,1008.1,83.39999999999999,9.142857142857142,914
10.042857142857144,5.171428571428572,7.6571428571428575,8.4,1.6857142857142855,4.871428571428572,84.17142857142858,0.093,42.85714285714285,2.381428571428572,0.0,28.557142857142857,257.8857142857143,1026.5285714285717,60.2,13.957142857142856,1074
17.071428571428573,11.55714285714286,14.457142857142856,17.071428571428573,11.342857142857143,14.414285714285716,83.25714285714285,0.4244285714285714,57.142857142857146,2.9771428571428573,0.0,22.5,262.3857142857143,1019.2857142857144,80.3,18.02857142857143,852
4.428571428571429,-0.1428571428571428,2.0142857142857147,1.7285714285714289,-4.4,-1.5428571428571427,86.85714285714286,0.842,85.71428571428571,15.477142857142857,0.1857142857142857,27.014285714285712,234.25714285714284,1008.9571428571428,56.68571428571429,9.642857142857142,1342
18.342857142857145,8.428571428571429,13.828571428571427,18.342857142857145,7.1000000000000005,13.6,79.35714285714286,0.9955714285714288,42.85714285714285,6.547142857142857,0.0,18.542857142857144,189.04285714285717,1014.7714285714284,34.01428571428571,10.928571428571429,936
16.557142857142857,7.928571428571429,12.44285714285714,16.557142857142857,6.2,11.857142857142858,75.7,0.3181428571428571,28.571428571428573,1.1914285714285715,0.0,30.214285714285715,217.1,1017.5,59.52857142857143,17.914285714285715,942
17.2,12.328571428571427,14.37142857142857,17.2,12.328571428571427,14.37142857142857,81.78571428571429,0.866,57.142857142857146,5.355714285714286,3.7,21.0,225.58571428571432,998.9285714285714,78.58571428571429,18.3,979
21.11428571428572,12.685714285714283,17.057142857142857,21.11428571428572,12.542857142857144,17.04285714285714,73.5,0.1535714285714285,42.85714285714285,1.7871428571428571,0.0,20.914285714285715,241.14285714285717,1015.5857142857144,71.4,20.9,994
15.8,11.05714285714286,13.657142857142857,15.8,10.4,13.514285714285714,88.12857142857142,3.043428571428572,85.71428571428571,11.905714285714286,0.0,25.942857142857143,177.79999999999998,1007.4142857142856,55.21428571428572,10.457142857142856,962
6.585714285714286,1.4428571428571428,3.8857142857142857,4.0285714285714285,-1.342857142857143,1.1142857142857143,87.27142857142857,1.4184285714285714,100.0,5.952857142857143,3.5,21.728571428571428,201.8142857142857,1008.5571428571428,68.98571428571428,13.014285714285714,1046
16.857142857142858,9.37142857142857,13.071428571428571,16.857142857142858,8.785714285714286,12.87142857142857,77.55714285714285,0.1625714285714285,14.285714285714286,0.5957142857142858,0.0,21.314285714285717,123.82857142857142,1017.6142857142858,61.38571428571429,16.0,913
13.585714285714287,8.957142857142857,10.8,13.585714285714287,7.514285714285714,10.142857142857142,84.75714285714285,0.0305714285714285,28.571428571428573,1.1914285714285715,0.0,16.385714285714283,31.2,1027.7,94.44285714285716,18.014285714285712,923
20.557142857142857,13.0,16.142857142857142,20.557142857142857,13.0,16.142857142857142,84.12857142857142,2.982,85.71428571428571,13.691428571428572,0.0,27.17142857142857,177.84285714285716,1004.9285714285714,32.65714285714286,9.728571428571428,1049
5.971428571428571,1.5714285714285714,3.685714285714286,3.042857142857143,-2.128571428571429,0.4571428571428572,85.34285714285714,0.5521428571428572,71.42857142857143,4.761428571428572,1.65,17.52857142857143,265.8285714285714,1025.4,73.02857142857144,9.885714285714286,1074
11.085714285714287,1.5714285714285714,6.028571428571428,10.642857142857142,0.4714285714285715,5.271428571428571,72.81428571428572,0.0074285714285714,14.285714285714286,0.5957142857142858,0.0,14.62857142857143,166.37142857142857,1032.1142857142856,45.32857142857143,17.32857142857143,961
16.142857142857142,9.857142857142858,12.585714285714284,16.142857142857142,9.6,12.55714285714286,87.3,0.4542857142857143,71.42857142857143,7.740000000000001,0.0,25.1,193.55714285714288,1015.7714285714284,62.22857142857144,11.842857142857143,947
10.2,5.171428571428571,7.8,9.171428571428573,2.9142857142857146,6.385714285714286,79.85714285714286,0.0264285714285714,42.85714285714285,2.381428571428572,0.0,16.414285714285715,178.5142857142857,1020.657142857143,93.31428571428572,6.171428571428572,1058
17.314285714285713,13.957142857142856,15.714285714285714,17.314285714285713,13.957142857142856,15.714285714285714,89.10000000000001,6.713,100.0,36.30714285714286,0.0,28.67142857142857,154.71428571428572,1012.5142857142856,81.5,7.3,951
13.714285714285714,7.357142857142857,10.485714285714286,13.414285714285716,5.6000000000000005,9.62857142857143,74.84285714285714,1.015,71.42857142857143,4.167142857142857,0.0,24.75714285714286,196.78571428571428,1009.3285714285714,77.91428571428571,18.314285714285717,1034
17.857142857142858,10.171428571428573,14.05714285714286,17.857142857142858,9.685714285714283,14.014285714285714,73.57142857142857,0.2762857142857143,57.142857142857146,2.382857142857143,7.0,17.928571428571427,205.1142857142857,1016.7,63.67142857142857,16.97142857142857,877
12.585714285714284,6.1000000000000005,9.114285714285714,12.214285714285714,4.3,7.6571428571428575,77.04285714285713,0.0028571428571428,14.285714285714286,0.5957142857142858,0.0,23.057142857142857,226.22857142857143,1023.7,75.22857142857143,12.757142857142856,1102
17.914285714285715,10.757142857142856,14.4,17.914285714285715,9.742857142857142,14.2,79.84285714285714,1.7,85.71428571428571,5.951428571428571,0.0,17.4,260.5,1011.6,73.32857142857142,22.014285714285712,899
20.1,13.428571428571429,16.4,20.1,13.428571428571429,16.4,81.62857142857142,7.101571428571428,85.71428571428571,14.881428571428572,0.0,27.514285714285712,188.12857142857143,1005.7571428571428,61.12857142857143,8.928571428571429,876
9.785714285714286,1.9,6.028571428571429,8.9,-1.957142857142857,3.2285714285714286,84.88571428571429,0.509,57.142857142857146,4.1657142857142855,0.0,34.55714285714286,197.8,1001.8285714285714,69.27142857142857,10.885714285714286,1079
13.257142857142856,6.228571428571429,9.6,13.257142857142856,3.614285714285714,8.342857142857143,87.61428571428571,1.4245714285714286,28.571428571428573,3.571428571428572,0.0,28.857142857142858,193.77142857142857,1012.9714285714286,49.92857142857143,10.44285714285714,1133
12.314285714285717,2.571428571428572,7.3,11.885714285714286,-0.1857142857142857,5.185714285714285,76.14285714285714,0.1648571428571428,57.142857142857146,2.9771428571428573,0.0,28.957142857142856,191.82857142857145,1025.2714285714285,28.7,9.8,1152
16.428571428571427,7.714285714285714,12.37142857142857,16.428571428571427,7.414285714285714,12.228571428571428,91.3,5.376,71.42857142857143,16.667142857142856,0.0,15.9,161.9714285714286,1011.7428571428572,54.12857142857143,7.528571428571429,1087
10.8,4.785714285714286,7.714285714285714,10.214285714285714,3.6,6.9,81.07142857142857,0.7074285714285714,42.85714285714285,2.975714285714285,0.0,14.585714285714284,205.48571428571427,1024.5,79.24285714285715,9.514285714285714,1083
6.071428571428571,1.9,4.057142857142857,3.357142857142857,-1.1714285714285713,1.1857142857142855,89.48571428571428,0.2234285714285714,71.42857142857143,3.5728571428571425,0.0,19.24285714285714,153.85714285714286,1016.0285714285714,80.37142857142858,7.128571428571428,1119
17.385714285714286,12.242857142857144,14.685714285714283,17.385714285714286,12.014285714285714,14.671428571428573,78.04285714285713,0.0722857142857142,57.142857142857146,2.382857142857143,0.0,27.814285714285717,31.0,1024.3,67.1,13.7,908
4.871428571428572,2.242857142857143,3.442857142857143,1.9285714285714288,-2.7,-0.6571428571428573,87.81428571428572,0.2151428571428571,57.142857142857146,2.9771428571428573,0.0,31.5,130.84285714285713,1015.6714285714286,92.62857142857142,6.085714285714286,1135
8.214285714285714,5.985714285714286,7.214285714285714,7.171428571428572,2.971428571428571,5.328571428571428,81.67142857142858,0.0,0.0,0.0,0.0,20.97142857142857,250.94285714285712,1030.8714285714286,91.81428571428572,12.614285714285714,1309
8.428571428571429,1.5714285714285714,4.957142857142857,5.6571428571428575,-2.8428571428571425,1.3000000000000005,82.65714285714286,1.2911428571428571,85.71428571428571,13.094285714285714,0.0,29.285714285714285,240.6,1004.2285714285716,39.285714285714285,9.585714285714284,1212
11.928571428571429,5.371428571428572,8.557142857142857,11.485714285714286,3.128571428571429,7.285714285714286,84.28571428571429,0.0748571428571428,71.42857142857143,3.5728571428571425,0.0,19.3,231.72857142857143,1024.742857142857,48.54285714285714,7.071428571428571,1200
14.985714285714286,10.085714285714284,12.342857142857143,14.985714285714286,9.142857142857142,12.185714285714283,83.60000000000001,3.4422857142857137,85.71428571428571,4.762857142857143,0.0,34.51428571428571,209.68571428571428,1006.842857142857,79.44285714285715,17.942857142857143,874
8.185714285714285,3.3857142857142857,5.728571428571429,5.028571428571429,-0.9857142857142858,2.085714285714286,83.60000000000001,1.0734285714285714,85.71428571428571,4.762857142857143,0.0,31.885714285714283,236.02857142857144,990.0428571428572,63.4,26.15714285714285,1046
16.014285714285712,6.2,11.214285714285714,16.014285714285712,4.5285714285714285,10.571428571428571,84.72857142857143,4.340285714285715,71.42857142857143,13.095714285714283,0.0,29.871428571428574,224.4,1014.3285714285714,44.885714285714286,16.8,938
16.685714285714287,8.128571428571428,12.214285714285714,16.685714285714287,7.185714285714285,11.985714285714286,80.02857142857144,0.0245714285714285,14.285714285714286,1.19,0.0,20.77142857142857,180.5142857142857,1025.6,57.885714285714286,13.714285714285714,954
17.942857142857143,9.128571428571428,13.1,17.942857142857143,8.585714285714285,13.014285714285714,76.45714285714287,0.0512857142857142,42.85714285714285,2.9771428571428573,0.0,16.228571428571428,94.41428571428573,1024.1285714285714,47.371428571428574,11.214285714285714,877
15.157142857142857,9.485714285714286,12.042857142857144,15.157142857142857,7.6571428571428575,11.414285714285716,85.05714285714285,0.4861428571428571,28.571428571428573,1.7857142857142858,0.0,23.428571428571427,168.85714285714286,1015.3571428571428,76.97142857142856,5.985714285714286,947
22.542857142857144,13.87142857142857,18.014285714285712,22.714285714285715,13.87142857142857,18.04285714285714,82.02857142857144,0.2192857142857142,57.142857142857146,2.382857142857143,0.0,17.62857142857143,98.15714285714286,1024.8857142857144,72.7,10.571428571428571,867
16.685714285714287,10.44285714285714,13.44285714285714,16.685714285714287,9.714285714285714,13.228571428571428,89.58571428571429,3.6287142857142856,85.71428571428571,19.642857142857142,0.0,26.642857142857142,185.8571428571429,1004.342857142857,37.971428571428575,11.014285714285716,1015
22.314285714285717,13.085714285714284,17.62857142857143,22.357142857142858,13.085714285714284,17.642857142857142,74.67142857142858,1.7075714285714287,57.142857142857146,4.1657142857142855,0.0,23.3,218.9142857142857,1016.3142857142856,55.89999999999999,16.32857142857143,951
17.571428571428573,9.94285714285714,13.94285714285714,17.571428571428573,8.77142857142857,13.77142857142857,75.22857142857143,0.1688571428571428,28.571428571428573,1.1914285714285715,0.0,32.77142857142857,187.77142857142857,1012.4571428571428,76.71428571428571,27.542857142857144,861
25.12857142857143,12.428571428571429,18.557142857142857,25.057142857142857,12.428571428571429,18.542857142857144,71.94285714285715,0.024,28.571428571428573,1.1914285714285715,0.0,17.271428571428572,104.41428571428573,1024.6285714285714,27.728571428571428,11.285714285714286,956
19.357142857142858,10.228571428571428,15.257142857142856,19.357142857142858,9.542857142857144,15.185714285714283,72.01428571428572,0.2418571428571428,42.85714285714285,2.975714285714285,0.0,24.285714285714285,271.75714285714287,1020.7285714285716,48.94285714285714,16.185714285714287,947
18.142857142857142,11.657142857142857,14.842857142857143,18.142857142857142,11.485714285714286,14.8,85.02857142857144,3.399285714285714,100.0,8.927142857142858,0.0,28.5,195.3571428571429,1007.1285714285714,75.75714285714285,16.957142857142856,914
7.614285714285714,4.871428571428572,6.457142857142857,4.385714285714285,1.342857142857143,3.042857142857143,83.07142857142857,1.0914285714285714,85.71428571428571,6.547142857142857,0.0,27.742857142857144,185.8428571428572,1008.4714285714286,72.98571428571428,15.142857142857142,997
13.714285714285714,7.457142857142857,10.685714285714283,13.714285714285714,6.0,10.114285714285714,86.28571428571429,1.7871428571428571,100.0,7.144285714285714,0.0,21.77142857142857,189.52857142857144,1014.0714285714286,72.3,14.242857142857144,934
1.1142857142857143,-3.0,-0.4428571428571428,-0.2142857142857143,-7.485714285714286,-3.542857142857143,85.14285714285714,0.4832857142857142,85.71428571428571,9.525714285714288,6.814285714285715,19.67142857142857,139.6,1036.5142857142855,76.72857142857143,8.428571428571429,1142
11.842857142857143,5.428571428571429,8.828571428571427,10.757142857142856,2.1142857142857143,6.471428571428571,81.34285714285714,2.942,71.42857142857143,16.071428571428573,0.0,25.942857142857143,184.62857142857143,1010.842857142857,58.57142857142857,8.714285714285714,1055
15.471428571428572,10.62857142857143,12.728571428571428,15.471428571428572,9.157142857142857,12.428571428571429,83.61428571428571,1.235,85.71428571428571,5.951428571428571,0.0,34.08571428571428,245.67142857142855,1000.4714285714286,80.21428571428571,13.457142857142856,887
20.542857142857144,11.55714285714286,16.1,20.542857142857144,10.828571428571427,15.985714285714286,75.55714285714285,2.299285714285714,100.0,5.3585714285714285,0.0,31.8,230.45714285714288,1010.1714285714286,38.58571428571429,9.928571428571429,899
19.842857142857145,12.671428571428573,15.885714285714286,19.842857142857145,12.671428571428573,15.885714285714286,77.42857142857143,3.697142857142857,100.0,28.57,0.0,27.54285714285714,205.3571428571429,1004.7428571428572,54.871428571428574,12.842857142857143,862
18.885714285714283,12.714285714285714,15.742857142857144,18.885714285714283,12.714285714285714,15.742857142857144,83.02857142857144,0.333,28.571428571428573,1.1914285714285715,0.0,19.514285714285712,214.87142857142857,1018.8714285714286,69.58571428571429,11.242857142857144,864
6.842857142857143,2.1142857142857143,4.242857142857143,5.757142857142857,0.3428571428571428,3.071428571428572,89.22857142857143,0.0555714285714285,57.142857142857146,3.571428571428572,0.0,12.62857142857143,162.41428571428574,1037.4,72.65714285714286,7.571428571428571,1235
22.014285714285712,14.114285714285716,17.87142857142857,22.071428571428573,13.814285714285717,17.87142857142857,75.3,0.2007142857142857,71.42857142857143,4.762857142857143,0.0,28.82857142857143,219.11428571428573,1017.4142857142856,57.142857142857146,11.842857142857143,910
23.32857142857143,15.714285714285714,18.942857142857143,23.32857142857143,15.714285714285714,18.942857142857143,75.5,0.0028571428571428,14.285714285714286,0.5957142857142858,0.0,21.085714285714285,118.9,1014.157142857143,58.34285714285714,13.4,902
18.557142857142857,11.114285714285714,14.685714285714283,18.557142857142857,11.114285714285714,14.685714285714283,80.12857142857142,3.1785714285714284,85.71428571428571,6.545714285714285,0.0,16.885714285714286,187.22857142857143,1007.9285714285714,59.32857142857143,14.571428571428571,936
8.871428571428572,2.3285714285714287,5.542857142857143,7.585714285714286,-0.2999999999999998,3.128571428571429,89.11428571428571,0.378,57.142857142857146,5.954285714285716,0.0,23.0,186.42857142857144,1021.2,58.85714285714285,6.571428571428571,1060
23.228571428571428,12.957142857142856,18.2,23.1,12.957142857142856,18.17142857142857,67.2,0.0,0.0,0.0,0.0,21.74285714285714,117.5,1023.9142857142856,28.342857142857145,22.15714285714285,928
16.285714285714285,10.714285714285714,13.714285714285714,16.285714285714285,9.071428571428571,13.142857142857142,85.45714285714287,1.1357142857142857,71.42857142857143,12.5,0.0,30.442857142857143,224.8,1012.8,47.01428571428572,11.271428571428572,1040
5.542857142857143,1.3285714285714287,3.314285714285714,2.271428571428572,-3.042857142857143,-0.5428571428571428,82.12857142857142,0.6934285714285714,85.71428571428571,10.12,0.0,27.65714285714285,77.77142857142857,1014.3714285714286,74.35714285714286,8.942857142857143,1171
12.985714285714286,8.085714285714285,10.785714285714286,12.985714285714286,7.7,10.6,93.71428571428572,0.3181428571428571,57.142857142857146,4.1657142857142855,0.0,15.885714285714286,127.4,1008.842857142857,75.27142857142857,5.385714285714286,1034
2.742857142857143,-0.3571428571428571,1.1999999999999995,-0.5714285714285714,-4.928571428571429,-2.8714285714285714,81.15714285714286,0.1687142857142857,28.571428571428573,1.7857142857142858,1.1666666666666667,26.485714285714288,101.32857142857142,1020.6142857142858,87.47142857142856,5.0,1154
8.3,4.214285714285714,6.342857142857143,7.0,1.5285714285714285,4.414285714285714,79.32857142857142,0.0,0.0,0.0,0.0,23.085714285714285,263.2857142857143,1032.6714285714286,85.64285714285714,11.585714285714284,1234
17.685714285714287,11.857142857142858,14.485714285714286,17.685714285714287,11.571428571428571,14.471428571428572,85.85714285714286,0.6662857142857144,71.42857142857143,5.952857142857143,0.0,15.014285714285714,42.35714285714285,1017.1285714285714,67.55714285714285,7.928571428571429,933
12.37142857142857,6.142857142857143,8.885714285714286,11.9,1.7571428571428571,6.2,82.57142857142857,2.385714285714286,85.71428571428571,19.045714285714286,0.0,41.371428571428574,238.77142857142852,999.2857142857144,51.471428571428575,12.414285714285716,1115
17.442857142857143,10.271428571428572,13.728571428571428,17.442857142857143,9.685714285714283,13.642857142857142,79.25714285714285,0.8661428571428571,85.71428571428571,11.308571428571428,0.0,25.02857142857143,272.22857142857146,1018.2571428571428,57.9,10.142857142857142,980
22.0,14.185714285714283,17.87142857142857,22.0,14.185714285714283,17.87142857142857,81.24285714285715,0.0421428571428571,14.285714285714286,0.5957142857142858,0.0,20.928571428571427,80.8,1020.6285714285714,49.07142857142857,11.271428571428572,870
8.085714285714285,3.0,5.857142857142857,6.057142857142857,-0.0857142857142855,3.457142857142857,81.97142857142856,0.0,0.0,0.0,0.0,25.3,220.5142857142857,1013.8142857142856,81.87142857142858,16.04285714285714,1153
6.914285714285714,3.485714285714286,5.3,4.757142857142857,0.9142857142857144,2.8714285714285714,85.72857142857143,0.5972857142857143,85.71428571428571,6.547142857142857,0.0,21.32857142857143,256.9428571428572,1028.1285714285714,73.35714285714286,13.157142857142857,1011
16.842857142857145,10.885714285714286,13.585714285714284,16.842857142857145,10.114285714285714,13.44285714285714,77.21428571428571,1.6035714285714289,85.71428571428571,5.952857142857143,0.0,34.77142857142857,266.4857142857143,1011.5571428571428,67.44285714285715,18.342857142857145,919
7.957142857142857,2.4857142857142853,5.257142857142857,6.214285714285714,-0.6571428571428573,2.6142857142857143,84.0,0.4075714285714285,85.71428571428571,4.762857142857143,0.0,22.457142857142856,235.05714285714288,1022.6428571428572,78.31428571428572,13.414285714285716,1271
6.414285714285714,1.4428571428571426,4.085714285714286,4.614285714285714,-3.5142857142857147,0.5285714285714287,85.52857142857144,0.0,0.0,0.0,4.6000000000000005,28.8,144.0857142857143,1011.3142857142856,84.88571428571429,13.357142857142858,1147
14.142857142857142,10.614285714285714,12.142857142857142,14.142857142857142,9.7,11.971428571428572,85.14285714285714,0.3514285714285714,57.142857142857146,6.548571428571429,0.0,20.785714285714285,123.11428571428571,1018.6,69.74285714285715,9.928571428571429,994
13.44285714285714,7.242857142857143,10.37142857142857,13.44285714285714,6.028571428571429,9.87142857142857,82.81428571428572,1.3179999999999998,71.42857142857143,5.95,0.0,19.642857142857142,130.97142857142856,1013.4857142857144,77.45714285714287,21.75714285714286,971
13.471428571428572,6.428571428571429,9.785714285714286,13.471428571428572,4.128571428571428,8.585714285714285,87.21428571428571,2.805428571428572,85.71428571428571,6.547142857142857,0.0,24.414285714285715,250.54285714285717,996.4714285714286,66.72857142857143,10.785714285714286,967
20.385714285714283,10.085714285714284,15.485714285714286,20.385714285714283,9.971428571428572,15.44285714285714,74.2,0.3097142857142857,42.85714285714285,2.381428571428572,0.0,19.32857142857143,248.97142857142856,1017.7714285714284,56.25714285714286,19.1,856
13.7,8.128571428571428,10.985714285714286,13.05714285714286,6.814285714285715,10.114285714285714,81.7,2.3405714285714287,100.0,17.85857142857143,0.0,24.52857142857143,151.58571428571426,1011.4714285714286,60.44285714285714,9.671428571428573,982
4.414285714285714,0.1285714285714285,2.3714285714285714,-0.3142857142857142,-5.171428571428571,-2.814285714285714,81.37142857142858,0.7562857142857142,57.142857142857146,2.9771428571428573,2.3,38.58571428571429,247.44285714285712,1011.0428571428572,66.74285714285715,19.571428571428573,1129
18.728571428571428,9.514285714285714,13.714285714285714,18.728571428571428,7.585714285714286,13.099999999999998,70.81428571428572,0.0959999999999999,57.142857142857146,4.167142857142857,0.0,23.214285714285715,148.5142857142857,1019.1,43.85714285714285,10.1,937
13.7,3.4285714285714284,7.985714285714286,12.914285714285716,1.8142857142857145,6.542857142857143,84.08571428571429,0.0254285714285714,42.85714285714285,1.7871428571428571,0.0,22.514285714285712,147.87142857142857,1028.6,26.585714285714285,6.914285714285714,992
12.257142857142856,5.9,9.157142857142857,12.042857142857144,3.6,7.842857142857143,82.07142857142857,0.5865714285714286,100.0,4.764285714285714,0.0,23.67142857142857,254.3,1017.0285714285714,60.885714285714286,15.914285714285716,990
10.585714285714284,6.142857142857143,8.342857142857143,9.514285714285714,3.4714285714285715,6.357142857142857,91.15714285714286,0.1367142857142857,57.142857142857146,2.382857142857143,0.0,23.17142857142857,243.07142857142856,1026.3428571428572,68.75714285714285,9.657142857142857,1266
7.885714285714286,3.2285714285714286,5.785714285714286,4.9,-0.4142857142857142,2.2285714285714286,81.08571428571429,0.767,57.142857142857146,2.9771428571428573,0.0,33.128571428571426,210.17142857142855,1008.1857142857144,74.77142857142857,12.585714285714284,1002
8.214285714285714,1.4142857142857144,4.942857142857143,6.028571428571429,-1.8142857142857145,2.0142857142857142,90.54285714285712,2.811857142857143,100.0,26.19,0.0,25.65714285714285,212.12857142857143,1007.2571428571428,66.4,9.014285714285714,1139
17.67142857142857,9.0,13.142857142857142,17.67142857142857,7.885714285714286,13.0,80.57142857142857,1.7877142857142856,57.142857142857146,5.357142857142857,0.0,25.11428571428572,192.3428571428572,1013.842857142857,71.11428571428571,11.514285714285714,988
22.414285714285715,13.071428571428571,17.285714285714285,22.414285714285715,12.228571428571428,17.228571428571428,73.24285714285715,1.6441428571428571,42.85714285714285,10.715714285714286,0.0,33.957142857142856,215.8857142857143,1011.6714285714286,46.57142857142857,9.714285714285714,998
25.928571428571427,15.385714285714286,20.65714285714285,26.12857142857143,15.385714285714286,20.67142857142857,73.7,0.8460000000000001,85.71428571428571,7.144285714285714,0.0,23.1,118.65714285714286,1014.157142857143,34.08571428571429,9.957142857142856,891
19.785714285714285,13.0,16.214285714285715,19.785714285714285,13.0,16.214285714285715,74.82857142857142,0.7115714285714285,57.142857142857146,3.571428571428572,0.0,17.17142857142857,205.2,1011.3285714285714,79.98571428571428,18.67142857142857,936
22.057142857142857,13.3,18.1,22.085714285714285,13.3,18.114285714285717,77.35714285714286,0.0,0.0,0.0,0.0,18.15714285714285,239.9142857142857,1019.7571428571428,67.85714285714286,11.728571428571428,937
19.985714285714288,12.914285714285716,16.228571428571428,19.985714285714288,12.914285714285716,16.228571428571428,78.8,1.362142857142857,71.42857142857143,11.311428571428571,0.0,28.685714285714287,220.55714285714288,1006.6714285714286,47.142857142857146,14.4,891
10.985714285714286,5.842857142857143,8.571428571428571,10.4,3.0,6.914285714285714,83.55714285714285,0.6574285714285714,42.85714285714285,8.334285714285715,0.0,33.142857142857146,201.3142857142857,1014.157142857143,66.92857142857143,10.757142857142856,989
8.985714285714286,3.985714285714285,6.142857142857143,6.628571428571428,1.2714285714285716,3.457142857142857,84.55714285714285,0.4872857142857142,14.285714285714286,6.547142857142857,0.0,21.428571428571427,124.62857142857142,1028.6142857142856,73.75714285714285,6.3,1095
10.928571428571429,6.1571428571428575,8.4,10.071428571428571,4.7,7.257142857142857,85.81428571428572,0.0474285714285714,57.142857142857146,2.382857142857143,0.0,18.8,172.6,1023.4,43.7,11.357142857142858,993
21.11428571428572,11.742857142857144,16.47142857142857,21.11428571428572,11.214285714285714,16.4,71.47142857142856,1.0744285714285713,57.142857142857146,8.928571428571429,0.0,23.228571428571428,244.77142857142857,1017.5428571428572,34.75714285714286,10.828571428571427,886
8.242857142857144,0.6142857142857144,4.171428571428572,6.542857142857144,-1.3714285714285714,2.4285714285714284,84.64285714285714,0.3457142857142857,71.42857142857143,5.952857142857143,0.0,16.6,127.97142857142856,1010.0,42.91428571428571,5.685714285714285,1223
20.757142857142856,12.414285714285716,16.37142857142857,20.757142857142856,12.157142857142857,16.32857142857143,82.42857142857143,1.3562857142857143,71.42857142857143,8.928571428571429,0.0,25.12857142857143,255.32857142857145,1014.5285714285714,54.51428571428572,10.085714285714284,960
17.47142857142857,10.485714285714286,13.62857142857143,17.47142857142857,9.94285714285714,13.542857142857144,76.75714285714285,0.3231428571428571,42.85714285714285,2.381428571428572,0.0,15.257142857142856,207.28571428571428,1022.5571428571428,83.02857142857144,17.3,928
15.37142857142857,8.542857142857143,12.05714285714286,15.37142857142857,7.471428571428571,11.685714285714283,85.77142857142857,1.125,85.71428571428571,8.930000000000001,0.0,22.15714285714285,235.3428571428572,1014.9714285714286,71.74285714285715,9.085714285714284,981
16.02857142857143,11.028571428571428,13.171428571428573,16.02857142857143,11.028571428571428,13.171428571428573,82.27142857142857,3.096142857142857,85.71428571428571,5.357142857142857,0.0,20.24285714285714,122.9,1002.0571428571428,84.8,18.47142857142857,938
15.485714285714286,8.471428571428572,11.928571428571429,15.485714285714286,6.857142857142857,11.471428571428572,78.24285714285715,0.6685714285714285,71.42857142857143,2.9785714285714286,0.0,23.714285714285715,250.17142857142855,1012.1428571428572,75.31428571428572,21.428571428571427,1002
17.128571428571426,10.5,13.757142857142856,17.128571428571426,10.114285714285714,13.585714285714284,83.54285714285713,0.8015714285714287,42.85714285714285,2.381428571428572,0.0,28.885714285714283,177.02857142857144,1003.7571428571428,67.85714285714286,18.042857142857144,896
9.885714285714286,6.457142857142857,8.014285714285714,9.185714285714283,3.928571428571429,6.514285714285714,86.89999999999999,0.8062857142857143,100.0,6.547142857142857,0.0,18.057142857142857,325.45714285714286,1026.314285714286,79.28571428571429,17.485714285714288,950
4.6571428571428575,0.5428571428571428,2.6,1.9,-3.2142857142857144,-0.9714285714285712,91.38571428571429,2.4572857142857143,100.0,20.237142857142857,1.3285714285714287,26.2,99.52857142857144,1018.9571428571428,64.42857142857143,10.1,1035
20.17142857142857,12.714285714285714,16.17142857142857,20.17142857142857,12.55714285714286,16.17142857142857,83.77142857142857,4.185714285714286,100.0,13.69,0.0,18.857142857142858,253.64285714285717,1011.5714285714286,56.85714285714285,10.014285714285714,842
11.342857142857143,4.985714285714286,8.285714285714286,10.585714285714284,2.6714285714285717,6.442857142857143,70.38571428571429,1.6941428571428572,57.142857142857146,4.1657142857142855,0.0,23.15714285714285,194.3,1012.157142857143,74.08571428571429,19.27142857142857,975
10.357142857142858,5.785714285714286,8.171428571428573,9.55714285714286,2.814285714285714,5.957142857142857,88.72857142857143,0.2947142857142857,57.142857142857146,2.9771428571428573,0.0,25.842857142857145,183.2428571428572,1015.2285714285716,69.45714285714286,11.928571428571429,995
8.27142857142857,2.7,5.942857142857143,5.3,-2.7857142857142856,1.6285714285714286,79.62857142857142,0.7544285714285713,57.142857142857146,3.571428571428572,0.0,48.34285714285714,248.4,1000.2285714285716,69.05714285714285,20.314285714285717,1211
7.428571428571429,0.8571428571428571,4.128571428571429,5.2,-2.557142857142857,1.1714285714285713,91.31428571428572,6.644142857142858,100.0,17.857142857142858,1.1285714285714286,21.52857142857143,175.70000000000002,993.2142857142856,57.0,7.028571428571429,1500
6.457142857142857,0.2857142857142856,3.1142857142857143,4.085714285714286,-3.814285714285714,-0.4285714285714285,76.62857142857142,0.4201428571428572,71.42857142857143,4.167142857142857,3.0,30.285714285714285,256.22857142857146,1009.8571428571428,59.271428571428565,11.542857142857144,1064
7.057142857142857,2.814285714285714,5.1571428571428575,5.1000000000000005,-0.0428571428571427,2.942857142857143,84.84285714285714,0.1067142857142857,42.85714285714285,1.7871428571428571,0.0,20.25714285714286,282.81428571428575,1024.9142857142856,80.61428571428571,10.257142857142856,1136
11.328571428571427,3.0142857142857147,7.071428571428571,10.385714285714286,0.3428571428571429,5.328571428571428,82.45714285714287,0.0321428571428571,28.571428571428573,1.1914285714285715,0.0,19.82857142857143,165.78571428571428,1029.2857142857142,47.285714285714285,12.171428571428573,928
8.428571428571429,3.271428571428572,6.128571428571428,6.8,1.0857142857142856,3.871428571428571,85.31428571428572,1.1074285714285714,71.42857142857143,10.714285714285714,0.0,23.814285714285717,79.65714285714286,1019.7285714285716,55.271428571428565,7.814285714285715,1048
10.214285714285714,5.7,8.3,9.342857142857143,3.228571428571428,6.728571428571429,95.71428571428572,2.173714285714285,100.0,12.5,0.0,17.985714285714288,195.8571428571429,1021.2,64.2,6.871428571428572,1243
8.042857142857143,3.085714285714286,5.4,5.285714285714286,0.1857142857142857,2.3285714285714287,78.48571428571428,1.5591428571428572,85.71428571428571,4.168571428571428,0.0,24.514285714285712,58.65714285714285,1015.342857142857,84.10000000000001,17.45714285714286,1005
19.714285714285715,8.828571428571427,14.12857142857143,19.714285714285715,8.028571428571428,13.957142857142856,71.61428571428571,0.0,0.0,0.0,0.0,19.885714285714283,137.22857142857143,1030.357142857143,23.8,13.5,1024
6.642857142857143,2.442857142857143,4.6000000000000005,4.142857142857143,-1.3428571428571427,1.2714285714285711,79.72857142857143,0.8814285714285715,71.42857142857143,4.167142857142857,1.0,25.914285714285715,187.18571428571428,1012.7428571428572,78.34285714285714,16.371428571428574,1099
7.771428571428571,3.914285714285714,6.0,5.971428571428571,0.5428571428571429,3.4285714285714284,93.91428571428573,0.9227142857142858,42.85714285714285,2.381428571428572,0.0,23.557142857142857,222.22857142857143,1017.3142857142856,79.18571428571428,7.042857142857143,1070
18.942857142857143,11.55714285714286,14.928571428571429,18.942857142857143,11.157142857142857,14.900000000000002,80.14285714285714,0.6191428571428572,57.142857142857146,11.31,0.0,22.814285714285717,175.14285714285714,1012.1857142857144,35.4,8.471428571428572,965
16.67142857142857,8.1,12.671428571428573,16.67142857142857,7.428571428571429,12.385714285714286,65.27142857142857,0.1225714285714285,14.285714285714286,0.5957142857142858,0.0,18.4,150.82857142857142,1016.8571428571428,66.64285714285714,27.37142857142857,985
1.1285714285714286,-4.242857142857143,-1.2428571428571429,-1.7142857142857142,-7.714285714285714,-4.828571428571428,83.22857142857143,0.2055714285714285,57.142857142857146,2.9771428571428573,0.6571428571428571,21.6,73.78571428571429,1004.1714285714286,57.614285714285714,10.37142857142857,1197
7.671428571428572,3.5,5.2,4.971428571428572,-0.2999999999999999,1.914285714285714,80.7,0.4652857142857143,42.85714285714285,3.571428571428572,0.0,26.714285714285715,294.24285714285713,1021.0714285714286,73.65714285714286,9.142857142857142,1113
19.1,14.7,16.914285714285715,19.1,14.7,16.914285714285715,80.28571428571429,0.5387142857142857,57.142857142857146,2.382857142857143,0.0,24.314285714285717,84.0,1016.7285714285716,76.3,23.157142857142865,848
15.0,8.528571428571428,11.7,15.0,7.085714285714286,11.185714285714283,75.87142857142858,1.2435714285714283,71.42857142857143,3.5728571428571425,0.0,20.7,283.4428571428572,1015.9571428571428,55.74285714285714,21.7,932
8.4,2.0571428571428574,5.0,6.785714285714286,-0.0714285714285714,2.7,91.51428571428572,0.5811428571428572,100.0,7.144285714285714,0.0,19.142857142857142,209.0,1005.4857142857144,47.471428571428575,8.471428571428572,1101
14.0,7.285714285714286,10.885714285714286,14.0,5.957142857142857,10.471428571428572,94.47142857142856,1.8372857142857144,85.71428571428571,16.071428571428573,0.0,21.2,173.42857142857142,1015.0571428571428,47.771428571428565,8.014285714285714,1042
18.914285714285715,10.071428571428571,14.328571428571427,18.914285714285715,8.628571428571428,13.985714285714286,82.77142857142857,2.0707142857142857,57.142857142857146,2.9771428571428573,0.0,30.5,201.3428571428572,1007.657142857143,57.48571428571428,10.87142857142857,898
24.542857142857144,13.685714285714289,19.17142857142857,24.642857142857142,13.685714285714289,19.185714285714287,75.42857142857143,0.2618571428571428,14.285714285714286,1.19,0.0,25.257142857142856,156.74285714285716,1014.9714285714286,32.34285714285714,11.842857142857143,987
9.7,1.342857142857143,5.742857142857142,8.214285714285714,-2.0285714285714285,3.314285714285714,86.5,1.9364285714285716,100.0,13.095714285714283,0.0,25.24285714285714,191.2,1010.0142857142856,32.857142857142854,16.685714285714287,1020
21.557142857142857,14.77142857142857,17.7,21.557142857142857,14.77142857142857,17.7,79.45714285714287,0.5207142857142857,42.85714285714285,4.762857142857143,0.0,23.228571428571428,236.08571428571423,1015.6285714285714,68.71428571428571,11.87142857142857,883
12.957142857142856,5.671428571428572,9.157142857142858,12.957142857142856,2.942857142857143,7.585714285714286,83.72857142857143,3.233714285714285,100.0,8.334285714285715,0.0,30.25714285714286,204.55714285714288,1000.3285714285714,56.21428571428572,13.642857142857142,1039
8.0,2.7142857142857144,5.328571428571428,6.757142857142857,-0.7,2.728571428571428,86.41428571428571,0.3627142857142857,42.85714285714285,2.975714285714285,0.0,24.47142857142857,222.92857142857144,1005.5857142857144,78.92857142857143,10.37142857142857,1056
8.871428571428572,3.642857142857143,6.014285714285714,6.785714285714286,0.9571428571428572,3.6142857142857134,86.12857142857142,2.101142857142857,42.85714285714285,2.975714285714285,0.0,28.214285714285715,249.9857142857143,1013.4428571428572,65.3,13.114285714285714,1042
20.65714285714285,11.44285714285714,15.842857142857143,20.65714285714285,11.44285714285714,15.842857142857143,75.74285714285715,0.024,28.571428571428573,1.1914285714285715,0.0,17.97142857142857,43.91428571428571,1029.0,45.971428571428575,11.457142857142856,839
17.97142857142857,10.085714285714284,14.114285714285714,17.97142857142857,8.942857142857143,13.842857142857143,70.47142857142858,0.1764285714285714,28.571428571428573,1.7857142857142858,0.0,28.728571428571428,200.58571428571423,1020.7571428571428,65.07142857142857,28.8,942
10.857142857142858,1.5857142857142856,5.742857142857143,9.457142857142856,-0.3428571428571429,3.914285714285714,81.37142857142858,0.7978571428571428,42.85714285714285,2.381428571428572,0.0,16.5,160.55714285714288,1028.4,54.971428571428575,8.742857142857144,1069
15.442857142857145,8.242857142857144,11.685714285714283,15.442857142857145,6.442857142857143,10.94285714285714,70.95714285714286,0.0,0.0,0.0,0.0,23.47142857142857,252.18571428571428,1022.5857142857142,61.04285714285714,14.099999999999998,1023
21.485714285714288,11.728571428571428,16.642857142857142,21.485714285714288,11.728571428571428,16.642857142857142,74.12857142857142,0.0221428571428571,14.285714285714286,0.5957142857142858,0.0,23.057142857142857,222.18571428571428,1021.657142857143,51.31428571428571,16.185714285714287,894
17.428571428571427,10.142857142857142,13.928571428571429,17.428571428571427,10.028571428571428,13.885714285714286,78.3,0.8458571428571429,57.142857142857146,11.904285714285717,0.0,20.071428571428573,209.07142857142856,1018.3,60.05714285714286,8.885714285714286,973
21.885714285714283,13.314285714285717,17.657142857142855,21.885714285714283,13.314285714285717,17.657142857142855,82.85714285714286,2.647142857142857,57.142857142857146,4.167142857142857,0.0,19.9,184.90000000000003,1015.1428571428572,63.271428571428565,11.05714285714286,925
9.471428571428572,5.971428571428571,7.642857142857143,8.657142857142857,2.485714285714286,5.742857142857143,88.8,2.193142857142857,85.71428571428571,4.762857142857143,0.0,29.857142857142858,181.4142857142857,996.1,79.91428571428571,9.142857142857142,971
14.685714285714283,7.514285714285714,11.171428571428573,14.685714285714283,6.1571428571428575,10.642857142857142,72.28571428571429,0.0774285714285714,14.285714285714286,1.19,0.0,20.457142857142856,140.22857142857143,1019.2428571428572,59.55714285714286,36.85714285714285,914
19.928571428571427,11.328571428571427,15.2,19.928571428571427,11.328571428571427,15.2,73.0,0.0204285714285714,14.285714285714286,0.5957142857142858,7.0,20.67142857142857,108.71428571428572,1020.1428571428572,55.31428571428571,11.285714285714286,921
4.985714285714286,0.8428571428571429,3.085714285714286,2.8428571428571425,-2.5,0.0142857142857143,91.17142857142858,0.9767142857142856,85.71428571428571,8.930000000000001,0.0,20.285714285714285,235.92857142857144,1011.1,63.67142857142857,8.785714285714286,1265
20.6,12.228571428571428,16.614285714285717,20.6,12.228571428571428,16.614285714285717,77.54285714285713,1.1611428571428573,14.285714285714286,0.5957142857142858,0.0,20.9,88.22857142857143,1024.9571428571428,52.62857142857143,18.085714285714285,924
21.642857142857142,13.44285714285714,17.342857142857145,21.642857142857142,13.44285714285714,17.342857142857145,82.0,1.0972857142857142,71.42857142857143,10.715714285714286,0.0,18.3,136.22857142857143,1017.2857142857144,38.57142857142857,7.814285714285715,848
17.142857142857142,9.142857142857142,12.885714285714286,17.142857142857142,7.785714285714286,12.528571428571428,85.17142857142858,1.5638571428571428,71.42857142857143,11.904285714285717,0.0,19.65714285714285,262.7857142857143,1014.4857142857144,39.771428571428565,9.542857142857144,968
11.314285714285717,5.285714285714286,8.27142857142857,10.55714285714286,3.3857142857142857,6.757142857142857,77.54285714285713,0.1174285714285714,28.571428571428573,1.7857142857142858,0.0,19.985714285714288,84.78571428571429,1007.4857142857144,75.72857142857143,15.314285714285717,925
12.257142857142856,5.242857142857143,8.528571428571428,12.042857142857144,2.685714285714286,6.771428571428571,82.55714285714285,1.441,85.71428571428571,11.904285714285717,0.0,24.942857142857143,202.58571428571423,1006.7571428571428,56.07142857142857,8.657142857142857,1135
18.5,11.528571428571428,14.785714285714286,18.5,11.05714285714286,14.62857142857143,86.87142857142858,1.875714285714286,85.71428571428571,8.928571428571429,0.0,21.342857142857145,181.04285714285717,1016.5285714285716,57.0,8.914285714285715,983
9.0,1.5714285714285714,5.542857142857143,7.128571428571428,-1.7571428571428571,2.7142857142857144,79.02857142857144,1.225142857142857,42.85714285714285,7.738571428571428,0.0,25.27142857142857,270.7,1014.9571428571428,47.285714285714285,10.042857142857144,1122
9.071428571428571,3.685714285714286,6.385714285714286,6.6571428571428575,-0.3857142857142857,2.8714285714285714,83.12857142857142,0.8125714285714285,71.42857142857143,2.9785714285714286,0.0,35.45714285714286,202.8857142857143,1005.842857142857,55.1,15.87142857142857,983
14.885714285714286,6.571428571428571,10.62857142857143,14.885714285714286,5.114285714285714,10.114285714285714,74.62857142857142,0.0,0.0,0.0,0.0,19.3,165.95714285714286,1013.3571428571428,54.05714285714286,11.042857142857144,1045
5.428571428571429,2.142857142857143,3.685714285714286,4.157142857142857,-1.042857142857143,1.042857142857143,90.1,0.6705714285714286,100.0,14.285714285714286,0.0428571428571428,20.571428571428573,96.65714285714286,1015.8285714285714,64.6,6.942857142857143,1291
8.857142857142858,3.5,6.271428571428571,6.957142857142856,0.7,3.9,86.31428571428572,0.4077142857142857,85.71428571428571,5.357142857142857,0.0,19.928571428571427,215.25714285714284,1009.8,64.72857142857143,14.2,1135
18.4,12.185714285714283,15.071428571428571,18.4,12.185714285714283,15.071428571428571,81.54285714285713,4.236,100.0,23.81,0.0,22.685714285714287,209.28571428571428,1003.2714285714286,61.285714285714285,12.0,919
6.957142857142857,0.6428571428571429,3.7571428571428567,5.542857142857143,-2.128571428571429,1.5142857142857142,91.82857142857142,0.4104285714285714,85.71428571428571,4.762857142857143,0.0,22.785714285714285,188.4857142857143,1016.6857142857142,61.1,10.285714285714286,1049
19.77142857142857,8.714285714285714,13.9,19.62857142857143,7.428571428571429,13.528571428571428,69.28571428571429,0.2407142857142857,57.142857142857146,5.3585714285714285,0.0,19.985714285714288,179.3714285714286,1016.3142857142856,41.65714285714286,15.114285714285714,929
9.271428571428572,3.0,6.4,7.057142857142857,-1.1,2.8714285714285714,84.72857142857143,2.145285714285714,100.0,17.26142857142857,0.0,35.51428571428571,225.8428571428572,998.5,43.48571428571428,9.857142857142858,1212
1.3285714285714283,-2.4714285714285715,-0.6142857142857142,-1.7857142857142858,-7.671428571428572,-5.114285714285714,75.58571428571429,0.2271428571428571,57.142857142857146,2.9771428571428573,1.6666666666666667,27.085714285714285,110.12857142857142,1020.8857142857142,59.68571428571428,17.428571428571427,1684
8.585714285714285,3.2857142857142856,5.9,6.357142857142857,-1.3142857142857145,2.042857142857143,81.55714285714285,3.134714285714286,71.42857142857143,9.524285714285714,0.0,34.57142857142857,239.44285714285712,1019.5285714285714,43.71428571428572,11.6,1045
9.55714285714286,5.785714285714286,7.785714285714286,8.414285714285715,2.8857142857142857,5.828571428571428,92.52857142857144,0.0052857142857142,14.285714285714286,0.5957142857142858,0.0,19.142857142857142,197.27142857142857,1017.8285714285714,82.58571428571429,4.485714285714286,1081
17.82857142857143,11.342857142857143,14.114285714285714,17.82857142857143,10.685714285714283,13.914285714285716,79.0,1.2037142857142855,71.42857142857143,3.5728571428571425,0.0,21.957142857142856,235.04285714285717,1007.842857142857,75.0,19.428571428571427,933
18.32857142857143,13.085714285714284,15.928571428571429,18.32857142857143,13.085714285714284,15.928571428571429,82.77142857142857,0.0,0.0,0.0,0.0,23.442857142857143,116.3142857142857,1023.157142857143,74.34285714285714,16.3,849
9.714285714285714,3.442857142857143,6.585714285714286,8.214285714285714,0.8285714285714285,4.557142857142857,71.94285714285714,0.7672857142857143,71.42857142857143,3.5728571428571425,0.0,18.47142857142857,247.4142857142857,1022.9142857142856,59.02857142857143,22.52857142857143,1056
16.242857142857144,11.285714285714286,13.814285714285717,16.242857142857144,10.87142857142857,13.771428571428572,92.95714285714288,4.327857142857143,100.0,11.904285714285717,0.0,26.0,171.20000000000002,1008.6857142857144,67.08571428571429,8.514285714285714,950
18.542857142857144,10.44285714285714,14.55714285714286,18.542857142857144,10.285714285714286,14.542857142857144,81.15714285714286,4.891571428571429,85.71428571428571,7.141428571428572,0.0,28.12857142857143,191.82857142857145,1013.4428571428572,54.871428571428574,15.271428571428572,1000
19.15714285714285,12.228571428571428,15.771428571428572,19.15714285714285,11.728571428571428,15.757142857142856,76.87142857142858,2.067428571428571,85.71428571428571,17.262857142857143,0.0,25.542857142857144,252.04285714285717,1011.7571428571428,54.42857142857143,11.385714285714286,876
23.77142857142857,14.285714285714286,18.885714285714283,23.6,14.071428571428571,18.842857142857145,65.28571428571429,1.1187142857142858,57.142857142857146,5.357142857142857,0.0,23.75714285714286,230.95714285714288,1015.342857142857,47.62857142857143,15.657142857142858,939
19.5,12.271428571428572,15.614285714285714,19.5,12.271428571428572,15.614285714285714,86.05714285714285,0.3082857142857143,42.85714285714285,1.7871428571428571,0.0,16.742857142857144,144.67142857142858,1018.0571428571428,69.71428571428571,8.12857142857143,869
12.471428571428572,3.314285714285714,8.028571428571428,12.0,1.3571428571428572,6.828571428571428,73.04285714285714,0.3752857142857143,85.71428571428571,7.738571428571428,0.0,19.857142857142858,214.42857142857144,1015.0142857142856,56.771428571428565,14.94285714285714,1009
9.257142857142856,3.042857142857143,6.614285714285714,7.1571428571428575,-0.3142857142857143,3.8285714285714287,89.65714285714286,3.3055714285714286,85.71428571428571,22.62,0.0,31.371428571428574,218.3571428571429,1006.0285714285714,57.25714285714286,11.357142857142858,1218
21.785714285714285,14.014285714285714,17.985714285714288,21.785714285714285,14.014285714285714,17.985714285714288,63.02857142857143,0.1401428571428571,42.85714285714285,1.7871428571428571,0.0,17.985714285714284,265.9,1014.7571428571428,70.61428571428571,23.74285714285714,922
13.828571428571427,7.542857142857143,10.657142857142857,13.828571428571427,5.828571428571428,9.785714285714286,75.58571428571429,0.1497142857142857,42.85714285714285,1.7871428571428571,0.0,20.014285714285712,180.27142857142852,1024.1714285714286,69.24285714285715,24.47142857142857,937
23.857142857142858,15.071428571428571,19.571428571428573,23.942857142857143,15.071428571428571,19.571428571428573,73.82857142857144,0.1752857142857142,42.85714285714285,4.167142857142857,0.0,21.557142857142857,144.0857142857143,1017.5714285714286,47.71428571428572,13.94285714285714,1007
20.62857142857143,12.157142857142857,16.357142857142858,20.62857142857143,12.157142857142857,16.357142857142858,67.35714285714286,0.4775714285714286,42.85714285714285,1.7871428571428571,0.0,20.842857142857145,256.1,1016.7714285714284,70.9,31.8,913
12.6,6.614285714285714,9.8,12.6,3.914285714285714,8.414285714285715,84.5,3.7607142857142857,100.0,9.522857142857143,0.0,26.314285714285717,232.8428571428572,1008.7428571428572,66.51428571428572,10.571428571428571,1044
6.685714285714285,0.5142857142857143,3.3714285714285714,3.985714285714285,-1.9142857142857144,0.8428571428571429,71.41428571428571,0.0274285714285714,57.142857142857146,2.9771428571428573,0.0,19.3,139.25714285714284,1023.0285714285714,44.35714285714285,19.52857142857143,1034
4.742857142857143,-0.5857142857142856,1.8714285714285717,1.4142857142857144,-4.842857142857143,-2.1142857142857143,90.67142857142858,1.8552857142857144,85.71428571428571,16.072857142857142,0.0,25.61428571428572,234.4857142857143,1003.9857142857144,52.22857142857144,9.857142857142858,1114
9.128571428571428,3.057142857142857,6.485714285714286,7.742857142857143,0.7285714285714285,4.471428571428572,86.74285714285715,1.0518571428571428,85.71428571428571,7.141428571428572,0.0,20.942857142857143,214.5142857142857,1017.157142857143,70.85714285714286,13.314285714285717,1912
7.0,1.1,4.0285714285714285,3.571428571428572,-3.557142857142857,-0.0428571428571428,86.85714285714286,0.5424285714285714,71.42857142857143,8.928571428571429,0.0285714285714285,29.82857142857143,261.0285714285714,1007.6142857142858,48.15714285714286,10.4,1381
18.1,11.228571428571428,14.685714285714283,18.1,11.228571428571428,14.685714285714283,76.95714285714287,1.4277142857142855,42.85714285714285,2.975714285714285,0.0,23.814285714285717,250.7,1015.7428571428572,73.37142857142858,17.814285714285713,855
7.185714285714285,1.085714285714286,3.857142857142857,4.6000000000000005,-2.657142857142857,0.7285714285714285,92.77142857142856,0.2921428571428571,42.85714285714285,2.975714285714285,0.0,20.557142857142857,167.0142857142857,1020.5,54.44285714285714,5.457142857142857,1207
14.714285714285714,7.8428571428571425,11.342857142857143,14.714285714285714,5.628571428571428,10.528571428571428,82.62857142857142,2.286857142857143,71.42857142857143,14.285714285714286,0.0,28.228571428571428,228.07142857142856,1009.4571428571428,37.971428571428575,12.157142857142857,974
9.085714285714284,4.557142857142857,6.957142857142857,6.785714285714286,1.6428571428571428,4.471428571428572,82.78571428571429,0.9277142857142856,71.42857142857143,5.355714285714286,0.0,24.75714285714286,145.95714285714286,1014.6714285714286,77.2,12.8,940
9.428571428571429,3.857142857142857,6.857142857142857,6.914285714285714,-0.1999999999999999,3.6142857142857134,82.82857142857142,1.9635714285714287,100.0,17.262857142857143,0.0,31.8,217.3428571428572,998.3857142857142,49.04285714285714,9.728571428571428,1179
14.528571428571428,9.042857142857144,11.614285714285714,14.528571428571428,7.685714285714285,11.071428571428571,84.45714285714287,0.9047142857142856,57.142857142857146,9.524285714285714,0.0,25.914285714285715,173.67142857142858,1007.4,40.04285714285714,11.87142857142857,991
12.37142857142857,5.257142857142857,8.928571428571429,11.657142857142857,2.4,6.728571428571429,75.54285714285713,1.4795714285714288,57.142857142857146,4.1657142857142855,0.0,28.6,293.12857142857143,1007.6,69.9,17.385714285714286,963
10.0,4.3,7.142857142857143,9.028571428571428,1.1857142857142855,4.457142857142857,92.57142857142856,4.193,100.0,23.214285714285715,0.0,31.842857142857135,216.8142857142857,1002.157142857143,55.25714285714286,9.842857142857143,1138
20.985714285714288,12.657142857142857,16.3,20.985714285714288,12.657142857142857,16.3,78.7,2.307142857142857,85.71428571428571,19.642857142857142,0.0,29.4,225.12857142857143,1006.9285714285714,58.98571428571428,17.442857142857143,871
18.2,10.6,14.328571428571427,18.2,9.957142857142856,14.185714285714283,70.42857142857143,0.6025714285714285,42.85714285714285,2.381428571428572,0.0,33.871428571428574,241.1,1010.7714285714284,61.871428571428574,17.685714285714287,849
15.585714285714284,8.27142857142857,11.985714285714286,15.585714285714284,6.8,11.542857142857144,73.8,0.2058571428571429,57.142857142857146,6.548571428571429,0.0,32.58571428571429,252.12857142857143,1018.6142857142858,60.457142857142856,19.11428571428572,862
11.142857142857142,3.857142857142857,7.371428571428571,10.214285714285714,0.8857142857142856,5.128571428571428,83.65714285714286,1.7544285714285714,100.0,16.072857142857142,0.0,24.942857142857143,230.77142857142857,1006.9857142857144,45.08571428571429,9.585714285714284,1166
19.7,11.314285714285717,15.485714285714286,19.7,10.671428571428573,15.44285714285714,76.71428571428571,1.7682857142857142,71.42857142857143,4.762857142857143,0.0,25.7,198.55714285714288,1017.7,52.85714285714285,16.857142857142858,925
20.385714285714283,14.214285714285714,16.87142857142857,20.385714285714283,14.214285714285714,16.87142857142857,80.3,1.1048571428571428,71.42857142857143,3.5728571428571425,0.0,22.014285714285712,173.95714285714286,1013.7714285714284,78.28571428571429,13.87142857142857,880
19.428571428571427,12.55714285714286,16.271428571428572,19.428571428571427,12.55714285714286,16.271428571428572,67.04285714285714,0.055,14.285714285714286,0.5957142857142858,0.0,25.514285714285712,226.9857142857143,1015.6857142857144,67.64285714285714,22.642857142857142,969
18.842857142857145,8.571428571428571,13.6,18.8,7.042857142857143,13.2,74.42857142857143,0.037,28.571428571428573,1.1914285714285715,0.0,22.214285714285715,203.37142857142857,1018.6857142857144,32.857142857142854,8.8,1164
20.82857142857143,13.028571428571428,16.54285714285714,20.82857142857143,13.028571428571428,16.54285714285714,74.89999999999999,0.1274285714285714,28.571428571428573,1.1914285714285715,0.0,18.1,189.0142857142857,1011.8571428571428,75.61428571428571,19.285714285714285,870
8.428571428571429,2.4285714285714284,4.785714285714286,5.442857142857143,-2.257142857142857,0.7571428571428571,85.05714285714285,1.5354285714285714,100.0,15.475714285714286,0.0,33.114285714285714,238.72857142857143,1012.6428571428572,34.41428571428572,11.728571428571428,1165
20.385714285714283,11.385714285714286,16.014285714285712,20.385714285714283,10.814285714285717,15.914285714285716,72.38571428571429,0.4648571428571428,57.142857142857146,4.76,0.0,26.9,255.94285714285712,1018.157142857143,55.371428571428574,20.97142857142857,970
13.257142857142856,7.5,10.2,12.985714285714286,6.214285714285714,9.457142857142856,80.88571428571429,1.0034285714285711,71.42857142857143,3.5728571428571425,0.0,21.02857142857143,200.54285714285717,1008.8714285714286,84.44285714285715,11.657142857142857,1075
18.47142857142857,12.857142857142858,15.3,18.47142857142857,12.857142857142858,15.3,82.11428571428571,0.5045714285714286,28.571428571428573,1.7857142857142858,0.0,15.828571428571427,191.8428571428572,1015.1285714285714,89.58571428571429,12.485714285714286,989
16.228571428571428,9.428571428571429,12.928571428571429,16.228571428571428,8.342857142857143,12.471428571428572,75.77142857142857,0.3345714285714286,28.571428571428573,2.381428571428572,0.0,24.3,132.52857142857144,1014.6,72.71428571428571,10.342857142857142,988
11.028571428571428,6.471428571428571,9.114285714285714,10.585714285714287,4.728571428571429,8.028571428571428,95.6,2.8852857142857142,100.0,17.262857142857143,0.0,18.071428571428573,81.81428571428572,1013.1428571428572,78.41428571428571,7.257142857142857,1027
15.114285714285714,5.614285714285714,9.771428571428572,15.114285714285714,2.9857142857142853,8.4,78.62857142857142,0.0321428571428571,42.85714285714285,1.7871428571428571,0.0,22.37142857142857,111.11428571428571,1022.8,44.84285714285714,13.028571428571428,931
8.657142857142857,4.228571428571429,6.971428571428571,6.2,0.0285714285714286,3.814285714285714,84.8,3.367857142857143,85.71428571428571,4.168571428571428,0.0,35.84285714285714,181.82857142857145,1011.4857142857144,90.74285714285716,13.042857142857144,971
18.32857142857143,10.44285714285714,14.228571428571428,18.32857142857143,9.8,14.085714285714284,69.94285714285715,1.046,14.285714285714286,0.5957142857142858,0.0,27.857142857142858,63.24285714285714,1018.1714285714286,50.15714285714286,19.2,949
19.185714285714287,9.757142857142856,14.557142857142855,19.185714285714287,9.014285714285714,14.414285714285713,75.7,0.0165714285714285,28.571428571428573,1.1914285714285715,0.0,21.085714285714285,234.55714285714285,1022.8,44.4,14.071428571428571,896
21.414285714285715,12.857142857142858,17.042857142857144,21.414285714285715,12.585714285714284,17.02857142857143,80.35714285714286,2.543428571428571,71.42857142857143,16.667142857142856,0.0,28.52857142857143,169.02857142857144,1006.9428571428572,31.285714285714285,9.385714285714286,945
6.085714285714286,2.7,4.385714285714285,4.485714285714286,-0.1857142857142857,2.1,92.54285714285712,2.267571428571429,100.0,5.952857142857143,2.2,15.485714285714286,229.75714285714284,1019.8714285714286,81.15714285714286,8.22857142857143,1161
8.842857142857143,3.0285714285714285,5.928571428571429,6.928571428571429,0.9714285714285714,3.7857142857142856,83.12857142857142,1.2905714285714287,100.0,5.952857142857143,40.0,20.4,137.65714285714287,995.1285714285714,77.31428571428572,18.2,992
17.9,10.228571428571428,14.3,17.9,9.62857142857143,14.185714285714283,74.84285714285714,0.6187142857142857,42.85714285714285,1.7871428571428571,0.0,26.557142857142857,245.8571428571429,1015.6857142857144,61.84285714285715,16.45714285714286,935
10.928571428571429,5.357142857142857,8.357142857142858,10.071428571428571,4.0,7.328571428571428,84.68571428571428,0.54,71.42857142857143,3.5728571428571425,0.0,21.228571428571428,273.3,1024.2142857142858,73.12857142857142,19.62857142857143,1082
7.957142857142857,2.685714285714286,5.014285714285714,5.6000000000000005,-0.0285714285714285,2.2857142857142856,85.34285714285714,1.4631428571428573,71.42857142857143,4.761428571428572,0.0,23.9,249.37142857142857,1005.0142857142856,88.0,17.885714285714286,1152
19.12857142857143,11.428571428571429,15.385714285714286,19.12857142857143,10.928571428571429,15.342857142857143,80.87142857142858,2.4130000000000003,85.71428571428571,11.905714285714286,0.0,19.814285714285717,186.3571428571429,1012.3571428571428,40.52857142857143,9.914285714285716,982
9.542857142857144,4.471428571428571,7.128571428571428,8.242857142857144,1.4428571428571428,4.985714285714286,82.75714285714285,1.83,100.0,5.3585714285714285,0.0,25.58571428571429,224.1142857142857,1000.1428571428572,69.1,19.87142857142857,1003
9.05714285714286,4.7,6.771428571428571,6.828571428571428,0.9428571428571428,3.6,87.3,1.125,57.142857142857146,2.9771428571428573,0.0,32.25714285714285,208.27142857142857,1008.2714285714284,77.12857142857142,19.27142857142857,1202
15.171428571428573,7.542857142857143,11.328571428571427,15.171428571428573,6.0,10.62857142857143,72.5,0.5588571428571428,14.285714285714286,0.5957142857142858,0.0,24.8,235.8857142857143,1021.0,63.371428571428574,15.2,1054
12.914285714285716,4.957142857142857,9.1,12.685714285714283,2.7,8.0,65.18571428571428,0.0115714285714285,28.571428571428573,1.1914285714285715,0.0,19.057142857142857,290.5142857142857,1022.6428571428572,50.871428571428574,17.95714285714286,943
10.55714285714286,6.842857142857143,8.871428571428572,9.842857142857143,4.414285714285714,7.285714285714286,90.84285714285714,3.317285714285714,85.71428571428571,22.617142857142856,0.0,23.042857142857144,205.22857142857143,998.2285714285716,58.57142857142857,8.171428571428573,1136
13.428571428571429,7.428571428571429,10.985714285714284,13.428571428571429,6.285714285714286,10.6,90.45714285714288,0.7199999999999999,71.42857142857143,8.928571428571429,0.0,17.97142857142857,195.28571428571428,1020.0571428571428,66.51428571428572,9.414285714285716,1074
12.514285714285714,7.799999999999999,10.028571428571428,12.05714285714286,5.214285714285714,8.585714285714285,84.97142857142856,0.8081428571428572,100.0,8.33,0.0,27.12857142857143,119.17142857142858,1018.6857142857144,81.87142857142858,9.514285714285716,986
10.328571428571427,1.3285714285714283,6.471428571428571,8.9,-2.157142857142857,3.757142857142857,77.07142857142857,0.0,0.0,0.0,0.0,34.9,236.8857142857143,998.5142857142856,55.642857142857146,15.657142857142858,1069
17.87142857142857,10.085714285714287,14.314285714285717,17.87142857142857,9.928571428571429,14.3,82.3,0.0,0.0,0.0,0.0,23.75714285714286,139.92857142857142,1023.4714285714286,69.07142857142857,20.585714285714285,812
18.014285714285712,12.37142857142857,14.957142857142856,18.014285714285712,12.37142857142857,14.957142857142856,78.15714285714286,0.0661428571428571,28.571428571428573,1.7857142857142858,0.0,17.271428571428572,194.17142857142855,1019.5857142857144,81.37142857142858,12.028571428571428,992
23.642857142857142,14.414285714285716,18.728571428571428,23.6,14.414285714285716,18.728571428571428,75.10000000000001,0.1484285714285714,71.42857142857143,4.168571428571428,0.0,18.885714285714283,204.8428571428572,1013.8571428571428,22.828571428571426,11.814285714285717,964
21.914285714285715,14.071428571428571,18.1,21.9,14.071428571428571,18.1,71.17142857142856,0.3805714285714286,14.285714285714286,0.5957142857142858,0.0,22.714285714285715,201.07142857142856,1018.6428571428572,55.385714285714286,23.071428571428573,936
19.25714285714286,11.62857142857143,15.428571428571429,19.25714285714286,11.414285714285716,15.385714285714286,77.52857142857144,0.0351428571428571,42.85714285714285,1.7871428571428571,0.0,20.87142857142857,293.1714285714285,1023.3857142857142,45.142857142857146,10.957142857142856,894
24.328571428571426,14.414285714285716,18.9,24.557142857142857,14.228571428571428,18.928571428571427,84.31428571428572,4.3022857142857145,42.85714285714285,13.095714285714283,0.0,19.65714285714285,161.20000000000002,1011.9714285714286,44.25714285714286,8.114285714285714,985
10.185714285714283,5.5,7.914285714285714,9.128571428571428,2.914285714285714,5.614285714285714,85.5,0.1532857142857142,85.71428571428571,4.762857142857143,0.0,24.085714285714285,195.68571428571428,1009.2714285714284,66.0,14.485714285714286,1158
16.057142857142857,8.071428571428571,11.9,16.057142857142857,6.628571428571428,11.414285714285716,86.85714285714286,0.2558571428571428,71.42857142857143,7.144285714285714,0.0,23.0,227.7142857142857,1017.8714285714286,37.52857142857143,13.599999999999998,968
20.414285714285715,11.328571428571427,15.985714285714286,20.414285714285715,11.1,15.985714285714286,74.67142857142858,1.401714285714286,85.71428571428571,5.357142857142857,0.0,25.32857142857143,232.75714285714284,1015.6,60.84285714285715,19.542857142857144,925
8.928571428571429,1.9857142857142855,5.5,7.3,-1.042857142857143,2.8428571428571425,83.94285714285715,0.7698571428571429,100.0,8.928571428571429,0.0,22.728571428571428,279.25714285714287,1016.5142857142856,51.44285714285714,12.757142857142856,978
17.142857142857142,10.55714285714286,13.528571428571428,17.142857142857142,10.142857142857142,13.414285714285716,89.3,3.0542857142857143,85.71428571428571,17.262857142857143,0.0,19.642857142857142,182.3857142857143,1016.4571428571428,51.55714285714286,7.814285714285715,974
10.3,4.757142857142857,7.557142857142858,9.285714285714286,1.7,5.228571428571429,88.58571428571429,1.6225714285714286,100.0,7.735714285714286,0.0,32.285714285714285,229.94285714285712,1010.3714285714286,64.55714285714285,13.285714285714286,991
23.414285714285715,14.242857142857144,18.728571428571428,23.47142857142857,14.1,18.74285714285714,78.75714285714285,2.3482857142857143,71.42857142857143,5.954285714285715,0.0,26.085714285714285,216.62857142857143,1013.9285714285714,54.55714285714286,15.185714285714289,935
8.428571428571429,3.2285714285714286,6.342857142857143,7.285714285714286,0.7857142857142857,4.2,86.2,0.0867142857142857,42.85714285714285,4.167142857142857,0.0,21.1,284.2,1036.0285714285717,62.55714285714286,9.757142857142856,1202
16.0,9.328571428571427,12.571428571428571,16.0,8.171428571428573,12.185714285714283,79.34285714285714,0.6402857142857143,100.0,5.952857142857143,0.0,24.27142857142857,218.78571428571428,1011.8285714285714,61.67142857142857,18.185714285714287,903
10.842857142857143,5.671428571428572,8.314285714285715,10.528571428571428,2.085714285714286,5.857142857142857,84.35714285714286,3.8327142857142857,71.42857142857143,2.9785714285714286,0.0,34.9,238.4857142857143,999.4714285714286,61.957142857142856,19.457142857142856,931
19.785714285714285,11.971428571428572,15.857142857142858,19.785714285714285,11.742857142857144,15.842857142857143,74.61428571428571,0.8824285714285715,57.142857142857146,5.357142857142857,0.0,23.442857142857143,194.3428571428572,1016.3285714285714,51.1,12.62857142857143,865
18.02857142857143,12.657142857142857,15.342857142857142,18.02857142857143,12.657142857142857,15.342857142857142,84.37142857142858,0.7854285714285715,71.42857142857143,4.762857142857143,0.0,17.67142857142857,141.05714285714285,1016.342857142857,84.32857142857142,17.085714285714285,893
19.2,10.242857142857144,14.714285714285714,19.2,9.571428571428571,14.471428571428572,81.3,1.0322857142857145,71.42857142857143,13.69,0.0,25.6,69.64285714285714,1007.842857142857,45.32857142857143,7.942857142857143,1114
6.285714285714286,2.985714285714286,4.542857142857143,4.171428571428572,0.2428571428571428,2.2857142857142856,88.97142857142856,1.262,42.85714285714285,4.167142857142857,0.0,17.914285714285715,75.11428571428571,1020.7714285714284,82.28571428571429,8.028571428571428,1169
5.485714285714286,1.457142857142857,3.3857142857142857,2.157142857142857,-2.6714285714285717,-0.5857142857142856,93.55714285714284,5.577285714285714,100.0,22.02428571428572,0.0,26.1,240.2142857142857,994.3142857142856,58.614285714285714,13.457142857142856,1059
12.785714285714286,5.042857142857143,8.257142857142856,12.785714285714286,2.571428571428572,6.985714285714286,87.62857142857142,0.0948571428571428,42.85714285714285,2.381428571428572,0.0,18.82857142857143,190.97142857142856,1030.4571428571428,68.75714285714285,5.542857142857144,963
8.814285714285715,2.2857142857142856,5.314285714285715,6.085714285714286,-2.4857142857142853,1.2285714285714284,80.84285714285714,0.8892857142857142,57.142857142857146,3.571428571428572,0.0,44.25714285714286,264.75714285714287,1003.2571428571428,67.64285714285714,16.642857142857142,973
8.042857142857143,1.9857142857142855,5.2,6.514285714285714,-0.8857142857142856,2.8714285714285714,77.64285714285714,0.0,0.0,0.0,0.0,24.014285714285712,246.2,1018.9571428571428,68.55714285714285,13.342857142857143,1168
11.228571428571428,3.685714285714286,7.399999999999999,10.37142857142857,0.7000000000000001,5.1571428571428575,86.42857142857143,2.400142857142857,71.42857142857143,3.5728571428571425,0.0,28.4,212.28571428571428,1013.1428571428572,62.1,10.457142857142856,1151
24.957142857142856,13.857142857142858,19.428571428571427,24.557142857142857,13.728571428571428,19.342857142857145,71.41428571428571,3.0565714285714285,42.85714285714285,10.12,0.0,21.37142857142857,247.27142857142857,1015.1,27.8,9.957142857142856,973
19.957142857142856,10.257142857142856,15.242857142857144,19.885714285714283,9.028571428571428,14.957142857142856,74.05714285714285,1.3037142857142858,71.42857142857143,7.144285714285715,0.0,27.485714285714288,235.82857142857145,1012.7571428571428,33.94285714285714,11.485714285714286,895
21.62857142857143,13.742857142857144,17.514285714285712,21.62857142857143,13.742857142857144,17.514285714285712,77.68571428571428,2.8195714285714284,57.142857142857146,2.9771428571428573,0.0,21.8,203.3,1019.157142857143,62.114285714285714,17.15714285714286,875
19.957142857142856,11.285714285714286,15.55714285714286,19.957142857142856,10.842857142857143,15.514285714285716,78.11428571428573,2.509714285714286,71.42857142857143,10.714285714285714,0.0,21.15714285714285,236.2428571428572,1013.6285714285714,34.4,9.714285714285714,959
11.314285714285717,4.885714285714286,7.757142857142857,9.87142857142857,2.257142857142857,5.857142857142857,86.7,0.1227142857142857,28.571428571428573,1.1914285714285715,0.0,20.542857142857144,83.84285714285714,1023.8714285714286,71.74285714285715,6.328571428571428,941
25.057142857142853,14.214285714285714,19.67142857142857,24.9,14.214285714285714,19.62857142857143,63.84285714285714,0.0538571428571428,28.571428571428573,1.7857142857142858,0.0,21.485714285714288,236.90000000000003,1018.5285714285714,40.91428571428571,15.457142857142856,862
15.557142857142855,10.671428571428573,13.05714285714286,15.557142857142855,10.242857142857144,12.985714285714286,77.8,0.7737142857142858,42.85714285714285,2.975714285714285,0.0,17.728571428571428,160.70000000000002,1019.9571428571428,79.45714285714287,26.02857142857143,858
5.485714285714286,2.957142857142857,4.271428571428571,2.8714285714285714,-0.4571428571428571,1.1,84.94285714285715,0.3028571428571429,71.42857142857143,4.761428571428572,0.0,22.685714285714287,180.52857142857144,1024.7714285714285,87.37142857142858,12.6,1049
15.428571428571429,7.714285714285714,11.528571428571428,15.428571428571429,5.928571428571429,10.728571428571428,79.27142857142857,3.3674285714285714,71.42857142857143,15.477142857142857,0.0,27.728571428571428,205.77142857142857,1012.157142857143,43.22857142857144,9.55714285714286,966
18.857142857142858,10.285714285714286,14.714285714285714,18.857142857142858,9.87142857142857,14.657142857142857,77.68571428571428,0.094,42.85714285714285,2.381428571428572,0.0,19.042857142857144,120.3,1015.1428571428572,48.9,10.342857142857143,987
6.642857142857143,1.0285714285714285,3.742857142857143,4.042857142857143,-3.2857142857142856,0.2714285714285714,83.34285714285714,2.1825714285714284,71.42857142857143,13.094285714285714,0.0,25.414285714285715,254.04285714285717,1003.8571428571428,62.08571428571429,8.4,1131
18.7,9.714285714285714,14.485714285714286,18.7,8.885714285714286,14.271428571428572,78.02857142857144,0.6982857142857143,71.42857142857143,11.904285714285717,0.0,24.32857142857143,206.17142857142855,1014.9571428571428,38.614285714285714,9.928571428571429,988
26.128571428571423,14.685714285714283,19.428571428571427,26.714285714285715,14.685714285714283,19.542857142857144,79.62857142857142,0.0777142857142857,14.285714285714286,1.19,0.0,19.014285714285712,197.6142857142857,1019.3285714285714,52.34285714285714,8.585714285714285,1120
19.685714285714287,12.2,15.94285714285714,19.685714285714287,11.928571428571429,15.928571428571429,75.17142857142858,0.2922857142857142,42.85714285714285,1.7871428571428571,0.0,27.642857142857142,227.25714285714284,1011.9142857142856,65.57142857142857,31.3,893
23.74285714285714,14.171428571428573,19.214285714285715,23.942857142857143,14.171428571428573,19.25714285714286,71.84285714285714,0.0,0.0,0.0,0.0,20.914285714285715,236.3571428571429,1017.5857142857144,62.81428571428571,15.985714285714286,1023
19.685714285714287,12.685714285714283,16.414285714285715,19.685714285714287,12.685714285714283,16.414285714285715,80.04285714285713,2.291857142857143,85.71428571428571,16.071428571428573,0.0,20.685714285714287,132.6142857142857,1012.5571428571428,48.142857142857146,13.157142857142857,843
15.642857142857142,9.228571428571428,12.3,15.642857142857142,8.742857142857144,12.185714285714283,78.2,0.1329999999999999,71.42857142857143,3.5728571428571425,3.642857142857143,12.828571428571427,205.95714285714288,1025.7285714285715,63.8,18.17142857142857,1008
7.514285714285714,1.9857142857142855,4.514285714285714,4.457142857142857,-2.3428571428571425,0.6142857142857144,82.11428571428571,0.2664285714285714,57.142857142857146,2.9771428571428573,0.0,36.15714285714286,208.32857142857145,1002.842857142857,63.02857142857143,14.1,1037
12.671428571428573,7.5,9.828571428571427,12.2,4.7,8.0,88.54285714285713,1.5512857142857144,42.85714285714285,2.975714285714285,0.0,26.77142857142857,107.38571428571429,1016.0714285714286,74.31428571428572,5.428571428571429,943
20.042857142857144,10.2,15.042857142857144,20.042857142857144,10.042857142857144,15.0,80.95714285714287,0.0,0.0,0.0,0.0,17.785714285714285,210.3142857142857,1025.1142857142856,52.32857142857143,14.614285714285714,817
26.5,14.7,20.37142857142857,26.32857142857143,14.7,20.357142857142858,66.5,0.2251428571428571,28.571428571428573,2.381428571428572,0.0,22.085714285714285,171.25714285714284,1016.1857142857144,39.471428571428575,14.785714285714286,954
9.414285714285716,5.114285714285714,7.314285714285715,7.742857142857143,2.657142857142857,5.3,81.07142857142857,1.0072857142857143,57.142857142857146,2.382857142857143,0.0,24.085714285714285,261.6428571428572,1011.5,60.05714285714286,19.214285714285715,993
16.242857142857144,8.157142857142857,12.271428571428572,16.242857142857144,7.385714285714286,12.071428571428571,79.24285714285715,1.917,71.42857142857143,5.952857142857143,0.0,21.37142857142857,217.1,1015.2428571428572,70.61428571428571,18.02857142857143,962
18.642857142857142,11.385714285714286,15.142857142857142,18.642857142857142,11.05714285714286,15.042857142857144,81.58571428571429,0.6752857142857144,42.85714285714285,1.7871428571428571,0.0,23.957142857142856,223.78571428571428,1013.3285714285714,75.91428571428571,15.257142857142856,830
3.757142857142857,-0.2142857142857143,1.8142857142857145,0.2571428571428572,-4.885714285714286,-2.357142857142857,81.34285714285714,0.4317142857142856,85.71428571428571,4.762857142857143,1.08,28.485714285714288,161.27142857142857,1013.3571428571428,80.3,15.342857142857143,1079
27.8,16.585714285714285,22.042857142857144,27.814285714285717,16.585714285714285,22.057142857142857,68.21428571428571,2.496,85.71428571428571,7.738571428571428,0.0,19.514285714285712,164.84285714285716,1016.9428571428572,36.5,8.585714285714285,1001
19.914285714285715,8.542857142857143,14.157142857142857,19.914285714285715,7.757142857142857,14.085714285714284,76.48571428571428,0.4577142857142857,42.85714285714285,1.7871428571428571,0.0,19.87142857142857,226.02857142857144,1023.3,40.24285714285714,15.0,897
14.9,6.371428571428572,10.62857142857143,14.9,4.871428571428572,9.928571428571429,76.3,0.66,28.571428571428573,1.7857142857142858,0.0,19.957142857142856,141.74285714285716,1014.7571428571428,63.34285714285715,21.557142857142857,954
12.12857142857143,6.771428571428571,9.414285714285716,11.971428571428572,4.428571428571429,7.914285714285714,74.38571428571429,0.0,0.0,0.0,0.0,25.74285714285714,83.68571428571428,1013.342857142857,51.15714285714286,20.857142857142858,946
6.428571428571429,3.142857142857143,4.857142857142857,4.257142857142857,-0.0142857142857143,2.2857142857142856,89.21428571428571,0.4411428571428571,57.142857142857146,9.524285714285714,0.0,19.87142857142857,135.78571428571428,1016.5571428571428,69.14285714285714,6.328571428571428,1490
16.5,9.785714285714286,13.185714285714283,16.5,8.685714285714285,12.971428571428572,82.57142857142857,0.8694285714285714,57.142857142857146,2.9771428571428573,0.0,21.057142857142857,235.12857142857143,1011.5428571428572,75.61428571428571,16.742857142857144,1018
8.914285714285715,1.9714285714285715,5.185714285714285,7.314285714285715,-1.3571428571428572,2.757142857142857,82.7,0.7682857142857143,71.42857142857143,8.930000000000001,0.0,27.52857142857143,246.52857142857144,1011.1857142857144,63.285714285714285,9.828571428571427,1185
11.285714285714286,4.714285714285714,8.357142857142858,10.385714285714286,2.242857142857143,6.571428571428571,72.31428571428572,1.13,42.85714285714285,2.975714285714285,0.0,30.300000000000004,243.58571428571423,1006.6285714285714,69.71428571428571,21.357142857142858,981
8.857142857142858,4.0,6.1571428571428575,7.3428571428571425,0.4999999999999999,3.628571428571429,86.58571428571429,3.068,100.0,10.712857142857144,0.0,22.97142857142857,207.78571428571428,1004.5714285714286,76.05714285714285,8.342857142857143,1160
7.942857142857142,2.2857142857142856,5.314285714285715,5.542857142857143,-3.142857142857143,1.2714285714285718,82.7,1.005857142857143,71.42857142857143,4.167142857142857,0.0,42.65714285714286,254.25714285714284,1006.7428571428572,57.51428571428572,16.257142857142856,1072
20.542857142857144,11.471428571428572,15.914285714285713,20.514285714285712,10.62857142857143,15.714285714285714,73.22857142857143,0.2749999999999999,42.85714285714285,4.761428571428572,0.0,21.142857142857142,196.75714285714284,1019.7285714285716,51.57142857142857,13.714285714285714,889
9.614285714285714,3.8857142857142857,7.0,8.057142857142857,0.7285714285714285,4.114285714285715,85.89999999999999,0.5065714285714286,57.142857142857146,2.382857142857143,0.0,28.785714285714285,203.07142857142856,1016.7285714285716,75.95714285714287,11.657142857142857,1068
12.0,6.714285714285714,9.214285714285714,10.285714285714286,4.1,7.171428571428572,80.41428571428571,1.5647142857142855,71.42857142857143,11.905714285714286,0.0,35.8,176.05714285714288,1010.8142857142856,38.85714285714285,9.742857142857144,1087
9.285714285714286,3.5142857142857147,5.957142857142857,7.428571428571429,0.3,3.2857142857142856,82.21428571428571,0.4137142857142857,42.85714285714285,2.381428571428572,0.0,25.542857142857144,167.9857142857143,1015.2428571428572,71.77142857142857,12.971428571428572,1080
15.1,9.214285714285714,12.142857142857142,15.1,7.914285714285714,11.814285714285717,85.44285714285715,1.0004285714285714,57.142857142857146,2.9771428571428573,0.0,31.12857142857143,184.9,1000.342857142857,56.17142857142857,15.171428571428573,991
8.428571428571429,3.5285714285714285,5.985714285714286,6.814285714285715,0.3285714285714285,3.914285714285714,89.95714285714287,1.001857142857143,85.71428571428571,9.522857142857143,0.0,24.057142857142857,278.0142857142857,1025.1571428571428,54.54285714285714,8.914285714285715,1101
7.014285714285714,1.2571428571428571,3.814285714285714,5.685714285714285,-0.2142857142857143,2.4285714285714284,85.39999999999999,1.2334285714285715,71.42857142857143,4.167142857142857,0.0,13.62857142857143,289.6142857142857,1022.7142857142856,63.18571428571429,12.742857142857144,1073
18.542857142857144,9.257142857142856,14.242857142857144,18.542857142857144,8.628571428571428,14.1,76.8,0.171,57.142857142857146,5.357142857142857,0.0,23.571428571428573,272.9428571428571,1021.6428571428572,36.7,10.1,1050
19.428571428571427,11.071428571428571,15.042857142857144,19.428571428571427,11.071428571428571,15.042857142857144,80.37142857142858,0.0,0.0,0.0,0.0,16.95714285714286,67.82857142857144,1023.842857142857,53.75714285714286,17.114285714285714,767
14.428571428571429,8.328571428571427,10.757142857142856,14.1,6.5,9.914285714285716,88.84285714285714,0.505,85.71428571428571,4.168571428571428,0.0,22.9,180.15714285714284,1011.6142857142858,84.24285714285715,6.628571428571428,921
18.52857142857143,11.2,14.657142857142857,18.52857142857143,11.2,14.657142857142857,74.92857142857143,1.1964285714285714,85.71428571428571,8.334285714285715,0.0,22.6,238.0,1013.5,52.971428571428575,13.4,882
10.87142857142857,5.457142857142857,8.2,10.328571428571427,1.657142857142857,5.814285714285715,85.02857142857144,1.1595714285714287,57.142857142857146,2.9771428571428573,0.0,31.7,246.04285714285717,1014.657142857143,59.2,15.228571428571428,1024
4.042857142857143,-2.128571428571429,0.6285714285714287,2.757142857142857,-4.957142857142857,-1.3714285714285717,81.38571428571429,0.1095714285714285,57.142857142857146,2.382857142857143,0.0,16.042857142857144,183.82857142857145,1036.071428571429,28.042857142857144,7.457142857142857,1034
13.7,8.1,10.44285714285714,13.471428571428572,6.642857142857143,9.55714285714286,83.52857142857144,0.3585714285714285,28.571428571428573,2.38,0.0,18.27142857142857,119.1,1007.4142857142856,88.84285714285714,9.271428571428572,1130
22.785714285714285,11.0,16.95714285714286,22.67142857142857,10.5,16.885714285714286,61.31428571428571,0.0,0.0,0.0,0.0,18.65714285714285,179.4857142857143,1019.8571428571428,51.18571428571429,17.7,958
9.957142857142856,4.257142857142857,7.214285714285714,7.914285714285714,0.4142857142857142,4.5,69.51428571428572,0.8075714285714286,57.142857142857146,2.9771428571428573,0.0,30.228571428571428,285.12857142857143,1011.0571428571428,66.27142857142857,27.45714285714286,1006
9.62857142857143,3.3285714285714287,6.328571428571428,7.885714285714286,-0.2142857142857141,3.6142857142857134,75.22857142857143,0.5184285714285715,85.71428571428571,5.357142857142857,1.4,31.67142857142857,246.27142857142857,1016.2857142857144,78.8,16.04285714285714,1001
4.728571428571429,0.6714285714285715,2.757142857142857,1.8142857142857145,-3.157142857142857,-0.7571428571428571,85.25714285714287,1.479142857142857,71.42857142857143,7.142857142857143,0.0,26.97142857142857,126.48571428571428,1002.1285714285714,80.87142857142858,8.514285714285714,1155
16.257142857142856,12.957142857142856,14.357142857142858,16.257142857142856,12.957142857142856,14.357142857142858,90.94285714285716,1.927857142857143,100.0,7.141428571428572,0.0,25.557142857142857,148.74285714285716,1012.3285714285714,90.45714285714288,8.3,869
19.87142857142857,12.142857142857142,16.1,19.87142857142857,12.085714285714284,16.1,73.89999999999999,0.0,0.0,0.0,0.0,25.042857142857144,81.72857142857143,1023.2142857142856,47.84285714285714,26.17142857142857,915
12.44285714285714,7.357142857142857,9.8,12.44285714285714,5.385714285714286,8.742857142857144,84.57142857142857,0.3471428571428571,42.85714285714285,1.7871428571428571,0.0,21.228571428571428,235.44285714285712,998.0,63.785714285714285,23.65714285714285,1025
17.285714285714285,7.971428571428571,12.742857142857144,17.285714285714285,6.571428571428571,12.357142857142858,65.67142857142856,0.0171428571428571,28.571428571428573,1.7857142857142858,0.0,20.142857142857142,222.97142857142856,1011.9857142857144,69.55714285714286,18.485714285714288,1016
13.542857142857144,6.0,9.828571428571427,13.542857142857144,3.571428571428572,8.557142857142857,81.07142857142857,0.899,42.85714285714285,2.381428571428572,0.0,27.014285714285712,201.52857142857144,1017.4571428571428,71.68571428571428,17.228571428571428,1131
19.585714285714285,11.0,14.94285714285714,19.585714285714285,10.242857142857144,14.785714285714286,81.14285714285714,1.9892857142857143,100.0,20.23857142857143,0.0,22.185714285714287,221.15714285714284,1011.0285714285714,35.48571428571429,10.385714285714286,909
20.52857142857143,13.5,16.742857142857144,20.52857142857143,13.5,16.742857142857144,73.18571428571428,0.3017142857142857,42.85714285714285,1.7871428571428571,0.0,21.32857142857143,204.45714285714288,1015.5428571428572,66.9,25.47142857142857,800
20.25714285714286,12.042857142857144,16.25714285714286,20.25714285714286,11.55714285714286,16.2,77.74285714285715,1.3059999999999998,42.85714285714285,9.524285714285714,0.0,23.014285714285712,245.8857142857143,1015.0,59.642857142857146,13.05714285714286,821
22.185714285714287,12.985714285714286,17.54285714285714,22.17142857142857,12.985714285714286,17.54285714285714,64.72857142857143,0.5852857142857143,28.571428571428573,1.7857142857142858,0.0,20.37142857142857,223.3428571428572,1011.5285714285714,65.88571428571429,26.17142857142857,929
18.2,8.757142857142858,13.257142857142856,18.2,7.371428571428572,12.757142857142856,82.85714285714286,1.7644285714285712,100.0,8.335714285714285,0.0285714285714285,27.27142857142857,233.95714285714288,1013.3714285714286,57.72857142857144,10.37142857142857,991
16.857142857142858,11.55714285714286,14.085714285714284,16.857142857142858,11.157142857142857,13.957142857142856,83.34285714285714,5.371857142857143,85.71428571428571,24.40571428571429,0.0,19.571428571428573,208.97142857142856,1016.1,56.642857142857146,9.6,907
14.8,8.528571428571428,11.44285714285714,14.8,7.0857142857142845,10.9,80.85714285714286,1.2632857142857143,57.142857142857146,2.382857142857143,0.0,23.82857142857143,109.87142857142858,1014.5285714285714,61.971428571428575,11.842857142857143,991
8.442857142857143,3.385714285714286,5.842857142857143,7.0,1.5285714285714285,4.0,85.32857142857142,1.984142857142857,85.71428571428571,5.951428571428571,0.0,18.15714285714285,247.72857142857143,1013.5428571428572,72.2,12.8,1022
3.571428571428572,1.7428571428571429,2.6,2.3857142857142857,-1.5,0.2428571428571428,81.37142857142858,0.0995714285714285,28.571428571428573,1.1914285714285715,0.0,14.342857142857143,90.02857142857144,1029.571428571429,98.01428571428572,5.528571428571428,1151
12.728571428571428,7.6571428571428575,10.185714285714283,12.728571428571428,4.628571428571428,8.928571428571429,86.01428571428572,1.304,85.71428571428571,16.667142857142856,0.0,30.74285714285714,191.8,1012.8714285714286,38.01428571428572,10.471428571428572,1020
18.257142857142856,10.771428571428572,14.62857142857143,18.257142857142856,10.085714285714284,14.44285714285714,75.55714285714285,0.5011428571428571,71.42857142857143,2.9785714285714286,0.0,23.3,278.42857142857144,1015.1285714285714,70.67142857142856,16.0,830
9.428571428571429,3.642857142857143,6.571428571428571,7.928571428571429,0.1857142857142857,3.985714285714285,79.15714285714286,1.135,71.42857142857143,4.167142857142857,0.0,28.2,253.92857142857144,1009.7,68.65714285714286,20.4,1218
9.671428571428573,3.757142857142857,6.5,8.942857142857143,1.757142857142857,4.814285714285715,82.77142857142857,1.4802857142857142,100.0,6.547142857142857,0.0,16.557142857142857,211.2428571428572,1004.0142857142856,67.94285714285715,17.342857142857145,1007
15.87142857142857,8.285714285714286,11.94285714285714,15.87142857142857,5.9,11.257142857142856,76.39999999999999,3.9147142857142856,71.42857142857143,27.97571428571428,0.0,30.457142857142856,210.15714285714284,1008.9857142857144,56.81428571428571,12.37142857142857,964
25.0,15.485714285714284,19.928571428571427,25.428571428571427,15.485714285714284,20.0,78.85714285714286,5.583285714285714,71.42857142857143,6.547142857142857,0.0,18.67142857142857,157.79999999999998,1013.7142857142856,50.4,9.1,958
13.671428571428573,10.214285714285714,11.857142857142858,13.671428571428573,9.228571428571428,11.62857142857143,90.42857142857144,0.1741428571428571,42.85714285714285,1.7871428571428571,0.0,22.02857142857143,159.24285714285716,1023.1714285714286,94.41428571428573,4.7,868
13.085714285714284,8.128571428571428,10.857142857142858,12.87142857142857,6.457142857142857,10.185714285714283,83.27142857142857,3.8422857142857145,57.142857142857146,5.951428571428572,0.0,30.457142857142856,130.62857142857143,1009.4571428571428,68.32857142857142,14.185714285714283,1000
7.114285714285714,2.3428571428571425,4.6000000000000005,5.128571428571428,-1.0857142857142856,1.9142857142857144,78.8142857142857,1.6312857142857144,100.0,7.141428571428572,0.0,24.32857142857143,263.3,997.657142857143,84.37142857142858,17.485714285714288,984
14.071428571428571,8.27142857142857,11.0,14.071428571428571,6.728571428571429,10.314285714285717,81.81428571428572,0.7087142857142857,71.42857142857143,4.167142857142857,0.0,23.27142857142857,223.6,1006.6142857142858,69.98571428571428,16.714285714285715,995
9.328571428571427,4.228571428571429,6.585714285714286,7.171428571428572,1.2571428571428571,4.0,85.21428571428571,0.0368571428571428,14.285714285714286,0.5957142857142858,0.0,22.74285714285714,57.385714285714286,1022.3142857142856,76.68571428571428,10.285714285714286,1053
19.185714285714287,11.271428571428572,15.342857142857143,19.185714285714287,11.271428571428572,15.342857142857143,79.92857142857143,1.5142857142857142,57.142857142857146,2.9771428571428573,0.0,28.142857142857142,231.18571428571428,1014.3,61.81428571428571,14.2,819
2.1714285714285717,-0.1,1.042857142857143,1.1428571428571428,-3.7857142857142856,-1.2142857142857142,91.04285714285712,0.0084285714285714,14.285714285714286,0.5957142857142858,0.0,16.814285714285713,224.12857142857143,1035.2714285714285,94.38571428571429,3.8428571428571434,1171
8.571428571428571,3.142857142857143,6.228571428571429,6.185714285714285,-0.1428571428571428,3.1142857142857143,90.7,1.7092857142857143,100.0,17.857142857142858,0.0,25.385714285714283,197.75714285714284,1002.9285714285714,45.72857142857142,13.171428571428573,1041
10.242857142857144,3.757142857142857,7.271428571428571,9.185714285714283,0.7714285714285714,4.814285714285715,77.88571428571429,0.6669999999999999,85.71428571428571,4.762857142857143,0.0,26.228571428571428,216.27142857142857,1017.4571428571428,72.68571428571428,19.11428571428572,1053
3.928571428571429,-1.4714285714285715,0.9000000000000001,0.4285714285714285,-5.857142857142857,-2.8000000000000003,82.38571428571429,0.1011428571428571,57.142857142857146,2.382857142857143,108.0,22.9,116.47142857142858,1015.2285714285716,48.68571428571429,4.714285714285714,1113
12.857142857142858,6.142857142857143,9.814285714285717,12.857142857142858,4.557142857142857,8.657142857142857,88.14285714285714,0.9904285714285714,100.0,11.311428571428571,0.0,21.77142857142857,219.72857142857143,1000.4142857142856,39.5,11.3,1037
15.142857142857142,6.485714285714286,11.1,15.142857142857142,4.185714285714286,9.971428571428572,62.65714285714286,0.0,0.0,0.0,0.0,31.314285714285717,100.75714285714284,1016.7142857142856,17.414285714285715,13.05714285714286,980
9.528571428571428,2.857142857142857,6.1000000000000005,8.014285714285714,-0.1285714285714286,3.8285714285714287,81.47142857142856,0.8795714285714286,57.142857142857146,2.9771428571428573,0.0,21.428571428571427,181.3571428571429,1009.1285714285714,70.42857142857143,15.242857142857144,1105
12.642857142857142,6.328571428571428,9.842857142857143,12.242857142857144,4.671428571428572,8.77142857142857,81.01428571428572,0.4918571428571429,42.85714285714285,2.975714285714285,0.0,23.32857142857143,187.17142857142855,1012.3142857142856,81.75714285714285,18.514285714285712,974
18.585714285714285,9.671428571428573,14.37142857142857,18.585714285714285,9.528571428571428,14.314285714285717,68.21428571428571,0.0737142857142857,28.571428571428573,1.1914285714285715,0.0,18.242857142857144,161.84285714285716,1023.0714285714286,60.85714285714285,21.62857142857143,905
10.385714285714286,3.814285714285714,7.371428571428572,9.028571428571428,1.2714285714285711,5.228571428571429,74.60000000000001,0.4401428571428571,85.71428571428571,10.12,0.0,21.985714285714288,61.285714285714285,1013.1571428571428,52.57142857142857,13.242857142857144,936
11.614285714285714,6.871428571428572,9.271428571428572,11.614285714285714,4.685714285714285,8.285714285714286,89.14285714285714,8.703,100.0,8.930000000000001,0.0,25.728571428571428,192.7,1004.7571428571428,71.57142857142857,10.357142857142858,1029
6.442857142857143,2.9,4.714285714285714,4.628571428571428,-0.5571428571428572,2.242857142857143,91.67142857142858,0.7474285714285714,85.71428571428571,5.357142857142857,0.0,19.0,145.15714285714284,1020.1285714285714,89.62857142857142,8.971428571428572,1414
10.185714285714283,3.5,6.514285714285713,8.7,-2.071428571428572,2.4,75.85714285714286,1.1997142857142855,71.42857142857143,4.167142857142857,0.0,44.41428571428571,232.28571428571428,996.7857142857144,72.77142857142857,18.17142857142857,1088
7.071428571428571,2.142857142857143,4.685714285714285,4.757142857142857,-1.6714285714285713,1.2,90.04285714285713,2.318714285714285,100.0,9.521428571428572,1.9,29.928571428571427,190.32857142857145,1001.3285714285714,71.7,10.042857142857144,1165
9.014285714285714,4.342857142857143,6.2,6.042857142857143,0.3142857142857142,2.942857142857143,79.07142857142857,0.4955714285714286,42.85714285714285,3.5700000000000003,0.0,30.071428571428573,68.97142857142858,1024.4571428571428,75.27142857142857,16.428571428571427,936
10.457142857142856,6.857142857142857,8.9,8.957142857142857,3.3714285714285714,6.414285714285714,81.32857142857142,1.744,85.71428571428571,7.737142857142857,0.0,42.84285714285714,226.97142857142856,1003.5714285714286,61.32857142857143,23.11428571428572,1046
12.62857142857143,6.514285714285714,9.542857142857144,12.62857142857143,3.6142857142857134,8.157142857142857,76.85714285714286,2.087285714285714,100.0,10.118571428571428,0.0,26.428571428571427,174.28571428571428,1001.6,77.72857142857143,19.37142857142857,979
1.9571428571428573,0.5,1.2,-2.5428571428571423,-5.642857142857143,-4.385714285714286,81.5,0.5830000000000001,85.71428571428571,4.168571428571428,1.55,35.51428571428571,66.75714285714285,1015.1285714285714,86.87142857142858,8.085714285714285,1144
17.17142857142857,12.328571428571427,14.37142857142857,17.17142857142857,12.257142857142856,14.37142857142857,84.34285714285714,0.5331428571428571,71.42857142857143,10.121428571428572,0.0,21.185714285714287,131.45714285714286,1010.8285714285714,56.1,6.485714285714286,902
20.62857142857143,11.0,15.642857142857142,20.62857142857143,10.885714285714286,15.642857142857142,81.32857142857142,1.2642857142857142,28.571428571428573,1.1914285714285715,0.0,21.785714285714285,176.42857142857142,1020.4142857142856,56.8,10.957142857142856,909
21.47142857142857,13.614285714285714,17.271428571428572,21.47142857142857,13.614285714285714,17.271428571428572,77.91428571428571,1.899,57.142857142857146,3.571428571428572,0.0,21.714285714285715,210.82857142857145,1013.0,53.7,19.985714285714288,889
20.0,12.571428571428571,16.614285714285714,20.0,12.314285714285717,16.571428571428573,70.54285714285714,0.1234285714285714,71.42857142857143,3.5728571428571425,0.0,25.7,260.8857142857143,1019.157142857143,44.35714285714285,10.5,971
4.728571428571429,0.0999999999999999,2.685714285714286,2.1,-3.0142857142857147,-0.6428571428571429,94.17142857142858,0.0,0.0,0.0,10.3,25.97142857142857,170.84285714285716,994.342857142857,94.38571428571429,4.228571428571429,1303
23.057142857142857,14.071428571428571,18.385714285714283,23.057142857142857,14.071428571428571,18.385714285714283,84.35714285714286,0.2801428571428571,57.142857142857146,5.358571428571429,0.0,18.514285714285712,144.84285714285713,1017.9,44.885714285714286,9.528571428571428,893
7.485714285714286,1.6428571428571428,4.542857142857143,5.828571428571428,-1.7142857142857142,2.0285714285714285,85.78571428571429,0.0849999999999999,28.571428571428573,1.7857142857142858,0.0,23.51428571428572,255.40000000000003,1019.2,63.285714285714285,9.357142857142858,995
18.085714285714285,9.785714285714286,14.042857142857144,18.085714285714285,9.171428571428573,13.914285714285716,79.01428571428572,1.5755714285714286,71.42857142857143,6.545714285714285,0.0,24.11428571428572,238.92857142857144,1016.7714285714284,59.1,12.828571428571427,959
5.828571428571428,1.4,3.5142857142857147,4.1000000000000005,-1.5714285714285714,1.3000000000000005,84.87142857142858,0.4827142857142857,42.85714285714285,2.381428571428572,0.0,15.971428571428572,207.18571428571428,1021.9571428571428,70.15714285714286,8.171428571428573,1106
20.1,13.62857142857143,16.785714285714285,20.1,13.62857142857143,16.785714285714285,74.89999999999999,0.0428571428571428,14.285714285714286,0.5957142857142858,0.0,19.785714285714285,204.3,1021.1,68.21428571428571,19.071428571428573,868
17.785714285714285,9.142857142857142,13.728571428571428,17.785714285714285,8.185714285714285,13.471428571428572,78.75714285714285,0.0385714285714285,42.85714285714285,1.7871428571428571,0.0,21.457142857142856,275.62857142857143,1021.6285714285714,56.957142857142856,14.028571428571428,922
11.528571428571428,5.928571428571429,9.328571428571427,11.342857142857143,4.8,8.628571428571428,92.48571428571428,0.8928571428571429,85.71428571428571,4.762857142857143,0.0,21.057142857142857,168.9857142857143,1005.9,79.48571428571428,4.7,933
16.285714285714285,10.571428571428571,13.471428571428572,16.285714285714285,10.228571428571428,13.4,82.60000000000001,1.0782857142857143,57.142857142857146,3.571428571428572,0.0,21.985714285714288,210.08571428571423,1012.7,80.45714285714287,18.74285714285714,983
9.957142857142856,4.928571428571429,7.442857142857143,8.542857142857143,2.6,5.3,85.95714285714287,0.5247142857142857,71.42857142857143,4.761428571428572,0.0,20.814285714285717,189.3,1022.3142857142856,62.67142857142857,17.685714285714287,954
16.5,7.685714285714285,12.142857142857142,16.5,5.542857142857143,11.542857142857144,77.28571428571429,0.4392857142857143,42.85714285714285,3.572857142857143,0.0,23.457142857142856,246.65714285714284,1014.5571428571428,34.75714285714286,11.9,862
7.828571428571428,2.685714285714286,5.485714285714286,5.371428571428572,-0.9571428571428572,2.4285714285714284,90.21428571428572,0.7724285714285715,57.142857142857146,8.928571428571429,0.0,22.9,152.17142857142858,1002.9428571428572,64.88571428571429,8.085714285714285,956
11.94285714285714,4.857142857142857,8.542857142857143,11.1,2.2285714285714286,6.671428571428572,85.27142857142857,2.0862857142857143,71.42857142857143,17.262857142857143,0.0,23.142857142857142,245.8142857142857,1011.3142857142856,72.14285714285714,8.057142857142857,951
21.942857142857143,12.957142857142856,17.457142857142856,21.942857142857143,12.957142857142856,17.457142857142856,71.07142857142857,0.162,28.571428571428573,1.7857142857142858,0.0,25.342857142857145,248.04285714285717,1013.6857142857144,55.85714285714285,25.985714285714288,921
14.228571428571428,8.671428571428573,11.571428571428571,14.228571428571428,6.814285714285714,10.957142857142856,90.64285714285714,1.8684285714285715,100.0,17.85857142857143,0.0,27.228571428571428,256.31428571428575,1015.6714285714286,55.285714285714285,9.357142857142858,1085
6.757142857142857,0.8285714285714286,3.7714285714285714,4.071428571428571,-3.042857142857143,0.6857142857142858,86.39999999999999,0.5242857142857142,57.142857142857146,2.382857142857143,0.0,30.87142857142857,238.5,997.6142857142858,49.35714285714285,12.771428571428572,1127
21.97142857142857,13.028571428571428,16.62857142857143,21.97142857142857,13.028571428571428,16.62857142857143,79.75714285714285,0.0252857142857142,14.285714285714286,0.5957142857142858,0.0,26.385714285714283,182.8571428571429,1016.8571428571428,45.85714285714285,10.457142857142856,949
15.428571428571429,9.714285714285714,12.7,15.428571428571429,8.242857142857144,12.0,87.24285714285715,0.9598571428571429,71.42857142857143,12.5,0.0,34.785714285714285,224.22857142857143,1017.7714285714284,52.12857142857143,10.014285714285714,991
20.942857142857143,11.428571428571429,16.071428571428573,20.957142857142856,11.0,16.014285714285712,71.42857142857143,1.1581428571428571,57.142857142857146,8.332857142857142,0.0,25.7,187.4,1009.3857142857142,37.6,10.014285714285714,971
15.87142857142857,5.828571428571428,11.428571428571429,15.87142857142857,4.614285714285714,11.028571428571428,71.02857142857142,0.0,0.0,0.0,0.0,20.2,183.9857142857143,1025.742857142857,50.68571428571429,19.228571428571428,895
11.87142857142857,5.5,8.642857142857142,11.328571428571427,2.0,6.642857142857143,80.04285714285713,0.2239999999999999,100.0,5.359999999999999,0.0,28.057142857142857,278.9,1024.5571428571427,49.98571428571428,10.385714285714286,1013
4.128571428571428,0.7428571428571429,2.5285714285714285,0.4428571428571429,-3.8142857142857145,-1.6428571428571428,77.0,0.8647142857142857,57.142857142857146,3.571428571428572,4.275,27.442857142857143,128.6,1021.4857142857144,85.58571428571429,14.328571428571427,1193
18.642857142857142,12.142857142857142,15.142857142857142,18.642857142857142,12.085714285714284,15.142857142857142,88.98571428571428,4.006857142857142,100.0,22.024285714285718,0.0,18.1,197.65714285714284,1002.657142857143,68.18571428571428,8.371428571428572,1020
12.271428571428572,3.4285714285714284,8.142857142857142,12.271428571428572,1.042857142857143,6.885714285714286,87.55714285714285,1.3587142857142855,85.71428571428571,13.691428571428572,0.0,21.728571428571428,170.82857142857142,1017.7428571428572,39.04285714285714,9.2,1124
8.785714285714286,1.3571428571428572,5.128571428571428,6.885714285714286,-1.8142857142857145,2.585714285714286,83.51428571428572,2.8622857142857145,57.142857142857146,5.951428571428571,0.0,24.02857142857143,144.82857142857142,1004.4285714285714,62.45714285714286,8.657142857142857,1149
13.285714285714286,7.442857142857143,10.2,12.9,5.685714285714285,9.228571428571428,80.81428571428572,0.7998571428571429,57.142857142857146,3.571428571428572,0.0,18.542857142857144,255.57142857142856,1021.8571428571428,76.77142857142857,20.414285714285715,912
11.242857142857144,3.4285714285714284,7.257142857142857,9.928571428571429,1.0285714285714287,5.128571428571428,78.77142857142857,0.7731428571428571,42.85714285714285,2.381428571428572,0.0,26.014285714285712,253.54285714285717,1019.4285714285714,58.72857142857144,12.614285714285714,998
7.257142857142857,1.6285714285714286,4.557142857142857,5.2,-1.4,1.5,89.78571428571429,1.167857142857143,71.42857142857143,3.5728571428571425,0.0,26.9,217.28571428571428,1013.5285714285714,58.957142857142856,13.242857142857144,1021
13.428571428571429,6.471428571428571,9.885714285714286,13.428571428571429,3.742857142857143,8.857142857142858,79.75714285714285,1.018571428571429,100.0,9.525714285714288,0.0,25.842857142857145,194.0,1011.2857142857144,61.114285714285714,9.142857142857142,1014
22.8,11.642857142857142,17.54285714285714,22.8,11.185714285714283,17.5,69.7,0.6888571428571428,57.142857142857146,2.9771428571428573,0.0,23.957142857142856,212.2142857142857,1013.6714285714286,37.67142857142857,13.142857142857142,907
7.557142857142857,2.0,4.7,5.714285714285714,-1.3571428571428572,2.0,82.91428571428571,0.4355714285714285,42.85714285714285,4.761428571428572,0.0,24.057142857142857,192.92857142857144,1016.8857142857142,49.04285714285714,9.685714285714283,1061
11.257142857142856,7.385714285714286,9.257142857142856,10.157142857142857,3.485714285714286,7.114285714285714,89.17142857142858,3.1394285714285712,85.71428571428571,22.618571428571432,0.0571428571428571,32.885714285714286,141.0,1013.6428571428572,71.04285714285713,8.7,1008
10.742857142857144,3.2285714285714286,7.171428571428572,9.857142857142858,0.3857142857142857,5.357142857142857,70.77142857142857,0.3004285714285714,28.571428571428573,1.7857142857142858,0.0,22.042857142857144,141.5857142857143,1020.5,66.14285714285714,20.414285714285715,1030
19.25714285714286,10.0,15.171428571428573,19.25714285714286,9.485714285714286,15.1,75.72857142857143,1.370428571428571,71.42857142857143,10.712857142857144,0.0,19.571428571428573,262.3428571428572,1016.2428571428572,47.371428571428574,9.1,1018
12.05714285714286,6.042857142857143,8.785714285714286,11.671428571428573,2.8000000000000003,6.885714285714286,73.54285714285713,0.2348571428571428,42.85714285714285,1.7871428571428571,0.0,31.9,247.0428571428572,1016.6714285714286,71.65714285714286,26.27142857142857,1111
2.185714285714286,-2.0571428571428574,0.0428571428571428,-1.542857142857143,-7.557142857142857,-4.7,93.5,1.1687142857142856,100.0,13.69,9.414285714285716,24.942857142857143,222.72857142857143,993.5,46.85714285714285,9.2,1170
8.014285714285714,2.4428571428571426,5.285714285714286,6.1000000000000005,-1.9857142857142855,1.6999999999999995,83.71428571428571,0.0,0.0,0.0,0.0,31.77142857142857,240.4,1024.1571428571428,66.15714285714286,14.157142857142858,1230
4.328571428571428,-0.3999999999999999,1.9428571428571428,1.3571428571428572,-4.314285714285714,-1.4142857142857144,82.12857142857142,0.5565714285714286,85.71428571428571,4.762857142857143,1.55,24.6,122.92857142857144,1003.1142857142858,65.77142857142857,11.0,1291
13.571428571428571,6.614285714285714,9.757142857142856,13.12857142857143,3.585714285714286,8.171428571428573,82.35714285714286,0.8351428571428572,71.42857142857143,8.334285714285715,0.0,26.0,130.9,1011.7428571428572,43.52857142857143,8.742857142857144,1008
4.857142857142857,-0.3714285714285714,2.128571428571429,3.314285714285714,-3.442857142857143,0.3428571428571429,89.28571428571429,0.0674285714285714,28.571428571428573,1.1914285714285715,0.0,15.285714285714286,179.8857142857143,1037.857142857143,63.2,4.457142857142857,1015
17.1,9.842857142857143,13.328571428571427,17.1,8.842857142857143,12.814285714285717,76.71428571428571,0.4805714285714285,71.42857142857143,4.167142857142857,0.0,18.285714285714285,182.68571428571428,1011.2857142857144,76.0,15.62857142857143,906
17.985714285714288,8.0,12.785714285714286,17.985714285714288,6.828571428571428,12.44285714285714,84.68571428571428,1.5425714285714285,42.85714285714285,7.738571428571428,0.0,18.014285714285712,99.55714285714284,1020.4,44.614285714285714,7.442857142857143,1011
8.785714285714286,4.114285714285715,6.314285714285715,7.014285714285714,1.5428571428571427,3.957142857142857,74.28571428571429,0.7577142857142858,57.142857142857146,3.571428571428572,0.0,21.37142857142857,56.51428571428572,1019.5,77.74285714285713,21.02857142857143,1016
6.171428571428572,1.2571428571428571,3.457142857142857,4.485714285714286,-0.7857142857142857,1.4428571428571428,83.62857142857142,0.2702857142857143,71.42857142857143,4.167142857142857,1.7,17.428571428571427,178.74285714285716,1033.7285714285715,70.10000000000001,10.9,1307
19.214285714285715,12.085714285714284,15.5,19.214285714285715,12.014285714285714,15.5,83.01428571428572,4.030857142857143,100.0,11.308571428571428,0.0,22.8,219.42857142857144,1010.2,61.114285714285714,13.842857142857143,915
2.142857142857143,-2.142857142857143,0.0142857142857142,0.0142857142857142,-6.314285714285715,-3.1142857142857143,87.54285714285713,0.1802857142857143,42.85714285714285,5.357142857142857,0.0,17.67142857142857,229.5,1025.9428571428573,73.11428571428571,11.828571428571427,1358
10.171428571428573,4.671428571428572,7.328571428571428,9.057142857142855,0.7428571428571429,4.085714285714286,87.12857142857142,4.271285714285715,100.0,23.214285714285715,0.0,39.58571428571429,214.75714285714284,996.9428571428572,62.44285714285714,12.028571428571428,1129
9.042857142857144,6.228571428571429,7.642857142857143,8.014285714285714,3.871428571428571,5.842857142857143,86.92857142857143,1.1475714285714285,100.0,4.764285714285714,0.0,27.342857142857145,171.07142857142858,1007.1285714285716,85.95714285714287,11.55714285714286,1143
11.914285714285716,6.814285714285715,9.257142857142856,10.771428571428572,2.957142857142857,6.842857142857143,83.92857142857143,1.9007142857142856,71.42857142857143,14.285714285714286,0.0,39.15714285714286,213.44285714285712,1000.4857142857144,48.3,17.085714285714285,1024
24.542857142857144,13.285714285714286,19.27142857142857,24.485714285714288,13.285714285714286,19.25714285714286,68.58571428571429,0.2165714285714285,28.571428571428573,2.9771428571428578,0.0,23.52857142857143,180.77142857142857,1018.7571428571428,18.37142857142857,9.542857142857144,978
20.385714285714283,7.428571428571429,14.328571428571427,20.385714285714283,6.642857142857143,14.157142857142857,69.71428571428571,0.0687142857142857,28.571428571428573,2.381428571428572,0.0,20.357142857142858,162.55714285714288,1016.2571428571428,13.771428571428572,9.5,1067
7.028571428571429,1.5285714285714287,4.228571428571429,4.457142857142857,-2.157142857142857,0.6857142857142857,88.8,1.040142857142857,85.71428571428571,4.168571428571428,0.0,29.385714285714283,232.3142857142857,1003.7571428571428,65.62857142857142,9.285714285714286,1022
19.67142857142857,12.614285714285714,15.814285714285717,19.67142857142857,12.614285714285714,15.814285714285717,79.2,4.928428571428571,100.0,29.762857142857143,0.0,29.085714285714285,230.2142857142857,1003.657142857143,61.31428571428571,13.12857142857143,915
20.985714285714288,12.142857142857142,16.8,20.985714285714288,12.142857142857142,16.8,74.01428571428572,2.453,85.71428571428571,17.855714285714285,0.0,22.75714285714286,169.22857142857143,1014.3285714285714,33.82857142857143,9.94285714285714,938
10.728571428571428,4.471428571428571,7.528571428571429,9.814285714285717,2.9714285714285715,6.014285714285714,74.82857142857142,0.1447142857142857,57.142857142857146,2.9771428571428573,0.0,19.82857142857143,31.52857142857143,1019.4714285714286,74.11428571428571,20.314285714285717,949
19.185714285714287,10.828571428571427,15.014285714285714,19.27142857142857,10.314285714285717,14.94285714285714,78.15714285714286,0.0,0.0,0.0,0.0,25.042857142857144,125.58571428571427,1020.0857142857142,38.72857142857144,12.857142857142858,938
17.285714285714285,11.642857142857142,14.44285714285714,17.285714285714285,11.214285714285714,14.342857142857143,89.32857142857142,2.448571428571429,85.71428571428571,16.667142857142856,0.0,22.87142857142857,166.8857142857143,1005.5285714285714,59.91428571428571,9.528571428571428,1003
12.257142857142856,0.7714285714285714,7.214285714285714,11.671428571428573,-0.9857142857142857,5.771428571428571,67.82857142857144,0.3854285714285714,71.42857142857143,5.954285714285715,0.0,23.88571428571429,122.62857142857142,1019.3142857142856,26.685714285714287,13.028571428571428,1003
7.3,4.014285714285714,5.828571428571428,5.271428571428571,-0.1857142857142857,2.5,90.24285714285716,5.861,85.71428571428571,30.357142857142858,0.0,29.2,195.27142857142857,997.8857142857142,68.61428571428571,13.1,1013
14.571428571428571,5.6571428571428575,9.971428571428572,14.571428571428571,3.5285714285714285,9.042857142857144,78.72857142857143,0.0734285714285714,42.85714285714285,1.7871428571428571,0.0,21.52857142857143,207.01428571428573,1016.7142857142856,61.24285714285714,16.54285714285714,1004
3.814285714285714,-0.7285714285714286,1.8857142857142857,1.2857142857142858,-4.357142857142857,-1.4714285714285715,78.3,0.043,28.571428571428573,1.1914285714285715,0.0,22.142857142857142,98.65714285714286,1029.1142857142856,62.04285714285714,12.571428571428571,1202
4.157142857142857,2.3857142857142857,3.242857142857143,2.0142857142857142,-1.6428571428571428,0.2285714285714286,93.57142857142856,1.2682857142857142,57.142857142857146,3.571428571428572,1.0,21.557142857142857,118.75714285714284,1006.5285714285714,94.02857142857144,4.142857142857143,1428
14.414285714285716,7.7,10.728571428571428,14.414285714285716,5.371428571428572,9.671428571428573,86.78571428571429,0.5214285714285715,57.142857142857146,2.9771428571428573,0.0,18.457142857142856,273.5857142857143,1016.0571428571428,78.37142857142858,9.885714285714286,930
14.671428571428573,9.44285714285714,11.728571428571428,14.671428571428573,8.471428571428572,11.485714285714286,86.5,1.4572857142857143,85.71428571428571,7.737142857142857,2.6166666666666667,21.37142857142857,200.25714285714284,1006.8571428571428,67.48571428571428,14.671428571428573,1007
8.77142857142857,5.7,7.214285714285714,7.6571428571428575,2.3285714285714287,4.6571428571428575,91.22857142857144,0.7617142857142857,85.71428571428571,5.357142857142857,0.0,23.714285714285715,171.1142857142857,997.3142857142856,83.95714285714287,9.885714285714286,1368
16.47142857142857,8.571428571428571,12.457142857142856,16.47142857142857,7.371428571428572,12.3,77.18571428571428,0.1864285714285714,28.571428571428573,1.1914285714285715,0.0,26.67142857142857,296.47142857142853,1022.6,65.21428571428571,19.457142857142856,918
21.042857142857144,12.9,17.3,21.1,12.642857142857142,17.271428571428572,75.62857142857142,0.3297142857142857,42.85714285714285,1.7871428571428571,0.0,20.685714285714287,219.2,1022.7142857142856,65.0142857142857,13.8,902
9.1,3.5142857142857147,6.6000000000000005,7.757142857142857,0.9428571428571428,4.285714285714286,81.85714285714286,1.9365714285714288,85.71428571428571,4.762857142857143,0.0,21.442857142857143,257.0,1003.7571428571428,71.92857142857143,20.057142857142857,1030
9.285714285714286,4.071428571428571,6.928571428571429,7.371428571428572,1.2571428571428571,4.614285714285714,78.88571428571429,0.3502857142857142,85.71428571428571,4.168571428571428,0.0,27.071428571428573,228.2428571428572,1008.2142857142856,69.47142857142856,26.714285714285715,990
13.185714285714283,6.271428571428571,9.914285714285716,13.042857142857144,4.014285714285714,8.857142857142858,88.54285714285713,0.5617142857142857,42.85714285714285,2.9771428571428573,0.5142857142857143,18.52857142857143,155.1142857142857,1015.3571428571428,63.44285714285714,6.428571428571429,1141
16.928571428571427,8.385714285714286,12.9,16.928571428571427,6.942857142857142,12.457142857142856,68.2,0.2528571428571428,14.285714285714286,0.5957142857142858,0.0,27.02857142857143,226.44285714285712,1015.9428571428572,55.01428571428572,16.8,1017
9.157142857142857,4.542857142857143,6.842857142857143,7.271428571428571,0.8571428571428571,3.6571428571428575,84.52857142857144,1.3235714285714284,71.42857142857143,4.167142857142857,0.0,32.7,239.1142857142857,1003.9857142857144,64.61428571428571,20.27142857142857,1200
23.314285714285717,14.428571428571429,18.67142857142857,23.5,14.428571428571429,18.685714285714287,68.24285714285715,0.0368571428571428,14.285714285714286,0.5957142857142858,0.0,20.214285714285715,279.88571428571424,1021.6,55.6,23.357142857142858,891
24.385714285714283,14.185714285714283,18.87142857142857,24.385714285714283,14.185714285714283,18.87142857142857,79.7,1.2094285714285715,71.42857142857143,4.168571428571428,0.0,21.61428571428572,152.07142857142858,1015.1428571428572,56.7,8.957142857142857,914
18.314285714285717,12.142857142857142,15.357142857142858,18.314285714285717,12.085714285714284,15.357142857142858,85.57142857142857,1.245,42.85714285714285,2.975714285714285,0.0,18.185714285714287,153.87142857142857,1009.657142857143,64.61428571428571,11.971428571428572,986
19.042857142857144,9.114285714285714,14.142857142857142,19.042857142857144,8.685714285714285,14.071428571428571,80.95714285714284,1.0534285714285716,71.42857142857143,4.761428571428572,0.0,17.32857142857143,253.3857142857143,1015.8,52.642857142857146,12.228571428571428,895
13.6,7.7,11.114285714285714,13.6,6.257142857142857,10.62857142857143,87.45714285714287,2.164285714285714,71.42857142857143,4.167142857142857,0.0,24.428571428571427,207.32857142857145,1005.5285714285714,71.9,16.52857142857143,996
23.142857142857142,14.857142857142858,18.928571428571427,23.142857142857142,14.857142857142858,18.928571428571427,76.7,1.0747142857142855,57.142857142857146,6.548571428571429,0.0,19.8,112.01428571428572,1014.1285714285714,34.628571428571426,11.157142857142857,921
19.428571428571427,14.271428571428572,16.428571428571427,19.428571428571427,14.271428571428572,16.428571428571427,80.5,0.954,100.0,4.764285714285714,0.0,22.985714285714288,186.65714285714284,1000.4571428571428,74.78571428571429,17.9,897
9.214285714285714,5.342857142857143,7.1571428571428575,8.3,3.1142857142857143,5.714285714285714,87.88571428571429,0.6535714285714286,71.42857142857143,3.5728571428571425,0.0,20.842857142857145,218.42857142857144,1016.4285714285714,82.15714285714286,9.342857142857142,1187
16.385714285714286,8.671428571428573,12.12857142857143,16.385714285714286,8.0,11.828571428571427,81.2,0.0221428571428571,14.285714285714286,0.5957142857142858,0.0,21.585714285714285,224.47142857142856,1015.2285714285716,56.84285714285714,17.7,975
25.82857142857143,13.571428571428571,19.642857142857142,25.571428571428573,13.571428571428571,19.6,65.7,0.0,0.0,0.0,0.0,22.314285714285717,144.78571428571428,1016.2571428571428,27.74285714285714,10.114285714285714,972
14.471428571428572,7.714285714285714,10.328571428571427,14.085714285714284,5.614285714285714,9.242857142857144,88.02857142857144,1.016,28.571428571428573,2.38,0.0,18.228571428571428,131.0,1012.2285714285716,67.34285714285714,5.757142857142857,1011
9.228571428571428,2.742857142857143,6.2,7.2,-0.8285714285714285,2.8428571428571425,68.07142857142857,0.076,28.571428571428573,1.1914285714285715,0.0,30.61428571428572,203.78571428571428,1019.5142857142856,54.98571428571428,20.285714285714285,977
15.3,8.22857142857143,11.842857142857143,15.3,5.857142857142857,11.042857142857144,86.78571428571429,1.912,71.42857142857143,4.761428571428572,0.0,28.857142857142858,178.78571428571428,1002.2857142857144,69.41428571428571,11.042857142857144,987
16.885714285714286,11.385714285714286,14.014285714285714,16.885714285714286,11.214285714285714,14.0,73.41428571428571,0.0,0.0,0.0,0.0,19.414285714285715,47.18571428571429,1028.1857142857143,80.31428571428572,21.914285714285715,896
12.571428571428571,5.371428571428572,8.714285714285714,12.085714285714284,2.071428571428572,6.6000000000000005,84.95714285714287,0.0202857142857142,42.85714285714285,2.381428571428572,0.0,23.542857142857144,207.7428571428572,1020.4857142857144,36.12857142857143,8.757142857142856,1202
14.757142857142856,8.442857142857143,11.542857142857144,14.757142857142856,6.857142857142857,11.085714285714284,86.11428571428571,0.912,100.0,5.952857142857143,0.0,19.7,224.8,1009.4857142857144,82.04285714285713,12.842857142857143,989
19.61428571428572,12.171428571428573,15.785714285714286,19.61428571428572,11.87142857142857,15.771428571428572,75.65714285714286,1.1602857142857144,85.71428571428571,5.357142857142857,0.0,29.957142857142856,289.6714285714286,1014.5,67.35714285714286,22.285714285714285,845
8.614285714285714,2.1142857142857143,5.0,6.799999999999999,-2.128571428571429,1.657142857142857,82.84285714285714,0.0,0.0,0.0,0.0,35.528571428571425,255.44285714285712,1016.7,61.142857142857146,12.55714285714286,1115
12.542857142857144,9.37142857142857,10.7,12.542857142857144,8.042857142857143,10.285714285714286,84.02857142857144,0.2837142857142857,42.85714285714285,2.381428571428572,0.0,18.357142857142858,162.97142857142856,1011.1142857142858,95.67142857142858,13.957142857142856,986
5.071428571428571,-1.1857142857142855,2.0571428571428574,2.3000000000000003,-3.642857142857143,-0.6857142857142857,88.92857142857143,0.9931428571428572,71.42857142857143,5.954285714285715,0.0,19.25714285714286,211.8857142857143,1020.3714285714286,61.42857142857143,8.214285714285714,1262
26.414285714285715,14.857142857142858,20.25714285714286,26.47142857142857,14.857142857142858,20.314285714285717,79.47142857142856,0.0,0.0,0.0,0.0,20.17142857142857,167.82857142857142,1022.3285714285714,41.42857142857143,8.3,973
7.642857142857143,4.357142857142857,6.071428571428571,6.771428571428571,2.0142857142857142,4.357142857142857,88.98571428571428,0.4495714285714286,71.42857142857143,10.12,0.0,19.214285714285715,125.0,1031.1857142857143,86.81428571428572,7.671428571428572,1078
12.228571428571428,7.085714285714286,9.3,12.228571428571428,4.385714285714285,7.6571428571428575,89.24285714285715,3.4481428571428574,71.42857142857143,23.215714285714284,0.0,27.014285714285712,213.42857142857144,997.1142857142858,55.81428571428571,12.7,993
20.285714285714285,11.0,15.37142857142857,20.285714285714285,10.12857142857143,15.2,70.47142857142858,0.6265714285714286,57.142857142857146,5.952857142857143,0.0,28.37142857142857,250.04285714285717,1017.7571428571428,37.48571428571428,10.37142857142857,1006
11.885714285714286,4.885714285714286,8.671428571428573,11.314285714285717,1.6714285714285713,6.528571428571429,79.52857142857144,2.6900000000000004,100.0,19.64428571428571,0.0,28.142857142857142,228.45714285714288,1004.3571428571428,60.285714285714285,9.671428571428573,979
7.528571428571429,2.4285714285714284,4.828571428571428,4.428571428571429,-1.6285714285714283,1.0285714285714287,83.0,0.739,85.71428571428571,4.762857142857143,0.0,27.97142857142857,210.02857142857144,1003.1857142857144,76.68571428571428,11.157142857142857,1178
10.985714285714286,3.642857142857143,7.057142857142857,10.071428571428571,-0.7999999999999999,3.7857142857142856,77.52857142857144,1.705142857142857,85.71428571428571,16.071428571428573,0.0,36.65714285714286,277.9857142857143,1011.6857142857144,47.957142857142856,15.971428571428572,1034
19.24285714285714,10.485714285714286,14.857142857142858,19.24285714285714,10.142857142857142,14.8,80.32857142857142,0.6492857142857142,71.42857142857143,4.167142857142857,0.0,19.842857142857145,223.5,1020.7,64.91428571428571,10.9,948
4.7,0.8571428571428571,2.914285714285714,1.2285714285714284,-3.557142857142857,-1.2571428571428571,90.11428571428571,1.333857142857143,100.0,14.881428571428572,1.8,28.24285714285714,181.05714285714288,999.2142857142856,55.07142857142857,12.414285714285716,1185
14.142857142857142,5.185714285714285,9.485714285714286,14.142857142857142,2.8285714285714287,8.385714285714286,78.35714285714286,0.0,0.0,0.0,0.0,19.428571428571427,270.0142857142857,1023.5428571428572,40.5,9.428571428571429,1053
11.271428571428572,3.814285714285714,7.785714285714286,9.585714285714284,0.1571428571428572,4.985714285714286,78.72857142857143,0.3452857142857142,71.42857142857143,6.548571428571429,0.0,32.614285714285714,241.32857142857145,1021.5571428571428,49.785714285714285,13.885714285714286,1148
21.7,14.12857142857143,17.82857142857143,21.7,14.12857142857143,17.82857142857143,76.62857142857142,2.774857142857143,100.0,13.69,0.0,24.4,161.27142857142857,1012.8,48.4,11.771428571428572,870
7.914285714285714,5.414285714285714,6.585714285714286,7.257142857142857,4.128571428571429,5.685714285714285,84.05714285714285,0.0428571428571428,28.571428571428573,1.1914285714285715,0.0,11.714285714285714,144.35714285714286,1030.7,83.78571428571429,9.885714285714286,987
19.071428571428573,11.37142857142857,15.314285714285711,19.071428571428573,11.185714285714283,15.3,82.45714285714287,4.134857142857142,100.0,20.83285714285714,0.0,23.52857142857143,234.02857142857144,1011.7142857142856,60.91428571428571,9.728571428571428,916
9.785714285714286,4.242857142857143,7.371428571428572,7.957142857142857,2.0,4.914285714285714,91.82857142857142,3.821,57.142857142857146,15.475714285714286,0.0,28.571428571428573,121.34285714285716,1006.5428571428572,57.6,8.885714285714286,1098
12.471428571428572,7.414285714285714,10.114285714285714,12.471428571428572,6.5,9.8,94.92857142857144,0.174,57.142857142857146,2.382857142857143,0.0,15.87142857142857,154.4857142857143,1019.7285714285714,72.82857142857144,2.185714285714286,906
11.12857142857143,2.2857142857142856,6.485714285714286,9.828571428571427,-0.6285714285714287,4.5285714285714285,80.41428571428571,0.3812857142857143,57.142857142857146,6.548571428571429,0.0,20.357142857142858,151.68571428571428,1010.4714285714286,26.81428571428572,8.7,1216
23.914285714285715,14.985714285714286,19.014285714285712,23.914285714285715,14.985714285714286,19.014285714285712,67.41428571428571,0.0,0.0,0.0,0.0,21.65714285714285,191.34285714285716,1016.7142857142856,56.74285714285714,21.75714285714286,935
15.7,9.042857142857144,12.44285714285714,15.7,8.0,12.242857142857144,73.14285714285714,0.4354285714285714,42.85714285714285,2.381428571428572,0.0,22.571428571428573,239.1,1010.0142857142856,74.72857142857143,18.6,1109
9.571428571428571,3.0285714285714285,6.414285714285716,7.614285714285714,-1.3857142857142857,2.971428571428571,78.35714285714286,1.1304285714285716,85.71428571428571,11.31,0.0,32.285714285714285,210.58571428571423,1012.5285714285714,39.87142857142857,13.014285714285714,1103
19.428571428571427,12.285714285714286,15.985714285714286,19.428571428571427,12.285714285714286,15.985714285714286,87.82857142857142,0.3804285714285714,57.142857142857146,5.357142857142857,0.0,17.45714285714286,172.92857142857142,1018.7571428571428,48.85714285714285,7.814285714285715,925
13.885714285714286,6.471428571428571,10.5,13.885714285714286,4.328571428571428,9.714285714285714,85.2,0.9071428571428573,57.142857142857146,2.9771428571428573,0.0,33.75714285714286,210.04285714285717,1001.4,73.67142857142858,18.357142857142858,892
20.557142857142857,13.042857142857144,16.685714285714287,20.557142857142857,13.042857142857144,16.685714285714287,76.42857142857143,0.4842857142857142,57.142857142857146,2.382857142857143,0.0,21.67142857142857,265.6142857142857,1012.6428571428572,70.67142857142856,23.32857142857143,870
14.857142857142858,7.528571428571429,11.342857142857143,14.857142857142858,6.071428571428571,10.828571428571427,84.8,0.6844285714285714,71.42857142857143,2.9785714285714286,13.0,25.414285714285715,181.3857142857143,1006.9857142857144,75.38571428571429,17.0,915
6.285714285714286,1.6285714285714286,4.085714285714286,4.1571428571428575,-1.7428571428571429,1.342857142857143,84.0,0.6724285714285714,85.71428571428571,4.762857142857143,1.4,19.785714285714285,228.7,1019.8571428571428,71.57142857142857,18.085714285714285,1126
13.728571428571428,7.628571428571428,11.1,13.728571428571428,5.414285714285714,10.171428571428573,78.37142857142858,2.6652857142857145,100.0,5.3585714285714285,0.0,27.542857142857144,255.2142857142857,1011.9,73.37142857142858,23.228571428571428,967
20.82857142857143,11.357142857142858,16.114285714285714,20.82857142857143,11.042857142857144,16.085714285714285,73.68571428571428,0.1952857142857142,71.42857142857143,6.547142857142857,0.0,20.65714285714285,244.22857142857143,1012.5571428571428,46.7,13.342857142857143,943
7.142857142857143,0.8428571428571429,4.114285714285715,5.471428571428571,-1.4857142857142858,2.1714285714285717,89.5,1.2612857142857143,71.42857142857143,4.167142857142857,0.0,15.742857142857144,227.58571428571423,1021.3714285714286,44.91428571428571,17.114285714285714,1173
23.685714285714287,14.142857142857142,19.02857142857143,23.685714285714287,14.142857142857142,19.02857142857143,80.57142857142857,0.5515714285714285,42.85714285714285,3.5728571428571434,0.0,19.014285714285712,200.3857142857143,1015.3,42.1,10.614285714285714,1004
23.25714285714286,14.457142857142856,18.414285714285715,23.25714285714286,14.457142857142856,18.414285714285715,70.54285714285714,0.0,0.0,0.0,0.0,13.671428571428573,205.0142857142857,1021.2285714285716,69.8,13.0,932
10.485714285714286,4.0285714285714285,7.342857142857143,9.971428571428572,3.271428571428572,6.514285714285714,91.52857142857144,0.3111428571428571,57.142857142857146,4.1657142857142855,0.0,15.914285714285716,225.68571428571428,1018.3714285714286,63.25714285714286,4.514285714285714,1021
13.914285714285716,6.3,9.842857142857143,13.7,3.971428571428572,8.628571428571428,77.88571428571429,0.0291428571428571,42.85714285714285,2.381428571428572,0.0,21.014285714285712,225.4142857142857,1019.8714285714286,63.5,8.971428571428572,989
14.542857142857144,7.2,10.714285714285714,14.542857142857144,5.214285714285714,9.985714285714286,75.67142857142858,0.0,0.0,0.0,0.0,29.67142857142857,121.38571428571429,1027.242857142857,52.71428571428572,15.985714285714284,970
1.1142857142857143,-1.3142857142857145,-0.0142857142857142,-1.7,-6.371428571428572,-4.1571428571428575,77.08571428571429,0.0102857142857142,28.571428571428573,1.1914285714285715,0.6599999999999999,24.6,80.98571428571428,1016.7142857142856,90.7,13.642857142857142,1766
10.171428571428573,6.185714285714285,8.014285714285714,9.37142857142857,3.557142857142857,6.028571428571429,86.92857142857143,1.0624285714285713,71.42857142857143,16.667142857142856,0.0,22.02857142857143,136.71428571428572,1007.6428571428572,70.51428571428572,8.2,1173
9.528571428571428,2.042857142857143,5.828571428571428,8.242857142857144,-0.0714285714285714,4.085714285714286,89.10000000000001,2.205714285714285,57.142857142857146,4.761428571428572,0.0,24.228571428571428,251.87142857142857,1029.2857142857142,57.2,9.87142857142857,1121
19.9,11.785714285714286,15.671428571428573,19.9,11.642857142857142,15.657142857142857,71.77142857142857,0.0204285714285714,14.285714285714286,0.5957142857142858,0.0,15.857142857142858,233.8571428571429,1023.3571428571428,57.25714285714286,20.085714285714285,889
3.1714285714285717,0.3,1.7428571428571429,-0.9571428571428572,-4.871428571428572,-3.1,85.42857142857143,2.712285714285714,100.0,7.142857142857143,3.15,32.42857142857143,148.87142857142857,1007.9714285714286,73.22857142857143,12.471428571428572,1128
10.142857142857142,4.714285714285714,7.185714285714285,8.614285714285714,0.0285714285714285,3.8428571428571434,86.2,3.2515714285714283,100.0,18.452857142857145,0.0,37.871428571428574,236.44285714285715,993.8571428571428,44.35714285714285,9.642857142857142,1584
13.985714285714286,3.857142857142857,8.942857142857143,13.771428571428572,2.042857142857143,7.9142857142857155,77.84285714285714,0.0165714285714285,28.571428571428573,1.1914285714285715,0.0,21.214285714285715,70.97142857142858,1025.8428571428572,35.628571428571426,8.72857142857143,1057
14.328571428571427,9.242857142857144,11.4,14.328571428571427,8.0,11.142857142857142,81.88571428571429,0.7194285714285715,85.71428571428571,7.738571428571428,0.0,23.75714285714286,290.18571428571425,1025.2,71.81428571428572,13.314285714285717,929
12.542857142857144,4.257142857142857,8.671428571428573,12.542857142857144,3.4571428571428577,8.157142857142857,87.41428571428571,0.1427142857142857,85.71428571428571,3.5742857142857143,0.0,19.1,171.04285714285714,1020.1285714285714,49.65714285714286,7.6571428571428575,1021
15.94285714285714,8.22857142857143,12.028571428571428,15.94285714285714,5.585714285714286,11.414285714285716,79.42857142857143,1.9134285714285717,100.0,11.905714285714286,0.0,30.52857142857143,205.97142857142856,1009.4,52.08571428571428,16.057142857142857,985
14.285714285714286,4.971428571428571,10.071428571428571,14.285714285714286,3.985714285714285,9.771428571428572,75.64285714285714,0.3978571428571428,28.571428571428573,6.547142857142857,0.0,18.442857142857143,59.01428571428572,1026.9714285714283,26.74285714285714,9.671428571428573,1028
14.714285714285714,8.714285714285714,11.642857142857142,14.714285714285714,7.914285714285714,11.44285714285714,97.52857142857144,1.655,57.142857142857146,18.452857142857145,0.0,16.657142857142855,182.9857142857143,1018.7285714285716,65.92857142857143,4.9,1020
8.871428571428572,3.985714285714285,6.414285714285714,6.085714285714286,-0.6,2.6142857142857143,81.31428571428572,3.180428571428572,100.0,11.31,0.7857142857142857,41.51428571428572,230.4142857142857,1001.6571428571428,46.15714285714286,10.485714285714286,1181
16.4,11.114285714285714,14.028571428571428,16.4,10.55714285714286,13.842857142857143,84.84285714285714,2.494142857142857,71.42857142857143,14.881428571428572,0.0,28.814285714285717,177.47142857142856,1020.2142857142856,67.15714285714286,10.857142857142858,889
16.9,10.114285714285714,13.314285714285717,16.9,9.028571428571428,13.171428571428573,73.31428571428572,0.5541428571428572,100.0,5.952857142857143,0.0,27.128571428571423,223.7142857142857,1007.1142857142858,74.7,23.514285714285712,978
8.857142857142858,1.8428571428571427,5.557142857142857,6.357142857142857,-1.085714285714286,2.6142857142857143,78.41428571428571,0.5834285714285714,71.42857142857143,3.5728571428571425,0.0,26.37142857142857,264.5285714285714,1023.6714285714286,56.9,20.457142857142856,1039
8.242857142857144,2.5142857142857147,5.514285714285714,5.114285714285715,-2.457142857142857,1.2142857142857142,80.27142857142857,1.2717142857142856,100.0,14.28285714285714,0.0,40.3,242.95714285714288,1003.0,42.24285714285714,15.485714285714286,1027
5.714285714285714,1.4428571428571428,3.8,4.071428571428571,-1.0714285714285714,1.4142857142857144,90.98571428571428,0.0824285714285714,57.142857142857146,3.571428571428572,0.0,14.885714285714286,196.9857142857143,1034.757142857143,78.74285714285715,3.7714285714285714,1050
16.3,10.671428571428573,13.285714285714286,16.3,10.428571428571429,13.257142857142856,84.24285714285715,2.607428571428571,85.71428571428571,4.168571428571428,0.0,19.15714285714285,206.27142857142857,1006.8285714285714,84.87142857142858,15.171428571428567,916
5.414285714285714,2.571428571428572,3.985714285714285,3.2142857142857144,-0.5285714285714286,1.414285714285714,75.01428571428572,0.0215714285714285,42.85714285714285,2.381428571428572,0.0,16.614285714285714,147.77142857142857,1028.257142857143,83.37142857142858,20.742857142857144,1044
11.885714285714286,4.485714285714286,8.071428571428571,11.2,2.628571428571429,6.571428571428571,73.31428571428572,0.2404285714285714,71.42857142857143,4.167142857142857,0.0,19.714285714285715,204.17142857142855,1012.9285714285714,60.8,14.085714285714287,986
15.714285714285714,10.842857142857143,13.214285714285714,15.714285714285714,10.357142857142858,13.12857142857143,87.07142857142857,6.752285714285714,71.42857142857143,25.0,0.0,21.385714285714283,76.38571428571429,1015.8285714285714,59.58571428571429,9.042857142857144,922
8.385714285714286,2.542857142857143,5.371428571428572,5.7,-2.3285714285714287,1.657142857142857,75.97142857142856,1.1134285714285714,85.71428571428571,19.047142857142852,0.0,35.55714285714286,265.6714285714286,1010.342857142857,57.34285714285714,11.928571428571429,1012
8.942857142857141,3.5571428571428574,6.428571428571429,6.371428571428572,-0.9571428571428572,2.485714285714286,83.10000000000001,1.1428571428571428,28.571428571428573,1.1914285714285715,1.6,36.04285714285714,238.4142857142857,1022.3142857142856,59.24285714285714,14.485714285714284,1232
22.557142857142857,12.571428571428571,17.642857142857142,22.557142857142857,12.571428571428571,17.642857142857142,66.15714285714286,0.0,0.0,0.0,0.0,27.014285714285712,230.22857142857143,1015.9428571428572,29.52857142857143,10.071428571428571,931
11.814285714285717,7.457142857142857,9.5,11.428571428571429,5.642857142857143,8.471428571428572,88.01428571428572,1.329857142857143,71.42857142857143,4.761428571428572,0.0,23.385714285714283,198.25714285714284,1005.657142857143,72.82857142857144,10.771428571428572,1055
13.142857142857142,7.785714285714286,10.4,13.142857142857142,6.542857142857143,9.94285714285714,85.84285714285714,0.6678571428571428,71.42857142857143,8.332857142857144,0.0,19.6,28.02857142857143,1020.9428571428572,55.92857142857143,9.9,1028
16.685714285714287,10.0,13.05714285714286,16.685714285714287,9.042857142857144,12.842857142857143,82.61428571428571,2.0574285714285714,100.0,16.667142857142856,0.0,21.914285714285715,255.67142857142855,1016.5428571428572,50.91428571428571,9.485714285714286,930
15.87142857142857,7.357142857142857,11.571428571428571,15.87142857142857,5.942857142857142,11.05714285714286,75.82857142857142,0.8741428571428572,57.142857142857146,3.571428571428572,0.0,23.75714285714286,168.05714285714288,1013.9857142857144,59.84285714285714,20.47142857142857,957
10.55714285714286,1.1571428571428573,5.6571428571428575,10.357142857142858,-2.3428571428571425,2.757142857142857,83.25714285714285,1.0472857142857142,42.85714285714285,2.381428571428572,0.0,27.514285714285712,206.04285714285717,1019.2571428571428,63.4,7.142857142857143,1170
4.857142857142857,-0.1428571428571429,2.6,0.6857142857142858,-5.328571428571428,-2.1714285714285717,84.38571428571429,0.2785714285714286,57.142857142857146,2.9771428571428573,2.0,36.52857142857143,247.95714285714288,998.2285714285716,47.07142857142857,12.642857142857142,1189
19.228571428571428,12.285714285714286,15.44285714285714,19.228571428571428,12.285714285714286,15.44285714285714,84.75714285714285,3.858285714285714,85.71428571428571,20.238571428571426,0.0,21.842857142857145,161.97142857142856,1008.9428571428572,64.65714285714286,8.614285714285714,880
13.87142857142857,7.771428571428571,10.94285714285714,13.87142857142857,6.314285714285714,10.4,85.04285714285713,0.3557142857142857,42.85714285714285,2.975714285714285,0.0,24.728571428571428,197.55714285714288,1013.4714285714286,57.642857142857146,13.385714285714286,1092
5.257142857142857,1.657142857142857,3.5285714285714285,3.914285714285714,-0.0285714285714286,2.0285714285714285,85.37142857142858,0.1568571428571428,71.42857142857143,4.761428571428572,0.0,12.257142857142856,180.82857142857145,1028.4,65.81428571428572,16.02857142857143,1110
5.442857142857143,3.0285714285714285,4.214285714285714,2.1,-1.342857142857143,0.3285714285714285,85.84285714285714,0.7351428571428571,42.85714285714285,2.381428571428572,0.0,25.185714285714287,120.27142857142856,1022.842857142857,86.64285714285714,5.985714285714286,1091
5.4,2.5285714285714285,4.014285714285714,2.914285714285714,-1.8142857142857145,0.3428571428571428,83.64285714285714,1.403857142857143,85.71428571428571,5.357142857142857,1.0,26.314285714285717,85.78571428571429,1028.4142857142856,85.48571428571428,9.171428571428573,1045
13.814285714285717,8.171428571428573,10.914285714285716,13.814285714285717,6.3,10.185714285714283,67.74285714285715,0.0221428571428571,14.285714285714286,0.5957142857142858,0.0,21.75714285714286,252.7142857142857,1015.2142857142856,87.45714285714287,22.085714285714285,1054
21.75714285714286,11.757142857142856,16.914285714285715,21.75714285714286,11.757142857142856,16.914285714285715,75.01428571428572,1.7101428571428572,42.85714285714285,2.381428571428572,0.0,24.0,185.28571428571428,1018.3,51.957142857142856,13.385714285714286,982
10.842857142857143,4.657142857142857,7.785714285714286,9.657142857142857,1.9,5.842857142857143,70.12857142857142,1.517,57.142857142857146,3.571428571428572,0.0,28.942857142857143,245.02857142857144,1011.6428571428572,81.61428571428571,27.414285714285715,990
8.814285714285715,5.242857142857142,7.028571428571429,6.628571428571428,0.7142857142857143,3.685714285714286,83.28571428571429,0.9362857142857144,42.85714285714285,2.381428571428572,0.0,42.58571428571429,253.37142857142857,1007.7142857142856,73.44285714285715,18.014285714285712,1093
14.985714285714286,10.0,12.485714285714286,14.985714285714286,9.057142857142855,12.214285714285714,85.82857142857142,5.965857142857142,100.0,12.5,0.0,21.24285714285714,193.05714285714288,1008.2285714285716,41.42857142857143,9.7,1082
11.985714285714286,6.285714285714286,9.142857142857142,11.471428571428572,3.185714285714286,7.4,84.87142857142858,2.6022857142857143,85.71428571428571,19.04714285714286,0.0,36.27142857142857,230.17142857142855,1014.5285714285714,50.02857142857143,9.642857142857142,1051
10.314285714285717,4.671428571428572,7.571428571428571,8.628571428571428,1.0571428571428572,4.585714285714286,80.71428571428571,0.297,42.85714285714285,1.7871428571428571,0.0,40.1,238.62857142857143,1020.1142857142858,59.94285714285714,16.714285714285715,1269
18.142857142857142,10.428571428571429,14.342857142857143,18.142857142857142,9.542857142857144,14.157142857142857,81.24285714285715,1.6528571428571428,71.42857142857143,8.334285714285715,0.0,18.77142857142857,235.58571428571423,1015.5857142857144,47.614285714285714,9.614285714285714,951
26.25714285714286,15.05714285714286,20.65714285714285,26.214285714285715,15.05714285714286,20.642857142857142,71.38571428571429,0.5549999999999999,57.142857142857146,2.382857142857143,0.0,22.585714285714285,174.42857142857142,1022.0285714285716,37.21428571428572,19.728571428571428,926
17.2,9.814285714285717,13.728571428571428,17.2,9.614285714285716,13.685714285714283,72.98571428571428,0.1428571428571428,14.285714285714286,0.5957142857142858,0.0,15.585714285714284,206.0,1019.5428571428572,67.52857142857142,29.6,887
8.585714285714285,5.442857142857143,7.071428571428571,7.242857142857143,2.8857142857142857,4.971428571428571,83.07142857142857,0.3604285714285714,71.42857142857143,4.167142857142857,0.0,22.485714285714288,138.67142857142858,1012.7571428571428,85.31428571428572,16.771428571428572,1618
7.071428571428571,2.442857142857143,4.828571428571428,5.042857142857143,-0.6571428571428571,2.3428571428571425,87.72857142857143,1.3295714285714286,71.42857142857143,5.355714285714286,0.0,19.785714285714285,249.3857142857143,1015.6714285714286,77.32857142857142,16.32857142857143,1364
11.571428571428571,5.857142857142857,9.157142857142857,11.428571428571429,3.3142857142857145,8.0,92.08571428571427,2.8742857142857146,100.0,20.23857142857143,0.0,25.4,217.75714285714284,1005.7142857142856,61.5,8.385714285714284,1112
9.8,4.5285714285714285,7.1000000000000005,8.385714285714286,1.9857142857142855,5.342857142857143,88.64285714285714,0.2142857142857142,42.85714285714285,2.381428571428572,0.0,22.17142857142857,235.01428571428573,1022.8571428571428,75.52857142857144,11.285714285714286,1003
17.428571428571427,10.328571428571427,14.071428571428571,17.428571428571427,9.44285714285714,13.885714285714286,85.51428571428572,0.8264285714285714,57.142857142857146,7.142857142857143,0.0,26.1,279.9428571428571,1019.2,54.7,9.257142857142856,961
17.014285714285712,8.77142857142857,12.671428571428573,17.014285714285712,7.685714285714285,12.271428571428572,77.11428571428571,1.3311428571428572,14.285714285714286,1.19,0.0,16.242857142857144,192.88571428571427,1015.0571428571428,58.8,9.842857142857143,941
16.04285714285714,10.242857142857144,13.05714285714286,16.04285714285714,9.471428571428572,12.671428571428573,79.32857142857142,0.7457142857142857,71.42857142857143,4.761428571428572,0.0,30.785714285714285,262.75714285714287,1012.7571428571428,61.44285714285714,24.02857142857143,925
21.285714285714285,13.771428571428572,17.342857142857145,21.285714285714285,13.771428571428572,17.342857142857145,78.7,1.4635714285714283,71.42857142857143,3.5728571428571425,0.0,19.085714285714285,248.55714285714285,1011.9,74.15714285714286,16.82857142857143,928
12.914285714285716,5.342857142857143,8.971428571428572,12.528571428571428,2.8000000000000003,7.457142857142857,79.44285714285715,1.255857142857143,71.42857142857143,2.9785714285714286,0.0,24.7,203.75714285714284,1008.3,63.32857142857143,12.457142857142856,904
20.985714285714288,11.428571428571429,16.585714285714285,20.985714285714288,10.685714285714283,16.485714285714288,76.78571428571429,0.2395714285714285,42.85714285714285,3.571428571428572,0.0,20.685714285714287,199.18571428571428,1017.2714285714284,30.27142857142857,9.814285714285717,933
13.042857142857144,8.628571428571428,10.585714285714284,12.685714285714283,6.814285714285715,9.428571428571429,80.64285714285714,0.4105714285714286,42.85714285714285,1.7871428571428571,0.0,23.785714285714285,80.81428571428572,1008.4857142857144,86.82857142857142,15.014285714285714,979
5.814285714285715,1.557142857142857,3.457142857142857,3.457142857142857,-1.9857142857142855,0.4714285714285715,82.37142857142858,0.1161428571428571,57.142857142857146,2.9771428571428573,269.0,20.585714285714285,194.68571428571428,1028.242857142857,36.31428571428571,11.871428571428572,1222
6.014285714285714,1.5142857142857142,3.685714285714286,5.057142857142857,-0.4714285714285714,2.2857142857142856,89.41428571428571,0.0735714285714285,42.85714285714285,2.381428571428572,0.0,10.114285714285714,313.2142857142857,1035.428571428571,70.17142857142856,6.057142857142857,1288
18.385714285714283,8.257142857142856,13.571428571428571,18.385714285714283,6.614285714285714,13.2,62.41428571428571,0.6017142857142856,71.42857142857143,11.31,0.0,33.714285714285715,226.15714285714284,1016.0285714285714,37.72857142857144,13.94285714285714,909
21.442857142857143,13.242857142857144,17.25714285714286,21.428571428571427,13.242857142857144,17.25714285714286,67.85714285714286,0.6007142857142858,28.571428571428573,2.38,0.0,26.557142857142857,88.34285714285714,1014.3857142857142,35.82857142857143,12.22857142857143,938
18.22857142857143,11.742857142857144,14.828571428571427,18.22857142857143,11.485714285714286,14.785714285714286,83.44285714285715,0.8162857142857142,71.42857142857143,3.5728571428571425,0.0,23.38571428571429,195.15714285714284,1011.4714285714286,72.17142857142856,18.8,875
21.942857142857143,15.414285714285716,18.414285714285715,22.085714285714285,15.414285714285716,18.414285714285715,78.31428571428572,2.1317142857142857,85.71428571428571,4.168571428571428,0.0,19.857142857142858,217.0,1007.1857142857142,75.94285714285715,18.057142857142857,842
17.514285714285712,11.44285714285714,14.785714285714286,17.514285714285712,10.971428571428572,14.7,82.15714285714286,1.9375714285714287,57.142857142857146,3.571428571428572,0.0,26.32857142857143,295.65714285714284,1014.8714285714286,75.89999999999999,14.257142857142858,954
8.142857142857142,3.571428571428572,6.057142857142857,5.842857142857143,-0.4714285714285715,2.8000000000000003,87.3,1.8452857142857144,85.71428571428571,14.285714285714286,0.0857142857142857,26.37142857142857,254.47142857142856,1013.9142857142858,55.54285714285714,7.628571428571428,1444
20.61428571428572,11.314285714285717,15.985714285714284,20.61428571428572,11.042857142857144,15.914285714285713,77.04285714285713,0.679142857142857,42.85714285714285,2.381428571428572,0.0,21.67142857142857,196.55714285714288,1017.842857142857,55.871428571428574,20.1,804
14.471428571428572,8.671428571428573,11.471428571428572,14.471428571428572,7.014285714285714,11.0,80.2,1.0948571428571428,85.71428571428571,4.762857142857143,0.0,24.1,201.28571428571428,1013.4285714285714,66.37142857142858,18.2,992
21.557142857142857,13.257142857142856,17.2,21.557142857142857,13.042857142857144,17.157142857142855,72.81428571428572,0.814857142857143,42.85714285714285,7.142857142857143,0.0,24.942857142857143,262.68571428571425,1021.7285714285716,43.9,10.014285714285714,1050
13.1,6.242857142857143,9.714285714285714,12.657142857142857,3.6714285714285713,8.357142857142858,73.88571428571429,0.7831428571428571,71.42857142857143,8.335714285714287,0.0,26.47142857142857,223.8571428571429,1019.9714285714286,38.01428571428572,11.671428571428573,964
23.87142857142857,12.571428571428571,18.585714285714285,23.857142857142858,12.571428571428571,18.571428571428573,76.5,1.3438571428571429,28.571428571428573,2.38,0.0,20.62857142857143,188.8142857142857,1019.2714285714286,51.5,12.785714285714286,927
21.428571428571427,13.785714285714286,17.428571428571427,21.428571428571427,13.785714285714286,17.428571428571427,83.28571428571429,5.430285714285715,100.0,22.618571428571425,0.0,21.87142857142857,227.3571428571429,1009.3857142857142,54.31428571428571,11.55714285714286,850
19.085714285714285,12.214285714285714,15.728571428571428,19.085714285714285,12.042857142857144,15.714285714285714,81.45714285714287,1.899428571428572,100.0,9.522857142857143,57.0,21.0,182.87142857142857,1011.6142857142858,64.6,14.428571428571429,907
11.114285714285714,4.571428571428571,8.014285714285714,10.37142857142857,2.542857142857143,6.614285714285714,92.27142857142856,1.9614285714285715,100.0,17.857142857142858,0.0,22.542857142857144,234.12857142857143,991.4285714285714,43.885714285714286,8.485714285714286,1120
21.714285714285715,12.857142857142858,17.142857142857142,21.74285714285714,12.857142857142858,17.142857142857142,75.58571428571429,2.0542857142857143,71.42857142857143,7.738571428571428,0.0,21.61428571428572,174.87142857142857,1016.4428571428572,35.81428571428571,9.414285714285716,935
11.4,6.857142857142857,9.2,11.171428571428573,4.628571428571428,7.799999999999999,88.02857142857144,2.0732857142857144,57.142857142857146,2.9771428571428573,0.0,27.61428571428572,170.70000000000002,1003.4142857142856,81.41428571428571,8.5,955
10.728571428571428,7.442857142857143,8.985714285714286,9.842857142857143,5.228571428571429,7.457142857142857,85.65714285714286,0.0028571428571428,14.285714285714286,0.5957142857142858,0.0,17.071428571428573,93.22857142857144,1016.7857142857144,88.3,4.242857142857143,1082
14.4,10.157142857142857,12.471428571428572,14.4,8.77142857142857,12.114285714285714,85.58571428571429,0.6341428571428571,100.0,9.52142857142857,0.0,34.142857142857146,216.87142857142857,1007.5857142857144,56.42857142857143,11.928571428571429,1032
15.985714285714286,6.142857142857143,11.62857142857143,15.985714285714286,3.7,10.728571428571428,71.37142857142858,2.0517142857142856,57.142857142857146,11.905714285714286,0.0,24.32857142857143,255.42857142857144,1016.0714285714286,40.642857142857146,9.985714285714286,996
8.428571428571429,1.5714285714285714,4.828571428571428,6.285714285714286,-1.2,2.571428571428572,88.51428571428572,1.5164285714285717,85.71428571428571,10.118571428571428,0.0,20.628571428571423,218.82857142857145,1019.9,30.342857142857145,8.971428571428572,1190
14.671428571428573,7.3,11.142857142857142,14.671428571428573,4.585714285714286,9.971428571428572,74.17142857142858,0.9104285714285716,57.142857142857146,3.571428571428572,0.0,32.41428571428572,279.4142857142857,1010.1857142857144,57.3,18.8,945
5.642857142857143,2.157142857142857,4.014285714285714,3.5,-1.8,1.042857142857143,92.98571428571428,1.7537142857142858,100.0,10.714285714285714,0.0,20.61428571428571,222.62857142857143,1008.9571428571428,60.771428571428565,8.414285714285715,1026
9.671428571428573,3.6142857142857134,6.471428571428571,8.657142857142857,1.342857142857143,4.714285714285714,73.18571428571428,0.8967142857142856,85.71428571428571,4.762857142857143,0.0,20.585714285714285,158.9857142857143,1028.4714285714283,50.385714285714286,26.085714285714285,976
13.828571428571427,8.87142857142857,11.5,13.828571428571427,6.928571428571429,11.114285714285714,81.21428571428571,0.7177142857142857,57.142857142857146,2.9771428571428573,0.0,36.2,186.65714285714284,1003.1142857142858,69.48571428571428,13.828571428571427,938
19.87142857142857,11.328571428571427,15.757142857142856,19.87142857142857,11.328571428571427,15.757142857142856,81.41428571428571,0.1688571428571428,14.285714285714286,0.5957142857142858,0.0,20.67142857142857,220.4,1021.3571428571428,62.71428571428572,19.82857142857143,888
19.97142857142857,12.857142857142858,16.3,19.97142857142857,12.8,16.285714285714285,83.52857142857144,1.483285714285714,14.285714285714286,3.571428571428572,0.0,21.214285714285715,114.57142857142856,1023.1714285714286,54.67142857142857,9.44285714285714,987
18.957142857142856,7.857142857142857,13.414285714285716,18.957142857142856,7.714285714285714,13.3,82.39999999999999,0.1077142857142857,14.285714285714286,0.5957142857142858,0.0,17.3,203.68571428571428,1023.9285714285714,55.54285714285714,9.4,985
22.87142857142857,15.485714285714286,18.457142857142856,22.87142857142857,15.485714285714286,18.457142857142856,87.71428571428571,0.1704285714285714,42.85714285714285,1.7871428571428571,0.0,16.242857142857144,116.62857142857142,1016.2285714285716,70.24285714285715,6.257142857142858,951
12.814285714285717,6.585714285714286,9.642857142857142,12.814285714285717,4.0,8.371428571428572,81.25714285714285,0.8498571428571429,57.142857142857146,3.571428571428572,0.0,26.82857142857143,198.1142857142857,998.0,60.31428571428571,16.057142857142857,932
12.514285714285714,5.4,9.014285714285714,11.714285714285714,3.7,7.885714285714286,94.08571428571427,0.2474285714285714,71.42857142857143,7.144285714285715,0.0,14.257142857142856,246.7142857142857,1023.9285714285714,58.31428571428571,6.685714285714285,1113
21.057142857142857,13.457142857142856,17.285714285714285,21.057142857142857,13.37142857142857,17.285714285714285,78.94285714285715,0.3422857142857142,28.571428571428573,1.1914285714285715,0.0,21.2,186.8,1021.5142857142856,59.3,16.185714285714287,897
13.542857142857144,10.885714285714286,12.185714285714283,13.542857142857144,10.428571428571429,12.071428571428571,77.21428571428571,1.142285714285714,42.85714285714285,2.381428571428572,0.0,26.7,87.72857142857143,1018.4857142857144,84.0,20.357142857142858,924
19.985714285714288,11.928571428571429,15.714285714285714,19.985714285714288,11.485714285714286,15.642857142857142,73.15714285714286,1.996,85.71428571428571,11.907142857142858,0.0,35.128571428571426,230.9857142857143,1008.1428571428572,57.22857142857144,19.228571428571428,815
11.285714285714286,4.357142857142857,7.814285714285715,10.028571428571428,0.7857142857142857,5.357142857142857,81.41428571428571,1.7825714285714285,85.71428571428571,9.524285714285714,0.0,29.75714285714286,280.62857142857143,1011.1428571428572,56.271428571428565,16.414285714285715,954
13.6,7.585714285714286,10.528571428571428,13.6,5.885714285714286,9.842857142857143,76.45714285714287,0.1042857142857142,42.85714285714285,1.7871428571428571,0.0,24.75714285714286,181.68571428571428,1023.9571428571428,52.04285714285714,17.642857142857142,1008
18.228571428571428,13.142857142857142,15.685714285714283,18.228571428571428,13.142857142857142,15.685714285714283,80.88571428571429,0.0428571428571428,28.571428571428573,1.1914285714285715,0.0,24.942857142857143,51.08571428571428,1026.0,75.2,19.857142857142858,830
24.11428571428572,13.414285714285716,18.728571428571428,23.9,13.414285714285716,18.67142857142857,63.82857142857142,0.1622857142857143,28.571428571428573,1.7857142857142858,0.0,17.4,243.3142857142857,1018.4857142857144,62.22857142857144,16.214285714285715,947
11.014285714285714,7.171428571428572,9.314285714285717,11.014285714285714,6.371428571428572,8.942857142857143,89.38571428571429,0.446,42.85714285714285,2.381428571428572,0.0,14.271428571428572,156.5142857142857,1030.2285714285715,80.94285714285715,7.7,966
7.585714285714286,2.742857142857143,5.371428571428572,6.1000000000000005,0.4714285714285714,3.257142857142857,85.89999999999999,1.888428571428572,100.0,4.764285714285714,0.0,33.01428571428571,152.44285714285712,1013.2714285714284,76.48571428571428,13.428571428571429,1084
16.04285714285714,11.642857142857142,13.671428571428573,16.04285714285714,11.642857142857142,13.671428571428573,76.77142857142857,0.496,71.42857142857143,4.761428571428572,0.0,27.3,202.1142857142857,1020.9571428571428,82.54285714285713,21.914285714285715,887
10.457142857142856,5.642857142857143,7.957142857142857,10.014285714285714,2.0,5.428571428571429,77.52857142857144,1.1817142857142855,85.71428571428571,4.762857142857143,0.0,36.82857142857143,236.9857142857143,999.1428571428572,65.75714285714285,24.11428571428572,1110
3.2857142857142856,-1.5714285714285714,0.942857142857143,1.2714285714285716,-4.828571428571428,-1.7714285714285716,90.24285714285716,0.1788571428571428,100.0,6.548571428571429,0.0,16.942857142857143,188.40000000000003,1013.8571428571428,47.52857142857143,8.5,1383
13.828571428571427,9.185714285714283,11.55714285714286,13.828571428571427,7.071428571428571,10.771428571428572,84.51428571428572,2.654285714285714,71.42857142857143,6.547142857142857,0.0,41.94285714285714,227.18571428571428,1009.9571428571428,73.74285714285715,15.585714285714284,1115
7.642857142857143,2.5142857142857147,5.214285714285714,5.357142857142857,-1.5142857142857142,2.2,86.28571428571429,1.014857142857143,42.85714285714285,2.975714285714285,0.0,27.428571428571427,244.25714285714284,1018.1285714285714,54.385714285714286,12.485714285714286,1170
13.685714285714283,7.085714285714286,10.614285714285714,13.685714285714283,4.342857142857143,9.37142857142857,78.54285714285713,1.4928571428571429,42.85714285714285,2.975714285714285,0.0,37.18571428571429,229.8,1006.3285714285714,56.02857142857143,19.285714285714285,908
5.628571428571428,0.1285714285714285,3.085714285714286,1.4142857142857144,-5.071428571428571,-1.7571428571428571,83.18571428571428,1.2845714285714285,100.0,10.117142857142856,0.0,37.8,270.87142857142857,1004.6857142857144,56.74285714285714,18.5,1217
11.842857142857143,4.4,8.014285714285714,11.171428571428573,1.8,6.142857142857143,83.2,0.6267142857142857,42.85714285714285,1.7871428571428571,0.0,26.585714285714285,217.7,1016.9142857142856,68.18571428571428,8.114285714285714,981
13.114285714285714,8.714285714285714,11.142857142857142,13.114285714285714,7.442857142857143,10.685714285714283,91.05714285714284,0.6341428571428571,100.0,7.142857142857143,0.0,19.97142857142857,241.0,1016.4285714285714,84.48571428571428,8.542857142857143,1006
14.214285714285714,7.942857142857143,11.328571428571427,14.071428571428571,6.6000000000000005,10.6,77.11428571428571,0.8191428571428572,71.42857142857143,2.9785714285714286,0.0,23.82857142857143,231.0142857142857,1010.3714285714286,72.44285714285715,23.285714285714285,1009
13.914285714285716,9.37142857142857,11.485714285714286,13.914285714285716,8.628571428571428,11.328571428571427,80.07142857142857,0.3512857142857143,42.85714285714285,2.381428571428572,0.0,19.814285714285717,15.857142857142858,1020.0714285714286,84.54285714285713,21.342857142857145,958
21.985714285714288,12.228571428571428,17.085714285714285,21.985714285714288,12.228571428571428,17.085714285714285,80.08571428571429,0.0844285714285714,14.285714285714286,0.5957142857142858,0.0,19.214285714285715,122.38571428571429,1019.4428571428572,39.67142857142857,9.485714285714286,931
16.385714285714283,8.7,12.185714285714283,16.385714285714283,6.5,11.657142857142857,78.75714285714285,2.767285714285714,100.0,7.142857142857143,0.0,33.285714285714285,213.3,1003.6428571428572,60.51428571428572,14.257142857142858,996
11.428571428571429,4.928571428571429,8.285714285714286,10.485714285714286,1.0142857142857142,5.528571428571429,80.71428571428571,1.723142857142857,100.0,20.83285714285714,0.0,36.32857142857143,222.17142857142855,997.1,44.05714285714286,8.77142857142857,1163
19.25714285714286,11.957142857142856,15.7,19.25714285714286,11.514285714285714,15.671428571428573,67.87142857142858,0.3152857142857143,28.571428571428573,1.7857142857142858,0.0,22.32857142857143,68.81428571428572,1024.8428571428572,64.21428571428571,25.885714285714283,892
14.685714285714283,5.171428571428572,9.685714285714283,14.685714285714283,2.9285714285714284,8.214285714285714,72.6,0.0,0.0,0.0,0.0,24.685714285714287,69.5,1026.3285714285714,29.17142857142857,14.157142857142857,958
17.67142857142857,11.285714285714286,14.314285714285711,17.67142857142857,10.885714285714286,14.314285714285711,79.41428571428571,1.266,57.142857142857146,3.571428571428572,0.0,24.514285714285712,222.18571428571428,1004.0571428571428,63.58571428571429,19.442857142857143,955
17.257142857142856,9.471428571428572,13.55714285714286,17.257142857142856,8.328571428571427,13.357142857142858,80.22857142857143,1.4615714285714283,42.85714285714285,2.381428571428572,0.0,23.085714285714285,183.22857142857143,1018.2,59.34285714285714,19.857142857142858,899
10.114285714285714,3.957142857142857,6.842857142857143,8.485714285714286,0.6857142857142857,4.228571428571429,80.24285714285715,1.7774285714285714,85.71428571428571,20.23857142857143,0.0,28.24285714285714,247.08571428571423,1001.342857142857,51.57142857142857,9.757142857142856,1011
13.042857142857144,5.228571428571429,9.542857142857144,13.042857142857144,2.8285714285714287,8.014285714285714,80.85714285714286,0.5028571428571429,57.142857142857146,2.382857142857143,0.0,41.85714285714285,206.54285714285717,999.8,84.31428571428572,17.085714285714285,1037
5.514285714285714,-0.7285714285714285,2.7285714285714286,2.3714285714285714,-4.471428571428572,-0.3571428571428571,82.15714285714286,0.3801428571428571,42.85714285714285,4.761428571428572,0.0,21.77142857142857,78.82857142857142,1028.142857142857,61.91428571428571,13.385714285714286,1056
11.928571428571429,4.271428571428571,8.285714285714286,10.742857142857144,2.271428571428572,6.385714285714285,83.60000000000001,0.3854285714285714,42.85714285714285,2.975714285714285,0.0,24.0,181.54285714285717,1023.7285714285716,68.07142857142857,11.228571428571428,946
7.399999999999999,3.7857142857142856,5.828571428571428,5.371428571428572,-0.0857142857142857,3.1714285714285717,84.0,0.304,42.85714285714285,2.381428571428572,0.0,25.757142857142856,183.1142857142857,1018.2857142857144,87.61428571428571,10.642857142857142,1383
7.957142857142857,2.657142857142857,5.557142857142857,5.985714285714286,-1.8857142857142857,1.9857142857142855,85.35714285714286,1.7217142857142858,71.42857142857143,3.5728571428571425,0.0,34.57142857142857,189.38571428571427,1009.9142857142856,66.22857142857143,12.142857142857142,1079
9.428571428571429,3.4285714285714284,6.6571428571428575,7.614285714285714,0.2857142857142856,4.0,89.18571428571428,1.6709999999999998,71.42857142857143,9.52142857142857,0.0,28.857142857142858,235.4,1008.4857142857144,51.957142857142856,9.62857142857143,1297
11.8,6.557142857142857,8.9,11.114285714285714,4.628571428571428,7.485714285714286,83.5,1.5470000000000002,57.142857142857146,3.571428571428572,0.0,24.6,233.68571428571428,1010.6285714285714,75.61428571428571,19.714285714285715,978
3.242857142857143,1.0714285714285716,2.2,0.4857142857142857,-3.2142857142857144,-1.4428571428571428,80.85714285714286,2.274714285714286,71.42857142857143,5.358571428571429,0.0,21.67142857142857,165.85714285714286,999.5142857142856,88.55714285714285,18.67142857142857,1181
11.071428571428571,6.242857142857143,8.4,8.82857142857143,2.9857142857142853,5.757142857142857,80.51428571428572,0.3312857142857143,14.285714285714286,0.5957142857142858,0.0,26.842857142857145,88.8,1024.3428571428572,59.0,17.32857142857143,958
16.357142857142858,9.528571428571428,12.971428571428572,16.357142857142858,7.714285714285714,12.62857142857143,73.97142857142856,0.0368571428571428,14.285714285714286,0.5957142857142858,0.0,27.9,280.68571428571425,1013.4,78.14285714285714,25.728571428571428,908
14.55714285714286,7.557142857142857,10.971428571428572,14.55714285714286,5.9,10.385714285714286,85.11428571428571,8.740857142857143,85.71428571428571,16.665714285714284,0.0,26.442857142857143,214.78571428571428,1002.3,41.3,10.8,984
23.1,13.657142857142857,18.542857142857144,23.1,13.657142857142857,18.542857142857144,75.81428571428572,2.6042857142857145,42.85714285714285,13.095714285714283,0.0,21.17142857142857,165.1,1011.1714285714286,37.0,11.728571428571428,904
11.585714285714284,5.0,8.414285714285715,11.12857142857143,3.585714285714286,7.457142857142857,77.97142857142856,0.0,0.0,0.0,0.0,20.814285714285717,161.25714285714284,1007.3857142857142,72.6,17.385714285714286,1018
9.028571428571428,3.242857142857143,6.471428571428571,7.485714285714286,-0.2857142857142858,3.757142857142857,86.12857142857142,0.2811428571428571,71.42857142857143,4.762857142857143,0.0,26.714285714285715,241.05714285714288,1017.5571428571428,54.22857142857144,10.957142857142856,1039
5.785714285714286,2.542857142857143,4.057142857142857,2.7,-1.7714285714285716,0.3285714285714285,86.22857142857143,2.364,42.85714285714285,15.475714285714286,0.0,24.61428571428572,112.42857142857144,1029.1142857142856,76.11428571428571,8.614285714285714,943
11.414285714285716,6.628571428571428,9.042857142857144,10.542857142857144,3.4428571428571426,6.328571428571428,78.08571428571429,7.377571428571429,100.0,9.522857142857143,0.0,43.285714285714285,212.45714285714288,990.9857142857144,63.285714285714285,27.414285714285715,1026
12.485714285714286,6.614285714285714,9.842857142857143,11.957142857142856,3.742857142857143,8.3,83.51428571428572,0.8034285714285714,71.42857142857143,4.761428571428572,0.0,34.9,196.8142857142857,1010.1857142857144,67.98571428571428,16.5,965
12.928571428571429,4.7,8.642857142857142,12.285714285714286,1.4714285714285715,6.7,75.61428571428571,0.4307142857142857,57.142857142857146,9.524285714285714,0.0,26.957142857142856,249.08571428571423,1020.8857142857142,57.71428571428572,12.228571428571428,969
18.957142857142856,10.671428571428573,14.914285714285713,18.957142857142856,9.985714285714286,14.828571428571427,63.6,0.0,0.0,0.0,0.0,20.62857142857143,219.8428571428572,1017.2142857142856,66.07142857142857,22.142857142857142,993
3.6142857142857134,-0.6714285714285715,1.2857142857142858,-0.1714285714285713,-5.7,-3.257142857142857,87.04285714285713,17.190142857142856,71.42857142857143,12.5,0.3714285714285714,24.62857142857143,150.17142857142858,999.5,61.47142857142857,9.3,1129
21.285714285714285,12.228571428571428,16.942857142857143,21.285714285714285,11.257142857142856,16.87142857142857,76.71428571428571,0.7781428571428571,71.42857142857143,8.332857142857142,0.0,24.6,199.05714285714288,1017.3285714285714,45.785714285714285,11.457142857142856,894
7.942857142857143,3.0285714285714285,5.728571428571429,5.271428571428571,-0.3142857142857143,2.6,89.89999999999999,0.9815714285714288,71.42857142857143,5.357142857142857,0.0,28.014285714285712,223.08571428571423,1010.5,71.41428571428573,11.05714285714286,1262
8.714285714285714,2.314285714285714,5.3,8.0,-0.8714285714285716,2.7,85.34285714285714,1.5087142857142857,85.71428571428571,10.121428571428572,0.0,26.0,244.2,1002.342857142857,50.971428571428575,14.085714285714284,1018
9.671428571428573,5.242857142857143,7.285714285714286,8.628571428571428,2.6,5.5,82.3,0.3597142857142857,57.142857142857146,2.9771428571428573,0.0,24.357142857142858,235.28571428571428,1020.157142857143,76.97142857142856,15.257142857142856,1193
11.0,5.285714285714286,7.742857142857143,10.671428571428573,2.1142857142857143,5.785714285714286,84.72857142857143,4.331,71.42857142857143,16.667142857142856,0.0,25.74285714285714,165.07142857142858,1002.6714285714286,63.2,9.014285714285714,1239
16.185714285714287,8.571428571428571,12.071428571428571,16.185714285714287,6.528571428571428,11.5,84.57142857142857,3.151142857142857,85.71428571428571,9.522857142857143,0.0,30.9,249.0,999.0571428571428,35.542857142857144,9.514285714285714,978
12.485714285714286,7.628571428571428,10.114285714285714,12.485714285714286,3.7714285714285714,8.4,81.52857142857144,4.304857142857143,100.0,10.12,0.0,43.51428571428572,224.7142857142857,1006.8857142857142,60.61428571428571,15.971428571428572,1186
14.971428571428572,8.157142857142857,11.428571428571429,14.971428571428572,6.071428571428571,10.685714285714283,76.52857142857144,3.0537142857142854,42.85714285714285,8.332857142857142,0.0,29.328571428571426,107.82857142857142,1014.9857142857144,60.25714285714286,15.457142857142856,957
17.2,12.357142857142858,14.385714285714286,17.2,12.357142857142858,14.385714285714286,88.17142857142858,2.282285714285714,71.42857142857143,4.167142857142857,0.0,16.585714285714285,176.74285714285716,1013.2,88.74285714285715,9.214285714285714,883
18.985714285714288,11.357142857142858,15.157142857142857,18.985714285714288,11.142857142857142,15.12857142857143,87.05714285714285,0.8978571428571429,71.42857142857143,5.952857142857143,0.0,17.7,136.15714285714287,1020.0285714285714,36.971428571428575,6.885714285714286,1057
10.314285714285717,4.285714285714286,7.171428571428572,9.614285714285714,1.0571428571428572,4.842857142857143,80.62857142857142,2.1702857142857144,85.71428571428571,5.951428571428571,0.0,24.285714285714285,247.2428571428572,1018.0,65.82857142857144,12.814285714285717,1029
7.014285714285714,2.9714285714285715,5.171428571428572,5.242857142857143,-0.1714285714285714,2.742857142857143,96.44285714285716,0.8357142857142857,85.71428571428571,5.3585714285714285,0.0,17.04285714285714,230.97142857142856,1023.2714285714284,65.39999999999999,6.614285714285714,1158
8.6,4.0285714285714285,6.328571428571428,5.685714285714285,-0.2571428571428572,2.742857142857143,84.28571428571429,1.895571428571428,100.0,10.118571428571428,0.0,33.05714285714286,207.67142857142855,1002.2285714285716,43.04285714285714,12.9,1220
15.0,8.0,11.357142857142858,15.0,7.228571428571429,11.071428571428571,91.78571428571428,2.8335714285714286,100.0,19.04714285714286,0.0,16.985714285714288,200.94285714285712,1004.0,40.2,9.2,1147
18.714285714285715,12.214285714285714,15.285714285714286,18.714285714285715,12.214285714285714,15.285714285714286,76.64285714285714,1.1611428571428573,57.142857142857146,3.571428571428572,0.0,25.914285714285715,284.12857142857143,1016.1714285714286,75.18571428571428,20.74285714285714,843
13.471428571428572,8.142857142857142,11.142857142857142,13.471428571428572,6.2,10.085714285714284,77.48571428571428,1.211285714285714,100.0,10.715714285714286,0.0,25.685714285714287,287.5285714285714,1021.3285714285714,62.3,11.171428571428573,951
18.0,11.428571428571429,14.599999999999998,18.0,11.214285714285714,14.557142857142855,85.84285714285714,0.9002857142857144,71.42857142857143,6.548571428571429,0.0,27.82857142857143,181.92857142857144,1013.2285714285716,41.9,8.5,1072
15.971428571428572,9.55714285714286,12.742857142857144,15.971428571428572,8.142857142857142,12.37142857142857,85.24285714285715,8.070142857142857,100.0,23.215714285714284,0.0,26.957142857142856,259.07142857142856,1006.3285714285714,46.957142857142856,10.214285714285714,1063
12.3,5.057142857142857,9.114285714285714,11.914285714285716,3.442857142857143,7.8,86.97142857142856,0.5277142857142857,57.142857142857146,2.9771428571428573,0.0,21.857142857142858,235.37142857142857,1023.4285714285714,62.71428571428572,10.085714285714284,1022
12.3,8.671428571428573,10.785714285714286,12.3,7.914285714285714,10.585714285714284,87.8,0.6091428571428572,57.142857142857146,3.571428571428572,0.0,24.885714285714283,148.84285714285716,1013.5571428571428,91.25714285714284,10.828571428571427,1067
15.285714285714286,8.485714285714286,11.37142857142857,15.285714285714286,6.414285714285714,10.457142857142856,78.87142857142858,0.1727142857142857,28.571428571428573,1.7857142857142858,0.0,25.52857142857143,65.05714285714286,1014.1857142857144,62.67142857142857,12.4,976
17.714285714285715,9.185714285714283,13.971428571428572,17.714285714285715,7.8428571428571425,13.757142857142856,72.45714285714286,0.3148571428571429,85.71428571428571,8.930000000000001,0.0,22.557142857142857,220.05714285714288,1011.3714285714286,45.87142857142857,13.87142857142857,939
17.75714285714286,11.185714285714283,14.5,17.75714285714286,11.185714285714283,14.5,79.64285714285714,0.2862857142857143,42.85714285714285,2.975714285714285,0.0,17.314285714285713,267.6857142857143,1020.7285714285716,69.4,21.942857142857143,982
14.542857142857144,7.6,10.828571428571427,14.542857142857144,5.585714285714286,10.05714285714286,82.72857142857143,0.1437142857142857,71.42857142857143,4.761428571428572,0.0,26.17142857142857,244.47142857142856,1022.9714285714286,46.54285714285714,14.728571428571428,984
17.514285714285716,11.414285714285716,14.157142857142857,17.514285714285716,11.071428571428571,14.085714285714284,85.92857142857143,1.9522857142857144,100.0,8.332857142857142,0.0,33.7,206.4857142857143,1008.2857142857144,54.08571428571429,15.94285714285714,951
22.62857142857143,14.457142857142856,18.5,22.557142857142857,14.457142857142856,18.485714285714288,74.81428571428572,0.1421428571428571,14.285714285714286,1.19,0.0,26.27142857142857,185.47142857142856,1017.0571428571428,45.642857142857146,14.171428571428573,886
15.742857142857144,5.328571428571428,10.528571428571428,15.742857142857144,3.5285714285714285,9.742857142857144,74.52857142857144,0.0275714285714285,42.85714285714285,1.7871428571428571,0.0,19.785714285714285,158.37142857142857,1023.157142857143,37.74285714285714,9.742857142857144,1026
13.571428571428571,7.285714285714286,10.428571428571429,13.571428571428571,6.214285714285714,10.071428571428571,91.55714285714284,1.1218571428571429,71.42857142857143,13.095714285714283,0.0,17.728571428571428,195.6142857142857,1011.0285714285714,42.75714285714286,8.857142857142858,1124
11.142857142857142,5.6571428571428575,8.4,10.685714285714283,3.2,6.842857142857143,83.35714285714286,2.069857142857143,71.42857142857143,3.5728571428571425,0.0,20.62857142857143,210.9857142857143,1013.6714285714286,71.44285714285715,15.9,1025
18.785714285714285,11.871428571428572,15.585714285714284,18.785714285714285,11.471428571428572,15.528571428571428,75.21428571428571,0.3561428571428571,14.285714285714286,1.19,0.0,25.81428571428572,278.0142857142857,1017.1142857142858,73.78571428571429,18.04285714285714,822
14.771428571428572,6.342857142857143,10.957142857142856,14.771428571428572,4.228571428571429,10.342857142857143,73.11428571428571,0.056,71.42857142857143,4.167142857142857,0.0,22.542857142857144,56.34285714285714,1016.0,43.41428571428571,11.957142857142856,975
19.4,13.528571428571428,16.642857142857142,19.4,13.528571428571428,16.642857142857142,77.07142857142857,0.0941428571428571,14.285714285714286,0.5957142857142858,0.0,18.514285714285712,106.07142857142856,1016.3285714285714,72.87142857142858,18.65714285714285,939
21.142857142857142,10.37142857142857,16.04285714285714,21.11428571428572,10.014285714285714,15.985714285714286,73.62857142857142,2.248285714285714,57.142857142857146,7.142857142857143,0.0,20.9,192.57142857142856,1015.3857142857142,31.6,12.671428571428567,964
5.757142857142857,1.342857142857143,3.357142857142857,4.857142857142857,-1.8142857142857145,0.8714285714285713,86.88571428571429,1.296,100.0,7.142857142857143,0.0,18.714285714285715,249.3,1001.0,69.39999999999999,14.485714285714286,1802
10.757142857142856,5.2,8.357142857142858,9.828571428571427,1.042857142857143,5.785714285714286,80.85714285714286,4.229857142857143,100.0,19.642857142857142,0.0,39.24285714285714,236.8142857142857,1012.1285714285714,51.32857142857143,11.757142857142856,1156
14.985714285714286,6.1571428571428575,10.657142857142857,14.985714285714286,4.4,9.885714285714286,76.91428571428571,0.354,14.285714285714286,1.19,0.0,23.97142857142857,186.9,1021.2571428571428,56.57142857142857,10.971428571428572,961
13.928571428571429,7.3428571428571425,10.37142857142857,13.628571428571428,5.314285714285715,9.328571428571427,77.08571428571429,0.5832857142857143,85.71428571428571,4.168571428571428,0.0,20.47142857142857,111.18571428571428,1018.2,45.1,11.142857142857142,1065
21.857142857142858,13.328571428571427,17.514285714285712,21.857142857142858,13.328571428571427,17.514285714285712,68.52857142857142,0.1185714285714285,14.285714285714286,1.19,0.0,20.057142857142857,214.8857142857143,1021.0428571428572,58.72857142857144,20.814285714285717,885
10.428571428571429,5.842857142857143,8.228571428571428,8.942857142857143,2.2857142857142856,5.385714285714286,82.25714285714285,1.022,57.142857142857146,2.9771428571428573,0.0,34.5,213.08571428571423,1009.4857142857144,45.71428571428572,17.157142857142855,933
19.857142857142858,11.085714285714284,15.400000000000002,19.857142857142858,10.9,15.37142857142857,71.44285714285715,0.5157142857142857,57.142857142857146,4.167142857142857,0.0,21.185714285714287,134.9,1019.5428571428572,47.7,10.585714285714284,932
3.4714285714285715,0.1142857142857143,1.6428571428571428,0.1428571428571428,-4.714285714285714,-2.7285714285714286,72.95714285714286,0.1414285714285714,28.571428571428573,2.38,2.4,25.88571428571429,113.05714285714284,1021.6,50.85714285714285,24.685714285714287,1359
7.6,2.157142857142857,4.928571428571429,5.585714285714286,-0.2142857142857142,2.6714285714285717,82.3,0.1567142857142857,71.42857142857143,3.5728571428571425,0.0,17.6,220.65714285714284,1016.4857142857144,62.5,15.9,1064
11.2,4.314285714285714,8.0,9.957142857142856,1.6714285714285717,6.042857142857143,73.24285714285715,0.2212857142857142,28.571428571428573,1.7857142857142858,0.0,21.74285714285714,187.47142857142856,1015.8714285714286,58.54285714285714,20.728571428571428,1009
9.985714285714286,2.9857142857142853,6.685714285714285,9.414285714285716,0.9142857142857144,4.8,71.58571428571429,0.2125714285714285,57.142857142857146,4.1657142857142855,0.0,20.2,277.81428571428575,1010.6714285714286,65.95714285714286,17.385714285714286,1022
8.8,2.2142857142857144,5.557142857142857,6.114285714285714,-1.871428571428572,2.3428571428571425,76.48571428571428,2.0780000000000003,100.0,12.5,0.0,43.17142857142857,212.64285714285717,997.7857142857144,53.62857142857143,17.185714285714287,1078
11.514285714285714,3.185714285714286,7.628571428571428,11.014285714285714,-0.1142857142857143,5.557142857142857,78.91428571428571,1.5841428571428569,85.71428571428571,13.097142857142858,0.0,33.528571428571425,227.4857142857143,1014.2714285714284,49.08571428571429,11.414285714285716,1077
10.928571428571429,4.885714285714286,8.157142857142857,9.542857142857144,1.6285714285714283,5.771428571428571,80.88571428571429,11.197428571428572,100.0,9.525714285714288,0.0,31.15714285714285,276.0571428571429,1016.2571428571428,62.642857142857146,14.3,1020
20.52857142857143,12.085714285714284,16.614285714285717,20.52857142857143,12.085714285714284,16.614285714285717,81.61428571428571,0.5248571428571428,14.285714285714286,1.19,0.0,19.02857142857143,251.94285714285712,1019.7857142857144,71.35714285714286,12.05714285714286,865
7.0,2.7142857142857144,4.628571428571428,3.7,-2.1714285714285717,0.6285714285714284,86.2,1.3954285714285717,57.142857142857146,11.308571428571428,0.0571428571428571,36.5,217.3571428571429,1003.7428571428572,57.58571428571429,8.72857142857143,1527
5.371428571428572,0.4428571428571429,2.8857142857142857,1.6285714285714286,-4.571428571428571,-1.5714285714285714,85.12857142857142,0.3895714285714286,42.85714285714285,2.381428571428572,5.15,30.214285714285715,251.8428571428572,1006.1714285714286,56.75714285714286,13.9,1098
23.428571428571427,14.342857142857143,18.285714285714285,23.6,14.342857142857143,18.314285714285717,83.42857142857143,1.1774285714285713,85.71428571428571,5.951428571428571,0.0,21.62857142857143,202.87142857142857,1015.3142857142856,61.85714285714285,9.585714285714284,924
7.557142857142857,3.871428571428571,5.6571428571428575,5.042857142857143,0.6428571428571429,2.728571428571428,93.72857142857144,1.602142857142857,71.42857142857143,11.905714285714286,0.0,24.1,201.58571428571423,1004.4142857142856,58.32857142857143,9.385714285714286,1192
21.342857142857145,12.657142857142858,17.014285714285712,21.342857142857145,12.657142857142858,17.014285714285712,70.44285714285715,0.1324285714285714,28.571428571428573,1.1914285714285715,0.0,21.085714285714285,224.32857142857145,1019.6285714285714,55.81428571428571,28.2,911
22.1,13.342857142857143,17.87142857142857,22.1,13.342857142857143,17.87142857142857,62.58571428571429,0.1678571428571428,14.285714285714286,1.19,0.0,27.214285714285715,224.14285714285717,1012.0,58.7,11.342857142857143,904
19.11428571428572,11.228571428571428,15.428571428571429,19.11428571428572,11.228571428571428,15.428571428571429,79.01428571428572,0.3015714285714286,14.285714285714286,1.19,0.0,23.74285714285714,115.14285714285714,1016.6714285714286,58.22857142857144,14.05714285714286,846
6.2,3.142857142857143,4.728571428571429,4.614285714285714,0.0714285714285714,2.314285714285714,83.81428571428572,0.1298571428571428,57.142857142857146,2.9771428571428573,7.0,19.342857142857145,175.58571428571426,1023.2857142857144,81.41428571428571,12.1,1114
14.1,9.828571428571427,12.042857142857144,14.1,8.814285714285713,11.814285714285717,83.31428571428572,0.435,85.71428571428571,4.168571428571428,0.0,19.042857142857144,300.62857142857143,1017.2571428571428,82.84285714285714,15.685714285714283,999
19.357142857142858,11.071428571428571,15.257142857142856,19.357142857142858,10.842857142857143,15.242857142857144,70.38571428571429,0.0074285714285714,14.285714285714286,0.5957142857142858,0.0,19.47142857142857,203.92857142857144,1019.2571428571428,63.02857142857143,21.9,990
21.928571428571427,12.142857142857142,16.728571428571428,21.928571428571427,11.842857142857143,16.685714285714287,71.87142857142858,1.823,100.0,14.881428571428572,0.0,29.071428571428573,216.94285714285712,1006.6857142857144,40.8,12.2,867
10.1,4.357142857142857,7.2,8.457142857142857,1.5857142857142856,5.1000000000000005,84.87142857142858,0.3834285714285714,71.42857142857143,9.524285714285714,0.0,21.17142857142857,248.2,1018.6,71.11428571428571,9.314285714285717,1135
22.8,11.614285714285714,16.928571428571427,22.814285714285717,11.314285714285717,16.87142857142857,75.88571428571429,0.1472857142857142,14.285714285714286,4.167142857142857,0.0,21.357142857142858,208.77142857142857,1020.2285714285716,25.657142857142865,10.714285714285714,865
17.785714285714285,10.514285714285714,14.357142857142858,17.785714285714285,9.985714285714286,14.242857142857144,75.22857142857143,0.0,0.0,0.0,0.0,28.15714285714285,261.1142857142857,1021.6142857142858,78.92857142857143,24.914285714285715,902
3.9,-1.3714285714285714,1.1857142857142855,1.657142857142857,-4.085714285714286,-1.3142857142857145,87.44285714285715,0.1227142857142857,57.142857142857146,2.382857142857143,1.7,15.928571428571429,175.12857142857143,1025.757142857143,49.92857142857143,9.185714285714283,1113
12.814285714285717,8.314285714285713,10.771428571428572,12.814285714285717,5.885714285714286,10.0,90.55714285714284,2.645285714285714,100.0,5.952857142857143,0.0,31.1,215.4857142857143,1001.3142857142856,91.7,13.957142857142856,1135
9.94285714285714,3.357142857142857,6.714285714285714,9.585714285714284,1.9142857142857144,5.642857142857143,93.01428571428572,0.0855714285714285,71.42857142857143,4.167142857142857,0.0,18.885714285714283,143.18571428571428,1025.0857142857144,50.74285714285714,7.228571428571428,1200
13.214285714285714,8.571428571428571,10.671428571428573,12.885714285714286,7.071428571428571,9.742857142857144,82.4,3.921142857142857,100.0,4.764285714285714,0.0,20.3,194.1142857142857,1001.4,73.14285714285714,19.67142857142857,999
7.314285714285715,3.0285714285714285,5.242857142857143,5.985714285714286,-0.1,2.685714285714286,89.87142857142858,1.669,57.142857142857146,2.9771428571428573,0.0,19.285714285714285,182.14285714285717,1007.8714285714286,88.68571428571428,8.571428571428571,1280
18.1,10.928571428571429,14.457142857142856,18.1,10.12857142857143,14.357142857142858,79.55714285714285,0.72,57.142857142857146,2.382857142857143,0.0,27.228571428571428,248.67142857142855,1011.2428571428572,67.08571428571429,16.114285714285714,898
16.742857142857144,9.37142857142857,12.842857142857143,16.742857142857144,9.257142857142856,12.785714285714286,89.41428571428571,2.3017142857142856,85.71428571428571,10.714285714285714,0.0,19.914285714285715,140.4142857142857,1014.0285714285714,57.75714285714286,10.157142857142857,1014
11.085714285714284,4.685714285714285,8.057142857142857,9.514285714285714,2.742857142857143,6.2,76.89999999999999,0.3972857142857143,42.85714285714285,1.7871428571428571,0.0,20.6,53.07142857142857,1016.2857142857144,64.1,21.542857142857144,1029
19.028571428571432,10.257142857142856,14.714285714285714,19.028571428571432,10.1,14.671428571428573,72.91428571428573,0.2542857142857143,57.142857142857146,2.382857142857143,0.0,21.25714285714286,255.55714285714285,1019.2,51.62857142857143,21.17142857142857,852
19.414285714285715,12.157142857142857,15.885714285714286,19.414285714285715,11.685714285714283,15.842857142857143,84.51428571428572,3.358285714285714,71.42857142857143,8.930000000000001,0.0,24.342857142857145,84.28571428571429,1017.0142857142856,64.05714285714285,9.771428571428572,869
10.042857142857144,6.014285714285714,8.1,9.042857142857144,3.8,6.342857142857143,91.81428571428572,0.5711428571428572,57.142857142857146,3.5728571428571425,0.0,21.385714285714283,131.81428571428572,1015.2571428571428,76.81428571428572,7.214285714285714,1048
15.414285714285716,7.428571428571429,11.542857142857144,15.357142857142858,5.814285714285715,11.014285714285714,75.17142857142858,1.8952857142857145,57.142857142857146,13.69,0.0,25.585714285714285,190.17142857142855,1012.7571428571428,43.22857142857144,11.957142857142856,1021
13.142857142857142,7.714285714285714,10.5,13.142857142857142,4.585714285714286,8.742857142857144,85.15714285714286,6.537999999999999,71.42857142857143,12.5,0.0,37.34285714285714,210.64285714285717,1012.4142857142858,38.75714285714286,10.242857142857144,1081
7.8428571428571425,3.1714285714285717,5.371428571428572,6.142857142857143,0.6142857142857142,3.0285714285714285,88.48571428571428,1.3762857142857143,85.71428571428571,4.168571428571428,0.0,19.65714285714285,277.92857142857144,1004.9857142857144,64.25714285714285,12.4,1012
11.642857142857142,6.028571428571429,9.114285714285714,11.62857142857143,2.4,7.128571428571428,81.92857142857143,7.828857142857143,100.0,30.95142857142857,0.0,41.12857142857143,229.02857142857144,1006.3142857142856,56.65714285714286,10.685714285714283,1137
17.142857142857142,7.428571428571429,12.12857142857143,17.142857142857142,7.128571428571428,12.071428571428571,86.14285714285714,0.0374285714285714,57.142857142857146,2.382857142857143,0.0,18.37142857142857,61.17142857142857,1033.1285714285714,28.5,9.614285714285714,1082
22.74285714285714,13.87142857142857,18.428571428571427,22.74285714285714,13.87142857142857,18.428571428571427,74.05714285714285,0.0245714285714285,28.571428571428573,1.1914285714285715,0.0,19.642857142857142,219.94285714285712,1017.9428571428572,62.82857142857143,20.514285714285712,848
21.74285714285714,13.785714285714286,17.914285714285715,22.014285714285712,13.785714285714286,17.928571428571427,68.45714285714287,0.0,0.0,0.0,0.0,20.914285714285715,64.5,1022.9285714285714,57.32857142857143,24.057142857142857,947
7.714285714285714,2.571428571428572,5.6571428571428575,5.071428571428571,-1.457142857142857,2.3428571428571425,87.48571428571428,0.793,57.142857142857146,7.142857142857143,0.0,28.557142857142857,252.8571428571429,1012.6142857142858,45.94285714285714,10.114285714285714,1253
10.44285714285714,5.614285714285714,8.085714285714285,10.014285714285714,2.8428571428571425,5.942857142857143,80.2,1.5950000000000002,71.42857142857143,2.9785714285714286,0.0,28.571428571428573,226.97142857142856,1009.8571428571428,59.6,24.728571428571428,1037
8.871428571428572,2.9,6.014285714285714,6.671428571428572,-0.5,3.485714285714286,88.17142857142858,2.4558571428571425,85.71428571428571,6.548571428571429,0.0,24.61428571428572,211.65714285714284,1002.2,57.94285714285714,16.714285714285715,1076
15.857142857142858,7.471428571428571,11.685714285714283,15.857142857142858,5.985714285714286,11.257142857142856,84.68571428571428,0.4131428571428571,71.42857142857143,2.9785714285714286,0.0,35.214285714285715,258.35714285714283,1021.2857142857144,66.41428571428571,11.62857142857143,905
21.328571428571426,13.5,17.32857142857143,21.328571428571426,13.5,17.32857142857143,80.84285714285714,0.9027142857142856,85.71428571428571,14.878571428571428,0.0,23.042857142857144,205.22857142857143,1012.2142857142856,55.12857142857143,9.8,969
23.514285714285712,14.0,18.642857142857142,23.514285714285712,14.0,18.642857142857142,70.2,0.109,28.571428571428573,1.7857142857142858,0.0,22.02857142857143,174.4,1018.4714285714286,43.58571428571429,20.0,897
10.171428571428573,6.514285714285714,8.585714285714285,9.814285714285717,5.514285714285714,7.7,91.08571428571427,0.0,0.0,0.0,0.0,14.37142857142857,218.45714285714283,1030.142857142857,87.62857142857142,6.4,1016
9.728571428571428,3.914285714285714,6.885714285714285,8.328571428571427,-0.0428571428571428,4.057142857142857,75.58571428571429,1.1451428571428572,57.142857142857146,2.9771428571428573,0.0,33.142857142857146,245.72857142857143,1012.6428571428572,69.65714285714286,23.142857142857142,1143
7.8,0.6571428571428573,4.357142857142857,5.285714285714286,-2.771428571428572,1.3285714285714287,84.92857142857143,0.3381428571428571,71.42857142857143,7.737142857142857,1.7285714285714284,25.61428571428572,264.75714285714287,1026.4428571428573,59.92857142857143,9.6,1215
18.571428571428573,11.0,14.685714285714283,18.571428571428573,10.114285714285714,14.642857142857142,77.64285714285714,2.487428571428571,71.42857142857143,7.737142857142857,0.0,30.08571428571429,189.4,1005.4571428571428,66.55714285714285,15.671428571428573,953
9.385714285714286,3.6714285714285713,6.814285714285715,8.028571428571428,0.5428571428571428,4.342857142857143,89.8,1.8887142857142856,71.42857142857143,4.167142857142857,7.0,23.27142857142857,261.8285714285714,1010.1428571428572,75.91428571428571,18.714285714285715,1097
10.642857142857142,5.1571428571428575,8.2,9.385714285714286,2.0571428571428574,5.928571428571429,87.17142857142858,0.545,100.0,11.311428571428571,0.0,30.11428571428572,274.1428571428572,1020.1,62.15714285714286,15.3,999
7.371428571428572,1.157142857142857,4.128571428571428,4.657142857142857,-2.914285714285714,0.9,77.08571428571429,0.2252857142857142,85.71428571428571,4.762857142857143,0.0,27.47142857142857,232.58571428571423,1002.6142857142858,55.98571428571428,20.4,1157
0.5428571428571428,-2.4285714285714284,-0.8285714285714285,-2.042857142857143,-6.871428571428572,-4.342857142857143,88.51428571428572,0.435,57.142857142857146,3.571428571428572,5.957142857142857,20.3,135.25714285714284,1004.7571428571428,86.11428571428571,7.5,1190
10.0,4.271428571428571,7.071428571428571,9.44285714285714,1.5714285714285714,4.971428571428571,82.42857142857143,0.8570000000000001,57.142857142857146,3.571428571428572,0.0,20.67142857142857,225.6142857142857,1010.4571428571428,82.42857142857143,14.114285714285714,1158
10.514285714285714,4.2,6.785714285714286,10.3,0.6285714285714287,4.557142857142857,77.28571428571429,0.2331428571428571,28.571428571428573,1.7857142857142858,0.0,31.328571428571426,264.6428571428572,1007.842857142857,63.785714285714285,22.542857142857144,972
12.642857142857142,4.0,8.642857142857142,12.342857142857143,1.8285714285714287,7.2,74.35714285714286,0.0,0.0,0.0,0.0,24.071428571428573,225.3142857142857,1022.2857142857144,30.014285714285712,11.971428571428572,993
6.242857142857143,2.4285714285714284,4.5285714285714285,4.757142857142857,-0.0714285714285714,2.2857142857142856,80.82857142857142,0.6950000000000001,71.42857142857143,3.5728571428571425,0.0,16.614285714285714,206.47142857142856,1035.9428571428573,68.92857142857143,13.214285714285714,1117
9.642857142857142,5.471428571428571,7.471428571428571,8.314285714285715,2.314285714285714,5.385714285714286,91.45714285714288,0.1662857142857143,57.142857142857146,3.571428571428572,0.0,27.62857142857143,231.65714285714284,1023.5571428571428,65.97142857142858,9.757142857142856,1094
3.6,1.1,2.3285714285714287,0.3999999999999999,-3.3714285714285714,-1.5714285714285714,83.75714285714285,0.1931428571428571,71.42857142857143,3.5728571428571425,0.0,23.8,34.01428571428571,1028.642857142857,81.5,8.442857142857143,1242
15.342857142857143,7.771428571428571,11.05714285714286,15.342857142857143,6.128571428571428,10.385714285714286,74.87142857142858,0.0855714285714285,28.571428571428573,1.1914285714285715,0.0,22.228571428571428,56.55714285714286,1019.5857142857144,58.18571428571429,15.185714285714283,946
6.714285714285714,2.857142857142857,4.6000000000000005,2.857142857142857,-2.1,0.2999999999999999,88.15714285714286,2.3512857142857144,85.71428571428571,12.501428571428573,0.0,35.07142857142857,215.22857142857143,989.9285714285714,53.614285714285714,17.12857142857143,1234
16.4,7.757142857142857,12.385714285714286,16.4,5.528571428571429,11.814285714285717,75.77142857142857,0.3204285714285714,71.42857142857143,3.5728571428571425,0.0,31.32857142857143,191.32857142857145,1015.8714285714286,56.08571428571429,16.814285714285713,923
4.285714285714286,0.1,2.271428571428572,1.5714285714285714,-3.4857142857142853,-1.2142857142857142,86.25714285714285,0.7491428571428571,100.0,7.141428571428572,1.5,25.61428571428571,236.5142857142857,1023.9714285714286,63.04285714285714,12.957142857142856,1248
3.585714285714286,-1.2857142857142858,1.1285714285714286,2.757142857142857,-3.3428571428571425,-0.3000000000000001,93.57142857142856,1.0481428571428573,85.71428571428571,8.334285714285715,0.0,13.114285714285714,243.4857142857143,1033.5571428571427,49.74285714285714,4.6571428571428575,1010
8.2,2.7285714285714286,5.228571428571429,4.471428571428572,-2.0571428571428574,0.8428571428571429,79.60000000000001,1.1957142857142855,71.42857142857143,3.5728571428571425,0.0,42.457142857142856,269.2857142857143,1011.3,64.08571428571429,18.014285714285712,1091
12.585714285714284,7.742857142857143,10.242857142857144,12.585714285714284,6.428571428571429,9.642857142857142,90.11428571428571,0.4291428571428571,28.571428571428573,2.975714285714285,0.0,18.142857142857142,176.05714285714288,1019.1142857142856,69.71428571428571,8.057142857142857,947
10.44285714285714,4.157142857142857,7.899999999999999,8.914285714285715,0.0428571428571427,5.271428571428571,83.05714285714285,0.0907142857142857,57.142857142857146,2.9771428571428573,0.0,40.27142857142858,228.62857142857143,1013.9571428571428,68.94285714285714,15.885714285714286,1385
5.114285714285714,1.9,3.3714285714285714,2.8285714285714283,-1.8000000000000005,0.2428571428571426,85.02857142857144,0.4664285714285713,71.42857142857143,4.761428571428572,2.6,23.885714285714283,115.35714285714286,1023.2142857142856,86.1,7.885714285714286,1194
14.9,7.5,11.05714285714286,14.9,5.828571428571428,10.414285714285716,77.37142857142858,0.0564285714285714,42.85714285714285,1.7871428571428571,0.0,21.342857142857145,284.9857142857143,1012.5142857142856,62.01428571428572,19.97142857142857,939
16.428571428571427,9.87142857142857,13.028571428571428,16.428571428571427,7.8,12.585714285714284,82.82857142857142,2.782142857142857,100.0,9.521428571428572,0.0,31.800000000000004,228.3,1009.8,68.72857142857143,13.857142857142858,1000
6.4,2.7857142857142856,4.614285714285715,4.557142857142857,-0.5428571428571428,1.842857142857143,88.74285714285715,1.017,57.142857142857146,3.571428571428572,0.0,20.071428571428573,141.77142857142857,1023.8714285714286,76.05714285714285,7.057142857142857,1124
16.914285714285715,9.271428571428572,13.1,16.914285714285715,8.542857142857143,12.94285714285714,79.10000000000001,3.890428571428571,57.142857142857146,2.9771428571428573,0.0,24.728571428571428,228.5142857142857,1014.3285714285714,74.24285714285715,18.357142857142858,838
11.571428571428571,5.385714285714286,8.22857142857143,10.985714285714286,2.4285714285714284,6.028571428571429,84.07142857142857,0.6815714285714286,71.42857142857143,4.761428571428572,0.0,26.885714285714283,178.28571428571428,1003.9,74.78571428571429,11.428571428571429,1054
8.657142857142857,4.471428571428571,6.542857142857143,7.2,1.0285714285714287,4.457142857142857,89.0,1.1681428571428571,42.85714285714285,3.5700000000000003,0.0,30.385714285714283,168.71428571428572,1008.8857142857142,82.82857142857142,10.571428571428571,1128
9.757142857142856,4.3,7.028571428571429,7.585714285714286,0.8571428571428571,4.185714285714286,78.25714285714285,1.0135714285714286,57.142857142857146,2.382857142857143,0.0,30.414285714285715,258.8,1006.8714285714286,63.52857142857143,24.557142857142857,1347
9.87142857142857,3.6,6.757142857142857,8.714285714285714,0.1999999999999999,4.142857142857143,83.81428571428572,0.0441428571428571,57.142857142857146,2.382857142857143,0.0,24.414285714285715,268.7285714285714,1026.6285714285714,57.31428571428571,9.357142857142858,1084
4.514285714285714,2.071428571428572,3.3428571428571425,1.2285714285714284,-2.7285714285714286,-0.9142857142857144,82.64285714285714,0.377,42.85714285714285,2.9771428571428573,0.0,27.442857142857143,81.44285714285715,1024.5285714285717,69.17142857142858,8.742857142857142,1111
2.457142857142857,-0.2857142857142857,1.1714285714285713,0.0428571428571428,-5.328571428571428,-2.6,92.22857142857144,1.2952857142857144,100.0,17.259999999999998,6.4,25.014285714285712,97.52857142857144,1013.8571428571428,79.95714285714287,7.1,1164
13.0,5.571428571428571,9.357142857142858,13.0,3.3857142857142857,8.2,82.05714285714285,0.5428571428571428,71.42857142857143,9.524285714285714,0.0,19.82857142857143,171.22857142857146,1016.842857142857,43.7,8.9,1042
26.74285714285714,15.12857142857143,20.8,26.185714285714287,15.12857142857143,20.728571428571428,68.4,0.2948571428571429,57.142857142857146,3.5728571428571425,0.0,20.2,119.54285714285712,1017.2142857142856,44.0,7.942857142857143,986
11.0,3.042857142857143,7.442857142857143,10.228571428571428,-0.3571428571428571,5.485714285714286,76.72857142857143,0.1502857142857143,57.142857142857146,4.1657142857142855,0.0,29.314285714285717,256.0857142857143,1014.5714285714286,64.25714285714285,13.4,1107
22.428571428571427,12.857142857142858,17.842857142857145,22.428571428571427,12.857142857142858,17.842857142857145,69.35714285714286,0.2135714285714285,42.85714285714285,2.975714285714285,0.0,23.5,180.65714285714284,1013.8142857142856,34.228571428571435,10.042857142857144,970
10.657142857142857,3.442857142857143,7.3,9.957142857142856,-0.0714285714285714,4.8,71.15714285714286,0.7074285714285714,42.85714285714285,2.381428571428572,0.0,32.371428571428574,208.94285714285712,1010.2,65.8,27.142857142857142,952
19.385714285714283,11.55714285714286,15.214285714285714,19.385714285714283,11.014285714285714,15.12857142857143,84.78571428571429,1.7554285714285716,100.0,7.144285714285714,0.0,20.414285714285715,264.87142857142857,1013.6142857142858,73.64285714285714,12.842857142857143,936
15.714285714285714,4.071428571428571,10.071428571428571,15.485714285714286,2.4,9.3,70.10000000000001,0.5107142857142858,71.42857142857143,4.168571428571428,0.0142857142857142,23.428571428571427,227.5142857142857,1020.1428571428572,36.25714285714286,11.55714285714286,1007
20.757142857142856,6.985714285714286,13.585714285714284,20.757142857142856,6.142857142857143,13.328571428571427,69.10000000000001,0.0,0.0,0.0,0.0,20.985714285714288,111.98571428571428,1016.7285714285716,21.314285714285717,6.714285714285714,980
15.7,10.042857142857144,13.37142857142857,15.7,9.014285714285714,13.12857142857143,85.87142857142858,4.545,100.0,13.691428571428572,0.0,30.071428571428573,189.37142857142857,1006.2,58.32857142857143,12.257142857142856,971
14.928571428571429,8.057142857142857,11.257142857142856,14.12857142857143,6.7,10.285714285714286,65.71428571428571,0.2035714285714285,28.571428571428573,1.1914285714285715,0.0,20.6,194.07142857142856,1015.342857142857,64.48571428571428,21.885714285714283,960
10.2,3.071428571428572,6.614285714285714,8.757142857142856,-0.4142857142857142,3.8,79.11428571428571,0.9904285714285714,71.42857142857143,2.9785714285714286,0.0,25.82857142857143,251.1,1010.1,60.98571428571428,20.228571428571428,992
17.271428571428572,8.0,12.928571428571429,17.271428571428572,6.171428571428572,12.5,69.35714285714286,0.1362857142857143,42.85714285714285,2.381428571428572,0.0,24.885714285714283,109.34285714285714,1026.142857142857,34.01428571428571,9.842857142857143,1015
12.085714285714284,5.242857142857143,8.042857142857143,11.87142857142857,2.457142857142857,6.471428571428571,80.7,0.8042857142857143,28.571428571428573,1.1914285714285715,0.0,16.071428571428573,113.62857142857142,1010.5285714285714,76.8,11.885714285714286,1127
23.27142857142857,13.042857142857144,18.15714285714285,23.142857142857142,13.042857142857144,18.12857142857143,65.31428571428572,0.1491428571428571,14.285714285714286,1.19,0.0,19.47142857142857,261.01428571428573,1018.8142857142856,48.44285714285714,18.12857142857143,857
10.114285714285714,3.6857142857142855,6.742857142857143,8.571428571428571,-0.4428571428571429,3.4285714285714284,77.48571428571428,1.1167142857142858,85.71428571428571,6.547142857142857,0.0,41.01428571428572,137.74285714285716,1012.2142857142856,69.2,14.914285714285716,1095
8.985714285714286,5.142857142857143,7.242857142857143,7.242857142857143,1.2714285714285716,4.714285714285714,87.04285714285713,3.9191428571428575,100.0,24.404285714285717,0.0,30.642857142857142,201.45714285714288,994.8714285714286,50.25714285714286,9.671428571428573,1260
11.742857142857144,4.4,8.1,11.271428571428572,0.857142857142857,5.957142857142857,79.2,1.3914285714285717,71.42857142857143,10.715714285714286,0.0,25.77142857142857,237.04285714285717,1017.342857142857,47.72857142857144,12.342857142857143,989
8.085714285714285,0.7857142857142857,3.985714285714285,5.957142857142857,-2.414285714285714,1.1,87.34285714285714,0.1131428571428571,57.142857142857146,2.9771428571428573,0.0,22.77142857142857,217.67142857142855,1026.4,56.41428571428571,8.871428571428572,1195
16.885714285714286,10.642857142857142,13.742857142857144,16.885714285714286,10.328571428571427,13.685714285714283,81.42857142857143,1.1372857142857142,85.71428571428571,4.168571428571428,0.0,19.042857142857144,178.22857142857146,1014.8571428571428,89.04285714285713,18.95714285714286,900
10.814285714285717,4.414285714285714,7.6,10.528571428571428,1.4,5.357142857142857,85.0,0.0,0.0,0.0,0.0,27.17142857142857,239.18571428571428,1009.0571428571428,71.3,15.914285714285716,955
10.285714285714286,5.571428571428571,8.185714285714285,9.085714285714284,2.957142857142857,6.471428571428571,88.67142857142858,1.2157142857142855,85.71428571428571,11.31,0.0,28.842857142857145,120.9,1009.1,65.42857142857143,8.885714285714284,1058
23.814285714285717,14.428571428571429,19.414285714285715,23.814285714285717,14.428571428571429,19.414285714285715,73.89999999999999,1.1732857142857145,57.142857142857146,3.5728571428571425,0.0,23.942857142857143,213.64285714285717,1013.0714285714286,52.71428571428572,14.957142857142856,961
6.728571428571429,1.0142857142857142,3.942857142857143,5.285714285714286,-1.5857142857142856,1.8000000000000005,87.78571428571429,0.9658571428571427,57.142857142857146,16.071428571428573,0.0,18.8,110.25714285714284,1022.1714285714286,58.3,7.3,1328
10.271428571428572,5.171428571428572,7.742857142857143,8.628571428571428,0.5285714285714286,4.442857142857142,82.24285714285715,1.9632857142857143,85.71428571428571,13.69,0.0,42.957142857142856,243.12857142857143,1005.7428571428572,48.07142857142857,15.357142857142858,1111
9.728571428571428,4.557142857142857,7.214285714285714,7.714285714285714,1.957142857142857,4.571428571428571,79.02857142857144,1.1065714285714283,57.142857142857146,3.571428571428572,0.0,24.228571428571428,55.18571428571429,1019.8,68.91428571428571,13.357142857142858,947
4.457142857142857,-0.3714285714285714,2.071428571428572,-0.0714285714285714,-5.128571428571428,-2.442857142857143,69.57142857142857,0.0321428571428571,42.85714285714285,1.7871428571428571,0.0,31.714285714285715,45.67142857142857,1015.5142857142856,45.82857142857143,11.471428571428572,1194
17.542857142857144,11.94285714285714,14.414285714285716,17.542857142857144,11.771428571428572,14.385714285714286,83.38571428571429,2.8404285714285717,57.142857142857146,3.571428571428572,0.0,16.914285714285715,262.74285714285713,1000.5428571428572,76.07142857142857,13.657142857142857,972
19.87142857142857,11.528571428571428,15.5,19.87142857142857,11.414285714285716,15.485714285714286,80.32857142857142,2.1515714285714287,57.142857142857146,5.952857142857143,0.0,20.514285714285712,111.45714285714288,1016.5714285714286,68.62857142857142,12.814285714285717,893
22.928571428571427,13.714285714285714,18.385714285714283,22.928571428571427,13.642857142857142,18.385714285714283,68.71428571428571,0.0,0.0,0.0,0.0,19.557142857142857,244.47142857142856,1014.3571428571428,67.38571428571429,21.65714285714285,915
18.485714285714284,7.314285714285715,12.928571428571429,18.485714285714284,6.071428571428571,12.485714285714286,69.84285714285714,0.0735714285714285,57.142857142857146,2.382857142857143,0.0,18.47142857142857,225.37142857142857,1024.428571428571,43.07142857142857,14.44285714285714,979
16.04285714285714,10.042857142857144,12.914285714285716,16.04285714285714,9.3,12.685714285714283,67.67142857142856,0.0,0.0,0.0,0.0,23.085714285714285,117.51428571428572,1016.7428571428572,68.85714285714286,20.285714285714285,997
3.8285714285714287,-0.0285714285714286,1.8714285714285717,2.5,-2.6714285714285717,-0.2142857142857142,86.25714285714285,0.717,100.0,6.547142857142857,1.66,15.285714285714286,180.8571428571429,1023.6142857142858,76.27142857142857,7.528571428571429,1223
10.714285714285714,3.571428571428572,7.528571428571429,9.985714285714286,0.4714285714285715,5.257142857142857,88.47142857142856,0.8207142857142857,42.85714285714285,3.571428571428572,0.0,21.2,251.9857142857143,1016.3857142857142,38.971428571428575,8.985714285714286,1107
15.285714285714286,10.857142857142858,13.042857142857144,15.285714285714286,10.528571428571428,12.957142857142856,88.17142857142858,9.031714285714283,85.71428571428571,30.357142857142858,0.0142857142857142,25.914285714285715,158.5,1011.1,50.74285714285714,8.4,1004
10.685714285714283,7.242857142857143,9.171428571428573,9.914285714285716,4.171428571428572,6.957142857142857,86.2,0.3148571428571429,14.285714285714286,1.19,0.0,32.07142857142857,250.02857142857144,1019.9857142857144,69.41428571428571,12.471428571428572,1023
21.085714285714285,12.271428571428572,16.357142857142858,21.085714285714285,12.142857142857142,16.342857142857145,74.98571428571428,3.758,100.0,14.881428571428572,0.0,29.457142857142856,218.77142857142857,1003.4571428571428,49.18571428571429,13.2,880
7.428571428571429,0.5714285714285714,3.928571428571429,3.571428571428572,-4.157142857142857,-0.3428571428571428,83.32857142857142,1.4528571428571428,71.42857142857143,11.308571428571428,0.0285714285714285,32.285714285714285,220.28571428571428,1008.2857142857144,43.8,9.685714285714283,1321
19.228571428571428,12.0,15.514285714285714,19.228571428571428,12.0,15.514285714285714,73.85714285714286,0.5714285714285714,71.42857142857143,3.5728571428571425,0.0,30.414285714285715,202.0,1014.7,66.47142857142858,20.414285714285715,858
23.342857142857135,14.114285714285714,18.514285714285712,23.385714285714283,14.114285714285714,18.514285714285712,80.01428571428572,6.193857142857143,42.85714285714285,6.547142857142857,0.0,19.042857142857144,216.3142857142857,1015.9714285714286,53.71428571428572,9.62857142857143,971
9.085714285714284,4.014285714285714,6.785714285714286,6.557142857142857,0.2714285714285714,3.757142857142857,77.88571428571429,0.5854285714285714,57.142857142857146,3.571428571428572,1.0,31.61428571428572,288.25714285714287,1010.8857142857142,75.47142857142856,13.071428571428571,951
10.428571428571429,2.4285714285714284,6.171428571428572,9.528571428571428,-1.3285714285714287,3.3714285714285714,83.98571428571428,1.3264285714285715,42.85714285714285,7.738571428571428,0.0,25.1,230.1,1019.0428571428572,28.785714285714285,9.6,1291
19.2,13.328571428571427,16.242857142857144,19.2,13.328571428571427,16.242857142857144,82.98571428571428,1.964,71.42857142857143,4.167142857142857,0.0,19.82857142857143,233.5,1014.1428571428572,86.5,19.25714285714286,915
18.142857142857142,9.857142857142858,14.042857142857144,18.142857142857142,9.1,13.828571428571427,75.11428571428571,0.3131428571428571,71.42857142857143,4.167142857142857,0.0,26.814285714285717,260.2,1011.5571428571428,40.32857142857143,11.642857142857142,914
22.557142857142857,13.242857142857144,18.057142857142857,22.557142857142857,13.242857142857144,18.057142857142857,76.5,0.2037142857142857,28.571428571428573,4.761428571428572,0.0,21.74285714285714,180.14285714285714,1017.7142857142856,36.52857142857143,9.5,1012
17.32857142857143,12.042857142857144,14.6,17.32857142857143,11.94285714285714,14.6,77.62857142857142,0.8108571428571428,71.42857142857143,4.761428571428572,0.0,22.414285714285715,292.57142857142856,1020.7714285714284,75.27142857142857,21.785714285714285,792
20.571428571428573,12.514285714285714,16.62857142857143,20.571428571428573,12.514285714285714,16.62857142857143,77.22857142857143,1.4922857142857142,71.42857142857143,12.5,0.0,19.24285714285714,251.77142857142857,1011.8714285714286,53.22857142857144,13.62857142857143,888
15.985714285714286,7.285714285714286,11.885714285714286,15.985714285714286,5.528571428571429,11.342857142857143,73.25714285714285,0.9792857142857144,42.85714285714285,4.167142857142857,0.0,24.1,233.67142857142855,1017.4285714285714,48.285714285714285,9.742857142857144,1000
9.857142857142858,3.957142857142857,7.285714285714286,7.614285714285714,0.6285714285714287,4.628571428571428,89.41428571428571,1.8378571428571429,100.0,17.262857142857143,0.0,35.714285714285715,204.82857142857145,1013.9142857142856,46.5,13.671428571428573,1057
8.428571428571429,5.2,6.914285714285714,6.6000000000000005,2.4714285714285715,4.614285714285714,89.72857142857143,0.3227142857142857,85.71428571428571,14.882857142857144,0.0,23.342857142857145,169.31428571428572,1015.9285714285714,76.5,7.042857142857144,1096
11.585714285714284,1.2571428571428571,5.671428571428572,10.94285714285714,-1.3285714285714287,3.4857142857142853,86.67142857142858,0.102,28.571428571428573,1.1914285714285715,0.0,21.142857142857142,131.3857142857143,1018.3857142857142,48.57142857142857,4.757142857142857,1072
18.12857142857143,9.671428571428573,13.885714285714286,18.12857142857143,9.142857142857142,13.8,77.91428571428571,0.3058571428571429,85.71428571428571,7.144285714285714,0.0,23.87142857142857,164.1,1020.2428571428572,40.04285714285714,11.642857142857142,888
5.557142857142857,1.6857142857142855,3.571428571428572,2.571428571428572,-1.8571428571428568,0.1285714285714285,76.25714285714285,3.3491428571428576,57.142857142857146,2.9771428571428573,0.0,26.9,78.89999999999999,1014.9,62.60000000000001,17.54285714285714,1102
19.842857142857145,10.142857142857142,15.014285714285714,19.842857142857145,9.785714285714286,14.885714285714286,81.85714285714286,1.0157142857142858,57.142857142857146,5.357142857142857,0.0,19.142857142857142,231.9857142857143,1020.0428571428572,40.07142857142857,9.242857142857144,944
11.971428571428572,4.242857142857143,8.142857142857142,11.971428571428572,1.4857142857142858,6.571428571428571,85.11428571428571,1.5041428571428572,71.42857142857143,7.144285714285715,0.0,20.185714285714287,240.55714285714288,1015.3571428571428,52.91428571428571,10.87142857142857,1018
22.414285714285715,13.042857142857144,17.87142857142857,22.27142857142857,13.042857142857144,17.842857142857145,68.41428571428573,2.1274285714285712,28.571428571428573,3.571428571428572,0.0,20.057142857142857,140.24285714285716,1020.657142857143,42.08571428571428,10.485714285714286,954
11.8,7.628571428571428,9.528571428571428,11.328571428571427,4.814285714285715,7.614285714285714,91.74285714285716,3.5022857142857142,57.142857142857146,4.1657142857142855,0.0,25.142857142857142,145.22857142857143,1009.657142857143,87.37142857142858,9.0,896
2.185714285714285,-1.3714285714285714,0.3285714285714285,-0.4428571428571429,-5.828571428571429,-3.157142857142857,83.07142857142857,0.7871428571428571,71.42857142857143,4.761428571428572,3.16,22.314285714285717,126.27142857142856,1012.5,71.15714285714286,6.7,1054
8.857142857142858,4.671428571428572,6.742857142857143,5.7,0.5142857142857143,2.8285714285714287,84.07142857142857,5.052571428571428,100.0,20.24,0.0142857142857142,35.128571428571426,188.5,993.6428571428572,45.6,12.257142857142856,1098
7.357142857142857,1.1428571428571428,4.128571428571428,4.728571428571429,-1.8857142857142857,1.1857142857142855,88.75714285714285,0.6712857142857143,85.71428571428571,5.357142857142857,0.0,21.6,236.94285714285715,1029.6,65.21428571428571,9.128571428571428,1028
18.67142857142857,11.328571428571427,14.8,18.67142857142857,11.0,14.728571428571428,83.27142857142857,3.2882857142857143,100.0,9.525714285714288,0.0,22.842857142857145,275.2857142857143,1013.7285714285716,61.65714285714286,12.2,891
22.685714285714287,13.55714285714286,18.114285714285717,22.842857142857145,13.55714285714286,18.12857142857143,77.15714285714286,3.291,57.142857142857146,9.524285714285714,0.0,24.62857142857143,161.42857142857142,1015.0571428571428,34.371428571428574,9.414285714285716,959
18.442857142857143,12.657142857142857,15.585714285714284,18.442857142857143,12.657142857142857,15.585714285714284,83.27142857142857,0.6014285714285714,57.142857142857146,4.1657142857142855,0.0,27.61428571428572,239.3428571428572,1006.0714285714286,79.47142857142856,13.94285714285714,894
21.25714285714286,11.357142857142858,16.314285714285713,21.25714285714286,11.257142857142856,16.285714285714285,78.91428571428571,2.760142857142857,28.571428571428573,4.167142857142857,0.0,21.085714285714285,156.55714285714285,1016.0428571428572,55.68571428571429,12.4,957
16.685714285714287,10.7,13.37142857142857,16.685714285714287,10.471428571428572,13.342857142857143,82.5,1.281857142857143,85.71428571428571,5.951428571428571,0.0,23.928571428571427,237.57142857142856,1010.9714285714286,75.87142857142858,13.814285714285717,949
13.0,5.571428571428571,9.457142857142856,12.857142857142858,3.1,8.242857142857144,88.47142857142856,0.1075714285714285,85.71428571428571,4.762857142857143,0.0,25.15714285714285,261.0285714285714,1020.0142857142856,42.48571428571428,9.642857142857142,1077
16.271428571428572,9.542857142857144,12.771428571428572,16.271428571428572,8.77142857142857,12.6,77.91428571428571,0.9831428571428572,57.142857142857146,3.571428571428572,0.0,22.857142857142858,264.5,1012.8714285714286,65.62857142857142,21.12857142857143,930
8.142857142857142,4.285714285714286,6.5,7.071428571428571,1.8571428571428568,4.585714285714286,93.92857142857144,1.7607142857142857,71.42857142857143,10.118571428571428,0.0,15.085714285714284,247.9,1025.3285714285714,68.97142857142856,7.614285714285714,1182
22.2,13.142857142857142,17.67142857142857,22.2,13.142857142857142,17.67142857142857,81.32857142857144,0.0,0.0,0.0,0.0,22.071428571428573,108.47142857142856,1028.0142857142855,43.385714285714286,13.214285714285714,940
15.028571428571428,6.142857142857143,10.485714285714286,15.028571428571428,4.085714285714286,9.314285714285717,74.91428571428571,0.2677142857142857,85.71428571428571,4.168571428571428,0.0,23.15714285714285,40.4,1024.6285714285714,38.98571428571428,16.54285714285714,1032
13.928571428571429,6.485714285714286,10.314285714285717,13.928571428571429,3.3000000000000003,8.628571428571428,79.52857142857144,3.2584285714285715,100.0,9.522857142857143,0.0,32.714285714285715,215.5142857142857,1008.6857142857144,66.47142857142858,14.214285714285714,1057
6.371428571428572,1.9,4.257142857142857,4.5285714285714285,-0.9142857142857144,1.3571428571428572,84.74285714285715,0.0837142857142857,42.85714285714285,1.7871428571428571,3.6,26.957142857142856,143.9142857142857,1018.7142857142856,80.17142857142858,9.985714285714286,1094
9.114285714285716,4.0285714285714285,7.0,7.557142857142858,0.3857142857142857,4.257142857142857,73.58571428571429,0.9714285714285714,71.42857142857143,2.9785714285714286,0.0,27.442857142857143,279.1142857142857,1014.4,71.72857142857143,25.928571428571427,1178
20.228571428571428,12.285714285714286,15.957142857142856,20.228571428571428,11.914285714285716,15.94285714285714,75.28571428571429,0.7041428571428571,42.85714285714285,2.975714285714285,0.0,20.74285714285714,303.62857142857143,1024.2714285714285,54.07142857142857,12.485714285714286,864
17.842857142857145,13.2,15.271428571428572,17.842857142857145,13.2,15.271428571428572,83.44285714285715,1.0712857142857142,57.142857142857146,2.9771428571428573,0.0,19.52857142857143,119.0142857142857,1017.6285714285714,72.51428571428572,15.685714285714283,962
19.285714285714285,11.7,15.12857142857143,19.285714285714285,11.228571428571428,15.028571428571428,81.88571428571429,1.1317142857142857,28.571428571428573,1.1914285714285715,0.0,25.728571428571428,96.87142857142858,1019.8285714285714,56.957142857142856,12.185714285714283,889
19.914285714285715,12.4,15.914285714285716,19.914285714285715,12.242857142857144,15.9,77.55714285714285,0.0,0.0,0.0,0.0,17.6,180.22857142857143,1010.5571428571428,77.87142857142858,17.185714285714287,958
8.185714285714287,4.0,5.814285714285715,5.942857142857143,0.3999999999999999,2.7857142857142856,86.37142857142858,1.707142857142857,100.0,8.331428571428571,0.0,25.014285714285712,130.6142857142857,1003.5,80.94285714285715,8.928571428571429,1013
6.214285714285714,2.2142857142857144,4.228571428571429,3.8428571428571434,-1.085714285714286,1.4,76.18571428571428,0.7902857142857143,71.42857142857143,4.167142857142857,0.0,24.942857142857143,261.8142857142857,1022.4571428571428,84.60000000000001,19.15714285714285,1047
15.457142857142856,8.071428571428571,11.771428571428572,15.457142857142856,7.085714285714286,11.457142857142856,81.12857142857142,1.1595714285714287,42.85714285714285,1.7871428571428571,0.0,19.714285714285715,191.0142857142857,1006.3857142857142,49.2,15.242857142857142,946
14.785714285714286,5.271428571428571,10.028571428571428,14.785714285714286,3.185714285714286,9.085714285714284,67.34285714285714,0.0598571428571428,28.571428571428573,1.1914285714285715,0.0,21.428571428571427,193.8,1022.6714285714286,30.4,12.528571428571428,964
22.285714285714285,14.87142857142857,18.585714285714285,22.285714285714285,14.514285714285714,18.52857142857143,77.82857142857142,0.6195714285714286,42.85714285714285,6.547142857142857,0.0,23.77142857142857,237.3857142857143,1015.7714285714284,52.75714285714286,10.014285714285714,997
18.82857142857143,10.757142857142856,14.571428571428571,18.82857142857143,9.957142857142856,14.385714285714286,80.41428571428571,0.9305714285714286,71.42857142857143,10.714285714285714,0.0,24.8,228.0,1012.4,48.54285714285714,10.985714285714286,959
8.385714285714286,3.3000000000000003,6.042857142857143,5.385714285714286,-0.5714285714285715,2.6714285714285717,90.4,3.4377142857142857,71.42857142857143,5.357142857142857,0.0,29.47142857142857,223.7142857142857,1003.9857142857144,65.9,10.957142857142856,1167
12.571428571428571,6.857142857142857,10.3,12.571428571428571,5.228571428571429,9.614285714285714,90.47142857142856,1.8632857142857144,85.71428571428571,14.287142857142856,0.0,21.27142857142857,160.28571428571428,1001.6,36.81428571428571,10.985714285714286,1065
15.185714285714283,7.728571428571428,11.442857142857145,15.185714285714283,6.771428571428571,11.2,72.81428571428572,0.0,0.0,0.0,0.0,20.857142857142858,88.44285714285715,1022.4428571428572,52.71428571428572,31.52857142857143,950
8.385714285714286,1.5857142857142856,5.3,6.671428571428572,-0.5428571428571428,3.0,73.55714285714285,0.161,28.571428571428573,2.381428571428572,0.0,21.25714285714286,117.14285714285714,1022.3,59.44285714285714,16.12857142857143,1001
17.114285714285714,9.87142857142857,13.471428571428572,17.114285714285714,9.657142857142857,13.414285714285716,81.7,0.3985714285714286,71.42857142857143,4.761428571428572,0.0,16.7,116.3,1017.2142857142856,66.9,15.685714285714283,945
15.414285714285716,9.485714285714286,12.285714285714286,15.414285714285716,9.4,12.257142857142856,84.04285714285713,0.9608571428571429,85.71428571428571,4.168571428571428,0.0,20.7,198.84285714285716,997.8857142857142,63.1,18.842857142857145,1037
14.05714285714286,6.771428571428571,10.44285714285714,14.05714285714286,4.814285714285715,9.728571428571428,82.47142857142856,0.5248571428571428,71.42857142857143,3.5728571428571425,0.0,24.642857142857142,155.85714285714286,1006.9142857142856,55.9,14.314285714285717,884
22.27142857142857,12.571428571428571,17.17142857142857,22.27142857142857,12.5,17.17142857142857,74.34285714285714,0.2585714285714285,42.85714285714285,2.381428571428572,0.0,22.714285714285715,250.3714285714286,1015.4571428571428,56.58571428571429,24.042857142857144,919
14.714285714285714,8.985714285714286,11.514285714285714,14.714285714285714,6.528571428571429,10.914285714285716,84.11428571428571,1.1955714285714285,42.85714285714285,2.9771428571428573,0.0,27.557142857142857,262.3285714285714,1008.0428571428572,84.97142857142856,14.828571428571427,904
9.142857142857142,2.7,5.928571428571429,7.714285714285714,-0.4142857142857142,3.3714285714285714,81.01428571428572,1.2714285714285716,28.571428571428573,2.38,0.0,22.385714285714283,260.9142857142857,1021.1142857142858,69.97142857142858,11.542857142857144,1121
19.842857142857145,12.771428571428572,16.142857142857142,19.842857142857145,12.771428571428572,16.142857142857142,78.64285714285714,1.854142857142857,100.0,16.071428571428573,0.0,23.6,259.37142857142857,1009.4428571428572,56.0,16.271428571428572,825
2.3000000000000003,-0.9,0.6857142857142857,-0.3142857142857143,-4.6571428571428575,-2.571428571428572,83.89999999999999,0.2822857142857143,42.85714285714285,2.381428571428572,0.0,20.457142857142856,174.0,1009.342857142857,79.58571428571429,10.214285714285714,1144
10.685714285714283,6.242857142857143,8.77142857142857,9.957142857142856,3.642857142857143,7.271428571428571,93.02857142857144,4.44,85.71428571428571,7.142857142857143,0.0,25.8,173.4,1004.1285714285714,74.10000000000001,8.4,1230
9.071428571428571,3.4714285714285715,6.142857142857143,7.071428571428571,-1.1142857142857143,2.6142857142857143,75.08571428571429,1.2408571428571429,71.42857142857143,4.167142857142857,11.75,37.51428571428572,260.3857142857143,1003.0571428571428,66.77142857142857,21.65714285714285,994
13.44285714285714,5.171428571428572,9.0,13.05714285714286,3.6142857142857134,7.985714285714286,70.05714285714285,0.041,28.571428571428573,1.1914285714285715,0.0,18.014285714285716,182.94285714285712,1029.6285714285714,53.57142857142857,18.485714285714288,972
8.671428571428573,5.742857142857142,7.285714285714286,7.3,2.942857142857143,5.071428571428571,90.6,0.3237142857142857,57.142857142857146,3.571428571428572,0.0,26.9,209.47142857142856,1032.142857142857,76.21428571428571,15.328571428571427,1292
10.842857142857143,4.7,7.685714285714285,9.685714285714283,1.342857142857143,5.342857142857143,88.51428571428572,3.103285714285714,100.0,22.02428571428572,0.0,30.62857142857143,236.32857142857145,997.3,43.74285714285714,11.4,986
7.8,3.5142857142857147,5.557142857142857,5.728571428571429,-0.1999999999999999,2.742857142857143,89.52857142857142,1.655857142857143,100.0,16.071428571428573,0.0,20.142857142857142,156.20000000000002,1016.5714285714286,74.65714285714286,5.828571428571428,991
12.071428571428571,5.5,8.571428571428571,11.814285714285717,3.871428571428571,7.585714285714286,82.75714285714285,0.0275714285714285,42.85714285714285,1.7871428571428571,0.0,15.9,236.67142857142855,1030.2714285714285,65.3,7.399999999999999,1075
3.3428571428571425,-0.8714285714285713,1.4428571428571428,1.2714285714285716,-4.5285714285714285,-1.7714285714285716,83.82857142857142,0.7772857142857142,85.71428571428571,5.951428571428571,1.4333333333333331,20.414285714285715,77.64285714285714,1019.1428571428572,65.21428571428571,14.828571428571427,1195
6.928571428571429,2.185714285714286,4.442857142857143,5.314285714285715,-2.071428571428572,0.9285714285714286,86.37142857142858,0.316,57.142857142857146,2.9771428571428573,0.0,25.32857142857143,170.79999999999998,1006.3714285714286,91.61428571428571,7.814285714285715,1187
11.157142857142857,3.6142857142857134,7.314285714285715,10.87142857142857,0.6714285714285716,5.142857142857143,85.37142857142858,0.2991428571428571,85.71428571428571,7.74,0.0,23.014285714285712,243.3142857142857,1026.142857142857,38.2,7.485714285714286,958
10.842857142857143,5.985714285714286,8.3,10.428571428571429,3.628571428571429,6.7,74.97142857142856,0.0,0.0,0.0,0.0,21.585714285714285,252.8428571428572,1007.7,88.17142857142858,15.457142857142856,1041
16.814285714285713,7.885714285714286,12.285714285714286,16.814285714285713,5.971428571428571,11.657142857142857,73.88571428571429,0.3302857142857143,42.85714285714285,4.167142857142857,0.0,25.957142857142856,239.44285714285712,1018.9857142857144,33.41428571428572,13.742857142857144,966
7.085714285714286,2.957142857142857,5.1571428571428575,5.128571428571428,0.1428571428571428,2.3285714285714287,89.8142857142857,0.3268571428571428,28.571428571428573,1.7857142857142858,0.0,23.957142857142856,249.28571428571428,1016.5714285714286,84.34285714285714,10.314285714285717,1176
14.05714285714286,7.685714285714285,10.657142857142857,14.05714285714286,7.514285714285714,10.571428571428571,89.31428571428572,0.0758571428571428,42.85714285714285,1.7871428571428571,0.0,12.728571428571428,321.07142857142856,1035.0428571428572,64.85714285714286,7.0,895
14.0,7.014285714285714,10.985714285714286,14.0,4.342857142857143,10.071428571428571,83.32857142857142,0.7375714285714287,85.71428571428571,6.548571428571429,0.0999999999999999,31.11428571428572,212.52857142857144,1017.3857142857142,57.614285714285714,14.014285714285714,922
0.5428571428571429,-2.4,-0.8571428571428571,-2.842857142857143,-7.1000000000000005,-5.228571428571429,81.25714285714285,0.5047142857142858,57.142857142857146,2.9771428571428573,28.275,26.442857142857143,80.68571428571428,1027.4714285714283,83.28571428571429,7.571428571428571,1241
21.02857142857143,13.242857142857144,17.17142857142857,21.02857142857143,13.242857142857144,17.17142857142857,73.45714285714287,0.0,0.0,0.0,0.0,19.11428571428572,162.79999999999998,1015.6,66.85714285714286,19.071428571428573,887
15.771428571428572,7.528571428571428,11.514285714285714,15.771428571428572,5.5,10.885714285714286,84.14285714285714,1.7061428571428572,71.42857142857143,4.762857142857143,0.0,31.32857142857143,190.05714285714288,1011.8714285714286,43.614285714285714,17.357142857142858,946
5.085714285714286,0.3142857142857143,2.8000000000000003,1.1714285714285713,-4.0285714285714285,-1.4,93.17142857142858,1.0875714285714286,100.0,12.5,0.0,25.75714285714286,270.1,1015.9142857142856,44.971428571428575,12.585714285714284,1223
23.5,13.257142857142856,18.085714285714285,23.5,13.257142857142856,18.085714285714285,76.78571428571429,0.38,57.142857142857146,5.357142857142857,0.0,21.4,219.77142857142857,1018.8285714285714,44.642857142857146,10.085714285714284,989
15.314285714285717,7.514285714285714,11.0,15.314285714285717,5.057142857142857,9.94285714285714,77.21428571428571,1.1382857142857143,71.42857142857143,4.167142857142857,0.0,31.814285714285717,174.62857142857143,1009.1,64.57142857142857,13.4,960
14.757142857142856,6.057142857142857,10.157142857142857,14.757142857142856,4.2,9.171428571428573,68.57142857142857,0.2058571428571428,42.85714285714285,1.7871428571428571,0.0,22.2,247.97142857142856,1022.0571428571428,55.22857142857144,17.82857142857143,1074
4.385714285714286,-0.9714285714285714,1.5571428571428572,2.085714285714286,-4.314285714285714,-1.2285714285714284,80.88571428571429,0.0595714285714285,42.85714285714285,1.7871428571428571,0.0,17.357142857142858,144.5142857142857,1022.7571428571428,68.07142857142857,7.485714285714286,1175
7.957142857142857,2.5142857142857147,5.128571428571428,5.485714285714286,-0.5714285714285714,2.185714285714286,89.27142857142857,1.245,85.71428571428571,3.5742857142857143,0.0,25.62857142857143,222.15714285714284,998.4142857142856,74.07142857142857,8.657142857142857,1081
23.17142857142857,13.414285714285716,18.12857142857143,23.17142857142857,13.414285714285716,18.12857142857143,75.62857142857142,1.185,42.85714285714285,1.7871428571428571,0.0,24.74285714285714,196.3142857142857,1014.4285714285714,62.41428571428571,13.528571428571428,863
11.585714285714284,6.4,9.071428571428571,11.457142857142856,5.0,8.314285714285715,86.51428571428572,0.6498571428571429,85.71428571428571,5.951428571428571,0.0,18.61428571428572,193.3,1005.9142857142856,77.48571428571428,10.0,1026
7.928571428571429,3.585714285714286,5.857142857142857,5.885714285714285,-0.1714285714285714,3.128571428571429,84.87142857142858,2.316,100.0,7.142857142857143,0.0,25.25714285714286,269.2714285714286,1000.5571428571428,88.8,20.385714285714283,1319
5.342857142857143,0.8142857142857143,2.9857142857142853,1.7428571428571429,-3.814285714285714,-0.8714285714285713,82.81428571428572,0.9807142857142858,85.71428571428571,5.952857142857143,2.1666666666666665,29.885714285714283,317.8,1011.8571428571428,75.77142857142857,16.228571428571428,1119
15.614285714285714,9.914285714285716,12.62857142857143,15.614285714285714,8.628571428571428,12.342857142857143,82.57142857142857,2.693714285714286,100.0,5.952857142857143,0.0,24.514285714285712,201.68571428571428,1002.842857142857,73.45714285714284,19.942857142857143,950
6.557142857142857,-0.4,2.942857142857143,3.2,-5.471428571428571,-1.4142857142857144,77.64285714285714,1.1649999999999998,57.142857142857146,2.382857142857143,2.0,30.67142857142857,162.24285714285716,1011.7857142857144,52.957142857142856,11.514285714285714,1413
12.842857142857143,4.714285714285714,8.585714285714285,11.771428571428572,2.457142857142857,7.114285714285714,78.05714285714285,0.0348571428571428,28.571428571428573,1.7857142857142858,0.0,23.8,70.6,1024.0857142857144,21.728571428571428,8.228571428571428,1159
6.242857142857143,0.4714285714285715,3.157142857142857,4.242857142857143,-3.4,0.4428571428571429,89.28571428571429,0.1921428571428571,28.571428571428573,1.1914285714285715,0.0,18.75714285714286,149.22857142857143,1021.1142857142856,81.61428571428571,3.242857142857143,1245
10.457142857142856,4.385714285714285,7.171428571428572,9.62857142857143,0.8857142857142858,4.914285714285714,77.2,2.8184285714285715,100.0,5.952857142857143,0.0,27.77142857142857,238.14285714285717,1006.2,81.81428571428572,22.485714285714288,1092
20.3,11.671428571428573,16.071428571428573,20.3,11.62857142857143,16.04285714285714,76.62857142857142,0.423,57.142857142857146,2.9771428571428573,0.0,17.6,175.77142857142857,1014.0571428571428,71.41428571428571,15.785714285714286,905
6.985714285714286,1.3571428571428572,4.557142857142857,5.128571428571428,-3.057142857142857,1.614285714285714,83.8,0.182,42.85714285714285,2.381428571428572,0.0,29.7,175.27142857142857,1020.7,63.72857142857144,10.55714285714286,1107
15.971428571428572,8.614285714285714,12.271428571428572,15.971428571428572,7.014285714285714,11.9,83.05714285714285,3.436857142857143,100.0,25.001428571428573,0.0,24.642857142857142,246.45714285714288,1007.1857142857144,61.12857142857143,10.985714285714286,952
19.17142857142857,11.385714285714286,15.214285714285714,19.17142857142857,11.385714285714286,15.214285714285714,71.05714285714285,1.1371428571428572,28.571428571428573,1.7857142857142858,0.0,21.11428571428572,272.0142857142857,1015.5428571428572,61.22857142857142,23.728571428571428,906
14.385714285714286,2.8714285714285714,8.6,14.385714285714286,1.5571428571428572,7.885714285714286,74.64285714285714,0.0277142857142857,57.142857142857146,2.382857142857143,0.0,14.971428571428572,158.4857142857143,1032.9142857142856,39.1,13.328571428571427,1015
17.142857142857142,12.4,14.542857142857144,17.142857142857142,12.4,14.542857142857144,84.77142857142857,0.9934285714285714,57.142857142857146,2.382857142857143,0.0,21.357142857142858,107.28571428571428,1004.2571428571428,80.35714285714286,8.8,925
23.714285714285715,13.485714285714286,18.37142857142857,23.8,13.485714285714286,18.385714285714283,76.67142857142858,0.481,57.142857142857146,2.9771428571428573,0.0,22.15714285714285,170.8857142857143,1018.8857142857142,44.21428571428572,13.342857142857143,932
20.285714285714285,13.12857142857143,16.614285714285714,20.285714285714285,13.12857142857143,16.614285714285714,79.41428571428571,1.6407142857142856,85.71428571428571,15.477142857142857,0.0,26.957142857142856,198.4,1013.0,56.82857142857143,11.457142857142856,878
19.7,12.94285714285714,16.228571428571428,19.7,12.8,16.214285714285715,69.52857142857142,0.7142857142857143,57.142857142857146,3.571428571428572,0.0,20.4,292.3,1014.157142857143,73.82857142857142,24.957142857142856,890
10.157142857142857,5.128571428571428,7.785714285714286,9.157142857142857,1.7714285714285716,5.171428571428572,92.24285714285716,1.956,100.0,18.45142857142857,0.0,25.885714285714283,232.2428571428572,1010.8,51.07142857142857,12.214285714285714,1064
1.0571428571428572,-5.114285714285714,-1.8571428571428568,-0.6,-7.757142857142857,-4.342857142857143,90.68571428571428,0.919142857142857,71.42857142857143,6.548571428571429,3.2857142857142856,15.6,177.58571428571432,1012.8285714285714,52.67142857142857,7.457142857142857,1234
11.1,5.785714285714286,8.4,10.271428571428572,3.028571428571429,6.457142857142857,82.11428571428571,1.3788571428571428,85.71428571428571,10.12,0.0,36.92857142857143,225.7,1015.3857142857142,49.57142857142857,11.37142857142857,1058
3.742857142857143,-1.3,1.2857142857142858,0.4999999999999999,-6.271428571428571,-2.9857142857142853,84.61428571428571,1.2115714285714283,100.0,12.5,0.1571428571428571,30.185714285714287,129.45714285714286,1014.5142857142856,68.5,11.5,1210
14.228571428571428,5.3,9.842857142857143,14.042857142857144,3.542857142857143,9.014285714285714,75.47142857142856,0.1127142857142857,28.571428571428573,1.7857142857142858,0.0,24.1,145.8857142857143,1015.8285714285714,60.457142857142856,8.842857142857143,961
19.957142857142856,10.814285714285717,15.257142857142856,19.957142857142856,10.657142857142857,15.242857142857144,75.27142857142857,0.0,0.0,0.0,0.0,13.87142857142857,183.4,1024.357142857143,71.68571428571428,13.8,896
17.67142857142857,10.971428571428572,14.3,17.67142857142857,10.8,14.3,82.89999999999999,1.2434285714285715,100.0,4.764285714285714,0.0,27.67142857142857,206.07142857142856,1002.5,70.27142857142857,22.728571428571428,862
18.014285714285712,5.742857142857143,11.55714285714286,18.014285714285712,3.7857142857142856,10.94285714285714,66.58571428571429,0.0,0.0,0.0,0.0,25.27142857142857,100.04285714285712,1021.9857142857144,34.07142857142857,7.714285714285714,1082
5.0,0.6857142857142858,3.242857142857143,3.585714285714286,-3.2285714285714286,0.3714285714285714,88.1,2.3135714285714286,85.71428571428571,5.952857142857143,0.0,26.014285714285712,210.7142857142857,1008.9428571428572,62.25714285714286,13.9,1246
22.342857142857145,12.3,17.514285714285712,22.442857142857143,11.785714285714286,17.514285714285712,76.52857142857144,2.126857142857143,71.42857142857143,11.907142857142858,0.0,22.685714285714287,262.85714285714283,1019.5285714285714,46.24285714285714,12.342857142857143,944
8.171428571428573,1.9428571428571428,5.214285714285714,6.242857142857143,-1.2142857142857142,2.2,81.21428571428571,0.5047142857142857,71.42857142857143,2.9785714285714286,0.0,27.142857142857142,224.87142857142857,1012.3571428571428,69.28571428571429,21.085714285714285,1118
12.842857142857143,3.685714285714286,8.257142857142856,12.385714285714286,1.0,6.799999999999999,83.75714285714285,0.7135714285714286,85.71428571428571,9.525714285714288,0.0142857142857142,19.928571428571427,171.24285714285716,1026.3,27.685714285714287,7.385714285714286,1110
11.528571428571428,5.714285714285714,8.457142857142857,11.185714285714283,2.314285714285714,6.285714285714286,78.68571428571428,1.108,42.85714285714285,2.381428571428572,0.0,29.82857142857143,216.5142857142857,1010.0,70.28571428571429,22.82857142857143,1067
16.97142857142857,11.428571428571429,14.528571428571428,16.97142857142857,11.1,14.471428571428572,84.65714285714286,3.133142857142857,100.0,17.262857142857143,0.0,22.714285714285715,182.8857142857143,1012.9285714285714,50.21428571428572,9.94285714285714,865
18.214285714285715,12.385714285714286,15.099999999999998,18.214285714285715,12.028571428571428,15.057142857142855,82.01428571428572,1.113,57.142857142857146,2.9771428571428573,0.0,28.314285714285717,217.8857142857143,1017.3857142857142,65.42857142857143,15.0,859
21.27142857142857,10.857142857142858,15.928571428571429,21.27142857142857,10.485714285714286,15.87142857142857,79.24285714285715,0.7734285714285714,42.85714285714285,8.334285714285715,0.0,16.614285714285714,285.07142857142856,1016.2285714285716,22.685714285714287,9.728571428571428,991
9.8,2.071428571428572,5.828571428571428,7.814285714285715,-0.6142857142857142,3.3285714285714287,70.62857142857142,0.0,0.0,0.0,0.0,25.914285714285715,238.6142857142857,1020.2571428571428,55.82857142857143,23.27142857142857,982
8.657142857142857,4.4,6.314285714285715,6.742857142857143,0.557142857142857,3.457142857142857,87.34285714285714,0.0,0.0,0.0,0.0,26.3,184.44285714285715,1023.157142857143,86.55714285714285,8.242857142857144,1028
14.62857142857143,8.814285714285715,11.585714285714284,14.62857142857143,6.785714285714286,10.685714285714283,85.22857142857143,2.5707142857142857,42.85714285714285,3.5700000000000003,0.0,25.37142857142857,76.58571428571429,1017.6,59.24285714285715,12.985714285714286,843
20.27142857142857,12.957142857142856,16.342857142857145,20.27142857142857,12.714285714285714,16.3,78.64285714285714,2.2925714285714287,71.42857142857143,20.23857142857143,0.0,20.15714285714285,259.1571428571429,1015.8,49.81428571428571,9.471428571428572,955
14.257142857142856,6.714285714285714,10.4,14.257142857142856,4.485714285714286,9.214285714285714,78.22857142857143,0.5697142857142857,57.142857142857146,6.547142857142857,0.0,26.25714285714286,191.55714285714288,1016.9285714285714,67.27142857142857,13.5,1059
11.37142857142857,-0.3571428571428571,5.114285714285714,10.642857142857142,-2.0142857142857142,3.6571428571428575,81.01428571428572,0.0,0.0,0.0,0.0,16.257142857142856,108.2,1034.3,44.65714285714286,5.957142857142857,1062
8.7,3.8428571428571434,6.8,6.7,1.4714285714285715,4.285714285714286,88.98571428571428,1.762571428571429,71.42857142857143,16.072857142857142,0.4714285714285715,25.428571428571427,194.9,1005.5285714285716,50.32857142857143,8.957142857142857,1315
15.1,7.114285714285714,11.271428571428572,14.728571428571428,4.857142857142857,10.157142857142857,69.9,0.5377142857142857,57.142857142857146,3.571428571428572,0.0,35.94285714285714,225.1,1013.7428571428572,42.51428571428572,11.042857142857144,1090
9.885714285714286,3.4714285714285715,6.457142857142857,8.514285714285714,0.9142857142857144,4.171428571428572,76.78571428571429,2.8648571428571428,71.42857142857143,6.548571428571429,0.0,24.814285714285717,88.07142857142857,1010.1714285714288,69.6,14.94285714285714,1002
9.44285714285714,4.6571428571428575,6.957142857142857,7.828571428571428,0.7428571428571428,3.885714285714286,83.8142857142857,2.9188571428571426,100.0,26.787142857142857,0.0,30.514285714285712,194.15714285714284,1000.6714285714286,55.02857142857143,9.257142857142856,1165
8.0,3.7142857142857135,5.785714285714286,5.585714285714286,-0.8571428571428571,1.842857142857143,90.08571428571427,4.872285714285714,42.85714285714285,4.761428571428572,0.0999999999999999,37.68571428571429,250.9142857142857,1004.1142857142858,54.42857142857143,9.5,1439
15.542857142857144,9.285714285714286,12.55714285714286,15.542857142857144,7.942857142857143,12.185714285714283,83.48571428571428,4.295571428571429,85.71428571428571,18.452857142857145,0.0,28.957142857142856,217.9,999.1285714285714,45.92857142857143,10.671428571428573,933
17.47142857142857,10.042857142857144,14.042857142857144,17.47142857142857,9.885714285714286,14.042857142857144,79.88571428571429,0.858,57.142857142857146,2.9771428571428573,0.0,24.571428571428573,168.97142857142856,1005.2285714285716,73.62857142857142,17.814285714285713,926
17.62857142857143,11.228571428571428,14.1,17.62857142857143,11.228571428571428,14.1,80.75714285714287,0.3187142857142856,42.85714285714285,2.381428571428572,0.0,25.87142857142857,259.4428571428571,1009.657142857143,74.10000000000001,12.4,895
20.314285714285717,10.4,15.071428571428571,20.314285714285717,10.042857142857144,15.028571428571428,82.38571428571429,0.117,85.71428571428571,5.3585714285714285,0.0,18.2,253.97142857142856,1024.5571428571427,36.75714285714286,12.042857142857144,923
9.185714285714283,2.7142857142857144,5.871428571428572,6.057142857142857,-2.0142857142857142,1.9714285714285715,75.24285714285715,0.5017142857142857,57.142857142857146,7.142857142857143,0.0,35.77142857142857,242.75714285714284,1016.0285714285714,40.58571428571429,10.9,1175
5.228571428571429,0.2857142857142856,2.5142857142857147,3.7,-1.8285714285714287,0.8142857142857143,85.25714285714285,0.024,42.85714285714285,1.7871428571428571,0.0,15.828571428571427,140.84285714285713,1034.9142857142856,49.55714285714286,8.585714285714285,1209
21.571428571428573,10.142857142857142,15.785714285714286,21.571428571428573,9.37142857142857,15.614285714285716,72.2,0.3642857142857142,42.85714285714285,4.167142857142857,0.0,21.642857142857142,193.72857142857143,1020.6142857142858,21.714285714285715,10.142857142857142,1059
5.814285714285715,1.9714285714285715,4.014285714285714,3.8285714285714287,-2.0,0.8714285714285713,93.15714285714286,2.0628571428571427,85.71428571428571,19.64428571428571,0.0,22.442857142857143,157.62857142857143,1016.5571428571428,76.77142857142857,6.742857142857143,1182
6.842857142857143,2.628571428571429,4.885714285714286,4.271428571428571,-1.5142857142857142,1.3857142857142857,81.64285714285714,1.9164285714285716,85.71428571428571,8.334285714285715,0.0,32.51428571428571,207.95714285714288,1016.2142857142856,72.68571428571428,12.257142857142858,1116
18.47142857142857,12.171428571428573,15.142857142857142,18.47142857142857,12.171428571428573,15.142857142857142,73.75714285714285,1.3594285714285714,28.571428571428573,1.7857142857142858,0.0,23.185714285714287,188.44285714285712,1012.5857142857144,71.05714285714285,23.442857142857143,887
8.671428571428573,2.2857142857142856,5.6000000000000005,7.242857142857143,-0.3714285714285714,2.9857142857142853,87.31428571428572,0.2604285714285714,71.42857142857143,4.761428571428572,0.0,27.228571428571428,202.8857142857143,1017.3,51.371428571428574,11.357142857142858,991
10.471428571428572,3.571428571428572,7.357142857142857,9.514285714285714,0.5857142857142856,5.014285714285714,81.60000000000001,2.168428571428572,85.71428571428571,4.168571428571428,0.0,31.67142857142857,173.70000000000002,1004.5142857142856,71.47142857142858,8.742857142857144,966
13.485714285714286,6.514285714285714,10.314285714285717,13.485714285714286,5.2,9.742857142857144,79.21428571428571,1.9325714285714288,71.42857142857143,3.5728571428571425,0.0,24.985714285714288,23.557142857142857,1021.9142857142856,52.68571428571429,22.914285714285715,936
2.314285714285714,-2.1142857142857143,0.0142857142857143,0.6571428571428571,-4.3,-2.0142857142857142,89.47142857142856,3.196,100.0,8.33,1.02,15.12857142857143,174.24285714285716,1005.9,65.88571428571429,9.6,1430
18.342857142857145,11.485714285714286,14.55714285714286,18.342857142857145,11.214285714285714,14.5,82.05714285714285,0.9201428571428572,85.71428571428571,8.930000000000001,0.0,21.557142857142857,183.2428571428572,1017.1714285714286,45.17142857142857,9.87142857142857,924
16.271428571428572,8.457142857142857,12.428571428571429,16.271428571428572,6.385714285714286,11.6,83.14285714285714,1.564857142857143,57.142857142857146,13.097142857142858,0.0,25.5,224.82857142857145,1019.9,50.271428571428565,10.457142857142856,933
19.557142857142857,10.285714285714286,15.1,19.557142857142857,9.87142857142857,15.042857142857144,79.97142857142856,1.0492857142857142,57.142857142857146,8.332857142857142,0.0,19.842857142857145,120.31428571428572,1018.6857142857144,35.114285714285714,11.114285714285714,954
15.214285714285714,10.385714285714286,12.87142857142857,15.214285714285714,9.314285714285717,12.771428571428572,87.64285714285714,4.532428571428572,100.0,10.714285714285714,0.0,29.785714285714285,282.1428571428572,1012.7571428571428,68.02857142857142,13.657142857142857,989
4.985714285714286,-0.2714285714285714,2.2857142857142856,3.142857142857143,-3.6714285714285713,-0.3571428571428571,94.62857142857142,2.7830000000000004,100.0,7.142857142857143,0.0,17.114285714285714,222.77142857142857,1014.9428571428572,66.38571428571429,5.171428571428571,1136
17.67142857142857,9.842857142857143,14.12857142857143,17.67142857142857,9.214285714285714,13.942857142857145,92.72857142857144,0.5652857142857143,85.71428571428571,7.737142857142857,0.0,20.857142857142858,159.3857142857143,1014.5,64.2,8.3,971
9.771428571428572,5.971428571428571,7.714285714285714,8.857142857142858,3.7714285714285714,6.200000000000001,84.35714285714286,0.5792857142857143,85.71428571428571,7.142857142857143,0.0,17.842857142857145,212.52857142857144,1019.6857142857144,83.87142857142858,13.5,1001
19.542857142857144,11.028571428571428,15.3,19.542857142857144,10.6,15.228571428571428,76.5,0.7761428571428571,42.85714285714285,2.381428571428572,0.0,21.8,243.2142857142857,1011.9428571428572,62.21428571428572,22.085714285714285,877
18.67142857142857,11.87142857142857,15.114285714285714,18.67142857142857,11.685714285714283,15.085714285714284,81.72857142857143,3.765571428571429,85.71428571428571,16.071428571428573,0.0,25.4,251.1142857142857,1013.0714285714286,43.85714285714285,10.685714285714283,858
17.557142857142857,9.642857142857142,13.657142857142857,17.557142857142857,9.6,13.571428571428571,82.15714285714286,0.159,57.142857142857146,4.762857142857143,0.0,20.52857142857143,111.48571428571428,1028.7428571428572,41.7,9.328571428571427,951
10.5,4.585714285714286,7.371428571428572,9.342857142857143,1.1,4.814285714285715,75.75714285714285,1.8187142857142855,85.71428571428571,4.168571428571428,0.0,26.314285714285717,233.3857142857143,1015.1142857142858,62.65714285714286,21.0,1104
10.5,3.6714285714285713,7.014285714285714,9.671428571428573,1.4142857142857144,5.442857142857143,69.8,0.0,0.0,0.0,0.0,20.985714285714288,255.77142857142857,1003.4714285714286,64.55714285714285,19.8,980
9.842857142857143,5.857142857142857,7.871428571428572,9.142857142857142,3.8428571428571434,6.3,88.51428571428572,1.3574285714285714,100.0,5.3585714285714285,0.0,17.657142857142855,157.21428571428572,1013.9714285714286,75.02857142857144,8.5,1025
21.985714285714288,14.171428571428573,18.02857142857143,21.985714285714288,14.171428571428573,18.02857142857143,82.07142857142857,2.818857142857143,100.0,6.548571428571429,0.0,20.642857142857142,230.51428571428573,1013.9428571428572,65.54285714285714,12.757142857142856,898
11.271428571428572,4.785714285714286,7.957142857142857,10.885714285714286,1.6285714285714286,5.814285714285715,70.27142857142857,1.0552857142857144,57.142857142857146,2.9771428571428573,0.0,26.428571428571427,283.07142857142856,1012.657142857143,78.39999999999999,16.442857142857143,956
11.571428571428571,5.357142857142857,8.414285714285715,11.571428571428571,4.171428571428572,7.557142857142857,80.21428571428571,0.2051428571428571,57.142857142857146,2.382857142857143,0.0,19.685714285714287,162.9,1021.0428571428572,66.44285714285715,11.928571428571429,936
20.87142857142857,12.828571428571427,16.585714285714285,20.87142857142857,12.828571428571427,16.585714285714285,74.37142857142858,0.0329999999999999,28.571428571428573,1.7857142857142858,0.0,17.22857142857143,204.9857142857143,1021.7714285714284,72.4,16.157142857142855,908
6.285714285714286,1.542857142857143,3.8857142857142857,3.128571428571429,-2.9,-0.1142857142857142,88.22857142857143,3.142571428571429,85.71428571428571,8.930000000000001,0.0142857142857142,27.17142857142857,237.8714285714286,1011.6714285714286,39.55714285714286,9.814285714285717,1166
3.742857142857143,0.1714285714285714,1.8714285714285717,-0.1428571428571428,-4.242857142857143,-2.314285714285714,75.15714285714286,0.1288571428571428,42.85714285714285,1.7871428571428571,0.0,27.37142857142857,110.85714285714286,1017.5142857142856,66.94285714285715,6.1,1124
13.771428571428572,6.357142857142857,9.8,13.771428571428572,2.871428571428571,8.514285714285714,83.41428571428571,6.0715714285714295,85.71428571428571,4.762857142857143,0.0,34.4,201.9857142857143,993.9428571428572,59.885714285714286,15.814285714285717,937
16.228571428571428,8.1,11.757142857142856,16.228571428571428,5.842857142857143,10.657142857142857,77.88571428571429,0.004,14.285714285714286,0.5957142857142858,0.0,24.8,78.61428571428571,1019.842857142857,35.44285714285714,8.857142857142858,877
22.585714285714285,14.785714285714286,18.728571428571428,22.585714285714285,14.785714285714286,18.728571428571428,71.28571428571429,3.5409999999999995,42.85714285714285,3.571428571428572,0.0,18.657142857142865,210.9857142857143,1016.4,57.97142857142857,22.057142857142857,968
5.285714285714286,-1.1428571428571428,1.8857142857142857,3.7714285714285714,-3.685714285714286,-0.1285714285714285,85.45714285714287,0.6927142857142857,85.71428571428571,12.5,0.0571428571428571,13.271428571428572,178.94285714285712,1030.2285714285715,45.17142857142857,8.82857142857143,1388
13.185714285714283,6.828571428571428,9.785714285714286,13.185714285714283,5.014285714285714,8.7,85.75714285714287,0.0834285714285714,28.571428571428573,1.1914285714285715,0.0,17.257142857142856,194.8428571428572,1008.6428571428572,73.28571428571429,7.928571428571429,1023
23.4,13.87142857142857,18.514285714285712,23.4,13.87142857142857,18.514285714285712,77.39999999999999,0.894857142857143,71.42857142857143,6.55,0.0,25.37142857142857,150.45714285714286,1013.3285714285714,27.82857142857143,11.05714285714286,926
22.25714285714286,14.414285714285716,18.4,22.25714285714286,14.414285714285716,18.4,85.10000000000001,1.2607142857142857,42.85714285714285,13.095714285714283,0.0,22.714285714285715,207.8857142857143,1015.3571428571428,60.98571428571428,9.142857142857142,934
9.928571428571429,4.828571428571428,7.785714285714286,8.442857142857143,1.7714285714285716,5.785714285714286,82.41428571428571,0.0,0.0,0.0,0.0,32.528571428571425,220.3,1002.4285714285714,74.42857142857143,19.514285714285712,1737
15.7,6.728571428571429,11.171428571428573,15.7,5.757142857142857,10.642857142857142,67.37142857142858,0.0,0.0,0.0,0.0,18.2,128.77142857142857,1029.257142857143,54.54285714285714,25.842857142857145,899
18.27142857142857,11.8,15.185714285714283,18.27142857142857,11.485714285714286,15.114285714285714,80.51428571428572,3.4945714285714287,71.42857142857143,2.9785714285714286,0.0,28.814285714285717,219.25714285714284,1003.4428571428572,72.4,23.685714285714287,886
17.5,11.885714285714286,14.714285714285714,17.5,11.7,14.7,85.35714285714286,2.1562857142857146,85.71428571428571,8.928571428571429,0.0,29.61428571428572,203.27142857142857,1004.7,58.17142857142857,14.828571428571427,961
8.214285714285714,3.4,5.942857142857143,6.671428571428572,0.2714285714285714,3.642857142857143,92.92857142857144,0.1422857142857143,85.71428571428571,7.142857142857143,0.0,21.428571428571427,203.7,1026.7857142857142,62.34285714285714,6.642857142857143,1181
8.571428571428571,5.085714285714286,6.871428571428572,6.485714285714286,1.5714285714285714,3.8428571428571434,88.45714285714287,1.8538571428571429,100.0,18.452857142857145,0.0,25.0,148.5,1006.8714285714284,61.885714285714286,9.128571428571428,1407
14.671428571428573,8.471428571428572,11.457142857142856,14.671428571428573,7.528571428571429,11.214285714285714,83.62857142857142,5.348142857142856,100.0,10.714285714285714,0.0,22.0,221.3,1011.0857142857144,79.22857142857143,16.585714285714285,920
10.542857142857144,4.457142857142856,7.742857142857143,10.242857142857144,2.9857142857142853,6.614285714285714,92.0,0.8902857142857143,71.42857142857143,4.167142857142857,0.0,17.957142857142856,201.5,1003.1,72.44285714285715,6.342857142857143,991
15.7,9.285714285714286,12.542857142857144,15.7,8.457142857142857,12.385714285714286,78.31428571428572,2.557857142857143,71.42857142857143,17.857142857142858,0.0,26.442857142857143,150.75714285714284,1010.1857142857144,54.02857142857143,9.885714285714286,913
11.528571428571428,1.042857142857143,5.285714285714286,10.671428571428573,-0.9428571428571428,3.6142857142857134,82.12857142857142,0.0602857142857142,57.142857142857146,2.382857142857143,0.0,15.414285714285716,105.68571428571428,1035.7714285714285,31.885714285714283,8.1,1010
21.914285714285715,14.071428571428571,17.928571428571427,21.914285714285715,14.071428571428571,17.928571428571427,73.61428571428571,0.0,0.0,0.0,0.0,20.37142857142857,60.81428571428571,1021.0571428571428,58.05714285714286,24.042857142857144,920
20.314285714285717,11.12857142857143,15.7,20.314285714285717,10.585714285714284,15.585714285714284,76.41428571428571,0.1721428571428571,28.571428571428573,1.7857142857142858,0.0,28.25714285714286,206.95714285714288,1015.2571428571428,63.785714285714285,17.97142857142857,857
7.571428571428571,2.257142857142857,5.2,5.542857142857143,-0.8571428571428571,2.7142857142857144,91.47142857142856,1.6215714285714284,85.71428571428571,18.452857142857145,0.0,19.9,176.47142857142856,1013.9714285714286,60.25714285714286,8.142857142857142,1007
1.4142857142857144,-2.1714285714285717,-0.1142857142857143,-1.9,-7.442857142857142,-4.857142857142857,83.42857142857143,1.102428571428571,71.42857142857143,8.928571428571429,0.7857142857142857,30.32857142857143,169.37142857142857,1008.8285714285714,62.15714285714285,8.957142857142857,1122
20.557142857142857,11.314285714285717,16.2,20.557142857142857,11.242857142857144,16.2,72.77142857142857,0.2938571428571429,28.571428571428573,2.38,0.0,22.128571428571423,254.2428571428572,1016.9857142857144,47.3,11.828571428571427,897
16.614285714285714,10.257142857142856,13.314285714285717,16.614285714285714,9.642857142857142,13.185714285714283,82.07142857142857,0.7967142857142857,57.142857142857146,3.571428571428572,0.0,24.342857142857145,245.42857142857144,1013.157142857143,75.98571428571428,11.614285714285714,949
22.1,15.014285714285714,18.47142857142857,22.15714285714285,15.014285714285714,18.47142857142857,75.77142857142857,0.0,0.0,0.0,0.0,26.02857142857143,98.8,1019.1142857142858,46.81428571428571,18.74285714285714,866
7.957142857142857,2.5285714285714285,5.271428571428571,5.685714285714285,0.0285714285714285,2.585714285714286,90.71428571428572,0.0441428571428571,42.85714285714285,2.381428571428572,0.0,21.74285714285714,60.25714285714286,1031.757142857143,69.74285714285715,6.714285714285714,1195
11.428571428571429,5.142857142857143,8.385714285714284,10.342857142857143,2.7571428571428567,6.585714285714286,84.39999999999999,1.235,57.142857142857146,3.571428571428572,0.0,29.62857142857143,240.7,1008.5285714285714,44.371428571428574,9.771428571428572,1158
27.785714285714285,17.45714285714286,22.185714285714287,27.9,17.45714285714286,22.214285714285715,68.94285714285715,0.0068571428571428,14.285714285714286,0.5957142857142858,0.0,20.32857142857143,135.7,1019.8285714285714,50.75714285714286,10.214285714285714,998
10.685714285714283,4.228571428571429,7.085714285714286,9.87142857142857,0.8285714285714284,4.942857142857143,84.62857142857142,2.8932857142857142,100.0,7.737142857142857,0.0,23.685714285714287,232.12857142857143,1002.5571428571428,63.614285714285714,12.542857142857144,1118
3.6714285714285713,-0.1142857142857142,1.942857142857143,1.3857142857142857,-4.957142857142857,-1.6714285714285717,83.71428571428571,1.9734285714285715,85.71428571428571,8.332857142857142,0.0,25.042857142857144,173.74285714285716,1012.2571428571428,78.10000000000001,7.985714285714286,1158
7.1571428571428575,0.6428571428571429,3.871428571428571,5.5,-3.042857142857143,1.2428571428571429,86.37142857142858,1.0258571428571428,71.42857142857143,16.667142857142856,0.0,20.057142857142857,204.2428571428572,1023.1428571428572,49.4,12.742857142857144,1079
17.685714285714287,8.614285714285714,13.457142857142856,17.685714285714287,7.2,13.12857142857143,80.91428571428571,1.0578571428571428,71.42857142857143,8.332857142857142,0.0,25.11428571428572,233.72857142857143,1014.2,59.642857142857146,14.3,912
17.0,10.271428571428572,13.585714285714284,17.0,9.242857142857144,13.428571428571429,82.58571428571429,1.159857142857143,71.42857142857143,3.5728571428571425,0.0,31.214285714285715,210.8857142857143,1009.5142857142856,60.32857142857143,16.728571428571428,844
10.285714285714286,3.571428571428572,7.142857142857143,8.4,0.1571428571428571,4.014285714285714,84.38571428571429,1.1711428571428573,100.0,14.881428571428572,0.0,31.228571428571428,210.94285714285715,1002.2,44.44285714285714,11.785714285714286,1092
15.728571428571428,9.94285714285714,12.657142857142857,15.728571428571428,9.142857142857142,12.585714285714284,83.71428571428571,0.159,14.285714285714286,1.19,0.0,27.285714285714285,214.5,1015.3571428571428,66.82857142857144,11.37142857142857,907
5.285714285714286,0.2714285714285714,2.871428571428571,3.4,-2.5285714285714285,0.2142857142857143,79.84285714285714,0.1362857142857143,57.142857142857146,4.762857142857143,0.0,21.014285714285712,141.4,1029.8428571428572,60.614285714285714,9.042857142857144,1103
10.714285714285714,5.042857142857143,8.157142857142857,9.228571428571428,1.0857142857142856,5.228571428571429,84.2,1.620428571428571,85.71428571428571,7.737142857142857,0.0,37.15714285714286,223.2428571428572,1002.3285714285714,65.58571428571429,14.328571428571427,1206
6.685714285714285,3.6,5.071428571428571,3.6,-0.8571428571428573,1.342857142857143,80.62857142857142,0.8391428571428571,85.71428571428571,5.357142857142857,0.0,32.857142857142854,95.91428571428573,1006.5142857142856,88.02857142857144,13.571428571428571,1019
12.685714285714283,7.542857142857144,9.728571428571428,12.457142857142856,5.528571428571429,8.514285714285714,91.35714285714286,0.0214285714285714,28.571428571428573,1.1914285714285715,0.0,19.27142857142857,133.02857142857144,1021.7428571428572,55.642857142857146,6.471428571428571,946
2.5,-4.057142857142857,-0.1857142857142857,-0.5428571428571429,-8.77142857142857,-4.742857142857143,80.28571428571429,0.0,0.0,0.0,3.6714285714285713,39.31428571428571,128.18571428571428,999.9857142857144,56.42857142857143,12.8,1200
19.97142857142857,12.728571428571428,15.714285714285714,19.97142857142857,12.728571428571428,15.714285714285714,86.10000000000001,4.844714285714285,85.71428571428571,18.454285714285717,0.0,19.142857142857142,209.22857142857143,1010.4428571428572,75.7,5.871428571428572,941
15.285714285714286,5.957142857142857,10.414285714285716,15.285714285714286,3.957142857142857,9.142857142857142,74.58571428571429,0.2697142857142857,28.571428571428573,1.1914285714285715,0.0,25.65714285714285,214.62857142857143,1017.5714285714286,56.62857142857143,14.814285714285717,983
19.314285714285717,12.171428571428573,15.828571428571427,19.314285714285717,12.171428571428573,15.828571428571427,78.2,1.3,85.71428571428571,7.738571428571428,0.0,21.514285714285712,229.22857142857143,1017.6142857142858,62.24285714285715,13.814285714285717,856
15.685714285714283,8.342857142857143,11.485714285714286,15.685714285714283,7.128571428571428,11.185714285714283,80.7,0.0,0.0,0.0,0.0,21.4,267.74285714285713,1014.7714285714284,80.34285714285714,19.714285714285715,923
20.97142857142857,12.428571428571429,16.728571428571428,20.97142857142857,12.428571428571429,16.728571428571428,69.02857142857142,1.575,57.142857142857146,11.31,0.0,22.571428571428573,147.9857142857143,1011.0285714285714,41.05714285714286,14.657142857142857,878
6.671428571428572,0.2428571428571428,3.185714285714286,4.628571428571428,-2.814285714285714,1.0714285714285714,85.77142857142857,0.4477142857142857,57.142857142857146,3.571428571428572,0.5499999999999999,17.2,197.22857142857143,1023.342857142857,56.94285714285714,8.342857142857143,999
4.857142857142857,-0.1428571428571428,2.685714285714285,1.6,-4.6,-1.0714285714285714,88.84285714285714,1.3735714285714289,100.0,11.904285714285717,0.1142857142857143,26.27142857142857,208.1,994.7142857142856,44.1,8.5,1308
11.914285714285716,6.428571428571429,9.457142857142856,11.485714285714286,5.142857142857143,8.4,92.82857142857142,1.6784285714285716,85.71428571428571,20.238571428571426,0.0,26.214285714285715,196.68571428571428,1016.3857142857142,65.7,8.1,1047
11.37142857142857,5.485714285714286,9.171428571428573,10.957142857142856,3.271428571428572,7.757142857142857,88.84285714285714,0.5484285714285714,42.85714285714285,2.381428571428572,0.0,24.571428571428573,155.98571428571427,1018.7714285714284,73.75714285714285,7.5,1163
15.042857142857144,8.285714285714286,11.6,15.042857142857144,7.071428571428571,11.242857142857144,85.51428571428572,3.769142857142857,57.142857142857146,13.097142857142858,0.0,18.47142857142857,242.8571428571429,1022.1142857142858,54.785714285714285,8.985714285714286,926
15.142857142857142,4.857142857142857,10.4,15.142857142857142,2.857142857142857,9.314285714285717,71.64285714285714,0.1705714285714285,28.571428571428573,3.571428571428572,0.0,25.185714285714287,244.5,1019.7,30.6,9.37142857142857,1019
23.228571428571428,15.257142857142856,19.057142857142857,23.071428571428573,15.257142857142856,19.042857142857144,73.5,1.729142857142857,71.42857142857143,8.332857142857142,0.0,29.542857142857144,159.94285714285712,1009.0142857142856,53.271428571428565,13.571428571428571,844
10.985714285714286,5.571428571428571,8.314285714285713,10.285714285714286,3.2857142857142856,6.742857142857143,80.88571428571429,2.931285714285714,100.0,23.214285714285715,0.0,21.357142857142858,231.44285714285712,1010.9285714285714,42.785714285714285,9.7,1017
19.61428571428572,10.971428571428572,15.37142857142857,19.61428571428572,10.928571428571429,15.37142857142857,76.37142857142858,0.2354285714285714,42.85714285714285,1.7871428571428571,0.0,19.12857142857143,242.9,1018.2714285714286,69.41428571428573,19.557142857142857,913
21.02857142857143,13.671428571428567,17.257142857142856,21.02857142857143,13.671428571428567,17.257142857142856,77.89999999999999,1.3287142857142855,42.85714285714285,3.5700000000000003,0.0,22.4,97.04285714285712,1020.7714285714284,41.81428571428571,18.457142857142856,853
21.428571428571427,12.8,17.12857142857143,21.428571428571427,12.62857142857143,17.114285714285714,80.17142857142858,0.4221428571428571,28.571428571428573,1.1914285714285715,0.0,21.842857142857145,241.75714285714284,1016.7428571428572,59.82857142857143,15.014285714285714,904
19.4,11.585714285714284,15.528571428571428,19.4,11.585714285714284,15.528571428571428,76.74285714285715,0.0438571428571428,28.571428571428573,1.7857142857142858,0.0,18.957142857142856,261.6428571428572,1023.1857142857144,50.97142857142857,12.585714285714284,847
15.2,5.5,10.357142857142858,15.2,3.6714285714285713,9.457142857142856,74.94285714285715,0.0984285714285714,71.42857142857143,3.5728571428571425,0.0,25.11428571428572,141.4,1012.4142857142856,39.3,7.628571428571428,1068
8.22857142857143,3.128571428571429,5.785714285714286,6.128571428571428,-0.6,2.6,84.39999999999999,0.2002857142857142,42.85714285714285,2.975714285714285,0.0,30.514285714285712,281.74285714285713,1005.9571428571428,81.44285714285715,19.057142857142857,1045
18.514285714285712,7.899999999999999,13.228571428571428,18.514285714285712,6.142857142857143,12.8,68.44285714285715,0.7897142857142858,57.142857142857146,10.12,1.3285714285714287,22.65714285714285,210.22857142857143,1017.6285714285714,41.142857142857146,13.085714285714284,984
20.885714285714283,12.071428571428571,16.8,20.885714285714283,11.771428571428572,16.757142857142856,74.71428571428571,0.9338571428571428,42.85714285714285,2.381428571428572,0.0,28.585714285714285,218.4142857142857,1012.3857142857142,70.1,20.67142857142857,876
22.25714285714286,13.042857142857144,17.442857142857143,22.25714285714286,13.042857142857144,17.442857142857143,78.15714285714286,0.0737142857142857,14.285714285714286,0.5957142857142858,0.0,23.17142857142857,167.37142857142857,1020.9285714285714,41.04285714285714,11.12857142857143,916
13.114285714285714,4.842857142857143,9.085714285714284,12.271428571428572,2.942857142857143,7.885714285714286,68.0,0.0175714285714285,28.571428571428573,1.1914285714285715,0.0,23.17142857142857,179.02857142857144,1017.3571428571428,73.01428571428572,13.271428571428572,1051
10.8,4.928571428571429,7.714285714285714,10.5,2.1,5.857142857142857,88.01428571428572,0.1002857142857142,57.142857142857146,2.9771428571428573,0.0,19.057142857142857,260.95714285714286,1025.4714285714283,49.142857142857146,10.900000000000002,1030
11.114285714285714,5.885714285714286,8.428571428571429,10.357142857142858,3.928571428571429,7.042857142857144,73.72857142857143,0.3855714285714285,100.0,5.3585714285714285,0.0,21.02857142857143,153.70000000000002,1015.4428571428572,59.17142857142857,26.2,978
9.428571428571429,2.857142857142857,6.471428571428571,7.185714285714285,-2.142857142857143,2.628571428571429,80.64285714285714,1.9984285714285717,71.42857142857143,14.88,0.0,42.91428571428571,234.7142857142857,1003.342857142857,42.67142857142857,9.771428571428572,1496
16.1,9.228571428571428,12.642857142857142,16.1,7.957142857142857,12.314285714285717,71.88571428571429,0.1658571428571428,71.42857142857143,3.5728571428571425,0.0,21.0,300.2285714285714,1017.5714285714286,73.01428571428572,25.8,916
7.714285714285714,4.285714285714286,5.971428571428571,5.842857142857143,1.1428571428571428,3.3428571428571425,85.84285714285714,0.2575714285714285,71.42857142857143,7.142857142857143,0.0,21.728571428571428,294.5142857142857,1029.6,55.61428571428571,9.142857142857142,1217
7.814285714285715,4.671428571428572,6.228571428571429,5.171428571428571,1.0571428571428572,2.957142857142857,80.92857142857143,2.299571428571429,100.0,6.547142857142857,0.0,29.61428571428572,235.17142857142855,1005.2714285714284,82.91428571428571,21.085714285714285,1013
8.6,3.3714285714285714,6.4,6.114285714285714,-0.5285714285714287,3.3285714285714287,90.81428571428572,1.2481428571428572,100.0,8.928571428571429,0.0,25.342857142857145,213.27142857142857,1019.0857142857144,68.78571428571429,8.114285714285714,1336
17.7,10.028571428571428,13.528571428571428,17.7,9.7,13.4,83.5,0.1481428571428571,42.85714285714285,2.381428571428572,0.0,23.228571428571428,157.27142857142857,1017.6142857142858,80.05714285714285,6.785714285714286,967
14.685714285714283,4.142857142857143,9.185714285714283,14.685714285714283,1.8,7.914285714285714,69.9,0.0475714285714285,42.85714285714285,2.381428571428572,0.0,23.7,238.37142857142857,1028.928571428571,32.25714285714286,11.228571428571428,1015
6.5,2.7142857142857144,4.5285714285714285,4.257142857142857,-0.5857142857142856,1.6428571428571428,84.02857142857144,0.5087142857142857,71.42857142857143,4.761428571428572,1.05,22.714285714285715,228.9857142857143,1024.6571428571428,70.45714285714286,12.2,1102
5.514285714285713,2.742857142857143,4.214285714285714,3.671428571428572,0.0285714285714285,1.8,89.55714285714285,0.1467142857142857,14.285714285714286,1.19,0.0,15.485714285714286,157.52857142857144,1019.8571428571428,91.72857142857144,4.685714285714285,1449
23.957142857142856,14.05714285714286,18.9,24.02857142857143,14.05714285714286,18.942857142857143,79.41428571428571,0.3964285714285714,71.42857142857143,5.952857142857143,0.0,17.8,181.3857142857143,1013.5571428571428,52.15714285714286,12.142857142857142,940
12.242857142857144,5.214285714285714,8.657142857142857,12.142857142857142,2.557142857142857,7.271428571428571,75.55714285714285,0.315,85.71428571428571,3.5742857142857143,0.0,22.842857142857145,266.2,1014.9714285714286,75.91428571428571,16.314285714285713,970
17.857142857142858,10.6,14.1,17.857142857142858,9.6,14.014285714285714,74.05714285714285,1.0901428571428573,57.142857142857146,2.382857142857143,0.0,25.428571428571427,262.8857142857143,1007.7285714285716,66.27142857142857,23.0,904
2.9714285714285715,-0.9714285714285714,0.9571428571428572,0.0428571428571428,-6.185714285714285,-3.2285714285714286,86.65714285714286,1.3115714285714284,85.71428571428571,4.762857142857143,3.55,30.3,181.42857142857144,1001.1428571428572,67.71428571428571,10.342857142857143,1187
12.0,6.942857142857143,9.4,12.0,5.1000000000000005,8.142857142857142,79.3,0.3265714285714285,42.85714285714285,2.381428571428572,0.0,26.25714285714286,183.0142857142857,1015.2857142857144,72.34285714285714,15.028571428571428,858
20.885714285714283,12.571428571428571,17.0,20.885714285714283,12.571428571428571,17.0,73.21428571428571,1.276,42.85714285714285,4.762857142857143,0.0,24.085714285714285,245.7142857142857,1017.6,56.17142857142857,11.671428571428573,908
13.771428571428572,5.814285714285715,9.7,13.257142857142858,3.071428571428572,8.2,78.89999999999999,0.5604285714285714,42.85714285714285,2.381428571428572,0.0,27.41428571428571,244.5,1017.5714285714286,63.7,11.514285714285714,992
8.842857142857143,2.571428571428572,5.471428571428571,7.642857142857143,-0.4857142857142856,3.442857142857143,79.57142857142857,2.082,100.0,7.738571428571428,0.0,22.15714285714285,263.8,1022.5857142857144,64.45714285714286,18.714285714285715,1047
10.857142857142858,4.757142857142857,8.142857142857142,9.757142857142856,1.9571428571428573,6.414285714285714,90.82857142857142,2.7657142857142856,100.0,10.712857142857144,0.0,23.75714285714286,238.4857142857143,1012.0714285714286,66.11428571428571,10.142857142857142,1036
8.957142857142857,2.742857142857143,6.042857142857143,6.9,-1.0,2.942857142857143,78.01428571428572,1.331,100.0,9.521428571428572,0.0,36.58571428571429,230.1,1012.842857142857,68.15714285714286,14.657142857142857,1064
10.5,3.628571428571429,7.257142857142857,8.942857142857143,-0.4000000000000001,4.371428571428572,68.57142857142857,1.105,85.71428571428571,10.12,0.0,38.75714285714286,267.9714285714286,1014.2857142857144,49.48571428571428,13.257142857142856,1133
12.957142857142856,5.385714285714286,9.5,12.514285714285714,3.257142857142857,8.257142857142856,89.2,6.819571428571428,57.142857142857146,4.167142857142857,0.0,29.15714285714285,233.8428571428572,1011.0714285714286,55.15714285714286,10.642857142857142,1040
16.47142857142857,10.37142857142857,13.242857142857144,16.47142857142857,10.12857142857143,13.2,71.34285714285714,0.0,0.0,0.0,0.0,26.785714285714285,140.31428571428572,1019.2714285714284,59.35714285714285,17.17142857142857,885
20.857142857142858,11.385714285714286,16.32857142857143,20.857142857142858,11.385714285714286,16.32857142857143,74.34285714285714,0.0441428571428571,57.142857142857146,3.5728571428571425,0.0,17.4,133.3,1022.3857142857142,47.82857142857143,14.228571428571428,998
15.042857142857144,7.3428571428571425,11.05714285714286,15.042857142857144,6.171428571428572,10.785714285714286,80.61428571428571,0.4484285714285714,85.71428571428571,4.762857142857143,0.0,25.071428571428573,214.7,1011.3714285714286,57.471428571428575,16.357142857142858,1000
18.728571428571428,10.514285714285714,14.714285714285714,18.728571428571428,10.342857142857143,14.671428571428573,74.91428571428571,0.9681428571428572,57.142857142857146,3.571428571428572,0.0,34.285714285714285,229.0142857142857,1011.1714285714286,53.98571428571428,17.45714285714286,829
11.828571428571427,6.271428571428571,8.957142857142857,11.085714285714284,3.671428571428572,7.257142857142857,75.88571428571429,0.1758571428571428,28.571428571428573,1.1914285714285715,0.0,24.442857142857143,255.90000000000003,1018.7571428571428,74.21428571428571,23.571428571428573,1024
16.7,12.757142857142856,14.528571428571428,16.7,12.757142857142856,14.528571428571428,88.7,3.154428571428572,100.0,8.331428571428571,0.0,17.257142857142856,53.9,1013.3,93.14285714285714,13.099999999999998,889
20.085714285714285,11.957142857142856,15.857142857142858,20.085714285714285,11.957142857142856,15.857142857142858,81.35714285714286,0.947,42.85714285714285,1.7871428571428571,0.0,23.442857142857143,172.85714285714286,1017.3142857142856,63.34285714285714,7.871428571428572,898
13.3,7.771428571428571,10.242857142857144,12.928571428571429,5.542857142857143,9.0,88.11428571428571,0.4648571428571428,71.42857142857143,4.167142857142857,0.0,19.52857142857143,48.771428571428565,1022.4857142857144,80.92857142857143,13.028571428571428,934
19.885714285714283,11.542857142857144,15.6,19.885714285714283,11.542857142857144,15.6,85.12857142857142,0.0,0.0,0.0,0.0,16.428571428571427,122.1,1020.3571428571428,58.72857142857142,12.614285714285714,841
22.714285714285715,14.014285714285714,18.385714285714283,22.62857142857143,14.014285714285714,18.37142857142857,63.24285714285714,0.3011428571428571,42.85714285714285,1.7871428571428571,0.0,23.1,230.9142857142857,1015.4714285714286,60.142857142857146,27.542857142857144,871
13.7,7.057142857142857,10.485714285714286,13.7,4.471428571428572,9.642857142857142,86.65714285714286,2.3707142857142856,71.42857142857143,2.9785714285714286,0.0,36.74285714285714,170.1142857142857,1005.8857142857142,65.28571428571429,15.828571428571427,982
20.942857142857143,13.914285714285716,17.15714285714286,20.942857142857143,13.914285714285716,17.15714285714286,78.91428571428571,1.0124285714285717,57.142857142857146,2.9771428571428573,0.0,18.485714285714288,255.0285714285714,1016.5571428571428,79.15714285714286,14.0,915
15.285714285714286,9.271428571428572,12.285714285714286,15.285714285714286,8.042857142857143,12.071428571428571,81.57142857142857,4.995285714285714,85.71428571428571,22.618571428571425,0.0,21.7,128.54285714285714,1008.9857142857144,59.42857142857143,16.085714285714285,861
13.714285714285714,6.714285714285714,10.5,13.714285714285714,5.6571428571428575,9.914285714285716,78.44285714285715,0.0054285714285714,14.285714285714286,0.5957142857142858,0.0,19.97142857142857,116.22857142857144,1025.8,40.5,10.62857142857143,941
16.614285714285714,8.285714285714286,12.357142857142858,16.614285714285714,5.742857142857143,11.728571428571428,77.18571428571428,0.8395714285714286,100.0,10.121428571428572,0.0,30.74285714285714,215.8857142857143,1012.342857142857,56.4,17.642857142857142,935
4.4,0.4571428571428571,2.2,1.2142857142857142,-4.185714285714286,-1.5,85.52857142857144,0.3545714285714286,57.142857142857146,2.382857142857143,3.1,22.914285714285715,276.07142857142856,1016.8571428571428,61.01428571428572,14.828571428571427,1303
14.214285714285714,7.071428571428571,10.62857142857143,14.214285714285714,5.557142857142857,9.87142857142857,87.68571428571428,2.104,85.71428571428571,6.548571428571429,0.0,27.842857142857135,203.2,1000.4142857142856,59.12857142857143,11.342857142857143,981
16.557142857142857,7.242857142857142,11.8,16.557142857142857,5.157142857142857,10.742857142857144,71.32857142857144,1.493857142857143,57.142857142857146,4.762857142857143,0.0,25.32857142857143,190.95714285714288,1012.8,44.51428571428572,10.257142857142856,1020
23.5,13.114285714285714,18.085714285714285,23.5,13.114285714285714,18.085714285714285,76.02857142857144,0.0,0.0,0.0,0.0,16.8,162.44285714285712,1017.6285714285714,48.58571428571428,12.314285714285717,907
11.685714285714283,7.428571428571429,9.685714285714283,11.314285714285717,4.6000000000000005,8.228571428571428,87.2,1.932428571428572,100.0,7.737142857142857,0.0,34.44285714285714,179.5142857142857,1003.2285714285716,66.47142857142858,18.67142857142857,1009
12.814285714285717,6.4,9.571428571428571,12.814285714285717,3.442857142857143,7.914285714285714,85.21428571428571,2.080142857142857,85.71428571428571,13.691428571428572,0.0,27.82857142857143,242.28571428571428,1012.9571428571428,46.885714285714286,10.8,1001
14.085714285714284,9.5,11.542857142857144,14.085714285714284,8.72857142857143,11.271428571428572,83.15714285714286,0.4445714285714285,57.142857142857146,3.571428571428572,0.0,13.685714285714283,244.3,1020.7,86.61428571428571,13.042857142857144,883
17.285714285714285,10.885714285714286,14.6,17.285714285714285,10.614285714285714,14.528571428571428,86.42857142857143,4.293857142857143,100.0,26.782857142857143,0.0,20.785714285714285,244.4142857142857,1007.5714285714286,50.57142857142857,8.485714285714286,868
14.042857142857144,8.085714285714285,10.9,14.042857142857144,5.614285714285714,10.342857142857143,78.95714285714287,2.048714285714285,85.71428571428571,5.951428571428571,0.0,29.057142857142857,236.28571428571428,1008.9142857142856,74.27142857142857,17.585714285714285,887
10.742857142857144,3.742857142857143,7.3,10.028571428571428,1.414285714285714,5.385714285714286,63.34285714285714,0.5682857142857143,14.285714285714286,0.5957142857142858,0.0,24.0,145.34285714285716,1018.0714285714286,76.57142857142857,22.528571428571432,1011
16.82857142857143,12.0,14.585714285714284,16.82857142857143,11.914285714285716,14.571428571428571,79.25714285714285,0.0198571428571428,14.285714285714286,0.5957142857142858,0.0,17.728571428571428,106.37142857142858,1021.9,83.78571428571429,16.271428571428572,899
19.17142857142857,10.742857142857144,14.814285714285717,19.17142857142857,9.94285714285714,14.514285714285714,75.60000000000001,2.4577142857142857,85.71428571428571,7.737142857142857,0.0,20.514285714285712,196.27142857142857,1013.2428571428572,64.24285714285715,16.442857142857143,905
8.257142857142856,2.6142857142857143,5.171428571428572,5.357142857142857,-2.357142857142857,0.7999999999999999,82.44285714285715,1.1138571428571429,57.142857142857146,2.382857142857143,0.0,43.271428571428565,246.78571428571428,1009.7142857142856,68.68571428571428,18.22857142857143,1068
7.857142857142857,2.142857142857143,5.242857142857143,5.628571428571429,-1.9857142857142855,1.942857142857143,88.38571428571427,1.9984285714285717,100.0,14.881428571428572,0.0571428571428571,30.97142857142857,229.77142857142857,1011.2714285714284,41.65714285714286,9.257142857142856,1347
21.714285714285715,12.114285714285714,17.12857142857143,21.74285714285714,11.957142857142856,17.114285714285714,70.12857142857142,0.0195714285714285,28.571428571428573,1.1914285714285715,0.0,21.057142857142857,240.52857142857144,1016.0714285714286,31.58571428571429,12.328571428571427,893
20.0,12.428571428571429,15.785714285714286,20.0,12.428571428571429,15.785714285714286,87.11428571428571,0.0928571428571428,42.85714285714285,2.9771428571428573,0.0,14.585714285714284,171.22857142857143,1023.2714285714286,46.55714285714286,8.428571428571429,995
14.385714285714286,6.171428571428572,10.357142857142858,14.385714285714286,4.942857142857143,9.828571428571427,79.11428571428571,0.1042857142857142,28.571428571428573,1.1914285714285715,0.0,23.357142857142858,240.55714285714288,1019.842857142857,50.62857142857143,17.685714285714287,871
12.971428571428572,7.214285714285714,10.3,12.971428571428572,4.857142857142857,9.414285714285716,71.81428571428572,0.895857142857143,85.71428571428571,4.168571428571428,0.0,25.057142857142857,263.8285714285714,1009.8857142857142,72.01428571428572,23.914285714285715,994
5.328571428571428,0.0,2.6142857142857143,3.8857142857142857,-2.271428571428572,0.5857142857142856,91.5,0.0985714285714285,71.42857142857143,2.9785714285714286,0.0,16.057142857142857,145.5142857142857,1024.1714285714286,48.25714285714286,5.014285714285714,1077
8.171428571428573,3.4714285714285715,5.714285714285714,5.271428571428571,-1.2428571428571429,2.0,83.41428571428571,3.904571428571429,100.0,23.212857142857143,0.0,32.214285714285715,246.04285714285717,1008.4857142857144,69.52857142857142,9.814285714285717,1053
18.24285714285714,10.714285714285714,14.55714285714286,18.24285714285714,10.285714285714286,14.471428571428572,82.55714285714285,1.2081428571428572,85.71428571428571,8.334285714285715,0.0,18.914285714285715,136.97142857142856,1008.5571428571428,63.31428571428571,10.485714285714286,978
10.12857142857143,4.585714285714286,7.285714285714286,9.37142857142857,0.8142857142857142,4.942857142857143,91.0,2.699428571428572,100.0,19.64428571428571,0.0,25.428571428571427,144.68571428571428,996.8571428571428,63.94285714285714,7.128571428571428,1316
14.928571428571429,8.5,11.4,14.928571428571429,6.328571428571428,10.614285714285714,85.65714285714286,0.9854285714285714,85.71428571428571,3.5742857142857143,0.0,25.67142857142857,244.42857142857144,1004.6285714285714,62.457142857142856,12.914285714285716,922
20.457142857142856,12.514285714285714,16.142857142857142,20.457142857142856,12.514285714285714,16.142857142857142,82.8,0.513,42.85714285714285,1.7871428571428571,0.0,21.642857142857142,189.37142857142857,1017.9285714285714,59.51428571428572,8.871428571428572,896
6.214285714285714,0.7285714285714285,3.457142857142857,4.514285714285714,-1.8857142857142857,1.2285714285714284,86.35714285714286,0.0175714285714285,28.571428571428573,1.1914285714285715,0.0,22.342857142857145,193.9857142857143,1018.1142857142858,69.92857142857143,7.471428571428571,1059
8.385714285714286,4.3,6.742857142857143,5.357142857142857,0.9571428571428572,3.2857142857142856,89.25714285714285,1.3304285714285715,100.0,4.764285714285714,0.0,33.41428571428572,174.08571428571426,989.2285714285716,67.41428571428571,11.8,1084
19.97142857142857,11.985714285714286,15.957142857142856,19.97142857142857,11.742857142857144,15.94285714285714,71.41428571428571,0.4675714285714285,57.142857142857146,2.9771428571428573,0.0,17.914285714285715,193.15714285714284,1022.0,68.02857142857142,23.82857142857143,965
11.071428571428571,3.257142857142857,7.128571428571428,10.3,-0.1428571428571428,4.6000000000000005,82.60000000000001,2.6702857142857144,85.71428571428571,16.071428571428573,0.0,31.842857142857145,174.18571428571428,1004.0857142857144,49.54285714285714,9.3,1126
7.914285714285714,4.014285714285714,6.042857142857143,6.028571428571429,1.414285714285714,3.7142857142857135,81.35714285714286,1.2937142857142856,85.71428571428571,8.928571428571429,0.0,21.0,208.3142857142857,1018.0285714285714,73.51428571428572,17.914285714285715,1022
20.4,8.885714285714284,14.914285714285716,20.4,8.27142857142857,14.771428571428572,69.58571428571429,0.0561428571428571,42.85714285714285,1.7871428571428571,0.0,18.842857142857145,161.04285714285714,1027.1857142857143,39.385714285714286,10.171428571428573,929
13.285714285714286,8.028571428571428,10.385714285714286,13.285714285714286,6.442857142857143,9.657142857142857,80.10000000000001,2.892571428571429,57.142857142857146,14.285714285714286,0.0,22.485714285714288,195.9142857142857,1009.6714285714286,67.82857142857142,12.742857142857144,1013
4.985714285714286,-1.2714285714285716,2.157142857142857,2.271428571428572,-5.328571428571428,-1.3571428571428572,88.55714285714285,0.8721428571428572,71.42857142857143,11.30714285714286,0.0142857142857142,23.02857142857143,253.6,1020.0,52.371428571428574,9.342857142857143,1160
14.457142857142856,8.4,11.285714285714286,14.457142857142856,6.485714285714286,10.528571428571428,87.18571428571428,0.2987142857142857,42.85714285714285,5.952857142857143,0.0,21.87142857142857,239.14285714285717,1022.4571428571428,60.285714285714285,10.385714285714286,988
6.457142857142857,2.628571428571429,4.614285714285714,5.385714285714286,0.0142857142857143,2.657142857142857,86.64285714285714,0.0,0.0,0.0,0.0,17.414285714285715,140.31428571428572,1005.8142857142856,87.10000000000001,10.685714285714283,1069
20.357142857142858,11.971428571428572,16.242857142857144,20.357142857142858,11.6,16.142857142857142,79.94285714285715,0.5941428571428571,28.571428571428573,1.7857142857142858,0.0,28.32857142857143,201.78571428571428,1015.8,54.18571428571429,15.714285714285714,847
18.7,12.2,15.157142857142857,18.7,12.2,15.157142857142857,82.68571428571428,1.630857142857143,71.42857142857143,4.761428571428572,0.0,19.6,123.67142857142858,1011.6857142857144,83.71428571428571,8.985714285714286,854
12.271428571428572,5.814285714285715,8.885714285714286,11.9,3.3857142857142857,7.328571428571428,83.10000000000001,0.414,71.42857142857143,2.9785714285714286,0.0,21.75714285714286,246.95714285714288,1015.3571428571428,79.08571428571429,14.414285714285716,967
21.7,10.785714285714286,16.214285714285715,21.7,10.685714285714283,16.2,77.75714285714285,0.1182857142857142,28.571428571428573,1.1914285714285715,0.0,17.614285714285717,112.75714285714284,1023.2857142857144,40.42857142857143,9.657142857142858,917
15.12857142857143,5.328571428571428,10.085714285714284,15.12857142857143,2.571428571428572,8.72857142857143,72.65714285714286,0.5627142857142857,57.142857142857146,4.761428571428572,0.0,28.385714285714283,194.45714285714288,1021.0,31.871428571428574,9.94285714285714,1060
9.37142857142857,4.928571428571429,7.128571428571428,7.557142857142857,1.9571428571428573,4.5,81.42857142857143,0.5222857142857142,42.85714285714285,2.975714285714285,0.0,26.071428571428573,182.05714285714288,1003.7857142857144,76.44285714285715,19.085714285714285,1731
19.557142857142857,10.6,15.142857142857142,19.557142857142857,10.6,15.142857142857142,75.75714285714285,0.0,0.0,0.0,0.0,17.45714285714286,79.22857142857143,1019.1428571428572,42.4,22.67142857142857,929
8.0,3.0285714285714285,5.714285714285714,6.2,0.5285714285714286,3.6571428571428575,90.47142857142856,0.267,71.42857142857143,8.927142857142858,0.0999999999999999,16.357142857142858,301.6857142857143,1030.7714285714285,65.25714285714285,8.071428571428571,1021
18.342857142857145,10.4,14.328571428571427,18.342857142857145,10.257142857142856,14.328571428571427,79.7,0.0,0.0,0.0,0.0,15.7,169.54285714285714,1026.6142857142856,64.32857142857144,20.685714285714287,905
22.0,12.571428571428571,17.1,22.0,12.5,17.1,74.2,1.137571428571429,57.142857142857146,9.524285714285714,0.0,22.485714285714288,236.4,1014.657142857143,33.142857142857146,9.814285714285717,1051
10.685714285714283,5.685714285714285,8.214285714285714,10.414285714285716,3.042857142857143,6.557142857142857,92.42857142857144,0.9702857142857144,71.42857142857143,5.357142857142857,0.0,18.97142857142857,167.95714285714286,1006.5,60.65714285714286,7.6571428571428575,1035
7.485714285714286,0.8571428571428573,3.8,6.114285714285714,-0.8857142857142856,2.3857142857142857,88.97142857142856,0.2882857142857142,85.71428571428571,8.332857142857142,0.0,14.157142857142857,105.61428571428571,1039.0428571428572,35.614285714285714,9.3,1027
2.642857142857143,-0.7714285714285715,0.7285714285714285,-2.957142857142857,-6.6,-4.814285714285715,68.12857142857142,0.1765714285714285,57.142857142857146,4.762857142857143,0.3857142857142857,34.34285714285714,65.8,1014.0857142857144,69.2,9.957142857142856,1156
20.428571428571427,11.37142857142857,15.914285714285716,20.428571428571427,11.3,15.914285714285716,67.0,0.0624285714285714,28.571428571428573,1.1914285714285715,0.0,18.6,162.22857142857143,1024.8285714285714,56.94285714285714,23.814285714285717,933
12.87142857142857,6.585714285714286,9.471428571428572,12.1,4.185714285714286,8.028571428571428,82.34285714285714,1.7551428571428571,57.142857142857146,2.9771428571428573,0.0,25.514285714285712,170.1,1007.8285714285714,72.87142857142858,15.214285714285714,996
10.528571428571428,5.271428571428571,8.314285714285715,9.457142857142856,3.0142857142857147,6.371428571428572,93.3,1.5407142857142857,85.71428571428571,23.214285714285715,0.0,24.942857142857143,233.37142857142857,1013.8571428571428,62.3,8.585714285714285,1161
24.11428571428572,14.485714285714286,19.37142857142857,24.2,14.485714285714286,19.4,74.37142857142858,0.0368571428571428,14.285714285714286,0.5957142857142858,0.0,23.52857142857143,189.1,1016.7857142857144,58.52857142857143,19.67142857142857,885
6.614285714285714,2.728571428571428,4.771428571428571,3.128571428571429,-2.4,0.2285714285714284,78.97142857142858,0.1857142857142857,42.85714285714285,1.7871428571428571,0.0,44.9,269.57142857142856,1010.3142857142856,57.04285714285714,18.52857142857143,1213
11.857142857142858,4.714285714285714,8.428571428571429,11.2,2.7285714285714286,6.785714285714286,72.35714285714286,1.0782857142857143,85.71428571428571,5.951428571428571,0.0,23.585714285714285,167.5142857142857,1026.7714285714285,43.74285714285714,9.985714285714286,992
10.771428571428572,3.842857142857143,7.399999999999999,10.44285714285714,1.3142857142857145,5.928571428571429,86.27142857142857,2.036285714285714,100.0,5.3585714285714285,0.0,20.67142857142857,229.8,1003.4571428571428,61.51428571428572,12.885714285714286,1040
5.857142857142857,1.3285714285714287,3.6142857142857134,4.185714285714286,-2.2285714285714286,0.7714285714285714,83.55714285714285,1.417142857142857,57.142857142857146,5.951428571428571,1.6333333333333335,26.514285714285712,229.58571428571423,1015.4285714285714,74.34285714285714,15.72857142857143,1399
11.37142857142857,6.2,8.942857142857143,10.5,4.542857142857143,7.485714285714286,80.44285714285715,0.1438571428571428,71.42857142857143,3.5728571428571425,0.0,22.714285714285715,298.97142857142853,1019.3,81.78571428571429,16.157142857142855,979
7.871428571428572,4.6000000000000005,6.4,5.614285714285714,1.6857142857142855,3.7142857142857135,84.72857142857143,1.626,100.0,5.952857142857143,0.0,21.65714285714285,55.05714285714286,1010.0,84.10000000000001,16.114285714285714,1023
11.142857142857142,7.728571428571429,9.44285714285714,11.085714285714284,5.357142857142857,8.257142857142856,89.3,1.499857142857143,100.0,8.332857142857142,0.0,20.942857142857143,292.6,1019.2428571428572,73.68571428571428,10.37142857142857,927
15.55714285714286,9.071428571428571,12.314285714285717,15.55714285714286,8.457142857142857,12.171428571428573,80.34285714285714,1.6971428571428573,28.571428571428573,1.7857142857142858,0.0,24.414285714285715,120.02857142857144,1013.8857142857142,69.91428571428571,13.4,955
5.9,1.8857142857142857,3.757142857142857,3.0285714285714285,-2.1142857142857143,0.1714285714285714,92.31428571428572,12.534285714285714,71.42857142857143,8.928571428571429,0.0,23.442857142857147,164.64285714285714,1005.1428571428572,59.55714285714286,9.728571428571428,1141
8.957142857142857,5.071428571428571,7.314285714285715,8.014285714285714,2.542857142857143,5.414285714285714,87.71428571428571,0.0207142857142857,14.285714285714286,0.5957142857142858,0.0,19.871428571428574,306.9142857142857,1031.6714285714286,66.95714285714286,10.257142857142856,1155
9.55714285714286,3.628571428571429,6.7,7.857142857142857,-0.6571428571428571,3.3857142857142857,82.67142857142858,0.7409999999999999,85.71428571428571,4.762857142857143,0.0,37.15714285714286,238.82857142857145,1008.6285714285714,68.15714285714286,18.52857142857143,1192
14.685714285714283,7.928571428571429,11.1,14.685714285714283,6.642857142857143,10.37142857142857,74.02857142857144,0.0645714285714285,42.85714285714285,1.7871428571428571,0.0,21.77142857142857,56.45714285714286,1017.3285714285714,52.4,23.87142857142857,881
9.914285714285716,6.042857142857143,7.714285714285714,8.257142857142856,2.7,5.257142857142857,89.47142857142856,0.1841428571428571,28.571428571428573,1.1914285714285715,0.0,23.142857142857142,130.92857142857142,1013.9285714285714,90.84285714285714,5.814285714285715,938
17.957142857142856,8.428571428571429,12.971428571428572,17.957142857142856,7.285714285714286,12.7,79.15714285714286,0.3177142857142857,57.142857142857146,6.547142857142857,0.0,16.842857142857145,220.02857142857144,1013.5857142857144,44.5,7.971428571428571,1002
17.571428571428573,10.728571428571428,14.05714285714286,17.571428571428573,10.171428571428573,13.971428571428572,79.85714285714286,5.872571428571429,85.71428571428571,24.404285714285717,0.0,25.25714285714286,257.6,1008.3714285714286,55.12857142857143,9.271428571428572,940
6.8,3.6142857142857134,5.028571428571429,4.285714285714286,-0.6285714285714284,1.6714285714285713,86.42857142857143,0.8357142857142856,100.0,10.12,0.0,27.014285714285712,171.05714285714288,1015.1428571428572,77.39999999999999,9.357142857142858,1228
10.242857142857144,4.314285714285714,7.228571428571429,9.3,0.9142857142857144,4.885714285714286,84.17142857142858,2.0348571428571427,71.42857142857143,3.5728571428571425,0.0,26.4,186.45714285714288,1015.7714285714284,77.89999999999999,16.02857142857143,1291
8.785714285714286,4.0285714285714285,6.628571428571428,6.871428571428572,1.0571428571428572,3.942857142857143,78.14285714285714,1.348,100.0,5.3585714285714285,0.0,27.985714285714288,200.6142857142857,1008.2714285714284,77.45714285714287,22.714285714285715,1004
10.214285714285714,5.185714285714285,7.8,9.114285714285716,1.9142857142857144,5.371428571428572,77.48571428571428,1.387571428571429,42.85714285714285,1.7871428571428571,1.0,32.55714285714286,228.77142857142857,1006.5,69.65714285714286,24.185714285714287,1076
6.571428571428571,0.8571428571428571,3.757142857142857,3.914285714285714,-4.314285714285714,-0.6714285714285715,74.48571428571428,7.497,85.71428571428571,7.144285714285715,1.9714285714285715,32.51428571428571,135.5857142857143,1015.7857142857144,70.04285714285714,9.514285714285714,1215
10.985714285714286,5.4,7.985714285714286,10.528571428571428,3.7857142857142856,6.571428571428571,94.54285714285712,1.348857142857143,85.71428571428571,7.144285714285714,0.0,16.2,115.97142857142856,1014.7714285714284,86.25714285714285,2.8285714285714287,1045
17.642857142857142,10.5,14.05714285714286,17.642857142857142,9.542857142857144,13.828571428571427,78.38571428571429,5.339857142857143,85.71428571428571,25.594285714285714,0.0,28.61428571428572,235.22857142857143,1005.1428571428572,56.5,12.44285714285714,911
23.414285714285715,13.957142857142856,18.228571428571428,23.414285714285715,13.957142857142856,18.228571428571428,75.41428571428571,0.3815714285714286,28.571428571428573,1.1914285714285715,0.0,19.571428571428573,179.62857142857143,1009.3857142857142,61.55714285714286,11.285714285714286,873
15.142857142857142,7.428571428571429,11.614285714285714,15.142857142857142,5.457142857142857,10.8,80.0,0.9424285714285716,42.85714285714285,8.332857142857142,0.0,25.47142857142857,249.5142857142857,1016.0142857142856,53.557142857142864,11.114285714285714,1024
14.6,7.142857142857143,11.3,14.6,5.957142857142857,10.914285714285716,81.71428571428571,1.808,57.142857142857146,2.9771428571428573,0.0,26.15714285714285,147.4,1001.2142857142856,56.58571428571429,15.242857142857144,889
10.985714285714286,3.571428571428572,6.6571428571428575,9.9,-0.2428571428571428,4.0285714285714285,78.47142857142856,1.534857142857143,100.0,12.5,0.0,25.62857142857143,192.12857142857143,1011.8,49.34285714285714,12.0,1048
7.514285714285714,2.4,5.114285714285714,5.642857142857143,-0.3857142857142857,2.257142857142857,80.15714285714286,0.2029999999999999,42.85714285714285,2.975714285714285,0.0,28.75714285714286,229.28571428571428,1031.5857142857144,76.38571428571429,14.885714285714286,1088
15.5,6.542857142857143,10.6,15.5,4.057142857142857,9.528571428571428,75.89999999999999,0.1608571428571428,71.42857142857143,4.168571428571428,0.0,26.014285714285712,187.8,1010.3142857142856,51.885714285714286,15.114285714285714,1036
7.7,0.9714285714285714,3.814285714285714,7.428571428571429,-1.9285714285714288,1.5142857142857142,89.10000000000001,1.2578571428571428,85.71428571428571,14.287142857142856,0.0,21.014285714285712,223.72857142857143,1018.842857142857,48.01428571428572,10.55714285714286,1101
9.071428571428571,4.071428571428571,6.642857142857143,7.557142857142857,1.4714285714285715,4.385714285714285,81.39999999999999,0.0,0.0,0.0,0.0,22.442857142857147,196.92857142857144,1027.9,80.18571428571428,13.571428571428571,983
9.542857142857144,3.2285714285714286,6.371428571428572,7.899999999999999,0.7714285714285715,4.257142857142857,77.8,2.165,85.71428571428571,7.142857142857143,0.0,20.142857142857142,148.62857142857143,1003.7428571428572,68.88571428571429,13.585714285714284,1028
11.285714285714286,5.771428571428571,8.671428571428573,10.55714285714286,2.9285714285714284,7.042857142857143,84.88571428571429,2.884428571428572,85.71428571428571,5.951428571428571,0.0,29.15714285714285,220.27142857142857,988.657142857143,72.82857142857144,18.414285714285715,1709
12.585714285714284,4.685714285714285,8.414285714285715,12.085714285714284,1.2,6.542857142857143,75.60000000000001,0.0498571428571428,42.85714285714285,2.381428571428572,0.0,24.15714285714285,101.81428571428572,1025.8285714285714,27.985714285714288,8.871428571428572,1030
0.7142857142857143,-3.142857142857143,-1.2571428571428571,-3.871428571428571,-9.585714285714284,-6.985714285714286,79.71428571428571,7.965285714285714,71.42857142857143,5.952857142857143,2.5,34.68571428571429,81.2,1019.0714285714286,56.6,8.285714285714286,1328
6.457142857142857,0.4857142857142857,3.1142857142857143,4.414285714285715,-2.4714285714285715,0.3428571428571429,85.8,0.024,42.85714285714285,1.7871428571428571,1.0,17.685714285714287,199.32857142857145,1020.5285714285714,56.55714285714286,4.5285714285714285,1624
18.17142857142857,11.428571428571429,14.542857142857144,18.17142857142857,11.257142857142856,14.528571428571428,78.45714285714287,0.0,0.0,0.0,0.0,17.314285714285713,246.9,1005.3714285714286,74.97142857142856,20.97142857142857,944
18.985714285714288,13.285714285714286,16.099999999999998,18.985714285714288,13.1,16.085714285714285,85.14285714285714,3.3291428571428567,85.71428571428571,18.452857142857145,0.0,23.585714285714285,247.37142857142857,1011.7,56.55714285714286,9.585714285714284,959
8.614285714285714,3.8,6.171428571428572,7.228571428571429,0.5571428571428572,3.471428571428571,90.35714285714286,6.365714285714286,85.71428571428571,9.522857142857143,0.0,26.5,142.6142857142857,998.1,79.95714285714287,10.957142857142856,1246
12.985714285714286,6.642857142857143,9.771428571428572,12.985714285714286,4.1,8.414285714285715,83.48571428571428,1.427857142857143,71.42857142857143,4.167142857142857,0.0,31.557142857142857,171.9,1013.4571428571428,66.48571428571428,14.385714285714286,1039
18.857142857142858,9.4,14.428571428571429,18.857142857142858,8.757142857142856,14.314285714285717,78.72857142857143,0.0849999999999999,28.571428571428573,1.1914285714285715,0.0,27.185714285714287,218.42857142857144,1019.8,55.371428571428574,14.514285714285714,771
6.642857142857143,-1.157142857142857,3.085714285714286,3.3714285714285714,-4.785714285714286,-0.2571428571428572,86.2,1.1514285714285717,100.0,19.048571428571428,0.0,26.9,182.3428571428572,1012.3714285714286,51.44285714285714,9.0,1182
13.928571428571429,9.385714285714286,11.614285714285714,13.928571428571429,8.857142857142858,11.44285714285714,84.37142857142858,1.7225714285714286,71.42857142857143,4.167142857142857,0.0,20.642857142857142,100.24285714285712,1017.8,78.75714285714285,18.914285714285715,942
11.4,4.7,8.357142857142858,10.728571428571428,2.685714285714286,7.028571428571428,77.37142857142858,0.3524285714285714,42.85714285714285,2.381428571428572,0.0,18.685714285714287,271.12857142857143,1019.4142857142856,84.39999999999999,17.17142857142857,1004
12.7,5.857142857142857,9.514285714285714,12.4,3.957142857142857,8.257142857142856,87.89999999999999,2.4764285714285714,100.0,18.452857142857145,0.0,23.77142857142857,214.11428571428573,1001.8571428571428,44.02857142857143,9.828571428571427,983
15.142857142857142,5.357142857142857,10.271428571428572,14.671428571428573,3.271428571428572,9.1,78.17142857142858,0.5415714285714286,42.85714285714285,1.7871428571428571,0.0,22.228571428571428,112.07142857142856,1015.5714285714286,52.94285714285714,7.457142857142857,1052
19.97142857142857,10.114285714285714,15.357142857142858,19.97142857142857,8.77142857142857,15.071428571428571,73.95714285714287,1.7695714285714286,42.85714285714285,4.761428571428572,0.0,28.228571428571428,204.32857142857145,1012.4857142857144,63.65714285714285,15.328571428571427,971
11.114285714285714,6.557142857142857,9.0,10.314285714285717,3.4857142857142853,7.1,82.52857142857144,0.933,71.42857142857143,3.5728571428571425,8.0,26.02857142857143,228.14285714285717,1005.7,81.78571428571429,17.514285714285712,1110
8.471428571428572,0.557142857142857,4.757142857142857,5.942857142857143,-2.042857142857143,2.1142857142857143,89.0,0.4307142857142856,85.71428571428571,4.762857142857143,0.0,21.085714285714285,209.68571428571428,1018.7285714285716,55.142857142857146,6.685714285714285,1336
5.942857142857143,1.4142857142857144,3.857142857142857,3.871428571428571,-2.242857142857143,0.8571428571428571,80.17142857142858,1.558857142857143,71.42857142857143,3.5728571428571425,1.0,23.12857142857143,206.9,1019.6714285714286,80.47142857142856,15.614285714285714,1061
9.2,1.9714285714285715,5.571428571428571,6.614285714285714,-1.8142857142857145,1.957142857142857,78.02857142857144,2.0421428571428573,100.0,22.618571428571425,0.0,34.385714285714286,294.0142857142857,1011.9142857142856,53.642857142857146,9.885714285714286,1089
20.557142857142857,13.428571428571429,16.857142857142858,20.557142857142857,13.428571428571429,16.857142857142858,77.61428571428571,2.1562857142857146,71.42857142857143,20.23857142857143,0.0,21.32857142857143,259.62857142857143,1013.5714285714286,52.67142857142857,12.714285714285714,832
3.6,0.1142857142857143,1.9428571428571428,-0.4857142857142857,-5.028571428571429,-2.8428571428571425,84.42857142857143,0.4862857142857142,42.85714285714285,2.381428571428572,1.25,33.642857142857146,184.32857142857145,1010.0142857142856,69.35714285714286,9.085714285714284,1166
11.157142857142858,5.1000000000000005,8.214285714285714,10.942857142857145,2.7285714285714286,6.842857142857143,77.3,0.133,42.85714285714285,1.7871428571428571,0.0,19.542857142857144,246.8,1025.3,68.47142857142858,15.385714285714286,1111
16.32857142857143,10.042857142857144,13.171428571428573,16.32857142857143,9.571428571428571,13.114285714285714,76.61428571428571,0.9654285714285714,42.85714285714285,2.975714285714285,0.0,22.228571428571428,239.0142857142857,1021.1285714285714,60.32857142857143,17.585714285714285,976
16.47142857142857,11.042857142857144,13.657142857142857,16.47142857142857,10.685714285714283,13.6,82.34285714285714,4.561,100.0,8.927142857142858,0.0,21.0,266.0285714285714,1005.6142857142858,86.71428571428571,20.057142857142857,989
7.628571428571428,2.742857142857143,5.142857142857143,5.642857142857143,-0.3714285714285715,2.2142857142857144,81.7,0.8922857142857142,85.71428571428571,5.357142857142857,0.0,23.75714285714286,247.65714285714287,1003.7,62.642857142857146,16.314285714285713,1046
26.24285714285714,16.385714285714286,20.97142857142857,26.385714285714283,16.385714285714286,20.985714285714288,71.68571428571428,0.3794285714285714,28.571428571428573,1.1914285714285715,0.0,20.414285714285715,119.2714285714286,1018.9285714285714,50.1,8.742857142857144,978
21.7,15.171428571428573,18.057142857142857,21.7,15.171428571428573,18.057142857142857,78.60000000000001,2.599857142857143,57.142857142857146,4.168571428571428,0.0,17.157142857142855,213.58571428571423,1014.9,82.2,12.7,922
19.62857142857143,9.014285714285714,14.585714285714284,19.62857142857143,8.257142857142856,14.457142857142856,76.39999999999999,0.3608571428571428,28.571428571428573,2.38,0.0,18.957142857142856,166.5142857142857,1017.9428571428572,49.371428571428574,12.642857142857142,943
15.842857142857142,9.128571428571428,12.514285714285714,15.842857142857142,8.114285714285714,12.2,74.32857142857142,1.6134285714285714,71.42857142857143,2.9785714285714286,0.0,22.385714285714283,182.4857142857143,1010.0,73.14285714285714,20.9,903
8.614285714285714,3.8285714285714287,6.042857142857143,5.771428571428571,0.4285714285714285,3.0142857142857147,82.54285714285713,1.4887142857142857,100.0,6.548571428571429,0.0,27.214285714285715,235.8,1004.0857142857144,52.57142857142857,26.342857142857145,1256
8.485714285714286,3.3428571428571425,5.942857142857143,6.142857142857143,0.3857142857142857,3.142857142857143,78.07142857142857,1.3378571428571426,100.0,4.764285714285714,0.0,26.74285714285714,254.95714285714288,1006.6142857142858,70.85714285714286,23.74285714285714,1099
7.714285714285714,2.142857142857143,5.042857142857143,5.257142857142857,-1.9428571428571428,1.957142857142857,76.10000000000001,1.7205714285714286,85.71428571428571,7.141428571428572,0.0,33.17142857142857,270.1857142857143,1010.3285714285714,57.55714285714286,21.428571428571427,1083
16.557142857142857,7.128571428571428,11.94285714285714,16.557142857142857,5.642857142857143,11.428571428571429,72.07142857142857,0.5667142857142857,42.85714285714285,6.547142857142857,0.0,29.02857142857143,191.28571428571428,1017.3857142857142,43.2,10.071428571428571,1003
15.842857142857143,8.8,12.44285714285714,15.842857142857143,7.728571428571429,12.214285714285714,77.01428571428572,0.8772857142857143,57.142857142857146,4.1657142857142855,0.0,20.67142857142857,261.75714285714287,1006.157142857143,74.5,18.65714285714285,867
19.37142857142857,11.214285714285714,15.171428571428573,19.37142857142857,11.014285714285714,15.157142857142857,83.75714285714285,4.190571428571428,85.71428571428571,7.74,0.0,26.87142857142857,165.75714285714284,1010.8428571428572,72.02857142857142,16.885714285714286,867
19.428571428571427,11.285714285714286,15.671428571428573,19.428571428571427,10.914285714285716,15.614285714285714,78.92857142857143,3.943428571428572,71.42857142857143,16.667142857142856,0.0,21.385714285714283,199.47142857142856,1016.5,36.885714285714286,9.185714285714283,997
5.957142857142856,0.1999999999999999,3.057142857142857,4.185714285714286,-2.5285714285714285,0.5571428571428572,75.81428571428572,0.2021428571428571,42.85714285714285,1.7871428571428571,0.0,17.785714285714285,276.81428571428575,1027.6571428571428,62.32857142857143,17.642857142857142,1127
24.228571428571428,15.8,19.214285714285715,24.3,15.8,19.214285714285715,83.57142857142857,0.3992857142857143,28.571428571428573,1.1914285714285715,0.0,18.0,114.25714285714284,1012.6,63.17142857142857,5.957142857142857,865
7.7,4.1,6.214285714285714,6.057142857142857,0.8285714285714285,3.4,89.24285714285715,1.1795714285714285,85.71428571428571,6.547142857142857,0.0,27.24285714285714,253.2428571428572,1013.6857142857144,82.18571428571428,11.357142857142858,1100
20.27142857142857,12.014285714285714,15.7,20.27142857142857,12.014285714285714,15.7,77.85714285714286,1.8304285714285715,85.71428571428571,7.738571428571428,0.0,17.157142857142855,237.3571428571429,1013.4428571428572,63.12857142857143,17.114285714285714,850
6.1571428571428575,1.5857142857142856,4.057142857142857,2.857142857142857,-2.814285714285714,0.0285714285714284,91.55714285714284,0.5482857142857143,100.0,8.335714285714285,0.0,27.9,196.72857142857143,1014.8285714285714,65.65714285714286,10.028571428571428,1326
17.04285714285714,10.37142857142857,13.314285714285717,17.04285714285714,10.214285714285714,13.3,86.27142857142857,0.6281428571428572,57.142857142857146,5.954285714285715,0.0,19.67142857142857,127.48571428571428,1022.8714285714286,69.64285714285714,7.585714285714286,903
21.714285714285715,14.185714285714283,17.8,21.714285714285715,14.185714285714283,17.8,78.10000000000001,0.6511428571428571,71.42857142857143,6.547142857142857,0.0,20.74285714285714,220.82857142857145,1017.842857142857,56.55714285714286,15.0,855
7.985714285714286,2.742857142857143,5.085714285714286,6.6000000000000005,-0.4142857142857142,2.6714285714285717,84.27142857142857,1.3022857142857145,71.42857142857143,2.9785714285714286,0.0,23.1,269.7714285714286,1007.5428571428572,64.92857142857143,16.414285714285715,1092
18.585714285714285,6.885714285714286,12.842857142857143,18.585714285714285,6.142857142857143,12.642857142857142,79.17142857142858,0.2409999999999999,28.571428571428573,5.357142857142857,0.0,16.12857142857143,193.82857142857145,1027.1285714285716,27.214285714285715,10.37142857142857,1003
10.614285714285714,5.014285714285714,7.557142857142857,9.771428571428572,0.9285714285714286,4.914285714285714,75.54285714285713,1.0347142857142857,71.42857142857143,3.5728571428571425,0.0,35.25714285714286,237.3142857142857,1005.5857142857144,75.07142857142857,26.88571428571429,1205
14.085714285714284,4.785714285714286,9.114285714285714,14.085714285714284,1.8571428571428568,7.585714285714286,77.12857142857142,0.3545714285714286,57.142857142857146,5.357142857142857,0.0,25.3,219.98571428571427,1018.9428571428572,28.0,13.971428571428572,911
16.357142857142858,9.214285714285714,13.1,16.357142857142858,9.057142857142855,13.014285714285716,77.52857142857144,0.0682857142857142,28.571428571428573,1.1914285714285715,0.0,15.44285714285714,241.65714285714284,1029.071428571429,65.31428571428572,17.357142857142858,977
18.65714285714285,9.585714285714284,13.928571428571429,18.61428571428572,8.657142857142857,13.771428571428572,77.31428571428572,0.3965714285714285,42.85714285714285,7.144285714285715,0.0,21.6,45.5,1016.4857142857144,42.32857142857143,10.257142857142856,943
10.757142857142856,4.485714285714286,7.571428571428571,10.485714285714286,1.942857142857143,5.557142857142857,76.27142857142857,1.1940000000000002,57.142857142857146,2.9771428571428573,0.0,24.642857142857142,224.8142857142857,1008.7714285714284,76.25714285714285,18.857142857142858,1125
6.042857142857143,1.957142857142857,4.185714285714286,2.757142857142857,-1.6714285714285713,0.3857142857142857,88.91428571428571,3.3575714285714287,100.0,11.308571428571428,0.0,25.97142857142857,198.04285714285717,996.9857142857144,61.7,11.028571428571428,1013
9.314285714285717,4.185714285714286,6.914285714285714,7.857142857142857,1.1571428571428573,4.628571428571428,81.72857142857143,0.4377142857142857,57.142857142857146,3.571428571428572,0.0,24.82857142857143,234.12857142857143,1020.2285714285716,57.31428571428571,20.82857142857143,1139
12.328571428571433,8.085714285714285,10.1,12.085714285714284,6.171428571428572,9.057142857142855,84.61428571428571,0.5868571428571429,71.42857142857143,4.167142857142857,0.0,21.75714285714286,231.8142857142857,1012.7,83.45714285714287,16.914285714285715,990
10.114285714285714,5.9,7.814285714285715,8.557142857142857,2.3857142857142857,5.085714285714286,74.15714285714286,0.0849999999999999,42.85714285714285,1.7871428571428571,0.0,27.15714285714285,80.58571428571429,1023.2142857142856,71.91428571428571,22.37142857142857,934
12.12857142857143,4.5285714285714285,8.357142857142858,10.4,1.7857142857142858,6.171428571428572,80.02857142857144,0.3034285714285714,42.85714285714285,2.381428571428572,0.0,28.042857142857144,240.58571428571423,1006.0714285714286,76.08571428571429,18.814285714285717,955
7.714285714285714,2.314285714285714,5.014285714285713,5.357142857142857,-1.942857142857143,1.8571428571428568,88.35714285714286,1.2381428571428572,71.42857142857143,3.5728571428571425,0.0,30.5,263.24285714285713,1016.6,82.35714285714286,10.228571428571428,1117
11.685714285714283,9.214285714285714,10.314285714285717,11.685714285714283,7.8428571428571425,9.914285714285716,81.68571428571428,1.231857142857143,71.42857142857143,4.761428571428572,0.0,22.11428571428572,58.81428571428573,1016.3571428571428,94.44285714285716,13.657142857142857,990
4.871428571428572,-0.3999999999999999,2.1142857142857143,1.0571428571428572,-5.228571428571429,-2.3285714285714287,82.64285714285714,0.8282857142857143,71.42857142857143,5.952857142857143,1.34,30.357142857142858,221.67142857142855,1010.6714285714288,62.15714285714285,13.6,1129
21.25714285714286,15.285714285714286,18.3,21.25714285714286,15.285714285714286,18.3,81.89999999999999,2.3774285714285712,85.71428571428571,7.144285714285714,0.0,25.97142857142857,251.92857142857144,1009.5571428571428,54.114285714285714,9.157142857142857,953
17.885714285714286,10.62857142857143,14.3,17.885714285714286,10.1,14.214285714285714,79.45714285714287,0.8512857142857142,42.85714285714285,13.095714285714283,0.0,18.485714285714288,316.8142857142857,1020.3,54.84285714285714,11.042857142857144,928
12.471428571428572,6.585714285714286,9.642857142857142,12.471428571428572,3.6571428571428575,8.171428571428573,74.28571428571429,1.951142857142857,57.142857142857146,4.1657142857142855,0.0,33.357142857142854,254.05714285714288,1001.3571428571428,63.7,26.942857142857147,1039
0.9857142857142857,-5.114285714285714,-1.7142857142857142,-2.5285714285714285,-9.771428571428572,-5.914285714285714,84.04285714285713,0.4941428571428571,85.71428571428571,5.357142857142857,9.257142857142856,31.514285714285712,186.4,1019.0428571428572,68.87142857142857,10.928571428571429,1296
11.12857142857143,3.742857142857143,7.228571428571429,10.285714285714286,-0.0571428571428572,4.842857142857143,70.34285714285714,0.5695714285714286,100.0,9.522857142857143,0.0,31.7,269.1,1011.4571428571428,53.24285714285714,11.37142857142857,1026
8.22857142857143,2.2285714285714286,4.614285714285714,6.571428571428571,-1.657142857142857,1.9142857142857144,87.60000000000001,0.3545714285714285,100.0,7.74,0.0,25.942857142857143,226.9,1032.3714285714286,37.02857142857143,8.028571428571428,1320
4.714285714285714,-0.1428571428571428,2.4285714285714284,2.3857142857142857,-3.814285714285714,-0.6285714285714287,87.68571428571428,2.115142857142857,100.0,10.714285714285714,0.1999999999999999,21.957142857142856,210.17142857142852,1016.9,62.24285714285714,9.571428571428571,1308
18.642857142857142,11.085714285714284,14.87142857142857,18.642857142857142,10.471428571428572,14.8,75.05714285714285,0.2998571428571429,42.85714285714285,2.381428571428572,0.0,18.67142857142857,219.9857142857143,1017.3142857142856,72.11428571428571,19.414285714285715,1006
24.785714285714285,16.54285714285714,20.142857142857142,24.9,16.54285714285714,20.142857142857142,79.14285714285714,0.7731428571428571,71.42857142857143,4.167142857142857,0.0,18.185714285714287,172.21428571428572,1014.9428571428572,62.0,15.5,933
21.014285714285712,13.328571428571427,17.242857142857144,21.014285714285712,13.328571428571427,17.242857142857144,77.47142857142856,4.147571428571429,85.71428571428571,19.642857142857142,0.0,26.24285714285714,213.72857142857143,1009.4142857142856,60.67142857142857,16.571428571428573,893
20.914285714285715,11.785714285714286,16.12857142857143,20.914285714285715,11.785714285714286,16.12857142857143,75.7,0.0468571428571428,14.285714285714286,1.19,0.0,23.47142857142857,140.6142857142857,1019.3714285714286,54.54285714285714,13.728571428571428,963
5.6571428571428575,0.8285714285714285,3.4285714285714284,3.271428571428572,-3.071428571428572,-1.2688263138573214e-16,83.12857142857142,0.3274285714285714,71.42857142857143,2.9785714285714286,1.15,29.714285714285715,188.7142857142857,1021.0571428571428,85.85714285714286,8.071428571428571,1093
4.328571428571428,0.2428571428571428,2.071428571428572,2.1,-3.914285714285714,-0.9571428571428572,81.42857142857143,0.0,0.0,0.0,1.85,19.685714285714283,282.7285714285714,1011.7285714285716,71.7,17.34285714285714,1210
7.757142857142857,1.0714285714285714,3.742857142857143,5.428571428571429,-4.214285714285714,-0.8142857142857142,77.34285714285714,0.3807142857142857,57.142857142857146,2.9771428571428573,1.0,42.55714285714286,251.75714285714284,1010.6714285714286,49.51428571428572,18.37142857142857,1110
9.571428571428571,3.0285714285714285,6.771428571428571,7.885714285714286,-0.4857142857142856,3.7714285714285714,84.0,2.948857142857143,85.71428571428571,10.712857142857144,0.0,34.371428571428574,181.32857142857145,992.342857142857,49.114285714285714,11.3,1014
20.228571428571428,11.971428571428572,16.014285714285712,20.228571428571428,11.571428571428571,15.957142857142856,74.54285714285713,1.7257142857142858,100.0,8.930000000000001,0.0,29.942857142857143,225.07142857142856,1009.157142857143,52.12857142857143,14.042857142857144,904
11.2,5.671428571428572,8.414285714285715,10.885714285714286,2.8000000000000003,6.514285714285714,80.15714285714286,0.0,0.0,0.0,0.0,24.057142857142857,57.0,1014.4142857142856,57.57142857142857,9.128571428571428,983
19.9,12.342857142857143,15.7,19.9,12.342857142857143,15.7,79.94285714285715,0.156,42.85714285714285,2.381428571428572,0.0,20.985714285714288,65.07142857142857,1014.1,52.34285714285714,13.628571428571428,946
13.1,6.071428571428571,10.071428571428571,12.428571428571429,3.457142857142857,8.657142857142857,81.48571428571428,0.7488571428571429,85.71428571428571,8.928571428571429,0.0,29.342857142857145,275.6,1022.2714285714284,49.285714285714285,10.885714285714286,1000
18.042857142857144,10.657142857142857,14.185714285714283,18.042857142857144,10.328571428571427,14.114285714285714,80.02857142857144,2.1997142857142857,85.71428571428571,9.524285714285714,0.0,26.357142857142858,251.07142857142856,1006.8857142857142,69.01428571428572,13.771428571428572,1001
8.285714285714286,2.4285714285714284,5.328571428571428,5.857142857142857,-1.042857142857143,2.4285714285714284,89.72857142857143,1.5264285714285717,85.71428571428571,14.882857142857144,0.0,23.314285714285717,189.58571428571423,1018.0857142857144,52.74285714285714,7.442857142857143,1304
17.814285714285713,12.328571428571427,14.785714285714286,17.814285714285713,12.328571428571427,14.785714285714286,88.48571428571428,0.6052857142857143,57.142857142857146,4.1657142857142855,0.0,20.585714285714285,184.77142857142857,1012.2,90.15714285714286,10.62857142857143,960
10.4,4.514285714285714,7.5,9.028571428571428,-0.0142857142857142,4.485714285714286,83.78571428571429,1.0958571428571429,85.71428571428571,14.284285714285714,0.0,36.67142857142857,237.45714285714288,1012.9285714285714,56.44285714285714,9.714285714285714,1157
9.071428571428571,3.142857142857143,6.228571428571429,7.085714285714286,0.1571428571428571,3.585714285714286,89.52857142857142,2.778,100.0,9.522857142857143,0.0,29.12857142857143,204.44285714285712,997.2714285714284,70.9,13.685714285714283,1038
13.62857142857143,9.014285714285714,11.328571428571427,12.842857142857143,7.871428571428572,10.342857142857143,80.68571428571428,0.7512857142857143,71.42857142857143,2.9785714285714286,0.0,23.0,251.64285714285717,1003.9428571428572,76.05714285714285,16.12857142857143,958
15.328571428571433,9.914285714285716,12.514285714285714,15.328571428571433,9.414285714285716,12.44285714285714,79.05714285714285,1.1052857142857142,71.42857142857143,4.167142857142857,0.0,14.5,184.65714285714284,1011.0285714285714,90.17142857142858,13.857142857142858,949
14.971428571428572,7.957142857142857,11.44285714285714,14.971428571428572,5.485714285714286,10.528571428571428,71.92857142857143,0.4132857142857142,42.85714285714285,1.7871428571428571,0.0,36.35714285714285,217.68571428571428,1010.2428571428572,61.557142857142864,20.071428571428573,923
18.5,12.085714285714284,15.085714285714284,18.5,11.885714285714286,15.071428571428571,83.65714285714286,0.9205714285714286,28.571428571428573,1.7857142857142858,0.0,25.014285714285712,213.17142857142855,1020.8142857142856,63.385714285714286,14.414285714285716,757
19.82857142857143,12.185714285714283,16.02857142857143,19.82857142857143,12.05714285714286,16.014285714285712,80.5,1.9425714285714284,100.0,20.23857142857143,0.0,25.25714285714286,251.68571428571428,1008.7857142857144,41.2,9.814285714285717,951
16.785714285714285,8.785714285714286,12.285714285714286,16.585714285714285,7.914285714285714,11.771428571428572,78.87142857142858,0.2052857142857143,42.85714285714285,1.7871428571428571,0.0,22.728571428571428,166.8857142857143,1015.9,68.64285714285714,10.785714285714286,993
22.314285714285717,14.8,18.085714285714285,22.342857142857145,14.8,18.1,83.64285714285714,0.062,28.571428571428573,1.1914285714285715,0.0,21.62857142857143,110.04285714285712,1017.5714285714286,61.457142857142856,9.657142857142857,814
14.914285714285716,8.357142857142858,11.328571428571427,14.914285714285716,7.171428571428572,10.94285714285714,82.10000000000001,3.6022857142857143,100.0,9.522857142857143,0.0,19.557142857142857,203.88571428571427,1009.0285714285714,76.91428571428571,16.057142857142857,996
10.271428571428572,3.571428571428572,6.828571428571428,9.357142857142858,0.6428571428571429,4.628571428571428,84.41428571428571,0.5941428571428571,85.71428571428571,9.525714285714288,0.0,21.82857142857143,177.27142857142857,1015.9142857142856,56.34285714285714,12.0,974
9.314285714285717,3.3714285714285714,6.014285714285714,7.8,0.9714285714285714,4.014285714285714,82.39999999999999,1.6064285714285715,85.71428571428571,5.951428571428571,0.0,18.0,284.95714285714286,999.4714285714286,55.32857142857143,18.97142857142857,1028
4.914285714285714,2.157142857142857,3.442857142857143,0.4571428571428572,-3.7,-1.6428571428571428,77.88571428571429,0.9122857142857144,71.42857142857143,4.167142857142857,0.0,46.35714285714285,35.65714285714286,1022.1714285714286,76.31428571428572,15.085714285714284,976
11.642857142857142,6.557142857142857,9.442857142857145,11.414285714285716,2.542857142857143,7.285714285714286,77.18571428571428,1.6454285714285712,71.42857142857143,12.5,0.0,41.71428571428572,217.8571428571429,993.5285714285714,42.41428571428571,11.428571428571429,1060
8.1,3.1142857142857143,5.414285714285714,5.457142857142857,-1.5857142857142856,1.6,85.7,2.736,85.71428571428571,8.332857142857142,4.9,34.77142857142857,286.24285714285713,1017.1857142857144,59.71428571428572,12.385714285714286,1133
9.6,1.3142857142857145,5.3,8.27142857142857,-2.271428571428572,2.728571428571428,77.62857142857142,1.4545714285714284,100.0,12.5,0.0,23.514285714285712,246.3857142857143,1002.3285714285714,44.94285714285714,10.657142857142857,1116
6.1000000000000005,1.457142857142857,4.185714285714286,4.6571428571428575,-0.9857142857142858,1.914285714285714,89.57142857142857,1.3555714285714284,85.71428571428571,7.142857142857143,0.0,16.02857142857143,176.4,1016.6857142857144,72.65714285714286,8.7,1156
17.642857142857142,10.114285714285714,14.214285714285714,17.642857142857142,9.285714285714286,14.042857142857144,82.02857142857144,0.8492857142857142,100.0,5.3585714285714285,0.0,30.342857142857145,229.7428571428572,1005.2857142857144,65.84285714285714,18.67142857142857,847
9.114285714285714,3.8428571428571434,6.742857142857143,7.128571428571428,1.557142857142857,4.185714285714286,88.84285714285714,0.6698571428571428,71.42857142857143,3.5728571428571425,0.0,22.3,232.8857142857143,1012.5428571428572,77.45714285714287,13.257142857142856,1042
7.371428571428572,2.5285714285714285,5.357142857142857,4.328571428571428,-1.557142857142857,1.514285714285714,92.11428571428571,3.901142857142857,100.0,7.737142857142857,0.0,32.65714285714286,218.6,993.7142857142856,76.35714285714286,13.257142857142856,1204
19.385714285714283,9.914285714285716,14.328571428571427,19.385714285714283,9.571428571428571,14.2,80.25714285714285,0.0444285714285714,14.285714285714286,0.5957142857142858,0.0,19.571428571428573,212.42857142857144,1022.5714285714286,57.971428571428575,8.257142857142856,898
17.814285714285713,11.157142857142857,14.171428571428573,17.814285714285713,10.8,14.085714285714284,77.91428571428571,0.9285714285714286,42.85714285714285,1.7871428571428571,0.0,34.385714285714286,202.0142857142857,1002.6285714285714,68.51428571428572,22.9,868
14.314285714285717,4.142857142857143,9.2,14.12857142857143,1.9,8.171428571428573,78.61428571428571,0.3201428571428571,42.85714285714285,2.381428571428572,0.0,18.8,168.29999999999998,1020.0,62.01428571428572,10.985714285714286,1003
7.742857142857143,3.642857142857143,5.628571428571428,4.5,-0.7428571428571429,1.6857142857142855,83.7,0.0,0.0,0.0,0.0,34.1,296.5285714285714,1019.5714285714286,86.42857142857143,12.7,989
14.0,5.857142857142857,10.05714285714286,14.0,3.5,8.942857142857143,86.25714285714285,0.1554285714285714,42.85714285714285,4.167142857142857,0.0,25.514285714285712,159.77142857142857,1008.4428571428572,33.34285714285714,8.8,1080
15.957142857142856,10.757142857142856,13.05714285714286,15.957142857142856,10.585714285714284,13.042857142857144,81.2,0.0,0.0,0.0,0.0,25.02857142857143,67.47142857142858,1019.8714285714286,68.04285714285714,26.485714285714288,892
4.042857142857143,0.742857142857143,2.442857142857143,2.071428571428572,-2.457142857142857,-0.0142857142857143,93.45714285714288,0.3632857142857143,57.142857142857146,5.357142857142857,0.9571428571428572,15.471428571428572,193.27142857142857,1021.8142857142858,72.28571428571429,5.885714285714286,1234
7.642857142857143,1.3714285714285717,4.1000000000000005,4.957142857142857,-2.414285714285714,0.8714285714285713,84.65714285714286,0.9495714285714286,85.71428571428571,4.762857142857143,0.0,30.12857142857143,253.95714285714288,1012.8142857142856,48.785714285714285,12.485714285714286,1006
9.87142857142857,5.642857142857143,7.585714285714286,8.814285714285715,2.557142857142857,5.2,89.39999999999999,0.2292857142857143,71.42857142857143,7.142857142857143,0.0,24.414285714285715,262.7857142857143,1024.3857142857144,73.05714285714285,13.87142857142857,978
10.285714285714286,4.585714285714286,7.142857142857143,9.3,2.5,5.571428571428571,85.5,0.1935714285714285,71.42857142857143,4.167142857142857,0.0,19.928571428571427,150.32857142857145,1013.0428571428572,54.4,11.328571428571427,1013
21.642857142857142,12.314285714285717,16.985714285714288,21.642857142857142,12.314285714285717,16.985714285714288,76.42857142857143,0.165,57.142857142857146,2.382857142857143,0.0,24.02857142857143,197.4,1013.0142857142856,55.67142857142857,12.228571428571428,892
20.8,14.042857142857144,17.257142857142856,20.8,14.042857142857144,17.257142857142856,85.32857142857142,0.1705714285714285,85.71428571428571,5.357142857142857,0.0,19.085714285714285,313.1857142857143,1020.2714285714284,70.62857142857142,10.285714285714286,888
14.642857142857142,8.371428571428572,11.242857142857144,14.642857142857142,5.457142857142857,10.085714285714284,74.47142857142856,0.0,0.0,0.0,0.0,27.214285714285715,43.9,1019.157142857143,39.385714285714286,11.342857142857143,931
8.085714285714285,3.185714285714285,5.542857142857143,5.742857142857143,0.1142857142857143,2.7285714285714286,82.10000000000001,0.3345714285714286,57.142857142857146,2.9771428571428573,1.0,23.342857142857145,273.4142857142857,1019.2714285714284,80.7,16.557142857142857,1119
7.985714285714286,4.171428571428572,5.842857142857143,6.271428571428571,0.8285714285714285,3.5285714285714285,87.74285714285715,1.0337142857142856,28.571428571428573,2.38,0.0,20.714285714285715,224.3142857142857,1028.9,74.58571428571429,8.571428571428571,1190
10.142857142857142,4.0,7.271428571428571,8.657142857142857,1.8,5.114285714285714,79.15714285714286,0.373,28.571428571428573,3.571428571428572,0.0,22.071428571428573,43.48571428571428,1016.5857142857144,53.31428571428571,7.6,1127
15.142857142857142,11.185714285714283,13.042857142857144,15.142857142857142,10.928571428571429,13.014285714285714,82.11428571428571,2.593285714285714,100.0,6.547142857142857,0.0,23.085714285714285,177.79999999999998,1001.1857142857144,88.42857142857143,17.3,937
11.071428571428571,5.0,7.857142857142857,9.685714285714283,1.4857142857142858,5.228571428571429,85.10000000000001,0.4465714285714285,57.142857142857146,2.382857142857143,0.0,32.55714285714286,224.45714285714288,1011.5857142857144,56.05714285714286,17.1,928
14.228571428571428,5.842857142857143,10.0,14.228571428571428,2.657142857142857,8.642857142857142,81.91428571428571,2.151428571428572,100.0,15.477142857142857,0.0,26.185714285714287,200.92857142857144,1007.8,51.85714285714285,10.142857142857142,1001
7.728571428571429,2.3714285714285714,4.942857142857143,5.414285714285714,-2.185714285714286,1.9714285714285715,80.21428571428571,2.1872857142857143,100.0,5.3585714285714285,2.9,30.31428571428572,281.4714285714286,1004.6,68.6,20.37142857142857,1106
18.228571428571428,12.614285714285714,14.985714285714286,18.228571428571428,12.614285714285714,14.985714285714286,79.87142857142858,6.103571428571429,71.42857142857143,5.355714285714286,79.0,22.7,254.52857142857144,1011.0428571428572,78.24285714285715,17.728571428571428,875
5.242857142857143,1.0571428571428572,3.257142857142857,1.9142857142857144,-3.5857142857142854,-0.5857142857142856,88.60000000000001,0.3967142857142857,71.42857142857143,4.167142857142857,0.5,28.5,213.55714285714288,1010.1857142857144,71.35714285714286,9.1,1127
16.242857142857144,9.571428571428571,12.742857142857144,16.242857142857144,8.857142857142858,12.542857142857144,78.98571428571428,0.2265714285714285,28.571428571428573,1.1914285714285715,0.0,28.985714285714288,194.7,1013.1714285714286,55.871428571428574,17.02857142857143,900
22.857142857142858,13.0,18.02857142857143,22.8,13.0,18.02857142857143,67.42857142857143,0.3517142857142857,42.85714285714285,4.1657142857142855,0.0,26.62857142857143,160.72857142857143,1021.6714285714286,55.885714285714286,11.6,808
24.185714285714287,13.471428571428572,18.6,24.12857142857143,13.471428571428572,18.585714285714285,69.92857142857143,0.0617142857142857,28.571428571428573,2.381428571428572,0.0,30.11428571428572,227.28571428571428,1014.8571428571428,34.3,17.95714285714286,769
8.142857142857142,3.8428571428571434,6.014285714285714,5.8,0.6571428571428571,3.157142857142857,87.75714285714285,1.422857142857143,71.42857142857143,4.761428571428572,0.0,26.61428571428572,216.3571428571429,1001.6714285714286,69.45714285714286,15.842857142857143,1182
10.471428571428572,4.842857142857143,7.5,9.228571428571428,2.0285714285714285,5.528571428571429,74.54285714285713,0.0301428571428571,28.571428571428573,1.7857142857142858,0.0,21.1,137.12857142857143,1014.1714285714286,80.68571428571428,14.614285714285716,974
18.985714285714288,10.071428571428571,14.05714285714286,18.985714285714288,8.885714285714286,13.914285714285716,82.3,0.3531428571428571,42.85714285714285,1.7871428571428571,0.0,21.642857142857142,75.0,1018.7571428571428,61.08571428571429,9.842857142857143,945
8.571428571428571,2.142857142857143,5.6571428571428575,6.742857142857143,-1.9428571428571428,2.628571428571429,89.38571428571429,1.5051428571428571,100.0,16.665714285714284,0.0,29.67142857142857,229.4142857142857,1022.2571428571428,50.67142857142857,8.27142857142857,1552
10.728571428571428,4.028571428571429,7.514285714285713,9.342857142857143,-0.5857142857142857,4.771428571428571,82.04285714285713,0.0,0.0,0.0,0.0,39.21428571428572,240.87142857142857,1016.9714285714286,69.8,17.485714285714288,893
9.642857142857142,5.357142857142857,7.414285714285714,8.028571428571428,2.0,4.628571428571428,87.60000000000001,5.676571428571429,100.0,9.522857142857143,0.0,28.542857142857144,180.92857142857144,993.4428571428572,77.8,14.842857142857143,1046
20.67142857142857,11.428571428571429,16.04285714285714,20.67142857142857,11.428571428571429,16.04285714285714,75.39999999999999,2.779428571428572,42.85714285714285,7.738571428571428,0.0,23.485714285714288,153.08571428571426,1009.7142857142856,26.87142857142857,11.314285714285717,938
15.900000000000002,9.6,12.685714285714283,15.900000000000002,8.2,12.385714285714286,86.84285714285714,1.7032857142857143,85.71428571428571,8.93,0.0,25.228571428571428,136.14285714285714,1014.4285714285714,52.32857142857143,9.514285714285714,943
20.12857142857143,14.014285714285714,16.8,20.12857142857143,14.014285714285714,16.8,74.35714285714286,0.6205714285714287,71.42857142857143,4.167142857142857,0.0,23.485714285714288,243.45714285714283,1010.5,75.82857142857142,18.8,881
24.642857142857142,15.657142857142857,19.514285714285712,24.828571428571426,15.657142857142857,19.52857142857143,80.55714285714285,1.4552857142857143,85.71428571428571,22.02428571428572,0.0,25.457142857142856,166.45714285714286,1015.7857142857144,50.271428571428565,9.05714285714286,956
9.014285714285714,3.271428571428572,6.014285714285714,6.614285714285714,-0.4857142857142858,3.0142857142857147,87.58571428571429,2.491142857142857,85.71428571428571,19.64428571428571,1.2857142857142858,25.45714285714286,239.7,998.9142857142856,45.85714285714285,10.37142857142857,1010
21.82857142857143,13.94285714285714,17.485714285714288,21.82857142857143,13.94285714285714,17.485714285714288,76.7,1.641,85.71428571428571,7.142857142857143,0.0,16.385714285714286,259.6142857142857,1017.7142857142856,69.42857142857143,16.085714285714285,947
11.571428571428571,2.585714285714286,6.9,10.05714285714286,0.4714285714285714,4.971428571428571,71.58571428571429,0.4451428571428571,57.142857142857146,2.9771428571428573,0.0,20.52857142857143,214.27142857142857,1015.4428571428572,28.65714285714285,17.02857142857143,1021
24.228571428571428,10.171428571428573,16.885714285714286,24.17142857142857,9.571428571428571,16.857142857142858,70.44285714285714,0.0368571428571428,14.285714285714286,0.5957142857142858,0.0,21.514285714285712,208.77142857142857,1023.1,37.85714285714285,11.457142857142856,960
7.771428571428571,3.742857142857143,5.742857142857143,4.542857142857143,-1.3857142857142857,1.3857142857142857,76.72857142857143,0.0,0.0,0.0,0.0,40.68571428571429,277.4857142857143,1022.3142857142856,57.42857142857143,17.928571428571427,1257
20.52857142857143,11.928571428571429,16.071428571428573,20.52857142857143,11.928571428571429,16.071428571428573,73.44285714285715,0.0,0.0,0.0,0.0,23.5,113.17142857142858,1017.3142857142856,55.51428571428572,14.87142857142857,765
21.842857142857145,10.571428571428571,16.085714285714285,21.842857142857145,10.357142857142858,16.071428571428573,73.44285714285715,0.0,0.0,0.0,0.0,17.428571428571427,123.62857142857143,1025.9571428571428,35.114285714285714,9.6,960
19.842857142857145,10.0,14.8,19.842857142857145,9.171428571428573,14.514285714285714,63.1,0.0,0.0,0.0,0.0,18.814285714285717,88.45714285714287,1025.6714285714286,14.957142857142856,21.228571428571428,944
16.47142857142857,7.728571428571429,11.985714285714286,16.47142857142857,7.0,11.8,77.28571428571429,0.0217142857142857,28.571428571428573,1.1914285714285715,0.0,16.614285714285714,89.81428571428572,1025.3285714285714,54.24285714285714,16.87142857142857,939
15.7,8.942857142857141,12.085714285714284,15.7,7.3,11.62857142857143,83.45714285714287,4.676714285714286,85.71428571428571,9.524285714285714,0.0,24.0,130.1142857142857,1008.3,65.72857142857143,15.571428571428571,991
24.057142857142857,15.87142857142857,19.814285714285717,24.1,15.87142857142857,19.842857142857145,74.12857142857142,0.0515714285714285,42.85714285714285,1.7871428571428571,0.0,22.428571428571427,245.94285714285712,1012.8857142857142,67.65714285714286,17.257142857142856,946
6.071428571428571,1.1714285714285713,3.814285714285714,3.0285714285714285,-2.8000000000000003,0.457142857142857,85.54285714285713,3.830571428571429,85.71428571428571,8.334285714285715,1.4,27.185714285714287,69.74285714285715,1005.3142857142856,79.35714285714286,11.042857142857144,1075
8.971428571428572,4.0285714285714285,6.7,5.514285714285714,0.0428571428571428,2.942857142857143,88.25714285714285,1.9407142857142856,85.71428571428571,16.071428571428573,0.0285714285714285,34.25714285714286,197.6,1000.1714285714286,33.75714285714286,13.671428571428573,1116
22.27142857142857,11.428571428571429,17.342857142857145,22.27142857142857,11.171428571428573,17.3,66.94285714285715,1.8151428571428572,57.142857142857146,10.714285714285714,0.0,24.885714285714283,211.82857142857145,1011.8285714285714,33.7,9.428571428571429,901
6.9,2.2285714285714286,4.614285714285714,4.971428571428571,-0.9,1.8000000000000005,84.22857142857143,2.754857142857143,100.0,9.524285714285714,1.4,20.357142857142858,271.04285714285714,1002.1857142857144,72.21428571428571,17.271428571428572,1219
10.814285714285717,3.357142857142857,7.3,9.7,0.7999999999999999,5.257142857142857,76.62857142857142,3.3125714285714283,71.42857142857143,18.452857142857145,0.0,24.12857142857143,218.8857142857143,1013.4571428571428,46.771428571428565,9.414285714285716,1002
21.8,12.44285714285714,17.02857142857143,21.74285714285714,12.44285714285714,17.02857142857143,75.39999999999999,0.9777142857142856,85.71428571428571,5.952857142857143,0.0,24.87142857142857,250.8142857142857,1014.7142857142856,64.32857142857144,14.742857142857144,981
11.4,4.957142857142857,8.014285714285714,11.2,2.642857142857143,6.385714285714286,83.61428571428571,0.5181428571428571,71.42857142857143,5.355714285714286,0.0,25.0,215.64285714285717,1001.5142857142856,68.77142857142857,16.52857142857143,1002
3.0,-2.128571428571429,0.7571428571428571,0.7857142857142857,-5.9,-2.542857142857143,92.97142857142856,0.9771428571428572,71.42857142857143,7.141428571428571,0.1857142857142857,21.24285714285714,268.4142857142857,1011.2285714285716,60.67142857142857,6.871428571428572,1095
7.5857142857142845,2.8428571428571425,5.257142857142857,6.514285714285714,-0.1714285714285714,2.9857142857142853,89.0,1.6771428571428573,85.71428571428571,5.357142857142857,0.0,18.82857142857143,234.2,1010.0285714285714,69.85714285714286,9.057142857142855,999
10.042857142857144,3.985714285714285,7.171428571428572,8.714285714285714,1.0285714285714287,4.485714285714286,75.02857142857144,0.0804285714285714,42.85714285714285,2.381428571428572,0.0,27.485714285714288,41.52857142857143,1019.8857142857142,47.385714285714286,11.528571428571428,1004
8.1,3.142857142857143,5.471428571428571,6.385714285714286,0.3000000000000001,2.728571428571428,91.62857142857142,3.5677142857142856,100.0,20.832857142857144,2.0,28.385714285714283,207.12857142857143,1006.3857142857142,54.18571428571429,9.014285714285714,998
9.44285714285714,2.8285714285714287,6.471428571428571,8.171428571428573,0.9714285714285714,4.328571428571428,89.5,0.2918571428571428,71.42857142857143,5.358571428571429,0.0,21.2,175.41428571428574,1012.2142857142856,67.57142857142857,5.9,1073
20.1,12.314285714285717,16.114285714285714,20.1,12.142857142857142,16.085714285714285,84.08571428571429,1.0492857142857144,57.142857142857146,4.761428571428572,0.0,16.985714285714288,214.6142857142857,1015.9285714285714,58.38571428571429,10.985714285714286,901
15.642857142857142,10.0,12.814285714285717,15.642857142857142,9.857142857142858,12.785714285714286,78.37142857142858,1.0842857142857143,85.71428571428571,7.737142857142857,0.0,15.828571428571427,175.17142857142858,1021.1714285714286,75.82857142857142,21.7,914
18.085714285714285,11.3,14.757142857142856,18.085714285714285,10.828571428571427,14.714285714285714,76.22857142857143,2.876428571428572,100.0,23.81,0.0,27.928571428571427,233.3,1009.2142857142856,51.51428571428572,12.671428571428573,873
15.328571428571427,6.414285714285714,10.971428571428572,15.328571428571427,4.471428571428572,10.185714285714283,81.84285714285714,0.5795714285714286,71.42857142857143,7.738571428571428,0.0,23.914285714285715,147.35714285714286,1012.3285714285714,56.54285714285714,9.128571428571428,982
17.014285714285712,10.314285714285717,13.842857142857143,17.014285714285712,9.742857142857144,13.771428571428572,81.89999999999999,0.239,57.142857142857146,5.952857142857143,0.0,28.72857142857143,112.68571428571428,1010.4857142857144,30.74285714285714,10.742857142857144,1017
18.91428571428571,10.228571428571428,14.428571428571429,18.91428571428571,9.428571428571429,14.314285714285717,78.04285714285713,2.3522857142857143,71.42857142857143,14.287142857142856,0.0,26.6,206.2142857142857,1012.5428571428572,44.55714285714286,10.114285714285714,911
15.257142857142856,7.985714285714286,11.214285714285714,15.257142857142856,5.971428571428571,10.385714285714286,86.27142857142857,1.275,71.42857142857143,11.902857142857142,0.0,23.071428571428573,82.61428571428573,1013.1,49.54285714285714,6.957142857142857,904
7.899999999999999,2.142857142857143,5.271428571428571,6.128571428571428,-1.1857142857142855,2.471428571428571,83.82857142857142,1.346714285714286,71.42857142857143,3.5728571428571425,0.0,31.32857142857143,212.3857142857143,1010.3142857142856,57.67142857142857,13.585714285714284,1174
8.171428571428573,3.3857142857142857,5.871428571428572,5.8,-1.4142857142857144,2.128571428571429,85.82857142857142,2.5132857142857143,85.71428571428571,6.548571428571429,0.0,37.457142857142856,236.0142857142857,994.8714285714286,61.92857142857143,16.314285714285713,1291
0.4428571428571428,-3.0,-1.0571428571428572,-2.957142857142857,-7.957142857142857,-5.428571428571429,81.44285714285715,0.1902857142857143,42.85714285714285,2.975714285714285,3.3285714285714287,23.87142857142857,117.45714285714288,1026.9714285714283,65.32857142857142,6.542857142857143,1198
17.0,9.285714285714286,13.157142857142857,17.0,8.0,12.828571428571427,80.12857142857142,0.2785714285714286,42.85714285714285,1.7871428571428571,0.0,25.028571428571432,218.54285714285717,1023.1285714285714,65.91428571428571,14.742857142857144,929
16.7,7.328571428571428,12.05714285714286,16.7,5.371428571428572,11.428571428571429,77.97142857142856,0.0762857142857142,42.85714285714285,2.975714285714285,0.0,22.442857142857143,254.57142857142856,1021.4428571428572,42.2,9.842857142857143,1066
18.857142857142858,10.571428571428571,14.971428571428572,18.857142857142858,9.757142857142856,14.828571428571427,77.17142857142856,0.4947142857142857,57.142857142857146,8.331428571428571,0.0,23.842857142857145,240.14285714285717,1018.6,43.457142857142856,9.828571428571427,1048
6.842857142857143,3.0,5.071428571428571,4.771428571428571,0.2571428571428572,2.742857142857143,82.15714285714286,0.6018571428571429,100.0,5.952857142857143,0.0,17.75714285714286,272.5,1034.9857142857145,76.15714285714286,15.485714285714286,1403
10.285714285714286,4.885714285714286,7.485714285714286,8.971428571428572,1.5714285714285714,4.685714285714285,81.91428571428571,2.510857142857143,100.0,19.64428571428572,0.0,31.685714285714287,246.25714285714284,997.3571428571428,63.41428571428572,11.7,1117
20.357142857142858,11.771428571428572,16.2,20.357142857142858,11.414285714285716,16.15714285714286,72.57142857142857,1.1741428571428572,85.71428571428571,14.287142857142856,0.0,20.37142857142857,220.7428571428571,1012.6142857142858,53.271428571428565,16.485714285714288,852
11.44285714285714,7.442857142857142,9.385714285714286,10.94285714285714,5.357142857142857,7.785714285714286,87.97142857142856,0.837,57.142857142857146,2.382857142857143,0.0,23.75714285714286,179.84285714285716,1004.8571428571428,77.37142857142858,10.757142857142856,909
8.357142857142858,1.9142857142857144,4.6000000000000005,7.028571428571429,-0.9857142857142858,2.757142857142857,90.32857142857142,0.0961428571428571,85.71428571428571,4.764285714285714,0.0,15.6,168.1,1028.6571428571428,45.82857142857143,9.457142857142856,1125
13.685714285714283,5.757142857142857,9.87142857142857,13.042857142857144,3.4285714285714284,8.4,75.81428571428572,2.1814285714285715,71.42857142857143,5.95,0.0,24.25714285714286,200.54285714285717,998.6285714285714,76.21428571428571,19.37142857142857,992
7.399999999999999,2.3714285714285714,4.928571428571429,4.471428571428572,-1.4428571428571428,1.585714285714286,85.11428571428571,1.3385714285714283,85.71428571428571,5.357142857142857,0.0,25.985714285714288,272.42857142857144,980.6142857142858,75.91428571428571,17.4,1029
6.085714285714286,2.142857142857143,3.928571428571429,3.057142857142857,-1.4142857142857144,0.7571428571428571,85.39999999999999,0.5064285714285715,85.71428571428571,7.737142857142857,0.0,23.82857142857143,145.14285714285714,1024.3142857142857,77.82857142857142,9.528571428571428,1008
5.485714285714286,0.9857142857142858,3.142857142857143,2.9857142857142853,-3.4142857142857146,-0.4857142857142856,86.32857142857142,3.826285714285714,100.0,30.35571428571429,0.1142857142857143,29.75714285714286,189.7428571428572,999.6428571428572,61.142857142857146,9.8,1035
13.985714285714286,5.714285714285714,9.671428571428573,13.542857142857144,3.0142857142857147,8.2,79.8,0.0438571428571428,28.571428571428573,2.381428571428572,0.0,23.67142857142857,226.2428571428572,1022.2285714285716,35.55714285714286,9.042857142857144,1058
6.8,3.042857142857143,4.871428571428572,4.071428571428571,-1.0,1.4714285714285715,81.22857142857143,1.0537142857142858,85.71428571428571,4.168571428571428,2.35,27.442857142857143,160.0142857142857,1010.1428571428572,78.88571428571429,14.271428571428572,1132
10.971428571428572,5.014285714285714,8.22857142857143,9.585714285714284,1.5857142857142856,6.242857142857143,81.35714285714286,0.456142857142857,85.71428571428571,4.168571428571428,0.0,38.81428571428571,269.7142857142857,1002.9285714285714,72.72857142857143,23.728571428571428,1006
7.571428571428571,1.2285714285714284,4.314285714285714,5.7,-0.6857142857142857,2.357142857142857,85.62857142857142,1.1618571428571427,85.71428571428571,5.951428571428571,0.0,17.271428571428572,225.08571428571423,1016.6,62.81428571428571,12.114285714285714,1074
14.357142857142858,5.928571428571429,10.085714285714284,14.357142857142858,3.5142857142857147,8.9,77.47142857142856,1.3218571428571428,57.142857142857146,5.355714285714286,0.0,24.957142857142856,223.77142857142857,1016.342857142857,56.21428571428572,15.257142857142856,953
17.514285714285712,7.357142857142857,12.457142857142856,17.514285714285712,5.528571428571429,11.828571428571427,72.62857142857142,0.7048571428571427,28.571428571428573,2.381428571428572,0.0,24.5,219.67142857142855,1024.7714285714285,61.75714285714286,10.914285714285716,1039
10.214285714285714,4.628571428571428,7.1571428571428575,9.457142857142856,2.2142857142857144,5.385714285714286,87.5,0.918285714285714,85.71428571428571,4.168571428571428,0.0,21.8,167.20000000000002,1005.3142857142856,78.31428571428572,10.742857142857144,1173
16.742857142857144,8.214285714285714,12.857142857142858,16.742857142857144,7.557142857142858,12.62857142857143,77.77142857142857,0.1591428571428571,14.285714285714286,0.5957142857142858,0.0,25.542857142857144,134.65714285714284,1019.4571428571428,37.05714285714286,19.485714285714288,911
4.428571428571429,-2.2857142857142856,1.2571428571428571,2.571428571428572,-5.514285714285714,-1.5142857142857142,91.25714285714284,0.062,57.142857142857146,2.9771428571428573,0.0,16.45714285714286,172.71428571428572,1024.3428571428572,43.67142857142857,5.342857142857143,1416
7.3,4.557142857142857,5.842857142857143,6.642857142857143,1.9,3.985714285714285,94.91428571428573,0.0738571428571428,100.0,4.764285714285714,0.0,15.842857142857143,169.20000000000002,1019.7714285714284,80.28571428571429,4.728571428571429,1214
11.1,6.285714285714286,8.5,10.328571428571427,2.8285714285714287,6.1000000000000005,70.88571428571429,0.0,0.0,0.0,0.0,28.27142857142857,250.0,1024.6571428571428,79.97142857142856,24.9,1060
5.857142857142857,1.7428571428571429,3.8,3.0142857142857147,-2.5,0.2428571428571428,84.17142857142858,1.208,85.71428571428571,14.881428571428572,0.0,26.2,146.2,1025.2857142857142,61.25714285714286,13.87142857142857,1192
0.4571428571428571,-2.628571428571429,-1.1857142857142855,-3.257142857142857,-7.871428571428572,-5.3,84.45714285714287,0.6807142857142857,71.42857142857143,4.167142857142857,9.157142857142857,24.185714285714287,142.24285714285713,1022.5714285714286,84.27142857142857,6.771428571428571,1238
12.685714285714283,8.071428571428571,10.55714285714286,12.2,5.828571428571428,9.171428571428573,87.35714285714286,1.3432857142857144,100.0,5.3585714285714285,0.0,28.12857142857143,279.4142857142857,1013.157142857143,82.54285714285713,11.914285714285716,918
13.214285714285714,5.714285714285714,9.142857142857142,12.771428571428572,3.3999999999999995,7.742857142857143,79.81428571428572,0.5701428571428572,57.142857142857146,8.332857142857142,0.0,24.97142857142857,158.05714285714285,1013.4428571428572,53.8,9.514285714285714,1026
18.87142857142857,10.414285714285716,14.657142857142857,18.87142857142857,10.214285714285714,14.657142857142857,76.88571428571429,0.5031428571428572,42.85714285714285,1.7871428571428571,0.0,30.842857142857145,198.77142857142857,1011.4,49.75714285714286,21.1,914
9.942857142857145,5.6000000000000005,7.914285714285714,9.22857142857143,2.1142857142857143,5.714285714285714,83.21428571428571,0.5604285714285714,42.85714285714285,1.7871428571428571,0.0,24.942857142857143,277.4428571428571,1019.3857142857142,74.31428571428572,16.742857142857144,1152
22.67142857142857,14.614285714285714,18.65714285714285,22.67142857142857,14.614285714285714,18.65714285714285,76.64285714285714,0.1557142857142857,28.571428571428573,1.1914285714285715,0.0,20.442857142857143,166.02857142857144,1018.3,70.55714285714285,20.914285714285715,876
15.485714285714286,10.2,12.62857142857143,15.485714285714286,9.7,12.485714285714286,82.67142857142858,0.0659999999999999,42.85714285714285,1.7871428571428571,0.0,16.785714285714285,280.85714285714283,1026.0428571428572,82.67142857142858,18.585714285714285,980
12.828571428571427,7.399999999999999,9.842857142857143,12.828571428571427,5.3,8.77142857142857,84.04285714285713,0.1402857142857143,28.571428571428573,1.1914285714285715,0.0,20.37142857142857,112.5,1019.4714285714286,78.91428571428571,10.585714285714284,1001
17.114285714285717,11.357142857142858,14.357142857142858,17.114285714285717,11.357142857142858,14.357142857142858,77.98571428571428,0.1887142857142857,42.85714285714285,1.7871428571428571,0.0,23.457142857142856,158.45714285714286,1009.8571428571428,76.35714285714286,20.87142857142857,961
22.557142857142857,12.285714285714286,17.47142857142857,22.61428571428572,12.12857142857143,17.45714285714286,71.68571428571428,1.5182857142857142,85.71428571428571,12.5,0.0,24.12857142857143,242.7142857142857,1015.4142857142856,32.84285714285714,9.9,958
21.957142857142856,12.185714285714289,17.271428571428572,21.957142857142856,12.042857142857144,17.257142857142856,73.75714285714285,0.1592857142857142,28.571428571428573,2.38,0.0,23.442857142857143,159.12857142857143,1017.6857142857144,64.04285714285714,16.657142857142855,950
18.985714285714288,10.657142857142857,14.828571428571427,18.985714285714288,10.414285714285716,14.8,81.04285714285713,0.7597142857142858,28.571428571428573,1.1914285714285715,0.0,23.11428571428572,174.6142857142857,1014.3571428571428,78.37142857142858,14.885714285714286,865
16.571428571428573,8.142857142857142,12.528571428571428,16.571428571428573,6.785714285714286,12.171428571428573,84.41428571428571,1.1517142857142857,85.71428571428571,7.142857142857143,0.0,18.97142857142857,269.18571428571425,1015.7142857142856,33.714285714285715,9.514285714285714,1080
20.11428571428572,12.542857142857144,16.142857142857142,20.11428571428572,12.542857142857144,16.142857142857142,74.37142857142858,3.551428571428571,71.42857142857143,3.5728571428571425,0.0,21.814285714285717,306.54285714285714,1013.9714285714286,69.1,22.842857142857145,873
21.12857142857143,13.571428571428571,17.24285714285714,21.12857142857143,13.571428571428571,17.24285714285714,76.17142857142858,0.0,0.0,0.0,0.0,18.1,181.52857142857144,1023.6142857142858,58.91428571428571,10.05714285714286,971
14.3,6.742857142857143,10.785714285714286,14.3,5.328571428571428,10.242857142857144,70.12857142857142,0.5037142857142857,28.571428571428573,1.7857142857142858,0.0,21.314285714285717,190.8428571428572,1019.0714285714286,63.614285714285714,20.385714285714283,949
2.685714285714285,-0.7000000000000001,1.042857142857143,-1.6285714285714286,-5.742857142857143,-3.757142857142857,77.18571428571428,0.011,14.285714285714286,0.5957142857142858,3.314285714285714,27.11428571428572,73.60000000000001,1029.8,55.72857142857144,17.071428571428573,1141
17.8,10.071428571428571,13.9,17.8,9.814285714285717,13.857142857142858,74.41428571428571,1.1772857142857145,42.85714285714285,1.7871428571428571,0.0,19.814285714285717,166.52857142857144,1012.4285714285714,65.67142857142856,25.342857142857145,899
22.7,11.785714285714286,17.357142857142858,22.7,11.785714285714286,17.357142857142858,74.55714285714285,0.0305714285714285,28.571428571428573,1.1914285714285715,0.0,19.728571428571428,120.85714285714286,1023.0857142857144,57.51428571428572,11.928571428571429,957
17.814285714285713,8.757142857142856,13.05714285714286,17.814285714285713,8.042857142857143,12.742857142857144,79.64285714285714,5.511428571428572,85.71428571428571,9.524285714285714,0.0,28.914285714285715,238.7428571428572,1005.8714285714286,64.02857142857142,16.214285714285715,966
20.514285714285712,11.685714285714283,16.257142857142856,20.514285714285712,11.142857142857142,16.2,79.54285714285713,1.9372857142857145,71.42857142857143,11.904285714285717,0.0,26.32857142857143,218.7,1012.5,41.67142857142857,10.614285714285714,994
25.4,15.428571428571429,20.52857142857143,25.442857142857143,15.428571428571429,20.557142857142857,71.38571428571429,0.116,28.571428571428573,1.7857142857142858,0.0,22.785714285714285,169.82857142857142,1018.0714285714286,26.0,9.77142857142857,1088
6.571428571428571,1.957142857142857,4.071428571428571,3.6142857142857134,-2.242857142857143,0.4857142857142857,86.7,1.293,85.71428571428571,8.335714285714287,0.0285714285714285,27.61428571428572,215.3142857142857,1023.0285714285714,69.94285714285715,11.971428571428572,1200
17.12857142857143,11.2,14.185714285714283,17.12857142857143,10.7,14.042857142857144,85.34285714285714,2.935714285714286,71.42857142857143,7.141428571428572,0.0,31.785714285714285,210.55714285714288,1006.3142857142856,57.55714285714286,12.257142857142856,956
7.685714285714285,2.242857142857143,5.142857142857143,5.357142857142857,-1.9428571428571428,1.957142857142857,90.37142857142858,1.8104285714285715,100.0,19.64428571428571,0.0,29.8,254.4142857142857,1013.6142857142858,58.18571428571428,11.2,1188
15.957142857142856,8.22857142857143,12.114285714285714,15.957142857142856,7.014285714285714,11.742857142857144,79.01428571428572,1.4242857142857142,85.71428571428571,11.31,0.0,27.957142857142856,181.8857142857143,1010.9142857142856,64.71428571428571,15.528571428571428,933
21.585714285714285,12.8,16.97142857142857,21.67142857142857,12.8,16.985714285714288,78.67142857142858,0.4351428571428571,28.571428571428573,1.1914285714285715,0.0,22.6,119.32857142857142,1019.4,53.7,14.914285714285713,898
14.071428571428571,9.528571428571428,11.485714285714286,14.071428571428571,8.87142857142857,11.3,81.7,0.8471428571428571,100.0,5.3585714285714285,0.0,25.014285714285712,158.9,1007.0857142857144,76.3,16.342857142857145,961
17.52857142857143,10.842857142857142,14.214285714285714,17.52857142857143,10.5,14.157142857142857,84.2,10.003857142857145,100.0,11.311428571428571,0.0,27.471428571428568,216.0142857142857,1007.657142857143,62.57142857142857,16.37142857142857,942
8.5,2.242857142857143,5.5,7.028571428571429,-0.8428571428571429,2.8428571428571425,79.8,0.5791428571428572,85.71428571428571,5.357142857142857,0.0,28.214285714285715,238.58571428571423,1015.4142857142856,72.42857142857143,17.942857142857143,1060
7.8,3.4857142857142853,5.485714285714286,5.6571428571428575,0.3428571428571429,2.942857142857143,93.22857142857144,2.6972857142857145,85.71428571428571,6.545714285714285,3.4,23.514285714285712,170.37142857142857,994.1142857142858,78.74285714285715,11.44285714285714,1118
23.542857142857144,13.885714285714286,18.4,23.542857142857144,13.885714285714286,18.4,81.51428571428572,0.0,0.0,0.0,0.0,19.442857142857143,93.35714285714286,1017.0142857142856,39.885714285714286,4.585714285714286,894
15.657142857142857,9.0,12.657142857142857,15.657142857142857,7.642857142857143,12.37142857142857,79.0,1.0775714285714284,57.142857142857146,4.761428571428572,0.0,23.2,96.31428571428572,1020.6285714285714,54.4,12.671428571428573,882
17.87142857142857,11.2,14.542857142857144,17.87142857142857,11.014285714285714,14.528571428571428,78.71428571428571,0.0221428571428571,14.285714285714286,0.5957142857142858,0.0,16.74285714285714,247.38571428571427,1024.1142857142856,75.52857142857144,20.87142857142857,892
17.75714285714286,6.614285714285714,12.271428571428572,17.75714285714286,4.642857142857143,11.685714285714283,68.75714285714285,0.0955714285714285,42.85714285714285,2.381428571428572,0.0,26.2,185.7,1013.2285714285716,32.34285714285714,10.671428571428573,1025
14.428571428571429,7.428571428571429,10.9,14.428571428571429,5.242857142857143,9.957142857142856,81.04285714285713,6.368285714285714,85.71428571428571,15.475714285714286,0.0,27.0,262.75714285714287,1006.3285714285714,44.142857142857146,10.0,939
10.485714285714286,4.442857142857143,7.985714285714286,9.585714285714284,2.071428571428572,6.4,79.3,0.6091428571428572,100.0,7.737142857142857,0.0,35.42857142857143,144.28571428571428,1012.9142857142856,56.2,17.6,1111
22.27142857142857,13.5,17.771428571428572,22.27142857142857,13.042857142857144,17.685714285714287,78.0,1.764714285714286,71.42857142857143,14.287142857142856,0.0,21.4,233.75714285714284,1013.7142857142856,51.1,10.014285714285714,944
17.52857142857143,9.742857142857144,13.457142857142856,17.52857142857143,8.342857142857143,13.142857142857142,77.47142857142856,1.288714285714286,85.71428571428571,8.928571428571429,0.0,27.514285714285712,214.18571428571428,1011.842857142857,58.557142857142864,9.957142857142856,910
18.142857142857142,9.285714285714286,13.528571428571428,18.142857142857142,7.828571428571428,12.94285714285714,81.61428571428571,0.421,57.142857142857146,6.548571428571429,0.0,25.728571428571428,166.32857142857142,1014.1857142857144,33.7,8.628571428571428,998
11.4,5.871428571428572,8.542857142857143,10.2,2.7857142857142856,6.228571428571429,75.21428571428571,1.2734285714285714,85.71428571428571,13.69,0.0,26.385714285714283,69.95714285714286,1016.4428571428572,64.58571428571429,12.4,952
20.52857142857143,12.2,15.485714285714286,20.52857142857143,12.2,15.485714285714286,88.47142857142856,0.5775714285714286,57.142857142857146,6.548571428571429,0.0,21.057142857142857,122.78571428571428,1017.2571428571428,57.38571428571429,6.1000000000000005,1039
6.45,1.7333333333333332,3.933333333333333,4.7,-1.85,1.05,82.11666666666666,0.0,0.0,0.0,0.5,25.714285714285715,268.68333333333334,1006.2166666666668,61.95,17.8,1533
4.371428571428572,-0.942857142857143,1.7142857142857142,2.3285714285714287,-3.957142857142857,-1.2,89.14285714285714,2.734428571428572,100.0,23.212857142857143,0.0,20.74285714285714,180.25714285714284,1001.2285714285716,67.78571428571429,8.085714285714285,1122
16.12857142857143,10.528571428571428,13.328571428571427,16.12857142857143,10.528571428571428,13.328571428571427,77.18571428571428,0.3364285714285714,42.85714285714285,2.381428571428572,0.0,19.985714285714288,134.07142857142858,1010.5428571428572,74.22857142857143,12.728571428571428,953
27.728571428571428,13.428571428571429,20.27142857142857,27.314285714285717,13.428571428571429,20.2,68.58571428571427,0.2391428571428571,28.571428571428573,1.7857142857142858,0.0,22.24285714285714,166.78571428571428,1017.2857142857144,20.77142857142857,8.357142857142858,1028
17.928571428571427,9.62857142857143,14.042857142857144,17.928571428571427,8.657142857142857,13.885714285714286,79.02857142857144,0.5681428571428572,28.571428571428573,1.1914285714285715,0.0,30.285714285714285,234.5,1016.4571428571428,69.32857142857144,13.414285714285716,887
20.442857142857143,11.714285714285714,16.242857142857144,20.442857142857143,11.714285714285714,16.242857142857144,83.75714285714285,3.2921428571428573,28.571428571428573,1.1914285714285715,0.0,22.77142857142857,80.54285714285713,1021.9142857142856,58.17142857142857,12.457142857142856,844
11.742857142857144,4.7,8.157142857142857,11.742857142857144,1.5,6.171428571428571,78.08571428571429,3.521857142857143,85.71428571428571,19.047142857142852,0.0,32.114285714285714,239.07142857142856,1008.1285714285714,49.32857142857143,12.05714285714286,1025
11.0,6.757142857142857,8.6,10.457142857142856,3.557142857142857,6.1000000000000005,79.42857142857143,1.1017142857142856,71.42857142857143,4.761428571428572,0.0,30.085714285714285,233.8857142857143,1018.5857142857144,77.61428571428571,14.685714285714283,928
12.271428571428572,4.128571428571428,8.185714285714285,11.357142857142858,1.157142857142857,6.228571428571429,77.15714285714286,0.3005714285714286,42.85714285714285,2.381428571428572,0.0,29.342857142857145,208.62857142857143,1013.1142857142858,77.58571428571429,13.028571428571428,1046
4.7,-0.1999999999999999,2.2,1.2714285714285716,-3.9,-1.3285714285714287,83.84285714285714,0.1555714285714285,71.42857142857143,2.9785714285714286,0.0,28.642857142857142,278.9428571428571,1019.0571428571428,57.2,13.642857142857142,1105
11.842857142857143,5.128571428571428,8.828571428571427,11.842857142857143,3.242857142857143,7.428571428571429,88.94285714285715,3.246142857142857,85.71428571428571,7.737142857142857,0.0,28.02857142857143,208.72857142857143,995.5285714285714,56.17142857142857,12.44285714285714,1023
17.071428571428573,9.157142857142857,13.514285714285714,17.071428571428573,7.971428571428571,13.228571428571428,73.22857142857143,0.483,42.85714285714285,1.7871428571428571,0.0,28.685714285714287,300.1428571428572,1018.2857142857144,54.7,23.285714285714285,850
18.014285714285712,9.44285714285714,13.957142857142856,18.014285714285712,7.871428571428572,13.6,77.71428571428571,1.1327142857142858,57.142857142857146,4.1657142857142855,0.0,25.928571428571427,249.8857142857143,1013.7857142857144,62.25714285714286,13.985714285714286,921
18.242857142857144,10.285714285714286,14.357142857142858,18.242857142857144,9.928571428571429,14.314285714285717,70.57142857142857,0.0,0.0,0.0,0.0,17.714285714285715,195.4142857142857,1020.5714285714286,64.35714285714286,22.457142857142856,927
16.84285714285714,10.142857142857142,13.428571428571429,16.84285714285714,9.642857142857142,13.242857142857144,78.3,0.5122857142857142,42.85714285714285,2.975714285714285,0.0,32.542857142857144,246.1,1013.2,58.02857142857143,17.75714285714286,886
19.714285714285715,12.6,15.857142857142858,19.714285714285715,12.05714285714286,15.814285714285717,75.37142857142858,0.7050000000000001,85.71428571428571,8.928571428571429,0.0,31.542857142857144,187.5142857142857,1009.1857142857144,38.32857142857143,13.642857142857142,899
17.67142857142857,10.085714285714284,13.7,17.67142857142857,9.814285714285717,13.657142857142857,75.64285714285714,1.7979999999999998,57.142857142857146,2.9771428571428573,0.0,20.75714285714286,96.64285714285714,1012.6142857142858,73.52857142857144,17.47142857142857,961
6.128571428571428,-0.0857142857142856,2.6142857142857143,4.985714285714287,-2.942857142857143,0.4285714285714285,89.71428571428571,0.7411428571428572,85.71428571428571,5.951428571428571,2.4,17.0,215.07142857142856,1025.6714285714286,69.01428571428572,7.914285714285714,1213
4.457142857142857,1.3714285714285714,2.757142857142857,0.7857142857142857,-3.4285714285714284,-1.6142857142857143,81.88571428571429,0.2265714285714286,42.85714285714285,1.7871428571428571,2.0,29.1,107.08571428571427,1019.5857142857144,65.27142857142857,8.828571428571427,1038
28.542857142857144,16.514285714285712,22.314285714285717,28.842857142857145,16.514285714285712,22.442857142857143,70.68571428571428,1.9392857142857145,42.85714285714285,4.167142857142857,0.0,24.82857142857143,205.55714285714288,1014.0,26.642857142857142,10.157142857142857,1119
18.728571428571428,12.87142857142857,15.62857142857143,18.728571428571428,12.87142857142857,15.62857142857143,71.97142857142858,0.6302857142857144,71.42857142857143,3.5728571428571425,0.0,22.1,242.78571428571428,1007.3714285714286,78.47142857142856,22.87142857142857,951
5.328571428571428,1.9142857142857144,3.871428571428571,3.571428571428572,-0.9000000000000001,1.6571428571428573,93.45714285714288,0.8534285714285714,100.0,10.12,0.0,15.214285714285714,188.8857142857143,1032.0571428571427,86.10000000000001,3.114285714285714,1437
24.228571428571428,15.528571428571428,19.514285714285712,24.228571428571428,15.528571428571428,19.514285714285712,77.22857142857143,0.0215714285714285,14.285714285714286,1.19,0.0,19.6,163.54285714285717,1016.7857142857144,45.471428571428575,15.642857142857142,858
9.571428571428571,2.757142857142857,6.542857142857143,8.685714285714285,-0.0428571428571429,4.5,91.72857142857144,4.231857142857143,85.71428571428571,7.738571428571428,0.0,22.685714285714287,124.42857142857144,1002.5,61.52857142857143,11.585714285714284,1141
5.371428571428572,1.4714285714285715,3.557142857142857,3.157142857142857,-1.3,0.9857142857142858,89.65714285714286,0.5115714285714286,71.42857142857143,5.355714285714286,0.5,18.214285714285715,273.5571428571429,1005.3714285714286,80.17142857142858,16.585714285714285,1269
18.15714285714285,12.8,15.385714285714286,18.15714285714285,12.8,15.385714285714286,86.88571428571429,6.650285714285714,85.71428571428571,12.498571428571427,0.0,24.457142857142856,272.7857142857143,1011.5571428571428,76.0,10.071428571428571,920
20.057142857142857,14.2,16.928571428571427,20.057142857142857,14.2,16.928571428571427,84.71428571428571,3.94,85.71428571428571,17.262857142857143,0.0,20.37142857142857,206.2142857142857,1008.7571428571428,56.271428571428565,8.957142857142857,792
15.085714285714284,9.0,12.1,15.085714285714284,8.0,11.55714285714286,81.14285714285714,6.794714285714286,85.71428571428571,28.571428571428573,0.0,27.414285714285715,132.3,1007.2285714285716,57.114285714285714,10.05714285714286,915
22.24285714285714,12.928571428571429,17.04285714285714,22.02857142857143,11.814285714285717,16.67142857142857,67.75714285714285,0.2411428571428571,28.571428571428573,4.761428571428572,0.0,30.62857142857143,228.07142857142856,1016.4857142857144,36.74285714285714,13.242857142857144,913
21.571428571428573,13.857142857142858,17.87142857142857,21.571428571428573,13.857142857142858,17.87142857142857,78.75714285714285,1.3137142857142856,71.42857142857143,16.072857142857142,0.0,23.042857142857144,237.12857142857143,1014.7857142857144,49.51428571428572,8.985714285714286,919
11.857142857142858,5.557142857142857,8.7,11.857142857142858,2.757142857142857,7.028571428571429,79.18571428571428,1.7472857142857143,100.0,7.142857142857143,0.0,26.6,75.8142857142857,1012.3571428571428,63.62857142857143,14.914285714285716,969
11.928571428571429,5.271428571428571,8.385714285714286,11.214285714285714,2.457142857142857,6.514285714285714,80.32857142857142,0.549,57.142857142857146,2.382857142857143,0.0,20.314285714285717,234.87142857142857,1023.1142857142858,67.05714285714285,13.814285714285717,1073
22.285714285714285,15.728571428571428,18.542857142857144,22.285714285714285,15.728571428571428,18.542857142857144,75.54285714285716,0.4031428571428571,71.42857142857143,4.167142857142857,0.0,17.0,259.2142857142857,1020.1857142857144,81.21428571428571,17.285714285714285,899
8.285714285714286,4.857142857142857,6.571428571428571,6.9,1.5142857142857142,3.957142857142857,86.78571428571429,1.074142857142857,71.42857142857143,4.167142857142857,0.0,28.1,209.6,1001.6,72.65714285714286,13.914285714285716,1212
18.842857142857145,6.428571428571429,12.642857142857142,18.842857142857145,5.114285714285714,12.228571428571428,72.05714285714285,0.2101428571428571,57.142857142857146,4.168571428571428,0.0,25.185714285714287,117.2285714285714,1008.8142857142856,17.785714285714285,8.714285714285714,1072
21.857142857142858,13.6,17.4,22.0,13.6,17.4,81.15714285714286,0.3382857142857142,57.142857142857146,2.9771428571428573,0.0,18.685714285714287,186.18571428571428,1015.6,69.25714285714285,13.685714285714283,908
16.8,9.142857142857142,13.357142857142858,16.8,8.114285714285714,13.042857142857144,72.12857142857142,0.0515714285714285,28.571428571428573,1.1914285714285715,0.0,22.3,238.44285714285712,1016.7428571428572,50.17142857142857,25.642857142857142,920
9.514285714285714,4.7,7.242857142857143,8.3,1.4285714285714284,4.714285714285714,88.85714285714286,0.6887142857142857,42.85714285714285,2.381428571428572,0.0,25.085714285714285,255.6,1018.9142857142856,70.5,10.8,1178
19.457142857142856,13.528571428571428,16.52857142857143,19.457142857142856,13.528571428571428,16.52857142857143,78.07142857142857,1.7337142857142858,71.42857142857143,5.355714285714286,0.0,19.47142857142857,264.6714285714286,1010.8571428571428,77.88571428571429,23.81428571428572,900
15.0,10.771428571428572,12.971428571428572,15.0,9.4,12.6,90.42857142857144,3.5625714285714283,85.71428571428571,29.165714285714284,0.0,25.87142857142857,192.02857142857144,1012.1,69.31428571428572,8.057142857142857,942
8.542857142857143,0.9285714285714284,4.642857142857143,5.242857142857142,-3.257142857142857,0.6428571428571427,75.25714285714285,1.0475714285714284,85.71428571428571,4.168571428571428,0.0,39.885714285714286,199.37142857142857,1011.0285714285714,55.385714285714286,19.314285714285717,1129
18.414285714285715,10.285714285714286,14.357142857142858,18.414285714285715,9.014285714285714,13.985714285714286,78.55714285714285,6.213285714285715,100.0,27.38142857142857,0.0285714285714285,25.2,233.22857142857143,1015.157142857143,41.371428571428574,9.085714285714284,1090
8.2,4.342857142857143,6.428571428571429,6.414285714285714,-0.2,2.8714285714285714,88.7,2.860285714285714,71.42857142857143,5.951428571428571,1.1,36.471428571428575,248.65714285714284,1013.3,76.21428571428571,16.3,1193
23.357142857142858,13.242857142857144,18.214285714285715,23.3,13.2,18.17142857142857,72.62857142857142,1.4758571428571428,57.142857142857146,12.498571428571427,0.0,23.75714285714286,189.05714285714288,1013.9714285714286,43.91428571428571,13.414285714285716,910
13.285714285714286,6.171428571428572,9.514285714285714,13.285714285714286,3.8857142857142857,8.62857142857143,74.04285714285713,0.0,0.0,0.0,0.0,20.314285714285717,226.28571428571428,1026.1857142857143,64.24285714285715,9.5,1141
5.414285714285714,1.6428571428571428,3.3285714285714287,1.7714285714285716,-2.585714285714286,-0.7571428571428571,84.65714285714286,0.5214285714285715,57.142857142857146,3.571428571428572,0.0,29.185714285714287,293.0571428571429,1018.2,56.25714285714286,16.114285714285714,1108
21.04285714285714,11.271428571428572,15.87142857142857,21.04285714285714,11.271428571428572,15.87142857142857,82.92857142857143,2.2352857142857143,100.0,16.072857142857142,0.0,18.6,169.02857142857144,1016.7571428571428,28.928571428571427,10.171428571428573,921
