tempmax,tempmin,temp,feelslikemax,feelslikemin,feelslike,humidity,precip,precipprob,precipcover,snowdepth,windspeed,winddir,sealevelpressure,cloudcover,visibility,deaths
11.3,3.4285714285714284,7.185714285714285,11.114285714285714,1.0285714285714285,5.414285714285714,88.60000000000001,0.2424285714285714,85.71428571428571,5.952857142857143,0.0,19.3,250.17142857142855,1025.6714285714286,52.71428571428572,9.257142857142856,841
16.32857142857143,9.8,12.957142857142856,16.32857142857143,8.385714285714286,12.785714285714286,79.18571428571428,1.1052857142857142,57.142857142857146,2.382857142857143,0.0,29.74285714285714,199.22857142857143,1011.0,82.35714285714286,23.814285714285717,691
19.52857142857143,9.957142857142856,14.542857142857144,19.52857142857143,9.042857142857144,14.342857142857143,76.24285714285715,0.0,0.0,0.0,0.0,12.12857142857143,268.85714285714283,1023.3571428571428,65.55714285714285,16.1,794
10.728571428571428,5.5,7.742857142857143,9.571428571428571,2.2857142857142856,5.614285714285714,88.92857142857143,0.6765714285714287,28.571428571428573,1.7857142857142858,0.0,23.957142857142856,90.8,1014.8,86.24285714285715,6.271428571428571,799
14.485714285714286,6.6000000000000005,10.657142857142857,14.485714285714286,4.985714285714286,9.94285714285714,77.84285714285714,0.4634285714285714,71.42857142857143,2.9785714285714286,0.0,26.057142857142857,250.44285714285712,1016.3857142857142,56.4,29.37142857142857,701
21.15714285714285,13.914285714285716,17.04285714285714,21.15714285714285,13.914285714285716,17.04285714285714,83.92857142857143,2.9654285714285717,100.0,13.097142857142858,0.0,16.95714285714286,163.0142857142857,1012.4285714285714,73.05714285714285,16.371428571428574,755
13.142857142857142,6.214285714285714,9.314285714285717,13.142857142857142,3.914285714285714,8.1,82.55714285714285,0.1154285714285714,100.0,10.118571428571428,0.0,22.642857142857142,68.15714285714286,1019.6,77.27142857142857,10.542857142857144,761
21.885714285714283,12.014285714285714,16.585714285714285,21.885714285714283,12.014285714285714,16.585714285714285,71.31428571428572,0.0,0.0,0.0,0.0,21.842857142857145,158.42857142857142,1016.7428571428572,59.25714285714286,17.82857142857143,731
21.428571428571427,10.157142857142857,16.17142857142857,21.428571428571427,9.414285714285716,15.985714285714286,71.64285714285714,0.6078571428571429,28.571428571428573,3.571428571428572,0.0,18.442857142857143,193.8857142857143,1020.0714285714286,42.07142857142857,26.97142857142857,820
13.414285714285716,5.785714285714286,9.3,13.05714285714286,3.157142857142857,7.871428571428572,76.34285714285714,0.8831428571428572,57.142857142857146,2.9771428571428573,0.0,23.82857142857143,180.44285714285712,1008.0714285714286,69.02857142857142,14.028571428571428,875
18.414285714285715,11.157142857142858,14.457142857142856,18.414285714285715,11.157142857142858,14.457142857142856,86.17142857142858,0.0028571428571428,14.285714285714286,0.5957142857142858,0.0,16.114285714285714,92.12857142857142,1025.4428571428573,73.25714285714285,4.742857142857143,765
18.32857142857143,12.77142857142857,15.342857142857143,18.32857142857143,12.485714285714284,15.3,90.87142857142858,7.538428571428571,100.0,14.882857142857144,0.0,19.285714285714285,170.1142857142857,1009.2,57.15714285714286,19.714285714285715,715
4.485714285714286,1.3714285714285714,2.957142857142857,1.7714285714285711,-2.157142857142857,-0.1142857142857143,88.31428571428572,0.3397142857142857,85.71428571428571,5.951428571428571,0.0,21.514285714285712,237.0,1025.5428571428572,63.5,12.457142857142856,935
19.457142857142856,12.457142857142856,15.771428571428572,19.457142857142856,12.3,15.757142857142856,78.51428571428572,2.992142857142857,100.0,8.928571428571429,0.0,16.928571428571427,277.0571428571429,1014.3285714285714,48.05714285714286,16.12857142857143,699
20.857142857142858,11.05714285714286,15.242857142857142,20.857142857142858,10.971428571428572,15.242857142857142,77.95714285714287,0.3917142857142857,42.85714285714285,1.7871428571428571,0.0,20.457142857142856,44.54285714285714,1015.4714285714286,62.65714285714286,14.185714285714289,757
18.014285714285712,10.0,14.014285714285714,18.014285714285712,9.2,13.828571428571427,77.84285714285714,1.2264285714285716,71.42857142857143,3.5728571428571425,0.0,24.042857142857144,227.3428571428572,1015.657142857143,64.35714285714286,24.77142857142857,765
9.9,3.628571428571429,7.057142857142858,8.742857142857144,0.7857142857142857,5.014285714285714,88.75714285714285,0.9814285714285714,42.85714285714285,1.7871428571428571,0.0,29.17142857142857,224.8142857142857,1017.2857142857144,78.07142857142857,8.8,802
7.2,1.5857142857142856,4.757142857142857,4.957142857142856,-3.4285714285714284,0.742857142857143,83.82857142857142,1.0042857142857142,71.42857142857143,4.167142857142857,0.0,34.785714285714285,252.68571428571428,1006.4857142857144,63.371428571428574,18.8,905
21.47142857142857,12.428571428571429,16.6,21.47142857142857,12.428571428571429,16.6,78.21428571428571,0.808,57.142857142857146,3.571428571428572,0.0,17.885714285714286,182.65714285714284,1014.9,76.24285714285715,13.542857142857144,731
10.528571428571428,6.971428571428571,8.7,10.414285714285716,4.914285714285714,7.557142857142857,87.84285714285714,1.038,85.71428571428571,5.951428571428571,0.0,16.95714285714286,81.07142857142857,1012.0857142857144,96.4,10.842857142857143,755
16.057142857142857,9.55714285714286,12.9,16.057142857142857,8.571428571428571,12.685714285714283,73.8,0.181,42.85714285714285,2.381428571428572,0.0,19.928571428571427,300.42857142857144,1015.4285714285714,69.45714285714287,29.585714285714285,747
18.2,9.014285714285714,13.514285714285714,18.2,8.1,13.328571428571427,79.12857142857142,0.742,42.85714285714285,2.381428571428572,0.0,21.785714285714285,248.3571428571429,1019.842857142857,59.25714285714285,21.82857142857143,707
13.157142857142858,2.8857142857142857,7.6,13.157142857142858,0.2,5.9,80.85714285714286,0.0018571428571428,42.85714285714285,1.7871428571428571,0.0,19.97142857142857,140.57142857142858,1028.6857142857143,43.84285714285714,10.2,800
18.25714285714286,10.685714285714283,14.228571428571428,18.25714285714286,10.171428571428573,14.1,84.14285714285714,0.6644285714285714,28.571428571428573,1.7857142857142858,0.0,18.728571428571428,239.14285714285717,1012.7142857142856,71.34285714285714,18.714285714285715,741
9.4,3.357142857142857,6.342857142857143,8.442857142857143,-0.2857142857142856,4.185714285714286,85.07142857142857,0.5175714285714286,100.0,10.714285714285714,0.0,22.32857142857143,225.75714285714284,1002.6714285714286,63.62857142857143,15.471428571428572,906
9.128571428571428,5.557142857142857,7.585714285714286,8.2,3.4,5.714285714285714,94.17142857142858,2.347714285714286,100.0,13.095714285714283,0.0,17.1,172.78571428571428,998.5,77.14285714285714,10.528571428571428,1011
5.1000000000000005,-1.6714285714285713,1.1857142857142855,3.6714285714285713,-4.571428571428571,-1.3714285714285714,82.81428571428572,0.5052857142857142,71.42857142857143,5.357142857142857,0.4857142857142857,15.914285714285716,243.3857142857143,1012.5714285714286,38.6,10.05714285714286,981
15.857142857142858,9.328571428571427,12.257142857142856,15.857142857142858,9.128571428571428,12.171428571428573,90.32857142857142,3.445857142857143,100.0,11.31,0.0,15.728571428571428,87.64285714285714,1014.6285714285714,65.74285714285715,8.028571428571428,795
2.271428571428572,-1.257142857142857,0.4285714285714285,-0.9285714285714286,-5.071428571428571,-3.185714285714286,90.27142857142856,0.5281428571428571,100.0,7.74,1.0,18.814285714285717,168.62857142857143,1020.0857142857144,59.642857142857146,17.17142857142857,1056
19.142857142857142,11.814285714285717,15.471428571428572,19.142857142857142,11.62857142857143,15.442857142857145,78.95714285714287,4.812142857142858,85.71428571428571,8.927142857142858,0.0,18.5,280.2,1014.6428571428572,71.81428571428572,20.842857142857145,800
11.028571428571428,2.9428571428571426,7.257142857142857,10.071428571428571,0.2571428571428571,5.528571428571429,73.3,0.0409999999999999,14.285714285714286,0.5957142857142858,0.0,20.37142857142857,278.24285714285713,1021.2571428571428,68.95714285714286,15.785714285714286,908
13.971428571428572,7.171428571428572,10.4,13.971428571428572,5.1000000000000005,9.757142857142856,80.71428571428571,3.291428571428572,100.0,13.095714285714283,0.0,19.15714285714285,239.48571428571427,1010.0857142857144,76.92857142857143,14.2,767
8.075,4.65,6.35,5.8,1.25,3.65,93.325,0.049,75.0,4.1675,0.0,20.15,182.4,1031.375,84.475,9.0,1091
7.142857142857143,1.2714285714285716,4.128571428571428,4.585714285714286,-2.6,0.6142857142857142,84.58571428571429,2.732428571428571,100.0,8.928571428571429,0.0,26.1,239.2,1012.5857142857144,52.142857142857146,20.6,927
13.385714285714286,7.485714285714286,10.485714285714286,13.385714285714286,5.914285714285714,9.771428571428572,85.24285714285715,1.793,71.42857142857143,6.548571428571429,0.0,17.5,142.17142857142858,1021.0142857142856,79.2,17.228571428571428,837
5.885714285714286,1.914285714285714,4.0285714285714285,3.585714285714286,-2.071428571428572,1.1285714285714286,91.72857142857144,1.4528571428571428,100.0,5.3585714285714285,0.0,23.385714285714283,194.22857142857143,1012.9285714285714,73.52857142857144,11.685714285714283,830
22.414285714285715,11.657142857142857,16.814285714285713,22.27142857142857,11.457142857142856,16.785714285714285,75.11428571428571,0.1911428571428571,28.571428571428573,2.381428571428572,0.0,17.885714285714286,195.92857142857144,1020.3142857142856,33.72857142857143,17.842857142857145,714
12.971428571428572,6.057142857142857,9.185714285714283,12.971428571428572,2.7,7.385714285714286,82.57142857142857,1.6371428571428572,100.0,5.952857142857143,0.0,29.62857142857143,203.9,995.9285714285714,74.14285714285714,21.52857142857143,838
5.785714285714286,0.6857142857142857,3.128571428571429,3.7857142857142856,-3.0,0.3714285714285715,80.81428571428572,0.4477142857142857,71.42857142857143,3.5728571428571425,1.0,21.542857142857144,241.9,1028.071428571429,66.85714285714286,15.785714285714286,953
8.22857142857143,2.257142857142857,4.942857142857143,6.371428571428572,-1.3285714285714287,2.642857142857143,85.48571428571428,1.948,71.42857142857143,5.355714285714286,0.0,20.357142857142858,261.3428571428572,999.5285714285714,62.21428571428572,14.4,849
15.614285714285714,6.342857142857143,10.157142857142857,15.357142857142858,3.242857142857143,8.442857142857143,77.62857142857142,0.0291428571428571,28.571428571428573,1.1914285714285715,0.0,26.057142857142857,54.285714285714285,1019.9142857142856,53.41428571428571,14.628571428571428,768
20.87142857142857,11.828571428571427,16.357142857142858,20.942857142857143,11.157142857142857,16.214285714285715,79.14285714285714,0.4072857142857143,57.142857142857146,3.5728571428571425,0.0,25.8,214.2,1015.0714285714286,64.3,21.442857142857143,722
13.757142857142856,6.7,10.0,13.757142857142856,4.5285714285714285,9.0,85.42857142857143,3.677285714285714,100.0,9.524285714285714,0.0,21.071428571428573,197.32857142857145,1003.4,52.34285714285714,17.485714285714288,752
7.314285714285714,2.5,5.171428571428572,5.657142857142857,-0.7285714285714285,3.0428571428571423,91.24285714285716,2.302142857142857,85.71428571428571,5.357142857142857,0.0,19.728571428571428,139.28571428571428,1008.0571428571428,88.32857142857142,8.514285714285714,973
24.185714285714287,12.514285714285714,18.385714285714283,24.17142857142857,12.285714285714286,18.357142857142858,72.55714285714285,0.0935714285714285,42.85714285714285,2.381428571428572,0.0,17.87142857142857,138.5142857142857,1019.1714285714286,40.285714285714285,17.342857142857145,794
8.971428571428572,2.542857142857143,5.742857142857143,8.142857142857142,-0.3571428571428571,3.757142857142857,81.07142857142857,0.124,100.0,6.547142857142857,0.5714285714285714,18.528571428571432,299.3,1020.5428571428572,53.771428571428565,20.12857142857143,820
17.25714285714286,9.971428571428572,13.457142857142856,17.25714285714286,9.44285714285714,13.257142857142856,75.5,0.8534285714285713,71.42857142857143,2.9785714285714286,0.0,21.385714285714283,220.22857142857143,1012.6714285714286,61.24285714285714,19.47142857142857,750
3.1142857142857143,0.6714285714285715,2.1,2.1142857142857143,-2.071428571428572,0.3142857142857143,92.62857142857142,0.1007142857142857,71.42857142857143,4.167142857142857,0.0,12.157142857142857,105.28571428571428,1019.1,88.3,6.057142857142858,926
10.62857142857143,5.957142857142856,8.3,9.728571428571428,3.6,6.857142857142857,89.48571428571428,2.511142857142857,100.0,5.3585714285714285,0.0,22.285714285714285,169.94285714285712,1005.6285714285714,77.7,10.528571428571428,854
10.957142857142856,3.957142857142857,7.142857142857143,10.257142857142856,0.8714285714285713,4.928571428571429,80.47142857142856,1.7027142857142858,100.0,8.928571428571429,0.0,24.214285714285715,248.2142857142857,1011.0857142857144,60.34285714285714,20.15714285714285,804
4.828571428571428,-0.0142857142857142,2.2285714285714286,2.128571428571429,-3.6571428571428575,-0.8714285714285713,89.77142857142857,3.0685714285714285,100.0,11.311428571428571,0.5428571428571428,19.342857142857145,152.0,990.9285714285714,64.42857142857143,9.928571428571429,844
16.842857142857145,5.628571428571428,11.4,16.842857142857145,4.528571428571429,10.9,66.62857142857142,0.0732857142857142,28.571428571428573,2.975714285714285,0.0,18.428571428571427,100.07142857142856,1027.3857142857144,40.457142857142856,25.74285714285714,835
7.671428571428571,3.0,5.357142857142857,4.485714285714286,-1.1,1.8571428571428568,81.8,1.3464285714285715,100.0,8.930000000000001,0.0,30.75714285714286,237.67142857142855,1003.9428571428572,55.32857142857143,20.11428571428572,968
21.185714285714287,12.87142857142857,16.4,21.185714285714287,12.87142857142857,16.4,77.25714285714285,0.0,0.0,0.0,0.0,19.542857142857144,116.48571428571428,1023.9285714285714,65.85714285714286,13.642857142857142,689
2.9571428571428577,-0.2428571428571428,1.4285714285714286,1.4857142857142855,-3.3142857142857145,-1.085714285714286,92.22857142857144,0.0038571428571428,14.285714285714286,1.19,9.742857142857144,15.714285714285714,222.95714285714288,1035.6857142857143,92.32857142857142,3.7142857142857135,983
13.157142857142857,4.628571428571428,8.142857142857142,12.614285714285714,1.2285714285714284,5.928571428571429,75.65714285714286,0.075,42.85714285714285,2.381428571428572,0.0,25.028571428571432,108.07142857142856,1026.742857142857,45.72857142857144,14.44285714285714,828
8.2,3.6571428571428575,5.885714285714286,5.8,-1.1714285714285713,1.9857142857142855,74.24285714285715,0.959,100.0,7.141428571428572,0.0,36.54285714285714,270.35714285714283,1008.0428571428572,72.68571428571428,25.728571428571428,836
7.228571428571429,3.042857142857143,4.928571428571429,4.814285714285715,-0.7285714285714285,1.6285714285714288,91.27142857142856,2.1565714285714286,85.71428571428571,8.332857142857142,0.0714285714285714,22.557142857142857,125.5,1025.8857142857144,78.98571428571428,13.2,979
11.657142857142857,5.071428571428571,8.328571428571427,10.742857142857144,3.0142857142857147,6.914285714285714,82.95714285714287,0.0037142857142857,14.285714285714286,0.5957142857142858,22.0,19.62857142857143,116.0142857142857,1024.0571428571427,79.8,6.5,778
3.642857142857143,0.5714285714285714,2.071428571428572,0.3142857142857143,-3.5285714285714285,-1.7857142857142858,91.2,1.4977142857142858,100.0,8.332857142857142,0.2285714285714286,23.842857142857145,139.74285714285716,999.2857142857144,54.7,15.414285714285713,968
14.242857142857144,8.357142857142858,11.342857142857143,14.242857142857144,7.271428571428571,10.857142857142858,87.98571428571428,6.460571428571428,100.0,11.905714285714286,0.0,20.285714285714285,237.58571428571423,1006.5285714285714,54.6,16.87142857142857,775
9.171428571428573,3.257142857142857,6.185714285714285,8.22857142857143,0.1999999999999999,3.971428571428571,89.72857142857143,2.1335714285714285,85.71428571428571,4.762857142857143,0.0,23.25714285714286,227.87142857142857,1002.5428571428572,66.87142857142858,13.257142857142858,864
18.957142857142856,9.328571428571427,14.314285714285717,18.957142857142856,8.957142857142857,14.242857142857144,66.2,0.0,0.0,0.0,0.0,14.7,183.65714285714284,1018.8142857142856,63.285714285714285,28.685714285714287,792
17.657142857142855,9.62857142857143,13.714285714285714,17.657142857142855,9.057142857142855,13.55714285714286,77.88571428571429,0.0115714285714285,42.85714285714285,1.7871428571428571,0.0,19.185714285714287,288.2714285714286,1016.2428571428572,76.97142857142856,15.9,803
10.457142857142856,3.7857142857142856,6.942857142857143,9.471428571428572,0.5428571428571428,4.8,74.78571428571429,1.112,57.142857142857146,3.571428571428572,0.0,25.314285714285717,260.45714285714286,1012.8,74.58571428571429,17.342857142857145,817
8.242857142857144,4.585714285714286,6.414285714285714,6.857142857142857,1.6428571428571428,4.085714285714285,86.52857142857144,0.4979999999999999,57.142857142857146,3.571428571428572,0.0,20.785714285714285,220.17142857142855,1016.1285714285714,71.91428571428571,8.842857142857143,893
16.37142857142857,8.4,12.257142857142856,16.37142857142857,6.9,11.857142857142858,81.2,1.2201428571428572,71.42857142857143,7.142857142857143,0.1142857142857143,22.214285714285715,223.4,1012.9285714285714,49.471428571428575,21.12857142857143,687
9.171428571428573,2.814285714285714,5.914285714285714,7.042857142857143,-0.6142857142857144,3.157142857142857,87.91428571428571,2.682142857142857,100.0,5.952857142857143,0.0,30.62857142857143,191.72857142857143,999.2857142857144,74.62857142857142,18.4,1057
5.828571428571428,0.5285714285714286,3.4142857142857146,3.7,-2.9428571428571426,0.3999999999999999,87.37142857142858,0.4014285714285714,57.142857142857146,4.76,0.0,23.728571428571428,246.75714285714284,1015.5285714285714,70.82857142857144,13.6,1242
8.114285714285716,1.6285714285714283,5.128571428571428,6.014285714285714,-1.2285714285714284,2.2857142857142856,83.25714285714285,0.5195714285714285,71.42857142857143,4.167142857142857,0.0,26.8,216.42857142857144,1021.1857142857144,75.07142857142857,16.3,942
13.55714285714286,6.4,9.7,13.314285714285717,4.0,8.185714285714285,75.64285714285714,1.7072857142857143,57.142857142857146,4.76,0.0,28.11428571428572,175.6142857142857,1007.4571428571428,81.2,27.685714285714287,836
4.314285714285714,-0.4857142857142857,1.9142857142857144,0.3999999999999999,-6.571428571428571,-2.9428571428571426,80.81428571428572,0.5944285714285714,71.42857142857143,2.9785714285714286,1.4333333333333331,33.31428571428571,294.5857142857143,1013.0285714285714,62.9,17.728571428571428,980
3.8428571428571434,-0.5142857142857142,1.5142857142857142,1.0,-4.471428571428572,-1.6142857142857143,84.48571428571428,0.0,0.0,0.0,0.0,18.214285714285715,97.28571428571428,1027.2,72.0,7.628571428571428,864
16.885714285714286,10.157142857142857,13.328571428571427,16.885714285714286,9.37142857142857,13.2,82.57142857142857,0.5427142857142857,57.142857142857146,2.382857142857143,0.0,23.971428571428568,241.82857142857145,1010.9428571428572,68.97142857142858,21.442857142857143,712
10.585714285714284,5.828571428571428,7.742857142857143,10.1,3.357142857142857,5.857142857142857,90.58571428571427,4.387857142857143,100.0,8.93,0.0,22.62857142857143,201.4857142857143,993.7,67.92857142857143,17.585714285714285,874
14.5,9.814285714285717,11.971428571428572,14.5,8.814285714285715,11.514285714285714,86.67142857142858,2.5461428571428573,71.42857142857143,3.5728571428571425,0.0,18.6,288.6142857142857,1008.8571428571428,83.60000000000001,12.814285714285717,745
6.799999999999999,2.042857142857143,4.285714285714286,3.457142857142857,-1.914285714285714,0.6857142857142858,84.82857142857142,1.235428571428571,100.0,8.334285714285715,0.0,26.857142857142858,257.25714285714287,1022.5142857142856,60.42857142857143,14.928571428571429,1337
2.571428571428572,-1.2285714285714284,0.7857142857142857,0.8428571428571427,-5.4,-2.571428571428572,97.64285714285714,0.2897142857142857,57.142857142857146,2.9771428571428573,11.9,23.642857142857142,137.35714285714286,993.1,84.08571428571429,2.1,1168
22.9,11.2,16.614285714285714,22.9,11.2,16.614285714285714,74.45714285714287,1.1617142857142857,14.285714285714286,0.5957142857142858,0.0,19.085714285714285,203.57142857142856,1017.0428571428572,63.52857142857143,8.571428571428571,692
19.12857142857143,11.728571428571428,14.971428571428572,19.12857142857143,11.55714285714286,14.957142857142856,83.08571428571429,0.7458571428571429,71.42857142857143,4.167142857142857,0.0,25.785714285714285,175.20000000000002,1014.1428571428572,68.22857142857143,25.61428571428571,723
-0.4285714285714285,-7.985714285714286,-4.514285714285714,-3.2142857142857144,-11.571428571428571,-7.485714285714286,85.11428571428571,0.1387142857142857,14.285714285714286,0.5957142857142858,3.3285714285714287,16.714285714285715,140.35714285714286,1021.7571428571428,38.457142857142856,7.085714285714286,1131
14.728571428571428,8.1,11.257142857142856,14.728571428571428,6.628571428571428,10.671428571428573,73.12857142857142,1.353142857142857,57.142857142857146,4.762857142857143,0.0,20.542857142857144,247.2428571428572,1018.1857142857144,70.02857142857144,22.928571428571427,763
7.7,2.914285714285714,5.328571428571428,3.571428571428572,-1.9,1.0,83.67142857142858,2.428714285714286,85.71428571428571,5.951428571428571,0.0,37.94285714285714,198.05714285714288,988.9428571428572,70.14285714285714,27.942857142857147,909
15.62857142857143,8.82857142857143,11.671428571428573,15.62857142857143,7.757142857142857,11.085714285714284,85.8,3.1752857142857147,100.0,8.93,0.0,20.385714285714283,182.25714285714284,1016.5,71.44285714285715,18.442857142857143,825
7.457142857142857,3.7,5.542857142857143,5.642857142857143,1.1714285714285713,2.957142857142857,93.74285714285716,7.639857142857143,100.0,8.930000000000001,0.0,19.37142857142857,202.1,1003.5142857142856,59.48571428571428,12.414285714285716,953
16.87142857142857,9.042857142857144,12.514285714285714,16.87142857142857,7.742857142857143,12.285714285714286,69.61428571428571,0.5977142857142858,71.42857142857143,4.761428571428572,0.0,20.2,156.6142857142857,1011.0285714285714,53.02857142857143,22.985714285714288,699
7.242857142857143,2.257142857142857,4.728571428571429,5.942857142857143,-0.3857142857142857,2.685714285714286,89.24285714285715,0.5407142857142857,42.85714285714285,4.167142857142857,0.0,16.428571428571427,283.0,1015.4571428571428,64.71428571428571,9.8,802
8.428571428571429,4.128571428571429,6.228571428571429,7.357142857142857,2.142857142857143,4.685714285714285,88.27142857142857,0.3171428571428571,71.42857142857143,5.357142857142857,0.3857142857142857,14.314285714285717,283.18571428571425,1026.6285714285714,66.05714285714285,10.714285714285714,788
8.957142857142857,2.4285714285714284,5.857142857142857,7.385714285714286,0.5428571428571428,3.6857142857142855,91.32857142857142,3.374571428571429,100.0,8.332857142857142,0.0,25.2,204.12857142857143,1017.25,66.44285714285715,15.271428571428572,828
18.7,11.185714285714283,14.44285714285714,18.7,11.0,14.428571428571429,85.0,1.445142857142857,71.42857142857143,4.167142857142857,0.0,23.714285714285715,228.6142857142857,1013.3714285714286,73.0,19.942857142857143,710
14.571428571428571,7.1000000000000005,10.785714285714286,14.571428571428571,5.171428571428572,9.928571428571429,79.71428571428571,0.3121428571428571,42.85714285714285,2.381428571428572,0.0,27.97142857142857,168.1,1013.2714285714284,75.32857142857142,16.885714285714286,820
19.2,8.457142857142857,13.642857142857142,19.2,7.357142857142857,13.328571428571427,73.68571428571428,1.3441428571428573,14.285714285714286,1.7857142857142858,0.0,20.47142857142857,65.78571428571429,1021.6285714285714,45.60000000000001,23.74285714285714,741
18.47142857142857,11.314285714285717,14.55714285714286,18.47142857142857,10.8,14.514285714285714,80.85714285714286,0.8612857142857143,57.142857142857146,3.571428571428572,0.0,22.15714285714285,238.17142857142855,1010.9,75.7,22.014285714285712,735
13.599999999999998,5.8,9.342857142857143,13.599999999999998,4.314285714285714,8.685714285714285,76.81428571428572,0.0394285714285714,42.85714285714285,1.7871428571428571,0.0,15.2,134.55714285714285,1024.642857142857,56.6,12.728571428571428,774
17.114285714285714,9.7,13.385714285714286,17.114285714285714,9.057142857142855,13.271428571428572,78.64285714285714,0.0918571428571428,57.142857142857146,2.382857142857143,0.0,17.12857142857143,272.7285714285714,1022.657142857143,52.25714285714286,20.014285714285712,706
5.785714285714286,0.0571428571428571,2.757142857142857,2.4857142857142853,-3.4714285714285715,-0.7571428571428572,83.34285714285714,2.127142857142857,100.0,7.738571428571428,0.0142857142857142,24.785714285714285,181.3571428571429,1012.657142857143,61.15714285714286,18.12857142857143,928
8.928571428571429,2.0142857142857142,5.357142857142857,7.114285714285714,-0.7142857142857143,3.242857142857143,84.54285714285713,0.6527142857142857,100.0,5.954285714285715,0.0,17.042857142857144,226.64285714285717,1004.8142857142856,58.08571428571428,15.028571428571428,867
8.757142857142856,2.2285714285714286,5.4,6.671428571428572,-1.0,2.4714285714285715,84.61428571428571,0.614,100.0,10.118571428571428,0.0,24.7,315.0285714285714,1016.8714285714286,74.28571428571429,22.7,830
25.285714285714285,15.928571428571429,20.542857142857144,25.52857142857143,15.928571428571429,20.571428571428573,72.47142857142858,0.0132857142857142,57.142857142857146,4.1657142857142855,0.0,15.757142857142856,216.4857142857143,1017.7,57.91428571428571,23.97142857142857,842
20.342857142857145,12.214285714285714,16.257142857142856,20.342857142857145,12.214285714285714,16.257142857142856,70.82857142857144,0.3907142857142857,71.42857142857143,4.762857142857143,0.0,16.342857142857145,158.54285714285714,1019.0571428571428,55.41428571428571,14.7,725
8.171428571428573,3.1142857142857143,5.7,6.142857142857143,0.0142857142857143,2.942857142857143,88.84285714285714,4.214857142857142,85.71428571428571,8.335714285714285,0.0,23.557142857142857,226.12857142857143,1002.3571428571428,69.2,17.8,870
9.928571428571429,4.428571428571429,6.785714285714286,8.742857142857142,1.6,4.457142857142857,85.98571428571428,3.173714285714286,100.0,7.735714285714286,1.0,25.542857142857144,121.85714285714286,994.9428571428572,86.52857142857144,12.12857142857143,903
8.528571428571428,1.3285714285714287,4.457142857142857,6.985714285714286,-2.085714285714286,1.842857142857143,81.42857142857143,0.1364285714285714,71.42857142857143,2.9785714285714286,0.0,19.485714285714288,285.0142857142857,1027.0285714285717,62.285714285714285,17.52857142857143,1038
10.028571428571428,5.614285714285714,7.628571428571428,8.371428571428572,1.542857142857143,4.228571428571429,77.0,1.922428571428572,85.71428571428571,5.357142857142857,0.0,38.2,221.8857142857143,1004.7285714285716,79.61428571428571,25.985714285714288,865
8.214285714285714,2.628571428571429,5.1000000000000005,4.842857142857143,-1.8857142857142857,0.9857142857142858,82.07142857142857,1.2842857142857145,100.0,5.3585714285714285,0.0,36.642857142857146,264.92857142857144,1003.9571428571428,71.52857142857144,19.77142857142857,845
18.728571428571428,12.114285714285714,14.814285714285717,18.728571428571428,12.114285714285714,14.814285714285717,84.08571428571429,5.509285714285714,100.0,12.5,0.0,19.857142857142858,268.6142857142857,1006.4285714285714,62.471428571428575,11.8,742
10.114285714285714,3.3857142857142857,6.471428571428571,9.171428571428573,1.7714285714285711,5.457142857142857,86.77142857142857,0.6765714285714287,57.142857142857146,3.571428571428572,0.0,13.742857142857144,178.52857142857144,1024.357142857143,80.72857142857143,8.657142857142857,855
6.342857142857143,0.6714285714285715,2.8714285714285714,4.557142857142857,-2.9285714285714284,-0.1285714285714285,80.18571428571428,2.556857142857143,100.0,6.548571428571429,0.0,22.457142857142856,268.24285714285713,1014.1,46.271428571428565,16.45714285714286,824
16.571428571428573,9.242857142857144,12.657142857142857,16.571428571428573,8.2,12.44285714285714,80.08571428571429,0.0,0.0,0.0,0.0,24.8,184.07142857142856,1007.5857142857144,79.28571428571429,16.014285714285712,753
4.371428571428572,-0.8142857142857142,1.4857142857142858,0.5857142857142857,-5.1000000000000005,-2.3285714285714287,80.37142857142858,0.6882857142857143,85.71428571428571,6.547142857142857,0.0428571428571428,23.814285714285717,136.32857142857142,1014.9714285714286,65.37142857142858,15.62857142857143,891
27.042857142857144,16.071428571428573,21.185714285714287,27.15714285714285,16.071428571428573,21.228571428571428,74.58571428571429,0.4641428571428571,14.285714285714286,0.5957142857142858,0.0,15.842857142857143,210.14285714285717,1019.6714285714286,47.52857142857143,11.914285714285716,733
19.37142857142857,10.1,14.828571428571427,19.37142857142857,9.485714285714286,14.714285714285714,71.17142857142858,0.5522857142857143,57.142857142857146,3.5728571428571425,0.0,20.61428571428572,230.4,1021.0142857142856,67.01428571428572,16.985714285714288,717
17.414285714285715,6.485714285714286,11.685714285714283,17.414285714285715,5.1000000000000005,11.085714285714284,72.01428571428572,0.0301428571428571,28.571428571428573,1.1914285714285715,0.0,15.528571428571428,253.9142857142857,1023.4428571428572,46.142857142857146,15.185714285714283,777
3.742857142857143,-0.7999999999999999,1.3857142857142857,1.657142857142857,-5.1000000000000005,-1.9,76.48571428571428,0.0,0.0,0.0,2.1333333333333333,20.442857142857143,292.4857142857143,1013.5142857142856,60.57142857142857,17.52857142857143,920
2.257142857142857,-1.3,0.3857142857142857,-0.6,-5.271428571428572,-3.157142857142857,92.92857142857144,1.2962857142857145,85.71428571428571,9.524285714285714,1.95,19.071428571428573,151.78571428571428,1000.5142857142856,75.58571428571429,12.0,948
13.671428571428573,7.142857142857143,10.285714285714286,13.457142857142856,4.857142857142857,9.242857142857144,79.87142857142858,0.0205714285714285,57.142857142857146,4.762857142857143,0.0,23.142857142857142,275.42857142857144,1026.3,49.18571428571429,21.928571428571427,857
8.042857142857143,2.128571428571429,5.085714285714286,5.742857142857143,-0.7857142857142857,2.2857142857142856,86.8,0.0,0.0,0.0,0.0,25.142857142857142,230.07142857142856,1013.2,79.89999999999999,13.142857142857142,994
10.557142857142855,4.457142857142857,7.8,9.714285714285714,1.8428571428571427,5.985714285714287,86.87142857142858,1.455142857142857,85.71428571428571,8.334285714285715,0.0,29.514285714285712,235.9142857142857,1013.5571428571428,56.35714285714285,20.542857142857144,841
5.371428571428572,0.7999999999999999,3.185714285714286,3.414285714285714,-2.4,0.9285714285714286,84.7,1.0311428571428571,28.571428571428573,1.7857142857142858,0.0,16.8,180.92857142857144,1036.4571428571428,63.72857142857144,11.5,1001
23.67142857142857,12.8,17.97142857142857,23.77142857142857,12.8,17.985714285714288,77.18571428571428,0.2212857142857142,28.571428571428573,1.7857142857142858,0.0,17.771428571428572,91.58571428571427,1018.9714285714286,56.21428571428572,13.357142857142858,687
10.728571428571428,3.4857142857142853,7.2,10.071428571428571,0.3,5.314285714285715,70.87142857142858,0.9544285714285714,85.71428571428571,4.762857142857143,0.0,21.11428571428572,212.3571428571429,1012.657142857143,77.84285714285714,24.15714285714285,789
7.671428571428572,2.085714285714286,4.785714285714286,4.871428571428572,-1.614285714285714,1.4,76.72857142857143,0.0,0.0,0.0,0.0,27.87142857142857,225.9857142857143,1009.9142857142856,69.52857142857142,16.67142857142857,836
19.342857142857145,10.785714285714286,14.742857142857144,19.342857142857145,10.214285714285714,14.585714285714284,75.58571428571429,0.7402857142857142,57.142857142857146,3.5728571428571425,0.0,16.071428571428573,231.52857142857144,1020.7857142857144,61.72857142857144,24.2,743
16.757142857142856,9.642857142857142,13.171428571428573,16.757142857142856,8.5,12.985714285714286,76.3,0.0108571428571428,57.142857142857146,2.382857142857143,0.0,25.385714285714283,293.7142857142857,1019.657142857143,64.05714285714285,26.428571428571427,701
17.271428571428572,12.085714285714284,14.457142857142856,17.271428571428572,12.085714285714284,14.457142857142856,89.95714285714287,4.587285714285714,100.0,10.12,0.0,18.442857142857143,228.62857142857143,1005.4428571428572,58.92857142857143,18.485714285714288,698
18.242857142857144,12.55714285714286,15.457142857142856,18.242857142857144,12.55714285714286,15.457142857142856,80.5,2.6622857142857144,42.85714285714285,2.381428571428572,0.0,19.185714285714287,214.3571428571429,1014.0571428571428,84.82857142857142,22.27142857142857,755
5.728571428571429,0.7428571428571429,3.685714285714286,3.5428571428571423,-2.8428571428571425,0.6714285714285714,91.71428571428572,2.958285714285714,100.0,10.12,1.1333333333333333,20.314285714285717,224.8571428571429,992.2714285714284,70.72857142857143,12.014285714285714,951
11.5,3.971428571428572,7.785714285714286,10.428571428571429,1.042857142857143,5.885714285714286,70.98571428571428,0.4547142857142857,42.85714285714285,2.381428571428572,0.0,19.25714285714286,83.88571428571427,1018.0142857142856,73.52857142857144,22.542857142857144,839
16.54285714285714,6.557142857142857,11.9,16.54285714285714,5.771428571428571,11.614285714285714,71.04285714285714,0.3307142857142857,28.571428571428573,1.7857142857142858,0.0,20.47142857142857,168.27142857142854,1016.4857142857144,61.04285714285714,18.04285714285714,829
14.214285714285714,8.642857142857142,11.285714285714286,14.214285714285714,6.857142857142857,10.842857142857143,87.51428571428572,0.3928571428571428,57.142857142857146,5.355714285714286,0.0,19.428571428571427,249.75714285714284,1021.7142857142856,57.84285714285714,19.4,821
12.0,4.685714285714286,8.142857142857142,12.0,1.2,6.0,76.3,3.846428571428572,100.0,14.287142857142856,0.0,27.37142857142857,258.87142857142857,1000.8571428571428,50.5,26.25714285714286,802
19.842857142857145,11.742857142857144,15.528571428571428,19.842857142857145,11.742857142857144,15.528571428571428,73.68571428571428,3.662857142857143,71.42857142857143,6.547142857142857,0.0,16.82857142857143,152.0,1012.6142857142858,54.04285714285714,23.77142857142857,690
20.785714285714285,13.214285714285714,16.599999999999998,20.785714285714285,13.214285714285714,16.599999999999998,77.71428571428571,0.6101428571428571,85.71428571428571,5.357142857142857,0.0,19.985714285714288,257.2714285714286,1016.8714285714286,80.98571428571428,18.1,741
23.12857142857143,13.614285714285714,18.12857142857143,23.12857142857143,13.285714285714286,18.1,73.41428571428571,0.0348571428571428,28.571428571428573,1.1914285714285715,0.0,19.5,242.4857142857143,1015.7285714285716,63.92857142857143,19.7,671
16.314285714285713,8.928571428571429,12.87142857142857,16.314285714285713,7.985714285714286,12.671428571428573,77.74285714285715,0.2992857142857142,42.85714285714285,2.975714285714285,0.0,27.4,231.72857142857143,1012.5428571428572,76.95714285714287,19.37142857142857,816
11.0,4.7,7.785714285714286,10.3,1.2571428571428571,5.885714285714286,80.87142857142858,0.8965714285714286,85.71428571428571,3.5742857142857143,0.0,30.957142857142856,207.5,1019.3285714285714,86.52857142857144,17.642857142857142,830
18.885714285714283,10.728571428571428,14.44285714285714,18.885714285714283,9.985714285714286,14.342857142857143,77.25714285714285,2.1855714285714285,100.0,11.904285714285717,0.0,18.02857142857143,247.05714285714285,1010.4142857142856,68.32857142857144,19.52857142857143,781
20.6,13.05714285714286,16.742857142857144,20.6,13.05714285714286,16.742857142857144,77.47142857142856,2.4822857142857138,71.42857142857143,3.5728571428571425,0.0,23.61428571428572,244.07142857142856,1016.0714285714286,67.62857142857142,24.7,701
16.95714285714286,10.2,13.728571428571428,16.95714285714286,9.485714285714286,13.542857142857144,81.75714285714285,0.6678571428571428,100.0,8.930000000000001,0.0,24.11428571428572,259.4142857142857,1014.3714285714286,51.21428571428572,19.87142857142857,752
10.042857142857144,2.8000000000000003,6.328571428571428,9.614285714285714,-0.1714285714285714,3.8857142857142857,88.61428571428571,0.8654285714285714,57.142857142857146,2.9771428571428573,0.0,26.65714285714285,241.72857142857143,1008.5428571428572,63.5,12.442857142857145,827
17.214285714285715,8.671428571428573,13.085714285714284,17.214285714285715,7.914285714285714,12.94285714285714,69.58571428571427,0.0135714285714285,42.85714285714285,1.7871428571428571,0.0,16.7,287.4714285714286,1019.7571428571428,62.642857142857146,26.042857142857144,715
17.485714285714288,11.728571428571428,14.214285714285714,17.485714285714288,11.571428571428571,14.2,80.57142857142857,3.520571428571429,100.0,10.715714285714286,0.0999999999999999,18.5,182.78571428571428,1003.5857142857144,56.05714285714286,20.74285714285714,644
14.171428571428573,7.7,10.985714285714286,14.171428571428573,5.028571428571429,10.314285714285717,76.24285714285715,2.4802857142857144,71.42857142857143,3.5728571428571425,0.0,29.885714285714283,183.7428571428572,1009.7571428571428,65.1,23.485714285714288,812
5.928571428571429,0.9142857142857144,3.1714285714285717,3.4285714285714284,-3.3857142857142857,-0.3857142857142857,81.04285714285713,1.011,100.0,9.524285714285714,0.0428571428571428,26.728571428571428,218.7428571428572,1016.2285714285716,44.72857142857144,20.928571428571427,824
16.514285714285712,6.985714285714286,11.457142857142856,16.514285714285712,5.428571428571429,10.957142857142856,82.51428571428572,0.001,14.285714285714286,0.5957142857142858,0.0,17.9,190.3428571428572,1026.1857142857143,60.0,10.671428571428573,783
19.4,11.8,14.957142857142856,19.4,11.8,14.957142857142856,82.58571428571429,6.093285714285714,100.0,11.31,0.0,21.8,263.57142857142856,1008.8,74.84285714285714,20.785714285714285,769
22.685714285714287,11.885714285714286,16.985714285714288,22.642857142857142,11.728571428571428,16.942857142857143,67.54285714285714,0.0,0.0,0.0,0.0,21.085714285714285,79.55714285714285,1023.4428571428572,59.385714285714286,19.75714285714286,688
18.25714285714286,9.728571428571428,14.042857142857144,18.25714285714286,9.057142857142855,13.94285714285714,79.24285714285715,3.180857142857143,85.71428571428571,8.930000000000001,0.0,21.1,123.58571428571427,1007.8285714285714,70.98571428571428,15.157142857142857,795
19.61428571428572,10.342857142857143,15.171428571428573,19.61428571428572,9.428571428571429,15.0,65.27142857142857,0.0,0.0,0.0,0.0,21.3,174.29999999999998,1026.4571428571428,65.41428571428573,28.214285714285715,739
18.37142857142857,9.714285714285714,13.7,18.37142857142857,9.385714285714286,13.585714285714284,78.77142857142857,0.1398571428571428,42.85714285714285,2.975714285714285,0.0,13.6,231.54285714285717,1023.0571428571428,64.0142857142857,15.028571428571428,783
17.37142857142857,9.542857142857144,13.314285714285717,17.37142857142857,8.528571428571428,13.185714285714283,78.87142857142858,0.5108571428571429,57.142857142857146,2.9771428571428573,0.0,20.428571428571427,156.64285714285714,1011.0285714285714,78.28571428571429,16.885714285714283,821
19.0,11.671428571428573,14.928571428571429,19.0,11.671428571428573,14.928571428571429,80.74285714285715,1.637571428571429,85.71428571428571,7.74,0.0,23.37142857142857,119.55714285714284,1013.7714285714284,68.45714285714287,21.214285714285715,697
18.17142857142857,11.5,14.9,18.17142857142857,11.114285714285714,14.857142857142858,77.10000000000001,1.5974285714285714,57.142857142857146,2.9771428571428573,0.0,19.528571428571432,263.7,1014.8857142857142,79.38571428571429,22.857142857142858,759
17.814285714285713,11.12857142857143,13.985714285714286,17.814285714285713,11.0,13.94285714285714,79.87142857142858,0.3314285714285714,71.42857142857143,4.167142857142857,0.0,20.457142857142856,142.6142857142857,1019.2,76.82857142857142,18.214285714285715,737
7.171428571428572,2.0,4.514285714285714,4.485714285714286,-1.5857142857142856,1.5571428571428572,85.01428571428572,0.6672857142857144,85.71428571428571,6.545714285714285,105.0,22.428571428571427,233.1142857142857,1003.6428571428572,82.74285714285715,11.94285714285714,1040
7.828571428571428,1.385714285714286,4.542857142857143,6.471428571428571,-2.7857142857142856,1.7714285714285711,75.68571428571428,1.0301428571428572,28.571428571428573,1.1914285714285715,5.6,22.857142857142858,43.142857142857146,1024.3,72.39999999999999,18.342857142857145,836
13.885714285714286,7.728571428571428,10.757142857142856,13.885714285714286,5.942857142857143,10.085714285714284,83.01428571428572,0.9934285714285714,85.71428571428571,6.545714285714285,0.0,18.87142857142857,187.54285714285717,1009.7571428571428,82.82857142857142,17.242857142857144,746
14.228571428571428,9.471428571428572,11.757142857142856,14.228571428571428,8.157142857142857,11.228571428571428,85.28571428571429,0.6497142857142857,71.42857142857143,7.142857142857143,0.0,23.557142857142857,241.12857142857143,1015.6,70.37142857142857,21.38571428571429,817
9.471428571428572,4.1,6.728571428571429,7.885714285714286,0.9285714285714286,4.014285714285714,81.12857142857142,0.2518571428571428,57.142857142857146,5.357142857142857,0.0,25.785714285714285,175.4,1003.2857142857144,58.57142857142857,20.885714285714283,853
19.75714285714286,13.414285714285716,16.485714285714284,19.75714285714286,13.414285714285716,16.485714285714284,80.8,3.484571428571429,71.42857142857143,8.928571428571429,0.0,23.342857142857145,160.65714285714284,1008.3142857142856,54.957142857142856,17.02857142857143,703
14.971428571428572,7.057142857142857,10.87142857142857,14.971428571428572,4.757142857142857,9.828571428571427,73.44285714285715,0.3657142857142857,71.42857142857143,4.167142857142857,0.0,25.8,229.37142857142857,1008.2857142857144,68.01428571428572,22.685714285714287,810
9.242857142857144,1.6428571428571428,5.814285714285715,7.3,-2.7857142857142856,2.3000000000000003,78.95714285714287,1.6705714285714284,100.0,5.952857142857143,0.75,35.285714285714285,225.77142857142857,1007.3571428571428,69.72857142857143,23.542857142857144,919
10.185714285714283,4.371428571428572,7.285714285714286,9.242857142857144,1.8000000000000005,5.357142857142857,80.64285714285714,2.186857142857143,85.71428571428571,8.930000000000001,0.0,20.357142857142858,234.54285714285717,1006.7714285714284,70.44285714285715,29.342857142857145,935
11.55714285714286,3.685714285714286,7.728571428571429,10.471428571428572,1.9714285714285715,6.214285714285714,68.08571428571429,0.0272857142857142,42.85714285714285,2.975714285714285,0.0,20.1,69.22857142857143,1020.5,73.81428571428572,26.52857142857143,760
10.05714285714286,3.142857142857143,6.885714285714286,8.528571428571428,0.3857142857142856,4.542857142857143,86.22857142857143,1.400285714285714,100.0,10.117142857142856,0.0,28.214285714285715,204.32857142857145,1011.5,62.642857142857146,23.3,856
8.799999999999999,3.7142857142857135,6.171428571428572,6.742857142857142,-0.1142857142857142,3.042857142857143,84.47142857142856,4.305857142857143,100.0,12.5,0.0571428571428571,31.27142857142857,238.32857142857145,993.3142857142856,68.84285714285714,15.842857142857143,1184
10.585714285714284,4.442857142857143,7.285714285714286,10.4,1.457142857142857,5.171428571428572,79.05714285714285,4.217571428571429,85.71428571428571,4.762857142857143,0.0,25.714285714285715,171.14285714285714,1006.9142857142856,77.10000000000001,15.428571428571429,894
12.385714285714286,6.957142857142857,9.771428571428572,12.385714285714286,4.842857142857143,8.571428571428571,87.37142857142858,0.4621428571428571,71.42857142857143,8.334285714285715,0.0,24.385714285714283,156.21428571428572,1005.5857142857144,80.75714285714285,16.67142857142857,879
7.442857142857143,3.057142857142857,5.314285714285715,5.885714285714286,-0.0857142857142856,2.5,89.87142857142858,0.6142857142857142,57.142857142857146,3.571428571428572,0.0,22.7,250.8,1016.7857142857144,78.7,9.7,1009
16.7,8.5,12.414285714285716,16.442857142857143,7.428571428571429,11.742857142857144,80.44285714285715,0.9085714285714286,71.42857142857143,5.357142857142857,0.0,24.714285714285715,167.04285714285714,1013.0,52.32857142857143,23.8,848
16.04285714285714,9.414285714285716,12.357142857142858,16.04285714285714,8.557142857142857,12.1,81.91428571428571,0.5954285714285714,85.71428571428571,4.168571428571428,0.0,24.1,197.15714285714284,1016.2428571428572,69.84285714285714,16.4,811
20.071428571428573,11.314285714285717,15.771428571428572,20.071428571428573,10.971428571428572,15.714285714285714,73.95714285714287,2.8907142857142856,85.71428571428571,6.548571428571429,0.0,20.228571428571428,217.2142857142857,1012.9857142857144,44.02857142857143,24.25714285714286,716
-1.0285714285714287,-4.942857142857143,-2.9714285714285715,-3.757142857142857,-8.842857142857143,-6.614285714285714,86.57142857142857,0.161,71.42857142857143,3.5728571428571425,3.314285714285714,16.228571428571428,71.61428571428571,1006.2285714285716,56.01428571428572,10.014285714285714,960
4.4,-1.4428571428571428,1.2285714285714284,1.8,-5.257142857142857,-1.7857142857142858,86.61428571428571,0.0551428571428571,71.42857142857143,2.9785714285714286,0.0,20.87142857142857,169.34285714285716,1027.7142857142858,35.44285714285714,9.657142857142857,1026
18.014285714285712,10.8,14.185714285714283,18.014285714285712,10.657142857142857,14.157142857142857,83.62857142857142,1.3212857142857144,85.71428571428571,5.357142857142857,0.0,18.542857142857144,245.07142857142856,1014.9142857142856,77.07142857142857,14.914285714285713,720
19.014285714285712,12.428571428571429,15.857142857142858,19.014285714285712,12.428571428571429,15.857142857142858,77.72857142857143,1.9527142857142856,85.71428571428571,5.952857142857143,0.0,16.17142857142857,248.3,1016.6142857142858,77.5,22.514285714285712,771
14.72857142857143,6.114285714285714,10.242857142857144,14.72857142857143,4.385714285714285,9.514285714285714,75.67142857142858,0.0017142857142857,28.571428571428573,1.1914285714285715,0.0,15.842857142857143,219.48571428571427,1023.0714285714286,56.3,12.742857142857144,738
10.1,4.114285714285715,6.985714285714286,8.77142857142857,1.157142857142857,4.628571428571428,82.77142857142857,0.6211428571428571,100.0,12.5,1.6,26.642857142857142,276.2,1015.8714285714286,54.885714285714286,20.385714285714283,788
18.957142857142856,11.842857142857143,15.37142857142857,18.957142857142856,11.842857142857143,15.37142857142857,84.77142857142857,0.2208571428571428,57.142857142857146,4.167142857142857,0.0,14.228571428571428,179.14285714285714,1019.2285714285716,73.24285714285715,16.657142857142855,716
4.714285714285714,0.5285714285714286,2.4,0.9571428571428572,-3.642857142857143,-1.557142857142857,88.52857142857144,1.874142857142857,100.0,11.31,0.0,25.6,73.14285714285714,1015.0428571428572,56.957142857142856,10.228571428571428,854
17.885714285714286,12.1,14.785714285714286,17.885714285714286,11.94285714285714,14.785714285714286,80.44285714285715,6.848428571428571,100.0,13.095714285714283,0.0,23.857142857142858,236.02857142857144,1009.1142857142858,63.0,22.957142857142856,723
17.742857142857144,10.9,14.4,17.742857142857144,10.014285714285716,14.314285714285717,76.84285714285714,0.5574285714285715,100.0,5.3585714285714285,0.0,30.057142857142857,217.8857142857143,1009.8142857142856,65.91428571428573,36.271428571428565,723
13.971428571428572,7.2,10.571428571428571,13.971428571428572,4.685714285714285,9.742857142857144,77.71428571428571,0.7488571428571429,100.0,7.141428571428572,0.0,24.88571428571429,276.4857142857143,1009.5857142857144,76.94285714285715,23.65714285714285,805
18.428571428571427,10.185714285714283,14.228571428571428,18.428571428571427,9.55714285714286,14.157142857142857,72.34285714285714,2.2832857142857144,85.71428571428571,6.547142857142857,0.0,21.585714285714285,190.54285714285717,1008.5285714285714,65.94285714285715,27.62857142857143,757
25.928571428571427,12.514285714285714,19.085714285714285,25.585714285714285,12.271428571428572,19.0,65.55714285714286,0.5222857142857144,14.285714285714286,0.5957142857142858,0.0,14.914285714285716,143.87142857142857,1023.6,32.542857142857144,18.714285714285715,750
7.928571428571429,4.671428571428572,6.185714285714285,6.485714285714286,2.2,4.042857142857143,86.65714285714286,0.1502857142857143,100.0,8.928571428571429,0.0,18.242857142857144,203.42857142857144,1017.9,75.54285714285716,13.271428571428572,877
15.0,5.442857142857143,10.2,15.0,3.942857142857143,9.514285714285714,68.1,0.0015714285714285,14.285714285714286,0.5957142857142858,0.0,19.642857142857142,263.42857142857144,1020.3,54.3,34.68571428571428,705
11.1,5.9,8.371428571428572,9.985714285714286,2.942857142857143,6.1000000000000005,79.1857142857143,1.712,42.85714285714285,1.7871428571428571,0.0,24.02857142857143,31.01428571428572,1009.7571428571428,89.41428571428571,16.614285714285714,792
12.814285714285717,6.385714285714286,9.728571428571428,12.814285714285717,4.157142857142857,8.257142857142856,84.75714285714285,1.6105714285714288,71.42857142857143,4.167142857142857,0.0,31.357142857142858,231.42857142857144,1004.7571428571428,63.85714285714285,23.785714285714285,787
1.9142857142857144,-1.7285714285714284,0.0571428571428571,-1.342857142857143,-6.228571428571429,-3.6857142857142855,88.0,0.4677142857142857,28.571428571428573,1.7857142857142858,6.566666666666666,21.785714285714285,85.38571428571429,1019.7,89.78571428571429,3.542857142857143,949
12.971428571428572,5.757142857142857,10.05714285714286,12.7,3.128571428571429,8.957142857142857,88.07142857142857,3.506,85.71428571428571,7.738571428571428,0.0142857142857142,25.542857142857144,219.52857142857144,1014.9,59.2,18.814285714285717,746
17.428571428571427,10.2,13.37142857142857,17.428571428571427,10.05714285714286,13.37142857142857,78.60000000000001,0.0145714285714285,57.142857142857146,2.382857142857143,0.0,12.328571428571427,141.24285714285716,1023.7571428571428,59.92857142857143,13.55714285714286,741
13.22857142857143,8.742857142857144,10.914285714285716,13.22857142857143,7.114285714285714,10.357142857142858,90.68571428571428,2.6447142857142856,100.0,7.141428571428572,0.0,22.7,225.5142857142857,1005.6714285714286,88.35714285714286,9.385714285714286,711
16.114285714285714,10.328571428571427,12.914285714285716,16.114285714285714,9.357142857142858,12.714285714285714,80.0,9.432428571428572,100.0,11.31,0.0,23.4,233.67142857142855,1005.0857142857144,57.15714285714286,22.442857142857143,739
4.928571428571429,1.7571428571428571,3.1714285714285717,3.2285714285714286,-2.2,0.4285714285714285,91.32857142857142,0.5537142857142857,71.42857142857143,3.5728571428571425,0.0,19.057142857142857,56.98571428571428,1013.9428571428572,98.55714285714284,3.128571428571429,854
6.8,1.3428571428571427,3.742857142857143,4.5,-2.314285714285714,1.0714285714285716,84.39999999999999,1.800142857142857,57.142857142857146,2.9771428571428573,0.0,23.585714285714285,193.05714285714288,1020.4857142857144,66.0,11.37142857142857,860
14.671428571428573,8.242857142857144,11.314285714285717,14.342857142857143,6.6571428571428575,10.6,90.3,1.4471428571428573,100.0,5.952857142857143,0.0,18.714285714285715,128.47142857142856,1011.8571428571428,89.38571428571429,7.214285714285714,811
13.314285714285717,6.6571428571428575,9.514285714285714,13.314285714285717,4.1,8.371428571428572,79.65714285714286,2.1287142857142856,71.42857142857143,4.167142857142857,0.0,22.2,148.95714285714286,1009.5428571428572,81.21428571428571,10.771428571428572,803
7.3428571428571425,0.7857142857142857,3.6571428571428575,5.614285714285714,-2.857142857142857,0.5428571428571428,80.45714285714287,0.8602857142857142,85.71428571428571,5.952857142857143,0.0,25.8,234.42857142857144,1007.9714285714286,63.642857142857146,17.17142857142857,852
6.857142857142857,1.6428571428571428,4.128571428571428,5.228571428571429,-0.8857142857142859,2.0142857142857142,86.21428571428571,0.0315714285714285,71.42857142857143,4.762857142857143,0.0,14.714285714285714,175.62857142857143,1029.7714285714285,65.77142857142857,20.571428571428573,842
9.94285714285714,6.271428571428571,7.885714285714285,8.214285714285714,2.457142857142857,5.357142857142857,80.25714285714285,1.5545714285714287,71.42857142857143,7.738571428571428,0.6714285714285715,28.842857142857135,241.27142857142857,1021.9142857142856,66.14285714285714,29.77142857142857,904
10.1,4.6000000000000005,7.457142857142857,8.985714285714286,1.2857142857142858,4.8,84.87142857142858,2.3122857142857143,100.0,14.882857142857144,0.0,34.5,222.57142857142856,1000.2714285714284,67.05714285714285,19.24285714285714,995
11.885714285714286,3.6,7.671428571428572,11.885714285714286,0.5714285714285714,5.842857142857143,63.98571428571428,0.7062857142857143,71.42857142857143,5.357142857142857,0.0,22.47142857142857,226.7428571428572,1010.0571428571428,58.31428571428571,26.985714285714288,812
18.685714285714287,11.05714285714286,14.55714285714286,18.685714285714287,10.842857142857143,14.5,83.48571428571428,0.5912857142857143,42.85714285714285,3.5700000000000003,0.0,21.17142857142857,149.9857142857143,1021.9714285714286,75.2,14.3,701
8.285714285714286,3.8285714285714287,5.671428571428572,5.585714285714286,0.5714285714285714,2.757142857142857,90.57142857142856,5.280142857142857,100.0,10.714285714285714,0.0285714285714285,24.24285714285714,199.57142857142856,1005.0857142857144,65.95714285714287,14.742857142857144,939
16.6,9.028571428571428,12.457142857142856,16.6,7.714285714285714,11.771428571428572,87.92857142857143,0.576,42.85714285714285,2.381428571428572,0.0,18.585714285714285,62.142857142857146,1021.1428571428572,75.31428571428572,6.757142857142857,794
8.857142857142858,3.5142857142857147,6.228571428571429,5.914285714285714,-0.6714285714285715,2.871428571428571,74.02857142857144,0.921,85.71428571428571,6.545714285714285,0.0,39.957142857142856,252.58571428571423,1010.6285714285714,67.9,26.728571428571428,821
9.042857142857144,3.4285714285714284,6.428571428571429,7.228571428571429,0.4142857142857143,3.7285714285714286,82.45714285714287,1.1555714285714287,71.42857142857143,3.5728571428571425,3.4,28.714285714285715,203.15714285714284,1008.4142857142856,80.78571428571429,18.02857142857143,930
5.685714285714285,-1.3857142857142857,1.9,1.342857142857143,-5.414285714285714,-2.3714285714285714,72.11428571428571,0.0281428571428571,42.85714285714285,2.381428571428572,0.4285714285714285,30.25714285714286,47.785714285714285,1017.4142857142856,46.04285714285714,26.15714285714285,970
15.214285714285714,10.257142857142856,12.428571428571429,15.214285714285714,10.071428571428571,12.37142857142857,90.22857142857144,1.5812857142857142,85.71428571428571,5.357142857142857,0.0,16.442857142857143,158.21428571428572,1013.2714285714284,92.58571428571427,9.185714285714283,725
8.67142857142857,1.0,4.6000000000000005,6.342857142857143,-2.071428571428572,1.8571428571428568,76.68571428571428,1.673857142857143,85.71428571428571,10.118571428571428,0.0857142857142857,23.67142857142857,298.7714285714286,1013.1285714285714,57.614285714285714,25.928571428571427,827
7.242857142857143,1.542857142857143,4.1,4.971428571428571,-3.2,0.7285714285714285,83.10000000000001,2.3578571428571427,100.0,5.952857142857143,0.0,33.74285714285715,242.05714285714288,980.8285714285714,69.44285714285715,18.057142857142857,920
5.185714285714285,0.7428571428571429,2.6714285714285717,3.4714285714285715,-2.628571428571429,0.0857142857142857,89.45714285714287,1.6252857142857142,100.0,13.095714285714283,0.0,18.585714285714285,107.75714285714284,1016.3857142857142,76.12857142857142,15.614285714285714,949
18.74285714285714,11.071428571428571,14.685714285714283,18.74285714285714,10.9,14.614285714285714,76.45714285714287,0.0,0.0,0.0,0.0,20.414285714285715,124.08571428571427,1018.3571428571428,75.39999999999999,18.442857142857143,803
11.62857142857143,3.585714285714286,7.528571428571429,10.614285714285714,1.3571428571428572,5.971428571428571,76.54285714285713,0.2219999999999999,42.85714285714285,3.572857142857143,0.0428571428571428,17.614285714285714,197.44285714285712,1016.0428571428572,55.51428571428572,17.571428571428573,832
18.82857142857143,11.771428571428572,15.085714285714284,18.82857142857143,11.771428571428572,15.085714285714284,83.18571428571428,0.2191428571428571,28.571428571428573,2.38,0.0,19.74285714285714,201.92857142857144,1019.4285714285714,60.71428571428572,11.3,803
9.714285714285714,1.6428571428571428,5.4,7.728571428571429,-1.871428571428572,2.9,77.3,0.2508571428571429,71.42857142857143,4.167142857142857,0.0,21.985714285714288,244.0,1008.1428571428572,52.74285714285714,20.585714285714285,967
21.942857142857143,12.585714285714284,17.085714285714285,21.942857142857143,12.585714285714284,17.085714285714285,76.8,0.0037142857142857,28.571428571428573,1.1914285714285715,0.0,14.514285714285714,168.94285714285712,1023.7714285714284,66.44285714285715,16.928571428571427,806
18.542857142857144,11.857142857142858,15.042857142857144,18.542857142857144,11.857142857142858,15.028571428571428,73.39999999999999,1.6085714285714283,71.42857142857143,7.737142857142857,0.0,28.385714285714283,204.4857142857143,1008.1142857142858,54.5,23.057142857142857,700
17.62857142857143,10.7,14.171428571428573,17.62857142857143,10.071428571428571,14.071428571428571,74.98571428571428,0.3787142857142856,100.0,7.142857142857143,0.0,24.571428571428573,254.42857142857144,1017.9571428571428,55.471428571428575,26.857142857142858,768
10.971428571428572,5.285714285714286,7.728571428571429,10.657142857142857,2.4285714285714284,5.785714285714286,87.27142857142857,4.940714285714286,100.0,14.287142857142856,0.0,22.085714285714285,178.91428571428574,996.9,51.07142857142857,20.071428571428573,864
20.414285714285715,12.828571428571427,16.52857142857143,20.414285714285715,12.828571428571427,16.52857142857143,68.94285714285715,0.0305714285714285,57.142857142857146,2.382857142857143,0.0,25.571428571428573,211.25714285714284,1014.8142857142856,64.17142857142856,30.81428571428572,716
7.3428571428571425,2.2,4.785714285714286,5.614285714285714,-0.6428571428571429,2.4,83.01428571428572,0.1142857142857143,85.71428571428571,5.952857142857143,1.3571428571428572,18.02857142857143,275.37142857142857,1028.2142857142858,67.0,14.971428571428572,916
21.12857142857143,11.5,16.185714285714287,21.15714285714285,11.314285714285717,16.17142857142857,75.64285714285714,3.908571428571429,42.85714285714285,4.1657142857142855,0.0,20.12857142857143,177.55714285714285,1015.4571428571428,60.2,14.271428571428572,732
13.657142857142857,4.728571428571429,9.028571428571428,13.657142857142857,2.442857142857143,7.885714285714286,75.32857142857142,0.2084285714285714,57.142857142857146,2.382857142857143,0.0,18.942857142857143,146.9,1023.1142857142858,47.8,14.4,751
21.457142857142856,10.9,15.457142857142856,21.457142857142856,10.671428571428573,15.414285714285716,76.85714285714286,1.8552857142857144,57.142857142857146,5.952857142857143,0.0,16.3,163.74285714285716,1018.1285714285714,48.18571428571429,15.185714285714289,680
25.47142857142857,14.814285714285717,20.214285714285715,25.27142857142857,14.814285714285717,20.185714285714287,64.07142857142857,0.0137142857142857,14.285714285714286,0.5957142857142858,0.0,18.942857142857143,149.08571428571426,1019.9142857142856,55.94285714285714,22.97142857142857,823
21.214285714285715,11.928571428571429,16.585714285714285,21.214285714285715,11.928571428571429,16.585714285714285,76.57142857142857,0.0,0.0,0.0,0.0,19.12857142857143,246.8142857142857,1021.7857142857144,62.41428571428571,19.6,801
23.442857142857143,13.914285714285716,18.15714285714285,23.442857142857143,13.914285714285716,18.15714285714285,76.88571428571429,1.2364285714285717,71.42857142857143,4.167142857142857,0.0,19.1,131.8,1016.4,67.25714285714285,15.514285714285714,754
15.028571428571428,8.6,11.842857142857143,15.028571428571428,6.957142857142856,11.528571428571428,77.1,1.0534285714285714,85.71428571428571,5.951428571428571,0.0,30.528571428571432,221.6142857142857,1005.9,75.01428571428572,27.428571428571427,787
8.742857142857144,2.128571428571429,5.242857142857143,7.028571428571429,-2.4,1.9142857142857144,84.7,0.3872857142857143,28.571428571428573,1.1914285714285715,0.0,31.957142857142856,252.3571428571429,1017.4285714285714,60.285714285714285,13.8,916
16.814285714285713,8.985714285714286,12.94285714285714,16.814285714285713,8.342857142857143,12.828571428571427,78.7,0.604,42.85714285714285,2.381428571428572,0.0,18.485714285714288,230.42857142857144,1014.2285714285716,69.28571428571429,17.12857142857143,699
18.82857142857143,11.385714285714286,14.857142857142858,18.82857142857143,11.171428571428573,14.828571428571427,75.61428571428571,0.2407142857142857,71.42857142857143,7.141428571428572,0.0,16.985714285714288,212.08571428571423,1016.8,75.25714285714285,22.857142857142858,752
17.17142857142857,11.014285714285714,13.642857142857142,17.17142857142857,9.94285714285714,13.457142857142856,80.2,2.672714285714286,100.0,5.952857142857143,0.0,32.34285714285714,209.6,1001.4,75.65714285714286,26.414285714285715,754
8.742857142857144,5.3,6.700000000000001,7.228571428571429,2.685714285714286,4.642857142857143,96.42857142857144,1.6265714285714286,100.0,5.952857142857143,0.0,19.085714285714285,100.7,1008.0571428571428,90.55714285714284,4.742857142857143,833
16.142857142857142,9.94285714285714,12.885714285714286,16.142857142857142,9.44285714285714,12.742857142857144,92.24285714285716,5.026000000000001,85.71428571428571,12.501428571428573,0.0,22.585714285714285,179.31428571428572,1001.7857142857144,64.34285714285714,19.342857142857145,813
16.628571428571426,9.885714285714286,13.228571428571428,16.628571428571426,8.885714285714284,12.928571428571429,88.44285714285715,2.7144285714285714,85.71428571428571,4.762857142857143,0.0,17.52857142857143,195.27142857142857,1015.4285714285714,59.51428571428572,13.671428571428573,773
20.82857142857143,13.071428571428571,16.442857142857143,20.87142857142857,13.071428571428571,16.45714285714286,81.44285714285715,1.8508571428571428,28.571428571428573,2.975714285714285,0.0,21.6,180.91428571428568,1008.3142857142856,52.84285714285714,13.5,715
14.271428571428572,6.385714285714286,10.228571428571428,14.271428571428572,4.5285714285714285,9.457142857142856,76.54285714285713,0.1651428571428571,57.142857142857146,3.571428571428572,0.0,19.228571428571428,205.04285714285717,1025.3,81.98571428571428,21.5,829
2.4285714285714284,-0.5571428571428572,0.8857142857142856,0.8142857142857143,-3.5142857142857147,-1.3857142857142857,88.8,0.1115714285714285,42.85714285714285,2.381428571428572,0.0,13.171428571428573,128.0857142857143,1027.7,81.37142857142858,8.871428571428572,857
9.114285714285714,1.6714285714285717,5.485714285714286,8.042857142857143,-0.9285714285714286,3.3714285714285714,71.72857142857143,0.0694285714285714,14.285714285714286,1.19,0.0,18.857142857142858,84.27142857142857,1022.5,59.07142857142857,19.6,901
10.728571428571428,3.242857142857143,7.3428571428571425,9.814285714285717,0.2,4.814285714285715,73.45714285714287,1.336285714285714,42.85714285714285,2.975714285714285,0.0,32.22857142857143,224.67142857142855,1004.0571428571428,63.5,22.785714285714285,782
4.671428571428572,-0.3999999999999999,1.957142857142857,1.5285714285714285,-4.185714285714286,-1.6285714285714286,83.45714285714287,1.1625714285714286,85.71428571428571,6.547142857142857,0.9,21.2,237.62857142857143,1007.0571428571428,41.32857142857143,19.3,872
21.62857142857143,12.0,16.514285714285712,21.62857142857143,11.757142857142856,16.47142857142857,75.54285714285713,0.1259999999999999,28.571428571428573,1.7857142857142858,0.0,23.785714285714285,125.54285714285712,1020.2571428571428,58.62857142857143,19.685714285714287,788
0.0285714285714285,-4.271428571428571,-1.9428571428571428,-2.8285714285714287,-8.22857142857143,-5.5,88.8,0.5177142857142857,57.142857142857146,4.1657142857142855,6.966666666666666,20.5,95.02857142857142,1023.8714285714286,91.28571428571428,4.414285714285715,1015
11.028571428571428,4.6571428571428575,7.785714285714286,9.957142857142856,0.7428571428571428,4.971428571428572,75.28571428571429,0.1332857142857142,57.142857142857146,2.382857142857143,0.0,44.05714285714286,224.7142857142857,1014.4,72.34285714285714,24.385714285714283,923
13.542857142857144,6.028571428571429,9.328571428571427,13.542857142857144,4.085714285714285,8.428571428571429,79.62857142857142,4.0442857142857145,100.0,10.12,3.0,19.042857142857144,266.9142857142857,1014.8714285714286,56.84285714285714,16.72857142857143,795
13.528571428571428,7.1000000000000005,10.271428571428572,13.528571428571428,5.114285714285714,9.6,87.51428571428572,1.7658571428571428,57.142857142857146,4.761428571428572,0.0,18.457142857142856,166.8857142857143,1013.8285714285714,63.51428571428571,8.3,864
13.171428571428573,4.442857142857143,8.685714285714285,12.228571428571428,1.9285714285714288,6.857142857142857,77.98571428571428,1.824142857142857,85.71428571428571,5.357142857142857,0.0,23.228571428571428,248.1142857142857,998.2,70.52857142857142,22.74285714285714,787
16.957142857142856,6.642857142857143,11.742857142857144,16.957142857142856,4.628571428571428,11.028571428571428,70.65714285714286,0.0095714285714285,28.571428571428573,1.1914285714285715,0.0,21.728571428571428,105.62857142857142,1027.071428571429,47.57142857142857,22.814285714285717,765
16.9,10.071428571428571,13.37142857142857,16.9,8.857142857142858,13.228571428571428,83.44285714285715,1.678857142857143,100.0,6.547142857142857,0.0,22.9,242.6142857142857,1012.1857142857144,72.44285714285715,19.185714285714283,715
13.257142857142856,4.942857142857143,9.014285714285714,13.257142857142856,3.257142857142857,8.142857142857142,76.39999999999999,0.0372857142857142,71.42857142857143,5.3585714285714285,0.0,16.45714285714286,265.0142857142857,1024.0,57.642857142857146,23.057142857142857,819
20.485714285714288,11.814285714285717,15.857142857142858,20.485714285714288,11.642857142857142,15.857142857142858,69.17142857142856,0.6920000000000001,28.571428571428573,3.571428571428572,0.0,14.885714285714286,307.3857142857143,1016.9,54.15714285714286,22.0,708
17.142857142857142,7.3,11.928571428571429,17.142857142857142,5.614285714285715,11.257142857142856,78.25714285714285,0.1812857142857142,28.571428571428573,1.1914285714285715,0.0,18.82857142857143,165.67142857142858,1024.3142857142857,57.142857142857146,11.728571428571428,779
6.928571428571429,1.9857142857142855,4.457142857142857,5.242857142857143,-1.2428571428571429,2.0,91.74285714285716,0.0374285714285714,28.571428571428573,1.1914285714285715,0.0,17.714285714285715,174.8857142857143,1034.357142857143,73.89999999999999,5.357142857142857,836
10.142857142857142,5.271428571428571,7.628571428571429,9.471428571428572,3.5142857142857147,6.3,85.15714285714286,0.0014285714285714,14.285714285714286,0.5957142857142858,0.0,15.8,97.97142857142856,1022.3857142857142,79.34285714285714,9.142857142857142,813
6.2,1.8,4.257142857142857,4.428571428571429,-2.3285714285714287,1.4857142857142855,88.65714285714286,1.5952857142857142,100.0,7.141428571428572,0.0,27.25714285714286,230.32857142857145,1013.4714285714286,76.34285714285714,11.571428571428571,1033
17.714285714285715,4.314285714285714,10.6,17.714285714285715,1.2,9.242857142857144,70.25714285714285,0.0,0.0,0.0,0.0,23.75714285714286,75.01428571428572,1026.3285714285714,33.07142857142857,20.471428571428568,835
6.728571428571428,1.7285714285714284,4.185714285714286,4.4,-0.9428571428571428,1.6857142857142855,89.11428571428571,1.5184285714285717,57.142857142857146,4.761428571428572,0.0,18.8,145.54285714285714,1022.8714285714286,74.02857142857144,11.77142857142857,915
14.357142857142858,6.2,9.728571428571428,14.142857142857142,4.457142857142857,8.642857142857142,78.25714285714285,0.485,71.42857142857143,4.761428571428572,0.0,19.914285714285715,136.9,1020.6714285714286,77.12857142857142,18.52857142857143,824
9.957142857142856,5.1000000000000005,7.399999999999999,8.685714285714287,1.3571428571428572,4.585714285714286,87.24285714285715,0.5008571428571429,71.42857142857143,3.5728571428571425,0.0,28.442857142857143,213.5142857142857,1006.8714285714286,50.48571428571428,21.52857142857143,811
9.885714285714286,3.757142857142857,6.542857142857143,8.257142857142856,-0.4714285714285715,3.357142857142857,77.58571428571429,1.9395714285714285,100.0,10.712857142857144,0.0714285714285714,28.228571428571428,233.94285714285712,993.1428571428572,58.84285714285714,24.642857142857142,845
17.12857142857143,12.7,14.2,17.12857142857143,12.7,14.2,92.08571428571427,10.145428571428573,100.0,14.882857142857144,0.0285714285714285,13.55714285714286,146.65714285714284,1002.7714285714284,86.62857142857142,10.857142857142858,784
20.142857142857142,11.542857142857144,15.542857142857144,20.142857142857142,11.12857142857143,15.428571428571429,74.25714285714285,0.2347142857142857,57.142857142857146,6.547142857142857,0.0,13.785714285714286,271.3285714285714,1016.8,58.52857142857143,27.4,758
4.5,-0.3285714285714285,2.0,0.6,-5.7,-2.357142857142857,81.10000000000001,0.9775714285714284,100.0,7.738571428571428,1.675,31.314285714285717,199.3857142857143,1015.1714285714286,78.62857142857142,18.61428571428572,895
8.3,2.142857142857143,5.442857142857142,6.428571428571429,-0.9571428571428572,2.8714285714285714,88.48571428571428,0.7708571428571428,100.0,10.12,0.0428571428571428,24.32857142857143,226.37142857142857,1021.5714285714286,64.75714285714285,26.842857142857145,1268
20.02857142857143,10.985714285714284,15.457142857142856,20.02857142857143,10.785714285714286,15.428571428571429,75.88571428571429,0.8085714285714285,42.85714285714285,4.167142857142857,0.0,15.728571428571428,180.8142857142857,1018.8571428571428,65.52857142857142,18.514285714285712,756
17.342857142857145,10.928571428571429,13.871428571428572,17.342857142857145,10.928571428571429,13.842857142857143,90.92857142857144,0.1181428571428571,42.85714285714285,1.7871428571428571,0.0,21.071428571428573,162.42857142857142,1024.242857142857,73.2,5.957142857142857,747
18.728571428571428,11.5,15.1,18.728571428571428,10.971428571428572,15.028571428571428,71.42857142857143,0.1517142857142857,57.142857142857146,6.547142857142857,0.0,25.3,258.2714285714286,1018.9,65.31428571428572,23.685714285714287,762
7.799999999999999,1.9857142857142855,4.714285714285714,5.842857142857143,-1.3285714285714287,2.2285714285714286,89.51428571428572,2.0988571428571428,85.71428571428571,5.952857142857143,0.0,21.971428571428568,246.04285714285717,997.1285714285714,76.21428571428571,8.985714285714286,925
17.257142857142856,10.328571428571427,13.62857142857143,17.257142857142856,10.071428571428571,13.6,79.87142857142858,1.9742857142857144,85.71428571428571,8.332857142857142,0.0,22.357142857142858,187.9,1011.4571428571428,59.07142857142857,25.785714285714285,768
3.271428571428572,-1.3857142857142857,0.5285714285714286,1.1285714285714286,-4.628571428571428,-2.185714285714285,90.27142857142856,0.2828571428571428,42.85714285714285,1.7871428571428571,1.7666666666666666,17.914285714285715,228.5142857142857,998.4428571428572,72.9,6.1571428571428575,870
4.957142857142857,-3.1720657846433036e-17,2.1714285714285717,1.8142857142857145,-3.7714285714285714,-1.3714285714285714,89.57142857142857,1.1921428571428572,85.71428571428571,6.547142857142857,0.0,20.11428571428572,276.3857142857143,1015.7,44.32857142857143,14.2,1003
10.742857142857144,4.071428571428571,7.6571428571428575,9.55714285714286,0.0857142857142857,5.128571428571428,72.98571428571428,1.162,85.71428571428571,4.762857142857143,0.0,30.442857142857147,267.3285714285714,1013.5,73.51428571428572,18.87142857142857,820
21.3,12.614285714285714,17.02857142857143,21.3,12.614285714285714,17.02857142857143,76.78571428571429,0.4148571428571429,57.142857142857146,3.571428571428572,0.0,17.400000000000002,257.8857142857143,1017.6285714285714,52.68571428571429,18.15714285714285,662
10.357142857142858,4.057142857142857,7.014285714285713,9.471428571428572,1.2,4.885714285714286,83.54285714285713,3.0107142857142857,100.0,8.331428571428571,0.0,18.214285714285715,257.1142857142857,1017.157142857143,64.58571428571429,18.728571428571428,928
9.642857142857142,2.9857142857142853,6.085714285714286,7.814285714285715,-0.2428571428571428,3.5285714285714285,79.87142857142858,4.054285714285714,85.71428571428571,10.714285714285714,0.4571428571428572,20.942857142857143,118.72857142857144,1001.6142857142858,53.52857142857143,22.11428571428572,851
21.985714285714288,14.471428571428572,17.914285714285715,21.985714285714288,14.471428571428572,17.914285714285715,82.21428571428571,1.6452857142857142,85.71428571428571,7.144285714285714,0.0,21.75714285714286,141.9,1012.1,54.5,18.214285714285715,724
8.271428571428572,3.928571428571429,6.185714285714285,6.542857142857144,0.7428571428571429,3.4,88.3,5.803,85.71428571428571,9.524285714285714,0.6714285714285715,23.142857142857142,202.2,999.3857142857142,59.91428571428571,14.342857142857143,983
10.228571428571428,4.185714285714286,7.485714285714286,9.742857142857144,2.642857142857143,6.242857142857143,84.01428571428572,0.3522857142857142,57.142857142857146,3.571428571428572,0.0,26.928571428571427,257.7,1023.0857142857144,79.17142857142858,20.11428571428572,855
16.12857142857143,9.071428571428571,12.342857142857143,16.12857142857143,8.142857142857142,12.142857142857142,81.54285714285713,0.6808571428571428,71.42857142857143,7.144285714285715,0.0,15.87142857142857,252.82857142857145,1014.7571428571428,60.0,19.485714285714288,797
6.457142857142857,1.1571428571428573,3.942857142857143,3.742857142857143,-2.914285714285714,0.4571428571428571,81.89999999999999,0.2581428571428572,42.85714285714285,2.381428571428572,1.0,32.27142857142857,280.65714285714284,1020.8142857142856,64.12857142857142,15.885714285714286,1003
6.8,1.0142857142857145,4.0,4.585714285714286,-2.771428571428572,0.8428571428571429,87.04285714285713,1.9291428571428573,85.71428571428571,4.762857142857143,1.95,24.8,193.08571428571423,1020.6857142857144,91.5,15.014285714285716,826
15.271428571428572,8.085714285714285,11.6,15.271428571428572,6.442857142857143,11.071428571428571,79.12857142857142,0.1407142857142857,57.142857142857146,3.571428571428572,0.0,19.814285714285717,258.57142857142856,1022.1428571428572,62.84285714285714,24.642857142857142,792
14.885714285714286,8.185714285714285,11.328571428571427,14.657142857142857,6.385714285714286,10.342857142857143,82.64285714285714,3.1022857142857143,57.142857142857146,5.357142857142857,0.0,18.814285714285717,192.42857142857144,1015.2428571428572,59.72857142857144,8.914285714285715,759
13.37142857142857,6.871428571428572,9.528571428571428,12.971428571428572,4.771428571428571,8.128571428571428,82.18571428571428,0.3055714285714286,85.71428571428571,7.737142857142857,0.0,21.042857142857144,60.371428571428574,1023.1857142857144,79.07142857142857,8.814285714285713,766
25.285714285714285,13.72857142857143,19.428571428571427,25.071428571428573,13.72857142857143,19.385714285714283,66.48571428571428,0.0118571428571428,14.285714285714286,0.5957142857142858,0.0,18.74285714285714,243.42857142857144,1019.4857142857144,64.15714285714286,18.4,781
6.528571428571429,2.4857142857142853,4.428571428571429,3.2857142857142856,-1.8857142857142857,0.4857142857142857,81.67142857142858,0.863857142857143,71.42857142857143,5.355714285714286,0.0,29.75714285714286,230.58571428571423,1013.1285714285714,82.38571428571429,16.428571428571427,863
14.828571428571427,8.27142857142857,11.314285714285717,14.828571428571427,7.185714285714286,10.714285714285714,83.07142857142857,3.051428571428571,100.0,5.952857142857143,0.0,16.385714285714286,64.67142857142858,1011.7571428571428,80.98571428571428,15.471428571428572,722
9.985714285714286,2.857142857142857,6.2,9.114285714285714,-0.3285714285714286,3.957142857142857,83.21428571428571,1.6187142857142856,85.71428571428571,5.357142857142857,0.0,26.957142857142856,179.02857142857144,1004.0285714285714,81.05714285714285,10.62857142857143,790
11.757142857142856,3.1714285714285717,7.542857142857143,11.157142857142857,1.7,6.285714285714286,76.82857142857142,0.7452857142857143,85.71428571428571,5.3585714285714285,0.0,14.2,195.1,1022.7428571428572,65.22857142857143,7.771428571428571,742
9.94285714285714,5.871428571428572,7.942857142857143,8.371428571428572,3.1000000000000005,5.928571428571429,86.34285714285714,0.8728571428571429,85.71428571428571,7.737142857142857,0.0,18.285714285714285,176.84285714285716,1031.3714285714286,71.91428571428571,12.214285714285714,801
17.0,11.171428571428573,14.028571428571428,17.0,10.928571428571429,13.985714285714286,80.47142857142856,2.034142857142857,85.71428571428571,5.357142857142857,0.0,20.15714285714285,240.15714285714284,1000.4714285714286,80.95714285714287,15.885714285714286,752
18.714285714285715,8.671428571428573,13.257142857142856,18.714285714285715,7.614285714285714,13.014285714285714,74.98571428571428,1.2651428571428571,71.42857142857143,7.144285714285715,0.0,16.114285714285717,101.04285714285712,1017.3714285714286,40.54285714285714,9.528571428571428,749
19.185714285714287,11.9,15.542857142857144,19.185714285714287,11.9,15.542857142857144,78.34285714285714,1.570142857142857,100.0,7.144285714285715,0.0,15.94285714285714,264.0857142857143,1012.2857142857144,54.68571428571429,17.985714285714288,678
7.528571428571429,1.842857142857143,4.814285714285715,5.371428571428572,-1.6,2.2,85.72857142857143,0.387,57.142857142857146,2.382857142857143,0.0,23.085714285714285,232.54285714285717,1035.242857142857,61.114285714285714,13.185714285714283,844
16.7,10.528571428571428,13.314285714285717,16.7,9.414285714285716,13.1,77.24285714285715,4.640714285714286,100.0,12.501428571428573,0.0,30.285714285714285,215.7,1002.9571428571428,69.34285714285714,21.97142857142857,727
19.014285714285712,11.87142857142857,15.157142857142858,19.014285714285712,11.514285714285714,15.1,77.31428571428572,2.0092857142857143,57.142857142857146,5.952857142857143,0.0,18.928571428571427,173.5142857142857,1012.1857142857144,75.27142857142857,17.45714285714286,753
20.7,11.2,15.585714285714284,20.7,11.2,15.585714285714284,75.82857142857142,0.001,14.285714285714286,0.5957142857142858,0.0,20.285714285714285,111.47142857142856,1023.4285714285714,65.74285714285715,17.714285714285715,713
17.87142857142857,9.528571428571428,13.671428571428573,17.87142857142857,8.657142857142857,13.5,75.62857142857142,0.1167142857142857,42.85714285714285,2.381428571428572,0.0,16.071428571428573,280.75714285714287,1024.857142857143,62.37142857142857,21.728571428571428,809
3.8285714285714287,-1.614285714285714,0.8714285714285716,2.314285714285714,-3.914285714285714,-0.7714285714285715,92.57142857142856,0.0017142857142857,42.85714285714285,1.7871428571428571,0.0,14.842857142857143,150.5,1037.357142857143,77.14285714285714,2.7285714285714286,829
21.985714285714288,12.785714285714286,17.785714285714285,21.985714285714288,12.785714285714286,17.785714285714285,64.14285714285714,0.0195714285714285,42.85714285714285,2.381428571428572,0.0,22.11428571428572,245.32857142857145,1018.4,46.971428571428575,21.62857142857143,707
14.214285714285714,8.057142857142857,11.085714285714284,14.214285714285714,6.128571428571428,10.457142857142856,79.11428571428571,1.0342857142857145,100.0,6.547142857142857,0.0,24.042857142857144,252.8857142857143,1005.9714285714286,78.5,23.9,801
17.45714285714286,11.55714285714286,14.157142857142857,17.45714285714286,11.55714285714286,14.157142857142857,89.81428571428572,4.439,85.71428571428571,7.7371428571428575,0.0,20.557142857142857,90.54285714285712,1008.8142857142856,73.22857142857143,13.342857142857143,733
6.071428571428571,-0.7714285714285715,2.4,4.285714285714286,-3.8428571428571434,-0.1,88.62857142857142,0.7502857142857142,85.71428571428571,7.738571428571428,3.5,16.0,186.3,1023.3285714285714,44.642857142857146,10.9,861
9.842857142857143,1.8857142857142857,5.428571428571429,8.528571428571428,-2.157142857142857,2.0142857142857142,76.5,1.1572857142857145,100.0,7.735714285714286,0.0,30.77142857142857,229.57142857142856,1010.6857142857144,60.94285714285714,23.8,798
22.24285714285714,12.44285714285714,17.542857142857144,22.17142857142857,12.228571428571428,17.52857142857143,72.24285714285715,0.744,57.142857142857146,3.571428571428572,0.0,14.9,167.32857142857142,1020.2857142857144,44.41428571428571,14.514285714285714,796
11.271428571428572,7.957142857142857,9.585714285714284,11.271428571428572,6.814285714285715,9.214285714285714,94.18571428571428,3.1974285714285715,100.0,6.547142857142857,0.0,15.914285714285716,137.8,1007.3571428571428,84.48571428571428,5.514285714285714,849
11.2,7.028571428571429,8.971428571428572,10.385714285714286,5.1571428571428575,7.828571428571428,91.05714285714284,0.5934285714285714,71.42857142857143,2.9785714285714286,0.0,18.185714285714287,158.21428571428572,1004.9285714285714,86.44285714285715,9.7,854
18.0,12.085714285714284,14.614285714285714,18.0,11.87142857142857,14.6,86.05714285714285,2.702142857142857,85.71428571428571,6.548571428571429,0.0,16.54285714285714,142.02857142857144,1019.1142857142858,76.52857142857144,14.085714285714284,793
20.542857142857144,12.37142857142857,15.757142857142856,20.542857142857144,12.37142857142857,15.757142857142856,85.31428571428572,2.094857142857143,85.71428571428571,4.762857142857143,0.0,21.428571428571427,51.4,1018.3285714285714,72.88571428571429,13.614285714285714,843
16.871428571428574,8.714285714285714,12.742857142857144,16.871428571428574,7.985714285714286,12.5,82.82857142857142,0.8084285714285715,57.142857142857146,4.762857142857143,0.0,24.24285714285714,180.2,1017.3714285714286,74.98571428571428,16.914285714285715,752
7.614285714285714,3.6,5.442857142857143,5.1571428571428575,0.3000000000000001,2.4714285714285715,90.52857142857144,4.916285714285714,85.71428571428571,9.524285714285714,0.0,24.057142857142857,98.28571428571428,1007.2428571428572,78.27142857142857,24.585714285714285,862
25.442857142857143,13.085714285714284,19.342857142857145,25.185714285714287,12.94285714285714,19.314285714285717,62.34285714285714,0.0038571428571428,14.285714285714286,0.5957142857142858,0.0,21.957142857142856,190.2428571428572,1018.0,42.17142857142857,28.914285714285715,787
12.771428571428572,4.485714285714286,8.714285714285714,12.771428571428572,2.2857142857142856,7.557142857142857,74.2,0.0,0.0,0.0,0.0,18.428571428571427,252.17142857142855,1024.9142857142856,67.51428571428572,14.585714285714284,846
12.742857142857144,7.457142857142857,9.814285714285717,12.742857142857144,5.485714285714286,8.871428571428572,88.02857142857144,1.1235714285714284,100.0,11.905714285714286,0.0,17.37142857142857,81.72857142857141,1022.6,70.22857142857143,18.228571428571428,797
14.842857142857143,7.8428571428571425,11.414285714285716,14.842857142857143,7.028571428571429,11.157142857142857,85.47142857142856,0.3382857142857142,100.0,5.3585714285714285,0.0,15.44285714285714,104.57142857142856,1020.8857142857142,50.385714285714286,16.885714285714286,743
21.714285714285715,12.62857142857143,16.97142857142857,21.714285714285715,12.62857142857143,16.97142857142857,80.55714285714285,0.2404285714285714,71.42857142857143,4.762857142857143,0.0,17.2,211.32857142857145,1018.4142857142856,64.18571428571428,17.157142857142855,707
12.614285714285714,6.228571428571429,9.228571428571428,12.614285714285714,4.628571428571428,8.3,89.65714285714286,1.5737142857142856,85.71428571428571,8.332857142857142,0.0,19.485714285714288,208.55714285714288,1011.1714285714286,71.22857142857143,16.67142857142857,881
16.314285714285713,10.214285714285714,13.142857142857142,16.314285714285713,9.785714285714286,13.028571428571428,89.12857142857142,1.18,100.0,7.141428571428572,0.0,17.22857142857143,253.18571428571428,1015.6428571428572,89.28571428571429,9.6,766
17.37142857142857,8.957142857142857,13.257142857142856,17.37142857142857,7.942857142857143,12.985714285714286,80.75714285714285,0.1534285714285714,71.42857142857143,5.357142857142857,0.0,16.928571428571427,186.7428571428572,1020.1428571428572,63.54285714285714,14.814285714285717,722
15.55714285714286,9.757142857142856,12.514285714285714,15.55714285714286,8.72857142857143,12.3,77.77142857142857,0.0072857142857142,71.42857142857143,2.9785714285714286,0.0,20.62857142857143,191.05714285714288,1023.2142857142856,79.34285714285714,22.785714285714285,749
11.714285714285714,2.4857142857142853,7.014285714285714,11.37142857142857,-0.4142857142857142,5.1571428571428575,71.84285714285714,1.4517142857142855,28.571428571428573,3.571428571428572,0.5142857142857143,20.02857142857143,161.94285714285712,1021.4142857142856,52.02857142857143,22.75714285714286,846
7.557142857142857,3.685714285714286,5.571428571428571,5.442857142857143,-0.2142857142857142,2.742857142857143,86.85714285714286,0.8107142857142857,57.142857142857146,2.382857142857143,0.0,26.714285714285715,198.54285714285717,1011.9142857142856,71.71428571428571,15.585714285714284,889
11.857142857142858,5.871428571428572,8.871428571428572,11.242857142857144,3.7,7.542857142857144,84.07142857142857,1.0107142857142857,100.0,7.74,0.0,22.057142857142857,245.37142857142857,1012.5,50.55714285714286,19.857142857142858,810
10.728571428571428,3.314285714285714,7.014285714285714,9.385714285714286,0.4285714285714285,4.7,80.74285714285715,0.4275714285714286,42.85714285714285,1.7871428571428571,0.0,27.971428571428568,209.9142857142857,1023.7428571428572,75.47142857142858,12.271428571428572,885
20.714285714285715,12.285714285714286,15.9,20.61428571428572,11.428571428571429,15.62857142857143,69.7,0.8357142857142856,71.42857142857143,5.954285714285715,0.0,24.7,239.2,1016.3,47.04285714285714,22.442857142857143,688
15.814285714285717,7.899999999999999,11.785714285714286,15.814285714285717,6.585714285714286,11.44285714285714,84.91428571428571,2.401142857142857,100.0,11.907142857142858,0.0,17.157142857142855,227.65714285714284,1016.5142857142856,62.22857142857144,23.214285714285715,822
13.157142857142857,7.357142857142857,10.228571428571428,13.014285714285714,5.928571428571429,9.514285714285714,83.95714285714287,1.2898571428571428,71.42857142857143,4.167142857142857,0.0,22.142857142857142,199.18571428571428,1011.3,68.44285714285715,18.728571428571428,791
20.25714285714286,13.414285714285716,16.52857142857143,20.25714285714286,13.328571428571427,16.514285714285712,84.04285714285713,5.887714285714286,85.71428571428571,11.311428571428571,0.0,14.44285714285714,235.4,1014.4857142857144,60.285714285714285,16.071428571428573,712
10.828571428571427,4.971428571428571,7.942857142857143,9.757142857142856,1.5571428571428572,5.542857142857143,81.52857142857144,2.121142857142857,100.0,5.952857142857143,0.0,32.25714285714286,242.9,1006.0857142857144,77.34285714285714,16.82857142857143,922
18.385714285714283,10.928571428571429,14.7,18.385714285714283,10.928571428571429,14.7,80.7,4.801285714285714,100.0,8.930000000000001,0.0,20.3,228.04285714285717,1015.0142857142856,47.471428571428575,15.400000000000002,668
15.571428571428571,9.44285714285714,12.385714285714286,15.571428571428571,7.828571428571428,11.671428571428573,83.15714285714286,1.037857142857143,85.71428571428571,5.952857142857143,0.0,20.414285714285715,224.4,1021.8571428571428,67.72857142857143,21.042857142857144,801
16.085714285714285,7.114285714285714,11.62857142857143,16.085714285714285,5.5,11.12857142857143,73.0142857142857,0.5778571428571428,57.142857142857146,3.571428571428572,0.0,22.8,152.74285714285716,1016.842857142857,61.44285714285714,16.342857142857145,772
10.342857142857143,2.442857142857143,5.671428571428572,9.957142857142856,0.0571428571428571,3.914285714285714,88.39999999999999,1.683857142857143,100.0,9.524285714285714,0.0,18.528571428571432,272.6142857142857,1029.242857142857,54.1,12.085714285714284,864
13.828571428571427,7.885714285714286,10.814285714285717,13.828571428571427,5.028571428571429,9.757142857142856,84.0,0.889,71.42857142857143,4.761428571428572,0.0,33.81428571428572,210.44285714285712,1001.2428571428572,84.58571428571429,18.314285714285717,1019
16.342857142857145,8.471428571428572,12.185714285714283,16.342857142857145,7.571428571428571,11.857142857142858,83.8,2.507285714285714,100.0,11.905714285714286,0.0,16.32857142857143,170.6,1000.1,72.02857142857142,19.571428571428573,747
4.985714285714286,1.1142857142857143,2.957142857142857,2.571428571428572,-1.9142857142857144,0.1142857142857143,86.42857142857143,0.2151428571428571,85.71428571428571,5.954285714285715,0.0142857142857142,15.642857142857142,191.65714285714284,1011.6142857142858,48.04285714285714,16.842857142857145,882
14.342857142857143,3.7142857142857135,8.528571428571428,13.485714285714286,0.8571428571428571,6.671428571428572,73.22857142857143,0.0032857142857142,28.571428571428573,1.1914285714285715,0.0,23.0,69.87142857142858,1024.5,52.771428571428565,14.257142857142858,956
12.028571428571428,3.2142857142857144,7.471428571428571,11.62857142857143,0.9285714285714286,5.7,76.74285714285715,2.770142857142857,57.142857142857146,5.357142857142857,0.0,22.3,124.51428571428572,1008.5714285714286,57.61428571428571,13.842857142857143,840
12.62857142857143,4.685714285714285,8.571428571428571,12.142857142857142,2.2,7.171428571428572,73.71428571428571,0.3345714285714286,100.0,8.928571428571429,0.0,19.25714285714286,249.7428571428572,1017.4714285714286,51.785714285714285,22.814285714285717,767
13.914285714285716,5.571428571428571,9.542857142857144,13.914285714285716,2.771428571428572,8.3,70.72857142857143,0.6264285714285714,71.42857142857143,4.168571428571428,0.0,24.557142857142857,188.77142857142857,1020.9571428571428,65.65714285714286,22.428571428571427,853
13.042857142857144,3.142857142857143,8.171428571428573,12.657142857142857,0.4,6.714285714285714,67.31428571428572,0.2844285714285714,42.85714285714285,3.571428571428572,0.0,21.957142857142856,161.07142857142858,1019.8142857142856,46.957142857142856,28.3,790
10.742857142857144,4.371428571428572,7.114285714285714,10.071428571428571,1.3,4.8,85.85714285714286,2.360285714285714,85.71428571428571,4.762857142857143,0.0,28.2,153.81428571428572,1002.6714285714286,86.74285714285715,11.4,784
9.185714285714283,4.228571428571429,6.514285714285714,7.814285714285715,0.3999999999999999,3.857142857142857,84.32857142857142,0.2761428571428571,42.85714285714285,2.381428571428572,0.0,22.75714285714286,62.71428571428572,1023.2,92.64285714285714,8.942857142857143,919
12.042857142857144,6.728571428571429,9.042857142857144,11.928571428571429,4.871428571428572,7.785714285714286,87.14285714285714,3.211,71.42857142857143,7.144285714285715,0.0,22.27142857142857,152.25714285714284,1008.8571428571428,60.5,15.171428571428573,734
20.857142857142858,12.94285714285714,16.62857142857143,20.857142857142858,12.94285714285714,16.62857142857143,76.62857142857142,4.871857142857143,100.0,8.332857142857142,0.0,16.814285714285713,230.7142857142857,1014.2285714285716,71.42857142857143,18.585714285714285,739
9.828571428571427,4.328571428571428,6.671428571428572,8.871428571428572,1.0857142857142856,4.571428571428571,86.27142857142857,1.572142857142857,85.71428571428571,8.332857142857142,0.0,21.685714285714287,224.7428571428572,1019.3142857142856,76.67142857142858,17.357142857142858,846
14.885714285714286,7.585714285714286,11.12857142857143,14.885714285714286,6.514285714285714,10.771428571428572,79.60000000000001,1.953857142857143,57.142857142857146,2.9771428571428573,0.0,25.0,193.42857142857144,1012.7285714285716,64.22857142857143,19.814285714285717,820
13.857142857142858,5.5,9.485714285714286,13.857142857142858,2.8285714285714287,7.857142857142857,76.91428571428571,0.4209999999999999,42.85714285714285,2.381428571428572,0.0,24.7,234.18571428571428,1017.842857142857,65.57142857142857,16.942857142857143,896
5.371428571428572,0.7000000000000001,3.0142857142857147,3.571428571428572,-2.1,0.7,90.81428571428572,0.6034285714285714,71.42857142857143,4.761428571428572,0.0,17.6,188.17142857142855,1024.6285714285714,81.81428571428572,7.1571428571428575,966
8.514285714285714,4.9,6.757142857142857,7.185714285714285,2.4857142857142853,4.842857142857143,89.82857142857142,0.2924285714285714,85.71428571428571,5.357142857142857,0.0,19.242857142857144,195.5142857142857,1013.9142857142858,77.84285714285714,8.514285714285714,941
7.642857142857143,2.771428571428572,5.3,5.585714285714286,-1.385714285714286,1.957142857142857,82.61428571428571,2.5344285714285717,85.71428571428571,7.142857142857143,0.0,28.385714285714283,241.9857142857143,993.3142857142856,45.67142857142857,23.02857142857143,1027
7.442857142857143,1.5142857142857142,4.442857142857143,3.957142857142857,-2.2,0.5142857142857142,82.31428571428572,3.1822857142857144,100.0,11.905714285714286,0.0285714285714285,32.114285714285714,203.47142857142856,985.0571428571428,62.05714285714286,22.357142857142858,893
15.37142857142857,7.399999999999999,11.0,15.37142857142857,5.614285714285714,10.342857142857143,81.84285714285714,0.8712857142857143,42.85714285714285,1.7871428571428571,0.0,30.3,208.12857142857143,1014.0142857142856,59.97142857142857,19.77142857142857,886
8.971428571428572,4.428571428571429,6.957142857142857,7.471428571428571,1.9,4.9,88.58571428571429,0.3525714285714286,100.0,7.738571428571428,0.0571428571428571,19.514285714285712,251.27142857142857,1016.9714285714286,58.51428571428572,16.585714285714285,854
20.928571428571427,12.285714285714286,16.72857142857143,20.928571428571427,12.285714285714286,16.72857142857143,74.35714285714286,1.675857142857143,28.571428571428573,2.9771428571428578,0.0,17.82857142857143,195.77142857142857,1017.9285714285714,67.08571428571429,23.728571428571428,776
20.885714285714283,10.985714285714286,15.914285714285716,20.885714285714283,10.5,15.885714285714286,66.42857142857143,0.0227142857142857,14.285714285714286,0.5957142857142858,0.0,22.014285714285712,190.08571428571423,1019.6714285714286,63.48571428571428,29.82857142857143,765
8.385714285714286,3.4285714285714284,5.642857142857143,7.385714285714286,0.5999999999999999,3.5285714285714285,93.08571428571427,0.1182857142857143,100.0,7.144285714285715,0.2857142857142857,17.285714285714285,257.3285714285714,1029.0142857142855,74.75714285714285,10.2,1029
5.7,1.2285714285714284,3.6142857142857134,3.3857142857142857,-1.9,0.7142857142857143,79.78571428571429,0.2045714285714285,85.71428571428571,7.737142857142857,0.0,21.385714285714283,285.0142857142857,1024.0,70.48571428571428,12.471428571428572,1077
15.185714285714283,8.328571428571427,11.228571428571428,15.185714285714283,6.685714285714285,10.714285714285714,77.74285714285715,2.3272857142857144,71.42857142857143,8.332857142857142,0.0,23.928571428571427,218.67142857142855,1008.2857142857144,53.72857142857144,21.085714285714285,754
10.685714285714283,3.257142857142857,7.085714285714286,9.685714285714283,1.2,5.514285714285713,75.05714285714285,0.4005714285714285,71.42857142857143,7.737142857142857,0.0,17.95714285714286,87.45714285714287,1014.2428571428572,45.31428571428571,19.885714285714283,788
16.442857142857143,8.8,12.3,16.442857142857143,7.771428571428571,12.042857142857144,82.22857142857143,2.607142857142857,57.142857142857146,2.382857142857143,0.0,18.342857142857145,213.9857142857143,1012.0142857142856,85.57142857142857,14.1,751
23.542857142857144,14.642857142857142,18.8,23.542857142857144,14.642857142857142,18.8,72.85714285714286,0.3271428571428571,57.142857142857146,2.9771428571428573,0.0,20.042857142857144,240.3571428571429,1012.342857142857,68.38571428571429,27.728571428571428,760
16.785714285714285,9.185714285714283,12.728571428571428,16.785714285714285,8.057142857142857,12.457142857142856,80.48571428571428,1.1965714285714284,57.142857142857146,3.571428571428572,0.0,28.77142857142857,198.92857142857144,1007.8571428571428,69.35714285714286,25.285714285714285,803
14.0,3.457142857142857,8.385714285714286,13.72857142857143,2.0142857142857147,7.614285714285714,80.17142857142858,0.535,71.42857142857143,5.357142857142857,0.0,11.671428571428573,188.57142857142856,1027.7285714285713,37.04285714285714,7.057142857142857,904
9.028571428571428,3.4285714285714284,6.328571428571429,7.3,-0.0142857142857143,3.4285714285714284,83.27142857142857,1.0578571428571428,85.71428571428571,8.928571428571429,0.0,27.1,247.67142857142855,1008.6,60.34285714285714,18.057142857142857,904
7.771428571428571,1.542857142857143,4.4,4.271428571428571,-2.742857142857143,0.2857142857142857,83.65714285714286,1.1437142857142857,100.0,5.3585714285714285,0.0,33.714285714285715,232.7,1001.8857142857142,53.98571428571429,25.842857142857145,992
10.571428571428571,6.128571428571428,8.214285714285714,9.971428571428572,2.857142857142857,6.071428571428571,83.27142857142857,2.257285714285714,85.71428571428571,4.764285714285714,0.0,27.65714285714285,244.4857142857143,1014.9,69.08571428571427,21.457142857142856,783
18.585714285714285,12.87142857142857,15.171428571428573,18.585714285714285,12.87142857142857,15.171428571428573,91.74285714285716,0.0952857142857142,71.42857142857143,5.952857142857143,0.0,16.9,41.75714285714286,1018.2285714285716,85.24285714285715,6.542857142857144,753
11.057142857142855,4.928571428571429,7.742857142857143,10.2,2.657142857142857,6.242857142857143,78.81428571428572,0.5334285714285715,57.142857142857146,3.571428571428572,0.0,17.771428571428572,128.4142857142857,1010.0714285714286,77.60000000000001,10.728571428571428,925
15.471428571428572,6.642857142857143,11.042857142857144,15.471428571428572,4.985714285714286,10.142857142857142,74.57142857142857,0.233,85.71428571428571,4.762857142857143,0.0,24.11428571428572,211.8428571428572,1011.0,67.85714285714286,19.957142857142856,814
21.014285714285712,11.471428571428572,16.442857142857143,21.014285714285712,11.471428571428572,16.442857142857143,76.92857142857143,3.318142857142857,57.142857142857146,5.357142857142857,0.0,18.985714285714288,201.14285714285717,1019.9142857142856,57.07142857142857,19.914285714285715,803
9.085714285714284,2.757142857142857,5.385714285714286,7.228571428571429,-0.9142857142857144,2.3285714285714287,78.24285714285715,0.0422857142857142,28.571428571428573,1.1914285714285715,0.0,24.02857142857143,131.17142857142858,1027.2285714285715,75.48571428571428,17.97142857142857,835
26.842857142857145,16.457142857142856,21.285714285714285,26.857142857142858,16.457142857142856,21.285714285714285,70.17142857142856,3.7887142857142857,71.42857142857143,5.952857142857143,0.0,14.257142857142856,193.8571428571429,1016.7,38.3,15.4,816
12.4,5.142857142857143,8.871428571428572,12.4,2.542857142857143,7.414285714285714,86.71428571428571,3.886,100.0,8.927142857142858,0.0,23.1,199.54285714285717,1006.6428571428572,56.75714285714286,15.257142857142858,766
9.1,5.585714285714286,7.285714285714286,7.528571428571429,2.1142857142857143,4.485714285714286,91.24285714285716,2.373857142857143,85.71428571428571,5.951428571428571,0.0,29.014285714285712,151.79999999999998,993.4,89.11428571428571,9.528571428571428,1176
18.885714285714283,12.428571428571429,15.7,18.885714285714283,12.214285714285714,15.685714285714283,69.72857142857143,0.3741428571428571,71.42857142857143,6.547142857142857,0.0,20.514285714285712,242.1,1011.2571428571428,58.24285714285714,19.842857142857145,758
13.842857142857143,3.9,8.585714285714285,13.842857142857143,1.7857142857142858,7.414285714285714,75.89999999999999,0.0,0.0,0.0,0.0,18.37142857142857,193.07142857142856,1023.9857142857144,59.74285714285714,14.05714285714286,870
11.385714285714286,3.2142857142857144,7.228571428571429,11.05714285714286,0.2142857142857143,5.1571428571428575,77.7,0.314,71.42857142857143,4.762857142857143,0.0,25.12857142857143,178.05714285714288,1024.3428571428572,66.18571428571428,20.37142857142857,851
3.8857142857142857,-0.1428571428571428,1.8714285714285717,1.6285714285714286,-3.1714285714285717,-0.6857142857142857,92.38571428571429,1.2838571428571428,100.0,13.691428571428572,3.2142857142857144,16.9,162.97142857142856,1002.0571428571428,61.32857142857143,8.77142857142857,815
16.385714285714286,9.94285714285714,13.12857142857143,16.385714285714286,9.285714285714286,12.914285714285716,78.62857142857142,1.4979999999999998,71.42857142857143,4.761428571428572,0.0,22.557142857142857,153.64285714285714,1015.0428571428572,83.04285714285713,18.114285714285717,769
9.05714285714286,5.014285714285714,6.857142857142857,8.0,2.271428571428572,5.028571428571429,89.17142857142858,0.1072857142857142,42.85714285714285,1.7871428571428571,0.0,22.514285714285712,226.7142857142857,1022.7857142857144,77.61428571428571,11.857142857142858,956
18.1,11.885714285714286,14.828571428571427,18.1,11.414285714285716,14.757142857142856,80.75714285714285,0.9247142857142856,85.71428571428571,3.5742857142857143,0.0,22.485714285714284,286.18571428571425,1015.7857142857144,79.21428571428571,25.52857142857143,776
7.942857142857143,4.014285714285714,6.114285714285714,7.285714285714286,1.4285714285714286,4.3,79.42857142857143,0.197,42.85714285714285,3.5700000000000003,0.0,18.585714285714285,283.18571428571425,1037.6,91.35714285714286,20.857142857142858,947
18.1,10.257142857142856,14.2,18.1,9.5,14.028571428571428,81.92857142857143,0.7575714285714286,42.85714285714285,2.381428571428572,0.0,24.714285714285715,215.78571428571428,1014.4142857142856,79.51428571428572,18.014285714285712,704
6.271428571428571,0.6142857142857144,3.142857142857143,4.0,-3.3000000000000003,-1.2688263138573214e-16,85.12857142857142,0.436,42.85714285714285,2.381428571428572,0.0,21.357142857142858,136.82857142857142,1019.7142857142856,84.48571428571428,12.0,862
4.471428571428571,0.3142857142857143,2.1142857142857143,0.4285714285714285,-4.214285714285714,-1.9142857142857144,85.12857142857142,0.5851428571428572,42.85714285714285,3.5700000000000003,0.0,25.142857142857142,97.12857142857142,1017.8857142857142,73.91428571428571,7.557142857142857,881
7.228571428571429,1.5,4.428571428571429,5.4,-0.742857142857143,2.3714285714285714,85.74285714285713,0.6774285714285714,85.71428571428571,5.357142857142857,0.0,18.75714285714286,243.54285714285717,1014.9571428571428,70.81428571428572,13.1,784
7.814285714285715,3.5,5.628571428571428,5.642857142857143,1.4428571428571428,3.457142857142857,89.15714285714286,1.1294285714285714,57.142857142857146,5.355714285714286,0.0,18.75714285714286,195.14285714285717,1019.5,76.62857142857142,7.328571428571428,900
7.1571428571428575,3.071428571428572,5.5,5.442857142857143,0.2857142857142857,2.9857142857142853,86.18571428571428,1.5491428571428572,71.42857142857143,3.5728571428571425,0.0,25.15714285714285,147.6,1011.6,78.34285714285714,16.614285714285714,1224
14.171428571428573,7.299999999999999,10.785714285714286,13.985714285714286,5.171428571428571,9.728571428571428,75.21428571428571,2.632571428571429,71.42857142857143,8.332857142857142,0.0,25.457142857142856,202.7142857142857,1011.8857142857142,66.75714285714285,45.52857142857143,774
19.042857142857144,10.485714285714286,14.528571428571428,19.042857142857144,10.028571428571428,14.44285714285714,70.31428571428572,0.0674285714285714,14.285714285714286,0.5957142857142858,0.0,12.457142857142856,202.5,1027.4714285714283,72.5,15.8,744
12.87142857142857,6.471428571428571,8.971428571428572,12.87142857142857,4.371428571428571,7.685714285714285,86.14285714285714,0.0017142857142857,28.571428571428573,1.1914285714285715,0.0,18.17142857142857,61.92857142857143,1030.4571428571428,58.74285714285714,7.7,750
18.457142857142856,11.1,14.328571428571427,18.457142857142856,10.885714285714286,14.314285714285717,80.91428571428571,4.196714285714285,100.0,13.095714285714283,0.0,16.585714285714285,241.54285714285717,1010.5,57.885714285714286,21.2,655
14.428571428571429,8.6,11.328571428571427,14.428571428571429,7.0,10.814285714285717,80.71428571428571,0.2551428571428571,14.285714285714286,0.5957142857142858,0.0,20.142857142857142,113.31428571428572,1015.657142857143,79.84285714285714,15.62857142857143,826
7.057142857142857,2.4428571428571426,4.542857142857143,5.371428571428572,-0.7000000000000001,1.8,86.08571428571429,0.8415714285714285,71.42857142857143,6.547142857142857,0.0,19.685714285714287,181.1142857142857,1017.0857142857142,67.27142857142857,17.085714285714285,824
13.285714285714286,7.414285714285714,10.0,13.285714285714286,4.928571428571429,8.928571428571429,90.72857142857144,6.722714285714287,100.0,10.715714285714286,0.0,20.9,135.22857142857143,1002.0285714285714,54.58571428571429,27.728571428571428,737
14.271428571428572,8.814285714285715,11.4,14.271428571428572,7.171428571428571,10.757142857142856,82.84285714285714,0.3171428571428571,57.142857142857146,2.382857142857143,0.0,24.985714285714288,139.6,1012.7,78.89999999999999,15.05714285714286,775
18.314285714285717,12.042857142857144,15.014285714285716,18.314285714285717,12.042857142857144,15.014285714285716,80.32857142857142,0.8505714285714285,57.142857142857146,5.952857142857143,0.0,19.042857142857144,261.51428571428573,1014.7714285714284,53.471428571428575,24.342857142857145,707
8.571428571428571,0.8428571428571429,4.385714285714285,7.614285714285714,-2.3428571428571425,1.985714285714285,88.44285714285715,1.457,71.42857142857143,7.738571428571428,0.0,20.914285714285715,146.52857142857144,1003.6428571428572,64.58571428571429,9.528571428571428,934
13.714285714285714,6.842857142857143,10.042857142857144,13.714285714285714,4.257142857142857,8.814285714285715,78.60000000000001,3.3994285714285715,85.71428571428571,7.144285714285715,0.0,27.12857142857143,85.37142857142858,1015.1428571428572,63.22857142857144,18.7,741
14.828571428571427,8.442857142857143,11.342857142857143,14.357142857142858,6.642857142857143,10.5,82.47142857142856,0.7788571428571428,100.0,5.952857142857143,0.0,23.642857142857142,192.97142857142856,1010.3285714285714,82.81428571428572,13.571428571428571,840
9.485714285714286,2.585714285714286,5.914285714285714,7.928571428571429,-0.3714285714285714,3.7,69.71428571428571,0.0802857142857143,42.85714285714285,2.381428571428572,0.0,22.54285714285714,200.72857142857143,1022.6857142857144,48.51428571428572,22.142857142857142,889
21.81428571428572,12.8,17.54285714285714,21.81428571428572,12.8,17.54285714285714,74.0,0.7212857142857142,71.42857142857143,7.737142857142857,0.0,21.12857142857143,199.52857142857144,1014.5428571428572,75.24285714285715,27.11428571428572,778
15.171428571428567,5.957142857142857,10.271428571428572,15.171428571428567,3.9,9.228571428571428,76.97142857142856,0.1035714285714285,85.71428571428571,8.335714285714285,0.0,24.65714285714285,136.5857142857143,1011.0857142857144,54.12857142857143,9.2,786
7.814285714285715,1.9857142857142855,4.871428571428572,5.085714285714286,-2.085714285714286,1.1857142857142855,80.55714285714285,0.7227142857142858,57.142857142857146,2.382857142857143,0.0,32.642857142857146,200.52857142857144,1009.7428571428572,70.65714285714286,20.0,902
13.885714285714286,4.514285714285714,8.914285714285715,13.885714285714286,3.2,8.114285714285714,69.4,0.0002857142857142,28.571428571428573,1.1914285714285715,102.0,17.32857142857143,162.72857142857143,1029.8428571428572,49.21428571428572,21.042857142857144,749
9.957142857142856,4.5,7.1000000000000005,9.44285714285714,0.7428571428571428,4.842857142857143,80.68571428571428,1.739857142857143,85.71428571428571,11.31,0.0,30.442857142857147,234.68571428571428,1012.1,58.285714285714285,21.942857142857143,869
18.457142857142856,11.685714285714283,14.8,18.457142857142856,11.414285714285716,14.771428571428572,78.91428571428571,2.807857142857143,85.71428571428571,5.357142857142857,0.0,23.057142857142857,236.2428571428572,1010.6857142857144,72.78571428571429,21.02857142857143,740
13.44285714285714,8.0,10.714285714285714,13.44285714285714,6.685714285714285,10.285714285714286,79.62857142857142,0.9901428571428572,57.142857142857146,2.382857142857143,0.0,15.62857142857143,225.02857142857144,1020.7428571428572,82.55714285714285,18.65714285714285,788
5.042857142857143,0.6857142857142857,2.7285714285714286,3.2285714285714286,-2.057142857142857,0.2571428571428572,85.0,0.1624285714285714,100.0,5.3585714285714285,0.0,18.942857142857143,135.1142857142857,1034.8714285714286,75.91428571428571,12.914285714285716,1004
21.514285714285712,11.5,16.385714285714286,21.514285714285712,11.5,16.385714285714286,67.45714285714286,0.1531428571428571,28.571428571428573,1.7857142857142858,0.0,16.285714285714285,178.35714285714286,1021.0571428571428,61.12857142857143,24.27142857142857,755
10.885714285714286,7.6571428571428575,9.271428571428572,10.3,5.4,7.728571428571429,94.67142857142858,1.0742857142857145,100.0,8.334285714285715,0.0,18.428571428571427,167.4857142857143,1017.4857142857144,71.04285714285714,6.914285714285716,764
21.414285714285715,13.62857142857143,17.271428571428572,21.414285714285715,13.62857142857143,17.271428571428572,75.02857142857144,0.0692857142857142,71.42857142857143,5.357142857142857,0.0,25.142857142857142,229.3571428571429,1014.1857142857144,47.785714285714285,22.514285714285712,692
14.528571428571428,9.171428571428573,11.642857142857142,14.528571428571428,7.628571428571428,11.257142857142856,79.51428571428572,0.3977142857142857,85.71428571428571,4.168571428571428,0.0,21.27142857142857,278.8,1018.8714285714286,78.8,23.485714285714288,825
19.82857142857143,11.0,15.4,19.82857142857143,10.771428571428572,15.385714285714286,69.68571428571428,0.3498571428571428,57.142857142857146,4.167142857142857,0.0,17.942857142857143,276.2285714285714,1015.8285714285714,48.51428571428572,27.5,744
6.385714285714285,2.442857142857143,4.514285714285714,4.128571428571428,-0.3999999999999999,1.7714285714285716,88.12857142857142,6.042142857142857,85.71428571428571,9.524285714285714,0.0,23.15714285714285,184.27142857142852,1008.1,51.885714285714286,18.242857142857144,781
6.814285714285715,0.7142857142857143,3.8,4.6571428571428575,-2.757142857142857,0.7428571428571429,81.78571428571429,2.374,57.142857142857146,7.738571428571428,1.0,24.02857142857143,182.3428571428572,1008.3285714285714,71.62857142857142,21.12857142857143,929
7.2,2.7857142857142856,5.057142857142858,5.457142857142857,-0.4142857142857142,2.642857142857143,88.61428571428571,1.224,85.71428571428571,4.762857142857143,0.0,19.65714285714285,253.6142857142857,1009.9857142857144,74.94285714285715,9.957142857142856,887
8.2,1.6428571428571428,4.685714285714285,5.1571428571428575,-2.3000000000000003,1.1714285714285717,76.97142857142856,0.9658571428571427,100.0,7.141428571428572,0.0,29.785714285714285,247.5142857142857,1002.7,64.67142857142856,25.3,808
14.44285714285714,6.742857142857143,10.37142857142857,13.771428571428572,4.814285714285715,9.128571428571428,66.72857142857143,0.0048571428571428,42.85714285714285,1.7871428571428571,0.0,20.9,169.21428571428572,1015.9571428571428,67.74285714285715,28.17142857142857,843
4.771428571428572,-0.7571428571428571,1.542857142857143,1.6428571428571428,-5.185714285714285,-2.0285714285714285,87.04285714285713,1.208714285714286,28.571428571428573,1.7857142857142858,0.0,21.74285714285714,159.54285714285714,1014.1,72.52857142857142,4.1,922
18.77142857142857,10.685714285714283,14.4,18.77142857142857,10.571428571428571,14.37142857142857,82.8,3.375714285714285,57.142857142857146,4.1657142857142855,0.0,25.185714285714287,120.74285714285712,1017.0285714285714,58.971428571428575,16.52857142857143,773
20.82857142857143,11.357142857142858,15.9,20.82857142857143,11.27142857142857,15.9,77.71428571428571,0.1874285714285714,57.142857142857146,3.5728571428571425,0.0,18.15714285714285,163.35714285714286,1021.9571428571428,47.271428571428565,17.54285714285714,735
19.014285714285712,10.971428571428572,15.171428571428573,19.014285714285712,10.842857142857143,15.157142857142857,71.82857142857142,0.4271428571428571,71.42857142857143,7.141428571428572,0.0,21.471428571428568,205.58571428571423,1011.9,68.18571428571428,25.2,674
20.47142857142857,12.542857142857144,16.285714285714285,20.47142857142857,12.485714285714286,16.271428571428572,77.35714285714286,0.3662857142857142,71.42857142857143,4.761428571428572,0.0,21.585714285714285,172.42857142857142,1010.5285714285714,80.31428571428572,21.928571428571427,718
17.071428571428573,11.814285714285717,14.257142857142856,17.071428571428573,11.357142857142858,14.214285714285714,90.32857142857142,8.413142857142857,85.71428571428571,9.522857142857143,0.0,19.714285714285715,196.28571428571428,1003.3714285714286,57.0,15.028571428571428,680
7.471428571428571,1.1285714285714286,4.1571428571428575,5.857142857142857,-3.5285714285714285,0.9857142857142857,87.7,1.1561428571428571,100.0,4.764285714285714,0.0,26.27142857142857,256.9142857142857,1022.1714285714286,55.62857142857143,6.942857142857142,894
7.228571428571429,0.7,3.7,4.485714285714286,-3.0,0.3714285714285714,71.92857142857143,1.2292857142857143,100.0,5.952857142857143,0.0,24.557142857142857,256.81428571428575,999.4,75.92857142857143,19.4,892
15.014285714285714,7.471428571428571,11.214285714285714,15.014285714285714,6.342857142857143,10.471428571428572,71.34285714285714,0.2804285714285714,42.85714285714285,2.381428571428572,0.0,25.52857142857143,219.17142857142855,1017.1714285714286,72.71428571428571,23.11428571428572,818
7.928571428571429,3.942857142857143,5.814285714285715,5.885714285714286,-0.6999999999999996,2.5285714285714285,85.91428571428571,5.319000000000001,85.71428571428571,4.762857142857143,6.5,32.8,134.4714285714286,1013.6714285714286,90.01428571428572,13.085714285714284,900
18.442857142857143,11.614285714285714,14.8,18.442857142857143,11.4,14.785714285714286,79.94285714285715,5.365571428571428,85.71428571428571,8.927142857142858,0.0,19.2,231.7428571428572,1010.5571428571428,53.82857142857143,20.214285714285715,702
20.37142857142857,9.785714285714286,15.271428571428572,20.37142857142857,8.457142857142857,14.914285714285716,72.2,0.0,0.0,0.0,0.0,24.77142857142857,116.31428571428572,1020.1285714285714,40.471428571428575,13.8,734
17.242857142857144,4.957142857142857,10.457142857142856,17.242857142857144,3.442857142857143,9.785714285714286,69.34285714285714,0.0,0.0,0.0,0.0,13.142857142857142,167.25714285714284,1032.0857142857144,36.42857142857143,15.4,852
19.77142857142857,12.5,16.1,19.77142857142857,12.5,16.1,76.41428571428571,1.0134285714285716,71.42857142857143,6.548571428571429,0.0,18.514285714285712,239.62857142857143,1012.157142857143,72.77142857142857,21.77142857142857,763
1.757142857142857,-4.128571428571428,-0.914285714285714,-0.4285714285714285,-7.871428571428572,-3.857142857142857,87.84285714285714,1.9401428571428567,100.0,10.714285714285714,9.685714285714283,15.171428571428573,281.2142857142857,1012.9571428571428,47.12857142857143,9.4,876
20.87142857142857,10.228571428571428,15.4,20.87142857142857,10.028571428571428,15.385714285714286,76.42857142857143,0.3531428571428571,42.85714285714285,2.975714285714285,0.0,21.285714285714285,181.2142857142857,1016.6857142857144,48.91428571428571,12.528571428571428,654
16.571428571428573,8.528571428571428,12.485714285714286,16.571428571428573,7.514285714285714,12.185714285714283,72.77142857142857,0.6344285714285715,85.71428571428571,7.738571428571428,0.0,16.728571428571428,224.27142857142857,1015.2714285714284,83.71428571428571,19.2,761
17.22857142857143,11.342857142857143,14.0,17.22857142857143,10.785714285714286,13.94285714285714,82.85714285714286,0.652142857142857,57.142857142857146,2.9771428571428573,0.0,23.32857142857143,289.0857142857143,1012.3,84.78571428571429,20.557142857142857,706
4.914285714285714,0.7142857142857143,2.657142857142857,1.6857142857142855,-3.642857142857143,-0.9571428571428572,91.04285714285712,3.132714285714286,100.0,11.905714285714286,2.3,24.12857142857143,58.271428571428565,1006.2571428571428,90.27142857142856,12.55714285714286,910
7.757142857142857,2.3857142857142857,5.1571428571428575,4.514285714285714,-2.1,1.342857142857143,80.72857142857143,1.5662857142857145,85.71428571428571,4.168571428571428,0.0,35.871428571428574,273.45714285714286,1011.7714285714284,60.94285714285714,21.842857142857145,889
8.128571428571428,3.085714285714286,5.514285714285714,5.971428571428571,-0.3,2.7142857142857144,89.48571428571428,2.726,85.71428571428571,8.928571428571429,0.0,22.071428571428573,229.82857142857145,1000.6142857142858,58.871428571428574,14.242857142857144,829
8.657142857142857,2.542857142857143,5.728571428571429,6.842857142857143,-0.9285714285714286,2.942857142857143,80.81428571428572,1.0479999999999998,100.0,8.335714285714285,0.2857142857142857,26.77142857142857,260.87142857142857,1015.8285714285714,64.31428571428572,41.21428571428572,1114
10.857142857142858,4.242857142857143,7.328571428571428,10.1,0.5857142857142857,4.571428571428571,71.51428571428572,0.737,85.71428571428571,8.928571428571429,0.0,27.185714285714287,278.95714285714286,1011.8571428571428,53.7,21.75714285714286,772
16.114285714285714,9.885714285714286,12.8,16.114285714285714,9.071428571428571,12.614285714285714,83.42857142857143,6.542714285714285,100.0,10.12,0.0,17.314285714285713,237.44285714285712,1014.6142857142858,72.84285714285714,19.27142857142857,782
9.771428571428572,4.357142857142857,6.914285714285714,8.342857142857143,1.7,4.8,89.57142857142857,1.913857142857143,100.0,8.927142857142858,22.185714285714287,22.442857142857143,235.94285714285712,997.1428571428572,62.05714285714286,18.74285714285714,790
7.899999999999999,2.1142857142857143,4.685714285714285,5.385714285714286,-0.7857142857142857,1.9,85.42857142857143,1.6681428571428571,100.0,7.141428571428572,0.0,22.514285714285712,172.0142857142857,1000.9428571428572,87.3,12.05714285714286,815
7.942857142857143,2.3857142857142857,5.142857142857143,6.028571428571428,-0.6142857142857144,2.1,87.98571428571428,1.311,100.0,5.3585714285714285,0.0,27.285714285714285,183.67142857142855,1015.0571428571428,58.642857142857146,12.9,785
24.4,11.328571428571427,17.67142857142857,24.02857142857143,11.328571428571427,17.599999999999998,62.1,0.0004285714285714,14.285714285714286,0.5957142857142858,0.0,17.985714285714284,62.04285714285714,1022.6428571428572,54.31428571428571,30.02857142857143,750
8.042857142857143,2.642857142857143,5.214285714285714,6.2,-0.5142857142857143,2.7857142857142856,87.84285714285714,1.652285714285714,100.0,10.118571428571428,1.2285714285714284,20.4,255.1,1014.6285714285714,51.885714285714286,17.857142857142858,914
7.514285714285714,1.4428571428571428,4.571428571428571,6.2,-1.3,2.357142857142857,89.47142857142856,2.046,85.71428571428571,5.954285714285715,0.0,19.17142857142857,212.9857142857143,1001.4428571428572,61.55714285714286,13.44285714285714,873
19.185714285714287,12.042857142857144,15.228571428571428,19.185714285714287,11.885714285714286,15.214285714285714,75.39999999999999,0.4534285714285714,100.0,11.31,0.0,21.514285714285712,244.47142857142856,1009.4,61.62857142857143,24.75714285714286,711
18.071428571428573,11.814285714285717,14.671428571428573,18.071428571428573,11.428571428571429,14.614285714285714,87.37142857142858,4.487428571428572,100.0,10.715714285714286,0.0,16.214285714285715,182.4857142857143,1009.7571428571428,65.57142857142857,9.785714285714286,743
12.185714285714283,5.671428571428571,8.785714285714286,12.185714285714283,4.328571428571428,7.914285714285714,86.14285714285714,0.2164285714285714,28.571428571428573,1.1914285714285715,0.0,26.27142857142857,226.44285714285712,1023.7428571428572,65.75714285714285,12.685714285714283,778
19.47142857142857,12.114285714285714,15.585714285714284,19.47142857142857,11.957142857142856,15.571428571428571,77.01428571428572,1.732,100.0,11.308571428571428,0.0,18.814285714285717,258.07142857142856,1009.5714285714286,49.55714285714286,19.37142857142857,677
19.3,10.657142857142857,15.242857142857144,19.3,9.985714285714286,15.171428571428573,80.74285714285715,0.0,0.0,0.0,0.0,19.61428571428572,213.55714285714288,1009.2428571428572,78.05714285714285,16.32857142857143,756
8.742857142857144,3.042857142857143,6.228571428571429,6.742857142857143,-0.9428571428571428,2.642857142857143,76.12857142857142,1.2357142857142858,100.0,6.547142857142857,0.0,35.0,250.44285714285712,1014.0285714285714,75.37142857142858,22.385714285714283,940
14.214285714285714,8.72857142857143,11.5,14.214285714285714,7.614285714285714,11.157142857142857,79.89999999999999,0.3615714285714286,42.85714285714285,2.975714285714285,0.0,15.0,113.79999999999998,1021.5285714285714,89.74285714285715,10.87142857142857,718
10.4,4.914285714285714,7.828571428571428,9.314285714285717,2.3857142857142857,6.057142857142857,93.07142857142856,1.3048571428571427,100.0,12.5,0.0,23.4,233.52857142857144,1012.3166666666666,67.22857142857143,13.185714285714283,822
8.4,3.3714285714285714,5.757142857142857,5.885714285714286,-1.3714285714285714,2.0285714285714285,78.91428571428571,1.3585714285714283,71.42857142857143,4.167142857142857,0.0,41.57142857142857,219.37142857142857,1002.842857142857,70.58571428571429,23.685714285714287,947
6.385714285714286,1.4714285714285715,4.0,4.942857142857142,-1.1428571428571428,1.8571428571428568,91.05714285714284,1.0718571428571428,71.42857142857143,4.167142857142857,0.0,17.97142857142857,223.67142857142855,1019.4142857142856,73.47142857142856,7.371428571428572,953
21.5,12.2,16.642857142857142,21.65714285714285,11.828571428571427,16.642857142857142,78.41428571428571,0.1351428571428571,28.571428571428573,1.1914285714285715,70.0,21.314285714285717,213.82857142857145,1017.0571428571428,69.58571428571427,17.314285714285713,770
12.714285714285714,5.071428571428571,8.571428571428571,12.371428571428572,3.6714285714285713,7.357142857142857,83.11428571428573,0.1464285714285714,57.142857142857146,2.9771428571428573,0.0,19.11428571428572,112.95714285714288,1020.342857142857,62.42857142857143,19.357142857142858,811
8.057142857142857,1.157142857142857,4.485714285714286,6.271428571428571,-2.3285714285714287,2.2857142857142856,79.97142857142856,1.5545714285714285,71.42857142857143,4.761428571428572,2.8,17.342857142857145,185.8428571428572,1014.4,72.21428571428571,13.514285714285714,832
17.985714285714288,10.742857142857144,14.2,17.985714285714288,10.428571428571429,14.114285714285714,81.41428571428571,3.630142857142857,100.0,4.764285714285714,0.0,29.11428571428572,208.42857142857144,1005.6857142857144,73.72857142857143,23.45714285714286,697
9.642857142857142,3.457142857142857,6.1000000000000005,8.571428571428571,0.7857142857142857,4.0,78.88571428571429,0.382,42.85714285714285,5.952857142857143,0.0,18.82857142857143,125.02857142857144,1015.4,63.98571428571428,21.428571428571427,793
0.6285714285714284,-4.871428571428572,-2.3428571428571425,-4.342857142857143,-11.028571428571428,-7.985714285714286,79.01428571428572,0.0014285714285714,28.571428571428573,1.1914285714285715,2.5166666666666666,30.728571428571428,86.68571428571428,1024.5571428571427,39.11428571428571,20.37142857142857,1066
9.642857142857142,2.085714285714286,6.014285714285714,8.22857142857143,-1.5142857142857142,3.1142857142857143,78.27142857142857,2.2175714285714285,28.571428571428573,1.7857142857142858,0.0,25.685714285714283,202.0,1018.3,59.471428571428575,16.142857142857142,837
0.5142857142857142,-6.6571428571428575,-2.9,-2.2285714285714286,-11.328571428571427,-7.0857142857142845,88.85714285714286,1.2571428571428571,28.571428571428573,1.1914285714285715,10.328571428571427,24.928571428571427,169.77142857142857,1000.9857142857144,44.98571428571428,6.214285714285714,972
8.142857142857142,1.9,5.0,6.914285714285714,-1.7285714285714284,2.0,84.92857142857143,0.9227142857142858,28.571428571428573,1.7857142857142858,0.0,27.15714285714285,287.4,1022.1,64.34285714285714,11.642857142857142,837
10.585714285714284,4.214285714285714,7.314285714285715,9.8,2.7,6.228571428571429,89.94285714285715,0.1647142857142857,100.0,5.952857142857143,0.0,19.67142857142857,211.97142857142856,1017.1142857142858,73.54285714285713,7.957142857142857,843
11.342857142857143,4.085714285714286,7.757142857142857,10.857142857142858,0.9714285714285712,5.542857142857143,81.57142857142857,0.6180000000000001,85.71428571428571,5.357142857142857,0.0,32.1,234.4142857142857,1005.9428571428572,77.12857142857142,17.67142857142857,793
8.871428571428572,4.757142857142857,7.028571428571429,7.614285714285714,1.6571428571428573,4.628571428571428,89.3,1.1442857142857144,100.0,8.332857142857142,0.0,23.15714285714285,224.02857142857144,1011.2428571428572,63.457142857142856,13.228571428571428,881
9.785714285714286,2.557142857142857,6.0,8.414285714285715,-0.5000000000000001,3.8142857142857145,74.55714285714285,0.4752857142857142,85.71428571428571,5.357142857142857,0.0,21.071428571428573,277.24285714285713,1010.8571428571428,65.71428571428571,24.185714285714287,811
5.185714285714285,0.1714285714285714,3.2,2.914285714285714,-3.1714285714285717,0.0571428571428571,83.78571428571429,1.1275714285714284,100.0,7.737142857142857,0.1285714285714286,21.61428571428572,234.04285714285717,1009.157142857143,54.5,20.228571428571428,899
9.8,4.014285714285714,6.985714285714286,8.285714285714286,0.1857142857142857,4.342857142857143,79.8,1.1151428571428572,100.0,8.332857142857142,0.1714285714285714,28.071428571428573,239.2,1012.342857142857,70.97142857142856,21.057142857142857,928
16.214285714285715,10.285714285714286,13.042857142857144,16.214285714285715,9.785714285714286,12.971428571428572,79.55714285714285,4.026857142857144,85.71428571428571,10.715714285714286,0.0,24.24285714285714,235.0,1006.2142857142856,78.5,20.11428571428572,789
5.714285714285714,1.8285714285714283,3.8857142857142857,3.3428571428571425,-2.657142857142857,0.2714285714285715,90.57142857142856,0.5984285714285714,71.42857142857143,4.167142857142857,0.0,27.928571428571427,159.74285714285716,1017.8285714285712,87.77142857142857,10.028571428571428,901
3.8285714285714287,-1.2857142857142858,0.9428571428571428,0.5285714285714285,-5.385714285714286,-2.7857142857142856,87.54285714285713,2.036285714285714,100.0,13.095714285714283,1.2666666666666666,22.428571428571427,138.4857142857143,1002.9571428571428,70.27142857142857,13.971428571428572,918
19.02857142857143,10.928571428571429,15.185714285714283,19.02857142857143,10.342857142857143,15.085714285714284,72.05714285714285,1.4357142857142855,14.285714285714286,1.19,0.0,22.314285714285717,267.7857142857143,1021.0142857142856,61.471428571428575,28.142857142857142,785
20.585714285714285,12.157142857142857,16.32857142857143,20.585714285714285,12.057142857142855,16.32857142857143,71.81428571428572,1.183,71.42857142857143,3.5728571428571425,0.0,22.085714285714285,236.3,1015.0428571428572,54.3,25.485714285714288,782
8.085714285714285,4.214285714285714,6.085714285714286,6.085714285714286,1.2,3.4857142857142853,84.2,0.0442857142857142,42.85714285714285,2.975714285714285,0.0,19.37142857142857,126.84285714285716,1024.1571428571428,70.88571428571429,16.485714285714284,836
10.028571428571428,6.9,8.414285714285715,9.3,5.228571428571429,7.428571428571429,89.67142857142858,0.4291428571428571,57.142857142857146,2.382857142857143,0.0,12.4,148.92857142857142,1030.6714285714286,86.72857142857143,6.271428571428571,813
16.1,7.385714285714286,11.7,16.1,6.314285714285715,11.071428571428571,68.5,0.1774285714285714,57.142857142857146,3.5728571428571425,0.2428571428571428,22.61428571428572,173.71428571428572,1011.8571428571428,50.54285714285714,17.757142857142856,777
8.87142857142857,4.3,6.671428571428572,7.0857142857142845,0.9857142857142858,4.014285714285714,92.07142857142856,7.424714285714286,100.0,11.31,0.0,24.62857142857143,222.17142857142852,994.8714285714286,63.55714285714286,17.742857142857144,918
21.814285714285717,11.414285714285716,16.985714285714288,21.77142857142857,11.114285714285714,16.95714285714286,67.54285714285714,0.0142857142857142,14.285714285714286,0.5957142857142858,0.0,24.457142857142856,186.0142857142857,1017.7285714285716,55.65714285714286,25.27142857142857,768
18.257142857142856,11.014285714285716,14.542857142857144,18.257142857142856,10.228571428571428,14.4,75.94285714285715,4.3,85.71428571428571,7.142857142857143,0.0,19.5,266.35714285714283,1013.342857142857,55.54285714285714,21.7,773
17.414285714285715,10.37142857142857,13.714285714285714,17.414285714285715,9.94285714285714,13.685714285714289,76.71428571428571,0.3735714285714286,71.42857142857143,7.738571428571428,0.0,16.771428571428572,244.3428571428572,1014.0714285714286,51.85714285714285,22.97142857142857,713
10.142857142857142,2.128571428571429,5.6000000000000005,9.385714285714286,-1.4714285714285715,3.1714285714285717,87.78571428571429,0.4032857142857143,57.142857142857146,2.382857142857143,0.0,20.228571428571428,110.78571428571428,1016.6714285714286,70.01428571428572,5.985714285714287,898
11.257142857142856,3.3000000000000003,7.271428571428571,10.5,0.4285714285714285,5.614285714285714,70.32857142857144,0.6597142857142858,85.71428571428571,9.522857142857143,0.0,19.585714285714285,262.8,1019.8,64.14285714285714,29.571428571428573,847
5.957142857142857,2.9714285714285715,4.642857142857143,3.8428571428571434,-0.3999999999999999,1.5142857142857142,88.01428571428572,0.3399999999999999,71.42857142857143,4.167142857142857,0.0,24.442857142857143,80.3,1012.0857142857144,83.78571428571429,10.7,880
9.514285714285714,3.557142857142857,6.328571428571428,8.285714285714286,0.8428571428571429,4.014285714285714,85.67142857142858,5.414285714285714,85.71428571428571,6.548571428571429,0.0,19.12857142857143,220.37142857142857,1003.2857142857144,63.642857142857146,16.45714285714286,852
16.54285714285714,11.742857142857144,13.971428571428572,16.54285714285714,11.342857142857142,13.857142857142858,86.11428571428571,1.7902857142857145,100.0,7.141428571428572,0.0,25.414285714285715,203.2142857142857,1011.2857142857144,84.57142857142857,12.014285714285714,695
4.757142857142857,1.3142857142857145,2.7285714285714286,1.657142857142857,-3.585714285714286,-1.4428571428571428,84.82857142857142,2.018,85.71428571428571,5.357142857142857,47.9,28.814285714285717,200.14285714285717,1012.9714285714286,75.72857142857143,14.471428571428572,970
22.82857142857143,11.6,17.057142857142857,22.82857142857143,11.342857142857143,17.057142857142857,67.55714285714285,0.0,0.0,0.0,0.0,16.6,126.24285714285716,1021.3,60.34285714285714,24.314285714285717,739
17.557142857142857,10.5,13.514285714285714,17.557142857142857,10.44285714285714,13.5,76.72857142857143,0.0267142857142857,28.571428571428573,1.1914285714285715,0.0,17.557142857142857,73.72857142857143,1025.3142857142857,64.02857142857142,21.0,741
13.05714285714286,6.857142857142857,9.842857142857143,13.05714285714286,4.357142857142857,8.528571428571428,84.71428571428571,1.093,85.71428571428571,4.762857142857143,0.0,31.785714285714285,204.77142857142857,1004.4571428571428,71.6,21.11428571428572,845
8.585714285714285,3.257142857142857,5.714285714285714,5.942857142857143,-1.2428571428571429,2.414285714285714,85.64285714285714,2.8027142857142864,85.71428571428571,5.951428571428571,1.0,40.92857142857143,213.92857142857144,998.5857142857144,70.34285714285714,22.485714285714288,982
9.757142857142856,2.614285714285714,6.257142857142857,8.185714285714285,-0.5857142857142856,3.6,76.14285714285714,0.158,85.71428571428571,4.168571428571428,0.0,24.7,134.0142857142857,1016.5142857142856,62.77142857142858,17.014285714285712,842
26.61428571428572,14.657142857142857,20.085714285714285,26.214285714285715,14.657142857142857,20.014285714285712,70.67142857142856,0.0,0.0,0.0,0.0,17.3,105.54285714285716,1011.7714285714284,64.65714285714286,11.6,789
9.2,5.671428571428572,7.357142857142857,8.485714285714286,3.157142857142857,5.357142857142857,91.75714285714284,3.245285714285714,71.42857142857143,8.332857142857142,0.0,19.3,145.28571428571428,1006.3285714285714,64.25714285714285,11.328571428571427,951
7.6,3.6142857142857134,5.885714285714286,5.714285714285714,-0.4999999999999999,2.7,84.15714285714286,4.493857142857143,57.142857142857146,5.355714285714286,0.0,27.357142857142858,258.62857142857143,1012.8285714285714,67.71428571428571,26.65714285714285,1013
13.985714285714286,8.857142857142858,11.185714285714283,13.985714285714286,8.285714285714286,11.0,91.54285714285712,4.531142857142857,100.0,9.522857142857143,0.0,20.928571428571427,106.65714285714286,1006.5,73.71428571428571,9.985714285714286,832
22.342857142857145,12.8,17.057142857142857,22.342857142857145,12.55714285714286,17.02857142857143,81.10000000000001,1.0518571428571428,100.0,7.144285714285715,0.0,16.942857142857143,207.3142857142857,1014.5,54.34285714285714,11.814285714285717,716
9.114285714285714,3.3714285714285714,6.385714285714286,8.042857142857143,1.242857142857143,4.414285714285714,88.27142857142857,0.3441428571428571,85.71428571428571,5.357142857142857,0.0,18.885714285714283,256.0142857142857,1025.757142857143,53.58571428571429,13.528571428571428,800
13.085714285714284,5.314285714285715,8.6,12.928571428571429,2.942857142857143,7.285714285714286,81.88571428571429,0.0598571428571428,42.85714285714285,1.7871428571428571,0.0,21.071428571428573,176.84285714285716,1029.9,60.457142857142856,9.55714285714286,790
4.6000000000000005,0.7857142857142857,2.542857142857143,3.085714285714286,-1.4285714285714286,0.7000000000000001,81.0,0.0655714285714285,71.42857142857143,3.5728571428571425,0.0,13.757142857142856,148.4857142857143,1029.4714285714283,84.02857142857144,12.44285714285714,907
7.228571428571429,0.9714285714285714,3.3428571428571425,5.857142857142857,-2.5142857142857147,0.7714285714285715,88.34285714285714,2.1594285714285717,71.42857142857143,3.5728571428571425,0.0,21.9,179.6,1025.6142857142856,62.71428571428572,8.0,949
10.142857142857142,4.328571428571428,7.528571428571429,9.242857142857144,1.757142857142857,5.5,81.2,1.1812857142857145,71.42857142857143,3.5728571428571425,14.0,33.642857142857146,261.01428571428573,1022.3428571428572,58.885714285714286,25.728571428571428,1008
23.428571428571427,14.657142857142858,19.071428571428573,23.442857142857143,14.657142857142858,19.071428571428573,70.77142857142857,0.1907142857142857,57.142857142857146,4.762857142857143,0.0,15.114285714285716,242.14285714285717,1019.4428571428572,60.48571428571428,20.8,747
10.3,3.957142857142857,7.128571428571428,9.671428571428573,1.5571428571428572,5.557142857142857,84.60000000000001,0.6147142857142857,71.42857142857143,2.9785714285714286,0.0,18.6,155.72857142857143,1020.5,86.84285714285714,5.714285714285714,855
2.2857142857142856,-1.5714285714285714,0.257142857142857,-0.5714285714285714,-6.328571428571428,-3.642857142857143,92.57142857142856,1.903857142857143,100.0,5.952857142857143,16.7,28.228571428571428,167.6142857142857,1000.0,82.97142857142856,5.242857142857143,900
9.914285714285716,3.7285714285714286,6.814285714285715,7.899999999999999,-0.6,3.271428571428572,76.5,1.2395714285714283,85.71428571428571,6.547142857142857,0.0,36.371428571428574,235.3142857142857,1013.3285714285714,64.82857142857144,15.971428571428572,840
2.8285714285714287,-0.9285714285714286,0.7571428571428571,-1.0285714285714287,-5.842857142857143,-3.7714285714285714,72.74285714285715,0.0978571428571428,57.142857142857146,2.382857142857143,1.0,25.785714285714285,97.75714285714284,1022.2,55.31428571428571,26.914285714285715,1079
5.671428571428572,0.6571428571428571,3.2,3.3428571428571425,-3.642857142857143,0.1857142857142857,83.5,0.4305714285714286,71.42857142857143,3.5728571428571425,2.966666666666667,24.75714285714286,183.4142857142857,1008.4142857142856,71.74285714285715,11.857142857142858,1026
7.357142857142857,3.4857142857142853,5.571428571428571,5.542857142857143,0.6142857142857141,3.128571428571429,83.11428571428571,0.2667142857142857,42.85714285714285,2.975714285714285,0.0,19.82857142857143,221.37142857142857,1028.1,80.71428571428571,11.1,953
11.185714285714283,6.442857142857142,8.957142857142857,9.985714285714286,3.271428571428572,7.0,90.57142857142856,2.688142857142857,100.0,12.5,0.0,31.77142857142857,195.4142857142857,998.8285714285714,71.55714285714285,15.285714285714286,824
22.2,10.728571428571428,16.400000000000002,22.2,10.185714285714283,16.342857142857145,68.71428571428571,0.0045714285714285,42.85714285714285,1.7871428571428571,0.3285714285714285,13.757142857142858,198.87142857142857,1026.9428571428573,43.142857142857146,17.214285714285715,808
17.54285714285714,11.171428571428573,14.071428571428571,17.54285714285714,10.4,13.871428571428572,85.75714285714285,3.2065714285714284,100.0,7.141428571428572,0.0,19.485714285714288,121.17142857142858,1012.2714285714284,84.91428571428571,9.428571428571429,738
12.242857142857144,9.771428571428572,11.042857142857144,12.242857142857144,8.957142857142857,10.757142857142856,95.28571428571428,5.636714285714286,85.71428571428571,4.168571428571428,0.0,20.0,146.67142857142858,1021.657142857143,98.25714285714284,4.457142857142857,763
10.185714285714283,4.285714285714286,7.085714285714286,8.885714285714284,0.5428571428571428,4.471428571428572,82.60000000000001,2.7651428571428576,100.0,10.714285714285714,0.0,31.77142857142857,226.22857142857143,995.7857142857144,64.31428571428572,20.77142857142857,850
3.7285714285714286,-0.4857142857142857,1.6857142857142855,2.2285714285714286,-3.985714285714285,-1.2571428571428571,83.61428571428571,0.1052857142857143,28.571428571428573,1.7857142857142858,0.0,17.014285714285712,150.15714285714284,1033.0428571428572,72.31428571428572,10.614285714285716,941
15.742857142857144,8.242857142857144,12.071428571428571,15.742857142857144,6.357142857142857,11.342857142857143,75.88571428571429,0.0034285714285714,28.571428571428573,1.1914285714285715,0.0,27.4,227.18571428571428,1015.4857142857144,65.68571428571428,27.228571428571428,818
9.342857142857143,1.0714285714285714,4.742857142857143,7.714285714285714,-1.4142857142857144,2.8285714285714283,75.08571428571429,0.1777142857142857,85.71428571428571,3.5742857142857143,0.0,19.31428571428572,184.64285714285717,1030.1,34.57142857142857,21.6,860
18.257142857142856,9.242857142857144,14.014285714285714,18.257142857142856,8.22857142857143,13.8,69.54285714285714,1.271,28.571428571428573,1.7857142857142858,0.0,15.357142857142858,247.9857142857143,1025.0142857142855,41.07142857142857,18.585714285714285,766
2.2285714285714286,-1.9285714285714288,0.0714285714285714,0.1571428571428571,-6.042857142857143,-3.157142857142857,94.05714285714284,0.7025714285714285,71.42857142857143,3.5728571428571425,0.0,22.428571428571427,189.6,1008.1428571428572,79.97142857142856,8.142857142857142,921
13.4,5.957142857142857,9.62857142857143,13.4,3.042857142857143,8.685714285714285,86.55714285714285,0.3965714285714285,42.85714285714285,2.381428571428572,0.0,24.585714285714285,213.1,1000.0571428571428,71.74285714285715,14.857142857142858,796
10.785714285714286,5.2,8.27142857142857,9.857142857142858,2.0,5.985714285714286,87.18571428571428,3.963857142857143,100.0,11.904285714285717,0.0,31.27142857142857,238.77142857142857,1004.6,63.42857142857143,19.585714285714285,903
6.971428571428571,-0.0428571428571427,3.0142857142857147,4.685714285714285,-3.3285714285714287,0.5285714285714286,92.74285714285716,0.1992857142857143,57.142857142857146,2.9771428571428573,0.0,17.67142857142857,197.28571428571428,1022.9857142857144,45.785714285714285,11.05714285714286,854
3.042857142857143,-1.0,1.0571428571428572,1.6857142857142855,-3.928571428571429,-1.042857142857143,93.54285714285712,0.3858571428571428,71.42857142857143,4.167142857142857,2.84,13.94285714285714,143.45714285714286,1023.3,84.01428571428572,5.071428571428571,1070
6.928571428571429,0.9285714285714286,3.928571428571429,4.714285714285714,-2.4285714285714284,1.3,81.91428571428571,0.3474285714285715,42.85714285714285,3.571428571428572,4.171428571428572,24.97142857142857,218.52857142857144,1020.4142857142856,69.77142857142857,14.428571428571429,839
16.942857142857143,8.685714285714285,12.9,16.942857142857143,7.285714285714286,12.55714285714286,77.78571428571429,1.481,71.42857142857143,4.167142857142857,0.0,23.571428571428573,200.95714285714288,1013.9,70.81428571428572,19.342857142857145,749
2.3000000000000003,-0.5285714285714286,0.8285714285714285,-2.585714285714286,-6.971428571428571,-4.842857142857143,85.11428571428571,2.3892857142857147,100.0,8.33,4.82,36.771428571428565,287.9,1011.1285714285716,72.65714285714286,11.528571428571428,1046
15.94285714285714,10.55714285714286,13.014285714285714,15.94285714285714,9.4,12.8,85.25714285714285,0.7000000000000001,57.142857142857146,3.571428571428572,0.0,25.25714285714286,220.8571428571429,1002.9714285714286,69.94285714285715,21.842857142857135,794
14.185714285714283,9.757142857142856,11.9,14.185714285714283,8.928571428571429,11.642857142857142,85.14285714285714,0.609,85.71428571428571,4.762857142857143,0.0,13.028571428571428,168.14285714285714,1024.257142857143,66.12857142857142,14.4,758
14.285714285714286,6.457142857142857,9.971428571428572,14.285714285714286,5.385714285714286,9.257142857142856,86.38571428571429,0.4504285714285714,57.142857142857146,2.382857142857143,0.0,21.62857142857143,203.5142857142857,1000.5571428571428,62.04285714285714,18.414285714285715,832
12.157142857142857,6.757142857142857,9.471428571428572,11.957142857142856,4.914285714285714,8.328571428571427,88.10000000000001,0.3918571428571429,71.42857142857143,4.167142857142857,0.0,19.27142857142857,237.67142857142855,1023.0857142857144,74.39999999999999,9.528571428571428,827
3.8428571428571434,-1.8714285714285717,1.042857142857143,1.7714285714285716,-5.114285714285714,-1.585714285714286,94.31428571428572,0.113,71.42857142857143,5.951428571428571,0.0,13.842857142857143,170.35714285714286,1023.8571428571428,72.14285714285714,4.828571428571429,1043
13.885714285714286,9.214285714285714,11.271428571428572,13.885714285714286,8.314285714285713,11.12857142857143,87.02857142857144,3.611285714285714,71.42857142857143,5.355714285714286,0.0,23.557142857142857,108.7,1002.9428571428572,83.91428571428571,14.94285714285714,780
9.328571428571427,5.242857142857143,7.271428571428571,7.471428571428571,2.128571428571429,4.771428571428571,88.72857142857143,4.110142857142857,100.0,10.118571428571428,0.0,25.814285714285717,230.2428571428572,1008.8,57.614285714285714,20.685714285714287,787
17.985714285714288,7.971428571428571,12.957142857142856,17.985714285714288,6.857142857142857,12.6,76.54285714285713,0.5174285714285715,42.85714285714285,1.7871428571428571,0.0,24.571428571428573,150.29999999999998,1018.8571428571428,49.51428571428572,23.15714285714285,784
12.028571428571428,2.4,7.114285714285714,11.171428571428573,-0.0142857142857142,5.528571428571429,77.22857142857143,0.5682857142857143,42.85714285714285,2.381428571428572,0.0,16.742857142857144,204.32857142857145,1028.257142857143,38.81428571428571,7.885714285714286,847
19.942857142857143,12.12857142857143,15.714285714285714,19.942857142857143,12.028571428571428,15.685714285714283,78.61428571428571,0.3811428571428571,85.71428571428571,4.168571428571428,0.0,16.285714285714285,293.7142857142857,1024.5571428571427,54.55714285714286,25.342857142857145,731
11.285714285714286,4.957142857142857,8.371428571428572,10.571428571428571,2.742857142857143,6.857142857142857,81.02857142857144,1.3162857142857145,85.71428571428571,4.762857142857143,0.0,30.542857142857144,217.7,1013.2714285714284,77.58571428571429,21.17142857142857,817
6.457142857142857,1.9,4.0,3.585714285714286,-1.657142857142857,0.6714285714285715,89.35714285714286,1.8134285714285716,85.71428571428571,5.357142857142857,4.08,26.74285714285714,236.62857142857143,1002.7714285714284,75.51428571428572,11.985714285714286,957
5.428571428571429,0.2714285714285714,2.9857142857142853,3.042857142857143,-3.142857142857143,-0.4285714285714285,85.27142857142857,1.3684285714285715,100.0,4.764285714285714,1.0,27.1,247.8,1003.342857142857,73.91428571428571,14.9,812
14.714285714285714,8.671428571428573,11.528571428571428,14.714285714285714,7.571428571428571,11.1,84.08571428571429,1.2538571428571428,100.0,10.118571428571428,0.0,22.342857142857145,209.25714285714284,1011.2714285714284,69.22857142857143,16.52857142857143,722
19.17142857142857,8.157142857142857,13.914285714285716,19.17142857142857,6.857142857142857,13.62857142857143,67.10000000000001,0.0025714285714285,28.571428571428573,1.7857142857142858,0.0,21.442857142857143,54.65714285714286,1023.1857142857144,31.014285714285712,21.185714285714287,693
26.9,14.585714285714284,20.785714285714285,26.885714285714283,14.585714285714284,20.785714285714285,65.41428571428571,0.0171428571428571,28.571428571428573,1.1914285714285715,0.0,15.542857142857144,194.3571428571429,1025.0,38.114285714285714,19.8,776
11.12857142857143,4.9,8.071428571428571,10.87142857142857,2.257142857142857,6.528571428571429,78.14285714285714,0.0001428571428571,14.285714285714286,0.5957142857142858,0.0,17.085714285714285,274.45714285714286,1034.7428571428572,76.22857142857143,13.785714285714286,939
18.9,9.514285714285714,14.328571428571427,18.9,8.757142857142856,14.228571428571428,70.02857142857142,0.1084285714285714,28.571428571428573,1.1914285714285715,0.0,15.757142857142856,250.57142857142856,1024.357142857143,60.957142857142856,22.057142857142857,761
29.571428571428573,15.642857142857142,22.2,28.52857142857143,15.642857142857142,21.957142857142856,60.92857142857143,0.0004285714285714,14.285714285714286,0.5957142857142858,0.0,20.32857142857143,77.87142857142858,1017.9857142857144,33.91428571428571,19.3,801
6.2,2.442857142857143,4.457142857142857,3.871428571428571,-0.7714285714285715,1.3857142857142857,90.78571428571428,1.6185714285714283,100.0,6.548571428571429,0.0,23.571428571428573,160.07142857142858,1022.0857142857144,68.71428571428571,9.471428571428572,929
16.47142857142857,8.9,12.785714285714286,16.47142857142857,8.22857142857143,12.62857142857143,79.38571428571429,0.8147142857142856,71.42857142857143,3.5728571428571425,0.0,19.32857142857143,238.8571428571429,1016.1142857142858,73.1,17.97142857142857,778
2.5285714285714285,-1.4285714285714286,0.3714285714285714,-1.7714285714285716,-6.328571428571428,-4.1,85.44285714285715,0.1518571428571428,14.285714285714286,1.19,3.4714285714285715,25.342857142857145,47.614285714285714,1030.3857142857144,66.44285714285715,10.957142857142856,993
14.385714285714286,6.914285714285714,9.971428571428572,14.385714285714286,4.671428571428572,8.914285714285715,87.44285714285715,1.992,57.142857142857146,3.571428571428572,0.0,18.52857142857143,37.98571428571428,1013.0571428571428,75.62857142857142,4.942857142857143,795
9.257142857142856,2.857142857142857,5.9,7.914285714285714,-1.2,2.9428571428571426,75.17142857142856,0.3309999999999999,71.42857142857143,3.5728571428571425,2.35,30.685714285714287,274.5571428571429,1016.8857142857142,77.75714285714285,24.714285714285715,898
13.914285714285716,6.514285714285714,10.085714285714284,13.914285714285716,5.1000000000000005,9.485714285714286,81.3,3.949571428571428,100.0,6.547142857142857,0.0,19.228571428571428,141.9142857142857,1012.8857142857142,75.04285714285713,14.842857142857143,777
5.814285714285715,1.3714285714285714,3.6571428571428575,3.3714285714285714,-2.557142857142857,0.2285714285714286,83.52857142857144,0.2837142857142857,71.42857142857143,4.167142857142857,0.9,23.4,231.65714285714284,1019.5714285714286,70.97142857142858,18.485714285714288,979
6.6000000000000005,2.542857142857143,4.7,3.7142857142857135,-0.8857142857142856,1.3714285714285714,84.57142857142857,0.7670000000000001,85.71428571428571,5.951428571428571,0.0,22.9,231.87142857142857,1011.3857142857142,71.35714285714286,15.87142857142857,884
18.571428571428573,9.857142857142858,14.385714285714286,18.571428571428573,9.314285714285717,14.3,68.28571428571429,0.3761428571428571,42.85714285714285,2.381428571428572,0.0,19.442857142857143,259.7714285714286,1015.2714285714284,61.871428571428574,23.25714285714286,759
4.171428571428572,0.6571428571428573,2.2285714285714286,2.2,-3.4428571428571426,-0.7714285714285714,88.87142857142858,0.3102857142857143,71.42857142857143,3.5728571428571425,3.0333333333333337,22.74285714285714,253.95714285714288,1004.7285714285716,66.72857142857143,13.828571428571427,1059
7.742857142857143,4.171428571428572,5.9,6.485714285714286,1.0000000000000002,3.6714285714285713,92.38571428571429,2.368,100.0,8.928571428571429,0.0,18.957142857142856,164.3857142857143,1016.0,82.02857142857144,7.228571428571429,772
12.214285714285714,6.128571428571428,8.957142857142857,11.857142857142858,3.642857142857143,7.528571428571429,86.65714285714286,1.6368571428571428,100.0,13.691428571428572,0.0,22.214285714285715,217.52857142857144,1007.842857142857,69.32857142857142,14.3,899
14.185714285714283,9.485714285714286,11.514285714285714,14.185714285714283,7.585714285714286,10.971428571428572,86.72857142857143,4.793571428571428,100.0,7.141428571428572,0.0,23.6,186.8142857142857,1001.7285714285716,94.25714285714284,13.8,733
11.357142857142858,7.385714285714286,9.242857142857144,10.757142857142856,4.857142857142857,7.9142857142857155,93.4,0.1365714285714286,57.142857142857146,2.9771428571428573,0.0,18.414285714285715,124.41428571428573,1021.1857142857144,71.21428571428571,8.214285714285714,719
4.1571428571428575,-0.7000000000000001,1.6,2.771428571428572,-3.142857142857143,-0.3142857142857142,92.1,0.0034285714285714,57.142857142857146,2.382857142857143,0.0,17.17142857142857,186.72857142857143,1024.3428571428572,51.25714285714286,4.485714285714286,804
15.414285714285716,9.571428571428571,12.542857142857144,15.414285714285716,9.285714285714286,12.457142857142856,88.2,1.269,57.142857142857146,4.761428571428572,0.0,13.2,140.0,1024.5571428571427,75.21428571428571,9.314285714285717,705
15.471428571428572,6.471428571428571,11.014285714285714,15.471428571428572,4.742857142857143,10.2,69.21428571428571,0.2194285714285714,42.85714285714285,2.381428571428572,0.0,22.74285714285714,193.58571428571423,1017.6142857142858,64.77142857142857,24.0,782
9.171428571428573,4.928571428571429,7.057142857142857,8.442857142857143,2.514285714285714,5.185714285714285,92.77142857142856,7.082571428571428,100.0,13.095714285714283,0.4285714285714285,19.385714285714283,170.70000000000002,991.9,74.17142857142858,11.085714285714284,918
21.6,12.37142857142857,17.014285714285712,21.6,12.12857142857143,16.985714285714288,77.67142857142858,0.0544285714285714,28.571428571428573,1.1914285714285715,0.0,21.085714285714285,242.18571428571428,1015.9285714285714,67.8,16.52857142857143,808
8.671428571428573,2.8428571428571425,6.042857142857143,7.357142857142857,-0.7857142857142857,3.4,83.78571428571429,1.890428571428572,85.71428571428571,4.168571428571428,1.0,26.47142857142857,197.55714285714288,1008.2428571428572,74.15714285714286,21.457142857142856,913
18.014285714285712,8.8,13.585714285714284,18.014285714285712,7.857142857142857,13.271428571428572,68.61428571428571,0.0092857142857142,42.85714285714285,2.9771428571428573,0.0,15.314285714285717,222.3,1024.857142857143,45.58571428571429,19.74285714285714,750
6.928571428571429,-0.2428571428571428,3.0285714285714285,3.6,-4.185714285714286,-0.7428571428571429,83.35714285714286,1.731,85.71428571428571,7.738571428571428,0.1999999999999999,28.61428571428572,223.3,1007.1428571428572,52.21428571428572,35.128571428571426,1003
16.814285714285713,9.085714285714284,12.914285714285716,16.814285714285713,8.0,12.585714285714284,81.05714285714285,0.1375714285714285,28.571428571428573,1.1914285714285715,0.0,19.11428571428572,134.0142857142857,1022.8857142857142,72.32857142857144,15.214285714285714,695
10.0,5.071428571428571,7.571428571428571,8.671428571428573,1.5571428571428572,4.771428571428571,85.64285714285714,6.572285714285714,100.0,11.31,0.0,30.214285714285715,247.22857142857143,1010.9571428571428,52.4,20.02857142857143,886
8.371428571428572,-0.7857142857142857,3.414285714285714,7.442857142857143,-3.185714285714286,1.4714285714285715,68.17142857142856,0.1422857142857143,42.85714285714285,2.381428571428572,0.0,17.37142857142857,146.32857142857142,1023.6714285714288,42.3,16.614285714285714,859
13.94285714285714,8.77142857142857,11.2,13.94285714285714,6.685714285714285,10.428571428571429,82.08571428571429,4.908142857142857,100.0,6.547142857142857,0.0,26.414285714285715,243.0142857142857,1003.2,77.12857142857142,18.75714285714286,786
19.0,12.185714285714283,15.357142857142858,19.0,12.185714285714283,15.357142857142858,74.2,0.0214285714285714,28.571428571428573,1.7857142857142858,0.0,23.5,126.2714285714286,1017.9428571428572,76.78571428571429,25.27142857142857,716
2.9857142857142853,-1.7571428571428571,0.4857142857142857,1.0,-4.771428571428571,-2.2857142857142856,83.75714285714285,0.097,85.71428571428571,6.548571428571429,0.6714285714285715,15.614285714285714,135.1,1033.0857142857144,49.371428571428574,10.3,879
18.285714285714285,12.614285714285714,15.014285714285714,18.285714285714285,12.342857142857142,15.0,88.8,1.2944285714285717,100.0,6.547142857142857,0.0,24.0,226.2,999.1428571428572,80.12857142857142,15.271428571428572,753
5.628571428571428,1.985714285714285,3.7285714285714286,3.242857142857143,-1.8857142857142857,0.6,90.28571428571428,0.6455714285714286,100.0,5.954285714285715,5.7,23.557142857142857,224.58571428571423,1010.6714285714286,78.98571428571428,10.0,929
12.457142857142856,6.042857142857143,8.9,11.6,3.9,7.3,88.04285714285713,1.669142857142857,71.42857142857143,4.167142857142857,0.0,23.5,161.2571428571429,1006.9714285714286,84.71428571428571,8.585714285714285,815
11.8,6.357142857142857,9.0,11.4,3.7857142857142856,7.514285714285714,76.21428571428571,0.3758571428571428,71.42857142857143,3.5728571428571425,0.0,25.585714285714285,232.8714285714286,1019.842857142857,78.5,19.1,858
12.828571428571427,5.857142857142857,9.314285714285717,12.828571428571427,3.3714285714285714,8.057142857142857,81.34285714285714,0.1319999999999999,28.571428571428573,4.167142857142857,0.0,19.27142857142857,239.0,1022.2857142857144,70.01428571428572,19.514285714285712,892
21.12857142857143,12.914285714285716,16.842857142857145,21.12857142857143,12.914285714285716,16.842857142857145,74.62857142857142,1.566857142857143,100.0,10.118571428571428,0.0,18.785714285714285,259.4142857142857,1017.2285714285716,68.27142857142857,16.814285714285713,731
23.75714285714286,13.971428571428572,18.557142857142857,23.7,13.971428571428572,18.557142857142857,67.9,0.0405714285714285,14.285714285714286,1.7857142857142858,0.0,16.02857142857143,92.81428571428572,1024.2857142857142,56.05714285714286,30.014285714285712,733
9.571428571428571,3.2142857142857144,6.228571428571429,8.428571428571429,0.3714285714285714,4.171428571428572,79.64285714285714,1.7805714285714287,85.71428571428571,8.332857142857142,0.0,19.957142857142856,192.17142857142855,1005.0714285714286,73.27142857142857,32.15714285714286,975
21.428571428571427,11.757142857142856,16.842857142857145,21.428571428571427,11.585714285714284,16.82857142857143,67.8,0.216,42.85714285714285,2.975714285714285,0.0,22.428571428571427,182.4857142857143,1021.0714285714286,43.72857142857144,21.814285714285717,736
6.828571428571428,2.0,4.257142857142857,5.057142857142857,-1.2857142857142858,1.842857142857143,87.67142857142858,0.4422857142857143,85.71428571428571,7.141428571428572,0.0,20.685714285714287,241.1,1031.957142857143,52.85714285714285,18.471428571428568,1080
6.442857142857143,0.9857142857142858,3.7,4.442857142857143,-2.4,0.6285714285714284,85.45714285714287,0.9468571428571428,85.71428571428571,7.7371428571428575,0.0,21.571428571428573,288.18571428571425,1027.9857142857145,64.84285714285714,25.842857142857145,1175
17.585714285714285,12.357142857142858,14.657142857142857,17.585714285714285,12.357142857142858,14.657142857142857,84.58571428571429,0.0,0.0,0.0,0.0,18.61428571428572,70.44285714285715,1010.842857142857,95.12857142857142,11.842857142857143,686
5.257142857142858,1.3714285714285714,3.2285714285714286,3.242857142857143,-1.957142857142857,0.4714285714285715,89.58571428571429,1.0367142857142857,85.71428571428571,5.357142857142857,0.0,20.414285714285715,263.3,1014.6142857142858,74.65714285714286,9.9,854
14.571428571428571,8.828571428571427,11.642857142857142,14.571428571428571,7.1000000000000005,10.842857142857143,86.08571428571429,0.7708571428571428,100.0,9.524285714285714,0.0,23.342857142857145,239.3142857142857,1015.2285714285716,53.142857142857146,21.542857142857144,734
15.042857142857144,9.128571428571428,11.62857142857143,15.042857142857144,7.014285714285714,10.94285714285714,86.5,4.5122857142857145,100.0,12.5,0.0,26.942857142857143,229.9857142857143,1008.0857142857144,73.11428571428571,20.25714285714286,763
17.5,10.87142857142857,14.271428571428572,17.5,10.87142857142857,14.271428571428572,81.54285714285713,2.123428571428572,71.42857142857143,7.142857142857143,0.0,13.014285714285714,218.95714285714288,1014.7714285714284,57.385714285714286,14.12857142857143,742
17.099999999999998,10.657142857142858,14.05714285714286,17.099999999999998,10.114285714285714,13.942857142857145,78.37142857142858,2.095857142857142,85.71428571428571,6.547142857142857,0.0,22.228571428571428,278.6714285714285,1015.8714285714286,64.77142857142857,25.685714285714287,736
14.828571428571427,3.914285714285714,9.957142857142856,14.585714285714284,2.242857142857143,9.085714285714284,69.42857142857143,0.6067142857142857,57.142857142857146,4.761428571428572,0.0,21.414285714285715,195.65714285714284,1020.6857142857144,53.8,24.057142857142857,814
-0.3000000000000001,-5.342857142857143,-2.5285714285714285,-3.314285714285714,-9.128571428571428,-6.557142857142857,86.15714285714286,0.0458571428571428,42.85714285714285,2.975714285714285,4.6571428571428575,21.7,120.9,1027.571428571429,58.82857142857143,5.471428571428571,1055
13.55714285714286,5.6,9.5,12.742857142857144,3.185714285714286,7.971428571428571,70.4,0.0007142857142857,42.85714285714285,1.7871428571428571,0.0,29.357142857142858,226.6,1021.0428571428572,63.1,18.728571428571428,898
19.785714285714285,11.071428571428571,15.4,19.785714285714285,10.757142857142856,15.357142857142858,70.12857142857142,0.0745714285714285,28.571428571428573,1.7857142857142858,0.0,15.257142857142856,150.32857142857142,1016.8714285714286,61.15714285714286,20.785714285714285,716
22.485714285714288,12.385714285714286,17.34285714285714,22.485714285714288,12.385714285714286,17.34285714285714,75.05714285714285,0.0,0.0,0.0,0.0,14.2,237.18571428571428,1020.7857142857144,65.4,12.12857142857143,796
19.071428571428573,11.585714285714284,14.828571428571427,19.071428571428573,11.585714285714284,14.828571428571427,84.81428571428572,0.132,42.85714285714285,1.7871428571428571,0.0,14.228571428571428,153.34285714285716,1019.7285714285716,74.22857142857143,14.6,781
9.542857142857144,5.1571428571428575,7.7,8.8,2.585714285714286,6.2,82.95714285714287,0.0005714285714285,14.285714285714286,0.5957142857142858,0.0,21.12857142857143,278.1,1032.8714285714286,71.02857142857142,15.357142857142858,861
23.842857142857145,10.9,16.52857142857143,23.52857142857143,10.9,16.47142857142857,67.97142857142858,0.0012857142857142,14.285714285714286,0.5957142857142858,0.0,21.2,36.885714285714286,1024.9142857142856,56.05714285714286,20.3,819
21.714285714285715,11.828571428571427,16.67142857142857,21.62857142857143,11.614285714285714,16.642857142857142,73.28571428571429,0.3525714285714286,28.571428571428573,1.7857142857142858,0.0,21.02857142857143,194.12857142857143,1014.342857142857,53.971428571428575,22.32857142857143,778
17.628571428571426,8.9,13.071428571428571,17.628571428571426,7.828571428571428,12.757142857142856,79.15714285714286,0.0015714285714285,14.285714285714286,0.5957142857142858,0.0,20.885714285714283,54.71428571428572,1021.1142857142858,62.02857142857143,19.185714285714287,756
16.071428571428573,11.271428571428572,13.414285714285716,16.071428571428573,11.271428571428572,13.414285714285716,84.47142857142856,1.1232857142857144,85.71428571428571,7.144285714285714,0.0,25.542857142857144,187.5,1011.7285714285716,79.01428571428572,16.17142857142857,764
25.37142857142857,13.985714285714286,19.3,25.442857142857143,13.985714285714286,19.314285714285717,77.65714285714286,0.0047142857142857,14.285714285714286,0.5957142857142858,0.0,20.37142857142857,78.61428571428571,1016.5142857142856,46.48571428571428,6.285714285714286,693
7.6571428571428575,4.685714285714285,6.228571428571428,6.171428571428571,1.7428571428571429,3.7714285714285714,87.5,1.2164285714285714,100.0,6.548571428571429,0.0,25.357142857142858,270.62857142857143,1013.4714285714286,68.28571428571429,18.5,982
17.885714285714286,10.4,14.2,17.885714285714286,9.985714285714286,14.114285714285714,79.91428571428571,0.3538571428571429,71.42857142857143,5.357142857142857,0.0,23.82857142857143,214.95714285714288,1015.4285714285714,65.24285714285715,35.114285714285714,806
21.571428571428573,12.44285714285714,16.485714285714288,21.571428571428573,12.44285714285714,16.485714285714288,77.01428571428572,0.6705714285714286,42.85714285714285,2.975714285714285,0.0,15.342857142857143,142.3857142857143,1014.2,79.87142857142858,14.642857142857142,806
1.7857142857142858,-2.042857142857143,-0.2714285714285714,-0.9857142857142858,-6.742857142857143,-4.042857142857143,88.97142857142858,0.0757142857142857,57.142857142857146,2.9771428571428573,5.0,23.77142857142857,111.8,1011.7857142857144,77.0,4.585714285714286,981
21.17142857142857,9.585714285714284,15.114285714285714,21.17142857142857,9.085714285714284,15.042857142857144,65.75714285714285,0.002,14.285714285714286,0.5957142857142858,0.0,16.785714285714285,160.08571428571426,1022.3285714285714,54.51428571428572,17.714285714285715,733
12.757142857142856,7.5,10.071428571428571,12.757142857142856,5.614285714285714,9.114285714285714,89.17142857142858,3.3394285714285714,100.0,11.308571428571428,0.7428571428571429,24.085714285714285,219.5,1003.6714285714286,64.17142857142858,22.042857142857144,725
8.171428571428573,2.142857142857143,5.085714285714286,6.557142857142857,-1.1428571428571428,2.657142857142857,86.54285714285713,2.276,100.0,9.522857142857143,0.0428571428571428,21.442857142857143,237.72857142857143,1009.6857142857144,44.32857142857143,19.842857142857145,812
13.05714285714286,5.285714285714286,9.228571428571428,13.05714285714286,3.6,8.4,88.02857142857144,2.894,85.71428571428571,6.547142857142857,0.0,14.785714285714286,156.97142857142856,1013.0142857142856,56.12857142857143,19.042857142857144,776
13.285714285714286,4.714285714285714,9.014285714285714,13.014285714285714,2.9,7.728571428571429,78.22857142857143,0.1944285714285714,57.142857142857146,2.382857142857143,0.0,21.428571428571427,195.08571428571432,1016.0714285714286,69.84285714285714,19.6,785
14.657142857142857,6.771428571428571,10.585714285714284,14.657142857142857,5.685714285714285,10.028571428571428,81.15714285714286,2.9822857142857147,71.42857142857143,5.357142857142857,0.0,19.25714285714286,171.20000000000002,1010.5428571428572,59.05714285714286,19.82857142857143,752
8.6,3.8,6.585714285714286,7.1571428571428575,0.7714285714285715,4.114285714285714,82.84285714285714,0.0352857142857142,71.42857142857143,4.167142857142857,0.0,21.82857142857143,241.4857142857143,1030.8142857142857,64.68571428571428,14.657142857142857,875
4.5285714285714285,-1.3571428571428572,1.1,0.8714285714285713,-6.028571428571429,-3.057142857142857,84.57142857142857,0.4691428571428571,71.42857142857143,3.5728571428571425,1.0,23.77142857142857,92.57142857142856,1016.4285714285714,80.85714285714286,4.314285714285715,861
4.385714285714285,0.9857142857142858,2.657142857142857,1.6857142857142855,-2.9714285714285715,-0.7714285714285714,93.32857142857142,0.8518571428571429,100.0,11.905714285714286,0.1999999999999999,22.214285714285715,113.6,1019.6142857142858,51.21428571428572,12.857142857142858,838
19.67142857142857,11.757142857142856,15.414285714285716,19.67142857142857,11.5,15.4,80.25714285714285,0.0025714285714285,28.571428571428573,1.1914285714285715,0.0,19.142857142857142,201.82857142857145,1018.3142857142856,74.62857142857142,16.685714285714287,741
15.62857142857143,10.028571428571428,12.44285714285714,15.62857142857143,9.3,12.37142857142857,85.92857142857143,0.6964285714285714,100.0,7.141428571428572,0.0,15.542857142857144,229.32857142857145,1006.9142857142856,90.3,13.728571428571428,794
5.628571428571428,2.357142857142857,3.7285714285714286,2.0285714285714285,-1.7714285714285716,-0.1571428571428571,86.60000000000001,1.2034285714285713,71.42857142857143,5.357142857142857,0.0,24.928571428571427,112.12857142857142,1023.6857142857144,96.02857142857144,6.185714285714285,871
4.357142857142857,-0.7285714285714285,1.4857142857142858,1.1142857142857143,-4.642857142857143,-2.157142857142857,76.85714285714286,0.5507142857142856,71.42857142857143,5.357142857142857,0.0,23.742857142857144,224.28571428571428,1010.5142857142856,48.457142857142856,22.042857142857144,936
12.571428571428571,4.171428571428572,8.328571428571427,12.571428571428571,2.8857142857142857,7.571428571428571,89.21428571428571,0.0067142857142857,71.42857142857143,3.5728571428571425,0.0,19.142857142857142,220.55714285714285,1019.8714285714286,60.785714285714285,8.3,786
7.585714285714286,2.414285714285714,4.814285714285715,6.1000000000000005,-0.1857142857142856,2.571428571428572,90.47142857142856,0.5138571428571429,100.0,8.332857142857142,0.0,16.742857142857144,183.77142857142857,1005.9428571428572,50.871428571428574,9.1,821
18.085714285714285,10.885714285714286,14.471428571428572,18.085714285714285,10.314285714285717,14.414285714285716,72.27142857142857,1.2732857142857144,71.42857142857143,6.545714285714285,0.0,22.514285714285712,233.3428571428572,1014.6428571428572,66.58571428571429,24.65714285714285,808
9.5,3.2857142857142856,5.985714285714286,8.457142857142857,0.4142857142857142,3.7714285714285714,92.64285714285714,1.0701428571428573,100.0,7.141428571428572,3.0,22.071428571428573,211.22857142857143,993.2857142857144,55.68571428571429,14.885714285714286,826
18.257142857142856,9.55714285714286,13.542857142857144,18.257142857142856,8.385714285714286,13.014285714285714,75.72857142857143,0.0717142857142857,28.571428571428573,2.381428571428572,0.0,20.65714285714285,52.91428571428571,1017.1428571428572,59.57142857142857,15.7,775
16.228571428571428,8.671428571428573,12.114285714285714,16.228571428571428,7.3428571428571425,11.7,83.15714285714286,1.7742857142857142,85.71428571428571,4.762857142857143,0.0,24.828571428571426,176.45714285714283,1008.1428571428572,77.64285714285714,16.22857142857143,764
19.914285714285715,12.314285714285717,16.185714285714287,19.914285714285715,12.314285714285717,16.185714285714287,73.3,2.608714285714285,85.71428571428571,6.548571428571429,0.0,17.2,230.18571428571428,1014.842857142857,72.57142857142857,30.3,768
22.61428571428572,12.257142857142856,17.114285714285714,22.61428571428572,12.257142857142856,17.114285714285714,72.24285714285715,0.0415714285714285,14.285714285714286,0.5957142857142858,0.0,15.714285714285714,153.9,1025.642857142857,51.22857142857142,18.085714285714285,709
2.8285714285714287,-1.842857142857143,0.557142857142857,0.2,-5.742857142857143,-3.2857142857142856,91.55714285714284,2.2304285714285714,85.71428571428571,4.762857142857143,8.642857142857142,28.428571428571427,201.5,1009.3,75.60000000000001,7.271428571428572,1130
8.171428571428573,2.542857142857143,5.457142857142857,4.9,-0.9285714285714286,1.8857142857142857,86.39999999999999,1.878428571428572,71.42857142857143,5.95,0.0,37.114285714285714,195.32857142857145,1003.8142857142856,78.10000000000001,20.4,1005
16.571428571428573,9.642857142857142,13.142857142857142,16.571428571428573,8.971428571428572,12.94285714285714,80.25714285714285,3.9347142857142856,100.0,12.5,0.0,25.357142857142858,215.25714285714284,1007.6857142857144,71.08571428571427,20.74285714285714,776
5.142857142857143,1.0,3.085714285714286,1.5285714285714285,-2.8857142857142857,-0.7142857142857144,83.88571428571429,1.0717142857142856,100.0,12.501428571428573,0.3571428571428571,23.357142857142858,295.38571428571424,1014.6,49.771428571428565,28.428571428571427,939
10.44285714285714,1.7714285714285716,6.3,9.62857142857143,-1.2142857142857142,4.042857142857143,66.34285714285714,0.0057142857142857,28.571428571428573,1.1914285714285715,0.0,21.914285714285715,108.45714285714288,1021.8,52.72857142857142,30.728571428571428,813
7.257142857142857,2.4285714285714284,4.742857142857143,4.942857142857143,-0.4571428571428572,2.142857142857143,84.7,0.1048571428571428,85.71428571428571,6.547142857142857,0.0,18.385714285714283,259.2285714285714,1023.6285714285714,58.41428571428572,15.6,885
19.514285714285712,10.971428571428572,14.828571428571427,19.514285714285712,10.485714285714286,14.714285714285714,80.71428571428571,0.0044285714285714,28.571428571428573,1.1914285714285715,0.0,16.4,233.3571428571429,1022.4571428571428,67.48571428571428,12.657142857142857,741
13.2,7.171428571428571,9.928571428571429,13.2,5.571428571428571,8.985714285714286,84.10000000000001,1.5142857142857145,100.0,10.714285714285714,0.0,21.071428571428573,267.2714285714286,1011.7428571428572,46.35714285714285,23.27142857142857,739
18.82857142857143,9.27142857142857,14.099999999999998,18.82857142857143,8.785714285714286,13.971428571428572,70.94285714285715,1.6002857142857143,42.85714285714285,3.5700000000000003,0.0,24.11428571428572,234.0,1011.4714285714286,70.18571428571428,30.0,742
19.65714285714285,12.785714285714286,16.02857142857143,19.65714285714285,12.514285714285716,16.014285714285712,76.94285714285714,1.7520000000000002,71.42857142857143,5.952857142857143,0.0,19.24285714285714,244.6,1017.8285714285714,69.22857142857143,28.385714285714283,671
12.685714285714283,5.685714285714285,9.085714285714284,12.685714285714283,2.942857142857143,7.642857142857143,80.15714285714286,0.0131428571428571,28.571428571428573,1.1914285714285715,0.0,25.842857142857145,226.02857142857144,1025.2,66.62857142857143,9.228571428571428,899
10.385714285714286,5.085714285714286,7.771428571428571,9.642857142857142,3.057142857142857,6.6000000000000005,94.85714285714286,0.3457142857142857,57.142857142857146,4.762857142857143,0.0,15.514285714285714,209.3142857142857,1015.8714285714286,70.12857142857142,12.485714285714286,759
7.685714285714285,2.771428571428572,5.571428571428571,6.242857142857143,-0.5142857142857143,3.3428571428571425,94.08571428571427,2.463285714285714,100.0,8.331428571428571,0.0,20.15714285714285,228.78571428571428,1018.657142857143,58.74285714285714,11.042857142857144,933
12.514285714285714,5.885714285714286,9.057142857142855,12.228571428571428,3.942857142857143,8.0,80.37142857142858,0.9938571428571428,42.85714285714285,3.572857142857143,0.0,21.485714285714288,163.1,1012.8857142857142,57.4,11.957142857142856,765
17.557142857142857,11.328571428571427,14.4,17.557142857142857,11.2,14.37142857142857,85.14285714285714,5.270857142857143,100.0,10.118571428571428,0.0,21.985714285714288,183.1142857142857,1006.5571428571428,48.68571428571429,19.214285714285715,729
11.285714285714286,6.2,8.928571428571429,11.042857142857144,4.757142857142857,7.942857142857143,91.82857142857142,0.5952857142857143,85.71428571428571,5.3585714285714285,0.0,22.585714285714285,245.82857142857145,1012.9285714285714,78.2,18.214285714285715,890
11.342857142857143,1.4714285714285715,6.485714285714286,10.2,-0.9857142857142858,4.628571428571428,67.24285714285715,0.2749999999999999,57.142857142857146,2.9771428571428573,0.0,22.62857142857143,200.94285714285712,1015.3714285714286,50.442857142857136,19.342857142857145,785
7.6571428571428575,2.414285714285714,5.1571428571428575,5.371428571428572,-1.4571428571428573,1.8,87.75714285714285,3.776857142857143,100.0,9.524285714285714,0.0,29.957142857142856,192.22857142857143,1000.2285714285716,53.04285714285714,18.428571428571427,954
13.842857142857143,7.628571428571429,10.685714285714283,13.842857142857143,5.785714285714286,9.914285714285716,87.84285714285714,1.755285714285714,100.0,7.738571428571428,0.0,22.142857142857142,223.72857142857143,1008.3714285714286,52.1,29.814285714285717,731
8.042857142857143,3.4857142857142853,5.7,6.357142857142857,0.0857142857142856,2.9714285714285715,81.64285714285714,0.0551428571428571,28.571428571428573,1.7857142857142858,3.0,28.74285714285714,249.17142857142855,1025.4,74.68571428571428,17.442857142857143,1015
14.957142857142856,6.957142857142857,10.957142857142856,14.957142857142856,5.6000000000000005,10.471428571428572,74.17142857142858,0.6974285714285715,42.85714285714285,5.952857142857143,0.0,19.442857142857143,209.55714285714288,1014.8,64.38571428571429,21.97142857142857,849
15.814285714285717,8.4,11.928571428571429,15.814285714285717,6.9,11.614285714285714,76.8,0.2422857142857142,71.42857142857143,3.5728571428571425,0.0,22.185714285714283,268.45714285714286,1021.5,74.25714285714285,21.685714285714287,728
17.82857142857143,8.4,13.214285714285714,17.82857142857143,6.942857142857143,12.914285714285716,69.25714285714285,0.026,57.142857142857146,5.358571428571429,0.0,15.928571428571429,256.3857142857143,1014.4714285714286,66.14285714285714,25.428571428571427,800
20.457142857142856,13.171428571428573,16.52857142857143,20.457142857142856,13.171428571428573,16.52857142857143,74.11428571428571,1.1372857142857142,42.85714285714285,2.381428571428572,0.0,18.77142857142857,247.97142857142856,1015.842857142857,74.2,22.27142857142857,676
4.128571428571429,-0.7285714285714286,1.3285714285714287,1.5142857142857142,-5.128571428571428,-2.257142857142857,87.45714285714287,1.8662857142857143,57.142857142857146,2.9771428571428573,3.46,22.87142857142857,179.15714285714287,996.9571428571428,76.51428571428572,12.12857142857143,1067
9.3,4.957142857142856,7.285714285714286,8.528571428571428,2.2,5.385714285714286,84.31428571428572,1.0507142857142855,85.71428571428571,8.928571428571429,0.0,24.714285714285715,206.9142857142857,1019.0142857142856,79.57142857142857,13.7,854
25.6,14.7,20.228571428571428,25.9,14.7,20.24285714285714,72.58571428571429,0.0489999999999999,28.571428571428573,1.7857142857142858,0.0,15.342857142857143,162.82857142857142,1024.8142857142857,56.12857142857143,15.7,767
20.728571428571428,13.914285714285716,17.342857142857145,20.728571428571428,13.914285714285716,17.342857142857145,77.25714285714285,0.1945714285714286,100.0,7.144285714285714,0.0,15.585714285714284,247.7,1015.9,72.31428571428572,23.6,764
8.342857142857143,-0.3571428571428571,3.4,6.785714285714286,-3.085714285714286,1.4142857142857144,78.92857142857143,0.2364285714285714,85.71428571428571,4.168571428571428,0.0,14.62857142857143,202.27142857142852,1029.642857142857,26.742857142857144,15.114285714285714,760
7.428571428571429,1.0857142857142856,4.371428571428571,5.057142857142857,-2.557142857142857,1.1999999999999995,86.18571428571428,1.878857142857143,100.0,10.714285714285714,0.1999999999999999,25.642857142857142,233.4857142857143,1010.5857142857144,58.92857142857143,18.957142857142856,1030
5.742857142857143,1.9714285714285715,3.7714285714285714,2.7285714285714286,-1.4,0.4714285714285714,86.28571428571429,1.1028571428571428,100.0,10.714285714285714,0.3,21.285714285714285,238.78571428571428,997.2285714285716,62.91428571428571,22.228571428571428,892
24.214285714285715,15.042857142857144,19.514285714285712,24.214285714285715,15.042857142857144,19.514285714285712,74.97142857142856,1.3074285714285716,100.0,6.548571428571429,0.0,19.75714285714286,150.57142857142858,1013.4571428571428,51.98571428571428,17.04285714285714,775
20.142857142857142,11.3,15.814285714285717,20.142857142857142,11.071428571428571,15.8,72.81428571428572,2.320857142857143,71.42857142857143,5.952857142857143,0.0,20.228571428571428,241.1142857142857,1014.2428571428572,56.01428571428571,29.25714285714286,813
15.171428571428573,7.114285714285714,10.514285714285714,15.171428571428573,4.285714285714286,9.185714285714283,79.01428571428572,0.4198571428571429,42.85714285714285,1.7871428571428571,0.0,27.17142857142857,55.5,1015.1714285714286,68.47142857142858,11.185714285714283,821
9.357142857142858,5.8,7.485714285714286,7.971428571428571,2.8000000000000003,5.242857142857143,92.95714285714288,0.4255714285714285,85.71428571428571,4.762857142857143,0.0,24.02857142857143,183.58571428571423,1012.7285714285716,80.24285714285715,10.685714285714283,776
8.685714285714285,3.985714285714285,6.242857142857143,5.914285714285714,-0.4714285714285714,2.3000000000000003,82.37142857142858,2.583428571428571,57.142857142857146,4.76,0.0,38.2,230.3571428571429,1001.0571428571428,69.77142857142857,29.457142857142856,939
8.885714285714286,6.0,7.542857142857143,8.0,2.685714285714286,5.428571428571429,81.78571428571429,0.0005714285714285,14.285714285714286,0.5957142857142858,0.0,25.942857142857147,220.8857142857143,1029.7285714285715,91.48571428571428,18.528571428571432,1108
21.057142857142857,11.071428571428571,15.55714285714286,21.057142857142857,10.771428571428572,15.514285714285714,79.37142857142858,0.0035714285714285,28.571428571428573,1.7857142857142858,0.0,19.457142857142856,257.42857142857144,1024.857142857143,51.91428571428571,25.142857142857142,761
7.057142857142857,1.157142857142857,4.042857142857143,3.971428571428572,-2.628571428571429,0.5142857142857143,81.57142857142857,2.4851428571428573,100.0,9.522857142857143,0.0,26.6,247.14285714285717,1009.7285714285716,58.12857142857143,16.357142857142858,828
3.928571428571429,-0.1285714285714285,1.8,0.1428571428571428,-5.128571428571428,-2.642857142857143,80.14285714285714,0.93,100.0,8.928571428571429,0.0,24.97142857142857,104.14285714285714,1025.2285714285713,65.1,10.514285714285714,862
24.928571428571427,14.585714285714284,20.071428571428573,24.985714285714288,14.585714285714284,20.085714285714285,72.21428571428571,0.0102857142857142,42.85714285714285,3.571428571428572,0.0,16.728571428571428,214.94285714285712,1018.1,52.17142857142857,24.61428571428572,857
9.028571428571428,5.714285714285714,7.257142857142857,7.899999999999999,3.7,5.385714285714286,92.3,2.4607142857142854,71.42857142857143,5.954285714285715,0.0,20.085714285714285,121.71428571428572,1014.7142857142856,81.95714285714287,8.514285714285714,871
15.857142857142858,7.142857142857143,11.485714285714286,15.857142857142858,5.042857142857143,10.87142857142857,70.05714285714285,0.3352857142857143,28.571428571428573,1.7857142857142858,0.0,27.057142857142857,236.7142857142857,1014.8142857142856,58.3,28.0,784
15.757142857142856,11.642857142857142,13.4,15.757142857142856,11.642857142857142,13.4,89.32857142857142,0.8778571428571428,85.71428571428571,6.545714285714285,0.0,23.0,146.28571428571428,1013.7,95.58571428571427,8.685714285714285,755
22.02857142857143,11.62857142857143,17.15714285714286,22.17142857142857,11.4,17.17142857142857,67.2,0.0,0.0,0.0,0.0,19.057142857142857,217.8142857142857,1020.6285714285714,43.04285714285714,29.485714285714284,755
14.7,5.385714285714286,9.685714285714283,14.185714285714283,2.5142857142857147,8.0,66.3,0.0491428571428571,28.571428571428573,1.1914285714285715,0.0,24.77142857142857,230.08571428571423,1027.4428571428573,50.44285714285714,24.457142857142856,753
1.957142857142857,-2.2857142857142856,-0.1999999999999999,0.4571428571428572,-4.728571428571429,-2.5285714285714285,92.97142857142856,0.066,85.71428571428571,5.952857142857143,1.0,13.685714285714283,127.25714285714284,1026.7142857142858,49.41428571428571,5.471428571428571,966
4.585714285714286,-0.2428571428571428,2.0571428571428574,3.3285714285714287,-3.5571428571428574,-0.4999999999999999,84.47142857142856,0.2897142857142857,71.42857142857143,3.5728571428571425,3.475,15.085714285714284,265.27142857142854,1027.3857142857144,59.74285714285714,12.242857142857144,882
4.814285714285714,0.3714285714285714,2.7,2.4285714285714284,-1.9857142857142855,0.1428571428571428,84.60000000000001,0.103,85.71428571428571,3.5742857142857143,0.0,16.5,136.82857142857145,1030.2285714285715,60.55714285714286,12.6,833
3.914285714285714,-1.3571428571428572,1.0,0.2857142857142857,-5.585714285714286,-2.814285714285714,79.07142857142857,0.4352857142857143,57.142857142857146,4.167142857142857,0.6,23.24285714285714,228.52857142857144,1012.0428571428572,39.5,22.24285714285714,831
18.057142857142857,12.328571428571427,14.7,18.057142857142857,12.057142857142855,14.671428571428573,86.12857142857142,7.947285714285714,85.71428571428571,10.118571428571428,0.0,19.142857142857142,175.42857142857142,1003.2428571428572,61.25714285714286,18.514285714285712,842
16.342857142857145,10.3,13.0,16.342857142857145,9.528571428571428,12.8,79.41428571428571,2.8191428571428574,42.85714285714285,3.5700000000000003,0.0,20.15714285714285,142.05714285714285,1008.7142857142856,86.24285714285715,18.47142857142857,777
7.814285714285715,2.4,4.8,6.528571428571429,-0.7714285714285714,2.1142857142857143,89.07142857142857,2.599428571428572,100.0,8.928571428571429,0.5857142857142856,24.571428571428573,238.0428571428572,1008.3714285714286,67.71428571428571,23.7,1153
16.2,8.514285714285714,12.314285714285717,16.2,7.257142857142857,11.957142857142856,75.91428571428571,0.2674285714285714,42.85714285714285,1.7871428571428571,0.0,24.385714285714283,259.65714285714284,1022.1142857142858,68.11428571428571,22.67142857142857,746
7.785714285714286,0.8714285714285713,3.971428571428572,6.328571428571428,-1.4,2.1142857142857143,81.61428571428571,0.7619999999999999,85.71428571428571,4.762857142857143,0.0,18.5,217.2428571428572,1016.0285714285714,52.98571428571428,17.228571428571428,903
18.542857142857144,8.685714285714285,13.928571428571429,18.542857142857144,8.22857142857143,13.785714285714286,68.85714285714286,0.0,0.0,0.0,0.0,19.24285714285714,274.7142857142857,1024.7285714285713,54.41428571428571,17.714285714285715,816
9.085714285714284,3.2857142857142856,6.3,6.485714285714286,0.4571428571428572,3.5285714285714285,84.71428571428571,0.9221428571428572,57.142857142857146,2.382857142857143,0.0,26.914285714285715,215.3428571428572,1011.1428571428572,78.32857142857142,16.95714285714286,954
17.571428571428573,5.4,11.55714285714286,17.571428571428573,4.385714285714285,11.142857142857142,67.58571428571427,0.0004285714285714,14.285714285714286,0.5957142857142858,0.0,15.314285714285717,104.22857142857144,1029.4571428571428,47.871428571428574,26.928571428571427,766
19.6,11.3,15.457142857142856,19.62857142857143,11.3,15.457142857142856,69.48571428571428,0.4005714285714286,28.571428571428573,1.7857142857142858,0.0,29.557142857142853,208.41428571428568,1014.1857142857144,74.67142857142858,24.285714285714285,785
18.814285714285717,11.7,14.87142857142857,18.814285714285717,11.37142857142857,14.842857142857143,85.67142857142858,0.3215714285714285,42.85714285714285,1.7871428571428571,0.0,21.67142857142857,165.68571428571428,1017.2142857142856,77.01428571428572,12.62857142857143,683
15.057142857142855,6.014285714285714,10.05714285714286,15.057142857142855,4.214285714285714,9.257142857142856,75.32857142857142,0.0,0.0,0.0,0.0,22.142857142857142,180.82857142857145,1011.4428571428572,69.2,11.928571428571429,796
16.228571428571428,9.2,12.671428571428573,16.228571428571428,8.471428571428572,12.328571428571427,83.67142857142858,0.0,0.0,0.0,0.0,21.985714285714288,160.3857142857143,1013.2142857142856,81.95714285714287,13.742857142857144,728
8.6,5.1571428571428575,7.057142857142857,6.914285714285714,2.157142857142857,4.642857142857143,91.77142857142856,0.753,57.142857142857146,4.76,0.0,22.0,126.1,1009.9142857142856,83.45714285714287,10.128571428571428,926
20.057142857142857,11.94285714285714,15.714285714285714,20.057142857142857,11.771428571428572,15.685714285714283,79.3142857142857,1.1542857142857144,85.71428571428571,6.548571428571429,0.0,21.74285714285714,215.8428571428572,1010.7142857142856,46.68571428571429,21.1,712
15.828571428571433,11.714285714285714,13.5,15.828571428571433,11.714285714285714,13.5,79.39999999999999,0.0031428571428571,28.571428571428573,1.1914285714285715,0.0,12.12857142857143,78.15714285714286,1022.5714285714286,95.15714285714286,19.24285714285714,741
18.6,12.342857142857143,15.3,18.6,12.342857142857143,15.3,83.05714285714285,1.6432857142857142,57.142857142857146,4.1657142857142855,0.0,18.542857142857144,108.18571428571428,1012.3571428571428,88.22857142857143,12.171428571428573,806
14.44285714285714,6.1571428571428575,10.285714285714286,14.44285714285714,4.2,9.37142857142857,77.88571428571429,4.761714285714286,100.0,10.715714285714286,0.0,20.7,191.1142857142857,1006.0285714285714,44.52857142857143,22.82857142857143,760
14.042857142857144,6.414285714285714,9.957142857142856,14.042857142857144,3.5142857142857147,8.82857142857143,78.61428571428573,0.6924285714285714,71.42857142857143,5.357142857142857,0.0,33.957142857142856,185.3857142857143,1007.6,72.64285714285714,20.7,774
18.728571428571428,11.385714285714286,14.94285714285714,18.728571428571428,10.842857142857143,14.87142857142857,72.1,0.9497142857142858,57.142857142857146,4.167142857142857,0.0,19.7,213.92857142857144,1017.5142857142856,52.91428571428571,19.87142857142857,729
9.242857142857144,2.042857142857143,5.857142857142857,8.0,-1.4285714285714286,3.3285714285714283,80.07142857142857,5.471428571428571,42.85714285714285,5.357142857142857,0.3857142857142857,21.014285714285712,169.64285714285714,1014.7571428571428,62.85714285714285,18.714285714285715,845
13.771428571428572,5.114285714285714,9.285714285714286,13.55714285714286,2.5142857142857147,8.014285714285714,73.82857142857142,3.3882857142857143,57.142857142857146,5.954285714285716,0.0,24.04285714285714,218.8428571428572,1001.4428571428572,42.871428571428574,21.928571428571427,731
20.942857142857143,13.0,17.014285714285716,20.942857142857143,13.0,17.014285714285716,73.91428571428571,0.5908571428571429,71.42857142857143,5.357142857142857,0.0,15.1,201.55714285714288,1017.1,68.65714285714286,25.571428571428573,777
14.62857142857143,9.5,12.05714285714286,14.62857142857143,8.1,11.742857142857144,79.98571428571428,1.631285714285714,85.71428571428571,5.952857142857143,0.0,24.37142857142857,249.47142857142856,1015.8,69.44285714285715,26.1,806
4.914285714285714,1.0571428571428572,3.1142857142857143,2.9,-1.7571428571428571,0.4571428571428572,86.31428571428572,0.507,100.0,8.332857142857142,0.0,18.071428571428573,209.5,1021.8285714285714,69.32857142857144,10.585714285714284,887
18.071428571428573,11.142857142857142,14.071428571428571,18.071428571428573,10.357142857142858,13.985714285714286,83.45714285714287,1.2104285714285712,85.71428571428571,4.168571428571428,0.0,26.442857142857143,261.4142857142857,1010.0285714285714,80.54285714285716,17.814285714285713,707
14.9,7.428571428571429,10.671428571428573,14.9,4.9,9.671428571428573,82.01428571428572,4.639,100.0,11.31,0.0,28.457142857142856,212.87142857142857,1001.6857142857144,69.61428571428571,22.642857142857142,849
8.457142857142857,3.2857142857142856,6.171428571428571,6.214285714285714,-0.4142857142857142,3.3000000000000003,91.01428571428572,0.2678571428571428,100.0,10.712857142857144,0.0,26.15714285714285,217.5142857142857,1017.1428571428572,68.07142857142857,10.985714285714286,1009
12.357142857142858,6.171428571428572,9.128571428571428,12.357142857142858,3.914285714285714,7.628571428571428,76.88571428571429,1.7242857142857144,85.71428571428571,7.738571428571428,0.0,32.642857142857146,227.6142857142857,1014.1,52.85714285714285,21.1,846
3.3857142857142857,-1.0857142857142856,1.0142857142857142,1.2857142857142858,-4.614285714285714,-1.8714285714285717,89.15714285714286,0.7750000000000001,100.0,9.522857142857143,1.2571428571428571,15.728571428571428,182.55714285714288,1013.7142857142856,74.61428571428571,15.87142857142857,1128
15.8,8.27142857142857,12.37142857142857,15.8,6.785714285714286,12.042857142857144,73.95714285714287,0.4745714285714286,42.85714285714285,1.7871428571428571,0.0,27.314285714285717,217.27142857142852,1015.2,57.60000000000001,24.8,777
4.485714285714286,-2.542857142857143,0.6285714285714284,1.4857142857142858,-6.242857142857143,-2.8857142857142857,88.62857142857142,0.0,0.0,0.0,0.0,18.928571428571427,90.87142857142858,1027.0571428571427,44.21428571428572,8.685714285714287,894
18.97142857142857,10.085714285714284,14.242857142857144,18.97142857142857,9.471428571428572,14.042857142857144,76.31428571428572,0.3957142857142857,42.85714285714285,2.975714285714285,0.0,22.014285714285712,271.95714285714286,1017.1857142857144,65.91428571428571,27.67142857142857,740
11.514285714285714,3.957142857142857,7.399999999999999,10.671428571428573,0.5571428571428572,5.185714285714285,76.75714285714285,0.1357142857142857,42.85714285714285,1.7871428571428571,0.0,25.042857142857144,118.65714285714284,1024.2714285714287,72.37142857142858,21.1,824
11.2,3.571428571428572,6.971428571428571,11.2,0.6,4.957142857142857,76.68571428571428,2.0662857142857143,85.71428571428571,5.357142857142857,0.0,26.914285714285715,192.2428571428572,1000.1428571428572,70.31428571428572,24.228571428571428,804
10.5,2.5,6.6000000000000005,9.157142857142857,-1.1142857142857143,3.814285714285714,70.14285714285714,0.6512857142857144,57.142857142857146,2.9771428571428573,0.0,29.728571428571428,217.02857142857144,1010.4,58.871428571428574,24.2,799
13.242857142857144,7.385714285714286,10.271428571428572,13.242857142857144,5.6571428571428575,9.62857142857143,87.84285714285714,0.4755714285714285,100.0,10.118571428571428,0.0,21.67142857142857,205.75714285714284,1013.0571428571428,74.51428571428572,13.442857142857145,782
11.171428571428573,4.1,7.914285714285714,10.7,1.542857142857143,6.085714285714286,79.18571428571428,1.2695714285714286,57.142857142857146,3.571428571428572,0.0,25.97142857142857,235.94285714285712,1020.2571428571428,77.02857142857144,15.185714285714283,801
16.685714285714287,9.057142857142855,12.857142857142858,16.685714285714287,8.571428571428571,12.614285714285714,76.14285714285714,0.3622857142857142,71.42857142857143,4.167142857142857,0.0,25.65714285714285,169.91428571428574,1004.6714285714286,73.22857142857143,20.1,721
24.3,14.62857142857143,19.385714285714283,24.32857142857143,14.62857142857143,19.4,73.24285714285715,0.3535714285714286,42.85714285714285,4.762857142857143,0.0,19.085714285714285,142.75714285714284,1017.5428571428572,58.11428571428571,15.042857142857144,798
12.757142857142856,7.442857142857143,10.314285714285717,12.757142857142856,5.585714285714286,9.171428571428573,84.62857142857142,3.269285714285714,100.0,8.930000000000001,0.0714285714285714,30.514285714285712,210.37142857142857,1002.3142857142856,58.142857142857146,20.0,804
6.971428571428571,2.814285714285714,4.8,4.642857142857143,-0.0428571428571428,2.2,83.92857142857143,1.0557142857142856,71.42857142857143,7.738571428571428,0.0,20.014285714285712,154.2,1028.857142857143,56.44285714285714,15.271428571428572,779
10.728571428571428,4.028571428571429,7.285714285714286,10.2,1.5,5.057142857142857,80.8,3.6835714285714287,85.71428571428571,7.738571428571428,0.0,29.88571428571429,235.87142857142857,1006.8571428571428,50.48571428571428,19.385714285714283,870
13.2,2.7,8.171428571428573,12.928571428571429,0.7857142857142857,6.942857142857143,65.77142857142857,0.0882857142857142,57.142857142857146,3.5728571428571425,0.3999999999999999,17.228571428571428,208.22857142857143,1018.6,31.014285714285712,16.02857142857143,713
15.942857142857145,9.828571428571427,12.728571428571428,15.942857142857145,9.157142857142857,12.6,79.45714285714287,0.4305714285714286,85.71428571428571,10.118571428571428,0.0,13.471428571428572,146.84285714285716,1021.0142857142856,83.42857142857143,10.114285714285714,728
9.271428571428572,1.7428571428571429,5.642857142857143,6.942857142857143,-1.6428571428571428,2.6,73.85714285714286,0.1437142857142857,57.142857142857146,2.382857142857143,0.0,26.27142857142857,160.11428571428573,1021.0714285714286,69.34285714285714,19.15714285714285,815
19.057142857142857,12.014285714285714,15.471428571428572,19.057142857142857,11.814285714285717,15.457142857142856,78.08571428571429,1.3961428571428571,85.71428571428571,8.930000000000001,0.0,19.185714285714287,272.65714285714284,1005.7714285714284,50.114285714285714,25.442857142857143,725
7.385714285714286,4.0,5.942857142857143,4.6000000000000005,0.5428571428571429,2.4857142857142853,92.65714285714286,1.6434285714285717,100.0,5.952857142857143,0.0,34.22857142857143,159.3857142857143,986.2857142857144,84.42857142857143,10.585714285714284,956
12.242857142857144,8.557142857142857,10.457142857142856,11.928571428571429,6.4,9.2,83.92857142857143,4.612571428571428,85.71428571428571,8.332857142857142,0.0,33.114285714285714,230.3142857142857,1007.5571428571428,58.67142857142858,21.95714285714286,845
5.728571428571428,3.242857142857143,4.557142857142857,4.485714285714286,0.6285714285714284,2.757142857142857,91.02857142857144,0.0474285714285714,42.85714285714285,2.975714285714285,0.0,12.257142857142856,72.65714285714286,1032.8285714285714,92.27142857142856,4.628571428571428,1165
16.085714285714285,7.6571428571428575,11.571428571428571,16.085714285714285,6.085714285714286,10.87142857142857,75.15714285714286,1.1850000000000005,42.85714285714285,2.381428571428572,0.0,20.12857142857143,97.67142857142856,1017.4571428571428,67.58571428571429,16.385714285714286,740
4.714285714285714,1.385714285714286,3.085714285714286,1.342857142857143,-3.3714285714285714,-1.1,88.67142857142858,0.3717142857142857,85.71428571428571,5.357142857142857,0.0,27.11428571428572,122.71428571428572,1017.2428571428572,89.01428571428572,7.728571428571428,950
9.157142857142857,5.528571428571429,7.571428571428571,6.971428571428571,2.085714285714286,5.114285714285714,89.65714285714286,3.117857142857143,100.0,10.712857142857144,0.0,31.9,232.27142857142857,1001.7571428571428,55.84285714285714,19.085714285714285,819
15.62857142857143,10.742857142857144,13.185714285714283,15.62857142857143,10.042857142857144,13.1,87.15714285714286,6.029428571428572,100.0,8.332857142857142,0.5857142857142856,22.514285714285712,214.2142857142857,1004.4714285714286,55.68571428571429,14.842857142857143,785
16.8,7.228571428571429,12.5,16.8,5.971428571428571,12.085714285714284,73.17142857142858,1.3247142857142855,14.285714285714286,1.19,0.0,25.142857142857142,236.95714285714288,1016.5571428571428,69.8,22.014285714285712,786
15.185714285714283,3.742857142857143,9.128571428571428,15.185714285714283,1.7285714285714284,8.042857142857143,74.14285714285714,0.0292857142857142,28.571428571428573,1.1914285714285715,0.0,16.814285714285713,92.71428571428572,1026.5571428571427,48.17142857142857,17.1,797
11.314285714285717,5.842857142857143,8.942857142857143,10.328571428571427,3.7714285714285714,7.428571428571429,81.62857142857142,0.5704285714285714,71.42857142857143,7.738571428571428,0.0,32.9,208.58571428571423,1018.4714285714286,73.25714285714285,17.685714285714287,909
9.485714285714286,4.257142857142857,6.771428571428571,7.671428571428571,0.7000000000000001,3.6,81.04285714285713,1.6865714285714286,100.0,6.547142857142857,0.0,34.614285714285714,207.42857142857144,1006.4428571428572,62.84285714285714,26.3,841
14.2,8.0,10.771428571428572,14.2,7.371428571428572,10.485714285714286,89.37142857142858,1.6724285714285716,71.42857142857143,4.761428571428572,0.0,18.32857142857143,155.67142857142858,995.9571428571428,75.28571428571429,13.914285714285716,784
6.6571428571428575,2.314285714285714,4.171428571428572,4.071428571428571,-2.0571428571428574,0.8285714285714285,91.52857142857144,4.188285714285714,100.0,10.118571428571428,0.0,25.7,161.92857142857142,995.8571428571428,78.72857142857143,13.5,859
15.685714285714283,10.985714285714286,12.985714285714286,15.685714285714283,10.671428571428573,12.885714285714286,87.07142857142857,1.932428571428572,57.142857142857146,8.334285714285715,3.5,22.61428571428572,230.3,997.6428571428572,83.38571428571429,11.585714285714284,767
13.871428571428572,6.028571428571429,9.857142857142858,13.871428571428572,4.014285714285714,9.057142857142855,79.75714285714285,1.1171428571428572,42.85714285714285,2.975714285714285,0.0,26.5,213.8428571428572,1010.342857142857,61.67142857142857,15.957142857142856,796
9.528571428571428,2.857142857142857,6.185714285714285,8.585714285714285,0.6142857142857142,4.4,82.47142857142856,0.382,57.142857142857146,3.5728571428571425,0.0,16.928571428571427,177.91428571428574,1012.7571428571428,67.57142857142857,10.928571428571429,798
11.785714285714286,6.128571428571428,8.914285714285715,11.542857142857144,2.8285714285714287,7.1000000000000005,81.37142857142858,0.6817142857142857,71.42857142857143,4.167142857142857,0.0,41.04285714285714,208.65714285714287,1011.5142857142856,68.9,20.37142857142857,777
16.785714285714285,10.37142857142857,13.614285714285714,16.785714285714285,9.7,13.585714285714284,77.04285714285713,0.4075714285714285,71.42857142857143,3.5728571428571425,0.0,22.32857142857143,255.92857142857144,1008.7428571428572,77.62857142857142,25.61428571428572,703
17.099999999999998,10.028571428571428,13.685714285714283,17.099999999999998,9.357142857142858,13.5,85.45714285714287,2.012142857142857,85.71428571428571,8.334285714285715,0.0,21.11428571428572,246.42857142857144,1012.5285714285714,56.885714285714286,17.242857142857144,798
23.857142857142858,11.9,17.857142857142858,23.785714285714285,11.9,17.82857142857143,61.68571428571429,0.002,14.285714285714286,0.5957142857142858,0.0,20.9,206.64285714285717,1025.928571428571,41.55714285714286,23.37142857142857,792
15.542857142857144,8.9,12.271428571428572,15.542857142857144,7.757142857142857,11.928571428571429,75.12857142857142,0.6657142857142857,100.0,8.928571428571429,0.0,23.5,284.8285714285714,1013.2285714285716,61.34285714285714,26.642857142857142,751
25.8,13.914285714285716,19.7,25.25714285714286,13.914285714285716,19.557142857142857,65.65714285714286,0.155,28.571428571428573,1.7857142857142858,0.0,19.6,160.15714285714284,1017.1714285714286,40.3,18.3,713
11.885714285714286,8.72857142857143,10.471428571428572,11.27142857142857,7.6,9.685714285714283,94.41428571428573,2.2817142857142856,100.0,7.141428571428572,0.0,22.928571428571427,163.3857142857143,1002.0428571428572,84.74285714285715,9.285714285714286,844
16.185714285714287,9.928571428571429,12.857142857142858,16.185714285714287,9.157142857142857,12.757142857142856,74.07142857142857,1.3605714285714288,71.42857142857143,4.167142857142857,0.0,26.857142857142858,251.42857142857144,1005.5428571428572,76.08571428571429,31.3,782
19.842857142857145,11.342857142857143,15.657142857142857,19.842857142857145,11.071428571428571,15.6,77.68571428571428,0.3017142857142857,14.285714285714286,1.7857142857142858,0.0,17.942857142857143,258.25714285714287,1021.0571428571428,58.871428571428574,19.685714285714287,694
6.442857142857143,2.6714285714285717,4.757142857142857,4.385714285714285,-0.9428571428571428,1.8571428571428568,93.75714285714284,6.368714285714286,85.71428571428571,9.522857142857143,0.0,20.12857142857143,139.24285714285716,997.9,84.65714285714286,11.642857142857142,997
10.714285714285714,5.9,8.428571428571429,9.657142857142857,3.1142857142857143,6.685714285714285,83.65714285714286,1.5547142857142855,85.71428571428571,6.547142857142857,0.0,28.228571428571428,250.65714285714287,1011.8857142857142,78.3,33.05714285714286,978
17.3,8.67142857142857,12.685714285714283,17.3,7.6,12.485714285714286,79.32857142857142,0.035,42.85714285714285,2.9771428571428573,0.0,18.057142857142857,181.45714285714288,1024.8857142857144,61.72857142857142,18.02857142857143,801
4.4,-0.3285714285714286,1.9,3.457142857142857,-2.442857142857143,0.7714285714285714,96.58571428571427,0.9022857142857144,100.0,6.547142857142857,0.0,9.542857142857144,235.22857142857143,1033.2285714285715,61.05714285714286,5.185714285714285,788
12.842857142857143,4.571428571428571,8.757142857142856,11.842857142857143,2.185714285714286,7.0,78.45714285714287,1.1727142857142856,42.85714285714285,1.7871428571428571,0.0,25.414285714285715,233.77142857142852,1005.6857142857144,76.51428571428572,17.37142857142857,849
6.342857142857143,0.4428571428571428,3.414285714285714,4.557142857142857,-2.3428571428571425,0.9428571428571428,89.31428571428572,0.0807142857142857,85.71428571428571,4.762857142857143,2.25,17.914285714285715,193.4857142857143,1018.4285714285714,74.28571428571429,4.885714285714286,1172
7.871428571428571,2.742857142857143,5.285714285714286,5.271428571428571,-0.942857142857143,1.8142857142857145,83.78571428571429,1.7028571428571428,85.71428571428571,4.762857142857143,0.0,32.32857142857143,221.7142857142857,994.1285714285714,68.74285714285715,22.285714285714285,918
12.014285714285714,7.528571428571429,9.642857142857142,11.571428571428571,5.842857142857143,8.485714285714286,85.32857142857142,0.126,71.42857142857143,2.9785714285714286,0.0,16.842857142857145,191.27142857142857,1007.1714285714286,86.12857142857142,9.5,834
17.414285714285715,11.585714285714284,14.257142857142856,17.414285714285715,11.44285714285714,14.242857142857144,84.51428571428572,2.8352857142857144,100.0,13.691428571428572,0.0,20.82857142857143,211.32857142857145,1003.5857142857144,56.17142857142857,22.228571428571428,766
22.9,13.62857142857143,18.357142857142858,22.942857142857143,13.62857142857143,18.37142857142857,72.9,2.6957142857142853,57.142857142857146,6.547142857142857,0.0,21.97142857142857,220.6,1013.1142857142858,63.35714285714285,31.61428571428572,766
3.271428571428572,-0.7142857142857143,1.4,1.0714285714285714,-4.2,-1.657142857142857,86.44285714285715,2.289285714285714,100.0,9.524285714285714,1.8428571428571427,17.642857142857142,151.4,1016.9,60.87142857142857,10.728571428571428,903
10.414285714285716,5.342857142857143,7.814285714285715,9.814285714285717,3.085714285714286,6.342857142857143,93.27142857142856,0.3375714285714286,100.0,5.954285714285715,0.0,17.47142857142857,195.44285714285712,1019.5571428571428,60.442857142857136,11.4,800
20.042857142857144,12.2,16.228571428571428,20.042857142857144,12.2,16.228571428571428,82.01428571428572,0.1612857142857142,42.85714285714285,2.381428571428572,0.0,18.942857142857143,274.5,1014.6,51.5,17.414285714285715,657
14.37142857142857,7.742857142857143,11.071428571428571,14.37142857142857,5.714285714285714,10.37142857142857,72.61428571428571,0.7371428571428572,100.0,9.524285714285714,0.0,26.27142857142857,252.45714285714288,1018.1857142857144,55.48571428571428,23.457142857142856,757
22.942857142857143,13.514285714285714,18.02857142857143,22.914285714285715,13.514285714285714,18.02857142857143,74.78571428571429,0.8765714285714286,57.142857142857146,4.762857142857143,0.0,15.885714285714286,229.9142857142857,1014.7142857142856,56.04285714285714,22.214285714285715,713
13.9,2.4,7.7,13.9,0.7571428571428571,6.814285714285714,76.88571428571429,0.0,0.0,0.0,0.0,15.228571428571428,134.85714285714286,1020.7142857142856,40.371428571428574,5.085714285714286,854
5.414285714285714,1.7571428571428571,3.557142857142857,2.542857142857143,-2.042857142857143,0.3285714285714287,90.07142857142857,1.9218571428571427,100.0,12.5,0.2714285714285714,21.428571428571427,256.8857142857143,996.7857142857144,64.52857142857142,12.62857142857143,895
10.514285714285714,6.457142857142857,8.371428571428572,9.857142857142858,2.8000000000000003,5.671428571428572,82.15714285714286,2.6944285714285714,100.0,10.712857142857144,0.0,32.857142857142854,227.3428571428572,991.1,52.24285714285715,20.02857142857143,791
10.214285714285714,3.9142857142857146,7.371428571428571,9.0,0.3857142857142857,4.757142857142857,80.57142857142857,1.4697142857142858,100.0,9.522857142857143,0.0,33.871428571428574,238.45714285714288,1014.9285714285714,73.3,19.442857142857143,819
6.857142857142857,4.671428571428572,5.757142857142857,6.471428571428571,3.314285714285714,4.685714285714285,84.27142857142857,0.0409999999999999,28.571428571428573,1.1914285714285715,0.0,12.3,60.471428571428575,1031.428571428571,87.91428571428571,9.242857142857144,827
18.857142857142858,10.714285714285714,15.071428571428571,18.857142857142858,10.12857142857143,14.928571428571429,74.21428571428571,2.0628571428571427,71.42857142857143,7.142857142857143,0.0,19.74285714285714,240.5,1016.2857142857144,61.642857142857146,23.27142857142857,831
11.142857142857142,6.771428571428571,8.885714285714286,10.314285714285711,4.228571428571429,6.857142857142857,91.2,3.800857142857143,100.0,12.5,0.0,31.557142857142857,181.8,999.4142857142856,61.34285714285714,15.5,827
14.285714285714286,6.771428571428571,9.94285714285714,14.285714285714286,4.5,8.714285714285714,88.7,1.1549999999999998,71.42857142857143,5.3585714285714285,0.0,23.74285714285714,77.24285714285715,1013.5571428571428,79.60000000000001,9.9,838
21.514285714285712,10.485714285714286,16.142857142857142,21.514285714285712,10.3,16.12857142857143,72.1,0.0878571428571428,14.285714285714286,1.19,0.0,16.17142857142857,159.0142857142857,1019.6857142857144,36.48571428571429,19.52857142857143,769
15.44285714285714,7.885714285714286,11.485714285714286,15.44285714285714,6.428571428571429,10.9,69.62857142857142,0.1702857142857143,85.71428571428571,5.954285714285715,0.0142857142857142,19.314285714285717,307.5,1021.8285714285714,46.62857142857143,24.542857142857144,746
13.028571428571428,7.485714285714286,10.242857142857144,12.12857142857143,5.642857142857143,9.128571428571428,81.81428571428572,0.8475714285714285,100.0,8.927142857142858,0.0,20.5,318.0142857142857,1013.1857142857144,80.2,19.457142857142856,768
21.12857142857143,11.771428571428572,16.385714285714286,21.12857142857143,11.614285714285714,16.357142857142858,76.27142857142857,4.008571428571428,42.85714285714285,5.952857142857143,0.0,13.785714285714286,269.4428571428571,1017.6714285714286,43.62857142857143,14.94285714285714,785
10.171428571428573,4.457142857142857,7.185714285714285,9.62857142857143,1.0285714285714287,4.771428571428571,72.38571428571429,1.621857142857143,57.142857142857146,2.9771428571428573,0.0,30.800000000000004,222.65714285714284,1010.9142857142856,78.32857142857142,25.585714285714285,853
9.328571428571427,4.128571428571428,6.685714285714285,7.9142857142857155,0.8285714285714286,4.185714285714286,86.15714285714286,2.9182857142857146,85.71428571428571,8.332857142857142,0.0,27.842857142857145,221.75714285714284,995.9142857142856,39.75714285714286,18.342857142857145,820
13.185714285714283,8.742857142857144,10.657142857142857,13.185714285714283,7.885714285714286,10.085714285714287,89.42857142857143,0.2907142857142857,57.142857142857146,2.9771428571428573,0.0,16.771428571428572,122.9,1020.3714285714286,75.92857142857143,11.2,711
4.957142857142857,0.6285714285714287,2.9285714285714284,2.242857142857143,-3.942857142857143,-0.7999999999999999,90.45714285714288,0.3972857142857143,57.142857142857146,4.1657142857142855,1.5,23.97142857142857,106.21428571428572,1020.7142857142856,77.15714285714286,8.428571428571429,902
11.2,7.514285714285714,9.514285714285714,10.44285714285714,5.257142857142857,8.414285714285715,95.88571428571429,0.8027142857142857,100.0,7.74,0.0571428571428571,19.985714285714288,58.7,1020.3857142857142,74.82857142857142,11.842857142857143,726
10.471428571428572,1.614285714285714,6.185714285714285,8.842857142857143,-1.3,4.142857142857143,73.24285714285715,0.3608571428571428,71.42857142857143,2.9785714285714286,0.0,20.4,249.58571428571423,1028.4571428571428,55.457142857142856,20.82857142857143,797
24.885714285714283,13.757142857142856,18.97142857142857,24.842857142857145,13.757142857142856,18.97142857142857,73.92857142857143,0.2887142857142857,14.285714285714286,1.19,0.0,19.1,198.5,1016.3857142857142,46.65714285714286,14.971428571428572,685
22.15714285714285,12.842857142857143,17.557142857142857,22.15714285714285,12.842857142857143,17.557142857142857,76.72857142857143,0.0307142857142857,42.85714285714285,2.381428571428572,0.0,17.95714285714286,288.0285714285714,1020.3571428571428,60.9,16.585714285714285,770
23.75714285714286,14.985714285714286,19.342857142857145,23.77142857142857,14.985714285714286,19.342857142857145,78.55714285714285,0.4961428571428571,71.42857142857143,4.167142857142857,0.0,17.97142857142857,185.64285714285717,1013.5,67.22857142857143,15.257142857142856,746
7.957142857142857,4.214285714285714,6.071428571428571,6.942857142857143,1.5714285714285714,3.857142857142857,90.98571428571428,0.7404285714285714,100.0,8.331428571428571,0.0,33.05714285714286,205.8857142857143,1005.2857142857144,87.75714285714285,12.414285714285716,927
16.228571428571428,9.9,13.2,16.228571428571428,8.628571428571428,12.957142857142856,91.15714285714286,2.3125714285714283,100.0,10.12,0.0,20.3,137.74285714285713,1013.5,66.88571428571429,10.628571428571428,729
10.814285714285717,2.257142857142857,6.371428571428572,10.44285714285714,-0.8714285714285713,4.285714285714286,71.74285714285715,0.0521428571428571,42.85714285714285,2.381428571428572,0.0,21.15714285714285,217.2142857142857,1018.2,63.6,19.11428571428572,848
7.185714285714285,2.628571428571429,4.928571428571429,5.1000000000000005,-0.942857142857143,2.257142857142857,90.27142857142856,2.9812857142857143,100.0,5.3585714285714285,0.0,21.714285714285715,153.64285714285714,1007.2714285714284,89.31428571428572,9.328571428571427,958
10.185714285714283,0.8142857142857143,4.842857142857143,9.357142857142858,-1.9428571428571428,2.9428571428571426,83.62857142857142,0.0651428571428571,85.71428571428571,3.5742857142857143,0.0,15.028571428571428,124.1,1035.2428571428572,39.82857142857143,7.828571428571428,797
6.814285714285715,0.6571428571428571,3.7857142857142856,3.6142857142857134,-2.414285714285714,0.5714285714285714,90.77142857142856,1.945142857142857,100.0,4.17,0.0,27.914285714285715,221.0,1007.4428571428572,67.81428571428572,9.542857142857144,934
10.142857142857142,6.0,7.971428571428571,9.37142857142857,3.5571428571428574,5.942857142857143,82.02857142857144,0.0361428571428571,71.42857142857143,4.762857142857143,0.0,20.31428571428572,274.4,1024.4,68.15714285714286,20.542857142857144,767
5.342857142857143,0.2142857142857142,2.771428571428572,3.5142857142857147,-3.0,0.3285714285714285,87.08571428571429,0.3034285714285714,100.0,5.952857142857143,0.0,22.557142857142857,256.0,1020.342857142857,39.04285714285714,14.485714285714286,914
10.44285714285714,5.9,8.27142857142857,9.671428571428573,2.314285714285714,5.814285714285715,83.95714285714287,0.375,85.71428571428571,4.168571428571428,0.0,32.74285714285714,225.92857142857144,1004.0428571428572,77.78571428571429,17.928571428571427,939
15.842857142857143,8.114285714285714,12.028571428571428,15.842857142857143,6.214285714285714,11.5,67.6,1.6992857142857145,57.142857142857146,5.951428571428571,0.0,27.77142857142857,236.3571428571429,1015.4714285714286,51.34285714285714,24.928571428571427,722
6.485714285714286,1.4285714285714286,3.914285714285714,4.871428571428572,-2.2,1.0142857142857145,90.77142857142856,1.3128571428571427,57.142857142857146,3.571428571428572,1.0,25.014285714285712,149.02857142857144,1005.1285714285714,93.37142857142858,5.971428571428571,960
6.557142857142857,2.7142857142857144,4.642857142857143,4.5285714285714285,0.3571428571428571,2.3000000000000003,92.84285714285714,1.751,100.0,11.31,0.0,19.02857142857143,211.2428571428572,1004.8857142857142,49.22857142857144,9.685714285714283,887
16.257142857142856,8.0,11.957142857142856,16.257142857142856,6.3,11.342857142857143,80.94285714285715,1.7967142857142857,71.42857142857143,8.930000000000001,0.0,17.47142857142857,271.35714285714283,1017.7,63.92857142857143,20.3,778
9.457142857142856,5.728571428571429,7.485714285714287,8.242857142857144,3.5285714285714285,5.671428571428572,95.71428571428572,2.1944285714285714,100.0,9.524285714285714,0.0,17.542857142857144,57.98571428571428,1011.4428571428572,79.71428571428571,5.528571428571429,815
14.471428571428572,9.542857142857144,11.94285714285714,14.471428571428572,8.842857142857143,11.742857142857144,85.8,0.8377142857142857,71.42857142857143,2.9785714285714286,0.0,23.228571428571428,192.3857142857143,1019.6,81.60000000000001,13.357142857142858,809
7.414285714285714,0.8857142857142858,3.942857142857143,4.714285714285714,-3.871428571428571,-0.0285714285714286,83.91428571428573,1.6098571428571429,85.71428571428571,4.762857142857143,0.0,33.65714285714286,224.62857142857143,1003.7857142857144,60.21428571428572,16.557142857142857,814
16.742857142857144,9.257142857142856,12.657142857142857,16.742857142857144,8.342857142857143,12.414285714285716,75.24285714285715,0.0361428571428571,28.571428571428573,1.7857142857142858,0.0,15.014285714285716,232.1,1022.0714285714286,58.51428571428572,23.6,782
20.87142857142857,13.728571428571428,17.4,20.87142857142857,13.728571428571428,17.4,79.54285714285713,2.451714285714285,57.142857142857146,5.357142857142857,0.0,21.74285714285714,214.3571428571429,1011.7857142857144,66.12857142857142,17.785714285714285,761
10.928571428571429,5.942857142857143,8.3,9.728571428571428,2.957142857142857,5.814285714285715,86.58571428571429,3.990428571428571,100.0,11.905714285714286,0.0,30.3,216.2,998.6,52.75714285714286,20.342857142857145,785
18.728571428571428,13.014285714285714,15.214285714285714,18.728571428571428,13.014285714285714,15.214285714285714,83.45714285714287,2.1021428571428573,100.0,11.905714285714286,0.0,20.957142857142856,224.2,1006.2285714285716,57.3,23.728571428571428,741
5.842857142857143,0.857142857142857,3.2,2.1,-4.557142857142858,-1.3857142857142857,76.41428571428571,8.255285714285714,85.71428571428571,8.930000000000001,1.7571428571428571,31.47142857142857,181.92857142857144,1017.0857142857142,75.98571428571428,30.3,1016
24.75714285714286,12.542857142857144,18.857142857142858,24.800000000000004,12.542857142857144,18.87142857142857,68.28571428571429,0.3628571428571429,57.142857142857146,2.9771428571428573,0.0,19.87142857142857,184.4,1018.2142857142856,47.17142857142857,22.342857142857145,791
19.442857142857143,10.571428571428571,15.042857142857144,19.442857142857143,10.228571428571428,15.0,72.52857142857142,0.055,28.571428571428573,2.38,0.0,17.099999999999998,132.82857142857142,1015.3142857142856,61.2,35.042857142857144,769
18.714285714285715,9.414285714285716,14.0,18.714285714285715,8.142857142857142,13.771428571428572,80.60000000000001,1.333714285714286,28.571428571428573,1.1914285714285715,0.0,21.142857142857142,203.18571428571428,1013.3857142857142,65.89999999999999,17.87142857142857,791
18.557142857142857,11.328571428571427,14.714285714285714,18.557142857142857,10.87142857142857,14.62857142857143,82.98571428571428,2.009571428571429,71.42857142857143,6.548571428571429,0.0,14.242857142857144,71.64285714285714,1018.1142857142858,77.97142857142856,21.12857142857143,766
18.47142857142857,11.257142857142856,14.7,18.47142857142857,10.742857142857144,14.62857142857143,77.52857142857144,0.3968571428571428,28.571428571428573,1.7857142857142858,0.0,21.4,278.8428571428572,1018.0857142857144,70.7,20.514285714285712,715
18.942857142857143,9.428571428571429,13.7,18.942857142857143,8.128571428571428,13.257142857142856,80.57142857142857,3.0102857142857142,42.85714285714285,5.358571428571429,0.0,24.24285714285714,40.68571428571429,1008.7428571428572,63.54285714285714,11.0,759
0.3999999999999999,-3.857142857142857,-1.6714285714285713,-1.3571428571428572,-6.585714285714286,-4.171428571428572,86.89999999999999,1.8104285714285715,100.0,8.33,1.75,14.814285714285717,186.18571428571428,1006.9142857142856,64.21428571428571,13.7,1155
8.357142857142858,5.128571428571428,6.728571428571429,7.957142857142857,3.6571428571428575,5.8,91.21428571428572,0.0132857142857142,28.571428571428573,1.7857142857142858,0.0,13.542857142857144,184.8,1029.4142857142858,87.51428571428572,6.185714285714285,783
7.8,2.542857142857143,5.071428571428571,5.9,-0.5000000000000001,2.5,84.2,1.237,85.71428571428571,6.545714285714285,0.0,21.47142857142857,151.85714285714286,995.0142857142856,81.48571428571428,15.62857142857143,852
14.814285714285717,7.0857142857142845,10.914285714285716,14.814285714285717,5.671428571428572,10.37142857142857,86.2,2.657285714285714,85.71428571428571,4.762857142857143,0.0,21.214285714285715,184.44285714285712,1005.5857142857144,75.64285714285714,13.05714285714286,748
8.957142857142857,3.557142857142857,6.128571428571429,7.228571428571429,0.8142857142857141,4.042857142857143,80.15714285714286,2.777857142857143,57.142857142857146,7.738571428571428,1.375,19.62857142857143,278.6428571428572,1023.2,58.2,20.185714285714287,784
12.157142857142857,5.5,8.785714285714286,11.885714285714286,2.4714285714285715,7.257142857142857,82.57142857142857,0.896,71.42857142857143,4.167142857142857,3.0,25.842857142857145,229.8,1016.0142857142856,66.07142857142857,16.057142857142857,878
15.042857142857144,7.471428571428571,11.1,15.042857142857144,6.214285714285714,10.657142857142857,82.98571428571428,2.4250000000000003,57.142857142857146,5.952857142857143,0.0,21.17142857142857,101.95714285714288,1024.3142857142857,60.51428571428572,19.67142857142857,818
16.485714285714284,10.185714285714283,13.114285714285714,16.485714285714284,9.814285714285717,13.042857142857144,92.0,3.2758571428571424,85.71428571428571,5.357142857142857,0.0,13.142857142857142,132.1142857142857,1014.157142857143,78.98571428571428,5.485714285714286,768
10.285714285714286,3.4857142857142853,6.985714285714286,9.257142857142856,0.7428571428571429,4.6571428571428575,81.5,1.212,85.71428571428571,4.764285714285714,0.0,27.75714285714286,239.3857142857143,1013.2,61.142857142857146,19.5,883
21.25714285714286,12.9,16.685714285714287,21.25714285714286,12.9,16.685714285714287,79.4,0.1258571428571428,42.85714285714285,2.381428571428572,0.0,19.585714285714285,100.81428571428572,1027.7857142857142,49.642857142857146,16.17142857142857,758
15.985714285714286,7.5,11.6,15.985714285714286,5.9,11.1,76.75714285714287,2.966,71.42857142857143,7.740000000000001,0.0,19.27142857142857,224.72857142857143,1012.1285714285714,66.51428571428572,17.7,750
17.52857142857143,8.671428571428573,13.028571428571428,17.52857142857143,8.22857142857143,12.914285714285716,76.87142857142858,3.520714285714285,71.42857142857143,5.3585714285714285,0.0,16.428571428571427,114.68571428571428,1021.7428571428572,44.7,19.742857142857144,629
3.3714285714285714,-1.6428571428571428,0.7999999999999999,1.3285714285714287,-5.371428571428572,-2.271428571428572,86.55714285714285,2.529,100.0,11.905714285714286,5.971428571428571,18.3,210.17142857142855,1007.4,55.62857142857143,14.099999999999998,882
8.657142857142857,1.9285714285714288,5.042857142857143,6.485714285714286,-1.4428571428571428,2.1,82.38571428571429,2.0504285714285717,100.0,9.524285714285714,0.1142857142857143,24.585714285714285,194.14285714285717,1011.6,50.52857142857143,19.214285714285715,831
11.085714285714284,4.814285714285715,8.057142857142857,10.385714285714286,2.5,6.185714285714285,75.54285714285713,0.0968571428571428,57.142857142857146,3.571428571428572,0.0,21.67142857142857,284.2285714285714,1028.1142857142856,70.58571428571429,14.2,811
14.828571428571427,9.571428571428571,11.9,14.828571428571427,8.328571428571427,11.585714285714284,89.25714285714285,0.8622857142857142,42.85714285714285,2.9771428571428573,0.0,23.9,223.7,1013.4,73.05714285714285,12.328571428571427,726
19.27142857142857,10.671428571428573,14.885714285714286,19.27142857142857,10.12857142857143,14.828571428571427,76.3,0.3658571428571428,71.42857142857143,4.761428571428572,0.0,19.82857142857143,188.42857142857144,1024.5571428571427,51.3,23.11428571428572,677
12.328571428571427,5.928571428571429,8.485714285714286,12.328571428571427,3.685714285714286,6.942857142857143,88.85714285714286,5.605714285714285,100.0,11.308571428571428,0.0,19.542857142857144,232.62857142857143,996.4285714285714,70.17142857142856,13.342857142857143,825
12.085714285714284,5.971428571428571,8.8,12.085714285714284,4.257142857142857,7.714285714285714,87.35714285714286,0.5742857142857142,57.142857142857146,2.382857142857143,0.0,18.82857142857143,262.31428571428575,1000.0428571428572,71.0,9.014285714285714,750
10.385714285714286,6.7,8.514285714285714,9.7,3.3714285714285714,6.285714285714286,81.38571428571429,1.5372857142857144,85.71428571428571,9.524285714285714,0.0,33.41428571428572,245.8857142857143,1015.3714285714286,83.74285714285715,17.114285714285714,937
20.15714285714285,12.485714285714286,16.12857142857143,20.15714285714285,12.257142857142856,16.1,70.98571428571428,0.2025714285714285,85.71428571428571,6.548571428571429,0.0,21.77142857142857,237.2142857142857,1015.2,65.87142857142858,21.485714285714288,831
7.542857142857144,1.1142857142857143,4.542857142857143,3.985714285714285,-3.185714285714286,0.7571428571428572,84.75714285714285,3.484714285714286,85.71428571428571,5.357142857142857,0.0,34.42857142857143,212.87142857142857,1009.0571428571428,71.58571428571429,15.457142857142856,912
7.785714285714286,1.4999999999999998,4.471428571428572,5.814285714285715,-2.6,1.5142857142857145,78.67142857142858,0.5382857142857144,100.0,5.3585714285714285,3.3,28.542857142857144,258.2142857142857,1004.0428571428572,61.75714285714286,27.9,880
6.914285714285716,0.7571428571428571,3.642857142857143,5.014285714285714,-2.2142857142857144,1.0142857142857142,86.77142857142857,0.1361428571428571,28.571428571428573,1.7857142857142858,0.0,17.357142857142858,170.35714285714286,1019.8285714285714,86.22857142857143,6.014285714285714,955
16.885714285714286,9.014285714285714,12.785714285714286,16.885714285714286,7.642857142857143,12.228571428571428,73.97142857142856,0.5852857142857143,57.142857142857146,2.382857142857143,0.0,27.9,200.4142857142857,1013.8571428571428,77.28571428571429,23.81428571428572,776
8.171428571428573,4.4,6.314285714285715,6.757142857142857,1.2428571428571429,3.914285714285714,92.74285714285716,2.551428571428571,100.0,11.31,0.0,21.27142857142857,154.4857142857143,1004.5714285714286,83.65714285714286,15.5,1096
18.04285714285714,9.971428571428572,13.957142857142856,18.04285714285714,9.414285714285716,13.842857142857143,71.07142857142857,2.838142857142857,28.571428571428573,1.7857142857142858,0.0,24.02857142857143,242.75714285714284,1013.1,64.04285714285714,23.7,710
7.614285714285714,3.042857142857143,5.385714285714286,5.214285714285714,-0.7714285714285714,2.3857142857142857,85.82857142857142,0.3548571428571428,85.71428571428571,3.5742857142857143,0.0,24.571428571428573,242.4,1019.7428571428572,78.28571428571429,10.485714285714286,1063
19.728571428571428,12.5,15.585714285714284,19.728571428571428,12.5,15.585714285714284,87.78571428571429,7.485857142857143,71.42857142857143,6.548571428571429,0.0,16.785714285714285,126.52857142857144,1010.3714285714286,66.51428571428572,7.4142857142857155,735
12.6,6.914285714285714,9.842857142857143,12.342857142857143,5.1000000000000005,8.928571428571429,83.27142857142857,2.499428571428572,85.71428571428571,5.951428571428571,0.0,19.9,240.18571428571428,1008.8857142857142,82.48571428571428,15.87142857142857,825
-0.2285714285714286,-4.571428571428571,-1.957142857142857,-3.7857142857142856,-8.82857142857143,-6.185714285714285,90.22857142857144,0.74,85.71428571428571,9.524285714285714,9.357142857142858,20.9,148.42857142857142,1011.157142857143,53.5,9.885714285714286,858
8.6,1.3285714285714287,5.042857142857143,6.671428571428572,-2.142857142857143,2.3,81.38571428571429,0.3057142857142857,100.0,8.927142857142858,0.0,19.442857142857143,200.3857142857143,1011.4714285714286,48.71428571428572,26.985714285714288,798
12.971428571428572,7.414285714285714,10.528571428571428,12.971428571428572,4.428571428571429,9.357142857142858,77.8,2.0627142857142857,85.71428571428571,3.5742857142857143,0.0,32.857142857142854,232.45714285714288,1010.5285714285714,70.81428571428572,27.37142857142857,772
12.814285714285717,5.685714285714285,8.77142857142857,12.4,3.542857142857143,7.514285714285714,84.34285714285714,1.0117142857142858,85.71428571428571,4.762857142857143,0.0,21.74285714285714,205.32857142857145,1008.0428571428572,87.10000000000001,9.957142857142856,884
23.514285714285712,13.62857142857143,18.014285714285716,23.514285714285712,13.62857142857143,18.014285714285716,79.27142857142857,0.4285714285714285,42.85714285714285,2.381428571428572,0.0,16.614285714285714,63.971428571428575,1020.5571428571428,55.385714285714286,11.0,700
22.11428571428572,11.957142857142856,16.928571428571427,22.11428571428572,11.957142857142856,16.928571428571427,78.61428571428571,0.0577142857142857,14.285714285714286,0.5957142857142858,0.0,17.857142857142858,218.57142857142856,1017.842857142857,62.58571428571429,14.414285714285716,741
15.257142857142856,8.071428571428571,11.571428571428571,15.028571428571428,6.771428571428571,10.985714285714284,78.45714285714284,0.7847142857142856,71.42857142857143,5.952857142857143,0.0,17.357142857142858,158.9857142857143,1015.4285714285714,71.88571428571429,20.885714285714283,735
21.728571428571428,12.414285714285716,16.45714285714286,21.728571428571428,12.271428571428572,16.428571428571427,80.74285714285715,0.2452857142857143,42.85714285714285,2.381428571428572,0.0,25.728571428571428,193.32857142857145,1014.657142857143,55.285714285714285,14.5,728
6.271428571428571,1.7,3.957142857142857,4.257142857142857,-1.6571428571428573,1.3142857142857145,92.71428571428572,1.9744285714285716,100.0,7.144285714285714,0.0,19.285714285714285,154.24285714285716,1003.8571428571428,69.72857142857143,8.385714285714286,907
1.7142857142857142,-4.1,-0.6428571428571429,0.0428571428571427,-6.728571428571429,-3.357142857142857,88.54285714285713,1.5745714285714285,85.71428571428571,6.548571428571429,4.671428571428572,14.514285714285714,178.94285714285712,1036.5428571428572,67.47142857142858,6.428571428571429,904
9.114285714285714,6.1571428571428575,7.399999999999999,7.399999999999999,3.414285714285714,5.285714285714286,85.35714285714286,0.1441428571428571,42.85714285714285,2.381428571428572,0.0,16.914285714285715,20.87142857142857,1033.7285714285713,90.5,12.7,892
9.614285714285714,5.028571428571429,7.571428571428571,8.485714285714286,2.442857142857143,5.442857142857143,81.34285714285714,0.0841428571428571,85.71428571428571,6.547142857142857,0.0,22.4,268.95714285714286,1027.2714285714287,66.9,29.9,834
15.4,6.6000000000000005,10.6,15.4,4.5,9.685714285714283,78.32857142857142,0.0068571428571428,28.571428571428573,1.1914285714285715,0.0,21.428571428571427,93.52857142857144,1020.0142857142856,66.87142857142857,10.271428571428572,788
19.0,9.4,13.94285714285714,19.0,8.885714285714286,13.828571428571427,83.37142857142858,0.266,42.85714285714285,2.381428571428572,0.0,11.6,165.77142857142857,1020.657142857143,53.25714285714286,10.485714285714286,743
19.014285714285712,13.1,15.7,19.014285714285712,13.1,15.7,83.8,6.062857142857142,100.0,11.308571428571428,0.0,21.385714285714283,157.52857142857144,1012.3571428571428,53.7,18.4,681
7.957142857142857,1.5714285714285712,4.757142857142857,6.3,-1.3,2.4714285714285715,80.41428571428571,0.0905714285714285,42.85714285714285,2.381428571428572,0.0,18.585714285714285,299.2285714285714,1016.9,40.18571428571429,18.714285714285715,779
17.857142857142858,10.314285714285717,13.957142857142856,17.857142857142858,9.642857142857142,13.8,74.61428571428571,2.466142857142857,57.142857142857146,4.76,0.0,17.6,238.7,1015.8857142857144,64.54285714285714,27.65714285714285,729
13.828571428571427,9.0,11.37142857142857,13.828571428571427,7.557142857142857,10.885714285714286,87.10000000000001,4.311714285714286,85.71428571428571,4.168571428571428,0.0,25.914285714285715,200.8,1011.0571428571428,84.11428571428571,17.9,815
17.342857142857145,10.528571428571428,13.928571428571429,17.342857142857145,10.257142857142856,13.857142857142858,81.65714285714286,0.3038571428571429,71.42857142857143,7.141428571428572,0.0,14.828571428571427,218.77142857142852,1020.6,73.84285714285714,26.74285714285714,757
8.814285714285713,4.6000000000000005,6.828571428571429,7.085714285714286,1.1428571428571428,4.214285714285714,86.68571428571428,0.0822857142857142,28.571428571428573,1.1914285714285715,0.0,27.9,184.8,1021.6428571428572,92.32857142857142,10.714285714285714,944
10.457142857142856,3.3285714285714287,6.542857142857143,9.785714285714286,-0.4142857142857142,3.985714285714285,76.85714285714286,0.6502857142857142,57.142857142857146,3.571428571428572,0.0,22.685714285714287,215.2142857142857,1018.2428571428572,79.39999999999999,13.485714285714286,912
20.3,11.014285714285714,15.728571428571428,20.3,10.8,15.7,66.27142857142857,0.2057142857142857,57.142857142857146,3.5728571428571425,0.0,19.442857142857143,207.27142857142857,1017.4,55.0,23.3,691
6.557142857142857,0.7714285714285715,3.6714285714285713,4.542857142857143,-1.8571428571428568,1.3857142857142857,88.44285714285715,1.5842857142857143,71.42857142857143,5.3585714285714285,0.0,20.085714285714285,255.68571428571428,1017.7857142857144,46.67142857142858,14.142857142857142,980
10.685714285714283,4.414285714285714,7.457142857142856,9.857142857142858,2.0142857142857142,5.428571428571429,76.89999999999999,0.6252857142857143,42.85714285714285,2.975714285714285,0.0,20.97142857142857,118.05714285714284,1008.2428571428572,74.62857142857142,18.61428571428572,830
18.728571428571428,10.457142857142856,14.62857142857143,18.728571428571428,9.542857142857144,14.37142857142857,75.55714285714285,0.1458571428571428,28.571428571428573,3.571428571428572,0.0,15.657142857142857,190.0,1017.3857142857142,64.42857142857143,15.37142857142857,805
16.242857142857144,7.399999999999999,11.814285714285717,16.242857142857144,5.728571428571429,11.185714285714283,73.72857142857143,0.4828571428571428,57.142857142857146,4.167142857142857,0.0,23.67142857142857,242.32857142857145,1018.5142857142856,50.25714285714286,25.514285714285712,794
8.314285714285715,4.842857142857143,6.428571428571429,7.399999999999999,2.8857142857142857,4.8,94.1,1.8854285714285717,71.42857142857143,6.547142857142857,0.0,14.7,215.45714285714288,1025.757142857143,82.98571428571428,10.085714285714284,1028
10.857142857142858,5.7,8.628571428571428,10.5,2.7285714285714286,7.0,87.24285714285713,3.065714285714286,85.71428571428571,9.524285714285714,0.0,29.12857142857143,242.32857142857145,1018.5285714285714,66.05714285714285,20.385714285714283,833
15.342857142857143,9.62857142857143,12.12857142857143,15.342857142857143,8.842857142857143,11.87142857142857,86.68571428571428,2.902285714285714,100.0,12.501428571428573,0.0,20.285714285714285,172.79999999999998,1010.7571428571428,61.94285714285714,12.314285714285717,717
16.75714285714286,9.62857142857143,13.05714285714286,16.75714285714286,8.428571428571429,12.8,72.37142857142858,2.3365714285714287,85.71428571428571,4.762857142857143,0.0,28.142857142857142,255.62857142857143,1007.3,66.74285714285715,31.042857142857144,785
10.9,2.9857142857142853,7.014285714285714,9.985714285714286,0.2,4.842857142857143,69.4,0.2872857142857143,57.142857142857146,2.382857142857143,0.0,22.228571428571428,198.1,1016.7285714285716,58.07142857142857,22.857142857142858,818
1.5142857142857142,-0.8857142857142858,0.2285714285714286,-3.8,-7.342857142857143,-5.828571428571428,86.8,0.0944285714285714,71.42857142857143,4.167142857142857,2.2,32.84285714285714,65.41428571428571,1015.0,94.5,6.471428571428571,926
9.971428571428572,0.9142857142857144,4.785714285714286,9.257142857142856,-0.6571428571428571,3.685714285714286,81.44285714285715,0.0791428571428571,71.42857142857143,2.9785714285714286,0.0,13.114285714285716,205.47142857142856,1031.928571428571,47.52857142857143,11.985714285714286,790
10.085714285714284,4.614285714285714,6.985714285714286,9.314285714285717,2.1,5.328571428571428,94.77142857142856,3.297571428571428,100.0,11.31,0.0,19.77142857142857,173.54285714285714,1003.8571428571428,52.25714285714286,10.1,778
13.914285714285716,7.985714285714286,10.857142857142858,13.914285714285716,5.271428571428571,9.757142857142856,85.95714285714287,0.7607142857142858,71.42857142857143,4.761428571428572,0.0,31.9,226.7142857142857,1008.4428571428572,73.87142857142858,19.814285714285717,751
10.428571428571429,6.271428571428571,8.357142857142858,9.785714285714286,3.5285714285714285,6.528571428571429,88.55714285714285,0.3074285714285714,42.85714285714285,2.381428571428572,0.0,24.87142857142857,230.0,1025.0571428571427,75.55714285714285,14.5,989
10.671428571428573,4.0,7.4142857142857155,9.4,0.6571428571428573,5.014285714285714,81.15714285714286,0.1394285714285714,57.142857142857146,2.382857142857143,0.0,28.071428571428573,227.6,1022.0285714285714,76.74285714285713,15.542857142857144,887
21.085714285714285,13.242857142857144,16.985714285714288,21.085714285714285,13.242857142857144,16.985714285714288,80.11428571428573,2.913571428571429,85.71428571428571,8.332857142857144,0.0,19.214285714285715,232.9142857142857,1004.5428571428572,53.65714285714286,19.52857142857143,684
17.842857142857145,9.628571428571428,13.642857142857142,17.842857142857145,9.228571428571428,13.528571428571428,75.35714285714286,0.5938571428571429,57.142857142857146,4.761428571428572,0.0,17.17142857142857,268.2857142857143,1022.0,60.42857142857143,25.32857142857143,798
6.8,0.9428571428571428,3.771428571428572,4.428571428571429,-1.985714285714285,1.457142857142857,86.88571428571429,0.1168571428571428,100.0,6.548571428571429,0.0,18.185714285714287,282.5142857142857,1031.3285714285714,70.08571428571429,11.8,902
5.7,1.4142857142857144,3.4714285714285715,4.214285714285714,-1.7857142857142858,1.0857142857142856,85.74285714285715,0.1197142857142857,71.42857142857143,4.761428571428572,1.7857142857142858,15.571428571428571,237.5142857142857,1027.071428571429,79.94285714285715,14.485714285714286,1043
8.428571428571429,3.2,5.957142857142857,6.585714285714286,-0.1285714285714286,3.0285714285714285,83.72857142857143,1.7671428571428571,57.142857142857146,5.951428571428571,0.0142857142857142,25.12857142857143,217.02857142857144,1010.5857142857144,53.971428571428575,19.857142857142858,758
13.642857142857142,7.828571428571428,10.571428571428571,13.642857142857142,6.085714285714286,9.914285714285716,75.31428571428572,0.0684285714285714,28.571428571428573,1.1914285714285715,0.0,22.642857142857142,223.18571428571428,1014.4571428571428,88.88571428571429,20.428571428571427,778
19.314285714285717,10.1,14.3,19.314285714285717,9.714285714285714,14.257142857142856,79.5,0.0137142857142857,14.285714285714286,0.5957142857142858,0.0,20.542857142857144,44.91428571428571,1024.8857142857144,68.92857142857143,14.757142857142856,776
10.071428571428571,4.542857142857143,6.857142857142857,9.042857142857144,0.4857142857142857,3.514285714285714,79.92857142857143,1.2128571428571429,100.0,6.547142857142857,0.0,40.3,218.0,996.0571428571428,65.2,27.357142857142858,903
16.914285714285715,10.171428571428573,13.37142857142857,16.914285714285715,9.814285714285717,13.328571428571427,78.22857142857143,0.4518571428571428,71.42857142857143,4.167142857142857,0.0,19.62857142857143,185.5142857142857,1014.9285714285714,77.32857142857144,14.742857142857144,712
13.900000000000002,8.942857142857141,11.514285714285714,13.900000000000002,7.971428571428571,11.071428571428571,91.14285714285714,4.591,100.0,8.928571428571429,0.0,18.8,194.62857142857143,1013.1285714285714,65.67142857142858,13.614285714285714,749
13.842857142857142,6.4,10.228571428571428,13.842857142857142,4.957142857142857,9.271428571428572,82.84285714285714,2.228,85.71428571428571,5.357142857142857,0.0,31.61428571428572,225.95714285714288,1008.9,76.67142857142858,17.014285714285712,819
16.97142857142857,9.542857142857144,13.185714285714283,16.97142857142857,8.628571428571428,13.028571428571428,80.39999999999999,1.9181428571428567,71.42857142857143,4.167142857142857,0.0,20.52857142857143,223.65714285714284,1015.8,54.52857142857143,21.514285714285712,742
14.171428571428573,7.214285714285714,10.657142857142857,14.171428571428573,5.328571428571428,9.7,72.62857142857142,1.2764285714285712,57.142857142857146,6.548571428571429,0.0,21.285714285714285,255.1142857142857,1016.5571428571428,62.62857142857143,22.62857142857143,828
15.685714285714283,7.5,11.642857142857142,15.685714285714283,5.914285714285714,10.914285714285716,71.11428571428571,0.0798571428571428,28.571428571428573,1.1914285714285715,0.0,21.057142857142857,178.55714285714288,1020.3285714285712,64.14285714285714,16.214285714285715,837
10.242857142857144,5.1000000000000005,7.399999999999999,9.057142857142855,2.271428571428572,5.142857142857143,76.48571428571428,0.0,0.0,0.0,0.0,25.285714285714285,271.6428571428572,1007.842857142857,84.68571428571428,15.842857142857143,847
7.842857142857143,3.1714285714285717,5.385714285714286,6.028571428571429,0.4428571428571428,3.242857142857143,79.81428571428572,0.1022857142857142,57.142857142857146,4.761428571428572,0.0285714285714285,19.74285714285714,259.12857142857143,1028.242857142857,74.60000000000001,19.357142857142858,841
14.814285714285717,6.514285714285714,10.642857142857142,14.814285714285717,4.885714285714286,9.971428571428572,67.38571428571429,0.0,0.0,0.0,0.0,24.814285714285717,78.42857142857143,1023.6142857142856,60.885714285714286,29.314285714285717,726
15.842857142857143,9.328571428571427,12.542857142857144,15.842857142857143,8.442857142857143,12.285714285714286,88.18571428571428,2.8500000000000005,100.0,12.5,0.0,20.77142857142857,226.0,1002.9714285714286,49.02857142857143,14.171428571428573,703
7.214285714285714,1.1428571428571428,3.985714285714285,2.957142857142857,-3.2285714285714286,-0.6,80.15714285714286,3.174428571428572,85.71428571428571,4.762857142857143,1.0,45.34285714285714,225.87142857142857,994.2714285714284,61.12857142857143,26.057142857142857,1013
4.885714285714286,-0.0714285714285714,2.2,3.314285714285714,-2.642857142857143,-0.0142857142857142,92.8,1.273,100.0,8.332857142857142,0.0,15.12857142857143,213.8,1015.4428571428572,68.32857142857144,7.028571428571429,891
15.55714285714286,9.87142857142857,12.242857142857144,15.55714285714286,8.1,11.757142857142856,88.57142857142857,6.780142857142857,100.0,9.522857142857143,0.0,26.62857142857143,105.75714285714284,1012.4857142857144,70.32857142857144,10.9,760
16.17142857142857,8.342857142857143,11.914285714285716,16.17142857142857,7.328571428571428,11.685714285714283,82.94285714285715,4.040428571428572,57.142857142857146,3.571428571428572,0.0,19.042857142857144,76.11428571428571,1012.4714285714286,85.95714285714287,10.457142857142856,751
14.028571428571428,5.285714285714286,9.6,13.4,2.814285714285714,8.157142857142857,72.61428571428571,0.4649999999999999,28.571428571428573,1.1914285714285715,0.0,20.342857142857145,251.7142857142857,1024.0857142857142,56.34285714285714,17.342857142857145,797
18.642857142857142,10.471428571428572,14.742857142857144,18.642857142857142,9.828571428571427,14.614285714285714,73.64285714285714,0.5368571428571428,57.142857142857146,2.382857142857143,0.0,18.7,269.3285714285714,1017.1857142857144,69.61428571428571,20.62857142857143,747
9.214285714285714,4.042857142857143,7.028571428571429,7.3428571428571425,1.385714285714286,4.471428571428572,91.04285714285712,0.7005714285714285,57.142857142857146,5.355714285714286,0.0,25.87142857142857,216.07142857142856,1024.142857142857,78.65714285714286,12.157142857142857,1070
15.4,8.285714285714286,11.62857142857143,15.4,6.628571428571428,11.042857142857144,84.71428571428571,0.5389999999999999,71.42857142857143,8.928571428571429,0.0,21.185714285714287,253.92857142857144,1014.6714285714286,49.55714285714286,29.685714285714283,732
3.8,-1.1285714285714286,1.457142857142857,-0.0857142857142856,-6.085714285714286,-2.8714285714285714,83.07142857142857,0.8887142857142857,100.0,11.311428571428571,0.0,24.75714285714286,131.12857142857143,1009.9285714285714,54.85714285714285,22.085714285714285,938
17.485714285714288,9.857142857142858,13.571428571428571,17.485714285714288,9.357142857142858,13.414285714285716,82.47142857142856,0.837,100.0,8.332857142857142,0.0,19.485714285714288,274.1714285714286,1015.3571428571428,71.17142857142856,16.771428571428572,759
13.5,6.7,9.8,13.5,5.2,9.114285714285714,82.10000000000001,0.1961428571428571,42.85714285714285,2.975714285714285,0.0,19.514285714285712,167.0142857142857,1016.3,82.55714285714285,11.642857142857142,808
8.542857142857143,2.9857142857142853,5.614285714285714,6.014285714285714,-0.0857142857142857,2.8714285714285714,77.34285714285714,0.6394285714285715,57.142857142857146,3.571428571428572,0.0,23.842857142857145,280.54285714285714,1020.7571428571428,81.61428571428571,17.157142857142855,982
7.828571428571428,2.1142857142857143,4.885714285714286,6.614285714285715,-0.6285714285714287,2.8714285714285714,82.87142857142858,0.6605714285714285,85.71428571428571,4.168571428571428,0.4142857142857142,19.042857142857144,276.6,1025.6142857142856,59.55714285714286,16.17142857142857,933
5.985714285714286,-0.4714285714285714,2.4714285714285715,5.085714285714286,-2.8857142857142857,1.0142857142857142,89.58571428571429,0.1501428571428571,71.42857142857143,3.5728571428571425,0.0,11.428571428571429,115.44285714285714,1028.1142857142856,42.75714285714286,6.1571428571428575,978
12.228571428571428,3.9,8.042857142857143,12.028571428571428,2.128571428571429,7.1000000000000005,72.51428571428572,0.0,0.0,0.0,0.0,14.6,194.32857142857145,1029.0571428571427,68.81428571428572,16.114285714285714,789
17.97142857142857,11.328571428571427,14.62857142857143,17.97142857142857,11.0,14.571428571428571,78.7,0.0,0.0,0.0,0.0,21.52857142857143,265.9428571428572,1016.3,76.77142857142857,22.285714285714285,734
12.285714285714286,7.914285714285714,10.05714285714286,12.285714285714286,4.428571428571429,8.514285714285714,86.18571428571428,1.481857142857143,71.42857142857143,3.5728571428571425,0.0,41.58571428571429,179.18571428571428,1000.2285714285716,80.38571428571429,14.5,795
9.214285714285714,5.514285714285714,7.228571428571429,8.0,2.242857142857143,5.114285714285714,83.28571428571429,0.6942857142857142,85.71428571428571,8.930000000000001,0.1999999999999999,28.428571428571427,228.3714285714286,1018.8714285714286,72.88571428571429,37.285714285714285,1016
13.185714285714283,4.185714285714285,8.514285714285714,12.757142857142856,2.185714285714286,6.971428571428571,71.28571428571429,0.5478571428571428,28.571428571428573,1.1914285714285715,0.0,21.61428571428572,304.5,1019.5428571428572,51.21428571428572,20.5,843
17.157142857142855,7.285714285714286,11.914285714285716,17.157142857142855,5.814285714285715,11.171428571428573,73.10000000000001,0.0698571428571428,28.571428571428573,1.1914285714285715,0.0,20.542857142857144,77.52857142857144,1021.7285714285716,51.957142857142856,13.771428571428572,732
20.985714285714288,10.971428571428572,15.87142857142857,20.985714285714288,10.814285714285717,15.842857142857143,69.41428571428571,0.0,0.0,0.0,0.0,20.37142857142857,75.51428571428572,1023.0857142857142,56.42857142857143,26.11428571428572,759
8.657142857142857,2.142857142857143,5.1571428571428575,7.185714285714285,-0.5428571428571429,2.9,80.72857142857143,1.4185714285714286,71.42857142857143,4.764285714285714,0.5571428571428572,18.571428571428573,251.27142857142857,1001.9142857142856,51.785714285714285,17.657142857142855,778
20.25714285714286,9.185714285714283,14.014285714285714,20.25714285714286,7.6571428571428575,13.5,68.01428571428572,0.1197142857142857,14.285714285714286,1.19,0.0,29.4,74.64285714285714,1018.1142857142858,51.04285714285714,19.3,813
5.8,1.4285714285714286,3.471428571428571,2.857142857142857,-2.4714285714285715,0.0714285714285713,90.82857142857142,2.667142857142857,100.0,9.524285714285714,0.8,24.085714285714285,195.78571428571428,999.3,72.01428571428572,10.928571428571429,894
12.285714285714286,3.585714285714286,8.0,12.285714285714286,1.4,6.585714285714286,84.55714285714285,1.397571428571429,57.142857142857146,5.952857142857143,0.0,19.514285714285712,132.54285714285714,1013.3,66.15714285714286,19.285714285714285,818
15.228571428571428,8.37142857142857,11.857142857142858,15.228571428571428,7.185714285714285,11.471428571428572,72.44285714285715,0.231,71.42857142857143,8.332857142857142,0.0,21.514285714285712,255.1,1018.2571428571428,54.74285714285714,26.77142857142857,703
12.94285714285714,8.1,10.471428571428572,12.94285714285714,6.328571428571428,9.7,87.22857142857143,2.983571428571428,85.71428571428571,8.928571428571429,0.0,25.65714285714285,179.74285714285716,998.1428571428572,55.271428571428565,18.87142857142857,766
13.271428571428572,7.257142857142857,10.342857142857142,13.271428571428572,5.557142857142857,9.8,94.17142857142856,4.3345714285714285,85.71428571428571,7.738571428571428,0.0,18.87142857142857,162.75714285714284,1013.4857142857144,75.39999999999999,12.37142857142857,873
11.485714285714286,5.171428571428572,8.314285714285715,10.7,2.4285714285714284,6.5,75.71428571428571,0.5027142857142857,85.71428571428571,6.548571428571429,0.0,22.6,115.52857142857144,1018.1428571428572,57.34285714285714,19.17142857142857,732
16.642857142857142,8.942857142857143,12.757142857142856,16.642857142857142,7.857142857142857,12.314285714285717,80.71428571428571,1.743285714285714,85.71428571428571,8.332857142857142,0.0,22.914285714285715,254.08571428571423,1015.2285714285716,48.91428571428571,23.057142857142857,742
11.485714285714286,0.8714285714285716,5.614285714285714,11.44285714285714,-2.1,3.7285714285714286,80.38571428571429,0.0,0.0,0.0,0.0,16.0,128.28571428571428,1033.8428571428572,45.95714285714286,5.914285714285714,872
8.6,1.9428571428571428,5.071428571428571,5.642857142857143,-2.142857142857143,1.3857142857142857,83.84285714285714,1.4968571428571429,85.71428571428571,4.764285714285714,0.0,31.842857142857145,237.8428571428572,1004.2714285714284,74.72857142857143,18.685714285714287,889
7.8428571428571425,2.728571428571428,5.528571428571428,5.942857142857143,-0.2999999999999999,3.085714285714286,86.87142857142858,0.8064285714285715,100.0,8.928571428571429,0.0,17.742857142857144,232.57142857142856,1015.7,66.71428571428571,17.242857142857144,821
17.1,10.571428571428571,13.7,17.1,10.114285714285714,13.6,78.8,1.7618571428571428,71.42857142857143,7.737142857142857,0.0,21.928571428571427,244.1142857142857,1018.4571428571428,76.41428571428571,27.357142857142858,800
23.414285714285715,12.028571428571428,17.814285714285713,23.4,12.028571428571428,17.814285714285713,72.15714285714286,0.001,14.285714285714286,0.5957142857142858,0.0,14.0,93.68571428571428,1029.6,52.51428571428572,16.442857142857143,691
10.114285714285714,4.871428571428572,7.371428571428572,8.885714285714286,1.2142857142857142,4.514285714285714,83.85714285714286,2.2372857142857145,71.42857142857143,5.355714285714286,0.0,29.728571428571428,220.8571428571429,998.9714285714286,66.71428571428571,22.37142857142857,765
19.17142857142857,12.7,15.728571428571428,19.17142857142857,12.7,15.728571428571428,79.01428571428572,3.896142857142857,100.0,8.332857142857142,0.0,23.042857142857144,229.32857142857145,1007.3571428571428,68.87142857142858,28.885714285714283,787
7.228571428571429,2.128571428571429,4.571428571428571,5.757142857142857,-0.7285714285714285,2.1,92.15714285714286,2.407571428571429,85.71428571428571,8.331428571428571,0.2285714285714286,22.11428571428572,255.3428571428572,1008.9142857142858,68.61428571428571,11.314285714285717,1082
8.642857142857142,1.2142857142857142,4.671428571428572,6.871428571428572,-1.2571428571428571,2.0142857142857142,78.17142857142858,0.7274285714285714,100.0,8.928571428571429,0.0,21.142857142857142,246.17142857142855,1022.2571428571428,58.01428571428572,14.44285714285714,826
3.3714285714285714,-0.2999999999999999,1.4428571428571428,0.2142857142857142,-3.871428571428571,-2.1142857142857143,90.84285714285714,0.1989999999999999,85.71428571428571,5.357142857142857,3.7,19.61428571428572,178.35714285714286,1015.4428571428572,70.57142857142857,8.77142857142857,919
8.1,2.6714285714285717,5.4,5.585714285714286,-0.9428571428571428,2.2857142857142856,77.91428571428571,3.406142857142857,71.42857142857143,7.738571428571428,0.0428571428571428,24.75714285714286,198.7142857142857,1009.7,67.14285714285714,22.11428571428572,829
9.357142857142858,6.442857142857143,7.885714285714286,8.185714285714287,3.4285714285714284,5.542857142857144,96.2,3.455428571428571,100.0,12.5,0.0142857142857142,23.0,86.42857142857143,1013.9,73.12857142857142,7.314285714285715,814
10.485714285714286,5.928571428571429,8.114285714285716,9.014285714285714,2.0285714285714285,4.928571428571429,71.08571428571429,0.0,0.0,0.0,0.0,35.24285714285714,241.0142857142857,1024.5571428571427,85.01428571428572,30.657142857142865,869
12.157142857142857,7.142857142857143,9.157142857142857,11.642857142857142,4.271428571428571,7.200000000000001,80.74285714285715,2.2438571428571428,71.42857142857143,6.548571428571429,3.575,27.485714285714288,85.62857142857142,1012.3571428571428,65.94285714285715,9.957142857142856,806
9.528571428571428,2.814285714285714,6.242857142857143,8.22857142857143,0.1571428571428571,4.285714285714286,84.84285714285714,0.5217142857142857,71.42857142857143,7.142857142857143,0.3428571428571428,16.67142857142857,249.94285714285712,1021.6142857142858,58.17142857142857,17.585714285714285,759
11.928571428571429,3.8285714285714287,7.828571428571428,11.457142857142856,0.8142857142857142,5.757142857142857,73.87142857142858,6.779142857142857,85.71428571428571,8.332857142857142,0.0428571428571428,24.9,232.18571428571428,1012.2,50.471428571428575,18.285714285714285,866
16.185714285714287,7.957142857142857,11.7,16.185714285714287,7.142857142857143,11.37142857142857,79.07142857142857,0.5425714285714286,28.571428571428573,1.7857142857142858,0.0,17.97142857142857,162.54285714285714,1012.5857142857144,63.7,18.242857142857144,774
19.885714285714283,10.785714285714286,15.0,19.885714285714283,10.785714285714286,15.0,81.07142857142857,0.0,0.0,0.0,0.0,15.971428571428572,90.82857142857142,1024.0285714285717,67.97142857142858,7.985714285714286,683
18.27142857142857,12.6,15.314285714285717,18.27142857142857,12.342857142857143,15.285714285714286,75.74285714285715,1.5301428571428572,100.0,11.31,0.0,24.471428571428568,264.5142857142857,1006.5,75.04285714285713,20.585714285714285,725
13.342857142857143,8.6,10.614285714285714,13.342857142857143,7.471428571428571,10.185714285714283,84.17142857142858,3.0348571428571427,100.0,6.547142857142857,0.0,19.857142857142858,200.8428571428572,1006.4428571428572,88.17142857142858,17.0,781
18.97142857142857,12.37142857142857,15.8,18.97142857142857,12.37142857142857,15.8,75.82857142857142,0.1109999999999999,28.571428571428573,1.7857142857142858,0.0,20.042857142857144,244.78571428571428,1022.0714285714286,67.44285714285715,20.185714285714287,749
15.428571428571429,8.914285714285715,12.157142857142857,15.428571428571429,8.27142857142857,12.014285714285714,81.98571428571428,0.833,85.71428571428571,5.357142857142857,0.0,16.6,166.72857142857143,1012.9,87.24285714285713,18.37142857142857,686
25.52857142857143,12.814285714285717,19.142857142857142,25.928571428571427,12.814285714285717,19.2,75.42857142857143,0.5780000000000001,14.285714285714286,1.7857142857142858,0.0,23.785714285714285,150.4857142857143,1014.1714285714286,40.62857142857143,14.1,800
26.414285714285715,13.985714285714286,20.15714285714285,26.814285714285717,13.985714285714286,20.228571428571428,75.44285714285715,0.0014285714285714,14.285714285714286,0.5957142857142858,0.0,13.9,243.4,1021.842857142857,38.285714285714285,11.05714285714286,826
5.585714285714286,0.2285714285714286,2.757142857142857,2.7,-3.8285714285714287,-0.5285714285714286,84.05714285714285,0.0052857142857142,28.571428571428573,1.1914285714285715,0.0,21.5,53.67142857142858,1014.7142857142856,87.68571428571428,4.328571428571428,911
17.514285714285716,10.5,13.94285714285714,17.514285714285716,10.142857142857142,13.857142857142858,72.5,1.772857142857143,100.0,11.31,0.0,20.985714285714288,246.15714285714284,1009.2857142857144,53.98571428571428,21.685714285714283,712
7.1571428571428575,0.4714285714285714,3.7,5.257142857142857,-2.3285714285714287,1.2285714285714284,89.98571428571428,2.5684285714285715,71.42857142857143,4.167142857142857,0.0,20.27142857142857,153.1142857142857,1019.7857142857144,65.71428571428571,11.328571428571427,907
12.071428571428571,3.971428571428572,7.871428571428571,12.071428571428571,1.6285714285714286,6.314285714285715,71.35714285714286,1.1367142857142858,57.142857142857146,3.571428571428572,0.0,24.485714285714288,163.17142857142858,1019.0285714285714,43.67142857142857,23.542857142857144,740
20.314285714285717,10.657142857142857,15.071428571428571,20.314285714285717,10.114285714285714,14.885714285714286,73.95714285714287,0.0382857142857142,14.285714285714286,0.5957142857142858,0.0,19.17142857142857,208.0142857142857,1016.4857142857144,49.74285714285714,20.542857142857144,780
23.62857142857143,12.071428571428571,16.857142857142858,23.542857142857144,12.071428571428571,16.857142857142858,72.08571428571427,0.0,0.0,0.0,0.0,22.82857142857143,45.48571428571428,1027.7857142857142,41.6,10.514285714285714,708
20.11428571428572,11.971428571428572,15.671428571428573,20.11428571428572,11.971428571428572,15.671428571428573,75.31428571428572,1.3654285714285714,42.85714285714285,2.381428571428572,0.0,25.071428571428573,184.0142857142857,1022.3857142857142,64.61428571428571,17.271428571428572,739
18.314285714285717,11.9,15.042857142857144,18.314285714285717,11.9,15.042857142857144,82.3,2.893,85.71428571428571,5.357142857142857,0.0,15.757142857142856,139.35714285714286,1017.9571428571428,84.98571428571428,14.271428571428572,755
8.528571428571428,2.257142857142857,5.471428571428571,7.614285714285714,-0.8142857142857142,2.7,82.65714285714286,0.9688571428571428,100.0,5.952857142857143,0.0,34.24285714285714,222.05714285714288,1015.5571428571428,76.88571428571429,15.042857142857144,938
6.857142857142857,1.3285714285714287,4.128571428571428,4.6571428571428575,-1.5,1.5714285714285714,85.8,0.2647142857142857,85.71428571428571,4.762857142857143,0.0,20.514285714285712,202.04285714285717,1015.1285714285714,59.285714285714285,13.857142857142858,938
13.2,5.528571428571429,8.914285714285715,13.2,2.9857142857142853,7.585714285714286,82.54285714285713,2.0587142857142857,71.42857142857143,2.9785714285714286,0.0,20.74285714285714,155.14285714285714,1007.5,77.39999999999999,16.285714285714285,805
17.842857142857145,9.328571428571427,13.428571428571429,17.842857142857145,8.2,13.028571428571428,73.02857142857144,0.3759999999999999,57.142857142857146,2.9771428571428573,0.0,18.37142857142857,200.3142857142857,1017.5,52.84285714285714,26.485714285714288,928
5.742857142857143,-0.4714285714285715,2.3285714285714287,3.3857142857142857,-3.685714285714286,-0.6714285714285714,80.91428571428571,0.0671428571428571,28.571428571428573,1.1914285714285715,0.0,18.785714285714285,104.12857142857142,1022.9428571428572,71.11428571428571,13.271428571428572,933
3.314285714285714,-1.2857142857142858,0.5285714285714286,-0.2428571428571429,-5.542857142857143,-3.4,83.75714285714285,0.2707142857142857,71.42857142857143,4.761428571428572,2.2,20.557142857142857,260.7714285714286,1020.2428571428572,52.12857142857143,13.528571428571428,880
21.457142857142856,13.157142857142857,17.214285714285715,21.457142857142856,12.971428571428572,17.214285714285715,71.72857142857143,0.0421428571428571,28.571428571428573,1.7857142857142858,0.0,20.485714285714288,259.4428571428571,1018.3,62.642857142857146,28.27142857142857,703
0.0,-5.185714285714285,-3.0,-5.757142857142858,-11.814285714285717,-9.385714285714286,79.67142857142858,0.409,28.571428571428573,1.7857142857142858,6.357142857142857,31.557142857142857,65.71428571428571,1014.9142857142856,52.41428571428571,16.1,978
13.44285714285714,6.571428571428571,9.971428571428572,13.057142857142855,4.214285714285714,8.8,81.81428571428572,6.644142857142858,85.71428571428571,11.311428571428571,0.0,26.557142857142857,173.75714285714284,1003.3571428571428,74.39999999999999,19.25714285714286,863
17.842857142857145,10.385714285714286,13.771428571428572,17.842857142857145,10.071428571428571,13.671428571428573,78.14285714285714,0.1862857142857143,42.85714285714285,2.381428571428572,0.0,15.87142857142857,241.41428571428568,1021.0857142857144,61.2,17.642857142857142,709
18.8,11.485714285714286,15.028571428571428,18.8,11.3,15.0,77.27142857142857,0.0052857142857142,28.571428571428573,2.38,0.0,14.485714285714286,290.6142857142857,1023.6714285714286,57.27142857142858,17.785714285714285,712
15.485714285714286,8.085714285714285,11.685714285714283,15.485714285714286,6.085714285714286,11.085714285714284,86.65714285714286,0.7801428571428571,28.571428571428573,1.7857142857142858,0.0,24.785714285714285,169.4857142857143,1011.3571428571428,77.8,15.528571428571428,761
18.914285714285715,11.271428571428572,14.957142857142856,18.914285714285715,11.185714285714283,14.928571428571429,78.45714285714287,0.3484285714285714,57.142857142857146,6.548571428571429,0.0,16.82857142857143,254.32857142857145,1023.4142857142856,50.12857142857143,23.45714285714286,715
10.62857142857143,3.442857142857143,7.485714285714286,9.671428571428573,0.9714285714285714,5.428571428571429,83.2,1.357,85.71428571428571,7.142857142857143,0.0,28.414285714285715,221.7,1013.0571428571428,61.0,23.15714285714285,752
17.82857142857143,11.37142857142857,14.0,17.82857142857143,11.242857142857144,13.985714285714286,80.97142857142856,0.568,100.0,5.952857142857143,0.0,20.7,266.3428571428572,1011.9857142857144,77.2,21.842857142857145,715
5.528571428571429,2.157142857142857,3.8428571428571434,3.057142857142857,-0.7428571428571429,0.8571428571428571,84.98571428571428,2.250857142857143,85.71428571428571,8.930000000000001,0.0,18.914285714285715,117.75714285714284,1030.928571428571,71.24285714285715,12.671428571428573,809
7.799999999999999,3.2285714285714286,5.757142857142857,5.885714285714286,-0.0714285714285714,3.0142857142857147,85.81428571428572,0.756,100.0,10.714285714285714,0.9285714285714286,22.842857142857145,260.6,1015.157142857143,78.17142857142858,22.371428571428574,1185
21.957142857142856,13.457142857142856,17.842857142857145,21.957142857142856,13.457142857142856,17.842857142857145,73.22857142857143,0.4244285714285714,57.142857142857146,3.5728571428571425,0.0,15.271428571428572,216.9857142857143,1016.9857142857144,73.34285714285714,20.285714285714285,770
17.02857142857143,9.957142857142856,13.514285714285714,17.02857142857143,9.342857142857143,13.4,78.05714285714285,5.075,57.142857142857146,6.548571428571429,0.0,16.928571428571427,165.27142857142857,1019.2428571428572,77.45714285714287,20.685714285714287,744
18.785714285714285,6.471428571428571,12.271428571428572,18.785714285714285,4.785714285714286,11.657142857142857,64.05714285714285,0.0,0.0,0.0,0.0,24.642857142857142,88.21428571428571,1021.1285714285714,37.75714285714286,8.585714285714285,864
14.0,6.442857142857143,10.05714285714286,14.0,3.7142857142857135,8.8,72.9,0.2734285714285714,28.571428571428573,1.7857142857142858,0.0,28.1,75.65714285714286,1017.1285714285714,66.72857142857143,17.928571428571427,832
22.642857142857142,11.428571428571429,16.785714285714285,22.642857142857142,11.428571428571429,16.785714285714285,80.34285714285714,0.7798571428571428,14.285714285714286,0.5957142857142858,0.0,14.542857142857144,88.57142857142857,1020.1285714285714,50.557142857142864,9.157142857142857,709
9.185714285714283,4.114285714285715,6.614285714285714,7.2,-0.2857142857142856,3.114285714285714,80.58571428571429,1.0097142857142856,71.42857142857143,3.5728571428571425,0.0,39.57142857142857,224.7142857142857,1004.2,66.35714285714286,27.11428571428572,904
6.914285714285714,2.1,4.814285714285715,4.557142857142858,-0.7000000000000001,2.0571428571428574,90.92857142857144,1.6382857142857143,85.71428571428571,7.738571428571428,0.0,20.014285714285712,154.20000000000002,1001.7285714285716,65.97142857142858,9.928571428571429,788
18.514285714285712,10.8,14.757142857142856,18.514285714285712,10.257142857142856,14.685714285714283,72.25714285714285,0.3631428571428571,71.42857142857143,7.144285714285715,0.0,15.285714285714286,264.07142857142856,1020.9,52.785714285714285,22.685714285714287,723
14.6,9.142857142857142,11.742857142857144,14.6,7.228571428571429,11.314285714285717,82.8,3.6121428571428567,85.71428571428571,9.524285714285714,0.0,20.27142857142857,123.0,1010.1285714285714,60.58571428571429,23.12857142857143,784
19.12857142857143,11.614285714285714,15.171428571428573,19.12857142857143,11.4,15.142857142857142,79.12857142857142,2.4172857142857143,85.71428571428571,9.524285714285714,0.0,20.842857142857145,225.3571428571429,1002.4142857142856,50.971428571428575,27.47142857142857,687
13.642857142857142,7.6571428571428575,10.457142857142856,12.971428571428572,5.471428571428571,9.157142857142857,78.88571428571429,0.6692857142857143,71.42857142857143,4.167142857142857,0.0,23.17142857142857,242.65714285714284,1004.2142857142856,73.18571428571428,19.557142857142853,775
14.571428571428571,7.642857142857143,11.085714285714284,14.571428571428571,6.3,10.585714285714284,87.44285714285715,8.159714285714285,100.0,11.907142857142858,0.0,21.571428571428573,208.27142857142857,1006.5714285714286,63.642857142857146,20.728571428571428,782
8.485714285714286,3.414285714285714,5.842857142857143,6.328571428571428,-0.0571428571428571,3.0142857142857147,81.27142857142857,0.0,0.0,0.0,0.0,24.97142857142857,247.22857142857143,1018.9142857142856,80.34285714285714,13.62857142857143,945
21.3,11.914285714285716,16.885714285714286,21.3,11.528571428571428,16.857142857142858,74.32857142857142,0.135,28.571428571428573,1.7857142857142858,0.0,19.9,236.82857142857145,1020.9,71.12857142857142,25.342857142857145,728
23.52857142857143,14.928571428571429,18.814285714285717,23.52857142857143,14.928571428571429,18.814285714285717,81.67142857142858,2.180285714285714,42.85714285714285,2.381428571428572,0.0,18.1,142.34285714285716,1017.5571428571428,70.32857142857144,10.428571428571429,765
12.571428571428571,7.728571428571428,9.914285714285716,12.571428571428571,5.2,8.82857142857143,86.22857142857143,1.0037142857142858,100.0,7.738571428571428,0.0,22.11428571428572,188.3142857142857,1010.7,63.51428571428572,17.642857142857142,848
10.614285714285714,5.328571428571428,8.22857142857143,10.542857142857144,2.457142857142857,6.957142857142857,91.18571428571428,2.9764285714285714,100.0,11.904285714285717,0.0,22.62857142857143,222.27142857142857,1004.9,74.5,16.242857142857144,905
8.22857142857143,2.9,5.4,6.6571428571428575,-0.6571428571428573,2.5,85.37142857142858,0.159,71.42857142857143,2.9785714285714286,0.0,27.4,240.8857142857143,1029.9,64.52857142857144,18.65714285714285,876
22.914285714285715,13.62857142857143,17.914285714285715,23.014285714285712,13.62857142857143,17.914285714285715,74.0,2.755428571428572,42.85714285714285,2.9771428571428573,0.0,26.0,160.9857142857143,1015.5857142857144,69.22857142857143,21.185714285714287,778
14.457142857142856,5.071428571428571,9.671428571428573,14.457142857142856,2.271428571428572,8.2,72.01428571428572,0.1694285714285714,57.142857142857146,2.382857142857143,0.0,22.914285714285715,140.78571428571428,1019.8571428571428,53.91428571428571,12.042857142857144,809
12.671428571428573,5.7,9.085714285714284,11.771428571428572,2.414285714285714,7.142857142857143,87.75714285714285,3.9867142857142857,100.0,11.904285714285717,0.0,24.82857142857143,223.65714285714284,1007.1142857142858,76.42857142857143,18.47142857142857,862
14.87142857142857,8.714285714285714,11.642857142857142,14.87142857142857,7.428571428571429,11.257142857142856,81.87142857142858,0.1548571428571428,28.571428571428573,1.7857142857142858,0.0,21.142857142857142,246.02857142857144,1019.8714285714286,68.11428571428571,15.157142857142857,757
8.585714285714285,3.928571428571429,6.2,6.6571428571428575,-0.1428571428571428,3.0,87.82857142857142,0.8817142857142857,57.142857142857146,2.9771428571428573,0.0,33.0,216.27142857142857,1003.9428571428572,67.37142857142858,18.257142857142856,791
12.414285714285716,6.257142857142857,9.6,12.414285714285716,2.8714285714285714,7.542857142857143,81.14285714285714,1.6708571428571426,71.42857142857143,3.5728571428571425,0.0,33.971428571428575,228.9142857142857,1011.2857142857144,65.58571428571429,21.142857142857142,809
21.62857142857143,12.814285714285717,17.1,21.62857142857143,12.814285714285717,17.1,77.88571428571429,3.326571428571429,57.142857142857146,5.952857142857143,0.0,18.32857142857143,198.25714285714284,1010.5714285714286,56.72857142857144,25.357142857142858,709
21.17142857142857,13.2,17.04285714285714,21.17142857142857,13.2,17.04285714285714,75.25714285714285,0.6405714285714286,71.42857142857143,6.548571428571429,0.0,16.485714285714288,234.65714285714284,1018.3571428571428,68.0,17.742857142857144,719
20.514285714285712,12.7,16.5,20.514285714285712,12.7,16.5,69.64285714285714,0.1164285714285714,42.85714285714285,1.7871428571428571,0.0,26.17142857142857,253.5,1010.7,70.0,31.342857142857145,716
6.328571428571428,-0.2428571428571428,2.642857142857143,3.8428571428571434,-3.585714285714286,-0.0571428571428571,82.42857142857143,0.1882857142857143,100.0,6.548571428571429,0.0,16.82857142857143,210.28571428571428,1013.6714285714286,55.92857142857143,14.457142857142856,766
20.15714285714285,11.885714285714286,16.12857142857143,20.15714285714285,11.471428571428572,16.085714285714285,71.7,0.0554285714285714,28.571428571428573,1.7857142857142858,0.0,21.142857142857142,265.74285714285713,1020.6428571428572,67.85714285714286,25.957142857142856,702
15.271428571428572,8.9,11.9,15.271428571428572,8.071428571428571,11.671428571428573,83.3,0.6301428571428572,57.142857142857146,4.762857142857143,0.0,12.957142857142856,136.6,1016.4,65.84285714285714,9.328571428571427,715
18.97142857142857,11.585714285714284,14.914285714285716,18.97142857142857,11.585714285714284,14.914285714285716,79.44285714285715,6.6565714285714295,100.0,11.904285714285717,0.0,25.457142857142856,253.54285714285717,1005.2571428571428,64.01428571428572,25.728571428571428,779
16.714285714285715,10.44285714285714,13.44285714285714,16.714285714285715,9.885714285714286,13.285714285714286,82.39999999999999,0.1385714285714285,85.71428571428571,5.357142857142857,0.0,17.342857142857145,271.2142857142857,1021.7285714285716,63.24285714285714,20.285714285714285,708
14.457142857142856,6.728571428571429,10.342857142857143,14.457142857142856,4.6571428571428575,9.414285714285716,80.68571428571428,0.8687142857142858,71.42857142857143,4.761428571428572,0.0,23.014285714285712,161.74285714285716,1005.0142857142856,68.61428571428571,15.099999999999998,804
5.357142857142857,1.7142857142857142,3.7142857142857135,2.4,-2.142857142857143,0.3000000000000001,82.24285714285715,0.2704285714285714,85.71428571428571,7.145714285714286,0.0,21.47142857142857,206.9857142857143,1026.7,67.37142857142858,17.95714285714286,890
6.642857142857143,2.128571428571429,4.242857142857143,4.128571428571428,-1.1714285714285713,1.4,74.21428571428571,0.6651428571428571,71.42857142857143,3.5728571428571425,0.0,22.6,269.4857142857143,1023.9571428571428,72.54285714285713,16.314285714285713,894
17.157142857142855,9.614285714285714,13.314285714285717,17.157142857142855,8.528571428571428,13.114285714285714,74.01428571428572,6.833714285714286,100.0,10.715714285714286,0.0,24.1,193.6142857142857,1008.7714285714284,77.41428571428571,19.77142857142857,745
17.285714285714285,7.3428571428571425,12.114285714285714,17.285714285714285,5.614285714285715,11.37142857142857,71.52857142857142,1.0264285714285717,57.142857142857146,5.355714285714286,0.0,23.32857142857143,200.4142857142857,1012.157142857143,60.471428571428575,24.67142857142857,773
16.228571428571428,10.542857142857144,13.142857142857142,16.228571428571428,10.0,12.957142857142856,86.95714285714287,1.2597142857142856,71.42857142857143,4.168571428571428,0.0,17.614285714285714,229.67142857142855,1017.3285714285714,62.771428571428565,18.957142857142856,797
20.571428571428573,14.214285714285714,17.228571428571428,20.571428571428573,13.885714285714286,17.157142857142855,78.25714285714285,2.680571428571429,85.71428571428571,6.55,0.0142857142857142,20.24285714285714,251.25714285714284,1015.7714285714284,72.27142857142857,29.65714285714285,751
14.671428571428573,5.171428571428572,9.87142857142857,14.671428571428573,3.585714285714286,8.9,71.64285714285714,0.0415714285714285,28.571428571428573,1.7857142857142858,0.0,19.785714285714285,253.87142857142857,1020.4,49.65714285714286,25.0,852
9.414285714285716,2.8,6.071428571428571,7.557142857142857,-0.6428571428571429,2.8857142857142857,83.98571428571428,0.7194285714285714,85.71428571428571,4.762857142857143,0.0,34.371428571428574,232.72857142857143,1007.8,62.457142857142856,15.12857142857143,962
10.085714285714284,5.014285714285714,7.3428571428571425,9.157142857142857,2.7,5.371428571428572,88.42857142857143,7.261285714285714,71.42857142857143,8.334285714285715,0.0,25.65714285714285,128.0142857142857,1005.842857142857,72.2,12.0,808
27.071428571428573,14.642857142857142,20.571428571428573,27.428571428571427,14.642857142857142,20.67142857142857,77.55714285714285,0.0,0.0,0.0,0.0,17.7,113.67142857142858,1021.7571428571428,34.385714285714286,4.442857142857143,827
23.428571428571427,13.9,18.4,23.27142857142857,13.9,18.37142857142857,64.75714285714285,2.2245714285714286,42.85714285714285,2.9771428571428573,0.0,16.614285714285714,275.6857142857143,1015.4857142857144,50.22857142857144,32.114285714285714,767
17.942857142857143,8.885714285714286,13.05714285714286,17.942857142857143,7.628571428571428,12.528571428571428,76.34285714285714,1.7094285714285713,71.42857142857143,7.141428571428572,0.0,23.314285714285717,196.9142857142857,1010.6,49.35714285714285,24.3,782
18.77142857142857,11.5,14.87142857142857,18.77142857142857,11.5,14.87142857142857,76.22857142857143,0.1468571428571428,57.142857142857146,2.9771428571428573,0.0,21.2,234.8428571428572,1014.9857142857144,82.39999999999999,14.114285714285714,743
10.6,3.642857142857143,6.942857142857142,10.228571428571428,0.0857142857142857,4.714285714285714,85.01428571428572,1.1952857142857145,71.42857142857143,4.167142857142857,0.0,24.185714285714287,212.8714285714286,1023.9571428571428,63.72857142857144,12.485714285714286,818
8.1,0.7857142857142857,4.442857142857142,5.1571428571428575,-2.071428571428572,1.1285714285714288,79.98571428571428,1.252,100.0,4.17,0.3,30.17142857142857,246.3571428571429,1023.3285714285714,65.15714285714286,21.17142857142857,882
4.528571428571429,1.257142857142857,2.914285714285714,2.0,-2.1,0.0714285714285714,87.62857142857142,0.2579999999999999,71.42857142857143,4.167142857142857,0.0,19.7,95.35714285714286,1029.0,78.11428571428571,7.171428571428572,871
14.685714285714283,7.1000000000000005,10.87142857142857,14.685714285714283,5.571428571428571,10.357142857142858,79.94285714285715,0.0,0.0,0.0,0.0,15.514285714285714,279.2285714285714,1015.1,78.95714285714287,16.714285714285715,731
7.357142857142857,1.7142857142857142,3.942857142857143,6.857142857142857,0.3142857142857142,3.0142857142857147,85.24285714285715,0.0548571428571428,57.142857142857146,2.9771428571428573,0.0,10.957142857142856,185.7428571428572,1037.6,70.35714285714286,9.114285714285716,987
18.185714285714287,12.314285714285717,14.857142857142858,18.185714285714287,12.085714285714287,14.842857142857143,87.44285714285715,0.0,0.0,0.0,0.0,25.685714285714287,157.21428571428572,998.0857142857144,74.24285714285715,11.728571428571428,738
18.914285714285715,9.814285714285717,14.471428571428572,18.914285714285715,8.171428571428573,14.05714285714286,77.92857142857143,0.0005714285714285,14.285714285714286,0.5957142857142858,0.0,25.82857142857143,163.62857142857143,1021.1142857142858,68.42857142857143,19.32857142857143,832
15.785714285714286,7.285714285714286,11.242857142857144,15.785714285714286,5.628571428571428,10.7,74.32857142857142,0.2144285714285714,57.142857142857146,4.1657142857142855,0.0,23.77142857142857,129.5857142857143,1013.6714285714286,67.82857142857144,13.728571428571428,768
6.885714285714286,0.9571428571428572,3.7142857142857135,4.7,-2.2285714285714286,1.1142857142857143,85.27142857142857,2.245,100.0,10.118571428571428,0.0,17.228571428571428,259.9428571428571,1003.7857142857144,55.21428571428572,14.785714285714286,940
17.157142857142855,8.542857142857143,12.714285714285714,17.157142857142855,8.171428571428573,12.614285714285714,80.04285714285713,0.7014285714285714,57.142857142857146,3.571428571428572,0.0,21.24285714285714,219.97142857142856,1007.8857142857142,64.9,21.37142857142857,739
0.0142857142857143,-4.071428571428571,-1.6,-3.142857142857143,-8.628571428571428,-5.742857142857143,91.15714285714286,0.7227142857142858,42.85714285714285,2.381428571428572,15.928571428571429,23.928571428571427,154.64285714285714,1003.3571428571428,70.0142857142857,5.871428571428572,1046
11.514285714285714,6.128571428571428,8.77142857142857,10.985714285714286,4.542857142857143,7.671428571428572,88.67142857142858,0.127,100.0,8.334285714285715,0.0,12.8,255.51428571428573,1024.357142857143,71.42857142857143,18.985714285714288,851
9.0,2.557142857142857,5.514285714285714,7.071428571428571,-1.7571428571428571,1.957142857142857,75.28571428571429,0.5315714285714286,28.571428571428573,1.7857142857142858,0.0,29.428571428571427,162.4,1027.3285714285714,62.6,19.357142857142858,812
10.94285714285714,5.228571428571429,7.985714285714286,10.085714285714284,1.1714285714285713,5.4,80.8,2.376714285714286,71.42857142857143,3.5728571428571425,0.0,40.85714285714285,210.22857142857143,1007.0285714285714,72.41428571428571,27.514285714285712,924
16.67142857142857,9.328571428571427,12.94285714285714,16.67142857142857,8.114285714285714,12.728571428571428,74.01428571428572,2.0555714285714286,57.142857142857146,6.547142857142857,0.0,18.75714285714286,209.97142857142856,1018.3285714285714,69.85714285714286,20.357142857142858,678
11.814285714285717,4.128571428571428,7.885714285714286,11.685714285714283,2.4142857142857146,6.457142857142857,82.77142857142857,1.1965714285714284,100.0,10.714285714285714,0.0,21.1,147.82857142857142,1006.4285714285714,71.55714285714285,15.157142857142857,862
7.842857142857143,2.3285714285714287,4.842857142857143,6.4,-1.4285714285714286,1.7142857142857142,80.75714285714285,0.5967142857142856,71.42857142857143,2.9785714285714286,0.0,25.97142857142857,271.0,1025.6714285714286,69.25714285714285,21.014285714285712,966
21.242857142857144,11.9,16.342857142857145,21.242857142857144,11.9,16.342857142857145,68.95714285714286,0.5934285714285714,42.85714285714285,2.381428571428572,0.0,30.32857142857143,214.0142857142857,1009.1142857142858,57.51428571428572,34.55714285714286,711
8.542857142857143,1.9714285714285715,5.5,6.457142857142857,-0.8285714285714284,2.742857142857143,79.91428571428571,0.6594285714285714,71.42857142857143,5.951428571428571,0.0,24.74285714285714,222.3142857142857,1017.6428571428572,75.12857142857142,16.45714285714286,845
8.6,2.814285714285714,6.128571428571428,7.214285714285714,0.0285714285714286,3.685714285714286,88.25714285714285,2.5551428571428576,100.0,8.332857142857142,0.0428571428571428,23.1,225.25714285714284,1005.0571428571428,61.785714285714285,16.62857142857143,1032
13.4,7.171428571428572,10.028571428571428,13.4,5.357142857142857,9.042857142857144,84.97142857142856,0.422,71.42857142857143,4.762857142857143,0.0,22.0,246.67142857142855,1023.5857142857144,48.31428571428571,18.47142857142857,763
16.6,9.3,12.714285714285714,16.6,8.242857142857144,12.37142857142857,79.67142857142858,0.9064285714285714,42.85714285714285,4.167142857142857,0.0,20.957142857142856,143.3857142857143,1014.0428571428572,80.98571428571428,21.642857142857142,771
18.1,12.657142857142857,14.928571428571429,18.1,12.657142857142857,14.928571428571429,83.81428571428572,1.153857142857143,71.42857142857143,4.761428571428572,0.0,20.485714285714288,260.8285714285714,1005.4714285714286,89.24285714285715,17.400000000000002,726
4.128571428571428,-0.0857142857142857,1.9714285714285715,1.9142857142857144,-3.6,-1.042857142857143,82.77142857142857,1.6942857142857142,100.0,9.524285714285714,0.0571428571428571,19.12857142857143,211.52857142857144,1018.0714285714286,80.47142857142856,33.614285714285714,1062
18.77142857142857,11.071428571428571,14.87142857142857,18.77142857142857,10.7,14.757142857142856,80.08571428571429,2.718,57.142857142857146,4.1657142857142855,0.0,26.87142857142857,202.95714285714288,1011.2285714285716,76.94285714285715,23.142857142857142,756
17.314285714285713,8.671428571428573,13.257142857142856,17.314285714285713,7.257142857142857,12.857142857142858,71.82857142857144,0.1715714285714285,28.571428571428573,1.1914285714285715,0.0,19.67142857142857,196.77142857142857,1022.9857142857144,63.58571428571429,23.77142857142857,772
9.94285714285714,4.571428571428571,7.528571428571429,7.642857142857143,0.7857142857142857,4.714285714285714,85.39999999999999,1.8497142857142856,57.142857142857146,2.382857142857143,0.0,32.128571428571426,218.1142857142857,1009.9857142857144,67.67142857142856,21.357142857142858,796
8.871428571428572,2.0,5.542857142857143,7.628571428571428,-1.8,2.357142857142857,85.0,1.5457142857142858,100.0,6.547142857142857,0.0,31.557142857142857,195.02857142857144,1000.0285714285714,76.3,17.45714285714286,868
19.9,12.7,16.17142857142857,19.9,12.528571428571428,16.157142857142855,71.4,0.5282857142857144,71.42857142857143,5.357142857142857,0.0,22.74285714285714,260.6142857142857,1022.2142857142856,61.3,19.0,726
14.257142857142856,9.014285714285714,11.457142857142856,14.257142857142856,7.714285714285714,10.94285714285714,85.55714285714285,1.7067142857142856,100.0,6.547142857142857,0.0,23.128571428571423,244.4142857142857,1000.6428571428572,82.10000000000001,16.442857142857143,743
5.757142857142858,-0.2857142857142857,2.7857142857142856,1.8285714285714283,-4.8,-1.3428571428571427,69.02857142857142,0.2328571428571428,57.142857142857146,3.571428571428572,0.0,30.02857142857143,313.35714285714283,1014.9142857142856,60.271428571428565,22.685714285714287,1050
22.042857142857144,13.62857142857143,17.314285714285713,21.957142857142856,13.62857142857143,17.314285714285713,76.92857142857143,1.425857142857143,71.42857142857143,8.332857142857142,0.0,14.12857142857143,280.0142857142857,1015.2,67.08571428571429,16.942857142857143,708
4.957142857142857,0.6857142857142856,2.771428571428572,3.271428571428572,-2.414285714285714,0.1142857142857142,90.37142857142858,1.5745714285714285,100.0,10.714285714285714,0.1857142857142857,16.557142857142857,246.5,1010.4857142857144,77.24285714285715,10.828571428571427,979
19.514285714285712,11.957142857142856,15.542857142857144,19.514285714285712,11.957142857142856,15.542857142857144,77.5,0.6678571428571428,71.42857142857143,4.761428571428572,0.0,27.571428571428573,188.95714285714288,1011.3714285714286,70.72857142857143,23.77142857142857,720
23.828571428571426,14.014285714285714,18.77142857142857,23.74285714285714,14.014285714285714,18.77142857142857,73.11428571428571,0.3454285714285715,42.85714285714285,2.975714285714285,0.0,20.285714285714285,191.6142857142857,1013.5714285714286,53.885714285714286,13.685714285714283,779
8.742857142857144,2.3857142857142857,5.328571428571428,6.171428571428572,-1.6,2.1,71.38571428571429,0.6985714285714285,85.71428571428571,5.357142857142857,0.0,26.62857142857143,134.9714285714286,1017.4857142857144,68.34285714285714,24.02857142857143,815
14.94285714285714,6.857142857142857,10.9,14.94285714285714,5.6000000000000005,10.4,86.14285714285714,2.994428571428571,71.42857142857143,6.547142857142857,0.0,24.0,186.1285714285714,1013.0,52.3,21.15714285714285,815
7.557142857142857,2.5285714285714285,4.728571428571429,4.728571428571429,-1.042857142857143,1.5,84.39999999999999,4.095142857142857,100.0,10.118571428571428,0.0142857142857142,24.61428571428572,204.6,991.2,60.38571428571429,20.62857142857143,958
9.285714285714286,3.685714285714286,6.914285714285714,6.842857142857143,0.2,4.142857142857143,78.94285714285715,0.7407142857142858,85.71428571428571,4.168571428571428,0.0,32.1,240.8428571428572,1018.0857142857144,63.67142857142857,22.2,1144
21.11428571428572,13.071428571428571,16.95714285714286,21.17142857142857,13.071428571428571,16.95714285714286,72.44285714285715,0.6647142857142857,85.71428571428571,5.3585714285714285,0.0,16.571428571428573,256.6857142857143,1018.0571428571428,52.12857142857143,17.37142857142857,723
18.442857142857143,10.842857142857143,14.414285714285716,18.442857142857143,10.185714285714283,14.342857142857143,76.02857142857144,0.0032857142857142,28.571428571428573,1.1914285714285715,0.0,21.0,263.8285714285714,1018.2,74.89999999999999,23.4,721
1.4714285714285715,-0.7142857142857143,0.3571428571428571,-1.3142857142857145,-5.542857142857143,-3.442857142857143,96.47142857142856,1.3884285714285711,100.0,10.714285714285714,5.114285714285714,21.885714285714283,85.08571428571429,1014.657142857143,75.58571428571429,5.642857142857143,990
9.242857142857144,3.314285714285714,6.242857142857143,7.014285714285714,-0.5857142857142856,2.7285714285714286,81.11428571428571,1.5498571428571428,71.42857142857143,4.761428571428572,2.7,40.885714285714286,233.87142857142857,1005.342857142857,63.54285714285714,25.571428571428573,1078
10.55714285714286,4.242857142857143,7.428571428571429,9.528571428571428,0.8714285714285713,4.971428571428571,78.35714285714286,0.0217142857142857,28.571428571428573,1.1914285714285715,0.0,27.942857142857143,246.25714285714284,1024.6142857142856,65.38571428571429,15.87142857142857,832
21.1,12.028571428571428,16.242857142857144,21.1,12.028571428571428,16.242857142857144,78.44285714285715,0.938,71.42857142857143,7.142857142857143,0.0,14.728571428571428,216.32857142857145,1016.6142857142858,43.71428571428572,24.9,735
3.8,0.4571428571428572,1.9714285714285715,0.7571428571428572,-3.6714285714285713,-1.7571428571428571,87.78571428571429,0.443,85.71428571428571,10.118571428571428,0.6285714285714287,21.057142857142857,15.55714285714286,1019.8142857142856,56.71428571428572,14.285714285714286,809
17.342857142857145,11.185714285714283,14.3,17.342857142857145,10.571428571428571,14.185714285714283,81.38571428571429,2.8144285714285715,100.0,8.332857142857142,0.0,25.65714285714285,228.47142857142856,1007.2857142857144,52.92857142857143,23.185714285714287,686
21.942857142857143,14.12857142857143,17.771428571428572,21.942857142857143,14.12857142857143,17.771428571428572,76.95714285714287,0.1845714285714285,57.142857142857146,4.762857142857143,0.0,16.771428571428572,266.31428571428575,1020.1571428571428,75.77142857142857,14.8,661
13.414285714285716,6.871428571428572,10.042857142857144,13.414285714285716,5.214285714285714,9.185714285714283,77.3,0.7784285714285714,57.142857142857146,2.9771428571428573,0.0,21.17142857142857,274.62857142857143,1013.4857142857144,71.57142857142857,20.014285714285712,818
16.285714285714285,8.785714285714286,12.314285714285717,16.285714285714285,7.971428571428571,11.928571428571429,79.01428571428572,1.6471428571428572,100.0,7.738571428571428,0.0,21.97142857142857,199.72857142857143,1012.842857142857,60.89999999999999,17.114285714285714,824
9.228571428571428,2.242857142857143,5.842857142857143,7.414285714285714,-1.2571428571428571,2.585714285714286,78.05714285714285,4.319,100.0,10.118571428571428,0.0,32.44285714285714,243.32857142857145,1009.1428571428572,73.97142857142856,16.642857142857142,867
10.2,4.757142857142857,7.3,8.857142857142858,1.3285714285714287,4.542857142857143,79.10000000000001,1.598857142857143,71.42857142857143,6.547142857142857,0.0,29.714285714285715,154.91428571428574,1021.0142857142856,65.95714285714286,23.314285714285717,869
15.87142857142857,10.4,13.228571428571428,15.87142857142857,9.885714285714286,13.071428571428571,83.55714285714285,0.6205714285714287,100.0,8.928571428571429,0.0,21.77142857142857,243.87142857142857,1015.0142857142856,72.18571428571428,28.885714285714283,850
26.057142857142857,16.257142857142856,20.957142857142856,26.314285714285717,16.257142857142856,21.0,74.94285714285715,0.5672857142857143,85.71428571428571,4.168571428571428,0.0,15.314285714285717,164.91428571428574,1018.0285714285714,60.97142857142857,10.3,787
23.25714285714286,13.571428571428571,18.17142857142857,23.25714285714286,13.571428571428571,18.17142857142857,75.92857142857143,0.0,0.0,0.0,0.0,22.657142857142865,231.0142857142857,1016.5857142857144,55.114285714285714,18.61428571428572,699
8.457142857142857,3.071428571428572,5.742857142857142,6.957142857142857,-0.2857142857142857,3.4,79.58571428571429,0.0744285714285714,57.142857142857146,2.382857142857143,0.0,20.557142857142857,175.01428571428573,1033.1571428571428,78.8,13.7,853
6.214285714285714,1.8000000000000005,3.7857142857142856,2.7142857142857144,-2.742857142857143,-0.1428571428571428,84.25714285714285,2.220142857142857,71.42857142857143,10.12,0.2571428571428572,28.785714285714285,224.18571428571428,1003.5571428571428,67.52857142857144,18.842857142857145,1200
12.542857142857144,6.442857142857143,9.028571428571428,12.157142857142857,3.7285714285714286,7.3,80.89999999999999,0.1725714285714285,57.142857142857146,5.952857142857143,0.0,22.02857142857143,214.45714285714288,1019.1714285714286,58.21428571428572,16.04285714285714,972
28.557142857142857,14.328571428571427,21.11428571428572,28.485714285714288,14.328571428571427,21.1,63.65714285714286,0.4029999999999999,57.142857142857146,3.5728571428571425,0.0,17.657142857142855,131.18571428571428,1022.9857142857144,26.557142857142857,17.685714285714287,810
8.328571428571427,3.014285714285714,5.757142857142857,6.528571428571429,-0.4428571428571428,2.585714285714286,86.12857142857142,3.679142857142857,100.0,10.714285714285714,0.0,27.714285714285715,234.44285714285712,997.6142857142858,61.114285714285714,19.314285714285717,1053
6.757142857142857,1.042857142857143,4.0285714285714285,3.942857142857143,-2.3857142857142857,1.042857142857143,72.71428571428571,0.4772857142857143,42.85714285714285,2.975714285714285,0.0,23.457142857142856,293.7857142857143,1024.0285714285717,75.24285714285715,17.8,871
6.928571428571429,1.8571428571428568,4.257142857142857,4.857142857142857,-1.657142857142857,1.1857142857142855,82.84285714285714,1.8911428571428568,85.71428571428571,4.762857142857143,0.0,23.442857142857143,195.15714285714284,1004.1857142857144,62.10000000000001,17.47142857142857,855
16.071428571428573,10.4,13.1,16.071428571428573,9.87142857142857,12.985714285714286,76.64285714285714,0.8685714285714285,85.71428571428571,9.522857142857143,0.0,20.785714285714285,281.68571428571425,1006.4,87.17142857142858,17.400000000000002,686
13.05714285714286,7.142857142857143,9.971428571428572,13.05714285714286,4.714285714285714,8.9,81.87142857142858,0.9384285714285714,71.42857142857143,5.951428571428571,0.2142857142857142,27.214285714285715,232.65714285714284,1013.3142857142856,50.4,25.17142857142857,760
17.32857142857143,12.028571428571428,14.428571428571429,17.32857142857143,12.028571428571428,14.428571428571429,87.25714285714285,6.258571428571429,100.0,12.5,0.0,20.428571428571427,234.4,1002.657142857143,54.25714285714286,20.357142857142858,719
7.685714285714285,1.0714285714285714,4.414285714285714,4.871428571428572,-2.457142857142857,1.0714285714285714,82.15714285714286,2.233857142857143,85.71428571428571,8.927142857142858,0.1142857142857142,23.4,234.82857142857145,1003.9428571428572,64.67142857142856,30.142857142857142,983
16.25714285714286,7.642857142857143,11.485714285714286,16.25714285714286,6.028571428571429,10.885714285714286,75.35714285714286,0.6538571428571428,71.42857142857143,3.5728571428571425,0.0,18.728571428571428,232.3,1028.3714285714286,48.85714285714285,28.17142857142857,777
6.371428571428572,0.7428571428571429,3.5142857142857147,5.028571428571429,-2.0285714285714285,1.3428571428571427,88.37142857142858,0.3885714285714285,57.142857142857146,3.571428571428572,0.0,21.17142857142857,195.8428571428572,1017.2,74.54285714285713,8.571428571428571,900
7.728571428571429,3.271428571428572,5.714285714285714,5.342857142857143,0.0428571428571427,3.0142857142857147,84.65714285714286,0.0744285714285714,71.42857142857143,3.5728571428571425,0.0,20.485714285714288,214.58571428571432,1024.5571428571427,79.52857142857144,9.385714285714286,792
9.014285714285714,3.871428571428571,6.614285714285714,7.8428571428571425,1.3857142857142857,5.128571428571428,91.47142857142856,0.2555714285714285,85.71428571428571,7.141428571428572,0.0,18.914285714285715,146.37142857142857,1024.6142857142856,75.14285714285714,17.228571428571428,961
0.9285714285714286,-1.3285714285714287,-0.0857142857142857,-1.5428571428571427,-6.257142857142857,-4.257142857142857,87.05714285714285,0.1385714285714286,57.142857142857146,2.9771428571428573,4.057142857142858,23.385714285714283,57.94285714285714,1017.3857142857142,91.91428571428573,15.7,1378
6.6000000000000005,3.3857142857142857,4.857142857142857,5.714285714285714,0.7428571428571429,3.271428571428572,94.51428571428572,0.2978571428571429,71.42857142857143,5.357142857142857,0.0,16.37142857142857,141.5285714285714,1030.3142857142857,86.27142857142857,6.214285714285714,892
12.728571428571428,3.5142857142857147,7.714285714285714,12.542857142857144,1.0,6.228571428571429,82.07142857142857,1.3167142857142855,42.85714285714285,4.167142857142857,0.0,17.97142857142857,206.87142857142857,1026.6857142857143,51.01428571428572,15.228571428571428,816
1.6999999999999995,-2.5285714285714285,-0.5571428571428572,-0.7714285714285715,-6.057142857142857,-3.6142857142857134,93.67142857142858,0.7521428571428572,100.0,10.118571428571428,3.2857142857142856,15.55714285714286,219.55714285714288,992.9714285714286,48.371428571428574,10.542857142857144,918
6.857142857142857,0.8571428571428571,4.0285714285714285,4.742857142857143,-1.4285714285714286,1.7,94.15714285714286,1.794857142857143,100.0,10.118571428571428,0.0,18.357142857142858,185.1142857142857,1004.2285714285716,69.15714285714286,11.142857142857142,857
17.414285714285715,11.085714285714284,14.228571428571428,17.414285714285715,10.328571428571427,14.014285714285714,82.37142857142858,3.293714285714286,85.71428571428571,7.144285714285715,0.0,21.185714285714287,94.61428571428571,1017.6714285714286,62.05714285714286,15.771428571428572,670
17.45714285714286,9.971428571428572,13.642857142857142,17.45714285714286,8.9,13.3,79.28571428571429,1.8295714285714288,85.71428571428571,5.357142857142857,0.0,18.414285714285715,248.15714285714284,1011.1142857142858,73.3,21.042857142857144,747
9.285714285714286,3.8428571428571434,6.671428571428571,8.514285714285714,1.385714285714286,5.085714285714286,85.44285714285715,0.4395714285714285,71.42857142857143,5.952857142857143,0.0,18.057142857142857,245.0285714285714,1026.185714285714,76.60000000000001,12.6,800
15.514285714285714,9.1,12.385714285714286,15.514285714285714,7.242857142857142,11.842857142857143,88.98571428571428,3.0755714285714286,42.85714285714285,1.7871428571428571,0.0,26.12857142857143,192.84285714285716,1001.2714285714286,78.28571428571429,16.228571428571428,747
8.385714285714286,4.057142857142858,6.028571428571429,6.242857142857143,1.2857142857142858,3.457142857142857,86.81428571428572,2.1995714285714287,85.71428571428571,8.928571428571429,0.0,21.32857142857143,228.37142857142857,1003.0428571428572,58.81428571428571,13.885714285714286,900
15.842857142857143,9.94285714285714,12.857142857142858,15.842857142857143,8.985714285714286,12.671428571428573,87.74285714285715,2.3215714285714286,85.71428571428571,7.141428571428572,0.0,18.057142857142857,191.58571428571423,1016.3857142857144,55.57142857142857,12.985714285714286,798
6.3,3.071428571428572,4.642857142857143,4.314285714285714,-0.5714285714285714,1.7571428571428571,91.57142857142856,2.2037142857142857,100.0,7.142857142857143,0.0,21.27142857142857,177.6,1013.9714285714286,71.62857142857143,10.914285714285716,979
5.566666666666666,1.2666666666666666,3.45,2.4833333333333334,-2.65,-0.2833333333333332,84.26666666666667,0.0,0.0,0.0,0.45,27.82857142857143,263.75,1005.8666666666668,61.35,13.666666666666666,1278
10.228571428571428,3.6714285714285713,6.642857142857143,9.3,0.4571428571428572,4.257142857142857,77.39999999999999,2.439142857142857,85.71428571428571,9.522857142857143,0.0,24.6,286.2,1011.0142857142856,45.62857142857143,22.557142857142857,793
10.6,3.457142857142857,6.700000000000001,9.55714285714286,0.6,4.514285714285714,87.98571428571428,4.8917142857142855,85.71428571428571,8.928571428571429,0.0,18.428571428571427,144.27142857142857,1018.1714285714286,49.6,17.914285714285715,868
7.899999999999999,3.242857142857143,5.357142857142857,6.528571428571429,0.6857142857142857,3.242857142857143,91.91428571428573,0.4631428571428571,100.0,9.522857142857143,0.0,17.95714285714286,225.32857142857145,1026.057142857143,67.24285714285715,14.785714285714286,1060
10.342857142857143,2.9285714285714284,6.571428571428571,9.671428571428573,0.3,4.742857142857143,78.78571428571429,0.5397142857142857,57.142857142857146,2.9771428571428573,0.0,17.37142857142857,233.28571428571428,1021.2857142857144,78.57142857142857,14.071428571428571,831
21.2,12.1,16.45714285714286,21.2,11.928571428571429,16.45714285714286,75.11428571428571,1.175142857142857,28.571428571428573,1.7857142857142858,0.0,18.6,141.27142857142857,1017.842857142857,59.08571428571428,17.17142857142857,764
5.742857142857143,0.8857142857142858,3.0285714285714285,2.157142857142857,-3.357142857142857,-0.9142857142857144,84.34285714285714,2.468,85.71428571428571,4.762857142857143,1.05,31.885714285714283,214.6142857142857,994.5571428571428,76.3,21.571428571428573,984
11.87142857142857,6.285714285714286,8.957142857142857,11.428571428571429,3.3714285714285714,6.971428571428571,82.67142857142858,0.0298571428571428,42.85714285714285,1.7871428571428571,0.0,29.37142857142857,223.15714285714284,1022.2571428571428,75.01428571428572,11.44285714285714,905
13.028571428571428,6.071428571428571,9.428571428571429,13.028571428571428,3.557142857142857,8.014285714285714,72.6,1.1768571428571428,85.71428571428571,5.357142857142857,0.0,28.02857142857143,242.22857142857143,1009.0285714285714,66.34285714285714,25.714285714285715,818
20.24285714285714,12.528571428571428,16.014285714285716,20.24285714285714,12.528571428571428,16.014285714285716,80.48571428571428,4.938000000000001,100.0,10.714285714285714,0.0,20.914285714285715,228.7142857142857,1008.6142857142858,51.75714285714285,16.17142857142857,644
22.414285714285715,12.5,16.928571428571427,22.442857142857143,12.5,16.914285714285715,82.8,1.7945714285714285,57.142857142857146,5.358571428571429,0.0,18.32857142857143,144.97142857142856,1012.157142857143,61.285714285714285,23.914285714285715,718
8.042857142857143,3.5285714285714285,5.671428571428572,6.528571428571429,0.7714285714285715,3.3428571428571425,81.3,0.0642857142857143,71.42857142857143,3.5728571428571425,0.0,17.52857142857143,287.3,1032.0428571428572,76.85714285714286,18.02857142857143,1015
23.485714285714288,12.3,17.842857142857145,23.485714285714288,12.242857142857144,17.814285714285713,68.35714285714286,0.3248571428571428,28.571428571428573,2.38,0.0,19.12857142857143,248.7142857142857,1009.0428571428572,63.47142857142857,23.65714285714285,743
10.1,2.542857142857143,6.014285714285714,8.842857142857143,-0.4428571428571429,3.6571428571428575,80.87142857142858,0.8288571428571428,71.42857142857143,5.357142857142857,0.0,23.057142857142857,233.7428571428572,1018.657142857143,50.65714285714286,17.87142857142857,975
19.814285714285717,11.957142857142856,15.571428571428571,19.814285714285717,11.814285714285717,15.557142857142855,77.57142857142857,0.5218571428571429,42.85714285714285,2.975714285714285,0.0,23.957142857142856,232.4142857142857,1012.4,69.34285714285714,25.371428571428574,818
15.9,8.657142857142857,12.1,15.9,6.742857142857143,11.671428571428573,76.89999999999999,0.7112857142857143,85.71428571428571,4.762857142857143,0.0,23.185714285714287,216.2,1004.6142857142858,72.45714285714286,22.957142857142856,760
8.128571428571428,2.9714285714285715,5.671428571428572,5.914285714285714,-1.3285714285714287,2.242857142857143,84.2,1.4368571428571428,85.71428571428571,5.357142857142857,50.0,33.44285714285714,269.4714285714286,1005.9857142857144,64.78571428571429,19.9,785
14.642857142857142,9.714285714285714,12.471428571428572,14.642857142857142,8.171428571428573,12.014285714285714,84.58571428571429,1.6968571428571428,100.0,10.118571428571428,0.0,23.071428571428573,224.17142857142855,1012.0,71.34285714285714,20.47142857142857,789
0.7714285714285714,-3.3857142857142857,-1.542857142857143,-4.828571428571428,-9.728571428571428,-7.485714285714286,78.44285714285715,3.9294285714285713,71.42857142857143,3.5728571428571425,8.514285714285714,32.114285714285714,66.55714285714285,1019.9714285714286,67.75714285714285,23.32857142857143,1033
5.571428571428571,-0.7857142857142857,2.4857142857142853,2.742857142857143,-5.5,-1.6714285714285713,88.04285714285713,1.967,71.42857142857143,3.5728571428571425,0.0,29.4,247.7,997.5857142857144,59.21428571428572,13.028571428571428,982
12.214285714285714,6.914285714285714,9.485714285714286,11.328571428571427,4.614285714285714,7.785714285714286,83.75714285714285,3.064571428571429,100.0,10.117142857142856,0.0,34.285714285714285,233.58571428571423,1006.842857142857,67.25714285714285,19.11428571428572,828
13.385714285714286,7.814285714285714,10.271428571428572,13.385714285714286,6.0,9.471428571428572,85.11428571428571,1.564142857142857,100.0,10.118571428571428,0.0,18.65714285714285,252.92857142857144,1016.2714285714284,64.6,22.12857142857143,885
9.314285714285717,5.371428571428572,7.271428571428571,8.257142857142856,2.7,5.271428571428571,93.27142857142856,2.582571428571429,100.0,8.928571428571429,0.0571428571428571,18.32857142857143,59.471428571428575,1014.7714285714284,77.42857142857143,3.3142857142857145,794
15.542857142857144,9.5,12.485714285714286,15.542857142857144,9.057142857142855,12.414285714285716,87.92857142857143,0.83,100.0,5.952857142857143,0.0,20.1,199.1,1014.7714285714284,61.142857142857146,14.242857142857144,795
6.871428571428571,2.571428571428572,4.757142857142857,3.7857142857142856,-0.7714285714285715,1.5857142857142856,91.81428571428572,1.256,100.0,12.5,0.0,20.357142857142858,65.87142857142858,1020.5714285714286,71.88571428571429,9.55714285714286,826
7.228571428571429,2.242857142857143,5.1000000000000005,4.1,-1.5,1.7857142857142858,87.52857142857144,1.493,85.71428571428571,5.951428571428571,1.95,30.142857142857142,238.72857142857143,1009.6142857142858,78.64285714285714,12.642857142857142,954
24.857142857142858,13.657142857142857,19.4,24.785714285714285,13.657142857142857,19.385714285714283,60.4,0.7919999999999999,57.142857142857146,2.382857142857143,0.0,14.614285714285716,256.3857142857143,1016.2285714285716,54.0,29.314285714285717,798
11.528571428571428,4.671428571428572,7.971428571428571,11.228571428571428,2.8857142857142857,6.728571428571429,85.78571428571429,0.4015714285714286,42.85714285714285,2.381428571428572,0.0,15.814285714285711,233.07142857142856,1025.0285714285717,66.42857142857143,12.585714285714284,878
9.342857142857143,3.3857142857142857,6.4,7.328571428571428,0.3857142857142857,3.557142857142857,83.98571428571428,0.5371428571428571,100.0,10.118571428571428,0.0,25.02857142857143,210.3571428571429,1000.4571428571428,67.64285714285714,22.17142857142857,914
20.4,13.414285714285716,16.9,20.4,13.414285714285716,16.9,80.77142857142857,1.3824285714285711,85.71428571428571,9.522857142857143,0.0,17.82857142857143,254.9,1008.9428571428572,58.114285714285714,21.47142857142857,664
7.928571428571429,3.257142857142857,5.742857142857142,5.6571428571428575,-0.1714285714285713,2.7857142857142856,82.0,0.8275714285714286,85.71428571428571,8.928571428571429,0.0,25.11428571428572,256.9428571428571,1013.7857142857144,71.78571428571429,23.571428571428573,975
13.685714285714283,9.242857142857144,11.328571428571427,13.685714285714283,7.771428571428571,11.0,84.75714285714285,1.1807142857142858,100.0,12.5,0.0,21.87142857142857,334.4714285714286,1015.8285714285714,71.24285714285715,16.142857142857142,782
7.7,2.542857142857143,5.142857142857143,5.485714285714286,-0.8571428571428574,2.071428571428572,91.87142857142858,6.518714285714286,100.0,10.12,0.1285714285714286,23.0,196.32857142857145,1007.3571428571428,67.12857142857142,8.928571428571429,874
17.071428571428573,8.985714285714286,13.05714285714286,17.071428571428573,8.357142857142858,12.9,71.21428571428571,0.4914285714285714,85.71428571428571,8.928571428571429,0.0,18.385714285714283,262.37142857142857,1010.5857142857144,51.91428571428571,25.357142857142858,738
3.9,-0.2285714285714285,1.7428571428571429,0.9571428571428572,-4.0285714285714285,-1.871428571428572,85.41428571428571,1.4388571428571428,100.0,6.55,0.3999999999999999,21.3,200.55714285714288,996.1857142857144,57.67142857142857,18.942857142857143,1019
20.785714285714285,12.528571428571428,16.742857142857144,20.785714285714285,12.528571428571428,16.742857142857144,79.10000000000001,0.6367142857142857,57.142857142857146,4.1657142857142855,0.0,19.085714285714285,265.85714285714283,1018.342857142857,74.38571428571429,21.97142857142857,725
5.642857142857143,1.7857142857142858,3.457142857142857,2.9,-1.9285714285714288,0.4285714285714285,86.55714285714285,0.3622857142857142,57.142857142857146,4.1657142857142855,1.9,20.0,145.87142857142857,1024.2285714285715,59.15714285714286,14.62857142857143,827
13.814285714285717,8.814285714285713,11.185714285714283,13.814285714285717,7.171428571428572,10.657142857142857,88.31428571428572,14.742571428571429,100.0,14.28857142857143,0.0428571428571428,20.014285714285712,142.44285714285712,1011.6,77.87142857142858,17.142857142857142,749
11.4,4.128571428571428,7.571428571428571,10.37142857142857,1.0714285714285714,5.571428571428571,80.55714285714285,4.647857142857143,100.0,11.905714285714286,0.0,27.314285714285717,154.1142857142857,999.4571428571428,76.45714285714287,14.8,812
22.47142857142857,14.6,18.47142857142857,22.585714285714285,14.6,18.5,82.78571428571429,10.967142857142855,71.42857142857143,7.738571428571428,0.0,15.728571428571428,201.44285714285712,1013.4857142857144,67.98571428571428,13.242857142857144,766
12.37142857142857,5.828571428571428,9.014285714285714,11.9,3.3285714285714283,7.628571428571428,78.39999999999999,1.1524285714285714,85.71428571428571,5.357142857142857,0.4142857142857142,23.985714285714288,244.17142857142855,1014.6428571428572,52.74285714285714,20.314285714285717,865
12.642857142857142,5.385714285714286,8.871428571428572,12.142857142857142,3.728571428571428,7.928571428571429,77.72857142857143,0.078,42.85714285714285,2.9771428571428573,0.5571428571428572,18.857142857142858,275.1428571428572,1022.6857142857144,46.92857142857143,18.65714285714285,829
4.742857142857143,-0.3714285714285713,2.0285714285714285,1.9285714285714288,-4.257142857142857,-1.3428571428571427,85.18571428571428,2.1955714285714287,85.71428571428571,8.928571428571429,0.0,19.685714285714287,266.3285714285714,1008.2571428571428,48.02857142857143,19.428571428571427,872
13.385714285714286,6.271428571428571,9.614285714285714,13.214285714285714,4.785714285714286,8.785714285714286,72.51428571428572,0.660142857142857,42.85714285714285,2.975714285714285,0.0,17.071428571428573,233.52857142857144,1019.0571428571428,42.01428571428572,14.914285714285716,802
9.128571428571428,3.6142857142857134,6.514285714285714,8.457142857142857,-0.7428571428571429,3.9,84.87142857142858,4.5525714285714285,100.0,7.141428571428572,1.85,34.72857142857143,217.2,986.4714285714286,72.97142857142858,20.214285714285715,1448
19.12857142857143,12.757142857142856,15.642857142857142,19.12857142857143,12.757142857142856,15.642857142857142,86.88571428571429,1.4380000000000002,100.0,8.334285714285715,0.0,15.342857142857143,203.05714285714288,1008.0571428571428,55.31428571428571,12.842857142857143,641
20.942857142857143,11.3,16.014285714285712,20.942857142857143,11.3,16.014285714285712,67.17142857142856,0.0018571428571428,14.285714285714286,0.5957142857142858,0.0,12.142857142857142,221.17142857142855,1019.7857142857144,60.51428571428572,18.02857142857143,707
7.071428571428571,2.6000000000000005,4.757142857142857,4.614285714285714,-1.085714285714286,1.5857142857142856,89.10000000000001,5.719428571428572,100.0,10.117142857142856,0.0,24.02857142857143,121.8142857142857,1002.4571428571428,66.18571428571428,19.214285714285715,937
1.3142857142857145,-4.257142857142857,-1.342857142857143,-1.9714285714285715,-9.071428571428571,-5.428571428571429,87.2,1.2994285714285714,85.71428571428571,6.545714285714285,17.04285714285714,19.15714285714285,261.5857142857143,1015.5285714285714,64.08571428571429,6.457142857142857,1143
25.17142857142857,14.9,20.12857142857143,25.27142857142857,14.9,20.17142857142857,69.85714285714286,0.7911428571428571,42.85714285714285,2.381428571428572,0.0,16.757142857142856,204.08571428571423,1018.2571428571428,50.385714285714286,17.62857142857143,821
2.6,-1.2428571428571429,0.6142857142857142,-0.5428571428571428,-6.328571428571428,-3.2,85.68571428571428,0.1208571428571428,71.42857142857143,4.167142857142857,4.7,25.214285714285715,83.64285714285714,1021.3285714285714,87.14285714285714,7.3428571428571425,940
11.0,6.6571428571428575,8.72857142857143,10.0,4.214285714285714,6.8,87.72857142857143,1.760714285714286,85.71428571428571,4.168571428571428,0.0,26.742857142857144,220.57142857142856,1018.6142857142858,82.91428571428571,12.0,1036
18.17142857142857,7.014285714285714,12.457142857142856,18.17142857142857,5.414285714285714,11.971428571428572,73.67142857142858,0.2171428571428571,42.85714285714285,1.7871428571428571,0.0,18.8,138.35714285714286,1018.9,52.07142857142857,8.842857142857143,743
4.057142857142857,0.1714285714285713,1.942857142857143,2.128571428571429,-2.457142857142857,-0.2714285714285713,86.21428571428571,0.0419999999999999,28.571428571428573,1.1914285714285715,0.0,16.47142857142857,203.47142857142856,1022.4857142857144,71.04285714285713,11.3,938
20.11428571428572,8.985714285714286,14.571428571428571,20.11428571428572,8.685714285714285,14.485714285714286,70.25714285714285,0.009,28.571428571428573,1.1914285714285715,0.0,16.942857142857143,213.55714285714288,1022.9285714285714,51.32857142857143,23.02857142857143,762
14.071428571428571,5.985714285714286,10.185714285714283,13.842857142857143,4.5285714285714285,9.4,77.74285714285715,2.6878571428571427,85.71428571428571,7.738571428571428,0.0,17.785714285714285,161.62857142857143,1007.5714285714286,41.94285714285714,16.185714285714287,790
10.728571428571428,4.485714285714286,7.442857142857143,9.828571428571427,1.0571428571428572,4.785714285714286,78.67142857142858,3.25,100.0,10.118571428571428,3.3285714285714287,27.685714285714287,237.72857142857143,1009.2285714285716,72.07142857142857,17.485714285714288,905
7.1,3.142857142857143,5.171428571428572,4.328571428571428,0.4857142857142857,2.4,81.2,0.1487142857142857,100.0,10.715714285714286,0.0,20.75714285714286,224.8142857142857,1020.3857142857142,66.67142857142856,16.314285714285713,775
7.942857142857143,1.2142857142857142,4.457142857142857,4.814285714285715,-2.3857142857142857,1.1285714285714286,84.39999999999999,0.431,85.71428571428571,4.762857142857143,0.0,30.685714285714287,251.3428571428572,1003.0428571428572,50.98571428571428,22.942857142857143,923
15.014285714285714,8.142857142857142,11.271428571428572,15.014285714285714,6.185714285714285,10.55714285714286,83.24285714285715,0.1897142857142857,71.42857142857143,4.167142857142857,0.0,20.942857142857143,78.02857142857144,1016.5428571428572,74.91428571428571,6.485714285714286,755
16.228571428571428,10.814285714285717,13.4,16.228571428571428,10.285714285714286,13.342857142857143,79.22857142857143,1.7691428571428571,85.71428571428571,7.740000000000001,0.0,14.7,199.0,1017.4571428571428,80.61428571428571,21.542857142857144,713
14.085714285714284,7.457142857142857,10.6,14.085714285714284,5.2,9.571428571428571,82.89999999999999,2.403,71.42857142857143,4.762857142857143,0.0,26.014285714285712,200.72857142857143,1009.9857142857144,42.9,24.37142857142857,792
14.114285714285714,6.757142857142857,10.242857142857144,14.114285714285714,5.214285714285714,9.4,81.95714285714287,6.148857142857144,100.0,11.31,0.0,23.685714285714287,247.42857142857144,1003.4857142857144,58.42857142857143,18.228571428571428,749
7.571428571428571,4.928571428571429,6.242857142857143,7.042857142857143,2.7285714285714286,4.871428571428572,94.77142857142856,0.0167142857142857,85.71428571428571,4.762857142857143,0.0,17.04285714285714,162.72857142857143,1017.6857142857144,89.05714285714285,4.914285714285714,957
12.114285714285714,6.342857142857143,9.0,11.828571428571427,4.0285714285714285,7.671428571428572,90.44285714285716,4.447142857142857,100.0,10.714285714285714,0.0,22.25714285714286,227.42857142857144,996.157142857143,50.02857142857143,16.442857142857143,775
15.214285714285714,8.314285714285715,11.542857142857144,15.214285714285714,7.028571428571429,11.042857142857144,78.07142857142857,0.0,0.0,0.0,0.0,23.442857142857143,237.04285714285717,1019.8285714285714,69.41428571428571,15.12857142857143,748
7.257142857142857,-0.4857142857142856,3.128571428571429,3.857142857142857,-4.314285714285714,-0.4142857142857143,77.62857142857142,0.155,71.42857142857143,3.5728571428571425,0.0,25.37142857142857,88.62857142857142,1016.1714285714286,47.01428571428572,22.1,896
3.357142857142857,-0.7857142857142857,1.2142857142857142,-0.1428571428571429,-5.328571428571429,-2.8428571428571425,87.98571428571428,2.507428571428572,100.0,9.525714285714288,2.2,23.314285714285717,242.37142857142857,995.9714285714286,63.12857142857143,19.285714285714285,1012
12.857142857142858,7.414285714285714,10.12857142857143,12.857142857142858,5.785714285714286,9.542857142857144,89.77142857142857,3.801428571428571,100.0,7.737142857142857,0.0,20.514285714285712,193.77142857142857,1003.0,67.71428571428571,19.914285714285715,871
9.757142857142856,4.171428571428572,6.985714285714286,8.071428571428571,1.5285714285714285,4.471428571428572,82.12857142857142,2.594857142857143,100.0,10.714285714285714,0.0,26.285714285714285,252.47142857142856,996.7285714285716,56.385714285714286,20.62857142857143,914
7.942857142857143,1.5571428571428572,4.542857142857143,5.557142857142857,-2.4,0.9714285714285716,77.98571428571428,0.7934285714285715,100.0,10.714285714285714,0.1142857142857143,31.0,276.9142857142857,1011.3571428571428,53.68571428571429,19.785714285714285,879
3.3714285714285714,0.4714285714285713,1.9714285714285715,1.8857142857142857,-2.6,-0.1285714285714286,92.28571428571428,1.2961428571428573,85.71428571428571,7.740000000000001,2.0142857142857147,11.742857142857144,185.78571428571428,1021.9,71.67142857142856,5.957142857142857,1123
10.871428571428572,5.0,7.971428571428571,9.571428571428571,2.271428571428572,5.9,82.82857142857142,0.4515714285714285,57.142857142857146,2.382857142857143,0.0,27.9,212.0,1011.7714285714284,70.8,14.185714285714283,864
18.957142857142856,13.285714285714286,15.757142857142856,18.957142857142856,12.957142857142856,15.714285714285714,83.39999999999999,1.8618571428571429,42.85714285714285,4.761428571428572,0.0,16.52857142857143,76.05714285714285,1016.8857142857142,82.71428571428571,14.014285714285714,740
8.171428571428573,1.8857142857142857,5.0,4.928571428571429,-3.4,0.6857142857142857,76.32857142857142,2.1374285714285715,85.71428571428571,6.545714285714285,1.5,45.82857142857143,252.1142857142857,1003.0428571428572,68.85714285714286,24.25714285714286,833
5.928571428571429,1.8142857142857145,3.857142857142857,4.714285714285714,-1.1428571428571428,1.6142857142857143,93.44285714285716,0.3052857142857142,85.71428571428571,4.762857142857143,0.0,19.042857142857144,202.3571428571429,1021.2714285714284,62.88571428571429,6.828571428571428,779
3.5,1.042857142857143,2.2,-0.6571428571428571,-3.7857142857142856,-2.3000000000000003,88.62857142857142,0.6185714285714285,57.142857142857146,4.762857142857143,0.0,27.642857142857142,60.9,1024.6142857142856,72.45714285714286,10.428571428571429,856
17.414285714285715,9.057142857142855,13.542857142857144,17.414285714285715,8.457142857142857,13.328571428571427,73.2,3.009857142857143,100.0,10.12,0.0,19.25714285714286,220.3,1011.342857142857,49.51428571428572,20.014285714285712,719
7.071428571428571,2.842857142857143,4.9,4.485714285714286,-0.3571428571428571,2.2,91.04285714285712,3.900571428571429,100.0,8.332857142857142,0.0,22.97142857142857,208.6,993.3571428571428,68.61428571428571,15.071428571428571,1118
17.32857142857143,10.2,13.542857142857144,17.32857142857143,9.8,13.428571428571429,86.05714285714285,0.1824285714285714,57.142857142857146,2.9771428571428573,0.0,21.15714285714285,202.7,1021.3142857142856,69.97142857142856,9.214285714285714,747
8.314285714285715,4.5,6.4,6.714285714285714,1.6285714285714286,4.185714285714285,87.94285714285715,2.0788571428571427,57.142857142857146,4.1657142857142855,0.0,21.957142857142856,223.6285714285714,1013.4857142857144,79.87142857142858,11.342857142857143,834
18.8,8.142857142857142,13.37142857142857,18.8,7.285714285714286,13.1,78.21428571428571,0.441,57.142857142857146,2.382857142857143,0.0,17.185714285714287,195.1142857142857,1017.2428571428572,71.65714285714286,10.9,779
20.214285714285715,12.285714285714286,16.257142857142856,20.214285714285715,12.257142857142856,16.257142857142856,76.37142857142858,1.508857142857143,85.71428571428571,7.142857142857143,0.0,17.985714285714288,198.8571428571429,1015.3142857142856,64.12857142857142,23.728571428571428,681
15.62857142857143,8.642857142857142,12.114285714285714,15.62857142857143,7.542857142857143,11.871428571428572,73.97142857142856,0.4354285714285714,42.85714285714285,2.381428571428572,0.0,15.8,187.68571428571428,1021.2,70.85714285714286,26.17142857142857,799
7.357142857142857,1.6,4.5285714285714285,4.685714285714285,-2.442857142857143,0.9142857142857144,81.42857142857143,3.492142857142857,100.0,14.882857142857144,0.0,33.91428571428572,209.27142857142857,996.5285714285714,53.957142857142856,22.885714285714283,865
0.1285714285714286,-3.1714285714285717,-1.542857142857143,-2.7285714285714286,-7.957142857142857,-5.442857142857143,85.18571428571428,0.2292857142857143,57.142857142857146,4.1657142857142855,7.133333333333333,25.485714285714288,57.614285714285714,1028.3142857142857,87.04285714285713,5.371428571428572,1036
22.27142857142857,12.885714285714286,17.385714285714286,22.27142857142857,12.885714285714286,17.385714285714286,71.62857142857142,0.1704285714285714,57.142857142857146,2.9771428571428573,0.0,19.61428571428572,261.6,1017.6857142857144,69.47142857142858,30.014285714285712,824
21.228571428571428,13.114285714285714,16.82857142857143,21.228571428571428,13.114285714285714,16.82857142857143,77.27142857142857,0.6658571428571428,85.71428571428571,9.524285714285714,0.0,21.1,222.1142857142857,1012.6142857142858,67.24285714285715,17.714285714285715,731
9.471428571428572,3.2857142857142856,5.842857142857143,7.242857142857143,-1.4,1.8714285714285717,75.34285714285714,1.2735714285714284,85.71428571428571,5.952857142857143,0.0,36.7,237.6142857142857,995.8571428571428,76.48571428571428,23.61428571428572,865
17.314285714285713,9.44285714285714,13.257142857142856,17.314285714285713,8.0,12.785714285714286,86.72857142857143,2.1712857142857143,71.42857142857143,4.761428571428572,0.0,25.042857142857144,205.0142857142857,1006.1285714285714,65.47142857142856,11.5,667
13.328571428571427,5.5,8.714285714285714,13.328571428571427,1.9142857142857144,6.542857142857143,78.81428571428572,0.2987142857142857,28.571428571428573,1.1914285714285715,0.0,29.25714285714286,92.71428571428572,1024.8142857142857,63.84285714285714,17.942857142857143,778
13.142857142857142,5.1571428571428575,9.085714285714284,13.142857142857142,3.5,8.357142857142858,66.64285714285714,0.0705714285714285,28.571428571428573,1.7857142857142858,0.0,15.785714285714286,168.45714285714286,1025.1142857142856,55.07142857142857,22.214285714285715,766
3.3,1.2857142857142858,2.3285714285714287,1.7142857142857142,-2.342857142857143,-0.4571428571428572,95.48571428571428,0.6821428571428572,85.71428571428571,6.545714285714285,0.5333333333333333,18.885714285714283,119.87142857142858,1005.1285714285714,94.68571428571428,4.0,1222
17.342857142857145,10.142857142857142,13.6,17.342857142857145,9.7,13.514285714285714,72.57142857142857,4.201857142857143,100.0,8.928571428571429,0.0,23.514285714285712,213.07142857142856,1013.5142857142856,60.5,26.4,728
17.985714285714288,10.44285714285714,13.842857142857143,17.985714285714288,9.77142857142857,13.714285714285714,86.87142857142858,6.613857142857143,100.0,11.904285714285717,0.0,23.15714285714285,164.45714285714286,1008.6428571428572,67.31428571428572,13.914285714285716,729
8.228571428571428,2.814285714285714,5.7,5.9,-0.4428571428571427,2.7285714285714286,86.3,2.9331428571428573,100.0,11.31,0.1999999999999999,25.457142857142856,218.7,997.2142857142856,74.67142857142858,29.2,974
13.7,6.128571428571428,9.785714285714286,13.7,4.585714285714286,9.142857142857142,76.92857142857143,0.5791428571428572,42.85714285714285,3.5700000000000003,0.0,18.914285714285715,249.68571428571428,1014.2714285714284,76.32857142857142,23.414285714285715,789
14.857142857142858,10.085714285714284,12.37142857142857,14.857142857142858,9.2,12.271428571428572,92.14285714285714,9.117714285714284,100.0,14.287142857142856,0.0,24.442857142857143,216.64285714285717,1008.2285714285716,70.74285714285715,12.257142857142856,741
7.514285714285714,3.357142857142857,5.385714285714285,6.985714285714286,1.2428571428571429,3.757142857142857,93.91428571428573,0.2568571428571428,71.42857142857143,3.5728571428571425,0.0,14.414285714285716,227.7428571428572,1023.6428571428572,67.15714285714286,9.642857142857142,924
14.357142857142858,6.442857142857143,10.128571428571428,14.357142857142858,4.7,9.37142857142857,75.92857142857143,0.0794285714285714,42.85714285714285,1.7871428571428571,0.0,18.342857142857145,209.95714285714288,1020.6714285714286,57.31428571428571,14.542857142857144,769
19.6,11.44285714285714,15.44285714285714,19.6,11.357142857142858,15.44285714285714,74.51428571428572,0.0701428571428571,57.142857142857146,3.571428571428572,0.0,20.6,242.3,1017.1285714285714,68.57142857142857,22.585714285714285,743
4.542857142857143,1.5285714285714285,3.042857142857143,1.8142857142857145,-2.314285714285714,-0.4285714285714285,87.44285714285715,0.776,85.71428571428571,9.524285714285714,0.0428571428571428,22.185714285714287,305.8428571428572,1027.0428571428572,59.12857142857143,16.12857142857143,940
19.82857142857143,10.557142857142855,14.642857142857142,19.82857142857143,8.871428571428572,14.142857142857142,79.68571428571428,0.9708571428571428,42.85714285714285,2.381428571428572,0.0,24.185714285714283,95.97142857142856,1019.7142857142856,74.12857142857142,12.485714285714286,747
17.414285714285715,10.814285714285717,13.814285714285717,17.414285714285715,10.642857142857142,13.785714285714286,81.10000000000001,6.213285714285713,100.0,10.715714285714286,0.0,19.342857142857145,239.15714285714284,1011.4285714285714,72.88571428571429,19.27142857142857,773
4.757142857142857,0.1142857142857143,2.585714285714286,2.3000000000000003,-3.457142857142857,-0.8714285714285713,88.94285714285715,1.4442857142857142,71.42857142857143,3.5728571428571425,4.8,26.214285714285715,196.8857142857143,1008.6857142857144,73.7,10.87142857142857,894
5.1000000000000005,1.3,3.2142857142857144,1.7571428571428571,-2.7285714285714286,-0.6285714285714287,81.58571428571429,0.7007142857142857,71.42857142857143,4.167142857142857,0.8,27.74285714285714,276.0,1020.3857142857142,65.47142857142858,17.785714285714285,901
9.057142857142855,3.571428571428572,6.4,7.185714285714285,0.1285714285714287,3.642857142857143,82.24285714285715,0.5817142857142857,71.42857142857143,3.5728571428571425,0.0,30.514285714285712,223.22857142857143,1019.1,63.11428571428571,20.62857142857143,920
16.62857142857143,10.457142857142856,13.328571428571427,16.62857142857143,10.12857142857143,13.257142857142856,80.14285714285714,0.9087142857142856,85.71428571428571,5.357142857142857,0.0,23.457142857142856,249.54285714285717,1010.4571428571428,81.47142857142856,19.52857142857143,771
18.61428571428572,9.385714285714286,13.685714285714283,18.61428571428572,8.828571428571427,13.6,75.17142857142858,0.777142857142857,42.85714285714285,4.762857142857143,0.0,18.27142857142857,191.7142857142857,1021.6428571428572,42.285714285714285,18.685714285714287,705
12.285714285714286,4.471428571428572,7.942857142857142,11.928571428571429,1.5857142857142856,5.985714285714286,76.98571428571428,0.0288571428571428,42.85714285714285,1.7871428571428571,0.0,20.428571428571427,40.771428571428565,1028.8857142857144,61.18571428571429,15.814285714285717,754
7.3428571428571425,2.2285714285714286,4.7,4.885714285714286,-1.5142857142857142,1.0285714285714287,81.62857142857142,2.343,100.0,13.691428571428572,0.0285714285714285,28.585714285714285,250.6285714285714,1002.9857142857144,47.2,22.942857142857143,811
6.957142857142857,1.8285714285714287,4.5,4.928571428571429,-0.8857142857142858,2.0,86.37142857142858,0.4065714285714285,100.0,10.712857142857144,0.0142857142857142,20.514285714285712,177.15714285714287,1022.5571428571428,79.87142857142858,19.02857142857143,1017
9.8,3.057142857142857,6.328571428571428,8.485714285714286,-0.2,3.7857142857142856,77.88571428571427,1.905142857142857,57.142857142857146,5.357142857142857,0.0,24.385714285714283,256.18571428571425,1022.2142857142856,55.3,20.02857142857143,864
17.5,10.971428571428572,13.842857142857143,17.5,10.257142857142856,13.657142857142857,87.87142857142858,3.601,42.85714285714285,4.761428571428572,0.0,23.87142857142857,102.27142857142856,1009.5142857142856,72.48571428571428,9.742857142857144,752
15.328571428571433,10.914285714285716,12.6,15.328571428571433,10.914285714285716,12.6,93.45714285714288,4.714,85.71428571428571,5.357142857142857,0.0,19.542857142857144,94.72857142857144,1010.2,96.87142857142858,5.514285714285714,720
21.385714285714283,11.457142857142856,16.557142857142857,21.428571428571427,11.142857142857142,16.542857142857144,76.97142857142856,0.38,85.71428571428571,7.740000000000001,0.0,21.61428571428572,205.52857142857144,1017.3571428571428,49.71428571428572,20.057142857142857,710
17.057142857142857,7.885714285714286,12.37142857142857,17.057142857142857,6.8,12.028571428571428,72.11428571428571,0.0004285714285714,14.285714285714286,0.5957142857142858,0.0,18.342857142857145,128.52857142857144,1026.8285714285714,51.72857142857144,23.7,719
6.0857142857142845,1.6714285714285713,3.585714285714286,3.857142857142857,-0.9142857142857144,1.1857142857142855,91.1,0.0541428571428571,100.0,6.548571428571429,0.0,15.985714285714286,66.8,1039.6571428571428,64.75714285714285,9.44285714285714,840
6.957142857142857,2.6,4.7,4.857142857142857,-0.2285714285714285,2.3428571428571425,82.12857142857142,0.7105714285714286,71.42857142857143,2.9785714285714286,0.0,18.47142857142857,300.12857142857143,1021.8571428571428,69.6,15.957142857142856,930
14.728571428571428,6.128571428571428,9.914285714285716,14.728571428571428,3.3285714285714287,8.457142857142857,81.5,0.4295714285714286,42.85714285714285,2.381428571428572,0.0,21.714285714285715,117.45714285714288,1019.8857142857142,87.2,10.885714285714286,796
16.32857142857143,5.328571428571428,10.528571428571428,16.32857142857143,3.8428571428571434,9.728571428571428,71.4,0.0284285714285714,42.85714285714285,1.7871428571428571,0.0,18.47142857142857,148.55714285714288,1022.7571428571428,55.52857142857143,13.0,733
5.671428571428572,0.7428571428571429,2.9714285714285715,3.8428571428571434,-2.314285714285714,0.2285714285714285,87.15714285714286,2.043,85.71428571428571,7.144285714285715,0.0857142857142857,17.928571428571427,228.7428571428571,1018.5857142857144,53.62857142857143,14.642857142857142,806
10.657142857142857,3.742857142857143,6.942857142857143,9.671428571428573,0.5142857142857142,4.757142857142857,86.17142857142858,0.4195714285714285,14.285714285714286,1.19,0.0,20.728571428571428,258.4,1013.7428571428572,69.8,11.157142857142857,824
12.657142857142857,5.857142857142857,9.142857142857142,12.271428571428572,2.1142857142857143,7.057142857142858,80.25714285714285,0.3075714285714285,28.571428571428573,1.7857142857142858,0.0,37.75714285714286,201.32857142857145,1014.3285714285714,75.39999999999999,24.0,835
14.542857142857144,4.928571428571429,9.528571428571428,14.542857142857144,3.357142857142857,8.571428571428571,65.74285714285715,0.0002857142857142,14.285714285714286,0.5957142857142858,0.0,21.17142857142857,231.3428571428572,1028.0428571428572,71.24285714285715,17.87142857142857,783
11.4,4.5,7.685714285714285,10.9,1.2142857142857142,5.442857142857143,75.34285714285714,0.7111428571428571,28.571428571428573,1.1914285714285715,0.0,27.928571428571427,49.7,1013.7,77.78571428571429,12.971428571428572,800
13.814285714285717,8.0,10.657142857142857,13.814285714285717,6.114285714285714,9.757142857142856,81.68571428571428,1.0542857142857145,100.0,10.714285714285714,0.0,21.785714285714285,259.7285714285714,1006.9857142857144,69.6,21.928571428571427,716
23.77142857142857,12.771428571428572,18.12857142857143,23.62857142857143,12.771428571428572,18.1,71.38571428571429,0.5654285714285715,57.142857142857146,2.382857142857143,0.0,22.9,198.58571428571423,1011.3571428571428,61.114285714285714,22.15714285714285,729
19.27142857142857,11.914285714285716,15.471428571428572,19.27142857142857,11.671428571428573,15.457142857142856,74.74285714285715,0.4135714285714286,71.42857142857143,4.761428571428572,0.0,18.885714285714283,246.65714285714284,1011.0142857142856,82.5,18.414285714285715,776
15.285714285714286,9.6,12.7,15.285714285714286,8.657142857142857,12.471428571428572,75.32857142857142,0.8947142857142857,100.0,8.335714285714285,0.0,27.17142857142857,267.7714285714286,1011.0142857142856,49.54285714285714,29.057142857142857,693
15.37142857142857,8.342857142857143,11.571428571428571,15.37142857142857,6.5,10.985714285714286,77.22857142857143,0.4674285714285714,71.42857142857143,3.5728571428571425,0.0,24.428571428571427,268.4428571428571,1006.3142857142856,69.75714285714285,21.571428571428573,767
17.557142857142857,11.7,13.971428571428572,17.557142857142857,11.7,13.971428571428572,88.05714285714285,7.188571428571429,100.0,12.501428571428573,0.0,15.62857142857143,53.08571428571429,1013.2571428571428,93.68571428571428,5.9,758
20.74285714285714,9.785714285714286,14.642857142857142,20.74285714285714,9.528571428571428,14.614285714285714,83.68571428571428,0.0007142857142857,14.285714285714286,0.5957142857142858,0.0,15.957142857142856,161.21428571428572,1023.0428571428572,41.8,9.671428571428573,723
12.885714285714286,7.942857142857143,10.214285714285714,12.885714285714286,5.542857142857143,8.942857142857143,88.68571428571428,0.189,57.142857142857146,2.9771428571428573,0.0,24.67142857142857,97.5,1009.8571428571428,75.28571428571429,10.842857142857143,824
4.085714285714286,-0.2714285714285714,1.8714285714285717,2.4,-3.857142857142857,-0.9714285714285714,86.54285714285713,0.8398571428571427,100.0,8.928571428571429,0.1857142857142857,17.514285714285712,238.55714285714288,1011.4142857142858,74.65714285714286,11.885714285714286,1098
1.6999999999999995,-1.2142857142857142,0.3142857142857143,-0.8428571428571429,-4.3,-2.3714285714285714,89.60000000000001,0.0087142857142857,42.85714285714285,1.7871428571428571,0.2285714285714286,17.45714285714286,57.642857142857146,1031.571428571429,73.89999999999999,9.185714285714283,1137
0.6428571428571429,-2.8857142857142857,-1.0714285714285714,-1.3714285714285714,-6.457142857142856,-3.928571428571429,93.22857142857144,0.761,100.0,6.547142857142857,3.042857142857143,17.242857142857144,181.3571428571429,1013.3714285714286,64.55714285714285,6.528571428571428,931
15.014285714285714,9.142857142857142,11.857142857142858,15.014285714285714,8.2,11.428571428571429,89.21428571428571,0.9031428571428572,85.71428571428571,8.928571428571429,0.0,16.428571428571427,239.2142857142857,1017.0142857142856,48.6,16.314285714285713,796
19.5,11.057142857142855,15.271428571428572,19.5,10.542857142857144,15.228571428571428,72.61428571428571,0.921,42.85714285714285,2.381428571428572,0.0,21.61428571428572,270.65714285714284,1015.0,54.51428571428572,29.04285714285714,674
17.928571428571427,9.085714285714284,13.685714285714283,17.928571428571427,8.528571428571428,13.55714285714286,76.45714285714287,1.7052857142857143,71.42857142857143,5.952857142857143,0.0,17.4,149.77142857142857,1017.5571428571428,43.67142857142857,14.44285714285714,752
9.614285714285714,4.842857142857143,7.242857142857143,8.428571428571429,3.042857142857143,5.742857142857143,91.17142857142858,0.1562857142857143,85.71428571428571,4.168571428571428,0.0,18.1,144.81428571428572,1022.657142857143,54.8,11.228571428571428,869
1.7714285714285716,-3.814285714285714,-1.0,1.7142857142857142,-4.371428571428572,-1.457142857142857,89.71428571428571,0.0679999999999999,85.71428571428571,4.168571428571428,0.0,8.071428571428571,216.78571428571428,1029.6142857142856,33.357142857142854,3.3285714285714287,964
15.4,7.757142857142857,11.457142857142856,15.4,5.428571428571429,10.914285714285716,86.35714285714286,1.3122857142857145,57.142857142857146,2.9771428571428573,0.0,26.985714285714288,183.8857142857143,1006.8142857142856,64.4,19.82857142857143,725
10.985714285714286,4.5,7.814285714285714,10.142857142857142,2.128571428571429,6.328571428571428,75.5,0.1634285714285714,85.71428571428571,5.954285714285715,0.0,17.82857142857143,259.2,1014.8571428571428,61.457142857142856,18.085714285714285,830
11.885714285714286,5.557142857142857,8.7,11.885714285714286,2.357142857142857,6.842857142857143,84.78571428571429,0.2871428571428572,71.42857142857143,3.5728571428571425,0.0,31.428571428571427,192.0,1007.5,70.72857142857143,19.45714285714286,830
19.5,9.9,14.471428571428572,19.5,9.142857142857142,14.257142857142856,73.42857142857143,0.4582857142857143,85.71428571428571,6.547142857142857,0.0,19.314285714285717,211.95714285714288,1020.1714285714286,43.84285714285714,21.714285714285715,734
18.714285714285715,12.328571428571427,15.571428571428571,18.714285714285715,12.142857142857142,15.55714285714286,81.65714285714286,0.0554285714285714,71.42857142857143,4.168571428571428,0.0,16.585714285714285,57.25714285714286,1026.6857142857143,74.57142857142857,17.085714285714285,770
15.814285714285717,8.257142857142856,12.071428571428571,15.814285714285717,7.328571428571428,11.8,74.38571428571429,5.664142857142857,71.42857142857143,9.524285714285714,0.0,23.414285714285715,250.07142857142856,1005.0857142857144,67.67142857142856,22.74285714285714,734
19.0,9.87142857142857,14.271428571428572,19.0,8.757142857142856,14.071428571428571,81.21428571428571,0.1277142857142857,42.85714285714285,1.7871428571428571,0.0,16.67142857142857,61.24285714285714,1023.3,66.67142857142856,10.414285714285716,761
12.642857142857142,8.028571428571428,9.985714285714286,12.357142857142858,6.328571428571428,9.128571428571428,86.0,0.8109999999999999,57.142857142857146,4.762857142857143,0.0,16.65714285714286,187.04285714285717,1008.8857142857142,66.22857142857143,13.814285714285717,799
6.028571428571429,0.6857142857142857,3.4428571428571426,4.5285714285714285,-1.657142857142857,1.2857142857142858,86.88571428571429,0.5872857142857143,85.71428571428571,4.168571428571428,0.0,18.685714285714287,220.4857142857143,1024.6857142857143,60.4,9.728571428571428,895
20.285714285714285,8.585714285714285,14.571428571428571,20.285714285714285,7.685714285714285,14.385714285714286,67.92857142857143,0.1811428571428571,28.571428571428573,1.7857142857142858,0.0,18.585714285714285,195.07142857142856,1015.9285714285714,28.428571428571427,29.17142857142857,836
20.814285714285717,11.757142857142856,16.3,20.814285714285717,11.757142857142856,16.3,67.25714285714285,0.851,42.85714285714285,5.357142857142857,0.0,16.685714285714287,176.08571428571426,1010.0285714285714,54.57142857142857,22.142857142857142,715
9.542857142857144,4.928571428571429,7.085714285714286,7.4142857142857155,1.257142857142857,4.057142857142857,82.04285714285713,3.6227142857142858,85.71428571428571,9.522857142857143,1.3714285714285717,31.5,245.5142857142857,1005.6142857142858,56.25714285714286,25.485714285714288,875
10.428571428571429,4.728571428571429,7.5,9.8,2.314285714285714,5.742857142857143,80.87142857142858,0.0165714285714285,57.142857142857146,3.571428571428572,0.0,18.428571428571427,166.0,1017.4142857142856,62.58571428571429,22.1,807
5.585714285714286,0.1,2.7285714285714286,2.1714285714285717,-3.7857142857142856,-0.8142857142857143,85.68571428571428,0.8317142857142857,71.42857142857143,5.952857142857143,1.7,22.77142857142857,260.7714285714286,1005.657142857143,58.08571428571429,21.8,933
27.242857142857144,15.400000000000002,21.214285714285715,27.27142857142857,15.400000000000002,21.228571428571428,64.71428571428571,0.4938571428571429,42.85714285714285,2.9771428571428573,0.0,15.642857142857142,242.97142857142856,1013.9571428571428,59.65714285714286,28.842857142857145,847
21.74285714285714,11.328571428571427,16.114285714285717,21.714285714285715,11.271428571428572,16.114285714285717,78.05714285714285,0.0,0.0,0.0,0.0,14.957142857142856,218.65714285714287,1025.6571428571428,44.42857142857143,14.042857142857144,724
9.37142857142857,3.2857142857142856,6.1000000000000005,7.5,-0.9142857142857144,3.0571428571428574,82.37142857142858,2.1902857142857144,100.0,8.332857142857142,0.0,34.542857142857144,227.8142857142857,1005.0285714285714,75.72857142857143,17.9,931
24.414285714285715,14.0,19.314285714285717,24.414285714285715,14.0,19.314285714285717,63.94285714285714,0.1391428571428571,28.571428571428573,2.38,0.0,17.17142857142857,220.0,1015.9714285714286,49.371428571428574,17.914285714285715,710
5.942857142857143,-1.1,2.157142857142857,4.614285714285714,-3.7714285714285714,0.3571428571428571,86.07142857142857,0.0334285714285714,85.71428571428571,3.5742857142857143,0.0,17.2,168.85714285714286,1027.5142857142855,48.57142857142857,9.228571428571428,889
6.142857142857143,0.6142857142857144,3.5285714285714285,3.042857142857143,-3.3000000000000003,-0.1142857142857143,77.08571428571429,0.4678571428571429,85.71428571428571,8.332857142857142,0.0142857142857142,25.085714285714285,285.4,1011.9,57.92857142857143,26.6,878
16.97142857142857,10.928571428571429,13.814285714285717,16.97142857142857,10.571428571428571,13.728571428571428,85.07142857142857,0.007,28.571428571428573,1.1914285714285715,0.0,17.842857142857145,214.3857142857143,1019.7,80.04285714285713,12.94285714285714,750
18.014285714285712,8.014285714285714,12.857142857142858,18.014285714285712,6.828571428571428,12.457142857142856,75.0,1.1784285714285716,42.85714285714285,2.381428571428572,0.0,18.057142857142857,245.65714285714284,1018.4285714285714,49.94285714285714,22.2,785
23.571428571428573,15.657142857142857,19.4,23.485714285714288,15.657142857142857,19.385714285714283,80.88571428571429,10.691714285714284,71.42857142857143,8.930000000000001,0.0,18.385714285714283,158.41428571428574,1007.157142857143,59.642857142857146,13.171428571428573,807
11.4,5.071428571428571,7.614285714285714,11.242857142857144,2.085714285714286,5.685714285714285,86.98571428571428,4.416142857142857,100.0,6.547142857142857,0.0,24.885714285714283,210.6142857142857,992.9857142857144,71.11428571428571,15.842857142857143,857
20.342857142857145,11.742857142857144,15.785714285714286,20.342857142857145,11.742857142857144,15.785714285714286,79.11428571428571,0.5365714285714286,42.85714285714285,2.381428571428572,0.0,17.385714285714286,244.3142857142857,1020.0142857142856,70.6,17.942857142857143,718
6.6000000000000005,0.6571428571428571,3.4714285714285715,4.6000000000000005,-2.557142857142857,0.7142857142857143,84.31428571428572,2.9194285714285715,85.71428571428571,8.332857142857142,1.3285714285714287,18.97142857142857,187.05714285714288,1011.1142857142856,68.61428571428571,18.4,976
6.114285714285714,2.357142857142857,4.485714285714286,4.3,-1.4285714285714286,1.5285714285714285,92.08571428571427,2.696857142857143,100.0,10.12,0.0,22.857142857142858,200.45714285714283,997.4142857142856,59.67142857142857,14.928571428571429,803
6.685714285714285,-1.2,2.7285714285714286,3.3714285714285714,-5.942857142857143,-1.4714285714285715,78.3,0.154,57.142857142857146,2.382857142857143,0.0,29.014285714285712,181.3,1011.9714285714286,53.42857142857143,16.157142857142855,1055
14.957142857142856,8.485714285714286,11.928571428571429,14.957142857142856,7.042857142857143,11.428571428571429,72.2,0.9381428571428572,71.42857142857143,2.9785714285714286,0.0,23.25714285714286,268.0142857142857,1018.4285714285714,73.38571428571429,26.61428571428572,729
17.3,11.37142857142857,14.228571428571428,17.3,11.171428571428573,14.2,87.54285714285713,4.014142857142857,100.0,11.31,0.0,18.37142857142857,236.62857142857143,1013.157142857143,52.67142857142857,24.071428571428573,752
18.15714285714285,12.328571428571427,15.042857142857144,18.15714285714285,12.085714285714284,15.014285714285714,78.48571428571428,1.4818571428571428,85.71428571428571,8.334285714285715,0.0,20.385714285714283,229.8857142857143,1011.5,58.55714285714286,17.17142857142857,664
10.5,1.8285714285714287,6.085714285714286,10.05714285714286,-1.957142857142857,3.8285714285714287,72.67142857142856,0.4375714285714286,28.571428571428573,1.7857142857142858,0.0,22.642857142857142,142.2,1020.5142857142856,64.11428571428571,17.857142857142858,900
1.5,-2.442857142857143,-0.2714285714285714,0.6,-4.242857142857143,-1.6142857142857143,94.6,0.029,71.42857142857143,2.9785714285714286,0.0,10.485714285714286,127.41428571428573,1034.928571428571,57.35714285714285,2.657142857142857,1067
12.171428571428573,6.428571428571429,9.171428571428573,12.171428571428573,4.5,8.2,81.95714285714287,1.5687142857142855,100.0,8.928571428571429,0.0,19.557142857142857,197.4,1010.8,61.54285714285714,14.628571428571428,810
21.914285714285715,12.8,17.228571428571428,21.914285714285715,12.8,17.228571428571428,66.62857142857142,0.3891428571428571,28.571428571428573,1.1914285714285715,0.0,21.685714285714287,282.6428571428572,1022.4857142857144,61.8,29.957142857142856,781
8.271428571428572,5.028571428571429,6.514285714285714,7.628571428571428,2.0285714285714285,4.5,94.65714285714286,4.959857142857143,100.0,7.141428571428572,0.0,22.942857142857143,169.07142857142858,995.0,81.51428571428572,9.55714285714286,829
9.471428571428572,4.628571428571428,7.214285714285714,8.314285714285715,2.2,4.885714285714286,84.64285714285714,0.4364285714285714,85.71428571428571,6.547142857142857,0.0,22.62857142857143,277.5857142857143,1019.8571428571428,61.52857142857143,21.9,814
0.6428571428571429,-1.157142857142857,-0.1857142857142857,-4.671428571428572,-7.457142857142857,-6.042857142857143,91.05714285714284,1.9794285714285715,100.0,7.141428571428572,6.3,35.24285714285714,38.58571428571429,1017.0857142857144,93.68571428571428,6.671428571428572,1012
17.342857142857145,9.028571428571428,13.371428571428572,17.342857142857145,7.914285714285714,13.171428571428573,81.55714285714285,0.5960000000000001,42.85714285714285,2.381428571428572,0.0,26.914285714285715,238.6,1015.9714285714286,78.94285714285715,19.2,743
5.357142857142857,0.8285714285714285,2.871428571428571,3.7,-2.7142857142857144,0.2285714285714286,88.48571428571428,1.900714285714286,85.71428571428571,5.357142857142857,0.0,21.814285714285717,233.8428571428572,990.7857142857144,69.74285714285715,12.814285714285717,1071
9.542857142857144,4.585714285714286,7.185714285714285,8.9,2.728571428571428,5.9,87.84285714285714,0.7817142857142857,71.42857142857143,5.357142857142857,0.0,17.4,250.6142857142857,1021.6285714285714,69.17142857142856,10.185714285714283,783
9.042857142857144,3.8,6.728571428571428,7.357142857142857,0.3714285714285715,4.085714285714286,86.95714285714287,0.3172857142857143,57.142857142857146,2.9771428571428573,0.0,29.914285714285715,221.87142857142857,1024.4714285714283,81.2,11.028571428571428,979
6.785714285714286,0.7142857142857143,3.5857142857142854,5.285714285714286,-1.985714285714285,1.3714285714285714,92.71428571428572,0.9085714285714286,100.0,5.3585714285714285,0.0,22.185714285714287,191.9857142857143,1015.2714285714284,55.871428571428574,9.7,904
14.44285714285714,7.985714285714286,11.114285714285714,14.44285714285714,5.871428571428572,10.485714285714286,83.28571428571429,0.2102857142857142,42.85714285714285,3.571428571428572,0.0,23.52857142857143,115.52857142857142,1019.7428571428572,82.45714285714287,18.15714285714285,785
11.185714285714283,6.8,8.714285714285714,10.885714285714286,4.5,7.228571428571429,90.91428571428573,3.4792857142857145,85.71428571428571,6.547142857142857,0.0,23.62857142857143,165.52857142857144,1012.4,77.11428571428571,15.514285714285714,816
10.457142857142856,5.014285714285714,7.3,9.7,1.657142857142857,4.828571428571428,84.10000000000001,1.9855714285714283,85.71428571428571,4.762857142857143,0.0,25.77142857142857,211.42857142857144,997.2571428571428,84.28571428571429,17.385714285714286,904
9.0,1.042857142857143,4.814285714285715,7.428571428571429,-2.3999999999999995,2.157142857142857,75.25714285714285,0.791,14.285714285714286,2.381428571428572,0.0,19.914285714285715,62.01428571428572,1007.6857142857144,69.94285714285715,12.014285714285714,950
10.242857142857144,3.528571428571429,6.628571428571428,9.385714285714286,0.4857142857142857,4.4,85.81428571428572,2.009571428571429,85.71428571428571,5.357142857142857,0.0,22.77142857142857,211.92857142857144,1011.2857142857144,66.0,19.5,960
17.085714285714285,9.44285714285714,13.071428571428571,17.085714285714285,8.614285714285714,12.87142857142857,73.11428571428571,0.609,85.71428571428571,4.762857142857143,0.0,22.0,240.8571428571429,1015.1857142857144,69.68571428571428,25.928571428571427,785
25.17142857142857,13.857142857142858,19.414285714285715,24.77142857142857,13.857142857142858,19.3,66.48571428571428,2.597857142857143,57.142857142857146,2.9771428571428573,0.0,17.75714285714286,204.72857142857143,1012.2142857142856,47.72857142857144,15.714285714285714,781
7.442857142857143,3.6571428571428575,5.585714285714286,6.357142857142857,0.8428571428571429,3.685714285714286,94.95714285714288,1.2598571428571428,57.142857142857146,4.1657142857142855,0.0,19.32857142857143,223.8857142857143,1016.6285714285714,79.92857142857143,6.142857142857143,871
6.671428571428572,0.4571428571428572,3.4285714285714284,4.614285714285714,-2.771428571428572,0.4571428571428571,88.62857142857142,15.043571428571427,100.0,8.928571428571429,8.928571428571429,22.61428571428572,159.4,992.5,79.41428571428571,19.228571428571428,1107
3.914285714285714,0.0285714285714286,2.0,0.0428571428571428,-5.1571428571428575,-2.5,77.95714285714287,0.0324285714285714,57.142857142857146,2.9771428571428573,1.1,27.97142857142857,157.71428571428572,1024.142857142857,75.52857142857144,14.857142857142858,877
20.65714285714285,12.671428571428573,16.557142857142857,20.65714285714285,12.485714285714286,16.557142857142857,75.12857142857142,0.8235714285714285,57.142857142857146,3.571428571428572,0.0,18.3,220.17142857142855,1016.8714285714286,73.72857142857143,28.32857142857143,788
16.1,7.514285714285714,11.928571428571429,16.1,6.442857142857143,11.6,79.51428571428572,0.3999999999999999,57.142857142857146,2.382857142857143,0.0,17.5,204.45714285714288,1014.5142857142856,70.15714285714286,14.885714285714286,729
16.014285714285712,7.071428571428571,11.771428571428572,16.014285714285712,5.8,11.242857142857144,71.08571428571429,0.1665714285714285,42.85714285714285,2.975714285714285,0.0,17.228571428571428,272.5857142857143,1015.5714285714286,62.114285714285714,18.65714285714285,784
8.442857142857143,5.142857142857143,6.828571428571428,6.785714285714286,2.271428571428572,4.6000000000000005,89.71428571428571,3.301428571428571,85.71428571428571,6.547142857142857,0.0,20.457142857142856,216.05714285714288,1011.657142857143,74.61428571428571,15.5,888
16.357142857142858,9.62857142857143,12.7,16.357142857142858,9.285714285714286,12.6,91.21428571428572,3.907142857142857,100.0,7.738571428571428,0.0,19.2,168.71428571428572,1004.5857142857144,56.82857142857143,13.342857142857143,720
11.0,4.857142857142857,7.8428571428571425,10.5,1.9428571428571428,5.9,89.94285714285715,0.6328571428571428,71.42857142857143,4.167142857142857,0.0,23.642857142857142,218.17142857142855,1015.6428571428572,81.07142857142857,9.928571428571429,874
9.485714285714284,5.6000000000000005,7.357142857142857,8.285714285714286,2.7142857142857144,5.371428571428572,93.45714285714288,4.187142857142858,100.0,11.31,0.0142857142857142,19.014285714285712,145.92857142857142,1006.9714285714286,95.37142857142858,8.3,893
8.685714285714287,2.271428571428572,5.014285714285714,8.085714285714285,-0.8857142857142856,3.128571428571429,87.61428571428571,0.694857142857143,57.142857142857146,2.382857142857143,0.0,18.571428571428573,177.0142857142857,1024.7142857142858,75.74285714285715,4.428571428571429,1089
14.928571428571429,6.6000000000000005,10.414285714285716,14.928571428571429,4.1,9.285714285714286,71.91428571428571,0.5417142857142857,85.71428571428571,4.168571428571428,0.0,22.914285714285715,264.42857142857144,1022.3714285714286,70.47142857142858,22.74285714285714,766
21.557142857142857,11.657142857142857,16.52857142857143,21.557142857142857,11.385714285714286,16.485714285714288,69.65714285714286,0.081,57.142857142857146,3.5728571428571425,0.0,20.885714285714283,215.7571428571429,1017.7428571428572,57.05714285714286,18.414285714285715,742
11.2,5.528571428571429,8.485714285714286,10.414285714285716,2.5,6.271428571428571,78.35714285714286,4.051857142857143,100.0,7.141428571428572,0.0,33.92857142857143,245.02857142857144,1000.9571428571428,63.7,20.228571428571428,855
19.0,9.785714285714286,14.2,18.74285714285714,8.542857142857143,13.542857142857144,82.39999999999999,0.1651428571428571,14.285714285714286,1.19,0.0,18.285714285714285,76.08571428571429,1018.3285714285714,51.01428571428572,12.62857142857143,764
12.342857142857143,5.985714285714286,9.171428571428573,12.342857142857143,3.4714285714285715,7.685714285714285,86.57142857142857,1.1607142857142858,42.85714285714285,4.761428571428572,0.0,23.128571428571423,192.55714285714288,1011.6142857142858,58.57142857142857,16.114285714285714,930
7.257142857142857,-0.3142857142857142,3.3285714285714287,3.8857142857142857,-4.314285714285715,-0.3857142857142857,79.21428571428571,0.7737142857142857,85.71428571428571,5.951428571428571,0.9,32.028571428571425,211.55714285714288,1000.342857142857,56.371428571428574,24.61428571428572,943
18.542857142857144,8.2,13.257142857142856,18.542857142857144,7.6,13.114285714285714,75.92857142857143,1.9675714285714283,42.85714285714285,2.9771428571428573,0.0,14.085714285714284,264.6142857142857,1027.4,39.52857142857143,22.028571428571432,823
13.8,5.9,9.87142857142857,13.8,3.757142857142857,8.914285714285715,74.44285714285715,0.6751428571428572,85.71428571428571,6.548571428571429,0.0285714285714285,22.428571428571427,202.4,1009.4428571428572,56.84285714285714,20.5,794
3.4,-0.9571428571428572,1.0285714285714287,-0.6714285714285715,-5.471428571428571,-3.414285714285714,84.87142857142858,2.4354285714285715,85.71428571428571,5.357142857142857,1.0,28.414285714285715,155.82857142857142,1010.2714285714284,68.88571428571429,10.085714285714284,1022
13.842857142857143,6.714285714285714,10.185714285714283,12.62857142857143,4.6000000000000005,8.6,83.88571428571429,2.391428571428572,57.142857142857146,4.76,0.0,21.32857142857143,104.6,1010.7142857142856,72.01428571428572,14.228571428571428,808
10.1,5.928571428571429,8.057142857142857,9.2,3.085714285714286,5.914285714285714,89.7,0.2104285714285714,71.42857142857143,3.5728571428571425,0.0,24.214285714285715,193.8857142857143,1015.7142857142856,76.22857142857143,8.214285714285714,869
10.37142857142857,4.228571428571429,7.314285714285715,9.5,1.8857142857142857,5.471428571428571,89.21428571428571,6.875142857142857,100.0,9.524285714285714,0.0,22.585714285714285,221.15714285714284,1007.8142857142856,55.48571428571428,19.25714285714286,809
10.228571428571428,3.0285714285714285,6.571428571428571,9.985714285714286,0.1428571428571428,4.785714285714286,71.08571428571429,1.006857142857143,71.42857142857143,2.9785714285714286,0.0,22.342857142857145,130.02857142857144,1018.1285714285714,80.2,22.1,808
19.37142857142857,7.3,13.042857142857144,19.37142857142857,5.942857142857143,12.7,67.71428571428571,0.0,0.0,0.0,0.0,15.914285714285716,87.41428571428571,1017.3285714285714,34.32857142857143,9.328571428571427,849
9.542857142857144,3.871428571428571,6.914285714285714,7.814285714285715,0.2857142857142856,3.6,78.0,0.8217142857142857,85.71428571428571,5.357142857142857,0.0,35.81428571428571,250.95714285714288,1016.9714285714286,78.91428571428571,23.642857142857142,788
12.9,6.6571428571428575,9.385714285714286,12.528571428571428,4.642857142857143,8.071428571428571,88.31428571428572,0.4454285714285714,85.71428571428571,8.930000000000001,0.0,18.3,57.9,1009.7857142857144,69.71428571428571,6.214285714285714,766
4.742857142857142,-0.9000000000000001,1.6,0.8285714285714284,-5.971428571428571,-3.3000000000000003,82.25714285714285,1.5677142857142858,100.0,6.547142857142857,1.2142857142857142,36.12857142857143,227.9,1004.5285714285714,45.25714285714286,21.52857142857143,872
9.8,3.7142857142857135,6.842857142857143,8.014285714285714,0.1857142857142857,3.742857142857143,88.64285714285714,0.8845714285714286,42.85714285714285,1.7871428571428571,0.0,29.714285714285715,205.92857142857144,1014.2,76.75714285714285,10.05714285714286,886
8.985714285714286,4.014285714285714,6.685714285714285,8.0,1.1,4.7,83.78571428571429,0.414,85.71428571428571,7.142857142857143,0.0,19.957142857142856,265.2857142857143,1020.7142857142856,65.54285714285714,19.514285714285712,859
19.542857142857144,11.44285714285714,15.171428571428573,19.542857142857144,11.44285714285714,15.171428571428573,82.60000000000001,2.226714285714286,57.142857142857146,5.357142857142857,0.0,19.32857142857143,64.77142857142857,1023.5857142857144,76.54285714285713,18.27142857142857,766
5.428571428571429,2.442857142857143,3.7857142857142856,3.542857142857143,-1.0714285714285714,1.2857142857142858,92.6,0.2627142857142857,57.142857142857146,3.571428571428572,0.0,20.242857142857144,154.65714285714284,1018.6428571428572,96.1,5.6000000000000005,1181
12.114285714285714,5.9,9.1,12.114285714285714,3.2857142857142856,7.857142857142857,84.97142857142856,0.106,71.42857142857143,4.761428571428572,0.0,19.542857142857144,266.85714285714283,1021.157142857143,70.71428571428571,16.45714285714286,846
7.785714285714286,2.5285714285714285,5.142857142857143,6.285714285714286,-0.0428571428571428,3.0857142857142854,75.82857142857142,0.9111428571428573,85.71428571428571,7.738571428571428,0.0,20.7,252.55714285714288,1011.2857142857144,70.1,23.285714285714285,892
11.171428571428573,6.1000000000000005,8.971428571428572,10.314285714285717,2.771428571428572,7.5,91.32857142857142,2.878142857142857,100.0,5.952857142857143,2.0,30.314285714285717,189.07142857142856,1006.657142857143,87.68571428571428,9.771428571428572,882
12.0,6.585714285714286,9.042857142857144,12.0,3.6,7.1571428571428575,76.2,0.7527142857142858,42.85714285714285,2.975714285714285,0.0,28.4,245.22857142857143,1015.2571428571428,66.27142857142857,22.071428571428573,843
16.842857142857145,9.94285714285714,13.171428571428573,16.842857142857145,9.37142857142857,13.085714285714284,85.5,4.954142857142857,100.0,12.5,0.0,21.928571428571427,192.52857142857144,1006.2714285714284,77.55714285714285,16.271428571428572,727
17.714285714285715,10.785714285714286,14.128571428571428,17.714285714285715,10.12857142857143,14.014285714285714,85.52857142857144,3.720857142857143,85.71428571428571,8.332857142857142,0.0,18.87142857142857,246.3857142857143,1012.9571428571428,48.557142857142864,20.514285714285712,696
11.228571428571428,2.585714285714286,6.571428571428571,10.55714285714286,-0.3,4.7,85.38571428571429,0.1038571428571428,57.142857142857146,2.382857142857143,0.0,21.014285714285712,209.0,1027.928571428571,40.17142857142857,10.671428571428573,814
20.742857142857144,14.714285714285714,17.571428571428573,20.742857142857144,14.714285714285714,17.571428571428573,82.78571428571429,1.4702857142857142,71.42857142857143,6.547142857142857,0.0,19.61428571428572,213.7428571428572,1014.4571428571428,73.21428571428571,33.41428571428571,762
16.7,9.742857142857144,13.071428571428571,16.7,9.071428571428571,12.8,78.18571428571428,0.4088571428571428,28.571428571428573,1.7857142857142858,0.0,28.057142857142857,180.2428571428572,1020.3857142857142,75.55714285714285,25.885714285714283,750
8.22857142857143,3.1714285714285717,5.614285714285714,6.642857142857143,0.6285714285714287,3.414285714285714,83.18571428571428,0.0124285714285714,57.142857142857146,4.761428571428572,0.0,15.6,300.1,1032.7857142857142,77.62857142857142,18.814285714285717,832
24.52857142857143,15.05714285714286,19.142857142857142,24.52857142857143,15.05714285714286,19.142857142857142,80.77142857142857,3.881285714285714,42.85714285714285,4.762857142857143,0.0,19.61428571428572,118.7,1017.7142857142856,56.614285714285714,13.771428571428572,741
20.65714285714285,10.257142857142856,15.6,20.65714285714285,10.0,15.514285714285714,69.04285714285714,0.0067142857142857,14.285714285714286,0.5957142857142858,0.0,20.6,207.2142857142857,1014.4,62.85714285714285,22.47142857142857,757
13.2,4.271428571428571,8.8,13.2,2.142857142857143,7.6,67.97142857142858,0.0057142857142857,14.285714285714286,0.5957142857142858,0.0,20.857142857142858,195.15714285714284,1022.8285714285714,42.67142857142857,23.52857142857143,796
1.7857142857142858,-1.2571428571428571,0.5571428571428572,0.2142857142857143,-4.6571428571428575,-2.1,84.87142857142858,0.4354285714285714,85.71428571428571,4.764285714285714,0.0,13.471428571428572,238.92857142857144,1026.142857142857,75.60000000000001,11.614285714285714,1071
3.928571428571429,1.6428571428571428,2.857142857142857,1.6,-1.8142857142857145,0.0571428571428571,94.91428571428573,1.399571428571429,71.42857142857143,7.740000000000001,0.0,17.47142857142857,66.47142857142856,1020.8571428571428,84.24285714285715,6.114285714285714,895
14.6,6.928571428571429,10.114285714285714,14.6,4.6571428571428575,8.914285714285715,77.98571428571428,0.0,0.0,0.0,0.0,29.9,105.38571428571429,1026.6571428571428,59.971428571428575,19.67142857142857,794
8.957142857142857,2.157142857142857,5.6000000000000005,7.171428571428571,-1.5142857142857142,2.3857142857142857,88.10000000000001,0.4548571428571429,85.71428571428571,9.524285714285714,0.0,30.557142857142857,224.5142857142857,1014.9428571428572,61.58571428571429,12.214285714285714,1367
10.471428571428572,3.5285714285714285,6.6000000000000005,9.042857142857144,-0.0714285714285714,4.0,75.10000000000001,1.3882857142857143,57.142857142857146,4.167142857142857,0.0,25.185714285714287,145.47142857142856,1021.7285714285716,70.98571428571428,14.8,812
19.714285714285715,12.657142857142857,15.857142857142858,19.714285714285715,12.657142857142857,15.857142857142858,87.7,2.3105714285714285,100.0,7.141428571428572,0.0,18.27142857142857,221.75714285714284,1006.0857142857144,80.41428571428571,19.1,659
19.785714285714285,11.6,15.485714285714286,19.785714285714285,11.6,15.485714285714286,82.64285714285714,0.0005714285714285,14.285714285714286,0.5957142857142858,0.0,17.84285714285714,234.95714285714288,1019.3285714285714,70.31428571428572,14.9,734
17.02857142857143,6.714285714285714,12.1,17.02857142857143,5.185714285714285,11.657142857142857,66.54285714285714,0.973,28.571428571428573,2.381428571428572,0.0,15.171428571428573,234.55714285714288,1021.7285714285716,45.17142857142857,40.6,833
11.757142857142856,5.4,8.7,11.385714285714286,3.7857142857142856,7.357142857142857,85.12857142857142,2.682,100.0,10.714285714285714,0.0,23.8,223.5,999.1857142857144,61.18571428571428,17.285714285714285,832
14.542857142857144,5.942857142857143,10.12857142857143,14.542857142857144,5.342857142857143,9.87142857142857,86.27142857142857,0.1388571428571428,71.42857142857143,3.5728571428571425,100.0,11.742857142857144,213.32857142857145,1024.8,46.12857142857143,7.685714285714286,768
10.342857142857143,3.185714285714285,6.585714285714286,10.142857142857142,-0.1,4.128571428571428,72.77142857142857,0.2315,57.142857142857146,2.382857142857143,0.0,27.6,277.0571428571429,1010.0833333333334,59.57142857142857,20.1,907
24.342857142857145,15.071428571428571,19.357142857142858,24.957142857142856,15.071428571428571,19.442857142857143,79.51428571428572,0.5792857142857143,28.571428571428573,2.9771428571428578,0.0,15.728571428571428,133.41428571428574,1019.5142857142856,50.457142857142856,13.328571428571427,805
6.328571428571428,0.6571428571428571,3.2857142857142856,3.1142857142857143,-3.728571428571428,-0.5142857142857143,77.75714285714285,1.0237142857142858,71.42857142857143,4.167142857142857,0.0,24.542857142857144,73.42857142857143,1012.3285714285714,69.9857142857143,16.8,862
6.514285714285714,2.2142857142857144,4.4,4.557142857142857,-0.9285714285714286,1.7428571428571429,83.08571428571429,0.0782857142857142,42.85714285714285,1.7871428571428571,0.0,18.5,285.1714285714286,1029.1571428571428,65.32857142857144,10.62857142857143,842
8.757142857142856,3.485714285714286,6.171428571428572,6.928571428571429,1.1,3.942857142857143,82.94285714285715,1.2029999999999998,71.42857142857143,4.167142857142857,0.0,23.61428571428572,240.78571428571428,1011.7285714285716,61.2,17.242857142857144,825
20.042857142857144,12.55714285714286,16.02857142857143,20.042857142857144,12.55714285714286,16.02857142857143,80.74285714285715,3.504142857142857,71.42857142857143,7.142857142857143,0.0,22.2,224.32857142857145,1011.6714285714286,53.6,26.042857142857144,762
8.842857142857143,4.057142857142857,6.457142857142857,6.9,0.2999999999999999,3.614285714285714,83.37142857142858,2.1415714285714285,85.71428571428571,4.762857142857143,0.0,31.985714285714288,206.8857142857143,1015.2857142857144,71.64285714285714,17.785714285714285,1096
13.885714285714286,6.771428571428571,9.9,13.62857142857143,4.014285714285714,8.12857142857143,86.72857142857143,2.346714285714285,42.85714285714285,3.5700000000000003,0.0,25.8,59.62857142857143,1016.8571428571428,79.3,5.857142857142857,750
4.642857142857143,1.8000000000000005,3.3857142857142857,2.957142857142857,-1.4,0.8857142857142858,97.22857142857144,0.7302857142857143,100.0,9.522857142857143,0.0,16.0,134.02857142857144,1015.0714285714286,85.3,2.457142857142857,898
17.87142857142857,9.728571428571428,13.928571428571429,17.87142857142857,9.228571428571428,13.785714285714286,73.11428571428571,0.0,0.0,0.0,0.0,17.757142857142856,181.28571428571428,1020.4142857142858,64.60000000000001,18.37142857142857,761
7.857142857142857,4.357142857142857,6.171428571428571,6.6571428571428575,1.9714285714285715,4.171428571428572,96.14285714285714,2.6487142857142856,85.71428571428571,7.142857142857143,0.0,19.5,137.84285714285716,1001.5857142857144,82.24285714285715,7.457142857142857,838
20.928571428571427,12.27142857142857,16.014285714285716,20.95714285714286,11.94285714285714,15.971428571428572,78.7,2.484428571428571,100.0,11.308571428571428,0.0,23.542857142857144,208.51428571428573,1005.8857142857142,61.74285714285714,21.385714285714283,751
20.214285714285715,12.957142857142856,16.314285714285713,20.214285714285715,12.957142857142856,16.314285714285713,78.18571428571428,0.9277142857142858,85.71428571428571,7.738571428571428,0.0,18.185714285714287,207.3,1016.1714285714286,71.51428571428572,25.82857142857143,714
15.357142857142858,11.4,13.028571428571428,15.357142857142858,11.4,13.028571428571428,90.8,1.5184285714285717,71.42857142857143,5.952857142857143,0.0,18.928571428571427,120.52857142857144,1010.0428571428572,73.11428571428571,6.314285714285715,786
16.32857142857143,6.614285714285714,11.7,16.32857142857143,5.028571428571429,11.142857142857142,64.7,0.0432857142857142,14.285714285714286,1.19,0.0,15.528571428571428,138.6,1025.4,51.6,21.9,793
7.8428571428571425,1.9142857142857144,4.985714285714286,4.985714285714286,-1.157142857142857,1.6428571428571428,77.97142857142856,0.6712857142857143,100.0,5.3585714285714285,0.0,31.485714285714288,222.52857142857144,1008.2,66.61428571428571,24.4,819
4.371428571428571,0.2428571428571428,2.142857142857143,1.4285714285714286,-3.4714285714285715,-1.157142857142857,92.51428571428572,2.4675714285714285,71.42857142857143,9.524285714285714,0.5714285714285714,23.5,96.22857142857144,1001.6,65.68571428571428,10.62857142857143,959
9.4,4.328571428571428,6.942857142857143,8.242857142857144,1.2142857142857142,4.971428571428571,85.41428571428571,0.0115714285714285,28.571428571428573,1.1914285714285715,0.0,23.25714285714286,215.95714285714288,1019.1285714285714,70.47142857142858,14.685714285714283,868
19.942857142857143,12.2,16.2,19.942857142857143,12.2,16.2,79.08571428571429,0.1977142857142857,57.142857142857146,2.382857142857143,0.0,24.1,247.42857142857144,1015.842857142857,66.17142857142856,21.571428571428573,648
12.9,5.114285714285714,8.914285714285715,12.9,1.7857142857142858,7.371428571428572,80.7,2.037142857142857,71.42857142857143,4.167142857142857,0.0,36.48571428571429,224.37142857142857,997.657142857143,81.95714285714287,19.642857142857142,821
1.1142857142857143,-3.6571428571428575,-0.9857142857142858,-2.457142857142857,-8.214285714285714,-5.028571428571429,88.04285714285713,0.1637142857142857,100.0,5.952857142857143,7.52,22.414285714285715,122.84285714285714,1022.2857142857144,73.38571428571429,11.571428571428571,1359
27.3,14.114285714285714,21.185714285714287,27.014285714285712,14.114285714285714,21.028571428571432,61.24285714285714,0.1514285714285714,14.285714285714286,0.5957142857142858,0.0,19.02857142857143,207.58571428571423,1020.8571428571428,47.4,24.02857142857143,854
10.914285714285716,4.314285714285714,6.985714285714286,9.928571428571429,1.5142857142857142,4.785714285714286,87.95714285714287,0.183,100.0,5.952857142857143,0.0,20.728571428571428,78.27142857142859,1017.0857142857144,50.68571428571429,5.2,820
15.114285714285714,5.957142857142857,10.357142857142858,15.114285714285714,4.0,9.428571428571429,77.68571428571428,0.2355714285714285,71.42857142857143,5.355714285714286,0.0,25.75714285714286,166.0142857142857,1012.1714285714286,56.68571428571429,23.4,735
15.528571428571428,6.4,10.485714285714286,15.528571428571428,3.542857142857143,9.457142857142856,71.98571428571428,0.0397142857142857,28.571428571428573,1.1914285714285715,0.0,26.9,64.58571428571429,1018.7285714285716,45.81428571428571,17.085714285714285,792
10.042857142857144,4.614285714285715,7.6571428571428575,9.528571428571428,2.0571428571428574,5.585714285714286,81.24285714285715,0.7435714285714285,57.142857142857146,2.382857142857143,0.0,28.928571428571427,218.08571428571423,1021.342857142857,54.04285714285714,19.557142857142857,872
16.728571428571428,7.614285714285714,11.885714285714286,16.728571428571428,5.871428571428572,11.157142857142857,70.52857142857142,0.7015714285714285,71.42857142857143,5.357142857142857,0.0,23.75714285714286,238.2,1023.6714285714286,53.18571428571429,18.485714285714288,804
8.914285714285715,2.1,5.071428571428571,7.0,-0.8285714285714285,2.3428571428571425,85.92857142857143,1.3594285714285714,100.0,13.691428571428572,0.0,22.842857142857145,177.08571428571426,1010.5571428571428,62.32857142857143,14.657142857142857,826
6.442857142857143,2.642857142857143,4.514285714285714,5.342857142857143,-0.4285714285714286,2.071428571428572,88.89999999999999,1.7997142857142856,71.42857142857143,4.761428571428572,0.0,19.88571428571429,272.9142857142857,1005.5,65.82857142857144,15.828571428571427,785
17.657142857142855,11.214285714285714,14.37142857142857,17.657142857142855,11.214285714285714,14.37142857142857,80.22857142857143,1.8564285714285715,85.71428571428571,5.357142857142857,0.0,25.9,238.54285714285717,1012.8,76.45714285714287,25.957142857142856,718
15.571428571428571,10.957142857142856,13.185714285714283,15.571428571428571,10.742857142857144,13.114285714285714,88.71428571428571,2.399857142857144,85.71428571428571,4.762857142857143,0.0,20.6,98.31428571428572,1004.4142857142856,87.10000000000001,6.3,739
15.085714285714284,6.871428571428572,11.142857142857142,15.085714285714284,5.185714285714285,10.55714285714286,66.6,0.3328571428571428,71.42857142857143,7.142857142857143,0.0,22.928571428571427,279.7285714285714,1016.0285714285714,61.25714285714286,25.74285714285714,770
18.15714285714285,10.271428571428572,14.042857142857144,18.15714285714285,9.828571428571427,13.985714285714286,77.2,2.239,71.42857142857143,4.167142857142857,0.0,25.74285714285714,246.8571428571429,1012.6714285714286,68.22857142857143,25.571428571428573,718
23.342857142857145,11.142857142857142,17.242857142857144,23.342857142857145,10.785714285714286,17.185714285714287,70.85714285714286,0.0,0.0,0.0,0.0,19.9,171.5285714285714,1016.8285714285714,37.31428571428571,13.514285714285714,761
19.87142857142857,9.928571428571429,14.55714285714286,19.87142857142857,9.428571428571429,14.428571428571429,72.08571428571429,0.1617142857142857,57.142857142857146,2.9771428571428573,0.0,23.3,245.5142857142857,1017.4714285714286,51.48571428571428,28.228571428571428,720
0.6714285714285715,-1.6714285714285713,-0.4,-2.7142857142857144,-5.957142857142857,-4.185714285714285,90.0,0.9457142857142856,100.0,8.927142857142858,7.857142857142857,18.557142857142857,77.18571428571428,1005.1857142857144,72.72857142857143,7.257142857142857,904
14.62857142857143,5.457142857142857,10.257142857142856,14.62857142857143,3.5428571428571423,9.414285714285716,74.18571428571428,0.7377142857142858,57.142857142857146,2.382857142857143,0.0,19.5,68.71428571428571,1016.0,50.51428571428572,18.814285714285717,765
8.657142857142857,2.8857142857142857,6.028571428571428,7.399999999999999,-0.9428571428571428,3.3285714285714283,87.08571428571429,2.453,100.0,5.3585714285714285,0.0,28.2,207.05714285714288,997.7428571428572,74.57142857142857,16.814285714285713,754
6.171428571428572,2.0142857142857142,4.085714285714285,3.985714285714285,-1.3857142857142857,1.1,92.02857142857144,2.2425714285714284,100.0,6.547142857142857,4.35,21.8,126.54285714285712,993.9142857142856,82.60000000000001,7.242857142857143,832
8.014285714285714,2.585714285714286,5.228571428571429,4.8,-1.2428571428571429,1.7285714285714289,79.71428571428571,0.5191428571428571,85.71428571428571,4.168571428571428,0.0,34.471428571428575,227.07142857142856,1004.5,71.07142857142857,25.342857142857145,902
21.61428571428572,11.12857142857143,16.414285714285715,21.61428571428572,10.957142857142856,16.385714285714286,68.88571428571429,0.0581428571428571,28.571428571428573,1.7857142857142858,0.0,24.885714285714283,226.07142857142856,1018.7571428571428,58.24285714285714,27.571428571428573,738
13.357142857142858,7.742857142857143,10.05714285714286,12.957142857142856,5.971428571428571,8.9,90.52857142857144,2.3524285714285718,85.71428571428571,5.951428571428571,0.0,22.61428571428572,104.4857142857143,1011.7571428571428,89.11428571428571,6.785714285714286,737
5.5,0.942857142857143,3.271428571428572,3.257142857142857,-2.914285714285714,0.1,86.61428571428571,0.7832857142857144,57.142857142857146,2.9771428571428573,0.0,23.62857142857143,214.0142857142857,1019.9142857142856,82.5,12.2,891
4.6571428571428575,-0.3428571428571429,2.257142857142857,3.3285714285714287,-3.2285714285714286,-0.0142857142857142,89.60000000000001,3.5882857142857145,100.0,7.141428571428572,0.7428571428571428,14.985714285714286,194.37142857142857,1020.0285714285714,76.35714285714286,11.314285714285717,936
13.528571428571428,6.242857142857143,9.714285714285714,13.0,3.557142857142857,8.014285714285714,76.45714285714287,0.0724285714285714,42.85714285714285,1.7871428571428571,0.0,31.214285714285715,207.92857142857144,1015.7714285714284,69.32857142857142,15.8,833
14.414285714285713,8.857142857142858,11.4,14.414285714285713,7.528571428571429,11.0,81.60000000000001,1.419857142857143,71.42857142857143,4.761428571428572,0.0,20.228571428571428,85.14285714285714,1019.1714285714286,86.02857142857144,19.97142857142857,793
25.47142857142857,11.885714285714286,18.285714285714285,25.642857142857142,11.585714285714284,18.242857142857144,75.2,0.1328571428571428,14.285714285714286,1.19,0.0,20.32857142857143,125.5,1022.4428571428572,45.68571428571429,10.4,742
7.557142857142857,2.7857142857142856,4.8,5.857142857142857,-1.0,1.8428571428571427,88.39999999999999,5.669857142857143,100.0,10.12,0.0,24.385714285714283,181.97142857142856,998.2142857142856,77.47142857142856,13.685714285714289,893
23.185714285714287,11.885714285714286,17.357142857142858,23.185714285714287,11.885714285714286,17.357142857142858,65.85714285714286,0.0,0.0,0.0,0.0,17.714285714285715,221.4,1021.9285714285714,54.35714285714285,19.585714285714285,734
15.37142857142857,7.285714285714286,11.328571428571427,15.37142857142857,4.985714285714286,10.571428571428571,79.32857142857142,1.066,57.142857142857146,3.571428571428572,0.0,23.4,149.42857142857142,1004.2857142857144,80.37142857142858,11.614285714285714,803
15.028571428571428,8.085714285714285,11.428571428571429,15.028571428571428,6.242857142857143,10.628571428571428,79.8,6.238857142857143,85.71428571428571,8.930000000000001,0.0,22.17142857142857,119.9857142857143,1009.3714285714286,46.785714285714285,17.714285714285715,729
6.214285714285714,0.2285714285714284,2.8714285714285714,4.814285714285715,-3.942857142857143,-0.2428571428571428,88.5,3.150142857142857,100.0,10.712857142857144,3.857142857142857,22.24285714285714,261.12857142857143,1028.0,48.8,17.3,1234
11.785714285714286,8.542857142857143,10.0,11.785714285714286,6.214285714285714,8.857142857142858,84.3,2.3152857142857144,57.142857142857146,3.571428571428572,0.0,22.842857142857145,55.8,1021.3285714285714,85.58571428571429,17.142857142857142,801
17.885714285714286,11.55714285714286,14.62857142857143,17.885714285714286,11.257142857142856,14.614285714285714,72.3,0.2007142857142857,71.42857142857143,3.5728571428571425,0.0,28.142857142857142,247.7,1007.0571428571428,76.7,18.1,701
8.9,5.6571428571428575,7.271428571428571,7.571428571428571,2.8857142857142857,5.014285714285714,92.74285714285716,2.6918571428571427,100.0,5.3585714285714285,0.0,23.385714285714283,116.98571428571428,1004.2285714285716,93.84285714285714,9.542857142857144,812
21.32857142857143,13.285714285714286,17.3,21.32857142857143,13.285714285714286,17.3,75.51428571428572,0.0682857142857143,57.142857142857146,3.571428571428572,0.0,20.67142857142857,216.25714285714284,1016.9428571428572,66.8,24.25714285714286,680
20.042857142857144,10.785714285714286,15.571428571428571,20.042857142857144,10.785714285714286,15.571428571428571,77.04285714285713,3.911714285714286,42.85714285714285,5.357142857142857,0.0,18.085714285714285,145.18571428571428,1016.2857142857144,55.58571428571428,14.157142857142857,715
11.828571428571427,5.171428571428572,8.085714285714285,11.385714285714286,2.6142857142857143,6.371428571428572,80.22857142857143,1.715142857142857,100.0,12.5,0.0,20.457142857142856,208.51428571428573,1006.2285714285716,71.87142857142858,17.385714285714286,846
19.24285714285714,12.257142857142856,15.314285714285711,19.24285714285714,12.257142857142856,15.314285714285711,78.11428571428571,0.5965714285714286,100.0,10.121428571428572,0.0,26.542857142857144,232.68571428571428,1005.7,59.44285714285714,24.557142857142857,697
7.528571428571429,2.8857142857142857,5.128571428571428,6.071428571428571,-0.3142857142857142,2.4,87.65714285714286,1.156,85.71428571428571,8.332857142857142,0.0,19.014285714285712,179.32857142857142,1017.7285714285716,74.5,20.842857142857145,931
17.557142857142857,10.94285714285714,13.9,17.557142857142857,10.485714285714286,13.8,87.68571428571428,5.033,100.0,12.501428571428573,0.0,16.285714285714285,172.84285714285716,1007.8714285714286,56.11428571428571,18.27142857142857,729
20.785714285714285,11.771428571428572,16.185714285714287,20.785714285714285,11.414285714285716,16.17142857142857,71.85714285714286,0.0842857142857143,42.85714285714285,2.381428571428572,0.0,24.357142857142858,250.75714285714284,1019.7,55.98571428571428,27.2,756
16.942857142857143,7.514285714285714,12.514285714285714,16.942857142857143,5.985714285714286,12.142857142857142,71.27142857142857,3.314285714285714,71.42857142857143,5.952857142857143,0.0,19.014285714285712,221.45714285714288,1017.3285714285714,45.27142857142858,16.95714285714286,735
9.55714285714286,6.214285714285714,7.828571428571428,8.242857142857142,3.4857142857142853,5.8,94.37142857142858,6.1242857142857146,100.0,8.928571428571429,0.0,25.042857142857144,176.9,1002.0857142857144,85.02857142857144,11.44285714285714,1021
18.17142857142857,10.885714285714286,14.514285714285714,18.17142857142857,10.585714285714284,14.457142857142856,67.51428571428572,0.0048571428571428,14.285714285714286,0.5957142857142858,0.0,20.085714285714285,255.94285714285712,1016.3571428571428,74.88571428571429,31.885714285714283,714
14.842857142857143,8.4,11.585714285714284,14.842857142857143,6.928571428571429,11.142857142857142,80.10000000000001,2.637,100.0,5.952857142857143,0.0,31.728571428571428,242.04285714285717,1011.9285714285714,61.72857142857144,28.0,740
16.9,10.085714285714284,13.414285714285716,16.9,9.185714285714283,13.3,78.05714285714285,4.503571428571428,100.0,10.12,0.0,24.885714285714283,233.8857142857143,1006.3714285714286,64.7,23.74285714285714,782
13.3,4.871428571428572,9.1,13.171428571428573,2.2285714285714286,7.614285714285715,72.71428571428571,0.065,14.285714285714286,1.19,0.0,21.61428571428571,40.72857142857144,1014.2,60.1,20.357142857142858,819
12.485714285714286,6.4,9.342857142857143,12.071428571428571,3.5,7.457142857142857,84.58571428571429,2.3792857142857144,100.0,8.927142857142858,0.0,32.614285714285714,206.17142857142855,1009.5571428571428,62.44285714285714,20.11428571428572,853
17.714285714285715,10.1,13.428571428571429,17.714285714285715,9.385714285714286,13.242857142857144,77.48571428571428,0.8785714285714284,71.42857142857143,5.355714285714286,0.0,24.928571428571427,226.0,1013.0,70.02857142857142,24.97142857142857,797
16.95714285714286,10.714285714285714,13.514285714285714,16.95714285714286,10.457142857142856,13.44285714285714,84.81428571428572,0.3844285714285714,85.71428571428571,5.357142857142857,0.0,25.27142857142857,106.6,1015.2714285714284,86.87142857142858,14.342857142857143,768
6.385714285714286,2.2142857142857144,4.228571428571429,3.2,-1.5857142857142856,0.6714285714285715,86.21428571428571,4.163285714285714,100.0,8.927142857142858,0.0,27.74285714285714,218.4,988.657142857143,53.71428571428572,20.985714285714288,926
12.142857142857142,4.8,8.557142857142857,11.885714285714286,3.242857142857143,7.371428571428572,79.71428571428571,0.2892857142857142,71.42857142857143,4.167142857142857,0.0,19.12857142857143,163.14285714285714,1013.1,77.12857142857142,18.942857142857143,783
8.657142857142857,3.1714285714285717,5.957142857142857,6.771428571428572,-0.3142857142857143,3.1142857142857143,79.81428571428572,4.723428571428571,100.0,8.928571428571429,0.0,28.385714285714283,180.7142857142857,992.6285714285714,57.2,17.642857142857142,776
19.65714285714285,13.314285714285717,16.5,19.65714285714285,13.314285714285717,16.5,80.12857142857142,0.1707142857142857,85.71428571428571,6.55,0.0,16.02857142857143,268.07142857142856,1016.8285714285714,58.71428571428572,19.11428571428572,636
12.642857142857142,5.685714285714285,9.042857142857144,12.642857142857142,3.914285714285714,7.9,84.77142857142857,0.3035714285714285,42.85714285714285,2.381428571428572,0.0,22.8,88.51428571428572,1013.7714285714284,81.52857142857144,14.128571428571428,837
16.5,8.814285714285715,12.214285714285714,16.5,8.5,12.071428571428571,82.92857142857143,0.0004285714285714,14.285714285714286,0.5957142857142858,0.0,15.714285714285714,65.32857142857144,1028.571428571429,72.52857142857142,20.542857142857144,746
11.87142857142857,3.442857142857143,7.885714285714286,11.0,0.9714285714285714,6.228571428571429,68.44285714285715,0.0319999999999999,57.142857142857146,2.382857142857143,0.0,21.82857142857143,258.37142857142857,1023.1,52.68571428571429,20.77142857142857,718
17.442857142857143,10.014285714285714,13.842857142857143,17.442857142857143,9.185714285714283,13.642857142857142,74.94285714285715,0.9578571428571429,85.71428571428571,7.737142857142857,0.0,21.285714285714285,263.5571428571429,1015.1142857142858,68.6,27.928571428571427,787
4.614285714285714,0.8285714285714286,3.0142857142857147,3.0142857142857147,-2.585714285714286,0.3285714285714285,89.58571428571429,2.233142857142857,57.142857142857146,3.571428571428572,0.5,24.642857142857142,112.07142857142856,1013.1,93.2,9.471428571428572,1063
13.185714285714283,8.914285714285715,11.085714285714284,13.185714285714283,7.471428571428571,10.514285714285714,86.98571428571428,2.361571428571428,100.0,10.118571428571428,0.0,23.77142857142857,204.47142857142856,1007.1285714285714,66.62857142857142,15.085714285714284,821
18.728571428571428,10.8,14.657142857142857,18.728571428571428,10.385714285714286,14.6,80.89999999999999,1.5791428571428572,100.0,8.332857142857142,0.0,17.385714285714286,218.0,1010.3714285714286,49.114285714285714,23.428571428571427,779
9.014285714285714,3.8285714285714287,6.471428571428572,6.971428571428571,-0.2285714285714285,3.242857142857143,81.61428571428571,4.595142857142856,100.0,12.5,2.128571428571429,31.214285714285715,228.3428571428572,1000.4,58.51428571428572,23.442857142857143,984
15.785714285714286,9.44285714285714,12.357142857142858,15.785714285714286,8.685714285714285,12.2,82.34285714285714,0.6271428571428571,71.42857142857143,3.5728571428571425,0.0,25.2,235.52857142857144,1013.1857142857144,69.25714285714285,22.314285714285717,720
22.642857142857142,13.528571428571428,17.5,22.814285714285717,13.528571428571428,17.54285714285714,81.15714285714286,0.6418571428571429,71.42857142857143,3.5728571428571425,0.0,17.142857142857142,154.77142857142857,1017.657142857143,70.91428571428571,11.785714285714286,717
2.585714285714286,-1.5,0.5428571428571428,-0.4428571428571429,-5.628571428571428,-3.242857142857143,86.04285714285713,0.0014285714285714,14.285714285714286,1.19,2.6,19.642857142857142,72.04285714285714,1028.5285714285717,77.65714285714286,9.257142857142856,1022
19.428571428571427,11.44285714285714,15.642857142857142,19.428571428571427,11.014285714285714,15.6,75.98571428571428,0.2087142857142856,71.42857142857143,4.167142857142857,0.0,21.285714285714285,230.3142857142857,1014.9857142857144,71.28571428571429,24.042857142857144,792
8.714285714285714,1.1857142857142855,4.957142857142857,6.5,-1.542857142857143,2.271428571428572,74.15714285714286,0.137,57.142857142857146,2.9771428571428573,0.0,24.457142857142856,176.82857142857142,1020.7285714285716,53.51428571428572,16.514285714285712,790
3.8428571428571434,-0.2999999999999999,1.4428571428571428,1.4142857142857144,-5.085714285714286,-2.242857142857143,80.39999999999999,0.7134285714285715,57.142857142857146,4.1657142857142855,0.3333333333333333,24.785714285714285,243.05714285714288,1016.7142857142856,47.68571428571429,22.928571428571427,1022
18.67142857142857,9.87142857142857,14.271428571428572,18.67142857142857,9.042857142857144,14.028571428571428,77.41428571428571,0.5851428571428572,57.142857142857146,4.1657142857142855,0.0,21.571428571428573,234.37142857142857,1012.5571428571428,47.52857142857143,29.985714285714284,709
10.9,6.714285714285714,8.628571428571428,10.642857142857142,5.014285714285714,7.557142857142857,94.02857142857144,3.178142857142857,100.0,8.928571428571429,0.0142857142857142,20.428571428571427,167.85714285714286,1015.0142857142856,83.98571428571428,10.085714285714284,851
12.228571428571428,7.071428571428571,9.87142857142857,11.214285714285714,4.557142857142857,8.471428571428572,79.07142857142857,0.6705714285714286,100.0,5.3585714285714285,0.0,34.58571428571428,230.97142857142856,1006.2,63.12857142857143,29.17142857142857,747
17.285714285714285,9.94285714285714,13.614285714285714,17.285714285714285,9.414285714285716,13.428571428571429,85.02857142857144,2.681714285714286,100.0,9.525714285714288,0.0,21.042857142857144,166.44285714285712,1011.6285714285714,67.25714285714285,20.414285714285715,717
6.414285714285714,1.7142857142857142,3.7,3.071428571428572,-3.2,-0.1285714285714285,85.15714285714286,2.2944285714285715,100.0,6.547142857142857,0.6,33.67142857142857,193.3142857142857,997.4285714285714,72.28571428571429,20.61428571428572,1089
11.714285714285714,6.528571428571429,8.885714285714286,11.714285714285714,3.742857142857143,7.271428571428571,83.38571428571429,1.0591428571428572,71.42857142857143,4.167142857142857,0.0,22.485714285714288,220.1142857142857,996.0142857142856,68.12857142857142,24.74285714285714,826
3.628571428571429,-0.7999999999999999,1.3714285714285714,-0.0857142857142857,-4.971428571428571,-2.457142857142857,77.92857142857143,0.4065714285714286,100.0,7.738571428571428,7.399999999999999,21.685714285714287,235.87142857142857,1012.157142857143,63.0,33.128571428571426,994
19.65714285714285,10.114285714285714,15.014285714285714,19.65714285714285,9.657142857142857,14.928571428571429,78.37142857142858,0.065,14.285714285714286,0.5957142857142858,0.0,25.67142857142857,256.40000000000003,1022.8857142857142,63.31428571428571,19.485714285714288,721
6.742857142857143,2.128571428571429,4.614285714285714,4.3,-0.6999999999999998,1.8285714285714287,92.87142857142858,2.0882857142857145,100.0,8.928571428571429,0.0,24.12857142857143,204.7,1013.157142857143,71.81428571428572,9.62857142857143,1022
18.27142857142857,9.4,13.857142857142858,18.27142857142857,8.27142857142857,13.671428571428573,69.84285714285714,0.3795714285714285,57.142857142857146,4.761428571428572,0.0,22.885714285714283,266.04285714285714,1020.4571428571428,54.22857142857144,24.842857142857145,762
3.928571428571429,0.0,2.1714285714285717,1.7857142857142858,-2.9,-0.6428571428571429,82.47142857142856,0.1541428571428571,57.142857142857146,2.382857142857143,0.0,18.428571428571427,114.4,1022.4142857142856,79.85714285714286,9.357142857142858,920
26.74285714285714,16.314285714285713,21.414285714285715,27.0,16.314285714285713,21.47142857142857,69.82857142857144,1.4881428571428572,57.142857142857146,7.144285714285715,0.0,21.685714285714287,211.82857142857145,1013.1857142857144,52.142857142857146,27.557142857142857,854
10.87142857142857,4.7,7.828571428571429,9.857142857142858,2.4857142857142853,5.8,83.38571428571429,3.228857142857143,85.71428571428571,10.714285714285714,0.0,28.714285714285715,175.64285714285714,1010.7,65.95714285714286,19.12857142857143,871
8.77142857142857,5.042857142857143,6.871428571428572,7.0,1.9142857142857144,4.285714285714286,89.27142857142857,7.808285714285715,100.0,11.308571428571428,0.0,26.97142857142857,174.05714285714288,993.3142857142856,81.32857142857142,12.94285714285714,856
14.5,7.257142857142857,10.842857142857143,14.5,5.2,10.1,82.24285714285715,1.896857142857143,100.0,13.095714285714283,0.0,24.17142857142857,214.87142857142857,1011.2714285714284,51.8,22.4,742
20.11428571428572,12.371428571428572,16.214285714285715,20.11428571428572,12.328571428571427,16.185714285714287,79.42857142857143,0.7974285714285714,85.71428571428571,4.762857142857143,0.0,25.842857142857145,231.8,1016.9428571428572,51.65714285714286,16.085714285714285,709
6.4,2.5285714285714285,4.471428571428571,5.6000000000000005,0.0142857142857142,2.771428571428572,93.82857142857142,1.4994285714285716,100.0,10.118571428571428,0.5714285714285714,12.257142857142856,209.8,1030.6571428571428,82.11428571428573,11.485714285714286,1106
20.942857142857143,11.87142857142857,16.37142857142857,20.942857142857143,11.642857142857142,16.342857142857145,74.68571428571428,3.259571428571429,57.142857142857146,3.571428571428572,0.0,21.17142857142857,190.32857142857145,1010.9714285714286,56.97142857142857,16.085714285714285,808
10.1,2.3285714285714287,6.342857142857143,8.928571428571429,-0.0428571428571428,4.3,71.7,1.247,57.142857142857146,2.9771428571428573,0.0,22.928571428571427,190.8142857142857,1013.9857142857144,76.32857142857142,14.714285714285714,931
24.82857142857143,13.5,19.15714285714285,24.7,13.27142857142857,19.11428571428572,73.05714285714285,0.8605714285714285,42.85714285714285,4.167142857142857,0.0,16.728571428571428,206.67142857142855,1016.7285714285716,41.52857142857143,19.142857142857142,883
10.457142857142856,4.6571428571428575,7.528571428571429,9.385714285714286,1.5,5.271428571428571,78.89999999999999,0.4441428571428571,100.0,7.141428571428572,0.0,26.728571428571428,248.7428571428572,1021.4142857142856,63.22857142857144,23.542857142857144,898
19.12857142857143,10.885714285714286,14.914285714285716,19.12857142857143,10.542857142857144,14.87142857142857,74.34285714285714,0.0028571428571428,14.285714285714286,0.5957142857142858,0.0,13.071428571428571,309.3142857142857,1026.042857142857,61.3,17.785714285714285,742
15.842857142857143,8.057142857142857,11.757142857142856,15.842857142857143,6.571428571428571,11.3,78.47142857142856,0.6985714285714285,42.85714285714285,2.381428571428572,0.0,26.571428571428573,238.8857142857143,1011.6857142857144,67.0,25.51428571428572,810
10.114285714285714,5.214285714285714,7.285714285714286,8.428571428571429,1.2857142857142858,4.342857142857143,86.34285714285714,6.092142857142858,100.0,12.5,0.0,32.957142857142856,217.87142857142857,988.4,65.77142857142857,18.185714285714287,857
17.8,7.928571428571429,12.62857142857143,17.8,6.5,12.185714285714283,70.38571428571429,0.0317142857142857,28.571428571428573,1.1914285714285715,0.0,19.685714285714287,167.3714285714286,1015.9,77.38571428571429,19.37142857142857,783
12.228571428571428,7.485714285714286,10.1,12.042857142857144,5.471428571428571,9.3,92.25714285714284,2.7944285714285715,100.0,5.952857142857143,0.0,25.285714285714285,201.7428571428572,999.7428571428572,91.27142857142856,12.87142857142857,929
23.542857142857144,12.357142857142858,18.257142857142856,23.542857142857144,12.285714285714286,18.24285714285714,64.97142857142858,0.0008571428571428,14.285714285714286,0.5957142857142858,0.0,18.557142857142857,167.0,1022.2714285714284,71.54285714285714,18.457142857142856,896
10.728571428571428,2.8000000000000003,6.471428571428571,9.94285714285714,-0.0428571428571428,4.114285714285715,77.27142857142857,4.5520000000000005,85.71428571428571,7.142857142857143,0.0,24.11428571428572,229.9,1002.6,58.25714285714285,22.52857142857143,914
8.185714285714285,4.828571428571429,6.4,5.728571428571429,0.7428571428571429,3.3428571428571425,88.92857142857143,0.181,28.571428571428573,1.7857142857142858,0.0,34.82857142857143,233.72857142857143,1027.3857142857144,82.77142857142857,13.05714285714286,1028
6.414285714285714,-0.1428571428571428,2.9571428571428577,4.828571428571428,-3.5,0.6857142857142856,85.2,0.1372857142857143,71.42857142857143,3.5728571428571425,0.0,19.82857142857143,252.6,1019.342857142857,59.6,7.200000000000001,839
4.185714285714286,0.8142857142857142,2.585714285714286,2.8,-2.357142857142857,0.2714285714285714,93.48571428571428,3.0535714285714284,71.42857142857143,5.355714285714286,1.0,17.3,77.38571428571429,1003.0142857142856,84.91428571428571,5.542857142857143,1377
14.4,8.7,11.2,14.4,8.27142857142857,10.942857142857145,85.25714285714285,1.3464285714285713,85.71428571428571,5.952857142857143,0.1571428571428571,14.414285714285716,250.57142857142856,1021.8571428571428,51.07142857142857,14.6,755
19.228571428571428,10.757142857142856,14.8,19.228571428571428,10.614285714285714,14.757142857142856,75.39999999999999,0.9734285714285714,28.571428571428573,2.975714285714285,0.0,18.928571428571427,227.9857142857143,1018.9714285714286,55.68571428571429,19.428571428571427,655
11.414285714285716,6.185714285714285,8.957142857142857,10.357142857142858,2.657142857142857,6.571428571428571,82.55714285714285,2.692857142857143,100.0,11.904285714285717,0.0,45.3,224.8142857142857,1004.2857142857144,63.08571428571429,21.728571428571428,916
11.142857142857142,4.742857142857143,7.728571428571429,11.014285714285714,3.4285714285714284,6.8,87.87142857142858,0.008,85.71428571428571,3.5742857142857143,0.2714285714285714,13.842857142857143,133.37142857142857,1027.4714285714283,51.371428571428574,8.057142857142857,802
23.957142857142856,14.585714285714284,19.32857142857143,23.957142857142856,14.585714285714284,19.32857142857143,76.95714285714287,0.068,42.85714285714285,2.9771428571428573,0.0,20.457142857142856,240.58571428571423,1015.657142857143,71.27142857142857,22.285714285714285,748
14.471428571428572,5.342857142857143,9.94285714285714,14.471428571428572,3.5285714285714285,9.05714285714286,71.52857142857142,0.0032857142857142,42.85714285714285,1.7871428571428571,0.0,16.785714285714285,202.45714285714288,1023.0142857142856,44.61428571428571,18.04285714285714,782
17.185714285714287,7.214285714285714,11.55714285714286,17.185714285714287,6.142857142857143,11.228571428571428,84.89999999999999,0.0414285714285714,85.71428571428571,6.547142857142857,0.0,15.242857142857144,57.31428571428571,1033.7285714285715,39.08571428571429,15.428571428571429,828
19.914285714285715,12.4,15.87142857142857,19.914285714285715,12.4,15.87142857142857,73.87142857142858,0.6045714285714286,57.142857142857146,2.382857142857143,0.0,24.65714285714285,245.9714285714286,1012.5285714285714,70.44285714285715,31.27142857142857,752
2.685714285714286,-0.3428571428571428,1.3285714285714287,-0.1142857142857143,-3.914285714285714,-1.957142857142857,92.18571428571428,0.0341428571428571,71.42857142857143,3.5728571428571425,0.0,17.2,85.31428571428572,1035.7142857142858,79.34285714285714,4.857142857142857,960
15.085714285714284,7.528571428571429,11.328571428571427,15.085714285714284,6.014285714285713,10.957142857142856,72.95714285714287,1.7894285714285714,57.142857142857146,5.951428571428571,0.0,21.071428571428573,226.1142857142857,1012.0428571428572,68.44285714285715,20.314285714285717,745
7.6571428571428575,4.357142857142857,6.071428571428571,6.385714285714286,1.2857142857142858,3.642857142857143,93.98571428571428,3.3995714285714285,100.0,13.692857142857145,0.0,21.02857142857143,147.55714285714288,990.2285714285716,78.98571428571428,11.328571428571427,912
17.12857142857143,8.142857142857142,12.471428571428572,17.12857142857143,6.728571428571428,11.914285714285716,76.38571428571429,0.8375714285714286,42.85714285714285,3.5700000000000003,0.0,21.857142857142858,220.07142857142856,1015.5571428571428,70.8,14.857142857142858,871
18.8,10.857142857142858,14.3,18.785714285714285,10.6,14.242857142857144,76.15714285714286,0.3904285714285714,57.142857142857146,2.9771428571428573,0.0,17.485714285714288,215.7,1011.1142857142858,76.35714285714286,13.714285714285714,727
7.242857142857143,1.157142857142857,4.185714285714286,4.471428571428571,-2.542857142857143,0.7714285714285715,81.05714285714285,0.7430000000000001,42.85714285714285,3.5700000000000003,0.0,26.885714285714283,194.22857142857143,1003.6428571428572,67.85714285714286,18.2,853
6.928571428571429,0.6714285714285715,3.4,3.971428571428572,-3.0,0.3142857142857143,80.5,1.5359999999999998,100.0,10.712857142857144,0.2428571428571428,24.385714285714283,219.4142857142857,999.8285714285714,54.18571428571429,21.47142857142857,835
8.9,4.771428571428571,6.914285714285714,7.799999999999999,1.6285714285714286,4.585714285714286,83.04285714285713,0.0,0.0,0.0,0.0,25.928571428571427,245.45714285714288,1032.6142857142856,85.39999999999999,9.94285714285714,897
6.842857142857143,2.571428571428572,4.914285714285714,4.371428571428572,-1.1428571428571428,1.657142857142857,88.08571428571429,3.032285714285714,100.0,8.334285714285715,0.2142857142857142,26.557142857142857,248.98571428571427,1004.4857142857144,67.34285714285714,24.142857142857142,1088
11.585714285714287,5.0,8.328571428571427,11.585714285714287,2.471428571428571,6.585714285714286,80.22857142857143,4.693,100.0,13.692857142857145,0.0,23.15714285714285,183.6142857142857,1004.1,67.87142857142858,24.02857142857143,791
11.171428571428573,3.914285714285714,7.3428571428571425,10.671428571428573,2.0285714285714285,5.9,81.07142857142857,0.0547142857142857,57.142857142857146,2.382857142857143,0.0,18.085714285714285,191.67142857142855,1029.1571428571428,63.05714285714286,10.885714285714286,808
12.571428571428571,4.471428571428572,8.114285714285714,12.27142857142857,3.0142857142857147,7.414285714285714,83.41428571428571,0.0767142857142857,42.85714285714285,2.381428571428572,0.0,13.471428571428572,256.3428571428572,1021.7285714285716,55.41428571428571,14.414285714285716,807
8.385714285714286,3.671428571428572,5.957142857142857,5.971428571428571,0.3571428571428571,3.028571428571429,80.91428571428571,0.6114285714285713,100.0,7.735714285714286,0.0,26.52857142857143,258.7714285714286,1015.4714285714286,58.4,22.02857142857143,945
20.914285714285715,12.757142857142856,16.428571428571427,20.914285714285715,12.757142857142856,16.428571428571427,77.21428571428571,1.7867142857142857,71.42857142857143,4.761428571428572,0.0,18.04285714285714,234.8,1018.8857142857142,59.07142857142857,28.25714285714286,756
3.3857142857142857,-2.4,0.3428571428571429,2.6,-4.628571428571428,-1.2428571428571429,91.45714285714288,0.3918571428571428,71.42857142857143,2.9785714285714286,0.0,14.685714285714283,223.25714285714284,1040.9714285714283,60.84285714285714,2.7571428571428567,1032
11.957142857142856,7.214285714285714,9.542857142857144,11.957142857142856,4.914285714285714,8.27142857142857,83.60000000000001,1.922428571428572,100.0,8.927142857142858,0.0,26.385714285714283,227.42857142857144,1004.1714285714286,55.52857142857143,17.8,862
14.914285714285716,7.271428571428571,10.642857142857142,14.914285714285716,5.185714285714285,9.671428571428573,85.54285714285713,0.2724285714285714,57.142857142857146,4.167142857142857,0.0,19.52857142857143,75.65714285714286,1011.9285714285714,73.28571428571429,11.385714285714286,766
19.842857142857145,12.37142857142857,16.014285714285712,19.842857142857145,12.37142857142857,16.014285714285712,71.32857142857144,0.0692857142857142,28.571428571428573,1.7857142857142858,0.0,26.042857142857144,225.2571428571429,1010.5,68.15714285714286,22.442857142857143,793
12.542857142857144,6.957142857142857,9.514285714285714,12.542857142857144,4.914285714285714,8.385714285714286,85.65714285714286,0.0271428571428571,85.71428571428571,6.547142857142857,0.0,18.071428571428573,64.27142857142857,1023.3,70.08571428571429,18.885714285714283,820
5.628571428571428,0.2142857142857142,2.7142857142857144,1.4,-5.214285714285714,-2.128571428571429,75.0,0.3442857142857143,85.71428571428571,4.762857142857143,0.0,39.22857142857144,249.28571428571428,997.157142857143,52.84285714285714,23.914285714285715,895
7.971428571428571,2.571428571428572,5.228571428571429,5.4,-1.8142857142857145,1.1999999999999995,84.81428571428572,1.1962857142857144,71.42857142857143,3.5728571428571425,1.0,38.68571428571429,239.62857142857143,1009.2142857142856,68.94285714285715,19.11428571428572,882
19.071428571428573,10.357142857142858,14.528571428571428,19.071428571428573,10.071428571428571,14.485714285714286,72.35714285714286,0.556,42.85714285714285,4.167142857142857,0.0,17.514285714285712,259.8857142857143,1013.9,40.114285714285714,22.11428571428572,724
24.67142857142857,12.8,18.11428571428572,24.442857142857143,12.8,18.1,73.85714285714286,1.2831428571428571,57.142857142857146,3.571428571428572,0.0,22.02857142857143,217.15714285714284,1013.4285714285714,58.0,17.814285714285713,747
14.942857142857145,8.585714285714285,11.571428571428571,14.942857142857145,6.457142857142857,10.9,85.61428571428571,2.006,85.71428571428571,3.5742857142857143,0.0,27.185714285714287,222.08571428571423,1013.657142857143,73.07142857142857,20.65714285714285,772
9.085714285714284,4.114285714285715,6.428571428571429,7.385714285714286,0.6142857142857142,3.5,87.68571428571428,4.035857142857143,100.0,11.905714285714286,0.0,29.428571428571427,208.9,999.4714285714286,60.07142857142857,20.7,870
10.857142857142858,3.3857142857142857,7.071428571428571,10.8,2.085714285714286,6.042857142857144,88.95714285714287,1.4508571428571428,71.42857142857143,3.5728571428571425,0.0,14.157142857142857,157.85714285714286,1019.9142857142856,53.68571428571429,7.3,861
14.742857142857144,8.77142857142857,11.614285714285714,14.742857142857144,6.957142857142857,11.2,78.92857142857143,4.574285714285714,57.142857142857146,3.571428571428572,0.0,25.985714285714288,146.4,1008.0285714285714,82.10000000000001,20.685714285714287,736
5.285714285714286,0.757142857142857,3.1714285714285717,3.2285714285714286,-3.585714285714286,-0.4428571428571428,91.17142857142858,1.2992857142857144,57.142857142857146,2.382857142857143,2.5,29.442857142857143,156.94285714285712,1010.1285714285714,79.10000000000001,7.257142857142857,1129
10.757142857142856,4.042857142857143,7.299999999999999,9.642857142857142,0.8428571428571429,5.428571428571429,87.31428571428572,5.122428571428571,85.71428571428571,10.715714285714286,0.0,25.77142857142857,191.0,999.0571428571428,67.37142857142858,16.2,904
12.842857142857143,4.914285714285714,8.714285714285714,12.842857142857143,2.0285714285714285,6.814285714285715,73.42857142857143,0.6032857142857143,71.42857142857143,4.761428571428572,0.0,24.37142857142857,309.6857142857143,1008.6857142857144,70.3,24.12857142857143,786
14.228571428571428,6.128571428571428,10.228571428571428,14.228571428571428,3.071428571428572,8.928571428571429,70.87142857142858,0.096,42.85714285714285,2.381428571428572,0.0,32.67142857142857,217.97142857142856,1019.6142857142858,72.92857142857143,21.085714285714285,771
18.342857142857145,9.057142857142855,13.214285714285714,18.342857142857145,8.371428571428572,13.071428571428571,66.47142857142856,0.4258571428571428,28.571428571428573,1.1914285714285715,0.0,26.1,132.44285714285712,1019.4142857142856,53.15714285714286,17.87142857142857,769
18.0,11.2,14.8,18.0,10.857142857142858,14.742857142857144,71.65714285714286,0.2631428571428572,71.42857142857143,4.167142857142857,0.0,18.02857142857143,272.07142857142856,1022.7285714285716,78.5,21.0,737
13.62857142857143,6.357142857142857,10.114285714285714,13.62857142857143,4.614285714285714,9.385714285714286,75.67142857142858,0.0632857142857142,42.85714285714285,2.9771428571428573,0.0,16.914285714285715,165.12857142857143,1019.5428571428572,69.08571428571429,13.514285714285714,804
20.728571428571428,11.457142857142856,15.971428571428572,20.728571428571428,11.457142857142856,15.971428571428572,75.02857142857144,0.8588571428571429,71.42857142857143,4.761428571428572,0.0,13.857142857142858,258.4857142857143,1016.2714285714284,51.82857142857143,16.514285714285712,730
8.157142857142857,3.6142857142857134,5.728571428571429,6.185714285714285,0.2999999999999999,2.957142857142857,82.78571428571429,0.3181428571428571,42.85714285714285,2.381428571428572,0.0,25.414285714285715,296.2142857142857,1006.7,80.54285714285713,16.3,863
2.1714285714285717,-2.7,-0.1428571428571428,-1.942857142857143,-7.314285714285715,-4.728571428571429,84.68571428571428,1.2467142857142857,85.71428571428571,5.357142857142857,1.0,30.3,221.7,1001.3857142857142,64.34285714285714,13.771428571428572,982
16.54285714285714,9.757142857142856,13.157142857142857,16.54285714285714,8.471428571428572,12.87142857142857,77.92857142857143,2.8505714285714285,85.71428571428571,8.331428571428571,0.0,32.0,233.77142857142857,1008.5142857142856,55.07142857142857,25.32857142857143,718
5.285714285714286,1.042857142857143,2.9,3.128571428571429,-2.5142857142857147,-0.2285714285714285,89.34285714285714,1.7754285714285714,100.0,11.311428571428571,0.0,21.085714285714285,246.95714285714288,1000.6428571428572,63.34285714285714,12.742857142857144,1390
12.5,3.928571428571429,8.114285714285714,12.5,1.6142857142857143,6.785714285714286,68.02857142857142,0.0008571428571428,14.285714285714286,0.5957142857142858,0.0571428571428571,18.114285714285717,281.75714285714287,1032.3714285714286,47.85714285714285,19.7,857
11.8,6.728571428571429,9.3,10.9,5.014285714285714,8.0,87.41428571428571,0.7752857142857144,85.71428571428571,4.168571428571428,0.0,19.6,232.8142857142857,1012.9714285714286,79.21428571428571,18.842857142857145,802
5.9,0.3142857142857142,2.9,4.171428571428572,-2.3000000000000003,1.0,88.54285714285713,0.1095714285714285,85.71428571428571,3.5742857142857143,0.0,16.114285714285714,218.3142857142857,1023.3857142857142,67.52857142857142,9.3,909
22.285714285714285,13.885714285714286,17.97142857142857,22.342857142857145,13.614285714285714,17.97142857142857,78.97142857142856,1.7105714285714286,85.71428571428571,8.332857142857142,0.0,23.3,224.8,1013.4857142857144,61.18571428571429,21.385714285714283,751
22.342857142857145,13.742857142857144,17.514285714285712,22.342857142857145,13.742857142857144,17.514285714285712,76.14285714285714,0.1631428571428571,42.85714285714285,5.357142857142857,0.0,17.414285714285715,225.15714285714284,1013.3571428571428,59.2,21.52857142857143,734
3.6714285714285713,-0.2142857142857142,1.4428571428571428,1.0857142857142856,-4.085714285714286,-1.7285714285714284,90.97142857142856,1.523142857142857,100.0,9.522857142857143,0.0999999999999999,20.02857142857143,296.4142857142857,994.5857142857144,58.8,13.428571428571429,902
6.285714285714286,1.2142857142857142,3.6,3.4714285714285715,-2.085714285714286,0.5285714285714286,77.8,0.1228571428571428,57.142857142857146,2.9771428571428573,0.9,23.02857142857143,314.15714285714284,1026.9,57.17142857142857,13.657142857142857,907
8.185714285714285,2.0142857142857142,5.2,5.1571428571428575,-1.8857142857142857,1.7,83.38571428571429,2.2648571428571427,100.0,9.524285714285714,0.0,33.32857142857143,258.45714285714286,1012.2142857142856,68.62857142857142,17.557142857142857,851
9.071428571428571,3.4714285714285715,6.042857142857143,7.214285714285714,-0.1714285714285713,3.4,91.38571428571429,1.8345714285714287,100.0,10.118571428571428,0.6142857142857142,22.314285714285717,241.9,998.8142857142856,50.885714285714286,25.37142857142857,785
11.814285714285717,5.485714285714286,8.657142857142857,11.44285714285714,3.2142857142857144,7.428571428571429,81.04285714285713,0.3242857142857143,85.71428571428571,5.3585714285714285,0.0,21.142857142857142,277.4,1025.1714285714286,49.885714285714286,16.3,758
22.77142857142857,14.242857142857144,18.04285714285714,22.82857142857143,14.242857142857144,18.04285714285714,78.57142857142857,0.2487142857142857,71.42857142857143,2.9785714285714286,0.0,16.814285714285713,155.91428571428574,1014.4142857142856,58.01428571428572,12.314285714285717,701
18.285714285714285,11.285714285714286,14.771428571428572,18.285714285714285,11.05714285714286,14.742857142857144,79.22857142857143,2.245428571428572,100.0,8.928571428571429,0.0,18.1,260.2285714285714,1012.3142857142856,53.58571428571428,21.714285714285715,703
10.171428571428573,3.857142857142857,7.114285714285714,9.157142857142857,1.1857142857142855,4.7,81.64285714285714,1.0192857142857144,100.0,5.3585714285714285,0.0,33.32857142857143,262.4428571428571,1003.2285714285716,67.5,26.542857142857144,784
7.2,2.3285714285714287,4.442857142857143,4.885714285714286,-1.6,1.3714285714285714,77.55714285714285,1.816,85.71428571428571,10.12,0.0,25.15714285714285,260.6428571428572,1017.2,57.52857142857143,17.228571428571428,883
6.942857142857143,2.314285714285714,4.714285714285714,4.857142857142857,-0.7000000000000001,2.2285714285714286,91.41428571428573,1.102142857142857,85.71428571428571,8.930000000000001,0.0,18.15714285714286,154.18571428571428,1009.3142857142856,69.27142857142857,12.042857142857144,976
14.44285714285714,7.1,10.37142857142857,14.44285714285714,5.414285714285714,9.714285714285714,82.3,2.8521428571428573,100.0,12.5,0.0,20.314285714285717,164.64285714285714,1007.4428571428572,77.58571428571429,13.842857142857143,805
21.071428571428573,11.342857142857143,16.214285714285715,21.071428571428573,10.9,16.114285714285714,70.68571428571428,0.0437142857142857,28.571428571428573,1.1914285714285715,0.0,23.957142857142856,226.47142857142856,1014.9571428571428,58.057142857142864,27.942857142857143,708
15.3,5.114285714285714,10.37142857142857,15.3,3.314285714285714,9.44285714285714,67.22857142857143,0.5161428571428571,28.571428571428573,1.7857142857142858,0.0,19.342857142857145,224.4,1014.6714285714286,59.84285714285714,23.428571428571427,834
19.214285714285715,11.914285714285716,15.285714285714286,19.214285714285715,11.842857142857143,15.271428571428572,82.39999999999999,4.823285714285714,100.0,9.524285714285714,0.0,16.65714285714286,256.1428571428572,1011.3571428571428,52.44285714285714,15.042857142857144,688
18.62857142857143,11.042857142857144,14.528571428571428,18.62857142857143,10.728571428571428,14.428571428571429,71.82857142857144,0.2015714285714285,71.42857142857143,2.9785714285714286,0.0,24.042857142857144,268.3428571428572,1014.8857142857142,70.18571428571428,29.942857142857143,691
13.028571428571428,8.22857142857143,10.771428571428572,13.028571428571428,6.614285714285714,10.085714285714284,89.97142857142856,1.6124285714285715,100.0,7.141428571428572,0.0,22.5,227.62857142857143,1015.8142857142856,83.25714285714285,12.471428571428572,813
4.385714285714285,-0.6571428571428571,1.7428571428571429,1.242857142857143,-3.971428571428572,-1.5857142857142856,84.0,0.3204285714285714,71.42857142857143,3.5728571428571425,0.0,24.142857142857142,251.8571428571429,1020.2571428571428,51.07142857142857,14.171428571428573,907
5.457142857142857,-0.3,2.7,1.7428571428571429,-4.342857142857143,-1.342857142857143,81.82857142857142,0.4351428571428571,100.0,11.308571428571428,0.0,29.057142857142853,275.6,1005.66,57.02857142857143,27.5,982
17.942857142857143,9.714285714285714,13.714285714285714,17.942857142857143,8.885714285714286,13.428571428571429,82.14285714285714,0.7465714285714286,71.42857142857143,4.167142857142857,0.0,30.385714285714283,230.58571428571423,1008.0142857142856,61.08571428571429,25.0,665
21.2,12.914285714285716,17.185714285714287,21.342857142857145,12.685714285714283,17.157142857142855,75.01428571428572,0.4028571428571428,14.285714285714286,1.19,0.0,18.228571428571428,235.7428571428572,1022.9142857142856,67.27142857142857,19.02857142857143,727
14.9,4.771428571428571,9.742857142857144,14.9,3.3285714285714287,9.2,67.60000000000001,0.0,0.0,0.0,0.0,12.042857142857144,238.82857142857145,1033.0,54.42857142857143,17.214285714285715,818
18.071428571428573,10.828571428571427,14.414285714285716,18.071428571428573,10.714285714285714,14.414285714285716,83.0,2.3505714285714285,100.0,10.118571428571428,0.0,17.571428571428573,220.67142857142855,1011.9142857142856,70.9857142857143,21.957142857142856,785
9.128571428571428,2.3428571428571425,5.7,7.885714285714286,-0.7714285714285715,3.5285714285714285,76.04285714285713,0.0,0.0,0.0,0.0,26.2,232.22857142857143,1003.6,69.17142857142856,18.4,801
3.314285714285714,-2.9285714285714284,-0.0571428571428572,0.8428571428571427,-5.957142857142857,-2.6714285714285717,87.28571428571429,0.0574285714285714,57.142857142857146,2.9771428571428573,22.34,16.685714285714287,157.05714285714288,1032.642857142857,69.92857142857143,7.057142857142857,1025
6.714285714285714,2.5285714285714285,4.6571428571428575,6.085714285714286,-0.6571428571428571,2.3285714285714283,89.82857142857142,1.93,100.0,6.548571428571429,0.0,22.485714285714288,168.24285714285716,1010.8,83.3,4.885714285714286,893
6.228571428571429,1.4142857142857144,3.5142857142857147,3.2,-2.542857142857143,0.0285714285714285,88.74285714285715,3.8478571428571433,100.0,10.118571428571428,1.6285714285714286,25.314285714285717,234.27142857142857,995.9571428571428,46.142857142857146,18.442857142857143,883
9.114285714285714,4.1,6.571428571428571,6.942857142857143,0.3857142857142857,3.685714285714286,81.68571428571428,0.0,0.0,0.0,0.0,33.92857142857143,248.97142857142856,997.0571428571428,79.2,16.642857142857142,878
17.685714285714287,9.428571428571429,13.3,17.685714285714287,8.385714285714286,13.028571428571428,73.24285714285715,2.5022857142857142,100.0,8.928571428571429,0.0142857142857142,22.142857142857142,206.37142857142857,1017.8142857142856,50.35714285714285,24.12857142857143,727
6.5857142857142845,0.0,2.857142857142857,3.057142857142857,-4.214285714285714,-1.342857142857143,79.7,1.1032857142857142,71.42857142857143,2.9785714285714286,2.5,37.285714285714285,246.02857142857144,1010.6857142857144,58.35714285714285,18.385714285714283,919
9.471428571428572,6.914285714285716,8.185714285714285,8.114285714285714,4.4,6.271428571428571,86.10000000000001,0.0031428571428571,42.85714285714285,2.381428571428572,0.0,18.8,76.77142857142857,1016.7,97.11428571428571,5.1000000000000005,974
20.485714285714288,13.771428571428572,16.928571428571427,20.485714285714288,13.771428571428572,16.928571428571427,75.91428571428571,2.3074285714285714,85.71428571428571,8.334285714285715,0.0,22.914285714285715,270.5285714285714,1008.9571428571428,56.55714285714286,18.12857142857143,724
16.8,11.771428571428572,14.214285714285714,16.8,11.771428571428572,14.214285714285714,81.52857142857144,4.625,85.71428571428571,9.524285714285714,0.0142857142857142,19.4,216.47142857142856,1006.3285714285714,85.68571428571428,23.4,779
20.67142857142857,12.5,16.428571428571427,20.67142857142857,12.357142857142858,16.414285714285715,77.47142857142856,1.7102857142857142,28.571428571428573,1.7857142857142858,0.0,15.571428571428571,208.9857142857143,1014.0857142857144,76.51428571428572,15.357142857142858,702
9.685714285714283,2.9857142857142853,6.2,7.571428571428571,-0.2428571428571429,3.514285714285714,75.92857142857143,0.7768571428571428,85.71428571428571,8.928571428571429,0.0,26.142857142857142,224.07142857142856,1011.1285714285714,46.55714285714286,24.714285714285715,926
7.928571428571429,2.542857142857143,5.028571428571429,5.628571428571428,-0.5,2.4714285714285715,83.58571428571429,0.0127142857142857,57.142857142857146,3.571428571428572,0.0,18.585714285714285,119.71428571428572,1030.242857142857,78.48571428571428,9.271428571428572,834
18.82857142857143,11.785714285714286,15.142857142857142,18.82857142857143,11.55714285714286,15.12857142857143,80.81428571428572,2.9467142857142856,100.0,11.905714285714286,0.0,22.7,229.4,1006.1142857142858,51.65714285714286,14.771428571428572,674
7.471428571428571,2.8714285714285714,5.371428571428572,4.228571428571429,-0.1285714285714285,2.3714285714285714,86.12857142857142,0.3395714285714285,57.142857142857146,2.9771428571428573,0.0,27.74285714285714,238.67142857142855,1023.1428571428572,77.10000000000001,17.9,959
4.0,0.5714285714285714,2.2142857142857144,1.3000000000000005,-3.814285714285714,-1.2285714285714284,89.21428571428571,4.940571428571428,100.0,8.927142857142858,1.4285714285714286,19.957142857142856,158.57142857142858,1012.0571428571428,72.45714285714286,8.814285714285715,895
18.6,11.05714285714286,14.885714285714286,18.6,10.728571428571428,14.857142857142858,79.3,1.1784285714285712,57.142857142857146,4.761428571428572,0.0,22.785714285714285,244.97142857142856,1013.0142857142856,78.58571428571429,22.857142857142858,682
18.114285714285717,8.142857142857142,13.228571428571428,18.114285714285717,7.328571428571429,13.0,68.97142857142858,0.0028571428571428,14.285714285714286,0.5957142857142858,0.0,14.2,149.1142857142857,1025.5571428571427,66.24285714285715,19.62857142857143,800
16.757142857142856,7.757142857142857,11.842857142857143,16.757142857142856,6.2,11.385714285714286,80.12857142857142,0.0,0.0,0.0,0.0,20.514285714285712,82.32857142857142,1016.3285714285714,80.10000000000001,8.128571428571428,752
10.042857142857144,3.542857142857143,7.085714285714286,8.72857142857143,0.6714285714285715,4.885714285714286,80.58571428571429,0.047,85.71428571428571,5.952857142857143,0.0,29.657142857142865,258.81428571428575,1013.9571428571428,65.24285714285715,20.385714285714283,897
19.25714285714286,11.87142857142857,15.228571428571428,19.25714285714286,11.2,15.014285714285714,79.68571428571428,4.646714285714286,100.0,9.524285714285714,0.0,32.528571428571425,217.12857142857143,1009.9714285714286,66.54285714285714,19.1,778
14.014285714285714,5.328571428571428,9.62857142857143,14.014285714285714,2.942857142857143,8.3,74.02857142857144,0.1995714285714285,28.571428571428573,2.381428571428572,0.0,18.557142857142857,67.7,1013.5428571428572,71.84285714285714,14.957142857142856,841
6.057142857142857,2.257142857142857,4.257142857142857,3.6714285714285713,-1.0000000000000002,1.457142857142857,89.18571428571428,0.3502857142857142,85.71428571428571,4.168571428571428,4.0,22.61428571428572,138.97142857142856,1018.4714285714286,92.32857142857142,9.285714285714286,888
6.685714285714285,3.7857142857142856,5.014285714285714,4.571428571428571,0.1142857142857142,2.0571428571428574,82.31428571428572,0.1935714285714285,57.142857142857146,4.1657142857142855,0.0,23.914285714285715,167.65714285714284,1026.257142857143,89.84285714285714,12.542857142857144,802
22.542857142857144,14.1,18.242857142857144,22.585714285714285,14.1,18.257142857142856,70.31428571428572,0.0867142857142857,42.85714285714285,1.7871428571428571,0.0,18.071428571428573,247.28571428571428,1016.8714285714286,63.12857142857143,19.17142857142857,760
10.985714285714286,5.5,8.2,10.028571428571428,3.414285714285714,6.714285714285714,82.32857142857142,0.726,57.142857142857146,7.142857142857143,0.0142857142857142,23.385714285714283,240.42857142857144,1008.0285714285714,67.4,23.285714285714285,905
16.4,9.314285714285717,12.742857142857144,16.4,8.171428571428573,12.242857142857144,78.15714285714286,1.125571428571429,71.42857142857143,7.142857142857143,0.1142857142857143,22.357142857142858,164.94285714285712,1018.5428571428572,64.32857142857144,14.242857142857144,791
16.557142857142857,10.428571428571429,13.214285714285714,16.557142857142857,9.414285714285716,13.085714285714284,86.21428571428571,2.8195714285714284,100.0,8.93,0.0,29.24285714285714,215.1,1006.4571428571428,56.48571428571428,19.728571428571428,780
17.942857142857143,10.757142857142856,14.357142857142858,17.942857142857143,10.6,14.342857142857143,76.38571428571429,1.9452857142857145,71.42857142857143,6.548571428571429,0.0,16.0,228.42857142857144,1020.2571428571428,71.72857142857143,16.657142857142855,747
3.914285714285714,-0.6428571428571429,1.7714285714285716,1.3142857142857145,-3.914285714285714,-1.0571428571428572,88.01428571428572,2.293142857142857,57.142857142857146,3.5728571428571425,0.0,22.228571428571428,192.0,1008.3571428571428,44.92857142857143,16.6,1037
19.5,12.528571428571428,15.985714285714286,19.5,12.514285714285714,15.971428571428572,74.81428571428572,0.6354285714285713,71.42857142857143,7.141428571428572,0.0,16.97142857142857,256.85714285714283,1015.8571428571428,82.14285714285714,21.97142857142857,768
12.185714285714283,6.557142857142858,9.114285714285716,12.071428571428571,4.314285714285714,7.914285714285714,88.87142857142858,4.451857142857143,100.0,10.712857142857144,0.0,21.814285714285717,175.45714285714286,998.7857142857144,63.11428571428571,15.085714285714287,763
18.15714285714285,9.44285714285714,13.714285714285714,18.15714285714285,8.22857142857143,13.05714285714286,74.67142857142858,2.573857142857143,100.0,9.525714285714288,0.0,22.085714285714285,199.47142857142856,1012.4857142857144,67.37142857142858,14.94285714285714,770
15.842857142857143,7.914285714285714,11.642857142857142,15.842857142857143,6.042857142857144,10.914285714285716,75.04285714285713,0.0,0.0,0.0,0.0,22.928571428571427,109.84285714285714,1017.3857142857142,69.37142857142858,14.042857142857144,821
1.3142857142857145,-1.7285714285714284,-0.1999999999999999,-0.4714285714285715,-5.7,-3.5857142857142854,85.87142857142858,0.2332857142857143,71.42857142857143,4.167142857142857,1.35,18.942857142857143,232.44285714285715,1020.8142857142856,76.92857142857143,10.714285714285714,970
9.671428571428573,3.2857142857142856,6.314285714285715,8.357142857142858,-1.0142857142857142,2.5,77.38571428571429,2.3447142857142858,85.71428571428571,5.357142857142857,0.0,38.31428571428571,222.7428571428572,1009.9714285714286,71.39999999999999,22.942857142857143,942
21.142857142857142,12.957142857142856,16.885714285714286,21.142857142857142,12.957142857142856,16.885714285714286,75.88571428571429,0.5778571428571428,85.71428571428571,8.332857142857142,0.0,17.95714285714286,211.3571428571429,1015.1428571428572,51.98571428571428,20.25714285714286,666
15.12857142857143,4.171428571428572,9.814285714285717,15.12857142857143,1.914285714285714,8.742857142857144,68.04285714285713,0.0857142857142857,28.571428571428573,1.1914285714285715,0.0,21.014285714285712,163.05714285714288,1015.5857142857142,56.51428571428572,14.414285714285713,799
9.3,4.514285714285714,7.0,7.528571428571429,1.957142857142857,4.742857142857143,90.15714285714286,1.788142857142857,100.0,11.904285714285717,0.0,24.97142857142857,120.01428571428572,1008.0142857142856,74.04285714285713,13.257142857142856,825
6.242857142857143,2.414285714285714,4.357142857142857,3.4,-1.9714285714285715,0.3428571428571428,77.84285714285714,0.7344285714285714,85.71428571428571,5.3585714285714285,0.0,37.55714285714286,262.81428571428575,1011.6428571428572,68.27142857142857,20.17142857142857,1078
10.614285714285714,5.071428571428571,7.942857142857142,10.071428571428571,2.0,5.414285714285716,84.7,3.471,100.0,12.501428571428573,0.0,37.68571428571429,222.8857142857143,1002.9142857142856,67.12857142857142,23.02857142857143,911
19.25714285714286,10.857142857142858,15.185714285714283,19.25714285714286,10.228571428571428,15.1,76.31428571428572,0.4674285714285714,71.42857142857143,5.954285714285715,0.0,18.47142857142857,166.75714285714284,1015.2142857142856,64.52857142857142,18.65714285714285,751
-2.657142857142857,-6.628571428571428,-3.985714285714286,-6.714285714285714,-12.685714285714283,-9.857142857142858,89.95714285714287,0.8431428571428572,85.71428571428571,5.357142857142857,15.25,28.885714285714283,33.885714285714286,1023.1857142857144,85.52857142857144,7.042857142857143,1028
17.12857142857143,9.985714285714286,13.314285714285717,17.12857142857143,9.3,13.2,80.61428571428571,2.748428571428572,85.71428571428571,5.951428571428571,0.0,25.75714285714286,184.87142857142857,1000.8714285714286,73.71428571428571,23.685714285714287,782
11.514285714285714,6.028571428571429,8.928571428571429,11.514285714285714,4.1571428571428575,7.785714285714286,90.6,3.567857142857143,100.0,10.714285714285714,0.0,22.585714285714285,156.91428571428574,999.0,68.8,16.4,809
11.857142857142858,7.828571428571428,9.9,11.857142857142858,5.471428571428571,8.5,87.92857142857143,0.5341428571428571,71.42857142857143,4.167142857142857,0.0,36.58571428571429,214.97142857142856,1011.8857142857142,80.28571428571429,17.8,937
12.971428571428572,4.942857142857143,9.0,12.971428571428572,2.685714285714286,7.7,78.65714285714286,2.399571428571428,100.0,8.332857142857142,0.0,21.24285714285714,229.72857142857143,1015.2571428571428,55.38571428571429,22.457142857142856,788
8.742857142857144,3.657142857142857,6.071428571428571,6.614285714285714,1.1714285714285713,3.557142857142857,90.72857142857144,0.2557142857142857,85.71428571428571,7.141428571428572,0.0,19.8,217.95714285714288,1008.6,56.15714285714286,20.957142857142856,808
21.1,11.071428571428571,16.2,21.1,10.471428571428572,16.0,63.5,0.0281428571428571,28.571428571428573,1.1914285714285715,0.0,16.72857142857143,261.2857142857143,1020.6428571428572,53.114285714285714,21.87142857142857,736
1.1428571428571428,-3.857142857142857,-1.6142857142857143,-1.757142857142857,-8.257142857142856,-5.428571428571429,86.21428571428571,0.5615714285714286,100.0,7.74,1.1333333333333333,18.057142857142857,203.58571428571423,1021.3166666666666,40.114285714285714,12.885714285714286,1075
23.585714285714285,12.728571428571428,18.185714285714287,23.585714285714285,12.62857142857143,18.17142857142857,69.41428571428571,0.6241428571428571,42.85714285714285,2.975714285714285,0.0,20.042857142857144,180.8571428571429,1016.842857142857,63.6,18.785714285714285,765
26.214285714285715,14.157142857142857,20.014285714285712,25.957142857142856,14.157142857142857,20.0,64.54285714285714,0.0647142857142857,14.285714285714286,0.5957142857142858,0.0,17.7,179.72857142857143,1021.2571428571428,45.18571428571429,19.985714285714288,770
7.871428571428572,2.571428571428572,5.342857142857143,5.442857142857143,-1.2857142857142858,1.9714285714285715,88.08571428571429,0.2975714285714286,57.142857142857146,2.9771428571428573,0.0,25.77142857142857,217.3142857142857,1023.7285714285716,75.07142857142857,10.085714285714284,895
6.8,2.1,4.585714285714286,4.328571428571428,-2.1142857142857143,1.457142857142857,85.42857142857143,1.805,85.71428571428571,6.545714285714285,4.966666666666667,32.84285714285714,222.2142857142857,1000.1142857142858,84.02857142857144,19.514285714285712,1052
8.957142857142857,3.728571428571428,6.242857142857143,5.842857142857143,-0.7999999999999999,2.357142857142857,84.25714285714285,0.715,57.142857142857146,2.382857142857143,0.0,34.27142857142857,238.3857142857143,1021.3571428571428,67.61428571428571,17.314285714285713,957
18.87142857142857,10.828571428571427,14.55714285714286,18.87142857142857,10.828571428571427,14.55714285714286,84.11428571428571,1.691,100.0,9.524285714285714,0.0,17.685714285714287,216.9142857142857,1012.6,60.82857142857143,13.457142857142856,667
18.214285714285715,11.9,14.714285714285714,18.214285714285715,11.685714285714283,14.685714285714283,77.17142857142858,0.15,57.142857142857146,2.9771428571428573,0.0,16.0,147.77142857142857,1026.5285714285717,86.89999999999999,21.17142857142857,735
20.414285714285715,9.642857142857142,14.6,20.414285714285715,8.142857142857142,14.328571428571427,76.95714285714287,0.516,14.285714285714286,0.5957142857142858,0.0,22.414285714285715,29.77142857142857,1024.1142857142856,46.871428571428574,14.4,821
6.971428571428571,0.2571428571428572,3.314285714285714,4.185714285714286,-3.185714285714286,0.0714285714285713,73.48571428571428,0.7424285714285714,85.71428571428571,5.357142857142857,1.2,23.357142857142858,265.25714285714287,1010.9857142857144,66.52857142857144,22.1,864
17.942857142857143,9.671428571428573,13.757142857142856,17.942857142857143,8.857142857142858,13.657142857142857,79.60000000000001,1.6665714285714284,42.85714285714285,2.381428571428572,0.0,21.314285714285717,215.28571428571428,1019.3,53.457142857142856,21.942857142857143,761
17.3,8.828571428571427,13.0,17.3,6.8,12.614285714285714,74.54285714285713,1.8484285714285715,85.71428571428571,7.738571428571428,0.0,28.457142857142856,184.68571428571428,1012.3285714285714,67.12857142857142,18.714285714285715,831
9.37142857142857,3.8285714285714287,6.842857142857143,8.157142857142857,1.2571428571428571,4.957142857142857,76.87142857142858,0.0989999999999999,42.85714285714285,2.381428571428572,0.0,15.785714285714286,190.72857142857143,1019.2857142857144,82.62857142857142,18.17142857142857,942
6.1571428571428575,2.442857142857143,4.342857142857143,4.8,-1.3571428571428572,1.6,94.84285714285714,3.988428571428571,100.0,7.145714285714286,0.1428571428571428,20.857142857142858,157.78571428571428,1015.9857142857144,70.77142857142857,6.285714285714286,900
19.75714285714286,12.014285714285714,16.04285714285714,19.75714285714286,12.014285714285714,16.04285714285714,74.42857142857143,0.6474285714285715,42.85714285714285,2.975714285714285,0.0,21.11428571428572,228.3,1015.6714285714286,71.67142857142856,25.4,797
14.085714285714284,8.985714285714286,11.6,14.085714285714284,8.357142857142858,11.357142857142858,88.8,0.5158571428571428,100.0,4.17,0.0,19.957142857142856,173.37142857142857,1014.3285714285714,84.32857142857144,13.62857142857143,737
19.7,13.157142857142857,16.32857142857143,19.7,13.157142857142857,16.32857142857143,85.08571428571429,2.412,71.42857142857143,6.548571428571429,0.0,16.12857142857143,198.0,1014.2142857142856,84.98571428571428,14.314285714285717,689
7.071428571428571,1.9,4.0285714285714285,4.914285714285714,-1.5714285714285714,1.2857142857142858,90.77142857142856,0.443,71.42857142857143,5.951428571428571,0.0,18.885714285714283,231.68571428571428,1020.342857142857,52.285714285714285,16.8,970
4.542857142857143,0.4571428571428572,2.7285714285714286,2.457142857142857,-3.0,-0.1857142857142857,85.71428571428571,0.3588571428571429,85.71428571428571,5.952857142857143,1.8285714285714287,20.214285714285715,265.3,1022.2714285714284,61.62857142857143,15.685714285714283,944
22.185714285714287,12.985714285714286,17.3,22.24285714285714,12.914285714285716,17.314285714285713,77.48571428571428,4.147571428571428,57.142857142857146,2.9771428571428573,0.0,17.657142857142855,218.7,1019.2285714285716,64.54285714285714,15.714285714285714,713
20.185714285714287,12.242857142857144,15.685714285714283,20.185714285714287,12.242857142857144,15.685714285714283,71.65714285714286,0.0642857142857143,28.571428571428573,1.1914285714285715,0.0,19.0,205.95714285714288,1010.9,70.68571428571428,24.1,724
6.9,2.042857142857143,4.685714285714285,5.457142857142857,-0.6714285714285715,2.2142857142857144,86.92857142857143,0.3888571428571428,71.42857142857143,3.5728571428571425,0.0,19.62857142857143,211.52857142857144,1020.3714285714286,78.7,6.614285714285714,919
14.357142857142858,6.185714285714285,9.957142857142856,14.357142857142858,4.114285714285715,8.857142857142858,77.04285714285713,0.2858571428571428,42.85714285714285,1.7871428571428571,0.0,24.942857142857143,267.2714285714286,1029.6142857142856,75.60000000000001,12.642857142857142,820
9.671428571428573,4.385714285714286,6.9,9.142857142857142,2.128571428571429,5.485714285714287,81.52857142857142,0.0834285714285714,14.285714285714286,1.19,0.0,13.885714285714286,282.2142857142857,1028.571428571429,66.52857142857142,16.514285714285716,776
9.642857142857142,3.371428571428571,6.057142857142857,8.671428571428573,0.1428571428571428,3.8857142857142857,80.35714285714286,0.8252857142857143,57.142857142857146,2.9771428571428573,0.0,23.314285714285717,275.9857142857143,1008.9428571428572,59.71428571428572,18.914285714285715,775
14.742857142857144,7.557142857142857,11.2,14.742857142857144,5.242857142857143,10.385714285714286,80.55714285714285,0.7030000000000001,85.71428571428571,4.762857142857143,0.0,27.17142857142857,244.42857142857144,1011.6857142857144,72.62857142857142,16.442857142857143,805
9.028571428571428,3.9,6.714285714285714,7.771428571428571,1.5,4.571428571428571,91.71428571428572,5.107857142857143,100.0,10.118571428571428,0.0714285714285714,23.285714285714285,211.32857142857145,1001.1428571428572,54.9,19.1,973
9.785714285714286,3.071428571428572,6.714285714285714,9.657142857142857,-0.0142857142857142,4.571428571428571,78.28571428571429,0.8347142857142857,71.42857142857143,4.167142857142857,0.0,27.571428571428573,178.15714285714284,1023.8714285714284,73.67142857142858,20.828571428571426,892
7.6,3.814285714285714,5.785714285714286,5.171428571428572,0.6285714285714287,2.7142857142857144,87.08571428571429,1.0055714285714286,57.142857142857146,4.76,0.0,28.985714285714288,187.1,998.5,79.85714285714286,16.17142857142857,1035
15.742857142857142,7.371428571428572,11.185714285714283,15.742857142857142,5.557142857142857,10.44285714285714,79.75714285714285,0.5572857142857143,71.42857142857143,3.5728571428571425,0.0,23.357142857142858,180.68571428571428,1003.4714285714286,53.52857142857143,20.414285714285715,836
7.085714285714286,2.185714285714286,4.371428571428571,4.785714285714286,-0.8285714285714286,1.6714285714285713,84.74285714285715,0.9662857142857144,100.0,10.714285714285714,0.1714285714285714,19.3,250.67142857142855,1009.2285714285716,64.04285714285714,30.542857142857144,942
23.24285714285714,13.528571428571428,17.82857142857143,23.27142857142857,13.528571428571428,17.82857142857143,73.05714285714285,0.0001428571428571,14.285714285714286,0.5957142857142858,0.0,20.571428571428573,201.7428571428572,1016.7285714285716,58.271428571428565,18.32857142857143,750
18.057142857142857,10.785714285714286,14.042857142857144,18.057142857142857,10.471428571428572,14.0,75.45714285714287,1.8267142857142853,57.142857142857146,3.571428571428572,0.0,22.7,212.07142857142856,1006.8571428571428,80.62857142857142,17.45714285714286,737
17.97142857142857,10.457142857142856,14.442857142857145,17.97142857142857,9.94285714285714,14.385714285714286,74.18571428571428,1.7057142857142855,85.71428571428571,6.547142857142857,0.0,26.257142857142856,208.55714285714288,1014.0142857142856,59.57142857142857,23.75714285714286,720
10.4,4.214285714285714,7.1000000000000005,9.085714285714284,0.6714285714285715,4.4,80.92857142857143,0.0005714285714285,14.285714285714286,0.5957142857142858,0.0,25.457142857142856,236.32857142857145,1027.142857142857,61.35714285714285,13.285714285714286,921
6.857142857142857,1.8,4.342857142857143,2.8000000000000003,-3.2285714285714286,-0.1428571428571428,80.5,1.22,85.71428571428571,6.545714285714285,0.0,38.85714285714285,229.5142857142857,987.5285714285714,70.12857142857143,24.8,879
18.75714285714286,11.757142857142856,15.05714285714286,18.75714285714286,11.757142857142856,15.05714285714286,79.45714285714287,2.3481428571428573,85.71428571428571,9.524285714285714,0.0,24.285714285714285,261.6,1011.5857142857144,51.971428571428575,16.942857142857143,750
17.5,9.957142857142856,13.585714285714284,17.5,9.514285714285714,13.528571428571428,81.28571428571429,1.2591428571428571,85.71428571428571,5.951428571428571,0.0,26.942857142857143,241.62857142857143,1004.4857142857144,72.81428571428572,22.985714285714288,686
14.642857142857142,9.885714285714286,12.328571428571427,14.642857142857142,8.6,11.742857142857144,85.7,1.0711428571428572,100.0,9.524285714285714,0.0,25.414285714285715,193.67142857142855,1003.5857142857144,55.114285714285714,18.37142857142857,765
14.385714285714286,9.271428571428572,11.414285714285716,14.385714285714286,8.357142857142858,11.142857142857142,81.47142857142856,0.9481428571428572,42.85714285714285,2.381428571428572,0.0,19.24285714285714,180.94285714285712,1018.6285714285714,85.47142857142856,15.585714285714287,738
11.042857142857144,5.471428571428571,8.314285714285715,10.014285714285714,2.414285714285714,5.957142857142857,77.02857142857144,0.615857142857143,28.571428571428573,1.7857142857142858,0.0,31.557142857142857,233.78571428571428,1017.0285714285714,72.4,28.17142857142857,857
15.528571428571428,8.142857142857142,11.714285714285714,15.528571428571428,5.728571428571429,10.928571428571429,74.8,3.826,57.142857142857146,3.571428571428572,0.0,29.014285714285712,195.97142857142856,1013.9857142857144,68.25714285714285,23.442857142857143,761
15.4,9.657142857142857,12.457142857142856,15.4,9.242857142857144,12.357142857142858,82.72857142857143,1.135142857142857,85.71428571428571,5.357142857142857,0.0,24.2,243.62857142857143,1012.6142857142858,82.51428571428572,17.442857142857143,803
17.32857142857143,9.671428571428573,13.242857142857144,17.32857142857143,9.05714285714286,13.114285714285714,79.64285714285714,1.3212857142857144,85.71428571428571,8.927142857142858,0.0,17.985714285714288,180.97142857142856,1016.6857142857144,75.62857142857142,11.614285714285714,773
16.4,9.228571428571428,12.914285714285716,16.4,8.071428571428571,12.671428571428573,80.51428571428572,0.9438571428571428,85.71428571428571,7.7371428571428575,0.0,21.37142857142857,239.77142857142857,1011.1857142857144,55.3,23.071428571428573,749
11.757142857142856,4.514285714285714,7.985714285714286,11.214285714285714,1.5714285714285714,6.085714285714286,76.5,0.2941428571428571,71.42857142857143,2.9785714285714286,0.0,28.685714285714287,244.3142857142857,1014.6428571428572,71.01428571428572,20.485714285714288,790
12.6,4.671428571428572,8.671428571428573,11.9,2.1714285714285717,7.071428571428571,81.94285714285715,1.2014285714285715,42.85714285714285,2.975714285714285,0.0,24.04285714285714,209.3428571428572,1012.6142857142858,79.92857142857143,9.5,887
5.285714285714286,2.3857142857142857,3.5857142857142854,3.057142857142857,-1.4142857142857144,0.6428571428571429,90.78571428571428,0.9588571428571429,85.71428571428571,7.738571428571428,0.0714285714285714,18.557142857142857,145.74285714285716,1017.5714285714286,70.88571428571429,9.342857142857143,1156
8.971428571428572,3.642857142857143,6.0,6.542857142857143,-0.5714285714285714,2.942857142857143,85.24285714285715,0.3228571428571428,85.71428571428571,5.357142857142857,0.0,27.3,192.8428571428572,1008.0285714285714,72.71428571428571,15.27142857142857,991
13.614285714285714,6.942857142857143,10.285714285714286,13.614285714285714,5.171428571428572,9.514285714285714,81.5,1.1604285714285714,71.42857142857143,7.740000000000001,0.0,21.02857142857143,236.64285714285717,1015.4571428571428,72.85714285714286,23.428571428571427,772
7.442857142857143,2.0,4.828571428571429,6.1571428571428575,-1.1285714285714286,1.9142857142857144,83.3,1.403857142857143,100.0,4.764285714285714,0.0,29.385714285714283,215.9857142857143,1006.8142857142856,64.95714285714286,18.571428571428573,891
23.4,13.471428571428572,18.357142857142858,23.4,13.37142857142857,18.342857142857145,69.75714285714285,0.8231428571428571,85.71428571428571,6.548571428571429,0.0,16.085714285714285,175.68571428571428,1013.657142857143,50.68571428571429,18.928571428571427,754
12.728571428571428,4.885714285714286,8.757142857142856,12.728571428571428,1.8571428571428568,7.0,77.14285714285714,0.7344285714285714,57.142857142857146,2.9771428571428573,0.0,29.842857142857145,216.57142857142856,1025.6857142857143,68.45714285714286,19.02857142857143,812
10.928571428571429,5.942857142857143,7.957142857142857,9.385714285714286,2.642857142857143,5.628571428571428,88.62857142857142,4.093,85.71428571428571,10.12,0.0,28.7,39.4,1015.342857142857,70.68571428571428,16.400000000000002,815
8.12857142857143,2.5,5.528571428571429,6.1571428571428575,-0.7714285714285714,2.5285714285714285,86.7,0.5158571428571428,71.42857142857143,4.167142857142857,0.0,27.342857142857145,268.7142857142857,1017.6,76.31428571428572,10.428571428571429,1028
12.342857142857143,5.371428571428572,8.9,12.271428571428572,3.928571428571429,7.928571428571429,90.07142857142857,2.722142857142857,100.0,9.524285714285714,0.1714285714285714,18.114285714285717,219.6,1001.1142857142858,50.52857142857143,22.27142857142857,818
9.242857142857144,3.7857142857142856,6.4,7.357142857142857,1.1714285714285713,3.928571428571429,86.97142857142856,1.3001428571428573,100.0,5.3585714285714285,0.0,26.785714285714285,126.58571428571427,1003.5,79.18571428571428,12.828571428571427,977
13.228571428571428,7.985714285714286,10.4,13.228571428571428,6.514285714285714,9.771428571428572,90.72857142857144,3.957428571428572,100.0,9.525714285714288,3.5,20.5,204.08571428571432,1005.1142857142858,69.97142857142858,9.885714285714286,795
8.571428571428571,3.685714285714286,5.985714285714286,6.185714285714285,0.357142857142857,2.6142857142857143,83.65714285714286,0.3318571428571428,57.142857142857146,3.571428571428572,0.0,34.27142857142857,181.27142857142857,1000.3285714285714,70.98571428571428,15.585714285714284,1552
11.0,5.828571428571428,8.885714285714286,10.55714285714286,4.042857142857143,7.714285714285714,86.24285714285715,0.2928571428571428,100.0,10.714285714285714,0.0,17.7,305.15714285714284,1019.7428571428572,55.471428571428575,15.028571428571428,768
9.414285714285716,3.2,5.985714285714286,7.671428571428572,-0.3714285714285714,3.085714285714286,77.11428571428571,0.4977142857142857,71.42857142857143,8.334285714285715,0.0,30.88571428571429,259.3428571428572,1013.1285714285716,45.0,22.914285714285715,756
20.957142857142856,12.0,16.271428571428572,20.957142857142856,11.928571428571429,16.257142857142856,70.52857142857142,0.7258571428571428,71.42857142857143,5.357142857142857,0.0,20.0,176.77142857142857,1012.9142857142856,71.34285714285714,24.014285714285712,772
15.242857142857144,10.328571428571427,12.828571428571433,15.242857142857144,9.514285714285714,12.528571428571428,86.07142857142857,0.3722857142857143,71.42857142857143,5.952857142857143,0.0,19.857142857142858,179.02857142857144,1015.3142857142856,74.38571428571429,18.857142857142858,820
19.557142857142857,11.928571428571429,15.642857142857142,19.557142857142857,11.62857142857143,15.614285714285714,80.35714285714286,0.304,57.142857142857146,6.548571428571429,0.0,18.014285714285712,219.9142857142857,1017.2714285714284,63.3,23.071428571428573,795
25.62857142857143,13.457142857142856,19.52857142857143,25.11428571428572,13.457142857142856,19.414285714285715,60.01428571428572,0.1375714285714286,28.571428571428573,1.7857142857142858,0.0,17.571428571428573,247.42857142857144,1018.2,63.25714285714286,20.728571428571428,813
22.071428571428573,12.05714285714286,17.157142857142855,22.071428571428573,12.05714285714286,17.157142857142855,78.72857142857143,3.455714285714285,42.85714285714285,2.975714285714285,0.0,14.828571428571427,118.0,1013.8714285714286,64.51428571428572,8.942857142857143,806
10.142857142857142,5.371428571428572,7.8428571428571425,9.357142857142858,1.9428571428571428,5.528571428571429,82.07142857142857,0.749,71.42857142857143,3.5728571428571425,0.0,30.457142857142856,249.8571428571429,1019.5285714285714,76.02857142857144,19.87142857142857,966
17.942857142857143,10.457142857142856,13.671428571428573,17.942857142857143,9.842857142857143,13.542857142857144,82.58571428571429,0.7874285714285714,85.71428571428571,6.547142857142857,0.0,30.27142857142857,210.05714285714288,1009.0714285714286,73.81428571428572,24.057142857142857,763
20.15714285714285,12.114285714285714,15.857142857142858,20.15714285714285,12.042857142857144,15.857142857142858,70.44285714285715,0.1948571428571428,14.285714285714286,1.19,0.0,22.057142857142853,260.8428571428572,1014.8714285714286,69.0,21.1,706
5.185714285714285,0.2571428571428572,2.557142857142857,0.2714285714285713,-5.171428571428572,-2.657142857142857,78.37142857142858,0.7795714285714286,100.0,5.952857142857143,0.0,38.01428571428572,68.38571428571429,1025.071428571429,77.44285714285715,14.7,808
13.9,6.571428571428571,9.971428571428572,13.62857142857143,4.385714285714286,8.8,81.32857142857142,4.561571428571429,85.71428571428571,11.31,0.0,19.62857142857143,106.02857142857142,1007.0,49.771428571428565,18.914285714285715,794
19.65714285714285,11.014285714285714,15.285714285714286,19.65714285714285,10.485714285714286,15.228571428571428,71.41428571428571,0.2724285714285714,85.71428571428571,6.547142857142857,0.0,16.685714285714287,229.9142857142857,1012.7857142857144,51.6,27.65714285714285,648
20.442857142857143,10.5,15.37142857142857,20.442857142857143,10.5,15.37142857142857,72.5,0.0489999999999999,57.142857142857146,2.9771428571428573,0.0,14.857142857142858,200.44285714285712,1013.9285714285714,65.0,18.37142857142857,763
4.371428571428572,1.2714285714285716,2.8857142857142857,1.7142857142857142,-2.6714285714285717,-0.6714285714285715,89.91428571428571,0.5997142857142858,100.0,7.141428571428572,0.0,22.042857142857144,152.91428571428574,1029.8142857142857,84.78571428571429,7.514285714285713,861
8.357142857142858,2.4285714285714284,5.1571428571428575,6.214285714285714,-1.0285714285714287,2.2142857142857144,87.32857142857142,0.0,0.0,0.0,0.0,27.885714285714283,213.68571428571428,1008.3714285714286,57.5,14.542857142857144,1023
6.642857142857143,1.5285714285714285,4.071428571428571,3.628571428571429,-2.0,0.757142857142857,84.7,1.5185714285714285,85.71428571428571,8.332857142857142,1.0,24.97142857142857,252.0142857142857,1008.5714285714286,67.38571428571429,29.257142857142856,1063
11.571428571428571,4.471428571428572,7.828571428571428,10.814285714285717,1.6142857142857143,5.985714285714286,74.60000000000001,0.0968571428571428,42.85714285714285,2.381428571428572,0.0,22.02857142857143,246.55714285714288,1021.0285714285714,66.61428571428571,17.97142857142857,834
17.771428571428572,9.214285714285714,13.471428571428572,17.771428571428572,8.114285714285714,13.157142857142857,73.45714285714287,0.1034285714285714,42.85714285714285,2.975714285714285,0.0,16.4,226.6,1015.4857142857144,53.71428571428572,21.9,781
9.185714285714283,2.8000000000000003,6.128571428571428,7.957142857142857,-0.0285714285714286,4.257142857142857,88.41428571428571,0.5404285714285714,71.42857142857143,5.355714285714286,0.0,16.7,247.22857142857143,1030.5,72.42857142857143,14.671428571428573,782
12.757142857142856,5.471428571428571,9.2,12.314285714285717,3.642857142857143,8.0,80.5,3.2225714285714284,85.71428571428571,8.332857142857142,0.0,20.82857142857143,148.68571428571428,1011.0714285714286,58.71428571428572,27.485714285714288,791
10.742857142857144,6.728571428571429,8.8,9.714285714285714,4.614285714285714,7.1571428571428575,87.65714285714286,5.015857142857144,100.0,12.501428571428573,0.0,30.514285714285712,175.14285714285714,1012.5,71.0,15.842857142857143,927
7.1000000000000005,2.585714285714286,5.1571428571428575,4.5285714285714285,-2.271428571428572,1.5,77.14285714285714,1.4161428571428571,85.71428571428571,7.737142857142857,2.1,34.857142857142854,289.7714285714286,1018.3,63.5,28.24285714285714,884
5.771428571428571,0.5999999999999999,3.0285714285714285,2.9857142857142853,-3.557142857142857,-0.3714285714285714,89.2,0.6437142857142856,85.71428571428571,4.168571428571428,0.0,27.785714285714285,231.02857142857144,997.7428571428572,54.971428571428575,12.4,996
16.74285714285714,10.714285714285714,13.6,16.74285714285714,10.285714285714286,13.542857142857144,78.42857142857143,1.467142857142857,71.42857142857143,7.738571428571428,0.0,20.342857142857145,268.0571428571428,1018.9714285714284,73.44285714285715,21.071428571428573,691
16.214285714285715,4.828571428571428,9.971428571428572,16.214285714285715,2.628571428571429,8.942857142857143,82.65714285714286,1.6254285714285714,71.42857142857143,5.357142857142857,0.0,23.32857142857143,43.12857142857143,1025.8857142857144,37.98571428571429,17.785714285714285,790
10.471428571428572,6.6571428571428575,8.814285714285715,9.671428571428573,3.985714285714285,6.8,86.44285714285715,0.1704285714285714,42.85714285714285,2.381428571428572,0.0,27.414285714285715,242.3,1019.9285714285714,79.42857142857143,16.099999999999998,863
10.0,5.114285714285714,7.671428571428572,8.542857142857143,1.5714285714285714,5.2,82.31428571428572,4.255285714285714,71.42857142857143,6.547142857142857,0.0,34.357142857142854,224.32857142857145,1009.0142857142856,55.971428571428575,21.814285714285717,846
5.742857142857143,0.6714285714285715,2.7,3.4285714285714284,-3.071428571428572,-0.3714285714285714,88.14285714285714,1.852285714285714,100.0,7.141428571428572,1.55,25.014285714285712,228.2,1009.3,68.21428571428571,13.414285714285716,831
14.728571428571428,8.214285714285714,11.2,14.728571428571428,6.914285714285714,10.8,83.21428571428571,0.0275714285714285,85.71428571428571,4.168571428571428,1.0,17.114285714285714,208.1,1025.7142857142858,64.74285714285715,13.757142857142856,794
14.242857142857144,9.242857142857144,11.671428571428573,14.242857142857144,7.899999999999999,11.185714285714283,84.71428571428571,1.805428571428572,85.71428571428571,8.332857142857142,0.0,23.32857142857143,211.54285714285717,1007.3857142857142,68.7,20.642857142857142,891
13.928571428571429,8.685714285714285,11.314285714285717,13.928571428571429,7.428571428571429,11.014285714285714,90.84285714285714,3.674285714285715,100.0,11.31,0.0,19.428571428571427,80.07142857142857,1016.7857142857144,84.17142857142858,11.685714285714283,745
24.928571428571427,15.4,19.77142857142857,24.9,15.4,19.785714285714285,78.28571428571429,1.7395714285714283,71.42857142857143,5.357142857142857,0.0,15.385714285714286,121.84285714285714,1017.8714285714286,48.55714285714286,12.642857142857142,666
25.642857142857142,12.071428571428571,18.914285714285715,25.385714285714283,12.0,18.87142857142857,61.57142857142857,0.0,0.0,0.0,0.0,19.7,136.81428571428572,1018.0714285714286,33.871428571428574,45.4,773
20.014285714285712,7.828571428571428,14.071428571428571,20.014285714285712,7.271428571428571,13.771428571428572,69.65714285714286,0.0,0.0,0.0,0.0,14.72857142857143,175.94285714285712,1023.1142857142858,66.77142857142857,7.399999999999999,825
12.114285714285714,7.071428571428571,9.642857142857142,12.114285714285714,5.428571428571429,8.957142857142857,90.85714285714286,1.2911428571428571,57.142857142857146,2.9771428571428573,0.0,25.714285714285715,216.2,1003.842857142857,81.97142857142858,11.042857142857144,776
5.185714285714285,1.2285714285714284,3.1714285714285717,3.5285714285714285,-1.5285714285714285,0.9857142857142858,93.0,1.0915714285714286,85.71428571428571,5.951428571428571,0.0,16.95714285714286,96.18571428571428,1019.7714285714284,90.91428571428573,5.985714285714286,1083
9.757142857142856,3.5857142857142854,6.485714285714286,8.642857142857142,0.0714285714285714,3.742857142857143,76.68571428571428,0.651,71.42857142857143,4.167142857142857,0.0,33.3,223.57142857142856,1014.3571428571428,50.08571428571429,18.514285714285712,1066
10.37142857142857,4.828571428571428,7.771428571428571,9.642857142857142,2.0428571428571427,5.857142857142857,87.04285714285713,0.5417142857142857,71.42857142857143,3.5728571428571425,0.0,31.514285714285712,216.0,1020.1714285714286,80.71428571428571,12.185714285714283,759
17.585714285714285,11.428571428571429,14.271428571428572,17.585714285714285,11.428571428571429,14.271428571428572,81.27142857142857,1.6635714285714285,71.42857142857143,4.762857142857143,0.0,20.62857142857143,106.11428571428571,1016.2,82.78571428571429,15.014285714285714,726
8.642857142857142,3.742857142857143,5.928571428571429,6.528571428571429,0.3428571428571429,3.1714285714285717,84.31428571428572,1.4505714285714286,100.0,10.12,0.0,25.014285714285712,237.3857142857143,1012.7428571428572,58.471428571428575,20.042857142857144,832
11.342857142857143,4.128571428571428,7.614285714285714,10.37142857142857,1.542857142857143,5.885714285714286,74.07142857142857,0.0972857142857142,42.85714285714285,2.975714285714285,0.0,21.7,176.44285714285712,1013.842857142857,80.21428571428571,16.95714285714286,877
7.399999999999999,3.0857142857142854,5.3,6.085714285714286,-0.3285714285714285,3.157142857142857,87.94285714285715,0.1425714285714285,28.571428571428573,1.1914285714285715,0.0,21.428571428571427,245.95714285714288,1030.7714285714285,85.11428571428571,10.514285714285714,891
7.728571428571429,3.3000000000000003,5.414285714285714,5.2,-0.2142857142857142,2.3428571428571425,89.0,3.163,100.0,7.141428571428572,0.0,30.97142857142857,211.7428571428572,999.8857142857142,69.05714285714285,17.342857142857145,986
8.042857142857143,3.6571428571428575,5.799999999999999,6.571428571428571,0.6428571428571429,3.2142857142857144,90.0,0.2174285714285714,85.71428571428571,4.168571428571428,0.0,20.7,128.9,1014.1142857142858,63.885714285714286,8.785714285714286,880
20.97142857142857,13.214285714285714,16.842857142857145,20.97142857142857,13.214285714285714,16.842857142857145,74.60000000000001,0.7337142857142857,71.42857142857143,3.5728571428571425,0.0,20.457142857142856,231.08571428571423,1016.0142857142856,57.68571428571429,26.87142857142857,708
17.014285714285712,11.642857142857142,14.171428571428573,17.014285714285712,11.3,14.114285714285714,85.95714285714287,1.7968571428571427,71.42857142857143,4.168571428571428,0.0,26.942857142857143,213.78571428571428,1015.9571428571428,77.32857142857142,16.914285714285715,744
15.385714285714286,8.185714285714285,12.228571428571428,15.385714285714286,6.557142857142857,11.87142857142857,80.95714285714287,1.505857142857143,71.42857142857143,4.167142857142857,0.0,25.67142857142857,225.97142857142856,1010.4571428571428,73.82857142857142,21.77142857142857,785
8.371428571428572,2.6142857142857143,5.7,5.857142857142857,-1.1,2.442857142857143,77.01428571428572,0.6994285714285714,100.0,5.952857142857143,0.0,32.57142857142857,223.78571428571428,1006.2,67.15714285714286,27.75714285714286,872
16.142857142857142,8.914285714285715,12.428571428571429,16.142857142857142,8.1,12.228571428571428,83.7,2.887285714285714,100.0,10.118571428571428,0.0,15.1,258.4714285714286,1017.5285714285714,66.17142857142856,21.6,717
10.55714285714286,5.7,8.157142857142857,10.185714285714283,3.628571428571429,6.585714285714286,84.37142857142858,1.951857142857143,71.42857142857143,7.737142857142857,0.0,27.24285714285714,187.44285714285712,1012.8714285714286,71.05714285714285,17.785714285714285,851
16.928571428571427,5.7,10.985714285714286,16.928571428571427,3.271428571428572,9.857142857142858,62.6,0.0032857142857142,28.571428571428573,1.1914285714285715,0.0,26.3,94.32857142857142,1016.9,28.17142857142857,21.0,785
19.542857142857144,11.271428571428572,15.285714285714286,19.542857142857144,10.842857142857143,15.214285714285714,70.51428571428572,1.4321428571428572,57.142857142857146,4.762857142857143,0.0,20.185714285714287,230.97142857142856,1014.7428571428572,61.42857142857143,19.585714285714285,792
17.071428571428573,10.428571428571429,13.471428571428572,17.071428571428573,9.957142857142856,13.37142857142857,77.64285714285714,0.0,0.0,0.0,0.0,18.071428571428573,262.2,1005.4857142857144,71.27142857142857,19.2,724
17.4,9.014285714285714,13.414285714285716,17.4,8.6,13.271428571428572,84.2,1.7922857142857145,71.42857142857143,7.738571428571428,0.0,16.842857142857145,241.2571428571429,1015.7285714285716,62.142857142857146,20.585714285714285,733
10.428571428571429,5.942857142857143,8.185714285714287,9.257142857142856,2.457142857142857,5.885714285714286,88.02857142857144,0.803,57.142857142857146,3.571428571428572,0.0,32.5,234.2428571428572,1019.3857142857142,71.4,18.914285714285715,931
15.357142857142858,8.757142857142856,11.914285714285716,15.357142857142858,7.057142857142858,11.385714285714286,83.75714285714285,1.5431428571428574,85.71428571428571,4.762857142857143,0.0,25.057142857142857,231.8428571428572,1011.9428571428572,63.8,17.842857142857145,722
5.885714285714286,-0.7857142857142857,2.4857142857142853,4.4,-3.2142857142857144,0.3,83.82857142857142,0.7837142857142857,85.71428571428571,5.952857142857143,0.0571428571428571,14.028571428571428,291.7,1024.642857142857,50.54285714285714,9.385714285714286,831
6.871428571428572,2.614285714285714,4.628571428571428,5.071428571428571,-1.0857142857142856,1.6857142857142855,87.02857142857144,1.637285714285714,85.71428571428571,5.357142857142857,0.0,32.542857142857144,162.81428571428572,1001.2714285714284,78.78571428571429,13.814285714285717,915
10.228571428571428,2.9285714285714284,6.371428571428572,9.1,-0.0714285714285713,4.085714285714286,73.32857142857142,1.2302857142857142,100.0,7.74,0.0,23.77142857142857,285.3428571428572,1011.0571428571428,47.771428571428565,21.87142857142857,891
20.542857142857144,9.485714285714286,15.05714285714286,20.542857142857144,8.685714285714285,14.814285714285711,69.01428571428572,0.0152857142857142,28.571428571428573,1.1914285714285715,0.0,21.342857142857145,214.94285714285712,1018.9857142857144,49.15714285714286,21.74285714285714,765
20.9,13.157142857142857,17.12857142857143,20.9,13.157142857142857,17.12857142857143,74.42857142857143,0.0165714285714285,14.285714285714286,1.19,0.0,17.5,257.8285714285715,1019.4,68.38571428571429,19.3,823
10.9,5.942857142857143,8.314285714285715,9.528571428571428,2.7,5.985714285714286,84.67142857142858,3.857857142857143,100.0,9.522857142857143,0.1142857142857143,29.6,247.5142857142857,998.3285714285714,54.285714285714285,24.5,859
21.74285714285714,11.985714285714286,17.0,21.74285714285714,11.985714285714286,17.0,70.27142857142857,0.072,57.142857142857146,3.571428571428572,0.0,13.9,260.0857142857143,1022.2,57.82857142857143,20.62857142857143,734
20.5,12.385714285714286,16.04285714285714,20.5,12.157142857142857,16.0,78.02857142857144,4.299285714285714,71.42857142857143,4.167142857142857,0.0,23.0,169.17142857142858,1009.9714285714286,74.77142857142857,20.4,751
19.61428571428572,12.671428571428573,16.1,19.61428571428572,12.671428571428573,16.1,77.58571428571429,0.9827142857142857,71.42857142857143,3.5728571428571425,0.0,24.25714285714286,212.3142857142857,1013.6428571428572,76.34285714285714,15.985714285714284,769
21.928571428571427,11.685714285714283,16.385714285714286,21.814285714285717,11.685714285714283,16.371428571428574,71.57142857142857,0.5025714285714286,57.142857142857146,3.571428571428572,0.0,20.25714285714286,177.04285714285717,1015.3285714285714,68.91428571428571,21.74285714285714,731
10.94285714285714,5.085714285714286,7.971428571428571,9.585714285714284,2.442857142857143,6.057142857142857,85.48571428571428,1.925857142857143,57.142857142857146,4.1657142857142855,0.0,29.642857142857142,211.0142857142857,1008.657142857143,73.87142857142858,19.385714285714283,799
10.5,3.585714285714286,6.685714285714285,9.328571428571427,0.9714285714285714,4.6571428571428575,79.54285714285716,1.6272857142857142,85.71428571428571,6.545714285714285,0.0,22.61428571428571,218.92857142857144,1002.6142857142858,73.78571428571429,17.085714285714285,795
20.714285714285715,8.171428571428573,14.014285714285714,20.714285714285715,7.071428571428571,13.642857142857142,71.25714285714285,0.0,0.0,0.0,50.0,16.342857142857145,58.58571428571428,1025.9857142857145,28.62857142857143,15.014285714285714,742
20.457142857142856,13.2,16.771428571428572,20.457142857142856,13.114285714285714,16.771428571428572,73.98571428571428,0.8061428571428572,85.71428571428571,6.548571428571429,0.0,20.214285714285715,225.2,1014.842857142857,69.58571428571427,22.485714285714288,770
17.142857142857142,11.685714285714283,14.12857142857143,17.142857142857142,11.685714285714283,14.12857142857143,82.08571428571429,3.236428571428572,85.71428571428571,10.714285714285714,0.0,29.214285714285715,206.7428571428572,1002.6142857142858,57.457142857142856,22.37142857142857,746
19.75714285714286,11.828571428571427,15.885714285714286,19.75714285714286,11.642857142857142,15.857142857142858,68.64285714285714,0.4682857142857143,28.571428571428573,2.38,0.0,20.885714285714283,286.0285714285714,1019.9714285714286,57.01428571428572,24.285714285714285,736
9.542857142857144,2.8714285714285714,6.042857142857143,7.628571428571428,0.1571428571428572,3.4857142857142853,80.95714285714287,0.4277142857142856,57.142857142857146,2.9771428571428573,0.0,22.642857142857142,154.91428571428574,1016.4142857142856,69.62857142857142,7.285714285714286,922
20.857142857142858,11.814285714285717,16.599999999999998,20.857142857142858,11.657142857142857,16.585714285714285,70.2,0.0,0.0,0.0,0.0,14.0,276.37142857142857,1024.3857142857144,67.6,18.928571428571427,745
17.014285714285712,9.528571428571428,13.357142857142858,17.014285714285712,8.842857142857143,13.214285714285714,75.95714285714287,3.047,100.0,11.31,0.0,17.914285714285715,248.52857142857144,1009.0714285714286,70.24285714285715,23.6,719
12.428571428571429,7.771428571428571,9.971428571428572,12.428571428571429,5.642857142857143,9.114285714285714,85.22857142857143,1.9207142857142856,100.0,12.501428571428573,0.0,24.014285714285712,237.67142857142855,1012.3285714285714,77.78571428571429,16.642857142857142,728
11.242857142857144,5.185714285714285,8.0,10.014285714285714,2.742857142857143,6.328571428571428,76.87142857142858,0.5605714285714285,57.142857142857146,2.9771428571428573,0.0,25.342857142857145,251.2142857142857,1013.2142857142856,71.68571428571428,17.314285714285713,851
7.557142857142857,2.2142857142857144,5.271428571428571,4.242857142857143,-2.685714285714286,1.0714285714285714,79.07142857142857,0.74,71.42857142857143,5.357142857142857,0.0,36.0,242.8428571428572,1000.342857142857,66.44285714285715,22.1,1082
16.928571428571427,9.357142857142858,13.142857142857142,16.928571428571427,8.7,13.042857142857144,80.17142857142858,1.1701428571428572,71.42857142857143,4.167142857142857,0.0,18.82857142857143,283.68571428571425,1016.5857142857144,74.61428571428571,18.65714285714285,727
7.514285714285714,2.3428571428571425,5.171428571428572,5.442857142857143,-0.4857142857142857,2.414285714285714,91.57142857142856,2.2105714285714284,100.0,11.308571428571428,0.0857142857142857,20.185714285714287,193.9,1001.0571428571428,62.44285714285714,18.77142857142857,824
21.857142857142858,14.94285714285714,18.1,21.857142857142858,14.94285714285714,18.1,80.5,4.508571428571428,85.71428571428571,10.715714285714286,0.0142857142857142,20.857142857142858,165.65714285714284,1015.3571428571428,66.88571428571429,18.4,807
12.7,8.657142857142857,10.485714285714286,12.685714285714283,8.128571428571428,10.242857142857144,98.7,1.3987142857142856,100.0,11.31,0.0,13.385714285714286,174.24285714285716,1017.9571428571428,72.95714285714286,5.471428571428571,839
17.742857142857144,8.757142857142856,13.414285714285716,17.742857142857144,7.942857142857142,13.114285714285714,72.45714285714287,0.0,0.0,0.0,0.0,26.27142857142857,214.47142857142856,1016.0714285714286,72.38571428571429,19.1,757
15.771428571428572,8.799999999999999,11.928571428571429,15.771428571428572,7.457142857142857,11.585714285714284,81.2,1.9142857142857144,100.0,13.691428571428572,0.0,25.442857142857143,262.5,999.3571428571428,59.42857142857143,28.17142857142857,747
16.142857142857142,8.628571428571428,12.228571428571428,16.142857142857142,7.057142857142857,11.785714285714286,73.3,0.2577142857142857,85.71428571428571,4.168571428571428,0.0,28.24285714285714,234.47142857142856,1004.342857142857,54.75714285714286,26.728571428571428,756
11.328571428571427,5.114285714285714,8.942857142857141,10.471428571428572,2.3000000000000003,7.271428571428571,86.3,0.8094285714285715,100.0,7.142857142857143,0.0,31.714285714285715,213.54285714285717,1015.1428571428572,70.37142857142858,20.057142857142857,969
17.67142857142857,10.142857142857142,13.94285714285714,17.67142857142857,9.728571428571428,13.9,74.94285714285715,0.0025714285714285,14.285714285714286,1.19,0.0,17.057142857142857,290.1714285714286,1029.314285714286,78.04285714285713,19.728571428571428,796
14.357142857142858,6.285714285714286,9.928571428571429,14.357142857142858,4.642857142857143,8.971428571428572,75.60000000000001,3.285142857142857,100.0,7.144285714285714,0.0,17.514285714285712,223.7,995.6,52.4,18.342857142857145,764
20.085714285714285,12.9,16.285714285714285,20.085714285714285,12.9,16.285714285714285,77.81428571428572,1.2312857142857143,85.71428571428571,5.951428571428571,0.0,20.571428571428573,230.52857142857144,1011.657142857143,71.7,22.585714285714285,738
11.614285714285714,5.371428571428572,8.542857142857143,11.542857142857144,3.057142857142857,7.271428571428572,71.57142857142857,0.2661428571428572,71.42857142857143,5.357142857142857,0.0,18.257142857142856,188.04285714285717,1028.0,75.74285714285715,25.071428571428573,787
12.785714285714286,6.857142857142857,9.685714285714283,12.142857142857142,4.342857142857143,8.200000000000001,87.17142857142858,1.6587142857142858,71.42857142857143,4.167142857142857,0.0,22.2,122.58571428571427,1005.9857142857144,90.21428571428572,8.942857142857143,905
14.985714285714286,9.671428571428573,12.257142857142856,14.985714285714286,9.085714285714284,11.957142857142856,89.57142857142857,2.145714285714285,85.71428571428571,7.142857142857143,0.0,20.185714285714287,182.1142857142857,1005.8285714285714,60.22857142857144,15.857142857142858,822
13.542857142857144,10.685714285714283,12.0,13.542857142857144,10.37142857142857,11.9,93.44285714285716,1.4037142857142857,71.42857142857143,3.5728571428571425,0.0,17.485714285714284,74.05714285714285,1017.6428571428572,93.74285714285716,3.814285714285714,790
12.428571428571429,5.928571428571429,9.0,12.357142857142858,3.457142857142857,7.771428571428571,85.25714285714285,1.375857142857143,71.42857142857143,4.167142857142857,0.0,26.585714285714285,161.21428571428572,1005.0428571428572,72.3,16.97142857142857,838
17.8,11.171428571428573,14.171428571428573,17.8,10.685714285714283,14.12857142857143,74.47142857142856,0.8897142857142857,71.42857142857143,2.9785714285714286,0.0,25.428571428571427,223.95714285714288,1013.657142857143,80.75714285714285,26.02857142857143,738
9.928571428571429,2.071428571428572,6.114285714285714,8.72857142857143,-1.0,3.571428571428572,80.72857142857143,0.3437142857142857,71.42857142857143,4.167142857142857,0.0,27.6,233.0,997.9571428571428,67.42857142857143,20.071428571428573,856
8.757142857142856,3.7285714285714286,6.571428571428571,7.514285714285714,0.1285714285714286,3.971428571428572,84.81428571428572,0.0,0.0,0.0,0.0,31.9,221.42857142857144,1000.5714285714286,75.18571428571428,14.4,1502
15.05714285714286,7.642857142857143,11.242857142857144,15.05714285714286,5.114285714285714,10.385714285714286,76.14285714285714,1.3882857142857143,100.0,13.095714285714283,0.0,30.214285714285715,216.15714285714284,1007.342857142857,60.07142857142857,24.37142857142857,726
14.457142857142856,7.685714285714285,10.814285714285717,14.457142857142856,5.2,9.928571428571429,75.74285714285715,0.0,0.0,0.0,0.0,27.1,243.8571428571429,1022.4857142857144,65.55714285714285,17.085714285714285,856
20.62857142857143,9.928571428571429,15.2,20.62857142857143,9.671428571428573,15.114285714285714,69.15714285714286,0.015,14.285714285714286,1.7857142857142858,0.0,16.485714285714288,200.47142857142856,1021.157142857143,55.21428571428572,15.314285714285717,735
7.242857142857143,2.0285714285714285,4.771428571428571,5.585714285714286,-1.6714285714285713,1.942857142857143,82.85714285714286,0.7842857142857144,85.71428571428571,5.952857142857143,0.0,25.557142857142857,224.37142857142857,1009.4285714285714,53.48571428571428,16.614285714285714,899
22.514285714285712,11.771428571428572,17.185714285714287,22.514285714285712,11.771428571428572,17.185714285714287,72.34285714285714,0.588,42.85714285714285,1.7871428571428571,0.0,15.528571428571428,136.15714285714287,1020.342857142857,59.2,16.82857142857143,716
7.914285714285714,0.4714285714285714,3.7714285714285714,5.642857142857143,-3.1142857142857143,1.0142857142857142,82.45714285714287,0.3355714285714285,85.71428571428571,5.357142857142857,2.35,22.82857142857143,264.81428571428575,999.7142857142856,65.3,15.285714285714286,825
14.028571428571428,8.357142857142858,11.114285714285714,14.028571428571428,6.571428571428571,10.685714285714283,77.85714285714286,0.1974285714285714,28.571428571428573,1.1914285714285715,0.0,25.985714285714288,217.4857142857143,1008.2571428571428,87.39999999999999,21.5,894
13.657142857142857,6.757142857142857,10.414285714285716,13.657142857142857,4.414285714285715,9.271428571428572,74.97142857142856,1.3188571428571427,57.142857142857146,4.762857142857143,0.0,26.185714285714287,279.1428571428572,1010.5285714285714,61.3,30.357142857142858,807
18.942857142857143,11.928571428571429,15.328571428571427,18.942857142857143,11.44285714285714,15.271428571428572,79.14285714285714,3.338285714285714,100.0,11.905714285714286,0.0,20.65714285714285,244.27142857142857,1014.3285714285714,75.88571428571427,24.914285714285715,745
4.828571428571428,0.9000000000000001,2.642857142857143,1.4,-2.8285714285714287,-1.0714285714285714,82.39999999999999,0.0437142857142857,71.42857142857143,4.167142857142857,0.0,21.65714285714285,27.357142857142858,1030.8857142857144,75.34285714285714,14.657142857142857,949
18.457142857142856,12.142857142857142,15.028571428571428,18.457142857142856,12.142857142857142,15.028571428571428,79.58571428571429,1.583,100.0,10.118571428571428,0.0,15.042857142857144,152.87142857142857,1014.0142857142856,87.64285714285714,10.671428571428573,717
20.47142857142857,11.585714285714284,16.157142857142855,20.47142857142857,11.414285714285716,16.12857142857143,70.92857142857143,0.6108571428571429,85.71428571428571,8.931428571428572,0.0,20.6,230.72857142857143,1015.3,60.785714285714285,22.32857142857143,706
21.6,11.6,16.771428571428572,21.65714285714285,11.314285714285717,16.771428571428572,78.78571428571429,2.4247142857142854,28.571428571428573,2.38,0.0,20.52857142857143,118.88571428571429,1022.2142857142856,60.55714285714286,12.55714285714286,700
14.7,5.828571428571428,9.8,14.7,3.0,8.5,78.60000000000001,0.947,57.142857142857146,5.358571428571429,0.0,23.75714285714286,137.34285714285713,1011.4714285714286,59.457142857142856,12.028571428571428,823
5.2,1.7857142857142858,3.442857142857143,4.242857142857143,-1.1285714285714286,1.4571428571428569,92.38571428571429,1.1541428571428571,100.0,7.735714285714286,1.5,16.95714285714286,96.6,1022.7285714285716,91.14285714285714,6.542857142857143,971
19.6,11.728571428571428,15.271428571428572,19.6,11.6,15.257142857142858,87.04285714285713,0.3064285714285714,28.571428571428573,1.7857142857142858,0.0,17.114285714285714,155.27142857142857,1014.9428571428572,80.65714285714286,9.228571428571428,743
18.642857142857142,9.428571428571429,14.099999999999998,18.62857142857143,8.414285714285715,13.728571428571428,68.5,0.4177142857142857,42.85714285714285,1.7871428571428571,0.0,17.6,189.78571428571428,1016.7714285714284,39.92857142857143,19.27142857142857,727
13.457142857142856,4.014285714285714,8.742857142857144,12.642857142857142,0.7714285714285715,7.042857142857143,66.84285714285714,0.1522857142857143,28.571428571428573,1.1914285714285715,0.0,23.27142857142857,238.92857142857144,1020.0,67.45714285714286,21.75714285714286,836
8.22857142857143,3.971428571428572,5.771428571428571,7.571428571428571,0.3714285714285714,3.0857142857142854,87.21428571428571,0.8884285714285713,71.42857142857143,4.761428571428572,0.0,24.228571428571428,165.32857142857142,1011.7571428571428,86.81428571428572,17.3,918
21.97142857142857,14.285714285714286,17.857142857142858,21.97142857142857,14.285714285714286,17.857142857142858,76.8,0.7678571428571429,85.71428571428571,7.144285714285715,0.0,18.15714285714285,199.9,1013.8285714285714,61.3,15.87142857142857,684
23.814285714285717,15.685714285714283,18.957142857142856,23.885714285714283,15.685714285714283,18.97142857142857,87.31428571428572,6.386857142857143,57.142857142857146,2.9771428571428573,0.0,14.685714285714283,115.42857142857144,1012.842857142857,81.02857142857144,3.842857142857143,728
10.842857142857142,4.314285714285714,7.271428571428571,10.285714285714286,2.2,5.614285714285714,84.81428571428572,0.0,0.0,0.0,0.0,24.142857142857142,147.9,1005.5571428571428,82.57142857142857,11.571428571428571,789
9.528571428571428,4.614285714285714,7.2,8.128571428571428,0.9714285714285716,4.3,83.82857142857142,1.6575714285714285,85.71428571428571,5.951428571428571,0.0,27.757142857142856,244.8,988.6142857142858,65.7,23.842857142857145,783
6.442857142857143,2.557142857142857,4.514285714285714,4.342857142857143,-0.7714285714285715,1.9285714285714288,94.94285714285716,0.7432857142857143,71.42857142857143,3.5728571428571425,1.15,22.428571428571427,166.77142857142857,1018.4428571428572,76.02857142857144,4.042857142857143,1104
7.128571428571428,2.271428571428572,4.714285714285714,6.214285714285714,-0.7999999999999999,2.157142857142857,87.84285714285714,1.918,71.42857142857143,4.761428571428572,270.0,22.685714285714287,220.57142857142856,1004.9714285714286,88.17142857142858,14.842857142857143,836
16.814285714285713,11.3,14.071428571428571,16.814285714285713,11.042857142857144,14.028571428571428,82.27142857142857,3.5071428571428567,28.571428571428573,2.975714285714285,0.0,25.814285714285717,107.97142857142856,1008.4428571428572,76.14285714285714,17.87142857142857,783
20.7,12.042857142857144,15.828571428571433,20.7,11.857142857142858,15.8,82.94285714285715,1.4664285714285714,85.71428571428571,10.121428571428572,0.0,20.228571428571428,188.6,1013.7571428571428,60.0,18.385714285714283,730
17.442857142857143,11.842857142857143,14.471428571428572,17.442857142857143,11.842857142857143,14.471428571428572,81.67142857142858,6.643142857142856,71.42857142857143,7.738571428571428,0.0,17.942857142857143,231.07142857142856,1007.7142857142856,76.91428571428571,12.257142857142856,716
7.214285714285714,3.185714285714286,5.014285714285714,5.157142857142857,-0.1285714285714286,2.1714285714285717,91.24285714285716,2.151,100.0,11.311428571428571,0.0,20.6,139.3857142857143,1003.7285714285716,90.14285714285714,9.571428571428571,834
15.671428571428573,7.928571428571429,11.528571428571428,15.671428571428573,5.8,10.657142857142857,78.61428571428571,2.103,42.85714285714285,2.975714285714285,3.333333333333333,26.15714285714285,92.75714285714284,1013.9142857142856,79.31428571428572,11.985714285714286,759
16.771428571428572,7.171428571428571,11.957142857142856,16.742857142857144,5.514285714285714,11.214285714285714,73.57142857142857,0.415,28.571428571428573,1.1914285714285715,0.0,22.6,217.5142857142857,1015.0857142857144,59.42857142857143,21.857142857142858,742
20.32857142857143,11.028571428571428,15.671428571428573,20.32857142857143,10.457142857142856,15.514285714285714,75.61428571428571,0.8175714285714285,42.85714285714285,2.381428571428572,0.0,19.014285714285712,250.65714285714284,1018.3714285714286,56.58571428571429,24.085714285714285,742
12.142857142857142,3.271428571428572,7.6,11.485714285714286,0.7000000000000001,5.814285714285714,74.08571428571429,0.6644285714285714,71.42857142857143,4.167142857142857,0.0,18.5,190.97142857142856,1012.3857142857142,62.5,17.0,867
18.314285714285717,6.828571428571428,12.4,18.314285714285717,5.328571428571428,11.771428571428572,68.72857142857143,2.6302857142857143,42.85714285714285,2.9771428571428573,0.0,21.02857142857143,113.98571428571428,1008.2428571428572,37.285714285714285,18.7,870
18.0,9.042857142857144,13.614285714285714,18.0,8.085714285714285,13.385714285714286,74.01428571428572,1.552,57.142857142857146,5.357142857142857,0.0,20.914285714285715,194.04285714285717,1020.657142857143,47.01428571428572,22.914285714285715,779
20.828571428571426,11.44285714285714,16.2,20.828571428571426,11.242857142857144,16.17142857142857,74.34285714285714,0.477,42.85714285714285,4.167142857142857,0.0,17.728571428571428,188.95714285714288,1019.0714285714286,35.75714285714286,19.97142857142857,720
9.957142857142856,3.357142857142857,6.271428571428571,8.842857142857143,-0.357142857142857,3.1142857142857143,71.65714285714286,0.7465714285714286,100.0,6.547142857142857,1.2,30.885714285714283,272.6,1014.1714285714286,49.92857142857143,25.37142857142857,813
22.514285714285712,12.4,17.185714285714287,22.52857142857143,12.4,17.2,72.31428571428572,0.3508571428571428,42.85714285714285,2.381428571428572,0.0,19.5,185.2428571428572,1018.2571428571428,52.31428571428571,20.37142857142857,762
13.714285714285714,8.185714285714285,10.814285714285717,13.714285714285714,6.371428571428572,10.185714285714283,75.34285714285714,0.0498571428571428,42.85714285714285,2.975714285714285,0.0,20.9,281.4428571428571,1017.3,91.07142857142856,19.557142857142857,775
13.342857142857142,5.3,9.257142857142856,12.728571428571428,2.771428571428572,7.714285714285714,80.55714285714285,0.8968571428571429,42.85714285714285,3.5700000000000003,0.0,22.142857142857142,90.75714285714284,1015.1428571428572,65.42857142857143,7.942857142857143,843
9.114285714285714,6.128571428571428,7.5,8.585714285714285,3.3714285714285714,5.842857142857143,87.94285714285715,0.2242857142857142,85.71428571428571,5.36,0.0,19.47142857142857,209.45714285714288,1031.8714285714286,70.21428571428571,16.914285714285715,1085
11.757142857142856,4.971428571428571,8.414285714285715,10.542857142857144,1.9714285714285715,6.357142857142857,74.21428571428571,1.4631428571428573,42.85714285714285,4.762857142857143,0.0,23.057142857142857,145.67142857142858,1012.1285714285714,68.71428571428571,42.44285714285714,844
13.228571428571428,4.914285714285714,9.014285714285714,13.228571428571428,2.8428571428571425,7.785714285714286,71.01428571428572,0.2901428571428571,85.71428571428571,7.74,0.0,21.5,221.2,1020.5714285714286,49.114285714285714,28.557142857142857,706
19.142857142857142,9.528571428571428,14.528571428571428,19.142857142857142,9.314285714285717,14.457142857142856,70.52857142857142,1.3412857142857144,42.85714285714285,2.381428571428572,0.0,20.0,199.3142857142857,1024.5428571428572,53.01428571428572,25.571428571428573,770
21.11428571428572,8.928571428571429,14.757142857142856,21.11428571428572,7.942857142857143,14.55714285714286,74.21428571428571,0.1148571428571428,57.142857142857146,2.9771428571428573,0.0,22.37142857142857,90.21428571428572,1020.8571428571428,40.9,12.071428571428571,730
6.5,1.6714285714285717,3.7857142857142856,3.4,-2.8714285714285714,-0.0857142857142857,88.89999999999999,3.007142857142857,85.71428571428571,6.545714285714285,1.5,28.214285714285715,77.2,1007.5142857142856,89.39999999999999,9.857142857142858,801
17.842857142857145,11.157142857142857,14.457142857142856,17.842857142857145,11.157142857142857,14.457142857142856,75.7,0.4961428571428571,57.142857142857146,2.382857142857143,0.0,23.27142857142857,232.2142857142857,1016.1285714285714,69.42857142857143,27.87142857142857,768
10.071428571428571,4.171428571428572,7.257142857142857,8.9,0.5285714285714286,4.785714285714286,84.14285714285714,0.0687142857142857,14.285714285714286,0.5957142857142858,0.0,34.2,244.94285714285712,1017.1428571428572,75.95714285714287,13.957142857142856,834
23.185714285714287,14.771428571428572,18.228571428571428,23.185714285714287,14.771428571428572,18.228571428571428,81.08571428571429,1.8857142857142857,57.142857142857146,4.761428571428572,0.0,14.985714285714286,136.61428571428573,1015.7285714285716,68.4,9.94285714285714,773
14.571428571428571,5.542857142857143,10.142857142857142,14.571428571428571,3.471428571428571,9.2,69.57142857142857,0.4234285714285714,42.85714285714285,3.571428571428572,0.0,20.7,190.32857142857145,1016.2428571428572,61.614285714285714,21.24285714285714,753
11.55714285714286,5.4,8.571428571428571,11.042857142857144,2.3000000000000003,6.971428571428571,83.82857142857142,3.555571428571429,100.0,11.904285714285717,0.0,31.914285714285715,222.4,1013.2285714285716,68.98571428571428,18.114285714285717,924
23.457142857142856,15.142857142857142,18.728571428571428,23.6,15.142857142857142,18.74285714285714,80.87142857142858,9.631285714285712,71.42857142857143,6.547142857142857,0.0,16.757142857142856,133.92857142857142,1016.4142857142856,70.8,17.12857142857143,681
21.7,7.042857142857143,14.328571428571433,21.7,5.814285714285714,13.971428571428572,71.0,0.0411428571428571,28.571428571428573,1.1914285714285715,0.0,16.814285714285713,123.12857142857142,1030.457142857143,24.11428571428572,12.585714285714284,779
12.8,5.0857142857142845,8.757142857142856,12.228571428571428,2.4428571428571426,7.385714285714286,74.95714285714287,0.6117142857142858,57.142857142857146,2.382857142857143,0.0,25.3,175.9857142857143,1015.6857142857144,79.98571428571428,13.642857142857142,816
13.6,6.842857142857143,9.62857142857143,13.214285714285714,4.157142857142857,8.185714285714285,90.42857142857144,0.0397142857142857,57.142857142857146,3.571428571428572,0.0,20.514285714285712,95.78571428571428,1009.9571428571428,78.68571428571428,5.2,793
9.342857142857143,3.928571428571429,6.957142857142857,8.585714285714285,1.1857142857142855,4.785714285714286,94.05714285714284,5.320714285714286,100.0,8.927142857142858,0.0,19.15714285714285,186.3571428571429,1009.7,53.385714285714286,14.028571428571428,833
19.3,12.385714285714286,15.5,19.3,12.385714285714286,15.5,82.41428571428571,0.3712857142857143,42.85714285714285,2.9771428571428573,0.0,17.54285714285714,251.3857142857143,1017.2428571428572,55.271428571428565,15.285714285714286,671
19.185714285714287,9.471428571428572,14.542857142857144,19.185714285714287,9.185714285714283,14.528571428571428,72.81428571428572,0.1825714285714285,42.85714285714285,1.7871428571428571,0.0,16.2,287.9142857142857,1022.6857142857144,74.97142857142856,16.642857142857142,796
14.042857142857144,8.285714285714286,11.171428571428573,14.042857142857144,6.371428571428572,10.385714285714286,77.78571428571429,0.5255714285714286,85.71428571428571,4.762857142857143,0.0,23.085714285714285,292.95714285714286,1014.6142857142858,81.77142857142857,20.15714285714285,804
14.05714285714286,5.285714285714286,9.9,14.05714285714286,3.5285714285714285,9.085714285714284,71.42857142857143,0.0801428571428571,57.142857142857146,3.5728571428571425,0.0,21.8,237.87142857142857,1020.3285714285714,54.94285714285714,26.557142857142857,806
23.0,12.971428571428572,18.17142857142857,23.0,12.971428571428572,18.17142857142857,77.22857142857143,0.4561428571428571,85.71428571428571,5.952857142857143,0.0,19.928571428571427,201.45714285714288,1015.1428571428572,56.35714285714285,18.071428571428573,746
8.342857142857143,3.085714285714286,6.071428571428571,7.0,0.6857142857142857,4.242857142857143,84.87142857142858,0.0707142857142857,14.285714285714286,1.19,0.0,20.542857142857144,211.27142857142857,1028.6,86.11428571428571,8.442857142857143,822
14.2,7.542857142857143,10.785714285714286,14.05714285714286,5.471428571428571,9.842857142857143,73.74285714285715,0.3111428571428571,100.0,7.738571428571428,0.0,31.285714285714285,217.1,1011.842857142857,62.01428571428572,23.7,884
14.771428571428572,8.314285714285713,11.228571428571428,14.771428571428572,6.685714285714285,10.457142857142856,84.95714285714287,0.283,42.85714285714285,1.7871428571428571,0.0,21.714285714285715,258.8285714285714,1004.6857142857144,73.0,18.77142857142857,712
16.15714285714286,7.985714285714286,11.55714285714286,16.15714285714286,6.842857142857143,11.2,77.18571428571428,0.027,42.85714285714285,1.7871428571428571,0.0,15.571428571428571,231.8142857142857,1026.6142857142856,64.28571428571429,14.585714285714284,790
7.328571428571428,1.1714285714285713,3.9,5.042857142857143,-1.4285714285714286,1.3571428571428572,88.98571428571428,0.6877142857142857,42.85714285714285,4.167142857142857,0.0,17.014285714285712,104.32857142857144,1010.6285714285714,71.78571428571429,6.0,937
8.457142857142857,2.742857142857143,5.6571428571428575,6.471428571428571,-0.9714285714285714,2.571428571428572,84.64285714285714,1.836857142857143,85.71428571428571,8.927142857142858,0.0,32.17142857142857,204.2142857142857,990.3142857142856,58.17142857142857,22.985714285714288,856
12.671428571428573,6.528571428571429,9.428571428571429,12.228571428571428,4.342857142857143,8.22857142857143,89.47142857142856,5.614857142857142,100.0,7.737142857142857,0.0,22.6,233.08571428571423,1009.9857142857144,62.871428571428574,14.985714285714286,791
11.571428571428571,5.957142857142856,8.5,10.62857142857143,3.2857142857142856,6.9,77.11428571428571,0.3425714285714285,85.71428571428571,7.738571428571428,0.0,30.11428571428572,256.37142857142857,1023.1857142857144,73.18571428571428,18.4,808
13.828571428571433,7.128571428571428,10.37142857142857,13.828571428571433,6.928571428571429,10.214285714285714,88.57142857142857,0.0005714285714285,14.285714285714286,0.5957142857142858,0.0,9.728571428571428,212.3142857142857,1035.7,72.45714285714286,5.457142857142857,722
18.285714285714285,10.528571428571428,14.242857142857144,18.285714285714285,9.7,14.085714285714287,75.7,1.1464285714285716,85.71428571428571,8.928571428571429,0.0,18.414285714285715,237.3857142857143,1012.9857142857144,66.85714285714286,28.214285714285715,776
15.071428571428571,8.357142857142858,11.514285714285714,15.071428571428571,6.571428571428571,10.9,68.67142857142856,0.2242857142857142,71.42857142857143,2.9785714285714286,0.0,28.97142857142857,197.32857142857145,1015.9,69.84285714285714,24.457142857142856,712
10.1,4.842857142857143,7.542857142857143,9.242857142857144,3.628571428571429,6.571428571428571,95.27142857142856,0.8951428571428571,85.71428571428571,4.762857142857143,0.0,17.285714285714285,159.65714285714284,1004.7142857142856,83.58571428571429,5.542857142857143,772
