date_col,deaths,temp_0,time,doy,dow
1985-01-01,131,6.3,0,1,1
1985-01-02,135,8.9,1,2,2
1985-01-03,131,9.6,2,3,3
1985-01-04,126,4.1,3,4,4
1985-01-05,143,1.7,4,5,5
1985-01-06,139,4.4,5,6,6
1985-01-07,137,2.1,6,7,0
1985-01-08,151,6.7,7,8,1
1985-01-09,142,6.5,8,9,2
1985-01-10,122,2.4,9,10,3
1985-01-11,138,1.8,10,11,4
1985-01-12,112,2.0,11,12,5
1985-01-13,130,0.5,12,13,6
1985-01-14,145,7.4,13,14,0
1985-01-15,157,2.9,14,15,1
1985-01-16,140,2.6,15,16,2
1985-01-17,147,5.3,16,17,3
1985-01-18,121,3.5,17,18,4
1985-01-19,147,6.2,18,19,5
1985-01-20,140,4.3,19,20,6
1985-01-21,150,6.9,20,21,0
1985-01-22,129,10.2,21,22,1
1985-01-23,141,9.5,22,23,2
1985-01-24,118,8.1,23,24,3
1985-01-25,114,5.6,24,25,4
1985-01-26,121,7.0,25,26,5
1985-01-27,104,8.1,26,27,6
1985-01-28,112,7.4,27,28,0
1985-01-29,131,6.2,28,29,1
1985-01-30,117,0.3,29,30,2
1985-01-31,121,0.5,30,31,3
1985-02-01,148,3.3,31,32,4
1985-02-02,127,4.9,32,33,5
1985-02-03,123,9.0,33,34,6
1985-02-04,122,4.3,34,35,0
1985-02-05,135,5.2,35,36,1
1985-02-06,105,9.9,36,37,2
1985-02-07,134,10.6,37,38,3
1985-02-08,97,10.2,38,39,4
1985-02-09,129,6.8,39,40,5
1985-02-10,123,2.9,40,41,6
1985-02-11,108,1.2,41,42,0
1985-02-12,144,2.6,42,43,1
1985-02-13,103,1.6,43,44,2
1985-02-14,98,-0.6,44,45,3
1985-02-15,129,-0.9,45,46,4
1985-02-16,128,1.9,46,47,5
1985-02-17,116,2.4,47,48,6
1985-02-18,127,2.6,48,49,0
1985-02-19,130,2.2,49,50,1
1985-02-20,100,1.9,50,51,2
1985-02-21,137,-0.1,51,52,3
1985-02-22,124,1.9,52,53,4
1985-02-23,143,2.9,53,54,5
1985-02-24,108,0.9,54,55,6
1985-02-25,123,1.5,55,56,0
1985-02-26,149,1.2,56,57,1
1985-02-27,137,3.6,57,58,2
1985-02-28,123,6.5,58,59,3
1985-03-01,136,7.6,59,60,4
1985-03-02,132,7.0,60,61,5
1985-03-03,136,5.1,61,62,6
1985-03-04,126,2.9,62,63,0
1985-03-05,125,4.7,63,64,1
1985-03-06,148,9.0,64,65,2
1985-03-07,134,11.4,65,66,3
1985-03-08,141,12.0,66,67,4
1985-03-09,128,11.6,67,68,5
1985-03-10,122,12.3,68,69,6
1985-03-11,120,12.3,69,70,0
1985-03-12,125,10.2,70,71,1
1985-03-13,122,9.2,71,72,2
1985-03-14,125,8.2,72,73,3
1985-03-15,119,7.2,73,74,4
1985-03-16,117,4.8,74,75,5
1985-03-17,109,2.8,75,76,6
1985-03-18,127,6.2,76,77,0
1985-03-19,127,8.3,77,78,1
1985-03-20,109,10.1,78,79,2
1985-03-21,105,10.8,79,80,3
1985-03-22,107,7.4,80,81,4
1985-03-23,111,9.6,81,82,5
1985-03-24,107,11.0,82,83,6
1985-03-25,121,12.4,83,84,0
1985-03-26,128,11.1,84,85,1
1985-03-27,116,10.8,85,86,2
1985-03-28,110,13.4,86,87,3
1985-03-29,130,11.2,87,88,4
1985-03-30,96,8.4,88,89,5
1985-03-31,101,7.1,89,90,6
1985-04-01,110,7.9,90,91,0
1985-04-02,116,8.4,91,92,1
1985-04-03,109,8.3,92,93,2
1985-04-04,96,6.6,93,94,3
1985-04-05,99,7.0,94,95,4
1985-04-06,106,7.6,95,96,5
1985-04-07,119,8.4,96,97,6
1985-04-08,103,11.4,97,98,0
1985-04-09,118,14.2,98,99,1
1985-04-10,107,14.6,99,100,2
1985-04-11,98,15.5,100,101,3
1985-04-12,121,12.6,101,102,4
1985-04-13,95,9.6,102,103,5
1985-04-14,85,10.4,103,104,6
1985-04-15,103,11.2,104,105,0
1985-04-16,110,9.2,105,106,1
1985-04-17,126,7.7,106,107,2
1985-04-18,96,7.9,107,108,3
1985-04-19,112,6.6,108,109,4
1985-04-20,126,7.2,109,110,5
1985-04-21,118,6.5,110,111,6
1985-04-22,124,6.5,111,112,0
1985-04-23,107,5.0,112,113,1
1985-04-24,120,5.2,113,114,2
1985-04-25,123,4.2,114,115,3
1985-04-26,129,5.0,115,116,4
1985-04-27,128,6.5,116,117,5
1985-04-28,128,5.7,117,118,6
1985-04-29,130,11.3,118,119,0
1985-04-30,119,13.4,119,120,1
1985-05-01,118,9.4,120,121,2
1985-05-02,113,7.5,121,122,3
1985-05-03,123,5.3,122,123,4
1985-05-04,113,8.0,123,124,5
1985-05-05,119,7.0,124,125,6
1985-05-06,113,12.8,125,126,0
1985-05-07,120,13.2,126,127,1
1985-05-08,126,13.3,127,128,2
1985-05-09,131,12.6,128,129,3
1985-05-10,110,13.5,129,130,4
1985-05-11,122,14.9,130,131,5
1985-05-12,109,13.2,131,132,6
1985-05-13,98,13.0,132,133,0
1985-05-14,109,12.6,133,134,1
1985-05-15,108,13.1,134,135,2
1985-05-16,117,11.3,135,136,3
1985-05-17,103,10.6,136,137,4
1985-05-18,118,11.3,137,138,5
1985-05-19,112,13.9,138,139,6
1985-05-20,71,16.0,139,140,0
1985-05-21,112,12.9,140,141,1
1985-05-22,108,12.4,141,142,2
1985-05-23,86,12.2,142,143,3
1985-05-24,110,11.0,143,144,4
1985-05-25,111,9.6,144,145,5
1985-05-26,106,10.6,145,146,6
1985-05-27,90,11.4,146,147,0
1985-05-28,118,12.3,147,148,1
1985-05-29,101,13.6,148,149,2
1985-05-30,114,15.3,149,150,3
1985-05-31,92,16.7,150,151,4
1985-06-01,108,16.9,151,152,5
1985-06-02,121,16.6,152,153,6
1985-06-03,108,15.2,153,154,0
1985-06-04,126,12.9,154,155,1
1985-06-05,100,13.6,155,156,2
1985-06-06,89,13.9,156,157,3
1985-06-07,80,13.1,157,158,4
1985-06-08,96,15.6,158,159,5
1985-06-09,116,14.3,159,160,6
1985-06-10,89,12.6,160,161,0
1985-06-11,94,14.3,161,162,1
1985-06-12,99,14.1,162,163,2
1985-06-13,126,16.3,163,164,3
1985-06-14,103,20.0,164,165,4
1985-06-15,100,17.8,165,166,5
1985-06-16,121,13.3,166,167,6
1985-06-17,90,12.5,167,168,0
1985-06-18,113,13.0,168,169,1
1985-06-19,98,13.1,169,170,2
1985-06-20,87,14.4,170,171,3
1985-06-21,90,14.2,171,172,4
1985-06-22,106,15.7,172,173,5
1985-06-23,96,16.7,173,174,6
1985-06-24,102,14.9,174,175,0
1985-06-25,89,13.1,175,176,1
1985-06-26,106,11.5,176,177,2
1985-06-27,109,11.8,177,178,3
1985-06-28,101,11.5,178,179,4
1985-06-29,93,12.4,179,180,5
1985-06-30,99,16.0,180,181,6
1985-07-01,92,15.8,181,182,0
1985-07-02,115,14.0,182,183,1
1985-07-03,102,14.3,183,184,2
1985-07-04,94,15.3,184,185,3
1985-07-05,112,16.8,185,186,4
1985-07-06,106,17.9,186,187,5
1985-07-07,124,18.7,187,188,6
1985-07-08,130,20.6,188,189,0
1985-07-09,99,21.1,189,190,1
1985-07-10,119,18.4,190,191,2
1985-07-11,97,16.9,191,192,3
1985-07-12,101,16.9,192,193,4
1985-07-13,121,18.4,193,194,5
1985-07-14,96,17.8,194,195,6
1985-07-15,94,18.5,195,196,0
1985-07-16,108,16.7,196,197,1
1985-07-17,93,13.4,197,198,2
1985-07-18,102,15.1,198,199,3
1985-07-19,90,15.7,199,200,4
1985-07-20,88,19.5,200,201,5
1985-07-21,93,19.3,201,202,6
1985-07-22,104,14.5,202,203,0
1985-07-23,91,13.5,203,204,1
1985-07-24,109,13.5,204,205,2
1985-07-25,94,14.2,205,206,3
1985-07-26,112,17.5,206,207,4
1985-07-27,99,19.5,207,208,5
1985-07-28,121,21.0,208,209,6
1985-07-29,121,19.7,209,210,0
1985-07-30,105,18.0,210,211,1
1985-07-31,119,16.0,211,212,2
1985-08-01,91,14.5,212,213,3
1985-08-02,82,16.0,213,214,4
1985-08-03,100,17.7,214,215,5
1985-08-04,107,20.2,215,216,6
1985-08-05,108,23.2,216,217,0
1985-08-06,91,18.3,217,218,1
1985-08-07,95,16.7,218,219,2
1985-08-08,102,16.9,219,220,3
1985-08-09,100,15.7,220,221,4
1985-08-10,109,16.8,221,222,5
1985-08-11,96,17.0,222,223,6
1985-08-12,94,18.4,223,224,0
1985-08-13,95,18.5,224,225,1
1985-08-14,99,20.6,225,226,2
1985-08-15,105,21.2,226,227,3
1985-08-16,112,16.9,227,228,4
1985-08-17,85,16.0,228,229,5
1985-08-18,90,17.7,229,230,6
1985-08-19,102,17.4,230,231,0
1985-08-20,93,16.4,231,232,1
1985-08-21,100,14.9,232,233,2
1985-08-22,88,17.5,233,234,3
1985-08-23,91,16.3,234,235,4
1985-08-24,91,17.3,235,236,5
1985-08-25,107,18.8,236,237,6
1985-08-26,104,20.4,237,238,0
1985-08-27,105,19.7,238,239,1
1985-08-28,107,19.5,239,240,2
1985-08-29,83,18.3,240,241,3
1985-08-30,77,17.9,241,242,4
1985-08-31,89,16.9,242,243,5
1985-09-01,97,16.1,243,244,6
1985-09-02,95,15.4,244,245,0
1985-09-03,114,15.3,245,246,1
1985-09-04,99,15.7,246,247,2
1985-09-05,98,16.6,247,248,3
1985-09-06,106,17.0,248,249,4
1985-09-07,76,17.6,249,250,5
1985-09-08,101,19.0,250,251,6
1985-09-09,90,17.7,251,252,0
1985-09-10,100,18.7,252,253,1
1985-09-11,102,16.3,253,254,2
1985-09-12,101,14.1,254,255,3
1985-09-13,105,12.6,255,256,4
1985-09-14,95,12.7,256,257,5
1985-09-15,127,18.1,257,258,6
1985-09-16,89,16.2,258,259,0
1985-09-17,90,16.9,259,260,1
1985-09-18,104,16.3,260,261,2
1985-09-19,103,14.4,261,262,3
1985-09-20,112,15.0,262,263,4
1985-09-21,97,15.2,263,264,5
1985-09-22,100,15.0,264,265,6
1985-09-23,108,12.9,265,266,0
1985-09-24,111,15.5,266,267,1
1985-09-25,101,13.9,267,268,2
1985-09-26,106,13.9,268,269,3
1985-09-27,107,13.3,269,270,4
1985-09-28,106,11.8,270,271,5
1985-09-29,112,11.6,271,272,6
1985-09-30,111,16.6,272,273,0
1985-10-01,88,16.5,273,274,1
1985-10-02,87,12.6,274,275,2
1985-10-03,116,8.5,275,276,3
1985-10-04,104,11.7,276,277,4
1985-10-05,95,13.0,277,278,5
1985-10-06,109,12.0,278,279,6
1985-10-07,106,10.7,279,280,0
1985-10-08,130,14.4,280,281,1
1985-10-09,106,13.4,281,282,2
1985-10-10,123,8.7,282,283,3
1985-10-11,96,9.2,283,284,4
1985-10-12,91,7.4,284,285,5
1985-10-13,114,7.1,285,286,6
1985-10-14,104,6.1,286,287,0
1985-10-15,109,7.1,287,288,1
1985-10-16,102,5.6,288,289,2
1985-10-17,88,6.3,289,290,3
1985-10-18,123,9.3,290,291,4
1985-10-19,124,10.6,291,292,5
1985-10-20,121,9.6,292,293,6
1985-10-21,113,5.9,293,294,0
1985-10-22,110,6.8,294,295,1
1985-10-23,118,6.0,295,296,2
1985-10-24,132,8.5,296,297,3
1985-10-25,115,6.4,297,298,4
1985-10-26,114,6.0,298,299,5
1985-10-27,112,8.5,299,300,6
1985-10-28,96,8.2,300,301,0
1985-10-29,106,9.5,301,302,1
1985-10-30,116,9.3,302,303,2
1985-10-31,103,12.5,303,304,3
1985-11-01,93,14.0,304,305,4
1985-11-02,120,14.1,305,306,5
1985-11-03,105,12.9,306,307,6
1985-11-04,103,10.0,307,308,0
1985-11-05,110,5.3,308,309,1
1985-11-06,116,5.2,309,310,2
1985-11-07,124,5.2,310,311,3
1985-11-08,113,5.6,311,312,4
1985-11-09,112,5.1,312,313,5
1985-11-10,121,5.5,313,314,6
1985-11-11,118,8.9,314,315,0
1985-11-12,98,9.8,315,316,1
1985-11-13,102,6.5,316,317,2
1985-11-14,105,6.4,317,318,3
1985-11-15,114,7.5,318,319,4
1985-11-16,115,8.3,319,320,5
1985-11-17,103,7.9,320,321,6
1985-11-18,109,11.3,321,322,0
1985-11-19,121,6.3,322,323,1
1985-11-20,103,14.0,323,324,2
1985-11-21,124,12.0,324,325,3
1985-11-22,118,12.5,325,326,4
1985-11-23,100,10.1,326,327,5
1985-11-24,95,4.8,327,328,6
1985-11-25,124,3.1,328,329,0
1985-11-26,108,8.4,329,330,1
1985-11-27,125,9.6,330,331,2
1985-11-28,119,5.9,331,332,3
1985-11-29,113,4.5,332,333,4
1985-11-30,125,8.6,333,334,5
1985-12-01,110,3.1,334,335,6
1985-12-02,108,3.9,335,336,0
1985-12-03,116,6.9,336,337,1
1985-12-04,111,6.4,337,338,2
1985-12-05,124,5.4,338,339,3
1985-12-06,106,5.0,339,340,4
1985-12-07,112,4.9,340,341,5
1985-12-08,112,-0.6,341,342,6
1985-12-09,137,-2.3,342,343,0
1985-12-10,127,-2.2,343,344,1
1985-12-11,122,-0.4,344,345,2
1985-12-12,126,-5.5,345,346,3
1985-12-13,123,-4.0,346,347,4
1985-12-14,152,4.4,347,348,5
1985-12-15,132,3.2,348,349,6
1985-12-16,131,-0.1,349,350,0
1985-12-17,164,-1.2,350,351,1
1985-12-18,121,-1.4,351,352,2
1985-12-19,132,-1.3,352,353,3
1985-12-20,140,2.4,353,354,4
1985-12-21,159,1.1,354,355,5
1985-12-22,164,-0.3,355,356,6
1985-12-23,136,-2.1,356,357,0
1985-12-24,136,0.6,357,358,1
1985-12-25,152,-1.3,358,359,2
1985-12-26,161,0.8,359,360,3
1985-12-27,146,1.9,360,361,4
1985-12-28,164,3.7,361,362,5
1985-12-29,179,4.5,362,363,6
1985-12-30,155,8.3,363,364,0
1985-12-31,166,5.6,364,365,1
1986-01-01,166,5.5,365,1,2
1986-01-02,176,7.7,366,2,3
1986-01-03,156,10.4,367,3,4
1986-01-04,166,10.5,368,4,5
1986-01-05,170,9.3,369,5,6
1986-01-06,137,1.1,370,6,0
1986-01-07,135,-1.3,371,7,1
1986-01-08,154,-2.2,372,8,2
1986-01-09,158,-2.7,373,9,3
1986-01-10,144,-3.3,374,10,4
1986-01-11,170,-1.5,375,11,5
1986-01-12,144,-0.9,376,12,6
1986-01-13,156,-4.0,377,13,0
1986-01-14,163,-5.6,378,14,1
1986-01-15,171,-0.6,379,15,2
1986-01-16,176,4.1,380,16,3
1986-01-17,156,4.7,381,17,4
1986-01-18,151,6.1,382,18,5
1986-01-19,155,6.0,383,19,6
1986-01-20,169,7.7,384,20,0
1986-01-21,137,6.0,385,21,1
1986-01-22,131,4.9,386,22,2
1986-01-23,130,5.8,387,23,3
1986-01-24,153,2.6,388,24,4
1986-01-25,151,8.3,389,25,5
1986-01-26,160,7.8,390,26,6
1986-01-27,135,3.4,391,27,0
1986-01-28,140,4.0,392,28,1
1986-01-29,129,8.9,393,29,2
1986-01-30,134,9.8,394,30,3
1986-01-31,125,9.0,395,31,4
1986-02-01,142,8.0,396,32,5
1986-02-02,125,6.3,397,33,6
1986-02-03,125,4.5,398,34,0
1986-02-04,140,6.7,399,35,1
1986-02-05,133,9.4,400,36,2
1986-02-06,117,9.4,401,37,3
1986-02-07,113,8.1,402,38,4
1986-02-08,121,5.9,403,39,5
1986-02-09,122,9.7,404,40,6
1986-02-10,140,8.3,405,41,0
1986-02-11,137,8.2,406,42,1
1986-02-12,114,6.9,407,43,2
1986-02-13,138,8.7,408,44,3
1986-02-14,111,3.9,409,45,4
1986-02-15,134,3.8,410,46,5
1986-02-16,123,3.2,411,47,6
1986-02-17,126,2.3,412,48,0
1986-02-18,111,4.6,413,49,1
1986-02-19,122,3.5,414,50,2
1986-02-20,104,1.4,415,51,3
1986-02-21,136,3.1,416,52,4
1986-02-22,121,2.0,417,53,5
1986-02-23,134,0.2,418,54,6
1986-02-24,129,-1.0,419,55,0
1986-02-25,116,3.0,420,56,1
1986-02-26,150,5.0,421,57,2
1986-02-27,126,6.9,422,58,3
1986-02-28,152,10.3,423,59,4
1986-03-01,130,8.0,424,60,5
1986-03-02,131,7.1,425,61,6
1986-03-03,107,8.6,426,62,0
1986-03-04,131,6.6,427,63,1
1986-03-05,153,4.3,428,64,2
1986-03-06,118,6.1,429,65,3
1986-03-07,117,5.9,430,66,4
1986-03-08,106,3.0,431,67,5
1986-03-09,136,5.2,432,68,6
1986-03-10,136,8.8,433,69,0
1986-03-11,124,6.0,434,70,1
1986-03-12,151,6.8,435,71,2
1986-03-13,111,6.0,436,72,3
1986-03-14,133,8.3,437,73,4
1986-03-15,127,7.4,438,74,5
1986-03-16,121,4.8,439,75,6
1986-03-17,120,5.6,440,76,0
1986-03-18,122,5.9,441,77,1
1986-03-19,121,5.1,442,78,2
1986-03-20,134,5.3,443,79,3
1986-03-21,111,5.5,444,80,4
1986-03-22,139,8.2,445,81,5
1986-03-23,102,7.1,446,82,6
1986-03-24,108,5.9,447,83,0
1986-03-25,99,8.0,448,84,1
1986-03-26,123,9.0,449,85,2
1986-03-27,133,8.9,450,86,3
1986-03-28,124,8.4,451,87,4
1986-03-29,110,5.8,452,88,5
1986-03-30,111,6.2,453,89,6
1986-03-31,131,6.2,454,90,0
1986-04-01,133,7.4,455,91,1
1986-04-02,150,9.2,456,92,2
1986-04-03,111,9.8,457,93,3
1986-04-04,142,11.4,458,94,4
1986-04-05,119,13.5,459,95,5
1986-04-06,131,10.8,460,96,6
1986-04-07,109,12.1,461,97,0
1986-04-08,128,7.8,462,98,1
1986-04-09,114,5.5,463,99,2
1986-04-10,117,8.7,464,100,3
1986-04-11,129,6.1,465,101,4
1986-04-12,129,5.8,466,102,5
1986-04-13,134,5.3,467,103,6
1986-04-14,116,8.5,468,104,0
1986-04-15,119,9.4,469,105,1
1986-04-16,138,10.6,470,106,2
1986-04-17,110,8.7,471,107,3
1986-04-18,117,8.5,472,108,4
1986-04-19,130,8.4,473,109,5
1986-04-20,118,9.6,474,110,6
1986-04-21,128,12.1,475,111,0
1986-04-22,120,11.1,476,112,1
1986-04-23,121,11.4,477,113,2
1986-04-24,117,10.5,478,114,3
1986-04-25,101,12.0,479,115,4
1986-04-26,132,10.8,480,116,5
1986-04-27,110,11.2,481,117,6
1986-04-28,104,12.2,482,118,0
1986-04-29,118,9.2,483,119,1
1986-04-30,109,9.2,484,120,2
1986-05-01,106,9.8,485,121,3
1986-05-02,117,7.8,486,122,4
1986-05-03,103,8.3,487,123,5
1986-05-04,121,6.3,488,124,6
1986-05-05,99,5.6,489,125,0
1986-05-06,111,5.8,490,126,1
1986-05-07,121,6.9,491,127,2
1986-05-08,121,7.8,492,128,3
1986-05-09,122,9.5,493,129,4
1986-05-10,113,11.1,494,130,5
1986-05-11,96,11.9,495,131,6
1986-05-12,134,14.5,496,132,0
1986-05-13,98,16.4,497,133,1
1986-05-14,123,15.5,498,134,2
1986-05-15,109,17.0,499,135,3
1986-05-16,104,16.8,500,136,4
1986-05-17,124,14.7,501,137,5
1986-05-18,100,13.3,502,138,6
1986-05-19,116,13.6,503,139,0
1986-05-20,105,14.3,504,140,1
1986-05-21,105,15.3,505,141,2
1986-05-22,96,13.6,506,142,3
1986-05-23,105,12.1,507,143,4
1986-05-24,116,13.0,508,144,5
1986-05-25,116,15.5,509,145,6
1986-05-26,110,17.2,510,146,0
1986-05-27,85,13.0,511,147,1
1986-05-28,95,13.9,512,148,2
1986-05-29,90,16.2,513,149,3
1986-05-30,113,16.7,514,150,4
1986-05-31,104,19.3,515,151,5
1986-06-01,106,20.4,516,152,6
1986-06-02,119,19.4,517,153,0
1986-06-03,84,19.2,518,154,1
1986-06-04,97,21.7,519,155,2
1986-06-05,128,22.9,520,156,3
1986-06-06,102,21.8,521,157,4
1986-06-07,79,20.1,522,158,5
1986-06-08,96,20.7,523,159,6
1986-06-09,107,18.4,524,160,0
1986-06-10,90,15.7,525,161,1
1986-06-11,91,16.1,526,162,2
1986-06-12,109,13.6,527,163,3
1986-06-13,93,12.7,528,164,4
1986-06-14,119,13.4,529,165,5
1986-06-15,105,13.5,530,166,6
1986-06-16,96,16.4,531,167,0
1986-06-17,118,17.2,532,168,1
1986-06-18,83,15.0,533,169,2
1986-06-19,97,15.5,534,170,3
1986-06-20,83,15.7,535,171,4
1986-06-21,92,16.0,536,172,5
1986-06-22,109,15.9,537,173,6
1986-06-23,105,14.8,538,174,0
1986-06-24,99,16.3,539,175,1
1986-06-25,112,15.6,540,176,2
1986-06-26,105,14.8,541,177,3
1986-06-27,94,15.8,542,178,4
1986-06-28,97,15.9,543,179,5
1986-06-29,108,15.0,544,180,6
1986-06-30,98,15.5,545,181,0
1986-07-01,108,15.2,546,182,1
1986-07-02,98,17.3,547,183,2
1986-07-03,98,15.7,548,184,3
1986-07-04,91,14.4,549,185,4
1986-07-05,97,16.7,550,186,5
1986-07-06,107,17.9,551,187,6
1986-07-07,119,18.6,552,188,0
1986-07-08,96,21.2,553,189,1
1986-07-09,137,21.3,554,190,2
1986-07-10,108,19.1,555,191,3
1986-07-11,91,20.8,556,192,4
1986-07-12,94,17.3,557,193,5
1986-07-13,107,20.0,558,194,6
1986-07-14,83,18.7,559,195,0
1986-07-15,87,16.8,560,196,1
1986-07-16,77,15.6,561,197,2
1986-07-17,92,16.8,562,198,3
1986-07-18,90,18.9,563,199,4
1986-07-19,94,19.0,564,200,5
1986-07-20,79,17.3,565,201,6
1986-07-21,98,17.2,566,202,0
1986-07-22,83,16.0,567,203,1
1986-07-23,105,15.4,568,204,2
1986-07-24,74,15.9,569,205,3
1986-07-25,95,18.8,570,206,4
1986-07-26,102,17.2,571,207,5
1986-07-27,112,14.6,572,208,6
1986-07-28,113,16.2,573,209,0
1986-07-29,83,18.0,574,210,1
1986-07-30,109,19.7,575,211,2
1986-07-31,100,20.3,576,212,3
1986-08-01,94,20.9,577,213,4
1986-08-02,109,21.3,578,214,5
1986-08-03,100,21.1,579,215,6
1986-08-04,95,20.2,580,216,0
1986-08-05,107,19.3,581,217,1
1986-08-06,100,19.2,582,218,2
1986-08-07,75,18.3,583,219,3
1986-08-08,90,18.8,584,220,4
1986-08-09,84,20.2,585,221,5
1986-08-10,113,19.9,586,222,6
1986-08-11,96,19.4,587,223,0
1986-08-12,89,18.2,588,224,1
1986-08-13,84,16.4,589,225,2
1986-08-14,95,14.2,590,226,3
1986-08-15,102,17.8,591,227,4
1986-08-16,96,17.3,592,228,5
1986-08-17,82,16.6,593,229,6
1986-08-18,87,17.0,594,230,0
1986-08-19,85,13.7,595,231,1
1986-08-20,98,14.1,596,232,2
1986-08-21,98,15.2,597,233,3
1986-08-22,82,17.1,598,234,4
1986-08-23,108,15.6,599,235,5
1986-08-24,93,14.2,600,236,6
1986-08-25,94,15.1,601,237,0
1986-08-26,103,13.1,602,238,1
1986-08-27,96,14.1,603,239,2
1986-08-28,94,14.8,604,240,3
1986-08-29,99,15.5,605,241,4
1986-08-30,117,15.8,606,242,5
1986-08-31,76,13.3,607,243,6
1986-09-01,98,13.8,608,244,0
1986-09-02,98,15.5,609,245,1
1986-09-03,100,15.2,610,246,2
1986-09-04,86,17.6,611,247,3
1986-09-05,115,17.4,612,248,4
1986-09-06,89,15.7,613,249,5
1986-09-07,96,16.5,614,250,6
1986-09-08,95,15.0,615,251,0
1986-09-09,99,17.2,616,252,1
1986-09-10,84,17.0,617,253,2
1986-09-11,91,16.5,618,254,3
1986-09-12,113,17.0,619,255,4
1986-09-13,96,15.6,620,256,5
1986-09-14,83,15.4,621,257,6
1986-09-15,99,17.7,622,258,0
1986-09-16,104,18.5,623,259,1
1986-09-17,110,18.3,624,260,2
1986-09-18,91,20.6,625,261,3
1986-09-19,91,16.5,626,262,4
1986-09-20,97,17.5,627,263,5
1986-09-21,95,13.9,628,264,6
1986-09-22,88,10.6,629,265,0
1986-09-23,79,11.8,630,266,1
1986-09-24,97,12.2,631,267,2
1986-09-25,111,14.9,632,268,3
1986-09-26,102,14.5,633,269,4
1986-09-27,115,13.9,634,270,5
1986-09-28,115,13.9,635,271,6
1986-09-29,80,12.5,636,272,0
1986-09-30,104,11.8,637,273,1
1986-10-01,81,13.1,638,274,2
1986-10-02,92,13.8,639,275,3
1986-10-03,84,10.8,640,276,4
1986-10-04,116,12.7,641,277,5
1986-10-05,103,9.5,642,278,6
1986-10-06,99,10.8,643,279,0
1986-10-07,106,11.8,644,280,1
1986-10-08,87,11.4,645,281,2
1986-10-09,97,11.0,646,282,3
1986-10-10,116,9.8,647,283,4
1986-10-11,101,8.5,648,284,5
1986-10-12,103,9.3,649,285,6
1986-10-13,101,10.9,650,286,0
1986-10-14,95,9.8,651,287,1
1986-10-15,112,8.7,652,288,2
1986-10-16,119,9.9,653,289,3
1986-10-17,116,11.5,654,290,4
1986-10-18,100,11.9,655,291,5
1986-10-19,110,11.3,656,292,6
1986-10-20,91,13.6,657,293,0
1986-10-21,111,10.8,658,294,1
1986-10-22,105,9.8,659,295,2
1986-10-23,115,8.3,660,296,3
1986-10-24,116,7.6,661,297,4
1986-10-25,103,11.9,662,298,5
1986-10-26,100,13.0,663,299,6
1986-10-27,104,9.1,664,300,0
1986-10-28,107,8.6,665,301,1
1986-10-29,111,12.0,666,302,2
1986-10-30,103,12.0,667,303,3
1986-10-31,87,13.0,668,304,4
1986-11-01,104,15.2,669,305,5
1986-11-02,99,14.1,670,306,6
1986-11-03,116,12.4,671,307,0
1986-11-04,102,11.8,672,308,1
1986-11-05,121,12.0,673,309,2
1986-11-06,102,10.7,674,310,3
1986-11-07,108,11.0,675,311,4
1986-11-08,102,12.6,676,312,5
1986-11-09,121,11.6,677,313,6
1986-11-10,105,12.2,678,314,0
1986-11-11,125,13.0,679,315,1
1986-11-12,103,10.9,680,316,2
1986-11-13,109,5.9,681,317,3
1986-11-14,104,4.5,682,318,4
1986-11-15,97,5.0,683,319,5
1986-11-16,112,7.3,684,320,6
1986-11-17,113,7.8,685,321,0
1986-11-18,108,11.4,686,322,1
1986-11-19,114,7.3,687,323,2
1986-11-20,104,8.5,688,324,3
1986-11-21,117,10.7,689,325,4
1986-11-22,120,8.8,690,326,5
1986-11-23,110,10.5,691,327,6
1986-11-24,108,7.9,692,328,0
1986-11-25,114,7.6,693,329,1
1986-11-26,99,4.8,694,330,2
1986-11-27,113,1.7,695,331,3
1986-11-28,99,1.9,696,332,4
1986-11-29,102,1.3,697,333,5
1986-11-30,114,0.2,698,334,6
1986-12-01,110,4.1,699,335,0
1986-12-02,122,4.2,700,336,1
1986-12-03,119,4.6,701,337,2
1986-12-04,123,5.7,702,338,3
1986-12-05,120,8.1,703,339,4
1986-12-06,141,4.0,704,340,5
1986-12-07,123,5.7,705,341,6
1986-12-08,131,6.6,706,342,0
1986-12-09,138,7.8,707,343,1
1986-12-10,121,5.4,708,344,2
1986-12-11,144,1.9,709,345,3
1986-12-12,122,2.5,710,346,4
1986-12-13,131,3.1,711,347,5
1986-12-14,149,3.5,712,348,6
1986-12-15,139,12.0,713,349,0
1986-12-16,138,6.6,714,350,1
1986-12-17,138,2.6,715,351,2
1986-12-18,110,0.1,716,352,3
1986-12-19,129,5.9,717,353,4
1986-12-20,138,5.6,718,354,5
1986-12-21,129,5.2,719,355,6
1986-12-22,151,1.1,720,356,0
1986-12-23,131,-1.3,721,357,1
1986-12-24,156,7.3,722,358,2
1986-12-25,138,9.2,723,359,3
1986-12-26,141,9.1,724,360,4
1986-12-27,135,7.8,725,361,5
1986-12-28,129,3.3,726,362,6
1986-12-29,147,5.1,727,363,0
1986-12-30,149,5.7,728,364,1
1986-12-31,158,5.7,729,365,2
1987-01-01,167,8.4,730,1,3
1987-01-02,144,5.3,731,2,4
1987-01-03,163,11.1,732,3,5
1987-01-04,137,9.6,733,4,6
1987-01-05,142,12.1,734,5,0
1987-01-06,132,9.2,735,6,1
1987-01-07,123,5.8,736,7,2
1987-01-08,137,5.0,737,8,3
1987-01-09,129,8.6,738,9,4
1987-01-10,132,8.9,739,10,5
1987-01-11,140,8.2,740,11,6
1987-01-12,141,9.5,741,12,0
1987-01-13,116,5.5,742,13,1
1987-01-14,132,6.2,743,14,2
1987-01-15,121,10.0,744,15,3
1987-01-16,153,10.2,745,16,4
1987-01-17,153,8.1,746,17,5
1987-01-18,124,6.1,747,18,6
1987-01-19,118,2.4,748,19,0
1987-01-20,158,0.7,749,20,1
1987-01-21,145,5.7,750,21,2
1987-01-22,129,5.7,751,22,3
1987-01-23,159,4.3,752,23,4
1987-01-24,125,6.6,753,24,5
1987-01-25,132,9.0,754,25,6
1987-01-26,137,9.4,755,26,0
1987-01-27,136,11.4,756,27,1
1987-01-28,138,10.2,757,28,2
1987-01-29,129,7.4,758,29,3
1987-01-30,118,4.5,759,30,4
1987-01-31,121,6.3,760,31,5
1987-02-01,116,6.5,761,32,6
1987-02-02,131,3.9,762,33,0
1987-02-03,116,2.4,763,34,1
1987-02-04,153,0.4,764,35,2
1987-02-05,124,5.4,765,36,3
1987-02-06,137,4.5,766,37,4
1987-02-07,149,2.6,767,38,5
1987-02-08,156,1.5,768,39,6
1987-02-09,135,0.0,769,40,0
1987-02-10,153,-0.3,770,41,1
1987-02-11,152,1.4,771,42,2
1987-02-12,148,1.3,772,43,3
1987-02-13,135,-0.2,773,44,4
1987-02-14,157,0.1,774,45,5
1987-02-15,121,1.4,775,46,6
1987-02-16,127,1.1,776,47,0
1987-02-17,149,1.1,777,48,1
1987-02-18,139,1.9,778,49,2
1987-02-19,148,1.5,779,50,3
1987-02-20,125,1.7,780,51,4
1987-02-21,128,2.8,781,52,5
1987-02-22,156,0.6,782,53,6
1987-02-23,134,1.6,783,54,0
1987-02-24,154,5.1,784,55,1
1987-02-25,144,6.3,785,56,2
1987-02-26,158,7.9,786,57,3
1987-02-27,151,7.2,787,58,4
1987-02-28,140,5.8,788,59,5
1987-03-01,136,5.6,789,60,6
1987-03-02,154,5.3,790,61,0
1987-03-03,149,7.1,791,62,1
1987-03-04,140,3.9,792,63,2
1987-03-05,120,5.5,793,64,3
1987-03-06,117,8.4,794,65,4
1987-03-07,141,6.9,795,66,5
1987-03-08,109,6.4,796,67,6
1987-03-09,137,6.0,797,68,0
1987-03-10,127,7.2,798,69,1
1987-03-11,136,7.3,799,70,2
1987-03-12,107,7.6,800,71,3
1987-03-13,117,9.2,801,72,4
1987-03-14,144,8.5,802,73,5
1987-03-15,127,5.2,803,74,6
1987-03-16,120,6.0,804,75,0
1987-03-17,115,11.6,805,76,1
1987-03-18,111,11.5,806,77,2
1987-03-19,103,11.1,807,78,3
1987-03-20,130,8.5,808,79,4
1987-03-21,116,5.4,809,80,5
1987-03-22,126,5.8,810,81,6
1987-03-23,115,7.5,811,82,0
1987-03-24,110,5.3,812,83,1
1987-03-25,120,4.0,813,84,2
1987-03-26,124,4.8,814,85,3
1987-03-27,107,6.0,815,86,4
1987-03-28,107,3.9,816,87,5
1987-03-29,121,5.8,817,88,6
1987-03-30,121,6.7,818,89,0
1987-03-31,123,6.0,819,90,1
1987-04-01,128,4.6,820,91,2
1987-04-02,135,5.6,821,92,3
1987-04-03,101,3.9,822,93,4
1987-04-04,109,5.1,823,94,5
1987-04-05,108,5.0,824,95,6
1987-04-06,110,5.2,825,96,0
1987-04-07,117,6.2,826,97,1
1987-04-08,120,7.9,827,98,2
1987-04-09,113,6.9,828,99,3
1987-04-10,139,9.3,829,100,4
1987-04-11,106,6.4,830,101,5
1987-04-12,105,5.1,831,102,6
1987-04-13,118,6.1,832,103,0
1987-04-14,131,8.4,833,104,1
1987-04-15,101,10.2,834,105,2
1987-04-16,100,11.1,835,106,3
1987-04-17,121,8.9,836,107,4
1987-04-18,124,4.4,837,108,5
1987-04-19,101,5.2,838,109,6
1987-04-20,97,5.6,839,110,0
1987-04-21,117,8.9,840,111,1
1987-04-22,107,9.5,841,112,2
1987-04-23,116,9.9,842,113,3
1987-04-24,107,9.7,843,114,4
1987-04-25,120,10.5,844,115,5
1987-04-26,108,11.3,845,116,6
1987-04-27,126,10.5,846,117,0
1987-04-28,74,10.6,847,118,1
1987-04-29,120,10.0,848,119,2
1987-04-30,126,11.3,849,120,3
1987-05-01,95,10.4,850,121,4
1987-05-02,117,8.9,851,122,5
1987-05-03,116,10.2,852,123,6
1987-05-04,95,10.3,853,124,0
1987-05-05,113,13.5,854,125,1
1987-05-06,119,14.4,855,126,2
1987-05-07,109,12.2,856,127,3
1987-05-08,114,12.1,857,128,4
1987-05-09,112,9.4,858,129,5
1987-05-10,125,8.5,859,130,6
1987-05-11,126,8.7,860,131,0
1987-05-12,112,9.9,861,132,1
1987-05-13,105,11.6,862,133,2
1987-05-14,101,11.8,863,134,3
1987-05-15,113,10.3,864,135,4
1987-05-16,95,11.9,865,136,5
1987-05-17,121,11.7,866,137,6
1987-05-18,117,11.0,867,138,0
1987-05-19,112,10.6,868,139,1
1987-05-20,100,10.5,869,140,2
1987-05-21,111,9.2,870,141,3
1987-05-22,102,10.3,871,142,4
1987-05-23,106,11.7,872,143,5
1987-05-24,122,13.2,873,144,6
1987-05-25,103,13.0,874,145,0
1987-05-26,123,11.4,875,146,1
1987-05-27,111,10.7,876,147,2
1987-05-28,113,8.7,877,148,3
1987-05-29,105,11.5,878,149,4
1987-05-30,115,13.0,879,150,5
1987-05-31,108,16.3,880,151,6
1987-06-01,107,16.9,881,152,0
1987-06-02,123,14.5,882,153,1
1987-06-03,106,15.1,883,154,2
1987-06-04,105,17.6,884,155,3
1987-06-05,123,16.6,885,156,4
1987-06-06,120,13.6,886,157,5
1987-06-07,113,19.1,887,158,6
1987-06-08,130,20.0,888,159,0
1987-06-09,113,16.4,889,160,1
1987-06-10,97,15.3,890,161,2
1987-06-11,106,15.4,891,162,3
1987-06-12,105,15.5,892,163,4
1987-06-13,102,13.6,893,164,5
1987-06-14,111,15.2,894,165,6
1987-06-15,102,13.0,895,166,0
1987-06-16,93,13.0,896,167,1
1987-06-17,97,14.5,897,168,2
1987-06-18,111,15.9,898,169,3
1987-06-19,104,16.6,899,170,4
1987-06-20,98,17.3,900,171,5
1987-06-21,108,16.8,901,172,6
1987-06-22,109,16.2,902,173,0
1987-06-23,116,17.4,903,174,1
1987-06-24,105,14.2,904,175,2
1987-06-25,117,16.5,905,176,3
1987-06-26,122,18.1,906,177,4
1987-06-27,107,14.5,907,178,5
1987-06-28,120,15.1,908,179,6
1987-06-29,96,17.0,909,180,0
1987-06-30,103,15.7,910,181,1
1987-07-01,112,15.8,911,182,2
1987-07-02,90,18.3,912,183,3
1987-07-03,108,19.3,913,184,4
1987-07-04,119,21.6,914,185,5
1987-07-05,108,22.1,915,186,6
1987-07-06,121,19.8,916,187,0
1987-07-07,111,20.5,917,188,1
1987-07-08,111,22.3,918,189,2
1987-07-09,114,22.3,919,190,3
1987-07-10,99,21.0,920,191,4
1987-07-11,107,23.4,921,192,5
1987-07-12,124,24.3,922,193,6
1987-07-13,108,24.0,923,194,0
1987-07-14,127,23.0,924,195,1
1987-07-15,107,25.1,925,196,2
1987-07-16,118,25.8,926,197,3
1987-07-17,97,23.3,927,198,4
1987-07-18,97,21.8,928,199,5
1987-07-19,92,20.6,929,200,6
1987-07-20,93,18.2,930,201,0
1987-07-21,83,17.5,931,202,1
1987-07-22,86,20.7,932,203,2
1987-07-23,115,19.8,933,204,3
1987-07-24,98,18.8,934,205,4
1987-07-25,99,20.5,935,206,5
1987-07-26,99,22.6,936,207,6
1987-07-27,112,22.3,937,208,0
1987-07-28,118,20.7,938,209,1
1987-07-29,102,22.7,939,210,2
1987-07-30,102,23.2,940,211,3
1987-07-31,100,22.4,941,212,4
1987-08-01,95,16.9,942,213,5
1987-08-02,103,14.0,943,214,6
1987-08-03,92,15.4,944,215,0
1987-08-04,110,17.5,945,216,1
1987-08-05,112,18.7,946,217,2
1987-08-06,87,17.8,947,218,3
1987-08-07,85,17.9,948,219,4
1987-08-08,98,19.7,949,220,5
1987-08-09,106,20.3,950,221,6
1987-08-10,83,19.3,951,222,0
1987-08-11,104,17.7,952,223,1
1987-08-12,101,18.3,953,224,2
1987-08-13,99,18.2,954,225,3
1987-08-14,93,20.5,955,226,4
1987-08-15,103,20.8,956,227,5
1987-08-16,94,19.4,957,228,6
1987-08-17,80,20.8,958,229,0
1987-08-18,98,20.1,959,230,1
1987-08-19,94,23.2,960,231,2
1987-08-20,103,20.8,961,232,3
1987-08-21,110,19.4,962,233,4
1987-08-22,94,20.2,963,234,5
1987-08-23,95,19.9,964,235,6
1987-08-24,97,18.3,965,236,0
1987-08-25,97,19.1,966,237,1
1987-08-26,84,19.6,967,238,2
1987-08-27,83,19.3,968,239,3
1987-08-28,103,17.1,969,240,4
1987-08-29,79,15.7,970,241,5
1987-08-30,87,14.8,971,242,6
1987-08-31,97,19.1,972,243,0
1987-09-01,93,18.1,973,244,1
1987-09-02,91,15.7,974,245,2
1987-09-03,101,15.7,975,246,3
1987-09-04,95,16.7,976,247,4
1987-09-05,92,16.4,977,248,5
1987-09-06,122,13.9,978,249,6
1987-09-07,92,13.7,979,250,0
1987-09-08,76,15.7,980,251,1
1987-09-09,112,15.2,981,252,2
1987-09-10,99,13.1,982,253,3
1987-09-11,93,11.5,983,254,4
1987-09-12,97,12.3,984,255,5
1987-09-13,106,12.4,985,256,6
1987-09-14,102,15.8,986,257,0
1987-09-15,108,15.1,987,258,1
1987-09-16,113,13.9,988,259,2
1987-09-17,101,14.6,989,260,3
1987-09-18,87,14.6,990,261,4
1987-09-19,111,13.7,991,262,5
1987-09-20,104,12.6,992,263,6
1987-09-21,97,11.9,993,264,0
1987-09-22,103,11.5,994,265,1
1987-09-23,96,15.9,995,266,2
1987-09-24,95,16.8,996,267,3
1987-09-25,120,15.2,997,268,4
1987-09-26,102,16.6,998,269,5
1987-09-27,99,16.9,999,270,6
1987-09-28,105,16.3,1000,271,0
1987-09-29,112,15.7,1001,272,1
1987-09-30,92,15.5,1002,273,2
1987-10-01,112,15.8,1003,274,3
1987-10-02,99,16.3,1004,275,4
1987-10-03,97,18.0,1005,276,5
1987-10-04,92,17.7,1006,277,6
1987-10-05,107,14.7,1007,278,0
1987-10-06,116,13.2,1008,279,1
1987-10-07,93,13.2,1009,280,2
1987-10-08,104,10.7,1010,281,3
1987-10-09,90,14.8,1011,282,4
1987-10-10,110,13.4,1012,283,5
1987-10-11,101,10.5,1013,284,6
1987-10-12,107,12.5,1014,285,0
1987-10-13,113,13.5,1015,286,1
1987-10-14,100,11.5,1016,287,2
1987-10-15,98,11.0,1017,288,3
1987-10-16,113,10.7,1018,289,4
1987-10-17,106,10.7,1019,290,5
1987-10-18,103,14.5,1020,291,6
1987-10-19,110,12.2,1021,292,0
1987-10-20,111,7.4,1022,293,1
1987-10-21,110,8.8,1023,294,2
1987-10-22,116,7.1,1024,295,3
1987-10-23,121,5.9,1025,296,4
1987-10-24,111,7.6,1026,297,5
1987-10-25,115,7.9,1027,298,6
1987-10-26,86,9.5,1028,299,0
1987-10-27,128,9.8,1029,300,1
1987-10-28,106,7.7,1030,301,2
1987-10-29,96,4.7,1031,302,3
1987-10-30,97,4.0,1032,303,4
1987-10-31,115,9.4,1033,304,5
1987-11-01,118,12.8,1034,305,6
1987-11-02,122,14.2,1035,306,0
1987-11-03,123,12.6,1036,307,1
1987-11-04,125,9.2,1037,308,2
1987-11-05,95,11.1,1038,309,3
1987-11-06,112,11.9,1039,310,4
1987-11-07,113,12.2,1040,311,5
1987-11-08,105,13.6,1041,312,6
1987-11-09,81,12.0,1042,313,0
1987-11-10,105,11.4,1043,314,1
1987-11-11,110,9.6,1044,315,2
1987-11-12,107,8.8,1045,316,3
1987-11-13,99,7.3,1046,317,4
1987-11-14,108,3.5,1047,318,5
1987-11-15,116,2.6,1048,319,6
1987-11-16,114,6.8,1049,320,0
1987-11-17,105,8.0,1050,321,1
1987-11-18,107,7.6,1051,322,2
1987-11-19,115,6.5,1052,323,3
1987-11-20,111,6.7,1053,324,4
1987-11-21,97,2.2,1054,325,5
1987-11-22,105,0.2,1055,326,6
1987-11-23,135,-1.6,1056,327,0
1987-11-24,112,4.2,1057,328,1
1987-11-25,135,13.0,1058,329,2
1987-11-26,134,13.5,1059,330,3
1987-11-27,141,11.0,1060,331,4
1987-11-28,101,8.5,1061,332,5
1987-11-29,101,6.5,1062,333,6
1987-11-30,118,6.3,1063,334,0
1987-12-01,117,3.4,1064,335,1
1987-12-02,100,2.3,1065,336,2
1987-12-03,122,1.1,1066,337,3
1987-12-04,125,2.1,1067,338,4
1987-12-05,128,5.3,1068,339,5
1987-12-06,108,2.4,1069,340,6
1987-12-07,115,0.4,1070,341,0
1987-12-08,134,9.1,1071,342,1
1987-12-09,131,9.0,1072,343,2
1987-12-10,124,2.7,1073,344,3
1987-12-11,127,-1.0,1074,345,4
1987-12-12,129,1.8,1075,346,5
1987-12-13,127,3.3,1076,347,6
1987-12-14,112,5.9,1077,348,0
1987-12-15,117,6.7,1078,349,1
1987-12-16,130,5.5,1079,350,2
1987-12-17,131,6.3,1080,351,3
1987-12-18,126,6.1,1081,352,4
1987-12-19,142,8.7,1082,353,5
1987-12-20,141,8.8,1083,354,6
1987-12-21,140,7.6,1084,355,0
1987-12-22,136,8.4,1085,356,1
1987-12-23,118,10.0,1086,357,2
1987-12-24,135,12.0,1087,358,3
1987-12-25,130,11.0,1088,359,4
1987-12-26,125,7.8,1089,360,5
1987-12-27,119,11.0,1090,361,6
1987-12-28,126,10.7,1091,362,0
1987-12-29,135,7.7,1092,363,1
1987-12-30,136,5.0,1093,364,2
1987-12-31,123,6.1,1094,365,3
1988-01-01,132,10.0,1095,1,4
1988-01-02,109,8.1,1096,2,5
1988-01-03,110,4.7,1097,3,6
1988-01-04,130,3.3,1098,4,0
1988-01-05,116,4.8,1099,5,1
1988-01-06,131,5.3,1100,6,2
1988-01-07,118,7.0,1101,7,3
1988-01-08,121,3.6,1102,8,4
1988-01-09,126,1.6,1103,9,5
1988-01-10,111,8.1,1104,10,6
1988-01-11,130,10.0,1105,11,0
1988-01-12,139,4.3,1106,12,1
1988-01-13,137,9.2,1107,13,2
1988-01-14,113,5.7,1108,14,3
1988-01-15,123,2.8,1109,15,4
1988-01-16,114,6.2,1110,16,5
1988-01-17,125,4.1,1111,17,6
1988-01-18,126,2.4,1112,18,0
1988-01-19,115,1.8,1113,19,1
1988-01-20,125,1.5,1114,20,2
1988-01-21,119,1.5,1115,21,3
1988-01-22,105,2.0,1116,22,4
1988-01-23,134,2.7,1117,23,5
1988-01-24,126,1.7,1118,24,6
1988-01-25,142,1.9,1119,25,0
1988-01-26,109,5.9,1120,26,1
1988-01-27,130,6.9,1121,27,2
1988-01-28,143,5.6,1122,28,3
1988-01-29,145,7.2,1123,29,4
1988-01-30,132,4.9,1124,30,5
1988-01-31,101,4.7,1125,31,6
1988-02-01,156,5.2,1126,32,0
1988-02-02,124,6.5,1127,33,1
1988-02-03,122,8.0,1128,34,2
1988-02-04,125,8.6,1129,35,3
1988-02-05,108,6.1,1130,36,4
1988-02-06,122,9.7,1131,37,5
1988-02-07,124,6.3,1132,38,6
1988-02-08,115,6.6,1133,39,0
1988-02-09,129,4.5,1134,40,1
1988-02-10,133,4.2,1135,41,2
1988-02-11,108,7.8,1136,42,3
1988-02-12,110,6.1,1137,43,4
1988-02-13,125,2.0,1138,44,5
1988-02-14,96,1.9,1139,45,6
1988-02-15,121,-0.3,1140,46,0
1988-02-16,124,0.8,1141,47,1
1988-02-17,118,3.3,1142,48,2
1988-02-18,123,2.6,1143,49,3
1988-02-19,115,0.8,1144,50,4
1988-02-20,121,2.2,1145,51,5
1988-02-21,128,5.7,1146,52,6
1988-02-22,128,5.2,1147,53,0
1988-02-23,102,3.7,1148,54,1
1988-02-24,126,3.0,1149,55,2
1988-02-25,106,2.5,1150,56,3
1988-02-26,126,2.4,1151,57,4
1988-02-27,138,3.9,1152,58,5
1988-02-28,126,3.5,1153,59,6
1988-02-29,132,4.0,1154,60,0
1988-03-01,143,7.9,1155,61,1
1988-03-02,138,5.5,1156,62,2
1988-03-03,116,4.5,1157,63,3
1988-03-04,115,4.5,1158,64,4
1988-03-05,130,8.3,1159,65,5
1988-03-06,121,9.3,1160,66,6
1988-03-07,119,7.8,1161,67,0
1988-03-08,120,4.0,1162,68,1
1988-03-09,104,4.3,1163,69,2
1988-03-10,127,5.4,1164,70,3
1988-03-11,118,6.6,1165,71,4
1988-03-12,115,5.7,1166,72,5
1988-03-13,124,4.0,1167,73,6
1988-03-14,133,5.1,1168,74,0
1988-03-15,117,3.8,1169,75,1
1988-03-16,115,3.3,1170,76,2
1988-03-17,127,4.0,1171,77,3
1988-03-18,110,3.8,1172,78,4
1988-03-19,125,4.0,1173,79,5
1988-03-20,137,4.9,1174,80,6
1988-03-21,143,5.1,1175,81,0
1988-03-22,139,6.4,1176,82,1
1988-03-23,116,7.8,1177,83,2
1988-03-24,129,6.0,1178,84,3
1988-03-25,122,6.0,1179,85,4
1988-03-26,127,7.2,1180,86,5
1988-03-27,141,5.6,1181,87,6
1988-03-28,117,4.3,1182,88,0
1988-03-29,137,6.6,1183,89,1
1988-03-30,115,5.4,1184,90,2
1988-03-31,117,4.5,1185,91,3
1988-04-01,126,3.3,1186,92,4
1988-04-02,122,3.9,1187,93,5
1988-04-03,136,3.5,1188,94,6
1988-04-04,129,4.6,1189,95,0
1988-04-05,125,4.0,1190,96,1
1988-04-06,118,5.5,1191,97,2
1988-04-07,101,7.1,1192,98,3
1988-04-08,114,7.3,1193,99,4
1988-04-09,109,7.9,1194,100,5
1988-04-10,130,7.2,1195,101,6
1988-04-11,133,8.3,1196,102,0
1988-04-12,107,7.5,1197,103,1
1988-04-13,100,8.5,1198,104,2
1988-04-14,122,9.2,1199,105,3
1988-04-15,128,7.4,1200,106,4
1988-04-16,112,6.5,1201,107,5
1988-04-17,104,7.2,1202,108,6
1988-04-18,107,10.3,1203,109,0
1988-04-19,107,12.3,1204,110,1
1988-04-20,127,12.9,1205,111,2
1988-04-21,97,15.0,1206,112,3
1988-04-22,134,14.2,1207,113,4
1988-04-23,117,11.6,1208,114,5
1988-04-24,127,12.4,1209,115,6
1988-04-25,104,14.4,1210,116,0
1988-04-26,118,14.3,1211,117,1
1988-04-27,104,12.0,1212,118,2
1988-04-28,119,11.0,1213,119,3
1988-04-29,94,9.9,1214,120,4
1988-04-30,95,11.3,1215,121,5
1988-05-01,124,11.9,1216,122,6
1988-05-02,111,10.1,1217,123,0
1988-05-03,101,9.9,1218,124,1
1988-05-04,133,11.6,1219,125,2
1988-05-05,127,10.9,1220,126,3
1988-05-06,117,9.8,1221,127,4
1988-05-07,114,8.3,1222,128,5
1988-05-08,122,7.4,1223,129,6
1988-05-09,103,8.8,1224,130,0
1988-05-10,112,9.6,1225,131,1
1988-05-11,103,8.7,1226,132,2
1988-05-12,98,9.6,1227,133,3
1988-05-13,102,10.2,1228,134,4
1988-05-14,108,10.9,1229,135,5
1988-05-15,132,10.4,1230,136,6
1988-05-16,119,12.2,1231,137,0
1988-05-17,113,10.7,1232,138,1
1988-05-18,114,11.2,1233,139,2
1988-05-19,103,11.3,1234,140,3
1988-05-20,122,8.8,1235,141,4
1988-05-21,99,10.0,1236,142,5
1988-05-22,114,10.3,1237,143,6
1988-05-23,120,13.1,1238,144,0
1988-05-24,110,16.3,1239,145,1
1988-05-25,107,10.5,1240,146,2
1988-05-26,102,9.5,1241,147,3
1988-05-27,109,7.7,1242,148,4
1988-05-28,104,9.9,1243,149,5
1988-05-29,106,11.8,1244,150,6
1988-05-30,123,14.5,1245,151,0
1988-05-31,106,13.9,1246,152,1
1988-06-01,129,11.5,1247,153,2
1988-06-02,101,12.7,1248,154,3
1988-06-03,103,12.9,1249,155,4
1988-06-04,99,12.5,1250,156,5
1988-06-05,115,12.4,1251,157,6
1988-06-06,95,14.1,1252,158,0
1988-06-07,130,16.3,1253,159,1
1988-06-08,94,15.7,1254,160,2
1988-06-09,116,16.1,1255,161,3
1988-06-10,87,18.4,1256,162,4
1988-06-11,104,14.7,1257,163,5
1988-06-12,88,15.5,1258,164,6
1988-06-13,101,17.3,1259,165,0
1988-06-14,107,18.3,1260,166,1
1988-06-15,91,17.1,1261,167,2
1988-06-16,108,18.4,1262,168,3
1988-06-17,118,18.3,1263,169,4
1988-06-18,106,19.9,1264,170,5
1988-06-19,99,21.3,1265,171,6
1988-06-20,112,22.1,1266,172,0
1988-06-21,99,17.9,1267,173,1
1988-06-22,97,15.8,1268,174,2
1988-06-23,107,13.9,1269,175,3
1988-06-24,80,14.0,1270,176,4
1988-06-25,99,18.3,1271,177,5
1988-06-26,116,19.3,1272,178,6
1988-06-27,92,18.1,1273,179,0
1988-06-28,93,13.3,1274,180,1
1988-06-29,83,13.6,1275,181,2
1988-06-30,105,14.4,1276,182,3
1988-07-01,111,15.9,1277,183,4
1988-07-02,87,14.0,1278,184,5
1988-07-03,108,15.1,1279,185,6
1988-07-04,111,16.5,1280,186,0
1988-07-05,108,18.9,1281,187,1
1988-07-06,102,20.0,1282,188,2
1988-07-07,115,20.9,1283,189,3
1988-07-08,95,22.6,1284,190,4
1988-07-09,111,17.8,1285,191,5
1988-07-10,105,19.0,1286,192,6
1988-07-11,105,17.1,1287,193,0
1988-07-12,75,15.9,1288,194,1
1988-07-13,90,16.7,1289,195,2
1988-07-14,108,16.9,1290,196,3
1988-07-15,98,15.5,1291,197,4
1988-07-16,95,16.4,1292,198,5
1988-07-17,90,16.9,1293,199,6
1988-07-18,99,19.3,1294,200,0
1988-07-19,99,16.8,1295,201,1
1988-07-20,104,15.5,1296,202,2
1988-07-21,88,17.6,1297,203,3
1988-07-22,106,19.7,1298,204,4
1988-07-23,87,19.2,1299,205,5
1988-07-24,68,17.3,1300,206,6
1988-07-25,89,15.4,1301,207,0
1988-07-26,97,16.9,1302,208,1
1988-07-27,107,20.1,1303,209,2
1988-07-28,99,22.9,1304,210,3
1988-07-29,96,20.4,1305,211,4
1988-07-30,119,22.4,1306,212,5
1988-07-31,108,19.2,1307,213,6
1988-08-01,93,17.9,1308,214,0
1988-08-02,100,17.7,1309,215,1
1988-08-03,99,18.4,1310,216,2
1988-08-04,86,16.7,1311,217,3
1988-08-05,95,15.9,1312,218,4
1988-08-06,106,16.2,1313,219,5
1988-08-07,79,15.6,1314,220,6
1988-08-08,98,16.2,1315,221,0
1988-08-09,112,17.9,1316,222,1
1988-08-10,108,16.4,1317,223,2
1988-08-11,103,15.9,1318,224,3
1988-08-12,106,17.2,1319,225,4
1988-08-13,84,18.9,1320,226,5
1988-08-14,87,19.3,1321,227,6
1988-08-15,107,18.7,1322,228,0
1988-08-16,106,18.9,1323,229,1
1988-08-17,93,18.2,1324,230,2
1988-08-18,78,19.0,1325,231,3
1988-08-19,102,21.1,1326,232,4
1988-08-20,88,21.8,1327,233,5
1988-08-21,92,22.9,1328,234,6
1988-08-22,79,20.3,1329,235,0
1988-08-23,102,20.2,1330,236,1
1988-08-24,117,19.8,1331,237,2
1988-08-25,98,19.5,1332,238,3
1988-08-26,92,18.1,1333,239,4
1988-08-27,96,19.9,1334,240,5
1988-08-28,100,19.2,1335,241,6
1988-08-29,78,19.6,1336,242,0
1988-08-30,103,20.3,1337,243,1
1988-08-31,96,20.8,1338,244,2
1988-09-01,89,19.7,1339,245,3
1988-09-02,88,18.9,1340,246,4
1988-09-03,73,19.9,1341,247,5
1988-09-04,95,15.1,1342,248,6
1988-09-05,84,11.7,1343,249,0
1988-09-06,89,12.9,1344,250,1
1988-09-07,105,12.8,1345,251,2
1988-09-08,95,14.6,1346,252,3
1988-09-09,108,15.3,1347,253,4
1988-09-10,97,13.5,1348,254,5
1988-09-11,85,15.6,1349,255,6
1988-09-12,112,17.2,1350,256,0
1988-09-13,87,16.5,1351,257,1
1988-09-14,91,16.2,1352,258,2
1988-09-15,104,15.2,1353,259,3
1988-09-16,100,16.0,1354,260,4
1988-09-17,91,14.2,1355,261,5
1988-09-18,103,13.4,1356,262,6
1988-09-19,97,14.4,1357,263,0
1988-09-20,104,12.9,1358,264,1
1988-09-21,124,11.1,1359,265,2
1988-09-22,101,12.1,1360,266,3
1988-09-23,98,10.2,1361,267,4
1988-09-24,92,10.4,1362,268,5
1988-09-25,87,11.0,1363,269,6
1988-09-26,102,11.9,1364,270,0
1988-09-27,92,13.6,1365,271,1
1988-09-28,114,16.3,1366,272,2
1988-09-29,126,15.5,1367,273,3
1988-09-30,107,13.7,1368,274,4
1988-10-01,113,10.5,1369,275,5
1988-10-02,118,10.2,1370,276,6
1988-10-03,110,10.3,1371,277,0
1988-10-04,117,11.3,1372,278,1
1988-10-05,109,11.4,1373,279,2
1988-10-06,100,10.4,1374,280,3
1988-10-07,114,10.5,1375,281,4
1988-10-08,117,15.1,1376,282,5
1988-10-09,113,15.8,1377,283,6
1988-10-10,101,12.8,1378,284,0
1988-10-11,114,11.1,1379,285,1
1988-10-12,104,12.9,1380,286,2
1988-10-13,109,13.6,1381,287,3
1988-10-14,99,13.3,1382,288,4
1988-10-15,89,10.6,1383,289,5
1988-10-16,90,12.9,1384,290,6
1988-10-17,104,12.9,1385,291,0
1988-10-18,105,13.2,1386,292,1
1988-10-19,106,12.2,1387,293,2
1988-10-20,114,10.6,1388,294,3
1988-10-21,110,9.7,1389,295,4
1988-10-22,107,14.7,1390,296,5
1988-10-23,111,12.0,1391,297,6
1988-10-24,89,11.6,1392,298,0
1988-10-25,104,12.0,1393,299,1
1988-10-26,124,7.8,1394,300,2
1988-10-27,99,5.9,1395,301,3
1988-10-28,94,12.2,1396,302,4
1988-10-29,110,16.1,1397,303,5
1988-10-30,110,14.8,1398,304,6
1988-10-31,115,13.5,1399,305,0
1988-11-01,113,15.0,1400,306,1
1988-11-02,106,13.5,1401,307,2
1988-11-03,106,8.3,1402,308,3
1988-11-04,113,7.7,1403,309,4
1988-11-05,120,7.4,1404,310,5
1988-11-06,110,8.3,1405,311,6
1988-11-07,115,10.5,1406,312,0
1988-11-08,115,12.5,1407,313,1
1988-11-09,106,12.8,1408,314,2
1988-11-10,112,11.4,1409,315,3
1988-11-11,116,11.0,1410,316,4
1988-11-12,102,13.3,1411,317,5
1988-11-13,96,9.5,1412,318,6
1988-11-14,116,9.3,1413,319,0
1988-11-15,102,3.1,1414,320,1
1988-11-16,97,5.0,1415,321,2
1988-11-17,113,6.1,1416,322,3
1988-11-18,109,6.5,1417,323,4
1988-11-19,106,5.1,1418,324,5
1988-11-20,102,6.2,1419,325,6
1988-11-21,110,9.9,1420,326,0
1988-11-22,124,11.9,1421,327,1
1988-11-23,131,11.0,1422,328,2
1988-11-24,128,9.7,1423,329,3
1988-11-25,97,7.3,1424,330,4
1988-11-26,113,4.3,1425,331,5
1988-11-27,125,8.5,1426,332,6
1988-11-28,95,11.2,1427,333,0
1988-11-29,124,10.8,1428,334,1
1988-11-30,101,10.8,1429,335,2
1988-12-01,111,10.5,1430,336,3
1988-12-02,96,8.2,1431,337,4
1988-12-03,129,8.2,1432,338,5
1988-12-04,107,9.6,1433,339,6
1988-12-05,104,10.8,1434,340,0
1988-12-06,99,7.6,1435,341,1
1988-12-07,102,7.3,1436,342,2
1988-12-08,102,6.5,1437,343,3
1988-12-09,108,5.7,1438,344,4
1988-12-10,98,4.5,1439,345,5
1988-12-11,114,1.3,1440,346,6
1988-12-12,107,4.5,1441,347,0
1988-12-13,121,5.6,1442,348,1
1988-12-14,111,7.6,1443,349,2
1988-12-15,103,5.3,1444,350,3
1988-12-16,129,4.9,1445,351,4
1988-12-17,124,4.9,1446,352,5
1988-12-18,116,3.1,1447,353,6
1988-12-19,115,8.5,1448,354,0
1988-12-20,105,10.4,1449,355,1
1988-12-21,107,5.0,1450,356,2
1988-12-22,122,5.5,1451,357,3
1988-12-23,127,10.9,1452,358,4
1988-12-24,129,6.7,1453,359,5
1988-12-25,124,3.6,1454,360,6
1988-12-26,132,2.2,1455,361,0
1988-12-27,104,2.2,1456,362,1
1988-12-28,136,1.2,1457,363,2
1988-12-29,119,1.9,1458,364,3
1988-12-30,137,5.8,1459,365,4
1988-12-31,114,6.5,1460,366,5
1989-01-01,130,4.0,1461,1,6
1989-01-02,144,2.0,1462,2,0
1989-01-03,147,1.9,1463,3,1
1989-01-04,121,1.3,1464,4,2
1989-01-05,140,-1.4,1465,5,3
1989-01-06,156,-0.5,1466,6,4
1989-01-07,131,-3.2,1467,7,5
1989-01-08,130,-3.3,1468,8,6
1989-01-09,129,-0.7,1469,9,0
1989-01-10,141,0.1,1470,10,1
1989-01-11,128,0.0,1471,11,2
1989-01-12,138,1.6,1472,12,3
1989-01-13,121,-1.2,1473,13,4
1989-01-14,132,-1.6,1474,14,5
1989-01-15,138,-2.2,1475,15,6
1989-01-16,135,-4.9,1476,16,0
1989-01-17,166,-4.5,1477,17,1
1989-01-18,160,0.3,1478,18,2
1989-01-19,149,0.8,1479,19,3
1989-01-20,169,1.5,1480,20,4
1989-01-21,139,6.8,1481,21,5
1989-01-22,159,4.4,1482,22,6
1989-01-23,139,1.6,1483,23,0
1989-01-24,125,2.7,1484,24,1
1989-01-25,153,6.1,1485,25,2
1989-01-26,141,3.4,1486,26,3
1989-01-27,131,0.3,1487,27,4
1989-01-28,120,6.2,1488,28,5
1989-01-29,144,8.7,1489,29,6
1989-01-30,129,7.0,1490,30,0
1989-01-31,115,9.9,1491,31,1
1989-02-01,141,10.9,1492,32,2
1989-02-02,112,9.5,1493,33,3
1989-02-03,121,8.4,1494,34,4
1989-02-04,138,8.1,1495,35,5
1989-02-05,122,5.7,1496,36,6
1989-02-06,124,8.4,1497,37,0
1989-02-07,125,4.2,1498,38,1
1989-02-08,117,2.6,1499,39,2
1989-02-09,122,-0.3,1500,40,3
1989-02-10,128,-2.5,1501,41,4
1989-02-11,134,-2.7,1502,42,5
1989-02-12,139,-3.1,1503,43,6
1989-02-13,143,-4.2,1504,44,0
1989-02-14,132,-2.1,1505,45,1
1989-02-15,149,-2.0,1506,46,2
1989-02-16,137,-0.9,1507,47,3
1989-02-17,156,0.8,1508,48,4
1989-02-18,129,-0.2,1509,49,5
1989-02-19,134,-1.5,1510,50,6
1989-02-20,145,2.0,1511,51,0
1989-02-21,159,3.4,1512,52,1
1989-02-22,137,3.3,1513,53,2
1989-02-23,156,4.4,1514,54,3
1989-02-24,175,6.4,1515,55,4
1989-02-25,135,5.2,1516,56,5
1989-02-26,159,5.3,1517,57,6
1989-02-27,136,7.2,1518,58,0
1989-02-28,150,5.5,1519,59,1
1989-03-01,136,5.3,1520,60,2
1989-03-02,167,5.7,1521,61,3
1989-03-03,149,7.6,1522,62,4
1989-03-04,136,6.0,1523,63,5
1989-03-05,134,4.5,1524,64,6
1989-03-06,160,4.3,1525,65,0
1989-03-07,126,6.9,1526,66,1
1989-03-08,144,6.1,1527,67,2
1989-03-09,134,6.9,1528,68,3
1989-03-10,157,7.5,1529,69,4
1989-03-11,137,5.8,1530,70,5
1989-03-12,132,4.4,1531,71,6
1989-03-13,154,3.8,1532,72,0
1989-03-14,139,3.9,1533,73,1
1989-03-15,156,2.2,1534,74,2
1989-03-16,144,1.6,1535,75,3
1989-03-17,141,2.0,1536,76,4
1989-03-18,155,2.0,1537,77,5
1989-03-19,150,0.8,1538,78,6
1989-03-20,145,-0.5,1539,79,0
1989-03-21,141,2.5,1540,80,1
1989-03-22,134,6.4,1541,81,2
1989-03-23,138,5.8,1542,82,3
1989-03-24,178,6.4,1543,83,4
1989-03-25,127,4.7,1544,84,5
1989-03-26,138,4.8,1545,85,6
1989-03-27,157,4.1,1546,86,0
1989-03-28,126,4.6,1547,87,1
1989-03-29,137,7.2,1548,88,2
1989-03-30,144,10.0,1549,89,3
1989-03-31,127,11.1,1550,90,4
1989-04-01,165,12.2,1551,91,5
1989-04-02,153,12.0,1552,92,6
1989-04-03,152,14.2,1553,93,0
1989-04-04,133,12.0,1554,94,1
1989-04-05,128,10.5,1555,95,2
1989-04-06,135,9.6,1556,96,3
1989-04-07,122,9.0,1557,97,4
1989-04-08,109,9.6,1558,98,5
1989-04-09,140,8.2,1559,99,6
1989-04-10,109,8.5,1560,100,0
1989-04-11,139,7.2,1561,101,1
1989-04-12,125,8.2,1562,102,2
1989-04-13,156,8.2,1563,103,3
1989-04-14,105,9.2,1564,104,4
1989-04-15,119,8.6,1565,105,5
1989-04-16,129,12.7,1566,106,6
1989-04-17,127,12.0,1567,107,0
1989-04-18,129,12.2,1568,108,1
1989-04-19,103,12.9,1569,109,2
1989-04-20,110,7.0,1570,110,3
1989-04-21,121,5.9,1571,111,4
1989-04-22,121,8.7,1572,112,5
1989-04-23,106,7.0,1573,113,6
1989-04-24,116,6.7,1574,114,0
1989-04-25,103,6.7,1575,115,1
1989-04-26,111,5.9,1576,116,2
1989-04-27,118,6.6,1577,117,3
1989-04-28,106,5.0,1578,118,4
1989-04-29,106,7.6,1579,119,5
1989-04-30,115,12.4,1580,120,6
1989-05-01,121,10.2,1581,121,0
1989-05-02,109,9.6,1582,122,1
1989-05-03,117,8.2,1583,123,2
1989-05-04,117,9.2,1584,124,3
1989-05-05,110,9.1,1585,125,4
1989-05-06,118,11.1,1586,126,5
1989-05-07,107,12.6,1587,127,6
1989-05-08,110,12.6,1588,128,0
1989-05-09,120,11.8,1589,129,1
1989-05-10,95,8.9,1590,130,2
1989-05-11,108,8.3,1591,131,3
1989-05-12,102,8.6,1592,132,4
1989-05-13,110,10.9,1593,133,5
1989-05-14,105,9.6,1594,134,6
1989-05-15,87,11.8,1595,135,0
1989-05-16,112,13.3,1596,136,1
1989-05-17,99,15.0,1597,137,2
1989-05-18,92,15.7,1598,138,3
1989-05-19,106,13.2,1599,139,4
1989-05-20,91,13.8,1600,140,5
1989-05-21,123,13.5,1601,141,6
1989-05-22,109,11.7,1602,142,0
1989-05-23,93,12.6,1603,143,1
1989-05-24,93,13.0,1604,144,2
1989-05-25,106,15.3,1605,145,3
1989-05-26,104,17.2,1606,146,4
1989-05-27,116,14.7,1607,147,5
1989-05-28,108,14.4,1608,148,6
1989-05-29,101,13.5,1609,149,0
1989-05-30,111,13.1,1610,150,1
1989-05-31,106,13.3,1611,151,2
1989-06-01,104,14.7,1612,152,3
1989-06-02,104,16.7,1613,153,4
1989-06-03,107,17.5,1614,154,5
1989-06-04,111,16.2,1615,155,6
1989-06-05,101,16.7,1616,156,0
1989-06-06,117,12.6,1617,157,1
1989-06-07,88,9.1,1618,158,2
1989-06-08,118,10.4,1619,159,3
1989-06-09,100,12.6,1620,160,4
1989-06-10,115,12.4,1621,161,5
1989-06-11,95,12.7,1622,162,6
1989-06-12,123,12.7,1623,163,0
1989-06-13,115,12.7,1624,164,1
1989-06-14,117,12.7,1625,165,2
1989-06-15,98,12.4,1626,166,3
1989-06-16,92,13.7,1627,167,4
1989-06-17,83,13.5,1628,168,5
1989-06-18,97,13.0,1629,169,6
1989-06-19,127,14.4,1630,170,0
1989-06-20,99,15.1,1631,171,1
1989-06-21,115,13.1,1632,172,2
1989-06-22,106,13.5,1633,173,3
1989-06-23,110,14.0,1634,174,4
1989-06-24,106,14.1,1635,175,5
1989-06-25,105,12.5,1636,176,6
1989-06-26,124,13.1,1637,177,0
1989-06-27,92,14.8,1638,178,1
1989-06-28,101,13.7,1639,179,2
1989-06-29,118,16.7,1640,180,3
1989-06-30,109,17.4,1641,181,4
1989-07-01,86,18.1,1642,182,5
1989-07-02,98,18.7,1643,183,6
1989-07-03,92,19.0,1644,184,0
1989-07-04,118,20.4,1645,185,1
1989-07-05,93,21.1,1646,186,2
1989-07-06,98,16.7,1647,187,3
1989-07-07,94,16.5,1648,188,4
1989-07-08,93,18.7,1649,189,5
1989-07-09,89,17.6,1650,190,6
1989-07-10,100,17.2,1651,191,0
1989-07-11,109,17.2,1652,192,1
1989-07-12,91,18.4,1653,193,2
1989-07-13,106,20.1,1654,194,3
1989-07-14,90,19.8,1655,195,4
1989-07-15,91,15.4,1656,196,5
1989-07-16,87,16.2,1657,197,6
1989-07-17,84,15.8,1658,198,0
1989-07-18,97,16.4,1659,199,1
1989-07-19,104,15.0,1660,200,2
1989-07-20,95,14.8,1661,201,3
1989-07-21,85,14.8,1662,202,4
1989-07-22,120,17.5,1663,203,5
1989-07-23,104,18.5,1664,204,6
1989-07-24,89,18.8,1665,205,0
1989-07-25,110,22.1,1666,206,1
1989-07-26,94,18.6,1667,207,2
1989-07-27,103,17.4,1668,208,3
1989-07-28,89,16.8,1669,209,4
1989-07-29,102,15.2,1670,210,5
1989-07-30,88,15.8,1671,211,6
1989-07-31,107,17.7,1672,212,0
1989-08-01,99,16.3,1673,213,1
1989-08-02,101,15.0,1674,214,2
1989-08-03,95,15.0,1675,215,3
1989-08-04,107,14.0,1676,216,4
1989-08-05,85,15.3,1677,217,5
1989-08-06,88,14.3,1678,218,6
1989-08-07,96,14.1,1679,219,0
1989-08-08,78,14.8,1680,220,1
1989-08-09,106,15.9,1681,221,2
1989-08-10,104,14.3,1682,222,3
1989-08-11,106,14.3,1683,223,4
1989-08-12,109,14.9,1684,224,5
1989-08-13,111,15.6,1685,225,6
1989-08-14,110,16.5,1686,226,0
1989-08-15,99,15.4,1687,227,1
1989-08-16,97,15.5,1688,228,2
1989-08-17,100,15.7,1689,229,3
1989-08-18,84,15.8,1690,230,4
1989-08-19,120,17.1,1691,231,5
1989-08-20,92,15.8,1692,232,6
1989-08-21,97,17.0,1693,233,0
1989-08-22,103,15.5,1694,234,1
1989-08-23,84,15.0,1695,235,2
1989-08-24,103,15.2,1696,236,3
1989-08-25,96,14.1,1697,237,4
1989-08-26,92,14.3,1698,238,5
1989-08-27,89,14.4,1699,239,6
1989-08-28,111,17.5,1700,240,0
1989-08-29,104,19.1,1701,241,1
1989-08-30,89,19.0,1702,242,2
1989-08-31,98,15.8,1703,243,3
1989-09-01,94,14.0,1704,244,4
1989-09-02,91,13.7,1705,245,5
1989-09-03,92,15.0,1706,246,6
1989-09-04,107,13.3,1707,247,0
1989-09-05,98,15.4,1708,248,1
1989-09-06,108,12.0,1709,249,2
1989-09-07,115,12.1,1710,250,3
1989-09-08,97,15.5,1711,251,4
1989-09-09,93,16.5,1712,252,5
1989-09-10,116,16.2,1713,253,6
1989-09-11,111,17.1,1714,254,0
1989-09-12,100,18.1,1715,255,1
1989-09-13,92,14.8,1716,256,2
1989-09-14,105,13.2,1717,257,3
1989-09-15,79,13.2,1718,258,4
1989-09-16,101,13.8,1719,259,5
1989-09-17,111,18.4,1720,260,6
1989-09-18,94,17.0,1721,261,0
1989-09-19,100,16.6,1722,262,1
1989-09-20,115,14.6,1723,263,2
1989-09-21,97,16.8,1724,264,3
1989-09-22,112,18.6,1725,265,4
1989-09-23,93,16.2,1726,266,5
1989-09-24,100,14.4,1727,267,6
1989-09-25,102,15.8,1728,268,0
1989-09-26,97,17.3,1729,269,1
1989-09-27,109,15.9,1730,270,2
1989-09-28,105,14.7,1731,271,3
1989-09-29,94,17.6,1732,272,4
1989-09-30,103,17.0,1733,273,5
1989-10-01,100,19.2,1734,274,6
1989-10-02,82,17.7,1735,275,0
1989-10-03,120,17.0,1736,276,1
1989-10-04,105,15.6,1737,277,2
1989-10-05,98,14.4,1738,278,3
1989-10-06,100,15.2,1739,279,4
1989-10-07,105,12.9,1740,280,5
1989-10-08,95,10.8,1741,281,6
1989-10-09,127,12.5,1742,282,0
1989-10-10,110,14.0,1743,283,1
1989-10-11,115,16.4,1744,284,2
1989-10-12,88,13.6,1745,285,3
1989-10-13,94,11.7,1746,286,4
1989-10-14,81,11.0,1747,287,5
1989-10-15,129,13.5,1748,288,6
1989-10-16,101,11.5,1749,289,0
1989-10-17,104,12.0,1750,290,1
1989-10-18,98,11.9,1751,291,2
1989-10-19,82,11.6,1752,292,3
1989-10-20,116,9.4,1753,293,4
1989-10-21,118,8.4,1754,294,5
1989-10-22,92,9.9,1755,295,6
1989-10-23,110,10.2,1756,296,0
1989-10-24,98,8.8,1757,297,1
1989-10-25,103,9.1,1758,298,2
1989-10-26,95,7.6,1759,299,3
1989-10-27,122,9.8,1760,300,4
1989-10-28,111,9.4,1761,301,5
1989-10-29,113,8.5,1762,302,6
1989-10-30,105,8.0,1763,303,0
1989-10-31,128,7.0,1764,304,1
1989-11-01,103,7.0,1765,305,2
1989-11-02,115,4.9,1766,306,3
1989-11-03,108,2.1,1767,307,4
1989-11-04,112,8.8,1768,308,5
1989-11-05,115,10.8,1769,309,6
1989-11-06,121,7.2,1770,310,0
1989-11-07,116,10.6,1771,311,1
1989-11-08,128,13.8,1772,312,2
1989-11-09,125,11.3,1773,313,3
1989-11-10,125,4.5,1774,314,4
1989-11-11,107,3.5,1775,315,5
1989-11-12,126,0.8,1776,316,6
1989-11-13,101,0.5,1777,317,0
1989-11-14,111,1.2,1778,318,1
1989-11-15,102,5.8,1779,319,2
1989-11-16,129,3.2,1780,320,3
1989-11-17,112,5.7,1781,321,4
1989-11-18,133,3.4,1782,322,5
1989-11-19,109,1.1,1783,323,6
1989-11-20,136,1.7,1784,324,0
1989-11-21,131,4.7,1785,325,1
1989-11-22,89,4.8,1786,326,2
1989-11-23,126,5.1,1787,327,3
1989-11-24,110,3.9,1788,328,4
1989-11-25,140,4.2,1789,329,5
1989-11-26,134,2.5,1790,330,6
1989-11-27,117,2.2,1791,331,0
1989-11-28,125,0.1,1792,332,1
1989-11-29,140,0.9,1793,333,2
1989-11-30,120,7.2,1794,334,3
1989-12-01,120,12.6,1795,335,4
1989-12-02,107,13.7,1796,336,5
1989-12-03,119,13.4,1797,337,6
1989-12-04,113,12.3,1798,338,0
1989-12-05,134,10.0,1799,339,1
1989-12-06,136,8.3,1800,340,2
1989-12-07,125,7.4,1801,341,3
1989-12-08,118,6.7,1802,342,4
1989-12-09,115,4.9,1803,343,5
1989-12-10,108,4.5,1804,344,6
1989-12-11,126,8.2,1805,345,0
1989-12-12,129,8.8,1806,346,1
1989-12-13,122,11.3,1807,347,2
1989-12-14,120,12.8,1808,348,3
1989-12-15,114,11.7,1809,349,4
1989-12-16,108,10.3,1810,350,5
1989-12-17,114,9.9,1811,351,6
1989-12-18,129,9.4,1812,352,0
1989-12-19,129,7.3,1813,353,1
1989-12-20,127,10.4,1814,354,2
1989-12-21,127,11.5,1815,355,3
1989-12-22,113,9.1,1816,356,4
1989-12-23,126,7.8,1817,357,5
1989-12-24,126,9.5,1818,358,6
1989-12-25,146,7.5,1819,359,0
1989-12-26,129,5.7,1820,360,1
1989-12-27,126,1.6,1821,361,2
1989-12-28,120,-2.7,1822,362,3
1989-12-29,116,-2.4,1823,363,4
1989-12-30,127,-1.0,1824,364,5
1989-12-31,140,4.3,1825,365,6
1990-01-01,164,2.9,1826,1,0
1990-01-02,132,6.0,1827,2,1
1990-01-03,149,2.9,1828,3,2
1990-01-04,136,0.8,1829,4,3
1990-01-05,164,2.9,1830,5,4
1990-01-06,166,1.7,1831,6,5
1990-01-07,149,0.6,1832,7,6
1990-01-08,134,2.2,1833,8,0
1990-01-09,180,3.1,1834,9,1
1990-01-10,170,9.0,1835,10,2
1990-01-11,143,5.9,1836,11,3
1990-01-12,151,5.5,1837,12,4
1990-01-13,177,9.9,1838,13,5
1990-01-14,147,7.0,1839,14,6
1990-01-15,168,5.6,1840,15,0
1990-01-16,133,2.1,1841,16,1
1990-01-17,124,2.5,1842,17,2
1990-01-18,174,9.6,1843,18,3
1990-01-19,160,9.4,1844,19,4
1990-01-20,132,6.4,1845,20,5
1990-01-21,156,7.2,1846,21,6
1990-01-22,130,6.1,1847,22,0
1990-01-23,149,5.9,1848,23,1
1990-01-24,140,3.2,1849,24,2
1990-01-25,105,1.2,1850,25,3
1990-01-26,130,-1.6,1851,26,4
1990-01-27,123,2.0,1852,27,5
1990-01-28,172,2.4,1853,28,6
1990-01-29,147,3.5,1854,29,0
1990-01-30,149,3.7,1855,30,1
1990-01-31,155,2.9,1856,31,2
1990-02-01,119,2.7,1857,32,3
1990-02-02,136,2.9,1858,33,4
1990-02-03,149,2.0,1859,34,5
1990-02-04,129,2.1,1860,35,6
1990-02-05,149,1.0,1861,36,0
1990-02-06,155,-0.9,1862,37,1
1990-02-07,138,-0.8,1863,38,2
1990-02-08,141,-1.5,1864,39,3
1990-02-09,125,-2.9,1865,40,4
1990-02-10,160,-5.0,1866,41,5
1990-02-11,137,-1.4,1867,42,6
1990-02-12,151,0.2,1868,43,0
1990-02-13,152,0.4,1869,44,1
1990-02-14,151,-1.0,1870,45,2
1990-02-15,151,0.9,1871,46,3
1990-02-16,158,0.6,1872,47,4
1990-02-17,140,0.5,1873,48,5
1990-02-18,135,-0.1,1874,49,6
1990-02-19,168,0.1,1875,50,0
1990-02-20,164,-1.7,1876,51,1
1990-02-21,149,-4.6,1877,52,2
1990-02-22,150,-2.0,1878,53,3
1990-02-23,137,-1.3,1879,54,4
1990-02-24,156,-0.5,1880,55,5
1990-02-25,153,-2.0,1881,56,6
1990-02-26,142,-1.4,1882,57,0
1990-02-27,153,-1.1,1883,58,1
1990-02-28,134,-0.2,1884,59,2
1990-03-01,155,-1.1,1885,60,3
1990-03-02,137,0.6,1886,61,4
1990-03-03,166,0.1,1887,62,5
1990-03-04,123,5.2,1888,63,6
1990-03-05,160,8.7,1889,64,0
1990-03-06,143,5.0,1890,65,1
1990-03-07,134,4.4,1891,66,2
1990-03-08,141,3.7,1892,67,3
1990-03-09,130,4.4,1893,68,4
1990-03-10,151,6.0,1894,69,5
1990-03-11,122,5.9,1895,70,6
1990-03-12,132,3.2,1896,71,0
1990-03-13,138,3.0,1897,72,1
1990-03-14,110,5.8,1898,73,2
1990-03-15,115,8.1,1899,74,3
1990-03-16,123,7.0,1900,75,4
1990-03-17,129,6.7,1901,76,5
1990-03-18,126,7.8,1902,77,6
1990-03-19,130,7.2,1903,78,0
1990-03-20,115,6.5,1904,79,1
1990-03-21,136,6.8,1905,80,2
1990-03-22,105,8.5,1906,81,3
1990-03-23,108,8.4,1907,82,4
1990-03-24,143,6.5,1908,83,5
1990-03-25,129,4.4,1909,84,6
1990-03-26,120,6.0,1910,85,0
1990-03-27,116,10.2,1911,86,1
1990-03-28,116,7.6,1912,87,2
1990-03-29,115,6.8,1913,88,3
1990-03-30,101,4.1,1914,89,4
1990-03-31,127,6.6,1915,90,5
1990-04-01,124,6.6,1916,91,6
1990-04-02,125,4.1,1917,92,0
1990-04-03,105,4.5,1918,93,1
1990-04-04,124,4.9,1919,94,2
1990-04-05,111,3.4,1920,95,3
1990-04-06,100,3.7,1921,96,4
1990-04-07,97,3.1,1922,97,5
1990-04-08,110,4.8,1923,98,6
1990-04-09,126,6.1,1924,99,0
1990-04-10,112,3.8,1925,100,1
1990-04-11,123,2.8,1926,101,2
1990-04-12,129,4.8,1927,102,3
1990-04-13,100,4.0,1928,103,4
1990-04-14,93,6.9,1929,104,5
1990-04-15,115,7.6,1930,105,6
1990-04-16,126,6.7,1931,106,0
1990-04-17,115,6.1,1932,107,1
1990-04-18,107,6.1,1933,108,2
1990-04-19,112,6.8,1934,109,3
1990-04-20,96,9.3,1935,110,4
1990-04-21,110,6.3,1936,111,5
1990-04-22,115,7.7,1937,112,6
1990-04-23,91,8.1,1938,113,0
1990-04-24,129,9.5,1939,114,1
1990-04-25,106,10.1,1940,115,2
1990-04-26,118,11.4,1941,116,3
1990-04-27,111,11.5,1942,117,4
1990-04-28,106,9.8,1943,118,5
1990-04-29,119,9.5,1944,119,6
1990-04-30,109,10.0,1945,120,0
1990-05-01,98,12.3,1946,121,1
1990-05-02,112,15.0,1947,122,2
1990-05-03,113,11.1,1948,123,3
1990-05-04,95,10.8,1949,124,4
1990-05-05,94,11.3,1950,125,5
1990-05-06,111,10.4,1951,126,6
1990-05-07,111,9.9,1952,127,0
1990-05-08,102,10.7,1953,128,1
1990-05-09,119,11.4,1954,129,2
1990-05-10,117,13.8,1955,130,3
1990-05-11,85,12.8,1956,131,4
1990-05-12,113,11.3,1957,132,5
1990-05-13,116,11.2,1958,133,6
1990-05-14,100,10.8,1959,134,0
1990-05-15,92,10.3,1960,135,1
1990-05-16,92,10.3,1961,136,2
1990-05-17,94,12.0,1962,137,3
1990-05-18,106,13.6,1963,138,4
1990-05-19,108,14.5,1964,139,5
1990-05-20,98,15.4,1965,140,6
1990-05-21,105,11.2,1966,141,0
1990-05-22,105,11.7,1967,142,1
1990-05-23,109,12.2,1968,143,2
1990-05-24,114,12.4,1969,144,3
1990-05-25,102,12.8,1970,145,4
1990-05-26,84,13.3,1971,146,5
1990-05-27,105,12.5,1972,147,6
1990-05-28,89,10.3,1973,148,0
1990-05-29,113,10.4,1974,149,1
1990-05-30,98,10.8,1975,150,2
1990-05-31,120,10.2,1976,151,3
1990-06-01,111,13.9,1977,152,4
1990-06-02,112,15.9,1978,153,5
1990-06-03,100,13.0,1979,154,6
1990-06-04,105,11.1,1980,155,0
1990-06-05,112,10.4,1981,156,1
1990-06-06,115,10.8,1982,157,2
1990-06-07,95,13.6,1983,158,3
1990-06-08,114,13.2,1984,159,4
1990-06-09,115,14.2,1985,160,5
1990-06-10,115,13.6,1986,161,6
1990-06-11,91,11.4,1987,162,0
1990-06-12,119,13.8,1988,163,1
1990-06-13,112,16.6,1989,164,2
1990-06-14,108,18.5,1990,165,3
1990-06-15,96,19.6,1991,166,4
1990-06-16,98,22.3,1992,167,5
1990-06-17,118,18.7,1993,168,6
1990-06-18,101,15.3,1994,169,0
1990-06-19,81,16.9,1995,170,1
1990-06-20,99,15.8,1996,171,2
1990-06-21,93,15.4,1997,172,3
1990-06-22,96,14.5,1998,173,4
1990-06-23,98,15.2,1999,174,5
1990-06-24,105,16.0,2000,175,6
1990-06-25,93,19.3,2001,176,0
1990-06-26,111,21.0,2002,177,1
1990-06-27,118,22.8,2003,178,2
1990-06-28,112,23.3,2004,179,3
1990-06-29,90,22.0,2005,180,4
1990-06-30,104,20.8,2006,181,5
1990-07-01,107,19.6,2007,182,6
1990-07-02,119,20.3,2008,183,0
1990-07-03,108,20.0,2009,184,1
1990-07-04,104,18.1,2010,185,2
1990-07-05,82,16.6,2011,186,3
1990-07-06,101,17.1,2012,187,4
1990-07-07,85,15.7,2013,188,5
1990-07-08,101,16.4,2014,189,6
1990-07-09,112,14.8,2015,190,0
1990-07-10,99,17.8,2016,191,1
1990-07-11,103,17.1,2017,192,2
1990-07-12,98,16.2,2018,193,3
1990-07-13,97,17.5,2019,194,4
1990-07-14,102,20.2,2020,195,5
1990-07-15,102,23.3,2021,196,6
1990-07-16,110,22.7,2022,197,0
1990-07-17,88,18.4,2023,198,1
1990-07-18,93,15.5,2024,199,2
1990-07-19,103,16.1,2025,200,3
1990-07-20,94,17.7,2026,201,4
1990-07-21,88,17.4,2027,202,5
1990-07-22,92,17.0,2028,203,6
1990-07-23,112,13.1,2029,204,0
1990-07-24,91,15.3,2030,205,1
1990-07-25,97,18.0,2031,206,2
1990-07-26,107,18.8,2032,207,3
1990-07-27,112,17.0,2033,208,4
1990-07-28,111,18.5,2034,209,5
1990-07-29,99,18.0,2035,210,6
1990-07-30,91,15.6,2036,211,0
1990-07-31,107,16.6,2037,212,1
1990-08-01,102,15.6,2038,213,2
1990-08-02,88,17.7,2039,214,3
1990-08-03,102,13.1,2040,215,4
1990-08-04,118,14.1,2041,216,5
1990-08-05,119,14.9,2042,217,6
1990-08-06,94,16.5,2043,218,0
1990-08-07,98,16.3,2044,219,1
1990-08-08,102,16.4,2045,220,2
1990-08-09,93,16.3,2046,221,3
1990-08-10,101,18.8,2047,222,4
1990-08-11,107,17.8,2048,223,5
1990-08-12,96,16.9,2049,224,6
1990-08-13,104,17.7,2050,225,0
1990-08-14,102,18.0,2051,226,1
1990-08-15,89,16.4,2052,227,2
1990-08-16,99,15.6,2053,228,3
1990-08-17,101,16.7,2054,229,4
1990-08-18,91,15.0,2055,230,5
1990-08-19,101,14.4,2056,231,6
1990-08-20,99,14.5,2057,232,0
1990-08-21,95,13.5,2058,233,1
1990-08-22,82,15.2,2059,234,2
1990-08-23,105,14.7,2060,235,3
1990-08-24,91,14.7,2061,236,4
1990-08-25,94,13.7,2062,237,5
1990-08-26,102,14.0,2063,238,6
1990-08-27,104,12.9,2064,239,0
1990-08-28,99,12.2,2065,240,1
1990-08-29,108,12.3,2066,241,2
1990-08-30,107,12.6,2067,242,3
1990-08-31,92,13.6,2068,243,4
1990-09-01,104,12.9,2069,244,5
1990-09-02,84,16.2,2070,245,6
1990-09-03,100,13.7,2071,246,0
1990-09-04,109,12.4,2072,247,1
1990-09-05,98,12.9,2073,248,2
1990-09-06,109,12.7,2074,249,3
1990-09-07,101,13.4,2075,250,4
1990-09-08,106,12.3,2076,251,5
1990-09-09,118,10.7,2077,252,6
1990-09-10,93,10.7,2078,253,0
1990-09-11,111,11.2,2079,254,1
1990-09-12,106,12.2,2080,255,2
1990-09-13,95,10.9,2081,256,3
1990-09-14,99,12.8,2082,257,4
1990-09-15,105,9.7,2083,258,5
1990-09-16,117,10.4,2084,259,6
1990-09-17,121,9.9,2085,260,0
1990-09-18,92,10.4,2086,261,1
1990-09-19,86,10.5,2087,262,2
1990-09-20,121,11.7,2088,263,3
1990-09-21,109,12.6,2089,264,4
1990-09-22,90,12.6,2090,265,5
1990-09-23,105,14.2,2091,266,6
1990-09-24,108,13.0,2092,267,0
1990-09-25,117,12.4,2093,268,1
1990-09-26,101,11.2,2094,269,2
1990-09-27,99,13.3,2095,270,3
1990-09-28,97,15.2,2096,271,4
1990-09-29,104,15.0,2097,272,5
1990-09-30,107,14.2,2098,273,6
1990-10-01,101,14.0,2099,274,0
1990-10-02,75,15.1,2100,275,1
1990-10-03,110,14.8,2101,276,2
1990-10-04,113,14.4,2102,277,3
1990-10-05,88,14.2,2103,278,4
1990-10-06,85,15.6,2104,279,5
1990-10-07,102,16.6,2105,280,6
1990-10-08,125,15.8,2106,281,0
1990-10-09,101,15.4,2107,282,1
1990-10-10,104,14.9,2108,283,2
1990-10-11,110,12.7,2109,284,3
1990-10-12,90,11.3,2110,285,4
1990-10-13,107,13.4,2111,286,5
1990-10-14,100,14.4,2112,287,6
1990-10-15,105,13.2,2113,288,0
1990-10-16,97,8.8,2114,289,1
1990-10-17,125,9.4,2115,290,2
1990-10-18,108,12.0,2116,291,3
1990-10-19,122,9.3,2117,292,4
1990-10-20,110,10.5,2118,293,5
1990-10-21,109,10.7,2119,294,6
1990-10-22,97,11.1,2120,295,0
1990-10-23,93,7.3,2121,296,1
1990-10-24,89,8.0,2122,297,2
1990-10-25,107,10.0,2123,298,3
1990-10-26,116,8.8,2124,299,4
1990-10-27,116,12.4,2125,300,5
1990-10-28,105,14.7,2126,301,6
1990-10-29,108,9.0,2127,302,0
1990-10-30,113,10.8,2128,303,1
1990-10-31,114,9.8,2129,304,2
1990-11-01,133,10.3,2130,305,3
1990-11-02,93,6.1,2131,306,4
1990-11-03,113,7.0,2132,307,5
1990-11-04,94,6.5,2133,308,6
1990-11-05,123,9.1,2134,309,0
1990-11-06,103,7.5,2135,310,1
1990-11-07,130,11.2,2136,311,2
1990-11-08,121,8.9,2137,312,3
1990-11-09,112,9.3,2138,313,4
1990-11-10,125,13.5,2139,314,5
1990-11-11,125,11.6,2140,315,6
1990-11-12,111,7.9,2141,316,0
1990-11-13,95,12.1,2142,317,1
1990-11-14,102,11.2,2143,318,2
1990-11-15,108,9.1,2144,319,3
1990-11-16,120,10.2,2145,320,4
1990-11-17,91,6.1,2146,321,5
1990-11-18,105,9.8,2147,322,6
1990-11-19,105,10.9,2148,323,0
1990-11-20,100,6.5,2149,324,1
1990-11-21,117,6.4,2150,325,2
1990-11-22,116,8.4,2151,326,3
1990-11-23,106,6.3,2152,327,4
1990-11-24,105,11.1,2153,328,5
1990-11-25,98,12.6,2154,329,6
1990-11-26,112,8.3,2155,330,0
1990-11-27,107,7.0,2156,331,1
1990-11-28,105,5.8,2157,332,2
1990-11-29,108,3.4,2158,333,3
1990-11-30,112,5.7,2159,334,4
1990-12-01,97,10.1,2160,335,5
1990-12-02,105,11.4,2161,336,6
1990-12-03,118,11.6,2162,337,0
1990-12-04,92,13.6,2163,338,1
1990-12-05,94,11.3,2164,339,2
1990-12-06,109,4.9,2165,340,3
1990-12-07,106,7.2,2166,341,4
1990-12-08,104,11.7,2167,342,5
1990-12-09,105,8.0,2168,343,6
1990-12-10,105,3.5,2169,344,0
1990-12-11,89,6.9,2170,345,1
1990-12-12,115,4.1,2171,346,2
1990-12-13,129,7.1,2172,347,3
1990-12-14,107,2.7,2173,348,4
1990-12-15,125,6.1,2174,349,5
1990-12-16,105,4.5,2175,350,6
1990-12-17,99,6.2,2176,351,0
1990-12-18,101,8.1,2177,352,1
1990-12-19,123,4.0,2178,353,2
1990-12-20,117,4.2,2179,354,3
1990-12-21,127,2.2,2180,355,4
1990-12-22,117,2.1,2181,356,5
1990-12-23,122,2.8,2182,357,6
1990-12-24,103,3.5,2183,358,0
1990-12-25,152,7.3,2184,359,1
1990-12-26,132,3.9,2185,360,2
1990-12-27,122,4.3,2186,361,3
1990-12-28,132,8.2,2187,362,4
1990-12-29,123,9.9,2188,363,5
1990-12-30,113,10.4,2189,364,6
1990-12-31,127,9.3,2190,365,0
1991-01-01,127,8.3,2191,1,1
1991-01-02,124,5.6,2192,2,2
1991-01-03,99,2.5,2193,3,3
1991-01-04,106,6.2,2194,4,4
1991-01-05,116,6.4,2195,5,5
1991-01-06,157,4.5,2196,6,6
1991-01-07,145,0.6,2197,7,0
1991-01-08,133,-1.8,2198,8,1
1991-01-09,125,0.8,2199,9,2
1991-01-10,124,-0.4,2200,10,3
1991-01-11,118,-4.7,2201,11,4
1991-01-12,119,-7.8,2202,12,5
1991-01-13,163,-6.1,2203,13,6
1991-01-14,163,-4.4,2204,14,0
1991-01-15,157,-0.8,2205,15,1
1991-01-16,147,0.4,2206,16,2
1991-01-17,130,-1.4,2207,17,3
1991-01-18,134,-1.6,2208,18,4
1991-01-19,131,-1.8,2209,19,5
1991-01-20,142,0.9,2210,20,6
1991-01-21,147,3.8,2211,21,0
1991-01-22,141,5.8,2212,22,1
1991-01-23,135,5.8,2213,23,2
1991-01-24,131,5.5,2214,24,3
1991-01-25,126,4.3,2215,25,4
1991-01-26,121,4.2,2216,26,5
1991-01-27,117,3.1,2217,27,6
1991-01-28,144,2.4,2218,28,0
1991-01-29,139,0.6,2219,29,1
1991-01-30,119,-1.0,2220,30,2
1991-01-31,133,-1.7,2221,31,3
1991-02-01,122,-0.5,2222,32,4
1991-02-02,124,4.5,2223,33,5
1991-02-03,115,6.3,2224,34,6
1991-02-04,113,7.6,2225,35,0
1991-02-05,117,8.1,2226,36,1
1991-02-06,144,10.3,2227,37,2
1991-02-07,116,6.1,2228,38,3
1991-02-08,123,9.7,2229,39,4
1991-02-09,101,9.1,2230,40,5
1991-02-10,109,6.5,2231,41,6
1991-02-11,114,5.2,2232,42,0
1991-02-12,123,3.9,2233,43,1
1991-02-13,120,3.0,2234,44,2
1991-02-14,109,3.4,2235,45,3
1991-02-15,116,2.5,2236,46,4
1991-02-16,138,0.9,2237,47,5
1991-02-17,124,1.2,2238,48,6
1991-02-18,101,1.1,2239,49,0
1991-02-19,132,0.3,2240,50,1
1991-02-20,117,0.4,2241,51,2
1991-02-21,132,2.8,2242,52,3
1991-02-22,116,5.1,2243,53,4
1991-02-23,115,2.7,2244,54,5
1991-02-24,116,1.7,2245,55,6
1991-02-25,111,1.4,2246,56,0
1991-02-26,109,4.6,2247,57,1
1991-02-27,134,10.3,2248,58,2
1991-02-28,113,11.1,2249,59,3
1991-03-01,92,9.8,2250,60,4
1991-03-02,99,8.4,2251,61,5
1991-03-03,109,0.6,2252,62,6
1991-03-04,128,0.7,2253,63,0
1991-03-05,124,3.8,2254,64,1
1991-03-06,127,2.7,2255,65,2
1991-03-07,119,2.8,2256,66,3
1991-03-08,129,2.0,2257,67,4
1991-03-09,111,2.0,2258,68,5
1991-03-10,120,2.5,2259,69,6
1991-03-11,94,2.2,2260,70,0
1991-03-12,130,1.7,2261,71,1
1991-03-13,128,0.4,2262,72,2
1991-03-14,122,1.6,2263,73,3
1991-03-15,114,4.9,2264,74,4
1991-03-16,125,4.8,2265,75,5
1991-03-17,108,8.8,2266,76,6
1991-03-18,123,5.3,2267,77,0
1991-03-19,130,2.4,2268,78,1
1991-03-20,119,3.1,2269,79,2
1991-03-21,124,3.4,2270,80,3
1991-03-22,124,4.4,2271,81,4
1991-03-23,143,9.2,2272,82,5
1991-03-24,106,10.1,2273,83,6
1991-03-25,123,8.8,2274,84,0
1991-03-26,100,8.2,2275,85,1
1991-03-27,117,8.9,2276,86,2
1991-03-28,107,6.6,2277,87,3
1991-03-29,92,4.5,2278,88,4
1991-03-30,114,7.1,2279,89,5
1991-03-31,140,8.2,2280,90,6
1991-04-01,124,7.6,2281,91,0
1991-04-02,113,6.2,2282,92,1
1991-04-03,102,7.6,2283,93,2
1991-04-04,100,8.1,2284,94,3
1991-04-05,126,8.8,2285,95,4
1991-04-06,106,10.2,2286,96,5
1991-04-07,119,9.5,2287,97,6
1991-04-08,116,10.0,2288,98,0
1991-04-09,104,9.7,2289,99,1
1991-04-10,88,8.1,2290,100,2
1991-04-11,110,8.4,2291,101,3
1991-04-12,109,7.3,2292,102,4
1991-04-13,124,8.7,2293,103,5
1991-04-14,107,9.6,2294,104,6
1991-04-15,119,9.7,2295,105,0
1991-04-16,102,11.6,2296,106,1
1991-04-17,96,14.8,2297,107,2
1991-04-18,102,13.2,2298,108,3
1991-04-19,105,13.0,2299,109,4
1991-04-20,105,10.4,2300,110,5
1991-04-21,119,10.9,2301,111,6
1991-04-22,108,12.6,2302,112,0
1991-04-23,121,13.9,2303,113,1
1991-04-24,137,15.0,2304,114,2
1991-04-25,91,15.3,2305,115,3
1991-04-26,107,15.3,2306,116,4
1991-04-27,104,14.9,2307,117,5
1991-04-28,106,15.4,2308,118,6
1991-04-29,91,15.9,2309,119,0
1991-04-30,115,13.3,2310,120,1
1991-05-01,102,12.4,2311,121,2
1991-05-02,99,8.7,2312,122,3
1991-05-03,87,6.9,2313,123,4
1991-05-04,108,7.4,2314,124,5
1991-05-05,100,10.9,2315,125,6
1991-05-06,102,11.9,2316,126,0
1991-05-07,122,11.2,2317,127,1
1991-05-08,108,12.1,2318,128,2
1991-05-09,108,14.9,2319,129,3
1991-05-10,102,11.2,2320,130,4
1991-05-11,89,10.2,2321,131,5
1991-05-12,130,10.8,2322,132,6
1991-05-13,88,9.2,2323,133,0
1991-05-14,110,9.3,2324,134,1
1991-05-15,127,8.5,2325,135,2
1991-05-16,122,9.6,2326,136,3
1991-05-17,95,10.2,2327,137,4
1991-05-18,96,9.8,2328,138,5
1991-05-19,122,11.1,2329,139,6
1991-05-20,105,9.3,2330,140,0
1991-05-21,110,10.1,2331,141,1
1991-05-22,116,8.9,2332,142,2
1991-05-23,89,9.8,2333,143,3
1991-05-24,125,11.7,2334,144,4
1991-05-25,112,12.3,2335,145,5
1991-05-26,111,15.6,2336,146,6
1991-05-27,98,15.0,2337,147,0
1991-05-28,118,13.4,2338,148,1
1991-05-29,113,14.8,2339,149,2
1991-05-30,99,15.8,2340,150,3
1991-05-31,98,15.4,2341,151,4
1991-06-01,123,15.2,2342,152,5
1991-06-02,119,12.7,2343,153,6
1991-06-03,113,14.4,2344,154,0
1991-06-04,111,14.5,2345,155,1
1991-06-05,108,11.5,2346,156,2
1991-06-06,104,14.3,2347,157,3
1991-06-07,112,13.4,2348,158,4
1991-06-08,114,11.5,2349,159,5
1991-06-09,108,10.2,2350,160,6
1991-06-10,104,11.6,2351,161,0
1991-06-11,106,12.5,2352,162,1
1991-06-12,109,12.9,2353,163,2
1991-06-13,113,12.5,2354,164,3
1991-06-14,97,12.9,2355,165,4
1991-06-15,105,11.1,2356,166,5
1991-06-16,103,11.7,2357,167,6
1991-06-17,111,12.2,2358,168,0
1991-06-18,98,12.8,2359,169,1
1991-06-19,124,13.1,2360,170,2
1991-06-20,102,14.2,2361,171,3
1991-06-21,125,14.5,2362,172,4
1991-06-22,106,14.0,2363,173,5
1991-06-23,119,15.1,2364,174,6
1991-06-24,97,15.6,2365,175,0
1991-06-25,105,14.1,2366,176,1
1991-06-26,98,16.2,2367,177,2
1991-06-27,105,18.0,2368,178,3
1991-06-28,120,20.7,2369,179,4
1991-06-29,101,22.6,2370,180,5
1991-06-30,102,20.2,2371,181,6
1991-07-01,83,16.7,2372,182,0
1991-07-02,89,17.0,2373,183,1
1991-07-03,95,18.1,2374,184,2
1991-07-04,98,19.0,2375,185,3
1991-07-05,103,20.7,2376,186,4
1991-07-06,134,22.3,2377,187,5
1991-07-07,118,20.3,2378,188,6
1991-07-08,78,17.7,2379,189,0
1991-07-09,121,17.3,2380,190,1
1991-07-10,107,20.6,2381,191,2
1991-07-11,96,19.9,2382,192,3
1991-07-12,97,18.2,2383,193,4
1991-07-13,89,19.8,2384,194,5
1991-07-14,90,20.2,2385,195,6
1991-07-15,92,19.0,2386,196,0
1991-07-16,116,15.9,2387,197,1
1991-07-17,104,14.5,2388,198,2
1991-07-18,88,14.2,2389,199,3
1991-07-19,95,14.7,2390,200,4
1991-07-20,113,15.9,2391,201,5
1991-07-21,112,14.4,2392,202,6
1991-07-22,106,15.2,2393,203,0
1991-07-23,89,14.1,2394,204,1
1991-07-24,113,15.5,2395,205,2
1991-07-25,113,14.3,2396,206,3
1991-07-26,94,14.3,2397,207,4
1991-07-27,105,18.0,2398,208,5
1991-07-28,103,17.2,2399,209,6
1991-07-29,111,17.4,2400,210,0
1991-07-30,110,16.3,2401,211,1
1991-07-31,105,19.2,2402,212,2
1991-08-01,98,17.6,2403,213,3
1991-08-02,102,17.7,2404,214,4
1991-08-03,101,16.5,2405,215,5
1991-08-04,120,14.0,2406,216,6
1991-08-05,102,14.4,2407,217,0
1991-08-06,100,14.7,2408,218,1
1991-08-07,93,14.3,2409,219,2
1991-08-08,100,15.1,2410,220,3
1991-08-09,92,15.2,2411,221,4
1991-08-10,96,14.6,2412,222,5
1991-08-11,96,14.4,2413,223,6
1991-08-12,92,16.7,2414,224,0
1991-08-13,95,18.9,2415,225,1
1991-08-14,123,17.9,2416,226,2
1991-08-15,101,19.4,2417,227,3
1991-08-16,105,20.9,2418,228,4
1991-08-17,104,20.4,2419,229,5
1991-08-18,94,19.7,2420,230,6
1991-08-19,98,19.3,2421,231,0
1991-08-20,97,22.1,2422,232,1
1991-08-21,111,22.8,2423,233,2
1991-08-22,92,19.7,2424,234,3
1991-08-23,91,16.8,2425,235,4
1991-08-24,80,15.5,2426,236,5
1991-08-25,104,13.3,2427,237,6
1991-08-26,102,14.0,2428,238,0
1991-08-27,108,13.3,2429,239,1
1991-08-28,87,16.7,2430,240,2
1991-08-29,103,18.0,2431,241,3
1991-08-30,106,16.8,2432,242,4
1991-08-31,94,16.0,2433,243,5
1991-09-01,97,18.1,2434,244,6
1991-09-02,106,18.5,2435,245,0
1991-09-03,101,17.9,2436,246,1
1991-09-04,104,15.5,2437,247,2
1991-09-05,110,15.3,2438,248,3
1991-09-06,111,14.8,2439,249,4
1991-09-07,120,15.3,2440,250,5
1991-09-08,106,14.0,2441,251,6
1991-09-09,88,15.1,2442,252,0
1991-09-10,118,16.5,2443,253,1
1991-09-11,110,16.1,2444,254,2
1991-09-12,110,18.2,2445,255,3
1991-09-13,111,15.0,2446,256,4
1991-09-14,88,15.5,2447,257,5
1991-09-15,115,14.4,2448,258,6
1991-09-16,92,15.6,2449,259,0
1991-09-17,114,19.0,2450,260,1
1991-09-18,101,17.6,2451,261,2
1991-09-19,95,15.0,2452,262,3
1991-09-20,103,17.9,2453,263,4
1991-09-21,104,18.2,2454,264,5
1991-09-22,133,16.4,2455,265,6
1991-09-23,107,13.7,2456,266,0
1991-09-24,103,12.4,2457,267,1
1991-09-25,99,10.6,2458,268,2
1991-09-26,130,9.4,2459,269,3
1991-09-27,87,10.0,2460,270,4
1991-09-28,113,11.0,2461,271,5
1991-09-29,89,10.5,2462,272,6
1991-09-30,114,11.7,2463,273,0
1991-10-01,107,11.3,2464,274,1
1991-10-02,111,14.0,2465,275,2
1991-10-03,92,14.9,2466,276,3
1991-10-04,92,15.2,2467,277,4
1991-10-05,130,15.8,2468,278,5
1991-10-06,108,12.3,2469,279,6
1991-10-07,115,12.1,2470,280,0
1991-10-08,118,10.4,2471,281,1
1991-10-09,110,11.8,2472,282,2
1991-10-10,109,9.5,2473,283,3
1991-10-11,110,8.5,2474,284,4
1991-10-12,139,10.0,2475,285,5
1991-10-13,122,10.0,2476,286,6
1991-10-14,105,8.8,2477,287,0
1991-10-15,120,9.7,2478,288,1
1991-10-16,119,11.9,2479,289,2
1991-10-17,113,11.4,2480,290,3
1991-10-18,116,14.2,2481,291,4
1991-10-19,107,14.2,2482,292,5
1991-10-20,100,13.4,2483,293,6
1991-10-21,113,12.1,2484,294,0
1991-10-22,106,9.1,2485,295,1
1991-10-23,110,6.5,2486,296,2
1991-10-24,117,7.6,2487,297,3
1991-10-25,112,6.3,2488,298,4
1991-10-26,125,9.6,2489,299,5
1991-10-27,109,12.9,2490,300,6
1991-10-28,109,8.9,2491,301,0
1991-10-29,124,6.5,2492,302,1
1991-10-30,128,10.4,2493,303,2
1991-10-31,122,12.3,2494,304,3
1991-11-01,127,11.1,2495,305,4
1991-11-02,102,6.3,2496,306,5
1991-11-03,97,9.3,2497,307,6
1991-11-04,101,10.7,2498,308,0
1991-11-05,119,9.6,2499,309,1
1991-11-06,111,6.0,2500,310,2
1991-11-07,127,6.6,2501,311,3
1991-11-08,94,6.7,2502,312,4
1991-11-09,114,7.8,2503,313,5
1991-11-10,107,7.9,2504,314,6
1991-11-11,118,9.5,2505,315,0
1991-11-12,143,7.2,2506,316,1
1991-11-13,117,6.3,2507,317,2
1991-11-14,109,5.6,2508,318,3
1991-11-15,115,9.1,2509,319,4
1991-11-16,108,11.0,2510,320,5
1991-11-17,99,9.8,2511,321,6
1991-11-18,99,9.7,2512,322,0
1991-11-19,107,10.1,2513,323,1
1991-11-20,102,7.9,2514,324,2
1991-11-21,135,6.8,2515,325,3
1991-11-22,113,7.1,2516,326,4
1991-11-23,126,4.4,2517,327,5
1991-11-24,129,6.6,2518,328,6
1991-11-25,119,6.3,2519,329,0
1991-11-26,108,5.6,2520,330,1
1991-11-27,121,3.1,2521,331,2
1991-11-28,112,0.9,2522,332,3
1991-11-29,122,-0.5,2523,333,4
1991-11-30,141,4.1,2524,334,5
1991-12-01,122,5.9,2525,335,6
1991-12-02,115,5.0,2526,336,0
1991-12-03,117,3.4,2527,337,1
1991-12-04,104,5.0,2528,338,2
1991-12-05,124,6.4,2529,339,3
1991-12-06,128,6.1,2530,340,4
1991-12-07,125,4.3,2531,341,5
1991-12-08,119,0.8,2532,342,6
1991-12-09,108,0.9,2533,343,0
1991-12-10,137,1.1,2534,344,1
1991-12-11,140,1.2,2535,345,2
1991-12-12,127,3.8,2536,346,3
1991-12-13,125,3.3,2537,347,4
1991-12-14,126,2.2,2538,348,5
1991-12-15,136,3.6,2539,349,6
1991-12-16,160,11.1,2540,350,0
1991-12-17,130,12.2,2541,351,1
1991-12-18,132,12.1,2542,352,2
1991-12-19,136,9.2,2543,353,3
1991-12-20,148,10.7,2544,354,4
1991-12-21,125,10.5,2545,355,5
1991-12-22,113,7.2,2546,356,6
1991-12-23,136,3.6,2547,357,0
1991-12-24,124,6.3,2548,358,1
1991-12-25,143,7.6,2549,359,2
1991-12-26,134,9.7,2550,360,3
1991-12-27,117,11.6,2551,361,4
1991-12-28,121,12.5,2552,362,5
1991-12-29,118,12.4,2553,363,6
1991-12-30,143,10.2,2554,364,0
1991-12-31,128,9.7,2555,365,1
1992-01-01,146,9.7,2556,1,2
1992-01-02,136,10.6,2557,2,3
1992-01-03,131,7.9,2558,3,4
1992-01-04,123,8.3,2559,4,5
1992-01-05,125,7.8,2560,5,6
1992-01-06,109,7.7,2561,6,0
1992-01-07,122,3.8,2562,7,1
1992-01-08,141,4.9,2563,8,2
1992-01-09,135,11.5,2564,9,3
1992-01-10,120,8.0,2565,10,4
1992-01-11,123,4.8,2566,11,5
1992-01-12,126,5.9,2567,12,6
1992-01-13,128,7.5,2568,13,0
1992-01-14,120,6.4,2569,14,1
1992-01-15,114,3.1,2570,15,2
1992-01-16,114,1.4,2571,16,3
1992-01-17,114,0.9,2572,17,4
1992-01-18,127,6.2,2573,18,5
1992-01-19,125,8.2,2574,19,6
1992-01-20,131,5.7,2575,20,0
1992-01-21,126,2.7,2576,21,1
1992-01-22,160,3.2,2577,22,2
1992-01-23,118,5.1,2578,23,3
1992-01-24,120,9.6,2579,24,4
1992-01-25,119,6.8,2580,25,5
1992-01-26,103,6.7,2581,26,6
1992-01-27,118,5.1,2582,27,0
1992-01-28,111,6.0,2583,28,1
1992-01-29,117,6.3,2584,29,2
1992-01-30,141,4.8,2585,30,3
1992-01-31,125,4.5,2586,31,4
1992-02-01,128,7.8,2587,32,5
1992-02-02,128,5.7,2588,33,6
1992-02-03,109,6.5,2589,34,0
1992-02-04,109,6.1,2590,35,1
1992-02-05,106,5.5,2591,36,2
1992-02-06,132,3.7,2592,37,3
1992-02-07,120,3.5,2593,38,4
1992-02-08,133,4.0,2594,39,5
1992-02-09,122,5.4,2595,40,6
1992-02-10,107,4.5,2596,41,0
1992-02-11,134,4.0,2597,42,1
1992-02-12,121,3.0,2598,43,2
1992-02-13,130,5.3,2599,44,3
1992-02-14,137,8.7,2600,45,4
1992-02-15,112,7.9,2601,46,5
1992-02-16,125,5.5,2602,47,6
1992-02-17,129,4.6,2603,48,0
1992-02-18,126,6.5,2604,49,1
1992-02-19,134,8.5,2605,50,2
1992-02-20,107,7.5,2606,51,3
1992-02-21,106,7.4,2607,52,4
1992-02-22,141,5.9,2608,53,5
1992-02-23,133,4.5,2609,54,6
1992-02-24,115,2.7,2610,55,0
1992-02-25,145,1.6,2611,56,1
1992-02-26,129,1.0,2612,57,2
1992-02-27,139,3.3,2613,58,3
1992-02-28,132,6.1,2614,59,4
1992-02-29,131,2.1,2615,60,5
1992-03-01,154,2.0,2616,61,6
1992-03-02,139,2.3,2617,62,0
1992-03-03,160,4.5,2618,63,1
1992-03-04,147,2.1,2619,64,2
1992-03-05,146,1.7,2620,65,3
1992-03-06,131,7.1,2621,66,4
1992-03-07,151,6.3,2622,67,5
1992-03-08,128,6.2,2623,68,6
1992-03-09,138,8.2,2624,69,0
1992-03-10,133,7.1,2625,70,1
1992-03-11,126,7.1,2626,71,2
1992-03-12,135,8.2,2627,72,3
1992-03-13,127,7.9,2628,73,4
1992-03-14,143,7.0,2629,74,5
1992-03-15,130,8.7,2630,75,6
1992-03-16,134,7.3,2631,76,0
1992-03-17,130,5.8,2632,77,1
1992-03-18,129,6.1,2633,78,2
1992-03-19,118,9.9,2634,79,3
1992-03-20,127,9.7,2635,80,4
1992-03-21,131,9.6,2636,81,5
1992-03-22,126,8.4,2637,82,6
1992-03-23,132,8.4,2638,83,0
1992-03-24,132,9.8,2639,84,1
1992-03-25,131,8.5,2640,85,2
1992-03-26,118,8.5,2641,86,3
1992-03-27,121,8.5,2642,87,4
1992-03-28,137,7.0,2643,88,5
1992-03-29,141,6.5,2644,89,6
1992-03-30,116,6.4,2645,90,0
1992-03-31,107,6.7,2646,91,1
1992-04-01,141,6.6,2647,92,2
1992-04-02,119,9.0,2648,93,3
1992-04-03,139,8.7,2649,94,4
1992-04-04,131,6.7,2650,95,5
1992-04-05,135,5.9,2651,96,6
1992-04-06,111,7.4,2652,97,0
1992-04-07,137,7.0,2653,98,1
1992-04-08,126,7.9,2654,99,2
1992-04-09,124,4.0,2655,100,3
1992-04-10,114,5.3,2656,101,4
1992-04-11,125,8.3,2657,102,5
1992-04-12,138,9.0,2658,103,6
1992-04-13,110,5.8,2659,104,0
1992-04-14,118,6.6,2660,105,1
1992-04-15,128,10.6,2661,106,2
1992-04-16,136,12.6,2662,107,3
1992-04-17,108,13.2,2663,108,4
1992-04-18,118,14.1,2664,109,5
1992-04-19,109,13.5,2665,110,6
1992-04-20,109,12.4,2666,111,0
1992-04-21,132,12.0,2667,112,1
1992-04-22,100,8.8,2668,113,2
1992-04-23,122,6.0,2669,114,3
1992-04-24,104,5.5,2670,115,4
1992-04-25,114,5.8,2671,116,5
1992-04-26,107,8.2,2672,117,6
1992-04-27,104,8.0,2673,118,0
1992-04-28,108,7.9,2674,119,1
1992-04-29,132,7.8,2675,120,2
1992-04-30,120,11.2,2676,121,3
1992-05-01,119,11.1,2677,122,4
1992-05-02,129,11.6,2678,123,5
1992-05-03,105,11.3,2679,124,6
1992-05-04,111,11.5,2680,125,0
1992-05-05,85,11.5,2681,126,1
1992-05-06,97,12.9,2682,127,2
1992-05-07,111,13.8,2683,128,3
1992-05-08,99,16.2,2684,129,4
1992-05-09,107,12.6,2685,130,5
1992-05-10,91,11.8,2686,131,6
1992-05-11,86,10.3,2687,132,0
1992-05-12,123,13.2,2688,133,1
1992-05-13,105,15.0,2689,134,2
1992-05-14,101,16.2,2690,135,3
1992-05-15,112,15.8,2691,136,4
1992-05-16,109,14.6,2692,137,5
1992-05-17,104,12.7,2693,138,6
1992-05-18,119,9.0,2694,139,0
1992-05-19,102,9.0,2695,140,1
1992-05-20,118,10.1,2696,141,2
1992-05-21,104,12.6,2697,142,3
1992-05-22,124,11.9,2698,143,4
1992-05-23,101,12.8,2699,144,5
1992-05-24,106,13.4,2700,145,6
1992-05-25,97,15.4,2701,146,0
1992-05-26,95,13.9,2702,147,1
1992-05-27,114,13.1,2703,148,2
1992-05-28,113,13.6,2704,149,3
1992-05-29,116,12.0,2705,150,4
1992-05-30,100,11.3,2706,151,5
1992-05-31,101,12.4,2707,152,6
1992-06-01,103,12.8,2708,153,0
1992-06-02,95,14.0,2709,154,1
1992-06-03,108,12.1,2710,155,2
1992-06-04,86,11.7,2711,156,3
1992-06-05,110,11.0,2712,157,4
1992-06-06,116,12.3,2713,158,5
1992-06-07,104,12.1,2714,159,6
1992-06-08,121,12.7,2715,160,0
1992-06-09,113,12.3,2716,161,1
1992-06-10,116,12.3,2717,162,2
1992-06-11,107,12.4,2718,163,3
1992-06-12,121,14.5,2719,164,4
1992-06-13,97,16.2,2720,165,5
1992-06-14,110,16.0,2721,166,6
1992-06-15,106,14.3,2722,167,0
1992-06-16,90,14.2,2723,168,1
1992-06-17,100,13.0,2724,169,2
1992-06-18,100,14.0,2725,170,3
1992-06-19,107,16.9,2726,171,4
1992-06-20,99,17.4,2727,172,5
1992-06-21,106,18.2,2728,173,6
1992-06-22,97,16.4,2729,174,0
1992-06-23,99,16.7,2730,175,1
1992-06-24,102,15.7,2731,176,2
1992-06-25,121,17.6,2732,177,3
1992-06-26,101,15.6,2733,178,4
1992-06-27,97,13.7,2734,179,5
1992-06-28,113,13.5,2735,180,6
1992-06-29,107,16.6,2736,181,0
1992-06-30,116,17.7,2737,182,1
1992-07-01,111,15.4,2738,183,2
1992-07-02,105,13.3,2739,184,3
1992-07-03,92,12.5,2740,185,4
1992-07-04,126,13.9,2741,186,5
1992-07-05,104,15.4,2742,187,6
1992-07-06,113,15.0,2743,188,0
1992-07-07,106,14.7,2744,189,1
1992-07-08,101,14.6,2745,190,2
1992-07-09,109,14.7,2746,191,3
1992-07-10,103,16.3,2747,192,4
1992-07-11,87,15.7,2748,193,5
1992-07-12,108,14.8,2749,194,6
1992-07-13,88,14.7,2750,195,0
1992-07-14,92,13.9,2751,196,1
1992-07-15,89,15.1,2752,197,2
1992-07-16,102,14.1,2753,198,3
1992-07-17,99,15.6,2754,199,4
1992-07-18,102,16.6,2755,200,5
1992-07-19,107,15.3,2756,201,6
1992-07-20,115,17.0,2757,202,0
1992-07-21,103,16.9,2758,203,1
1992-07-22,110,17.8,2759,204,2
1992-07-23,115,18.7,2760,205,3
1992-07-24,90,15.4,2761,206,4
1992-07-25,100,16.1,2762,207,5
1992-07-26,90,15.4,2763,208,6
1992-07-27,101,15.1,2764,209,0
1992-07-28,98,15.2,2765,210,1
1992-07-29,111,14.4,2766,211,2
1992-07-30,98,14.5,2767,212,3
1992-07-31,88,15.1,2768,213,4
1992-08-01,114,15.3,2769,214,5
1992-08-02,90,14.2,2770,215,6
1992-08-03,92,14.6,2771,216,0
1992-08-04,111,15.9,2772,217,1
1992-08-05,102,17.9,2773,218,2
1992-08-06,108,19.0,2774,219,3
1992-08-07,131,20.5,2775,220,4
1992-08-08,108,18.9,2776,221,5
1992-08-09,101,18.7,2777,222,6
1992-08-10,101,16.4,2778,223,0
1992-08-11,110,15.4,2779,224,1
1992-08-12,94,16.3,2780,225,2
1992-08-13,95,15.0,2781,226,3
1992-08-14,95,17.5,2782,227,4
1992-08-15,119,16.5,2783,228,5
1992-08-16,121,17.0,2784,229,6
1992-08-17,119,18.8,2785,230,0
1992-08-18,116,18.2,2786,231,1
1992-08-19,124,17.3,2787,232,2
1992-08-20,92,15.2,2788,233,3
1992-08-21,91,14.0,2789,234,4
1992-08-22,97,14.2,2790,235,5
1992-08-23,102,14.9,2791,236,6
1992-08-24,102,15.6,2792,237,0
1992-08-25,98,13.6,2793,238,1
1992-08-26,94,14.9,2794,239,2
1992-08-27,119,18.1,2795,240,3
1992-08-28,96,15.3,2796,241,4
1992-08-29,90,13.6,2797,242,5
1992-08-30,105,14.5,2798,243,6
1992-08-31,99,15.3,2799,244,0
1992-09-01,97,15.0,2800,245,1
1992-09-02,110,13.5,2801,246,2
1992-09-03,100,13.8,2802,247,3
1992-09-04,89,13.6,2803,248,4
1992-09-05,105,16.3,2804,249,5
1992-09-06,120,16.2,2805,250,6
1992-09-07,119,18.5,2806,251,0
1992-09-08,123,19.0,2807,252,1
1992-09-09,96,17.3,2808,253,2
1992-09-10,117,16.2,2809,254,3
1992-09-11,104,14.5,2810,255,4
1992-09-12,86,12.6,2811,256,5
1992-09-13,101,11.2,2812,257,6
1992-09-14,100,11.7,2813,258,0
1992-09-15,91,12.2,2814,259,1
1992-09-16,105,13.9,2815,260,2
1992-09-17,93,15.2,2816,261,3
1992-09-18,108,13.9,2817,262,4
1992-09-19,95,11.7,2818,263,5
1992-09-20,89,10.4,2819,264,6
1992-09-21,116,13.3,2820,265,0
1992-09-22,118,14.3,2821,266,1
1992-09-23,106,12.9,2822,267,2
1992-09-24,85,13.6,2823,268,3
1992-09-25,123,16.3,2824,269,4
1992-09-26,102,16.3,2825,270,5
1992-09-27,110,15.9,2826,271,6
1992-09-28,92,13.2,2827,272,0
1992-09-29,89,10.5,2828,273,1
1992-09-30,109,8.4,2829,274,2
1992-10-01,108,9.1,2830,275,3
1992-10-02,105,9.5,2831,276,4
1992-10-03,120,12.2,2832,277,5
1992-10-04,109,13.1,2833,278,6
1992-10-05,117,12.1,2834,279,0
1992-10-06,92,12.4,2835,280,1
1992-10-07,118,10.4,2836,281,2
1992-10-08,111,9.8,2837,282,3
1992-10-09,125,12.1,2838,283,4
1992-10-10,122,8.8,2839,284,5
1992-10-11,124,8.8,2840,285,6
1992-10-12,104,10.8,2841,286,0
1992-10-13,123,10.3,2842,287,1
1992-10-14,94,11.7,2843,288,2
1992-10-15,116,12.9,2844,289,3
1992-10-16,82,13.2,2845,290,4
1992-10-17,101,12.8,2846,291,5
1992-10-18,104,15.2,2847,292,6
1992-10-19,124,15.7,2848,293,0
1992-10-20,112,13.0,2849,294,1
1992-10-21,116,10.5,2850,295,2
1992-10-22,92,12.8,2851,296,3
1992-10-23,96,12.6,2852,297,4
1992-10-24,102,13.4,2853,298,5
1992-10-25,94,13.9,2854,299,6
1992-10-26,100,15.2,2855,300,0
1992-10-27,106,14.3,2856,301,1
1992-10-28,116,11.2,2857,302,2
1992-10-29,87,5.6,2858,303,3
1992-10-30,102,4.0,2859,304,4
1992-10-31,111,4.5,2860,305,5
1992-11-01,100,4.8,2861,306,6
1992-11-02,115,4.9,2862,307,0
1992-11-03,101,4.2,2863,308,1
1992-11-04,103,3.1,2864,309,2
1992-11-05,120,3.2,2865,310,3
1992-11-06,123,5.2,2866,311,4
1992-11-07,132,5.5,2867,312,5
1992-11-08,105,6.4,2868,313,6
1992-11-09,98,13.2,2869,314,0
1992-11-10,124,13.8,2870,315,1
1992-11-11,113,10.8,2871,316,2
1992-11-12,138,9.7,2872,317,3
1992-11-13,102,6.4,2873,318,4
1992-11-14,121,4.8,2874,319,5
1992-11-15,105,3.9,2875,320,6
1992-11-16,99,6.7,2876,321,0
1992-11-17,110,10.1,2877,322,1
1992-11-18,104,8.4,2878,323,2
1992-11-19,131,4.0,2879,324,3
1992-11-20,104,2.9,2880,325,4
1992-11-21,126,1.0,2881,326,5
1992-11-22,128,0.2,2882,327,6
1992-11-23,121,0.8,2883,328,0
1992-11-24,114,1.4,2884,329,1
1992-11-25,134,2.1,2885,330,2
1992-11-26,125,2.7,2886,331,3
1992-11-27,109,2.1,2887,332,4
1992-11-28,141,7.7,2888,333,5
1992-11-29,126,8.7,2889,334,6
1992-11-30,133,10.1,2890,335,0
1992-12-01,114,4.0,2891,336,1
1992-12-02,110,2.7,2892,337,2
1992-12-03,143,5.1,2893,338,3
1992-12-04,125,7.9,2894,339,4
1992-12-05,136,6.1,2895,340,5
1992-12-06,125,5.2,2896,341,6
1992-12-07,103,3.8,2897,342,0
1992-12-08,136,7.7,2898,343,1
1992-12-09,132,10.4,2899,344,2
1992-12-10,126,10.1,2900,345,3
1992-12-11,107,9.3,2901,346,4
1992-12-12,100,7.5,2902,347,5
1992-12-13,112,6.3,2903,348,6
1992-12-14,116,7.9,2904,349,0
1992-12-15,130,7.4,2905,350,1
1992-12-16,135,7.1,2906,351,2
1992-12-17,104,4.0,2907,352,3
1992-12-18,135,7.0,2908,353,4
1992-12-19,144,9.5,2909,354,5
1992-12-20,133,5.3,2910,355,6
1992-12-21,147,9.6,2911,356,0
1992-12-22,131,10.3,2912,357,1
1992-12-23,133,10.3,2913,358,2
1992-12-24,141,11.0,2914,359,3
1992-12-25,153,9.8,2915,360,4
1992-12-26,142,11.5,2916,361,5
1992-12-27,128,9.5,2917,362,6
1992-12-28,138,10.4,2918,363,0
1992-12-29,142,7.6,2919,364,1
1992-12-30,115,7.3,2920,365,2
1992-12-31,133,7.3,2921,366,3
1993-01-01,132,6.9,2922,1,4
1993-01-02,150,6.2,2923,2,5
1993-01-03,124,4.9,2924,3,6
1993-01-04,129,7.5,2925,4,0
1993-01-05,137,5.6,2926,5,1
1993-01-06,123,8.9,2927,6,2
1993-01-07,133,9.6,2928,7,3
1993-01-08,124,8.9,2929,8,4
1993-01-09,152,9.3,2930,9,5
1993-01-10,133,5.8,2931,10,6
1993-01-11,135,4.0,2932,11,0
1993-01-12,130,7.5,2933,12,1
1993-01-13,115,6.9,2934,13,2
1993-01-14,118,8.2,2935,14,3
1993-01-15,130,8.5,2936,15,4
1993-01-16,98,8.5,2937,16,5
1993-01-17,117,7.1,2938,17,6
1993-01-18,123,1.9,2939,18,0
1993-01-19,120,1.2,2940,19,1
1993-01-20,149,4.1,2941,20,2
1993-01-21,142,6.3,2942,21,3
1993-01-22,125,4.3,2943,22,4
1993-01-23,122,6.5,2944,23,5
1993-01-24,113,5.3,2945,24,6
1993-01-25,122,3.1,2946,25,0
1993-01-26,116,6.1,2947,26,1
1993-01-27,119,8.3,2948,27,2
1993-01-28,135,6.6,2949,28,3
1993-01-29,124,2.3,2950,29,4
1993-01-30,114,5.1,2951,30,5
1993-01-31,113,5.8,2952,31,6
1993-02-01,115,3.1,2953,32,0
1993-02-02,98,2.4,2954,33,1
1993-02-03,118,5.7,2955,34,2
1993-02-04,144,8.6,2956,35,3
1993-02-05,122,10.0,2957,36,4
1993-02-06,120,11.2,2958,37,5
1993-02-07,127,9.4,2959,38,6
1993-02-08,106,7.1,2960,39,0
1993-02-09,106,6.6,2961,40,1
1993-02-10,111,6.5,2962,41,2
1993-02-11,112,5.0,2963,42,3
1993-02-12,105,8.0,2964,43,4
1993-02-13,128,6.3,2965,44,5
1993-02-14,118,6.3,2966,45,6
1993-02-15,129,7.8,2967,46,0
1993-02-16,123,3.4,2968,47,1
1993-02-17,131,5.6,2969,48,2
1993-02-18,135,11.6,2970,49,3
1993-02-19,118,10.9,2971,50,4
1993-02-20,110,7.4,2972,51,5
1993-02-21,121,5.3,2973,52,6
1993-02-22,87,5.9,2974,53,0
1993-02-23,130,3.8,2975,54,1
1993-02-24,138,4.5,2976,55,2
1993-02-25,138,3.4,2977,56,3
1993-02-26,119,4.0,2978,57,4
1993-02-27,140,4.4,2979,58,5
1993-02-28,127,4.3,2980,59,6
1993-03-01,133,6.4,2981,60,0
1993-03-02,102,6.5,2982,61,1
1993-03-03,127,7.5,2983,62,2
1993-03-04,115,8.3,2984,63,3
1993-03-05,127,11.5,2985,64,4
1993-03-06,109,12.1,2986,65,5
1993-03-07,105,7.7,2987,66,6
1993-03-08,107,5.3,2988,67,0
1993-03-09,113,9.4,2989,68,1
1993-03-10,116,10.0,2990,69,2
1993-03-11,108,8.5,2991,70,3
1993-03-12,111,6.7,2992,71,4
1993-03-13,92,8.3,2993,72,5
1993-03-14,109,6.7,2994,73,6
1993-03-15,121,9.6,2995,74,0
1993-03-16,127,5.1,2996,75,1
1993-03-17,122,3.8,2997,76,2
1993-03-18,124,4.3,2998,77,3
1993-03-19,125,9.7,2999,78,4
1993-03-20,130,6.7,3000,79,5
1993-03-21,132,5.7,3001,80,6
1993-03-22,120,9.4,3002,81,0
1993-03-23,112,5.1,3003,82,1
1993-03-24,135,10.0,3004,83,2
1993-03-25,96,7.6,3005,84,3
1993-03-26,104,11.1,3006,85,4
1993-03-27,97,12.7,3007,86,5
1993-03-28,90,11.3,3008,87,6
1993-03-29,125,9.9,3009,88,0
1993-03-30,116,11.2,3010,89,1
1993-03-31,134,11.2,3011,90,2
1993-04-01,119,9.5,3012,91,3
1993-04-02,112,7.4,3013,92,4
1993-04-03,102,4.5,3014,93,5
1993-04-04,111,3.0,3015,94,6
1993-04-05,101,3.0,3016,95,0
1993-04-06,109,3.7,3017,96,1
1993-04-07,125,6.7,3018,97,2
1993-04-08,117,7.1,3019,98,3
1993-04-09,138,8.0,3020,99,4
1993-04-10,105,10.1,3021,100,5
1993-04-11,94,9.4,3022,101,6
1993-04-12,110,9.1,3023,102,0
1993-04-13,104,9.4,3024,103,1
1993-04-14,102,8.6,3025,104,2
1993-04-15,111,8.5,3026,105,3
1993-04-16,119,8.9,3027,106,4
1993-04-17,116,7.2,3028,107,5
1993-04-18,105,7.4,3029,108,6
1993-04-19,122,7.3,3030,109,0
1993-04-20,117,7.1,3031,110,1
1993-04-21,119,6.6,3032,111,2
1993-04-22,95,7.4,3033,112,3
1993-04-23,97,8.2,3034,113,4
1993-04-24,131,4.5,3035,114,5
1993-04-25,136,3.5,3036,115,6
1993-04-26,120,4.9,3037,116,0
1993-04-27,106,6.0,3038,117,1
1993-04-28,123,7.7,3039,118,2
1993-04-29,112,7.4,3040,119,3
1993-04-30,105,9.6,3041,120,4
1993-05-01,106,12.0,3042,121,5
1993-05-02,106,14.1,3043,122,6
1993-05-03,100,15.0,3044,123,0
1993-05-04,109,15.5,3045,124,1
1993-05-05,113,16.6,3046,125,2
1993-05-06,126,12.1,3047,126,3
1993-05-07,101,11.3,3048,127,4
1993-05-08,103,14.3,3049,128,5
1993-05-09,120,13.8,3050,129,6
1993-05-10,120,12.5,3051,130,0
1993-05-11,106,12.5,3052,131,1
1993-05-12,118,9.4,3053,132,2
1993-05-13,126,10.5,3054,133,3
1993-05-14,97,12.9,3055,134,4
1993-05-15,101,13.8,3056,135,5
1993-05-16,98,15.1,3057,136,6
1993-05-17,93,16.2,3058,137,0
1993-05-18,123,17.3,3059,138,1
1993-05-19,109,17.8,3060,139,2
1993-05-20,111,17.0,3061,140,3
1993-05-21,113,18.9,3062,141,4
1993-05-22,104,18.6,3063,142,5
1993-05-23,121,21.5,3064,143,6
1993-05-24,123,20.5,3065,144,0
1993-05-25,103,14.8,3066,145,1
1993-05-26,121,13.4,3067,146,2
1993-05-27,84,12.3,3068,147,3
1993-05-28,109,13.7,3069,148,4
1993-05-29,90,16.4,3070,149,5
1993-05-30,108,11.6,3071,150,6
1993-05-31,98,10.0,3072,151,0
1993-06-01,93,9.5,3073,152,1
1993-06-02,99,10.4,3074,153,2
1993-06-03,119,9.9,3075,154,3
1993-06-04,102,10.0,3076,155,4
1993-06-05,91,10.7,3077,156,5
1993-06-06,111,9.7,3078,157,6
1993-06-07,113,11.6,3079,158,0
1993-06-08,106,10.9,3080,159,1
1993-06-09,103,13.8,3081,160,2
1993-06-10,105,16.1,3082,161,3
1993-06-11,122,16.7,3083,162,4
1993-06-12,135,20.7,3084,163,5
1993-06-13,127,21.3,3085,164,6
1993-06-14,125,20.8,3086,165,0
1993-06-15,123,20.1,3087,166,1
1993-06-16,122,19.3,3088,167,2
1993-06-17,97,19.5,3089,168,3
1993-06-18,100,18.2,3090,169,4
1993-06-19,97,19.8,3091,170,5
1993-06-20,138,22.0,3092,171,6
1993-06-21,115,18.3,3093,172,0
1993-06-22,108,15.0,3094,173,1
1993-06-23,103,18.0,3095,174,2
1993-06-24,96,18.4,3096,175,3
1993-06-25,102,18.9,3097,176,4
1993-06-26,97,17.2,3098,177,5
1993-06-27,115,15.2,3099,178,6
1993-06-28,101,13.7,3100,179,0
1993-06-29,110,14.2,3101,180,1
1993-06-30,87,15.1,3102,181,2
1993-07-01,100,17.0,3103,182,3
1993-07-02,107,15.0,3104,183,4
1993-07-03,100,16.6,3105,184,5
1993-07-04,92,18.3,3106,185,6
1993-07-05,126,20.1,3107,186,0
1993-07-06,120,22.1,3108,187,1
1993-07-07,109,19.1,3109,188,2
1993-07-08,94,18.4,3110,189,3
1993-07-09,95,15.9,3111,190,4
1993-07-10,113,18.2,3112,191,5
1993-07-11,102,20.2,3113,192,6
1993-07-12,128,18.4,3114,193,0
1993-07-13,90,18.3,3115,194,1
1993-07-14,88,16.4,3116,195,2
1993-07-15,114,19.5,3117,196,3
1993-07-16,97,18.5,3118,197,4
1993-07-17,108,20.2,3119,198,5
1993-07-18,98,18.9,3120,199,6
1993-07-19,109,19.5,3121,200,0
1993-07-20,126,21.1,3122,201,1
1993-07-21,108,22.8,3123,202,2
1993-07-22,118,26.0,3124,203,3
1993-07-23,135,25.1,3125,204,4
1993-07-24,110,23.9,3126,205,5
1993-07-25,121,23.0,3127,206,6
1993-07-26,111,21.4,3128,207,0
1993-07-27,99,19.3,3129,208,1
1993-07-28,100,19.6,3130,209,2
1993-07-29,88,19.7,3131,210,3
1993-07-30,91,17.3,3132,211,4
1993-07-31,91,14.5,3133,212,5
1993-08-01,101,15.5,3134,213,6
1993-08-02,70,16.5,3135,214,0
1993-08-03,106,19.4,3136,215,1
1993-08-04,97,18.2,3137,216,2
1993-08-05,111,19.0,3138,217,3
1993-08-06,96,20.9,3139,218,4
1993-08-07,122,20.3,3140,219,5
1993-08-08,106,19.8,3141,220,6
1993-08-09,96,20.1,3142,221,0
1993-08-10,88,17.5,3143,222,1
1993-08-11,93,18.0,3144,223,2
1993-08-12,106,18.5,3145,224,3
1993-08-13,110,17.1,3146,225,4
1993-08-14,99,18.7,3147,226,5
1993-08-15,93,19.2,3148,227,6
1993-08-16,92,18.5,3149,228,0
1993-08-17,96,16.3,3150,229,1
1993-08-18,96,16.2,3151,230,2
1993-08-19,93,18.6,3152,231,3
1993-08-20,109,20.7,3153,232,4
1993-08-21,109,20.1,3154,233,5
1993-08-22,104,17.6,3155,234,6
1993-08-23,92,17.3,3156,235,0
1993-08-24,103,17.9,3157,236,1
1993-08-25,95,16.8,3158,237,2
1993-08-26,105,16.6,3159,238,3
1993-08-27,93,14.9,3160,239,4
1993-08-28,106,13.5,3161,240,5
1993-08-29,98,15.1,3162,241,6
1993-08-30,102,19.0,3163,242,0
1993-08-31,107,16.0,3164,243,1
1993-09-01,102,14.9,3165,244,2
1993-09-02,98,14.0,3166,245,3
1993-09-03,114,12.9,3167,246,4
1993-09-04,111,15.7,3168,247,5
1993-09-05,103,16.8,3169,248,6
1993-09-06,94,18.0,3170,249,0
1993-09-07,98,18.8,3171,250,1
1993-09-08,113,17.9,3172,251,2
1993-09-09,95,14.8,3173,252,3
1993-09-10,95,16.4,3174,253,4
1993-09-11,106,17.2,3175,254,5
1993-09-12,107,16.8,3176,255,6
1993-09-13,124,15.8,3177,256,0
1993-09-14,100,13.1,3178,257,1
1993-09-15,111,17.2,3179,258,2
1993-09-16,94,18.4,3180,259,3
1993-09-17,107,18.4,3181,260,4
1993-09-18,98,18.1,3182,261,5
1993-09-19,93,16.6,3183,262,6
1993-09-20,94,16.6,3184,263,0
1993-09-21,91,18.8,3185,264,1
1993-09-22,108,16.9,3186,265,2
1993-09-23,106,14.3,3187,266,3
1993-09-24,121,16.2,3188,267,4
1993-09-25,113,16.3,3189,268,5
1993-09-26,112,15.2,3190,269,6
1993-09-27,88,15.4,3191,270,0
1993-09-28,109,13.0,3192,271,1
1993-09-29,115,12.1,3193,272,2
1993-09-30,109,12.8,3194,273,3
1993-10-01,93,13.0,3195,274,4
1993-10-02,113,12.6,3196,275,5
1993-10-03,117,10.9,3197,276,6
1993-10-04,110,14.0,3198,277,0
1993-10-05,100,12.8,3199,278,1
1993-10-06,113,11.1,3200,279,2
1993-10-07,108,12.2,3201,280,3
1993-10-08,112,11.0,3202,281,4
1993-10-09,113,11.1,3203,282,5
1993-10-10,121,11.7,3204,283,6
1993-10-11,118,13.0,3205,284,0
1993-10-12,123,14.4,3206,285,1
1993-10-13,98,12.8,3207,286,2
1993-10-14,125,10.5,3208,287,3
1993-10-15,127,9.4,3209,288,4
1993-10-16,122,13.4,3210,289,5
1993-10-17,120,12.8,3211,290,6
1993-10-18,114,12.4,3212,291,0
1993-10-19,123,15.0,3213,292,1
1993-10-20,115,13.3,3214,293,2
1993-10-21,121,15.9,3215,294,3
1993-10-22,116,14.6,3216,295,4
1993-10-23,133,14.0,3217,296,5
1993-10-24,97,11.3,3218,297,6
1993-10-25,114,13.0,3219,298,0
1993-10-26,109,12.4,3220,299,1
1993-10-27,93,14.5,3221,300,2
1993-10-28,119,13.6,3222,301,3
1993-10-29,101,12.0,3223,302,4
1993-10-30,124,13.7,3224,303,5
1993-10-31,114,12.8,3225,304,6
1993-11-01,116,10.5,3226,305,0
1993-11-02,123,10.7,3227,306,1
1993-11-03,121,9.0,3228,307,2
1993-11-04,120,8.3,3229,308,3
1993-11-05,112,5.6,3230,309,4
1993-11-06,124,4.9,3231,310,5
1993-11-07,127,8.3,3232,311,6
1993-11-08,113,8.5,3233,312,0
1993-11-09,114,7.8,3234,313,1
1993-11-10,117,11.7,3235,314,2
1993-11-11,121,12.6,3236,315,3
1993-11-12,126,10.4,3237,316,4
1993-11-13,115,6.7,3238,317,5
1993-11-14,107,6.8,3239,318,6
1993-11-15,127,9.3,3240,319,0
1993-11-16,120,7.2,3241,320,1
1993-11-17,119,5.4,3242,321,2
1993-11-18,137,9.2,3243,322,3
1993-11-19,124,8.7,3244,323,4
1993-11-20,129,8.7,3245,324,5
1993-11-21,116,7.4,3246,325,6
1993-11-22,113,7.1,3247,326,0
1993-11-23,113,3.0,3248,327,1
1993-11-24,106,1.7,3249,328,2
1993-11-25,113,2.9,3250,329,3
1993-11-26,126,0.3,3251,330,4
1993-11-27,135,1.1,3252,331,5
1993-11-28,131,1.8,3253,332,6
1993-11-29,131,3.3,3254,333,0
1993-11-30,157,1.9,3255,334,1
1993-12-01,147,0.9,3256,335,2
1993-12-02,147,3.4,3257,336,3
1993-12-03,134,2.1,3258,337,4
1993-12-04,160,4.0,3259,338,5
1993-12-05,159,6.5,3260,339,6
1993-12-06,166,6.1,3261,340,0
1993-12-07,181,6.1,3262,341,1
1993-12-08,164,5.4,3263,342,2
1993-12-09,167,3.5,3264,343,3
1993-12-10,169,3.4,3265,344,4
1993-12-11,206,3.6,3266,345,5
1993-12-12,175,6.0,3267,346,6
1993-12-13,196,7.2,3268,347,0
1993-12-14,214,10.5,3269,348,1
1993-12-15,210,7.1,3270,349,2
1993-12-16,213,11.1,3271,350,3
1993-12-17,227,10.3,3272,351,4
1993-12-18,197,8.7,3273,352,5
1993-12-19,204,4.6,3274,353,6
1993-12-20,198,11.2,3275,354,0
1993-12-21,193,12.4,3276,355,1
1993-12-22,177,7.5,3277,356,2
1993-12-23,195,7.2,3278,357,3
1993-12-24,166,10.6,3279,358,4
1993-12-25,150,9.3,3280,359,5
1993-12-26,177,6.7,3281,360,6
1993-12-27,164,6.7,3282,361,0
1993-12-28,188,6.1,3283,362,1
1993-12-29,155,4.5,3284,363,2
1993-12-30,180,3.4,3285,364,3
1993-12-31,167,3.1,3286,365,4
1994-01-01,171,3.6,3287,1,5
1994-01-02,153,5.1,3288,2,6
1994-01-03,150,4.1,3289,3,0
1994-01-04,159,5.3,3290,4,1
1994-01-05,166,7.1,3291,5,2
1994-01-06,161,9.4,3292,6,3
1994-01-07,167,6.5,3293,7,4
1994-01-08,139,7.5,3294,8,5
1994-01-09,120,7.9,3295,9,6
1994-01-10,155,9.5,3296,10,0
1994-01-11,142,9.7,3297,11,1
1994-01-12,136,7.3,3298,12,2
1994-01-13,122,3.9,3299,13,3
1994-01-14,150,5.0,3300,14,4
1994-01-15,125,10.3,3301,15,5
1994-01-16,133,11.0,3302,16,6
1994-01-17,122,7.3,3303,17,0
1994-01-18,110,4.8,3304,18,1
1994-01-19,117,7.8,3305,19,2
1994-01-20,117,8.0,3306,20,3
1994-01-21,119,10.8,3307,21,4
1994-01-22,130,10.6,3308,22,5
1994-01-23,125,9.4,3309,23,6
1994-01-24,119,5.3,3310,24,0
1994-01-25,125,8.4,3311,25,1
1994-01-26,140,4.4,3312,26,2
1994-01-27,133,5.8,3313,27,3
1994-01-28,131,5.9,3314,28,4
1994-01-29,122,7.0,3315,29,5
1994-01-30,113,8.7,3316,30,6
1994-01-31,141,7.6,3317,31,0
1994-02-01,110,7.7,3318,32,1
1994-02-02,120,7.0,3319,33,2
1994-02-03,134,5.6,3320,34,3
1994-02-04,136,9.0,3321,35,4
1994-02-05,140,10.3,3322,36,5
1994-02-06,111,9.6,3323,37,6
1994-02-07,121,11.5,3324,38,0
1994-02-08,124,8.8,3325,39,1
1994-02-09,125,7.6,3326,40,2
1994-02-10,137,7.9,3327,41,3
1994-02-11,127,5.1,3328,42,4
1994-02-12,130,5.2,3329,43,5
1994-02-13,124,6.3,3330,44,6
1994-02-14,124,6.1,3331,45,0
1994-02-15,126,5.2,3332,46,1
1994-02-16,126,4.1,3333,47,2
1994-02-17,130,9.0,3334,48,3
1994-02-18,110,7.8,3335,49,4
1994-02-19,124,10.6,3336,50,5
1994-02-20,120,12.7,3337,51,6
1994-02-21,103,10.1,3338,52,0
1994-02-22,110,10.5,3339,53,1
1994-02-23,108,11.5,3340,54,2
1994-02-24,96,11.9,3341,55,3
1994-02-25,103,8.5,3342,56,4
1994-02-26,124,9.2,3343,57,5
1994-02-27,113,6.7,3344,58,6
1994-02-28,131,7.1,3345,59,0
1994-03-01,102,4.2,3346,60,1
1994-03-02,127,3.8,3347,61,2
1994-03-03,112,5.4,3348,62,3
1994-03-04,132,8.7,3349,63,4
1994-03-05,128,8.4,3350,64,5
1994-03-06,122,9.6,3351,65,6
1994-03-07,114,9.5,3352,66,0
1994-03-08,116,9.0,3353,67,1
1994-03-09,114,9.0,3354,68,2
1994-03-10,97,11.7,3355,69,3
1994-03-11,109,10.8,3356,70,4
1994-03-12,97,8.6,3357,71,5
1994-03-13,117,7.7,3358,72,6
1994-03-14,121,8.4,3359,73,0
1994-03-15,110,8.8,3360,74,1
1994-03-16,129,10.3,3361,75,2
1994-03-17,106,13.9,3362,76,3
1994-03-18,110,14.5,3363,77,4
1994-03-19,102,11.6,3364,78,5
1994-03-20,81,9.4,3365,79,6
1994-03-21,120,11.9,3366,80,0
1994-03-22,115,9.8,3367,81,1
1994-03-23,107,8.5,3368,82,2
1994-03-24,126,9.0,3369,83,3
1994-03-25,97,6.0,3370,84,4
1994-03-26,113,5.2,3371,85,5
1994-03-27,97,5.5,3372,86,6
1994-03-28,103,6.7,3373,87,0
1994-03-29,108,6.9,3374,88,1
1994-03-30,120,11.2,3375,89,2
1994-03-31,102,10.4,3376,90,3
1994-04-01,115,12.2,3377,91,4
1994-04-02,118,11.3,3378,92,5
1994-04-03,108,5.1,3379,93,6
1994-04-04,114,3.0,3380,94,0
1994-04-05,106,4.3,3381,95,1
1994-04-06,95,4.8,3382,96,2
1994-04-07,112,6.9,3383,97,3
1994-04-08,100,6.0,3384,98,4
1994-04-09,113,5.5,3385,99,5
1994-04-10,112,9.7,3386,100,6
1994-04-11,117,10.7,3387,101,0
1994-04-12,107,11.8,3388,102,1
1994-04-13,124,6.9,3389,103,2
1994-04-14,120,5.9,3390,104,3
1994-04-15,133,7.6,3391,105,4
1994-04-16,94,7.1,3392,106,5
1994-04-17,103,6.1,3393,107,6
1994-04-18,104,6.1,3394,108,0
1994-04-19,96,7.2,3395,109,1
1994-04-20,120,7.1,3396,110,2
1994-04-21,109,10.9,3397,111,3
1994-04-22,102,10.7,3398,112,4
1994-04-23,108,11.3,3399,113,5
1994-04-24,114,11.2,3400,114,6
1994-04-25,112,12.5,3401,115,0
1994-04-26,112,10.9,3402,116,1
1994-04-27,113,9.1,3403,117,2
1994-04-28,107,10.2,3404,118,3
1994-04-29,119,13.8,3405,119,4
1994-04-30,92,15.5,3406,120,5
1994-05-01,95,15.5,3407,121,6
1994-05-02,106,16.1,3408,122,0
1994-05-03,108,18.4,3409,123,1
1994-05-04,124,17.8,3410,124,2
1994-05-05,109,18.5,3411,125,3
1994-05-06,117,18.7,3412,126,4
1994-05-07,92,13.1,3413,127,5
1994-05-08,116,13.1,3414,128,6
1994-05-09,116,11.7,3415,129,0
1994-05-10,109,9.7,3416,130,1
1994-05-11,93,10.0,3417,131,2
1994-05-12,97,11.2,3418,132,3
1994-05-13,102,11.4,3419,133,4
1994-05-14,102,13.1,3420,134,5
1994-05-15,109,15.8,3421,135,6
1994-05-16,99,15.0,3422,136,0
1994-05-17,97,14.2,3423,137,1
1994-05-18,106,11.4,3424,138,2
1994-05-19,96,10.7,3425,139,3
1994-05-20,102,12.0,3426,140,4
1994-05-21,93,13.4,3427,141,5
1994-05-22,96,12.0,3428,142,6
1994-05-23,109,14.5,3429,143,0
1994-05-24,91,13.6,3430,144,1
1994-05-25,110,10.4,3431,145,2
1994-05-26,105,10.9,3432,146,3
1994-05-27,105,13.2,3433,147,4
1994-05-28,77,14.4,3434,148,5
1994-05-29,98,15.3,3435,149,6
1994-05-30,101,14.9,3436,150,0
1994-05-31,123,17.8,3437,151,1
1994-06-01,102,16.9,3438,152,2
1994-06-02,107,13.9,3439,153,3
1994-06-03,107,13.2,3440,154,4
1994-06-04,117,13.0,3441,155,5
1994-06-05,90,12.0,3442,156,6
1994-06-06,116,12.5,3443,157,0
1994-06-07,119,11.3,3444,158,1
1994-06-08,114,10.5,3445,159,2
1994-06-09,84,12.5,3446,160,3
1994-06-10,105,14.1,3447,161,4
1994-06-11,88,12.4,3448,162,5
1994-06-12,92,11.1,3449,163,6
1994-06-13,99,11.3,3450,164,0
1994-06-14,104,13.2,3451,165,1
1994-06-15,114,14.9,3452,166,2
1994-06-16,93,15.6,3453,167,3
1994-06-17,97,16.4,3454,168,4
1994-06-18,108,15.1,3455,169,5
1994-06-19,95,16.1,3456,170,6
1994-06-20,110,14.2,3457,171,0
1994-06-21,105,12.9,3458,172,1
1994-06-22,95,13.9,3459,173,2
1994-06-23,112,14.0,3460,174,3
1994-06-24,99,13.8,3461,175,4
1994-06-25,100,17.8,3462,176,5
1994-06-26,126,18.2,3463,177,6
1994-06-27,118,19.2,3464,178,0
1994-06-28,103,14.9,3465,179,1
1994-06-29,101,16.2,3466,180,2
1994-06-30,92,16.8,3467,181,3
1994-07-01,115,14.3,3468,182,4
1994-07-02,102,14.0,3469,183,5
1994-07-03,127,14.2,3470,184,6
1994-07-04,109,13.1,3471,185,0
1994-07-05,111,14.4,3472,186,1
1994-07-06,111,14.2,3473,187,2
1994-07-07,94,16.9,3474,188,3
1994-07-08,91,19.3,3475,189,4
1994-07-09,112,15.1,3476,190,5
1994-07-10,104,15.3,3477,191,6
1994-07-11,126,18.3,3478,192,0
1994-07-12,110,21.1,3479,193,1
1994-07-13,92,18.7,3480,194,2
1994-07-14,95,17.4,3481,195,3
1994-07-15,97,20.8,3482,196,4
1994-07-16,100,19.6,3483,197,5
1994-07-17,111,18.9,3484,198,6
1994-07-18,97,19.7,3485,199,0
1994-07-19,109,21.1,3486,200,1
1994-07-20,114,22.8,3487,201,2
1994-07-21,122,22.5,3488,202,3
1994-07-22,96,17.8,3489,203,4
1994-07-23,96,16.6,3490,204,5
1994-07-24,121,16.6,3491,205,6
1994-07-25,113,17.3,3492,206,0
1994-07-26,83,17.0,3493,207,1
1994-07-27,105,19.9,3494,208,2
1994-07-28,98,19.0,3495,209,3
1994-07-29,111,19.1,3496,210,4
1994-07-30,98,19.6,3497,211,5
1994-07-31,102,21.1,3498,212,6
1994-08-01,132,22.9,3499,213,0
1994-08-02,125,24.9,3500,214,1
1994-08-03,148,26.0,3501,215,2
1994-08-04,136,26.6,3502,216,3
1994-08-05,96,19.5,3503,217,4
1994-08-06,102,16.6,3504,218,5
1994-08-07,119,16.5,3505,219,6
1994-08-08,104,17.8,3506,220,0
1994-08-09,114,20.1,3507,221,1
1994-08-10,82,20.2,3508,222,2
1994-08-11,89,20.4,3509,223,3
1994-08-12,102,21.6,3510,224,4
1994-08-13,103,19.6,3511,225,5
1994-08-14,95,18.2,3512,226,6
1994-08-15,94,17.7,3513,227,0
1994-08-16,96,15.9,3514,228,1
1994-08-17,99,15.0,3515,229,2
1994-08-18,101,15.8,3516,230,3
1994-08-19,95,17.3,3517,231,4
1994-08-20,95,16.7,3518,232,5
1994-08-21,104,17.7,3519,233,6
1994-08-22,87,19.6,3520,234,0
1994-08-23,102,21.6,3521,235,1
1994-08-24,97,22.0,3522,236,2
1994-08-25,117,21.9,3523,237,3
1994-08-26,91,20.3,3524,238,4
1994-08-27,84,19.2,3525,239,5
1994-08-28,86,20.9,3526,240,6
1994-08-29,84,21.5,3527,241,0
1994-08-30,95,16.0,3528,242,1
1994-08-31,91,15.1,3529,243,2
1994-09-01,101,18.3,3530,244,3
1994-09-02,98,18.7,3531,245,4
1994-09-03,69,18.1,3532,246,5
1994-09-04,95,15.0,3533,247,6
1994-09-05,89,13.7,3534,248,0
1994-09-06,112,15.5,3535,249,1
1994-09-07,89,14.7,3536,250,2
1994-09-08,101,13.8,3537,251,3
1994-09-09,106,14.4,3538,252,4
1994-09-10,112,14.4,3539,253,5
1994-09-11,94,15.3,3540,254,6
1994-09-12,109,15.6,3541,255,0
1994-09-13,97,14.8,3542,256,1
1994-09-14,100,15.2,3543,257,2
1994-09-15,85,14.8,3544,258,3
1994-09-16,94,13.8,3545,259,4
1994-09-17,100,12.5,3546,260,5
1994-09-18,94,14.2,3547,261,6
1994-09-19,120,14.6,3548,262,0
1994-09-20,81,11.1,3549,263,1
1994-09-21,107,12.7,3550,264,2
1994-09-22,118,11.3,3551,265,3
1994-09-23,103,10.6,3552,266,4
1994-09-24,103,10.0,3553,267,5
1994-09-25,97,11.3,3554,268,6
1994-09-26,126,11.1,3555,269,0
1994-09-27,114,11.2,3556,270,1
1994-09-28,128,12.9,3557,271,2
1994-09-29,105,13.6,3558,272,3
1994-09-30,112,16.8,3559,273,4
1994-10-01,99,12.0,3560,274,5
1994-10-02,101,14.5,3561,275,6
1994-10-03,110,13.8,3562,276,0
1994-10-04,98,11.0,3563,277,1
1994-10-05,118,14.5,3564,278,2
1994-10-06,119,14.6,3565,279,3
1994-10-07,103,9.4,3566,280,4
1994-10-08,113,7.5,3567,281,5
1994-10-09,101,10.6,3568,282,6
1994-10-10,130,14.0,3569,283,0
1994-10-11,123,14.2,3570,284,1
1994-10-12,102,15.5,3571,285,2
1994-10-13,107,18.3,3572,286,3
1994-10-14,108,17.0,3573,287,4
1994-10-15,112,16.8,3574,288,5
1994-10-16,101,14.7,3575,289,6
1994-10-17,97,14.5,3576,290,0
1994-10-18,114,14.4,3577,291,1
1994-10-19,115,14.1,3578,292,2
1994-10-20,111,13.6,3579,293,3
1994-10-21,116,13.2,3580,294,4
1994-10-22,121,10.9,3581,295,5
1994-10-23,106,11.4,3582,296,6
1994-10-24,117,12.9,3583,297,0
1994-10-25,115,11.6,3584,298,1
1994-10-26,97,10.7,3585,299,2
1994-10-27,107,9.8,3586,300,3
1994-10-28,102,10.1,3587,301,4
1994-10-29,114,6.9,3588,302,5
1994-10-30,111,9.2,3589,303,6
1994-10-31,96,9.8,3590,304,0
1994-11-01,117,8.2,3591,305,1
1994-11-02,103,6.7,3592,306,2
1994-11-03,113,5.8,3593,307,3
1994-11-04,129,6.1,3594,308,4
1994-11-05,120,5.7,3595,309,5
1994-11-06,118,5.6,3596,310,6
1994-11-07,110,6.6,3597,311,0
1994-11-08,116,5.8,3598,312,1
1994-11-09,92,6.6,3599,313,2
1994-11-10,111,12.2,3600,314,3
1994-11-11,114,10.3,3601,315,4
1994-11-12,84,12.7,3602,316,5
1994-11-13,136,13.2,3603,317,6
1994-11-14,122,11.8,3604,318,0
1994-11-15,111,10.9,3605,319,1
1994-11-16,92,13.9,3606,320,2
1994-11-17,115,13.6,3607,321,3
1994-11-18,95,9.6,3608,322,4
1994-11-19,113,7.6,3609,323,5
1994-11-20,96,5.4,3610,324,6
1994-11-21,134,3.9,3611,325,0
1994-11-22,99,3.3,3612,326,1
1994-11-23,113,4.0,3613,327,2
1994-11-24,132,4.6,3614,328,3
1994-11-25,133,4.9,3615,329,4
1994-11-26,116,6.2,3616,330,5
1994-11-27,110,5.8,3617,331,6
1994-11-28,124,4.7,3618,332,0
1994-11-29,105,6.0,3619,333,1
1994-11-30,119,5.9,3620,334,2
1994-12-01,111,5.8,3621,335,3
1994-12-02,115,4.7,3622,336,4
1994-12-03,124,6.0,3623,337,5
1994-12-04,106,3.9,3624,338,6
1994-12-05,108,4.0,3625,339,0
1994-12-06,128,1.6,3626,340,1
1994-12-07,115,5.6,3627,341,2
1994-12-08,145,1.6,3628,342,3
1994-12-09,131,1.5,3629,343,4
1994-12-10,137,5.3,3630,344,5
1994-12-11,140,5.6,3631,345,6
1994-12-12,146,5.0,3632,346,0
1994-12-13,120,3.6,3633,347,1
1994-12-14,119,1.1,3634,348,2
1994-12-15,131,1.0,3635,349,3
1994-12-16,131,3.2,3636,350,4
1994-12-17,126,1.8,3637,351,5
1994-12-18,115,1.1,3638,352,6
1994-12-19,146,1.6,3639,353,0
1994-12-20,138,5.0,3640,354,1
1994-12-21,144,9.2,3641,355,2
1994-12-22,145,10.0,3642,356,3
1994-12-23,119,8.6,3643,357,4
1994-12-24,126,7.5,3644,358,5
1994-12-25,127,5.7,3645,359,6
1994-12-26,126,7.5,3646,360,0
1994-12-27,127,4.8,3647,361,1
1994-12-28,140,7.0,3648,362,2
1994-12-29,151,7.4,3649,363,3
1994-12-30,134,5.7,3650,364,4
1994-12-31,128,5.7,3651,365,5
1995-01-01,125,5.5,3652,1,6
1995-01-02,137,10.9,3653,2,0
1995-01-03,136,6.7,3654,3,1
1995-01-04,147,4.3,3655,4,2
1995-01-05,146,6.3,3656,5,3
1995-01-06,137,5.7,3657,6,4
1995-01-07,147,6.6,3658,7,5
1995-01-08,126,6.6,3659,8,6
1995-01-09,134,7.4,3660,9,0
1995-01-10,135,8.1,3661,10,1
1995-01-11,155,5.3,3662,11,2
1995-01-12,142,3.2,3663,12,3
1995-01-13,147,0.9,3664,13,4
1995-01-14,155,1.4,3665,14,5
1995-01-15,141,1.4,3666,15,6
1995-01-16,124,1.5,3667,16,0
1995-01-17,149,6.2,3668,17,1
1995-01-18,138,7.2,3669,18,2
1995-01-19,151,5.0,3670,19,3
1995-01-20,146,7.2,3671,20,4
1995-01-21,120,6.5,3672,21,5
1995-01-22,108,3.7,3673,22,6
1995-01-23,152,4.0,3674,23,0
1995-01-24,140,2.5,3675,24,1
1995-01-25,151,1.7,3676,25,2
1995-01-26,136,2.0,3677,26,3
1995-01-27,146,2.2,3678,27,4
1995-01-28,114,2.9,3679,28,5
1995-01-29,154,1.0,3680,29,6
1995-01-30,143,0.9,3681,30,0
1995-01-31,132,1.1,3682,31,1
1995-02-01,132,2.9,3683,32,2
1995-02-02,135,1.1,3684,33,3
1995-02-03,131,-0.2,3685,34,4
1995-02-04,141,-0.8,3686,35,5
1995-02-05,154,0.2,3687,36,6
1995-02-06,137,-2.5,3688,37,0
1995-02-07,163,-5.5,3689,38,1
1995-02-08,146,-4.0,3690,39,2
1995-02-09,148,-4.6,3691,40,3
1995-02-10,155,-3.1,3692,41,4
1995-02-11,170,-0.9,3693,42,5
1995-02-12,165,-1.1,3694,43,6
1995-02-13,169,-0.2,3695,44,0
1995-02-14,129,-0.9,3696,45,1
1995-02-15,172,4.3,3697,46,2
1995-02-16,148,2.9,3698,47,3
1995-02-17,148,1.8,3699,48,4
1995-02-18,143,2.4,3700,49,5
1995-02-19,143,-0.3,3701,50,6
1995-02-20,141,4.0,3702,51,0
1995-02-21,150,6.1,3703,52,1
1995-02-22,124,6.5,3704,53,2
1995-02-23,170,10.8,3705,54,3
1995-02-24,144,10.2,3706,55,4
1995-02-25,128,7.4,3707,56,5
1995-02-26,134,8.6,3708,57,6
1995-02-27,133,6.1,3709,58,0
1995-02-28,128,5.1,3710,59,1
1995-03-01,146,4.6,3711,60,2
1995-03-02,131,4.2,3712,61,3
1995-03-03,125,7.2,3713,62,4
1995-03-04,116,7.2,3714,63,5
1995-03-05,150,9.4,3715,64,6
1995-03-06,149,10.0,3716,65,0
1995-03-07,123,10.3,3717,66,1
1995-03-08,150,11.1,3718,67,2
1995-03-09,108,9.4,3719,68,3
1995-03-10,108,9.3,3720,69,4
1995-03-11,111,10.1,3721,70,5
1995-03-12,133,10.6,3722,71,6
1995-03-13,106,11.0,3723,72,0
1995-03-14,111,10.3,3724,73,1
1995-03-15,130,9.0,3725,74,2
1995-03-16,111,10.5,3726,75,3
1995-03-17,98,9.4,3727,76,4
1995-03-18,109,8.9,3728,77,5
1995-03-19,128,12.2,3729,78,6
1995-03-20,97,11.3,3730,79,0
1995-03-21,129,9.3,3731,80,1
1995-03-22,98,5.1,3732,81,2
1995-03-23,117,4.6,3733,82,3
1995-03-24,129,5.2,3734,83,4
1995-03-25,112,6.2,3735,84,5
1995-03-26,114,6.3,3736,85,6
1995-03-27,111,6.9,3737,86,0
1995-03-28,121,7.2,3738,87,1
1995-03-29,103,6.8,3739,88,2
1995-03-30,123,7.2,3740,89,3
1995-03-31,99,10.9,3741,90,4
1995-04-01,121,8.8,3742,91,5
1995-04-02,105,9.6,3743,92,6
1995-04-03,116,8.0,3744,93,0
1995-04-04,87,7.3,3745,94,1
1995-04-05,117,7.6,3746,95,2
1995-04-06,120,6.6,3747,96,3
1995-04-07,104,8.7,3748,97,4
1995-04-08,111,10.1,3749,98,5
1995-04-09,121,9.2,3750,99,6
1995-04-10,112,11.8,3751,100,0
1995-04-11,126,14.1,3752,101,1
1995-04-12,116,13.7,3753,102,2
1995-04-13,110,11.8,3754,103,3
1995-04-14,113,7.7,3755,104,4
1995-04-15,107,9.0,3756,105,5
1995-04-16,121,6.7,3757,106,6
1995-04-17,113,4.6,3758,107,0
1995-04-18,96,4.3,3759,108,1
1995-04-19,114,3.9,3760,109,2
1995-04-20,112,2.7,3761,110,3
1995-04-21,132,5.3,3762,111,4
1995-04-22,112,6.9,3763,112,5
1995-04-23,108,7.1,3764,113,6
1995-04-24,132,8.9,3765,114,0
1995-04-25,117,8.4,3766,115,1
1995-04-26,106,9.1,3767,116,2
1995-04-27,104,8.2,3768,117,3
1995-04-28,130,8.0,3769,118,4
1995-04-29,122,7.3,3770,119,5
1995-04-30,100,7.5,3771,120,6
1995-05-01,107,7.1,3772,121,0
1995-05-02,105,6.9,3773,122,1
1995-05-03,116,6.6,3774,123,2
1995-05-04,121,7.2,3775,124,3
1995-05-05,102,7.0,3776,125,4
1995-05-06,119,6.8,3777,126,5
1995-05-07,110,7.7,3778,127,6
1995-05-08,113,9.2,3779,128,0
1995-05-09,137,7.8,3780,129,1
1995-05-10,109,10.0,3781,130,2
1995-05-11,122,11.5,3782,131,3
1995-05-12,107,12.2,3783,132,4
1995-05-13,133,14.7,3784,133,5
1995-05-14,109,11.6,3785,134,6
1995-05-15,103,10.2,3786,135,0
1995-05-16,105,9.1,3787,136,1
1995-05-17,112,9.5,3788,137,2
1995-05-18,114,9.9,3789,138,3
1995-05-19,107,13.0,3790,139,4
1995-05-20,100,15.0,3791,140,5
1995-05-21,119,17.7,3792,141,6
1995-05-22,110,15.8,3793,142,0
1995-05-23,105,13.2,3794,143,1
1995-05-24,112,12.4,3795,144,2
1995-05-25,99,14.9,3796,145,3
1995-05-26,99,13.4,3797,146,4
1995-05-27,104,13.9,3798,147,5
1995-05-28,93,10.4,3799,148,6
1995-05-29,108,10.4,3800,149,0
1995-05-30,96,11.0,3801,150,1
1995-05-31,96,10.3,3802,151,2
1995-06-01,101,9.8,3803,152,3
1995-06-02,97,9.6,3804,153,4
1995-06-03,109,9.5,3805,154,5
1995-06-04,107,9.0,3806,155,6
1995-06-05,111,10.1,3807,156,0
1995-06-06,120,13.3,3808,157,1
1995-06-07,114,12.6,3809,158,2
1995-06-08,111,11.9,3810,159,3
1995-06-09,111,14.2,3811,160,4
1995-06-10,100,13.9,3812,161,5
1995-06-11,118,12.1,3813,162,6
1995-06-12,108,14.4,3814,163,0
1995-06-13,101,13.2,3815,164,1
1995-06-14,113,13.2,3816,165,2
1995-06-15,88,12.1,3817,166,3
1995-06-16,100,11.5,3818,167,4
1995-06-17,122,11.6,3819,168,5
1995-06-18,109,10.9,3820,169,6
1995-06-19,109,11.9,3821,170,0
1995-06-20,99,13.9,3822,171,1
1995-06-21,90,14.7,3823,172,2
1995-06-22,90,14.6,3824,173,3
1995-06-23,99,13.0,3825,174,4
1995-06-24,105,13.5,3826,175,5
1995-06-25,108,15.6,3827,176,6
1995-06-26,84,14.1,3828,177,0
1995-06-27,95,12.7,3829,178,1
1995-06-28,113,14.5,3830,179,2
1995-06-29,100,14.9,3831,180,3
1995-06-30,106,15.4,3832,181,4
1995-07-01,114,15.9,3833,182,5
1995-07-02,100,14.2,3834,183,6
1995-07-03,111,17.8,3835,184,0
1995-07-04,114,19.8,3836,185,1
1995-07-05,115,20.8,3837,186,2
1995-07-06,127,20.1,3838,187,3
1995-07-07,108,20.5,3839,188,4
1995-07-08,93,17.6,3840,189,5
1995-07-09,107,17.3,3841,190,6
1995-07-10,115,18.3,3842,191,0
1995-07-11,116,21.2,3843,192,1
1995-07-12,90,16.2,3844,193,2
1995-07-13,114,16.0,3845,194,3
1995-07-14,102,17.8,3846,195,4
1995-07-15,99,16.7,3847,196,5
1995-07-16,99,16.1,3848,197,6
1995-07-17,87,16.3,3849,198,0
1995-07-18,111,16.3,3850,199,1
1995-07-19,107,16.4,3851,200,2
1995-07-20,100,17.7,3852,201,3
1995-07-21,89,17.6,3853,202,4
1995-07-22,105,18.3,3854,203,5
1995-07-23,95,19.5,3855,204,6
1995-07-24,100,15.2,3856,205,0
1995-07-25,97,16.2,3857,206,1
1995-07-26,87,17.8,3858,207,2
1995-07-27,109,18.7,3859,208,3
1995-07-28,112,18.4,3860,209,4
1995-07-29,104,21.5,3861,210,5
1995-07-30,106,17.8,3862,211,6
1995-07-31,88,18.0,3863,212,0
1995-08-01,112,18.0,3864,213,1
1995-08-02,107,18.4,3865,214,2
1995-08-03,108,18.8,3866,215,3
1995-08-04,90,19.1,3867,216,4
1995-08-05,103,18.3,3868,217,5
1995-08-06,106,18.8,3869,218,6
1995-08-07,84,17.0,3870,219,0
1995-08-08,100,17.8,3871,220,1
1995-08-09,104,18.0,3872,221,2
1995-08-10,106,21.0,3873,222,3
1995-08-11,101,18.7,3874,223,4
1995-08-12,91,17.3,3875,224,5
1995-08-13,87,18.7,3876,225,6
1995-08-14,94,20.0,3877,226,0
1995-08-15,89,19.2,3878,227,1
1995-08-16,105,18.9,3879,228,2
1995-08-17,105,17.8,3880,229,3
1995-08-18,105,15.4,3881,230,4
1995-08-19,88,16.8,3882,231,5
1995-08-20,91,19.1,3883,232,6
1995-08-21,77,20.1,3884,233,0
1995-08-22,117,19.8,3885,234,1
1995-08-23,94,15.2,3886,235,2
1995-08-24,96,16.8,3887,236,3
1995-08-25,98,18.1,3888,237,4
1995-08-26,84,19.1,3889,238,5
1995-08-27,106,19.3,3890,239,6
1995-08-28,92,17.6,3891,240,0
1995-08-29,109,16.4,3892,241,1
1995-08-30,97,17.8,3893,242,2
1995-08-31,96,19.3,3894,243,3
1995-09-01,93,19.7,3895,244,4
1995-09-02,112,19.8,3896,245,5
1995-09-03,103,19.1,3897,246,6
1995-09-04,89,18.6,3898,247,0
1995-09-05,99,18.3,3899,248,1
1995-09-06,88,16.2,3900,249,2
1995-09-07,103,14.0,3901,250,3
1995-09-08,111,16.3,3902,251,4
1995-09-09,91,16.3,3903,252,5
1995-09-10,106,17.0,3904,253,6
1995-09-11,94,14.7,3905,254,0
1995-09-12,90,15.0,3906,255,1
1995-09-13,113,15.5,3907,256,2
1995-09-14,103,17.8,3908,257,3
1995-09-15,95,17.7,3909,258,4
1995-09-16,99,16.4,3910,259,5
1995-09-17,103,16.1,3911,260,6
1995-09-18,101,15.1,3912,261,0
1995-09-19,74,12.7,3913,262,1
1995-09-20,106,12.6,3914,263,2
1995-09-21,97,16.5,3915,264,3
1995-09-22,74,14.8,3916,265,4
1995-09-23,98,15.3,3917,266,5
1995-09-24,109,15.4,3918,267,6
1995-09-25,87,13.7,3919,268,0
1995-09-26,118,12.1,3920,269,1
1995-09-27,105,10.6,3921,270,2
1995-09-28,112,11.1,3922,271,3
1995-09-29,111,13.5,3923,272,4
1995-09-30,118,10.8,3924,273,5
1995-10-01,100,13.4,3925,274,6
1995-10-02,122,12.8,3926,275,0
1995-10-03,118,14.2,3927,276,1
1995-10-04,102,11.1,3928,277,2
1995-10-05,101,10.4,3929,278,3
1995-10-06,103,8.7,3930,279,4
1995-10-07,114,11.1,3931,280,5
1995-10-08,104,11.4,3932,281,6
1995-10-09,116,13.1,3933,282,0
1995-10-10,89,15.3,3934,283,1
1995-10-11,122,15.8,3935,284,2
1995-10-12,91,13.9,3936,285,3
1995-10-13,103,11.4,3937,286,4
1995-10-14,117,12.6,3938,287,5
1995-10-15,95,12.0,3939,288,6
1995-10-16,121,13.0,3940,289,0
1995-10-17,104,8.9,3941,290,1
1995-10-18,103,8.3,3942,291,2
1995-10-19,105,5.2,3943,292,3
1995-10-20,124,5.3,3944,293,4
1995-10-21,114,5.3,3945,294,5
1995-10-22,112,6.6,3946,295,6
1995-10-23,101,7.1,3947,296,0
1995-10-24,81,8.7,3948,297,1
1995-10-25,111,8.9,3949,298,2
1995-10-26,115,9.6,3950,299,3
1995-10-27,113,9.4,3951,300,4
1995-10-28,130,11.0,3952,301,5
1995-10-29,109,11.4,3953,302,6
1995-10-30,121,10.2,3954,303,0
1995-10-31,114,11.3,3955,304,1
1995-11-01,123,13.6,3956,305,2
1995-11-02,106,12.2,3957,306,3
1995-11-03,101,8.4,3958,307,4
1995-11-04,119,6.7,3959,308,5
1995-11-05,108,4.8,3960,309,6
1995-11-06,120,5.4,3961,310,0
1995-11-07,100,12.2,3962,311,1
1995-11-08,99,9.9,3963,312,2
1995-11-09,107,5.2,3964,313,3
1995-11-10,116,5.0,3965,314,4
1995-11-11,147,8.3,3966,315,5
1995-11-12,129,5.9,3967,316,6
1995-11-13,123,5.5,3968,317,0
1995-11-14,141,4.6,3969,318,1
1995-11-15,123,4.5,3970,319,2
1995-11-16,112,4.5,3971,320,3
1995-11-17,105,3.7,3972,321,4
1995-11-18,127,8.7,3973,322,5
1995-11-19,114,5.9,3974,323,6
1995-11-20,124,4.9,3975,324,0
1995-11-21,141,2.5,3976,325,1
1995-11-22,115,7.3,3977,326,2
1995-11-23,106,8.2,3978,327,3
1995-11-24,122,6.8,3979,328,4
1995-11-25,118,6.8,3980,329,5
1995-11-26,105,10.2,3981,330,6
1995-11-27,130,9.5,3982,331,0
1995-11-28,137,10.2,3983,332,1
1995-11-29,121,9.6,3984,333,2
1995-11-30,116,7.5,3985,334,3
1995-12-01,113,8.5,3986,335,4
1995-12-02,102,7.3,3987,336,5
1995-12-03,121,6.7,3988,337,6
1995-12-04,123,5.7,3989,338,0
1995-12-05,120,6.2,3990,339,1
1995-12-06,99,2.9,3991,340,2
1995-12-07,121,1.6,3992,341,3
1995-12-08,113,1.4,3993,342,4
1995-12-09,115,1.0,3994,343,5
1995-12-10,123,0.1,3995,344,6
1995-12-11,106,-3.1,3996,345,0
1995-12-12,124,-3.3,3997,346,1
1995-12-13,141,0.6,3998,347,2
1995-12-14,154,0.4,3999,348,3
1995-12-15,117,2.0,4000,349,4
1995-12-16,153,7.3,4001,350,5
1995-12-17,148,9.7,4002,351,6
1995-12-18,133,7.0,4003,352,0
1995-12-19,141,10.4,4004,353,1
1995-12-20,153,4.7,4005,354,2
1995-12-21,143,10.9,4006,355,3
1995-12-22,144,12.4,4007,356,4
1995-12-23,141,10.2,4008,357,5
1995-12-24,146,4.2,4009,358,6
1995-12-25,135,2.7,4010,359,0
1995-12-26,134,8.0,4011,360,1
1995-12-27,140,4.5,4012,361,2
1995-12-28,151,3.4,4013,362,3
1995-12-29,134,6.1,4014,363,4
1995-12-30,133,6.5,4015,364,5
1995-12-31,163,5.8,4016,365,6
1996-01-01,166,8.5,4017,1,0
1996-01-02,159,9.6,4018,2,1
1996-01-03,170,9.5,4019,3,2
1996-01-04,171,7.9,4020,4,3
1996-01-05,158,10.9,4021,5,4
1996-01-06,123,9.7,4022,6,5
1996-01-07,166,7.4,4023,7,6
1996-01-08,143,9.7,4024,8,0
1996-01-09,134,5.9,4025,9,1
1996-01-10,169,4.0,4026,10,2
1996-01-11,156,1.3,4027,11,3
1996-01-12,166,0.0,4028,12,4
1996-01-13,164,4.1,4029,13,5
1996-01-14,147,4.1,4030,14,6
1996-01-15,136,5.1,4031,15,0
1996-01-16,133,3.8,4032,16,1
1996-01-17,128,2.7,4033,17,2
1996-01-18,146,3.6,4034,18,3
1996-01-19,138,5.5,4035,19,4
1996-01-20,127,4.5,4036,20,5
1996-01-21,122,1.1,4037,21,6
1996-01-22,143,-0.2,4038,22,0
1996-01-23,136,-0.6,4039,23,1
1996-01-24,109,-0.9,4040,24,2
1996-01-25,149,2.0,4041,25,3
1996-01-26,126,4.1,4042,26,4
1996-01-27,142,3.2,4043,27,5
1996-01-28,142,3.2,4044,28,6
1996-01-29,147,4.2,4045,29,0
1996-01-30,135,1.5,4046,30,1
1996-01-31,152,2.5,4047,31,2
1996-02-01,160,0.5,4048,32,3
1996-02-02,153,0.9,4049,33,4
1996-02-03,129,6.6,4050,34,5
1996-02-04,136,10.2,4051,35,6
1996-02-05,128,9.0,4052,36,0
1996-02-06,149,8.4,4053,37,1
1996-02-07,135,5.8,4054,38,2
1996-02-08,136,4.6,4055,39,3
1996-02-09,147,7.7,4056,40,4
1996-02-10,127,5.9,4057,41,5
1996-02-11,137,8.9,4058,42,6
1996-02-12,150,9.8,4059,43,0
1996-02-13,121,6.4,4060,44,1
1996-02-14,137,7.1,4061,45,2
1996-02-15,147,7.7,4062,46,3
1996-02-16,132,3.9,4063,47,4
1996-02-17,134,1.9,4064,48,5
1996-02-18,124,2.7,4065,49,6
1996-02-19,132,1.5,4066,50,0
1996-02-20,119,1.2,4067,51,1
1996-02-21,125,3.2,4068,52,2
1996-02-22,141,5.3,4069,53,3
1996-02-23,143,9.0,4070,54,4
1996-02-24,114,7.0,4071,55,5
1996-02-25,121,2.7,4072,56,6
1996-02-26,116,7.3,4073,57,0
1996-02-27,106,9.5,4074,58,1
1996-02-28,120,7.3,4075,59,2
1996-02-29,140,8.9,4076,60,3
1996-03-01,125,7.7,4077,61,4
1996-03-02,129,6.3,4078,62,5
1996-03-03,108,9.8,4079,63,6
1996-03-04,120,9.2,4080,64,0
1996-03-05,119,8.0,4081,65,1
1996-03-06,113,8.4,4082,66,2
1996-03-07,105,8.5,4083,67,3
1996-03-08,107,7.3,4084,68,4
1996-03-09,109,6.3,4085,69,5
1996-03-10,113,7.0,4086,70,6
1996-03-11,105,6.4,4087,71,0
1996-03-12,124,9.8,4088,72,1
1996-03-13,99,9.6,4089,73,2
1996-03-14,124,6.9,4090,74,3
1996-03-15,123,9.1,4091,75,4
1996-03-16,112,10.5,4092,76,5
1996-03-17,109,9.8,4093,77,6
1996-03-18,106,10.2,4094,78,0
1996-03-19,121,9.2,4095,79,1
1996-03-20,111,11.0,4096,80,2
1996-03-21,107,9.0,4097,81,3
1996-03-22,131,10.3,4098,82,4
1996-03-23,100,6.0,4099,83,5
1996-03-24,120,6.2,4100,84,6
1996-03-25,120,6.1,4101,85,0
1996-03-26,104,5.7,4102,86,1
1996-03-27,122,4.8,4103,87,2
1996-03-28,112,5.7,4104,88,3
1996-03-29,134,6.8,4105,89,4
1996-03-30,120,5.1,4106,90,5
1996-03-31,125,6.2,4107,91,6
1996-04-01,110,6.9,4108,92,0
1996-04-02,100,6.0,4109,93,1
1996-04-03,125,5.2,4110,94,2
1996-04-04,124,5.2,4111,95,3
1996-04-05,122,6.3,4112,96,4
1996-04-06,107,6.4,4113,97,5
1996-04-07,120,7.4,4114,98,6
1996-04-08,105,10.3,4115,99,0
1996-04-09,118,10.0,4116,100,1
1996-04-10,122,10.0,4117,101,2
1996-04-11,101,11.2,4118,102,3
1996-04-12,125,10.1,4119,103,4
1996-04-13,112,8.2,4120,104,5
1996-04-14,137,7.6,4121,105,6
1996-04-15,108,5.2,4122,106,0
1996-04-16,108,5.6,4123,107,1
1996-04-17,100,9.0,4124,108,2
1996-04-18,112,13.1,4125,109,3
1996-04-19,89,12.1,4126,110,4
1996-04-20,115,12.5,4127,111,5
1996-04-21,104,12.5,4128,112,6
1996-04-22,104,10.5,4129,113,0
1996-04-23,112,10.8,4130,114,1
1996-04-24,122,10.2,4131,115,2
1996-04-25,121,11.2,4132,116,3
1996-04-26,123,11.3,4133,117,4
1996-04-27,123,10.3,4134,118,5
1996-04-28,99,8.9,4135,119,6
1996-04-29,93,8.7,4136,120,0
1996-04-30,113,9.5,4137,121,1
1996-05-01,120,10.6,4138,122,2
1996-05-02,113,8.4,4139,123,3
1996-05-03,119,9.4,4140,124,4
1996-05-04,83,11.7,4141,125,5
1996-05-05,104,10.8,4142,126,6
1996-05-06,97,12.8,4143,127,0
1996-05-07,110,14.4,4144,128,1
1996-05-08,115,11.3,4145,129,2
1996-05-09,97,9.7,4146,130,3
1996-05-10,97,8.6,4147,131,4
1996-05-11,94,10.4,4148,132,5
1996-05-12,101,12.4,4149,133,6
1996-05-13,107,15.3,4150,134,0
1996-05-14,110,19.4,4151,135,1
1996-05-15,112,15.4,4152,136,2
1996-05-16,87,14.5,4153,137,3
1996-05-17,112,11.0,4154,138,4
1996-05-18,119,13.5,4155,139,5
1996-05-19,108,17.6,4156,140,6
1996-05-20,108,18.3,4157,141,0
1996-05-21,94,18.6,4158,142,1
1996-05-22,90,19.1,4159,143,2
1996-05-23,102,18.5,4160,144,3
1996-05-24,105,19.7,4161,145,4
1996-05-25,116,20.3,4162,146,5
1996-05-26,108,19.2,4163,147,6
1996-05-27,101,17.4,4164,148,0
1996-05-28,104,19.1,4165,149,1
1996-05-29,95,16.3,4166,150,2
1996-05-30,108,16.1,4167,151,3
1996-05-31,117,17.1,4168,152,4
1996-06-01,100,16.1,4169,153,5
1996-06-02,94,15.7,4170,154,6
1996-06-03,104,15.4,4171,155,0
1996-06-04,90,12.5,4172,156,1
1996-06-05,92,11.5,4173,157,2
1996-06-06,115,15.4,4174,158,3
1996-06-07,96,14.2,4175,159,4
1996-06-08,103,16.9,4176,160,5
1996-06-09,111,16.6,4177,161,6
1996-06-10,108,17.2,4178,162,0
1996-06-11,98,16.4,4179,163,1
1996-06-12,98,17.4,4180,164,2
1996-06-13,92,17.8,4181,165,3
1996-06-14,106,20.1,4182,166,4
1996-06-15,111,20.0,4183,167,5
1996-06-16,106,16.7,4184,168,6
1996-06-17,95,14.6,4185,169,0
1996-06-18,111,13.2,4186,170,1
1996-06-19,98,11.0,4187,171,2
1996-06-20,103,15.6,4188,172,3
1996-06-21,95,15.5,4189,173,4
1996-06-22,109,16.5,4190,174,5
1996-06-23,88,16.9,4191,175,6
1996-06-24,105,16.3,4192,176,0
1996-06-25,101,17.2,4193,177,1
1996-06-26,89,18.9,4194,178,2
1996-06-27,100,19.8,4195,179,3
1996-06-28,119,19.9,4196,180,4
1996-06-29,114,22.5,4197,181,5
1996-06-30,106,19.4,4198,182,6
1996-07-01,96,16.5,4199,183,0
1996-07-02,102,14.6,4200,184,1
1996-07-03,95,14.9,4201,185,2
1996-07-04,115,15.2,4202,186,3
1996-07-05,104,14.7,4203,187,4
1996-07-06,106,17.5,4204,188,5
1996-07-07,102,15.5,4205,189,6
1996-07-08,111,15.7,4206,190,0
1996-07-09,94,16.4,4207,191,1
1996-07-10,100,15.7,4208,192,2
1996-07-11,112,15.4,4209,193,3
1996-07-12,87,16.8,4210,194,4
1996-07-13,83,16.3,4211,195,5
1996-07-14,96,17.3,4212,196,6
1996-07-15,111,18.8,4213,197,0
1996-07-16,113,19.4,4214,198,1
1996-07-17,113,19.1,4215,199,2
1996-07-18,88,18.3,4216,200,3
1996-07-19,114,18.7,4217,201,4
1996-07-20,85,19.8,4218,202,5
1996-07-21,111,18.5,4219,203,6
1996-07-22,109,17.1,4220,204,0
1996-07-23,70,18.2,4221,205,1
1996-07-24,105,19.7,4222,206,2
1996-07-25,90,17.3,4223,207,3
1996-07-26,101,17.1,4224,208,4
1996-07-27,101,17.1,4225,209,5
1996-07-28,87,16.3,4226,210,6
1996-07-29,118,18.8,4227,211,0
1996-07-30,119,20.3,4228,212,1
1996-07-31,100,21.3,4229,213,2
1996-08-01,101,20.0,4230,214,3
1996-08-02,114,17.5,4231,215,4
1996-08-03,90,18.2,4232,216,5
1996-08-04,112,17.0,4233,217,6
1996-08-05,100,18.5,4234,218,0
1996-08-06,75,18.8,4235,219,1
1996-08-07,98,19.5,4236,220,2
1996-08-08,98,20.5,4237,221,3
1996-08-09,95,20.1,4238,222,4
1996-08-10,104,17.2,4239,223,5
1996-08-11,98,15.8,4240,224,6
1996-08-12,107,15.5,4241,225,0
1996-08-13,98,14.4,4242,226,1
1996-08-14,113,13.9,4243,227,2
1996-08-15,96,15.8,4244,228,3
1996-08-16,108,16.2,4245,229,4
1996-08-17,100,15.8,4246,230,5
1996-08-18,100,15.1,4247,231,6
1996-08-19,99,17.7,4248,232,0
1996-08-20,126,17.1,4249,233,1
1996-08-21,109,17.0,4250,234,2
1996-08-22,89,15.7,4251,235,3
1996-08-23,102,13.5,4252,236,4
1996-08-24,102,15.8,4253,237,5
1996-08-25,89,18.9,4254,238,6
1996-08-26,96,15.8,4255,239,0
1996-08-27,94,17.3,4256,240,1
1996-08-28,84,16.7,4257,241,2
1996-08-29,101,13.4,4258,242,3
1996-08-30,115,14.2,4259,243,4
1996-08-31,100,12.2,4260,244,5
1996-09-01,96,12.2,4261,245,6
1996-09-02,118,15.4,4262,246,0
1996-09-03,101,13.6,4263,247,1
1996-09-04,98,11.9,4264,248,2
1996-09-05,114,11.4,4265,249,3
1996-09-06,103,13.0,4266,250,4
1996-09-07,112,14.1,4267,251,5
1996-09-08,98,11.8,4268,252,6
1996-09-09,106,13.1,4269,253,0
1996-09-10,109,14.8,4270,254,1
1996-09-11,114,14.6,4271,255,2
1996-09-12,96,12.5,4272,256,3
1996-09-13,118,12.9,4273,257,4
1996-09-14,95,12.5,4274,258,5
1996-09-15,100,13.8,4275,259,6
1996-09-16,107,14.0,4276,260,0
1996-09-17,97,16.1,4277,261,1
1996-09-18,108,16.1,4278,262,2
1996-09-19,103,15.3,4279,263,3
1996-09-20,98,14.4,4280,264,4
1996-09-21,93,14.9,4281,265,5
1996-09-22,100,15.2,4282,266,6
1996-09-23,105,12.7,4283,267,0
1996-09-24,101,13.6,4284,268,1
1996-09-25,99,12.1,4285,269,2
1996-09-26,106,16.5,4286,270,3
1996-09-27,105,18.5,4287,271,4
1996-09-28,106,16.4,4288,272,5
1996-09-29,118,15.2,4289,273,6
1996-09-30,93,14.0,4290,274,0
1996-10-01,102,11.5,4291,275,1
1996-10-02,103,12.6,4292,276,2
1996-10-03,111,11.3,4293,277,3
1996-10-04,137,13.1,4294,278,4
1996-10-05,104,11.6,4295,279,5
1996-10-06,111,11.3,4296,280,6
1996-10-07,76,11.6,4297,281,0
1996-10-08,114,10.9,4298,282,1
1996-10-09,114,9.8,4299,283,2
1996-10-10,94,9.2,4300,284,3
1996-10-11,99,9.3,4301,285,4
1996-10-12,132,10.1,4302,286,5
1996-10-13,113,7.3,4303,287,6
1996-10-14,122,7.2,4304,288,0
1996-10-15,114,5.6,4305,289,1
1996-10-16,109,3.8,4306,290,2
1996-10-17,108,3.8,4307,291,3
1996-10-18,123,6.2,4308,292,4
1996-10-19,120,6.7,4309,293,5
1996-10-20,129,7.7,4310,294,6
1996-10-21,111,6.9,4311,295,0
1996-10-22,111,6.7,4312,296,1
1996-10-23,142,7.8,4313,297,2
1996-10-24,122,6.5,4314,298,3
1996-10-25,129,9.0,4315,299,4
1996-10-26,122,6.5,4316,300,5
1996-10-27,115,7.5,4317,301,6
1996-10-28,99,5.8,4318,302,0
1996-10-29,106,6.1,4319,303,1
1996-10-30,121,4.1,4320,304,2
1996-10-31,120,4.2,4321,305,3
1996-11-01,110,9.4,4322,306,4
1996-11-02,124,11.1,4323,307,5
1996-11-03,115,7.8,4324,308,6
1996-11-04,127,9.1,4325,309,0
1996-11-05,132,12.3,4326,310,1
1996-11-06,113,11.4,4327,311,2
1996-11-07,109,11.4,4328,312,3
1996-11-08,99,10.2,4329,313,4
1996-11-09,99,10.4,4330,314,5
1996-11-10,116,7.5,4331,315,6
1996-11-11,112,7.9,4332,316,0
1996-11-12,118,5.8,4333,317,1
1996-11-13,132,3.0,4334,318,2
1996-11-14,128,4.2,4335,319,3
1996-11-15,127,7.8,4336,320,4
1996-11-16,113,5.8,4337,321,5
1996-11-17,114,4.1,4338,322,6
1996-11-18,122,6.7,4339,323,0
1996-11-19,99,6.5,4340,324,1
1996-11-20,122,4.7,4341,325,2
1996-11-21,89,7.1,4342,326,3
1996-11-22,113,12.9,4343,327,4
1996-11-23,121,12.2,4344,328,5
1996-11-24,107,9.9,4345,329,6
1996-11-25,124,9.0,4346,330,0
1996-11-26,96,7.0,4347,331,1
1996-11-27,126,7.5,4348,332,2
1996-11-28,91,5.9,4349,333,3
1996-11-29,103,8.8,4350,334,4
1996-11-30,111,11.5,4351,335,5
1996-12-01,103,9.2,4352,336,6
1996-12-02,112,10.0,4353,337,0
1996-12-03,109,5.7,4354,338,1
1996-12-04,93,3.3,4355,339,2
1996-12-05,123,3.1,4356,340,3
1996-12-06,121,4.5,4357,341,4
1996-12-07,124,7.2,4358,342,5
1996-12-08,124,5.8,4359,343,6
1996-12-09,120,4.7,4360,344,0
1996-12-10,115,3.5,4361,345,1
1996-12-11,136,7.1,4362,346,2
1996-12-12,145,6.8,4363,347,3
1996-12-13,118,6.3,4364,348,4
1996-12-14,129,9.0,4365,349,5
1996-12-15,137,7.3,4366,350,6
1996-12-16,138,7.8,4367,351,0
1996-12-17,123,3.8,4368,352,1
1996-12-18,129,8.8,4369,353,2
1996-12-19,109,3.9,4370,354,3
1996-12-20,125,3.6,4371,355,4
1996-12-21,134,1.7,4372,356,5
1996-12-22,139,1.6,4373,357,6
1996-12-23,126,0.4,4374,358,0
1996-12-24,141,-0.6,4375,359,1
1996-12-25,156,4.0,4376,360,2
1996-12-26,151,4.4,4377,361,3
1996-12-27,148,4.2,4378,362,4
1996-12-28,156,2.3,4379,363,5
1996-12-29,154,-0.5,4380,364,6
1996-12-30,132,-1.4,4381,365,0
1996-12-31,150,2.8,4382,366,1
1997-01-01,144,2.6,4383,1,2
1997-01-02,149,-1.0,4384,2,3
1997-01-03,130,-2.0,4385,3,4
1997-01-04,148,2.8,4386,4,5
1997-01-05,172,8.7,4387,5,6
1997-01-06,149,10.6,4388,6,0
1997-01-07,149,6.3,4389,7,1
1997-01-08,152,5.6,4390,8,2
1997-01-09,128,9.3,4391,9,3
1997-01-10,154,10.6,4392,10,4
1997-01-11,143,8.5,4393,11,5
1997-01-12,130,5.0,4394,12,6
1997-01-13,98,8.0,4395,13,0
1997-01-14,122,6.9,4396,14,1
1997-01-15,142,10.7,4397,15,2
1997-01-16,141,11.1,4398,16,3
1997-01-17,130,8.9,4399,17,4
1997-01-18,121,5.8,4400,18,5
1997-01-19,114,7.6,4401,19,6
1997-01-20,135,11.1,4402,20,0
1997-01-21,129,9.6,4403,21,1
1997-01-22,122,8.7,4404,22,2
1997-01-23,112,8.2,4405,23,3
1997-01-24,140,8.9,4406,24,4
1997-01-25,130,3.2,4407,25,5
1997-01-26,127,3.3,4408,26,6
1997-01-27,159,7.9,4409,27,0
1997-01-28,110,8.7,4410,28,1
1997-01-29,129,7.1,4411,29,2
1997-01-30,105,5.2,4412,30,3
1997-01-31,132,5.6,4413,31,4
1997-02-01,131,4.7,4414,32,5
1997-02-02,109,6.1,4415,33,6
1997-02-03,111,4.2,4416,34,0
1997-02-04,114,2.2,4417,35,1
1997-02-05,114,1.4,4418,36,2
1997-02-06,138,5.9,4419,37,3
1997-02-07,128,8.6,4420,38,4
1997-02-08,116,8.0,4421,39,5
1997-02-09,126,5.5,4422,40,6
1997-02-10,124,3.3,4423,41,0
1997-02-11,117,2.6,4424,42,1
1997-02-12,131,3.3,4425,43,2
1997-02-13,116,4.1,4426,44,3
1997-02-14,129,2.1,4427,45,4
1997-02-15,126,3.7,4428,46,5
1997-02-16,130,6.0,4429,47,6
1997-02-17,125,8.9,4430,48,0
1997-02-18,121,7.6,4431,49,1
1997-02-19,118,6.5,4432,50,2
1997-02-20,105,5.0,4433,51,3
1997-02-21,93,4.9,4434,52,4
1997-02-22,113,3.0,4435,53,5
1997-02-23,124,3.1,4436,54,6
1997-02-24,120,5.0,4437,55,0
1997-02-25,133,5.5,4438,56,1
1997-02-26,137,3.4,4439,57,2
1997-02-27,126,1.9,4440,58,3
1997-02-28,110,0.0,4441,59,4
1997-03-01,116,1.9,4442,60,5
1997-03-02,130,2.7,4443,61,6
1997-03-03,128,2.4,4444,62,0
1997-03-04,119,2.1,4445,63,1
1997-03-05,115,4.3,4446,64,2
1997-03-06,141,7.9,4447,65,3
1997-03-07,132,6.7,4448,66,4
1997-03-08,126,6.5,4449,67,5
1997-03-09,125,3.8,4450,68,6
1997-03-10,130,6.2,4451,69,0
1997-03-11,137,8.2,4452,70,1
1997-03-12,133,8.9,4453,71,2
1997-03-13,143,10.8,4454,72,3
1997-03-14,136,10.6,4455,73,4
1997-03-15,121,11.6,4456,74,5
1997-03-16,116,9.6,4457,75,6
1997-03-17,111,11.2,4458,76,0
1997-03-18,131,10.7,4459,77,1
1997-03-19,108,6.2,4460,78,2
1997-03-20,123,6.6,4461,79,3
1997-03-21,115,9.1,4462,80,4
1997-03-22,140,9.3,4463,81,5
1997-03-23,112,6.3,4464,82,6
1997-03-24,130,5.5,4465,83,0
1997-03-25,116,5.2,4466,84,1
1997-03-26,123,3.2,4467,85,2
1997-03-27,138,3.7,4468,86,3
1997-03-28,134,5.2,4469,87,4
1997-03-29,131,7.3,4470,88,5
1997-03-30,139,9.5,4471,89,6
1997-03-31,133,7.7,4472,90,0
1997-04-01,118,6.4,4473,91,1
1997-04-02,106,6.2,4474,92,2
1997-04-03,139,6.3,4475,93,3
1997-04-04,123,7.1,4476,94,4
1997-04-05,137,8.7,4477,95,5
1997-04-06,117,9.5,4478,96,6
1997-04-07,107,7.5,4479,97,0
1997-04-08,124,9.1,4480,98,1
1997-04-09,119,8.5,4481,99,2
1997-04-10,131,8.3,4482,100,3
1997-04-11,137,8.8,4483,101,4
1997-04-12,128,8.6,4484,102,5
1997-04-13,123,7.5,4485,103,6
1997-04-14,129,7.2,4486,104,0
1997-04-15,107,8.3,4487,105,1
1997-04-16,132,9.6,4488,106,2
1997-04-17,142,11.7,4489,107,3
1997-04-18,117,11.8,4490,108,4
1997-04-19,121,11.6,4491,109,5
1997-04-20,109,13.6,4492,110,6
1997-04-21,124,12.4,4493,111,0
1997-04-22,107,10.1,4494,112,1
1997-04-23,135,11.6,4495,113,2
1997-04-24,122,10.7,4496,114,3
1997-04-25,101,10.9,4497,115,4
1997-04-26,110,9.9,4498,116,5
1997-04-27,108,12.4,4499,117,6
1997-04-28,102,9.8,4500,118,0
1997-04-29,101,12.8,4501,119,1
1997-04-30,128,12.6,4502,120,2
1997-05-01,105,15.9,4503,121,3
1997-05-02,96,10.2,4504,122,4
1997-05-03,114,9.4,4505,123,5
1997-05-04,115,9.3,4506,124,6
1997-05-05,98,8.5,4507,125,0
1997-05-06,88,8.5,4508,126,1
1997-05-07,117,9.7,4509,127,2
1997-05-08,121,10.9,4510,128,3
1997-05-09,106,10.6,4511,129,4
1997-05-10,108,14.0,4512,130,5
1997-05-11,98,16.2,4513,131,6
1997-05-12,111,12.9,4514,132,0
1997-05-13,120,10.4,4515,133,1
1997-05-14,118,11.2,4516,134,2
1997-05-15,108,8.9,4517,135,3
1997-05-16,120,11.1,4518,136,4
1997-05-17,110,16.3,4519,137,5
1997-05-18,111,13.4,4520,138,6
1997-05-19,129,13.1,4521,139,0
1997-05-20,97,10.2,4522,140,1
1997-05-21,112,11.0,4523,141,2
1997-05-22,92,13.2,4524,142,3
1997-05-23,97,16.6,4525,143,4
1997-05-24,113,17.8,4526,144,5
1997-05-25,121,14.1,4527,145,6
1997-05-26,121,13.0,4528,146,0
1997-05-27,100,12.3,4529,147,1
1997-05-28,84,11.9,4530,148,2
1997-05-29,110,13.5,4531,149,3
1997-05-30,117,13.9,4532,150,4
1997-05-31,103,13.0,4533,151,5
1997-06-01,117,14.9,4534,152,6
1997-06-02,131,14.6,4535,153,0
1997-06-03,108,14.6,4536,154,1
1997-06-04,107,15.0,4537,155,2
1997-06-05,107,17.4,4538,156,3
1997-06-06,122,18.2,4539,157,4
1997-06-07,109,19.8,4540,158,5
1997-06-08,101,20.3,4541,159,6
1997-06-09,115,21.4,4542,160,0
1997-06-10,110,19.6,4543,161,1
1997-06-11,106,16.2,4544,162,2
1997-06-12,102,14.2,4545,163,3
1997-06-13,104,13.6,4546,164,4
1997-06-14,103,13.5,4547,165,5
1997-06-15,120,14.1,4548,166,6
1997-06-16,107,14.0,4549,167,0
1997-06-17,113,15.6,4550,168,1
1997-06-18,98,15.1,4551,169,2
1997-06-19,102,14.9,4552,170,3
1997-06-20,94,15.1,4553,171,4
1997-06-21,99,13.8,4554,172,5
1997-06-22,106,14.2,4555,173,6
1997-06-23,101,14.4,4556,174,0
1997-06-24,103,14.8,4557,175,1
1997-06-25,85,15.7,4558,176,2
1997-06-26,112,17.9,4559,177,3
1997-06-27,96,19.0,4560,178,4
1997-06-28,103,16.7,4561,179,5
1997-06-29,103,17.0,4562,180,6
1997-06-30,110,19.1,4563,181,0
1997-07-01,112,17.6,4564,182,1
1997-07-02,107,18.8,4565,183,2
1997-07-03,124,20.8,4566,184,3
1997-07-04,121,21.5,4567,185,4
1997-07-05,101,16.3,4568,186,5
1997-07-06,97,16.4,4569,187,6
1997-07-07,102,16.5,4570,188,0
1997-07-08,111,17.5,4571,189,1
1997-07-09,104,13.9,4572,190,2
1997-07-10,85,12.0,4573,191,3
1997-07-11,113,12.7,4574,192,4
1997-07-12,119,12.9,4575,193,5
1997-07-13,105,13.0,4576,194,6
1997-07-14,101,18.4,4577,195,0
1997-07-15,86,17.1,4578,196,1
1997-07-16,115,17.6,4579,197,2
1997-07-17,94,17.6,4580,198,3
1997-07-18,100,14.8,4581,199,4
1997-07-19,108,15.5,4582,200,5
1997-07-20,103,15.4,4583,201,6
1997-07-21,110,15.0,4584,202,0
1997-07-22,93,16.9,4585,203,1
1997-07-23,115,18.9,4586,204,2
1997-07-24,105,16.4,4587,205,3
1997-07-25,101,14.5,4588,206,4
1997-07-26,108,14.4,4589,207,5
1997-07-27,108,16.9,4590,208,6
1997-07-28,119,18.9,4591,209,0
1997-07-29,100,18.2,4592,210,1
1997-07-30,90,17.2,4593,211,2
1997-07-31,109,15.6,4594,212,3
1997-08-01,96,15.9,4595,213,4
1997-08-02,101,16.9,4596,214,5
1997-08-03,125,16.7,4597,215,6
1997-08-04,91,16.0,4598,216,0
1997-08-05,104,16.1,4599,217,1
1997-08-06,118,15.9,4600,218,2
1997-08-07,101,18.0,4601,219,3
1997-08-08,95,17.7,4602,220,4
1997-08-09,119,18.2,4603,221,5
1997-08-10,91,15.9,4604,222,6
1997-08-11,102,16.0,4605,223,0
1997-08-12,84,15.9,4606,224,1
1997-08-13,99,14.0,4607,225,2
1997-08-14,112,17.7,4608,226,3
1997-08-15,103,17.8,4609,227,4
1997-08-16,113,16.8,4610,228,5
1997-08-17,114,15.8,4611,229,6
1997-08-18,107,17.0,4612,230,0
1997-08-19,102,18.0,4613,231,1
1997-08-20,105,19.4,4614,232,2
1997-08-21,117,18.8,4615,233,3
1997-08-22,102,14.2,4616,234,4
1997-08-23,101,12.5,4617,235,5
1997-08-24,99,12.4,4618,236,6
1997-08-25,103,12.3,4619,237,0
1997-08-26,130,12.9,4620,238,1
1997-08-27,112,12.5,4621,239,2
1997-08-28,113,13.6,4622,240,3
1997-08-29,91,14.8,4623,241,4
1997-08-30,90,17.3,4624,242,5
1997-08-31,118,13.5,4625,243,6
1997-09-01,109,16.2,4626,244,0
1997-09-02,103,15.4,4627,245,1
1997-09-03,94,13.9,4628,246,2
1997-09-04,107,11.7,4629,247,3
1997-09-05,92,12.0,4630,248,4
1997-09-06,107,13.3,4631,249,5
1997-09-07,115,16.0,4632,250,6
1997-09-08,111,16.5,4633,251,0
1997-09-09,100,16.5,4634,252,1
1997-09-10,115,14.3,4635,253,2
1997-09-11,104,13.2,4636,254,3
1997-09-12,103,11.8,4637,255,4
1997-09-13,102,13.1,4638,256,5
1997-09-14,105,12.6,4639,257,6
1997-09-15,99,12.0,4640,258,0
1997-09-16,109,11.6,4641,259,1
1997-09-17,129,12.0,4642,260,2
1997-09-18,104,11.3,4643,261,3
1997-09-19,109,14.5,4644,262,4
1997-09-20,106,15.4,4645,263,5
1997-09-21,128,15.0,4646,264,6
1997-09-22,116,13.5,4647,265,0
1997-09-23,96,11.8,4648,266,1
1997-09-24,126,11.4,4649,267,2
1997-09-25,99,10.5,4650,268,3
1997-09-26,107,9.4,4651,269,4
1997-09-27,134,8.7,4652,270,5
1997-09-28,121,9.3,4653,271,6
1997-09-29,107,11.3,4654,272,0
1997-09-30,110,10.5,4655,273,1
1997-10-01,117,10.4,4656,274,2
1997-10-02,118,11.0,4657,275,3
1997-10-03,120,11.9,4658,276,4
1997-10-04,108,12.5,4659,277,5
1997-10-05,106,12.9,4660,278,6
1997-10-06,93,12.4,4661,279,0
1997-10-07,123,11.4,4662,280,1
1997-10-08,94,11.8,4663,281,2
1997-10-09,99,10.9,4664,282,3
1997-10-10,127,11.9,4665,283,4
1997-10-11,123,13.6,4666,284,5
1997-10-12,118,12.8,4667,285,6
1997-10-13,91,11.0,4668,286,0
1997-10-14,109,8.1,4669,287,1
1997-10-15,110,5.4,4670,288,2
1997-10-16,106,3.5,4671,289,3
1997-10-17,109,4.5,4672,290,4
1997-10-18,120,7.0,4673,291,5
1997-10-19,140,4.6,4674,292,6
1997-10-20,124,5.0,4675,293,0
1997-10-21,108,6.2,4676,294,1
1997-10-22,117,7.7,4677,295,2
1997-10-23,128,8.2,4678,296,3
1997-10-24,125,8.2,4679,297,4
1997-10-25,111,8.7,4680,298,5
1997-10-26,131,9.2,4681,299,6
1997-10-27,120,9.1,4682,300,0
1997-10-28,141,9.3,4683,301,1
1997-10-29,110,8.1,4684,302,2
1997-10-30,121,8.0,4685,303,3
1997-10-31,129,7.9,4686,304,4
1997-11-01,122,7.0,4687,305,5
1997-11-02,129,6.3,4688,306,6
1997-11-03,135,11.0,4689,307,0
1997-11-04,157,12.8,4690,308,1
1997-11-05,138,11.6,4691,309,2
1997-11-06,131,8.8,4692,310,3
1997-11-07,127,9.0,4693,311,4
1997-11-08,112,7.9,4694,312,5
1997-11-09,131,7.2,4695,313,6
1997-11-10,142,9.3,4696,314,0
1997-11-11,142,5.8,4697,315,1
1997-11-12,123,6.3,4698,316,2
1997-11-13,149,8.8,4699,317,3
1997-11-14,114,8.0,4700,318,4
1997-11-15,108,5.1,4701,319,5
1997-11-16,140,3.0,4702,320,6
1997-11-17,152,2.9,4703,321,0
1997-11-18,135,1.6,4704,322,1
1997-11-19,125,1.8,4705,323,2
1997-11-20,135,1.2,4706,324,3
1997-11-21,158,-0.4,4707,325,4
1997-11-22,158,-1.7,4708,326,5
1997-11-23,128,-1.4,4709,327,6
1997-11-24,148,1.4,4710,328,0
1997-11-25,178,6.2,4711,329,1
1997-11-26,142,3.4,4712,330,2
1997-11-27,146,4.6,4713,331,3
1997-11-28,152,0.0,4714,332,4
1997-11-29,131,0.8,4715,333,5
1997-11-30,155,6.2,4716,334,6
1997-12-01,166,6.4,4717,335,0
1997-12-02,170,10.6,4718,336,1
1997-12-03,154,10.4,4719,337,2
1997-12-04,155,8.7,4720,338,3
1997-12-05,146,6.4,4721,339,4
1997-12-06,150,7.8,4722,340,5
1997-12-07,112,6.6,4723,341,6
1997-12-08,173,7.8,4724,342,0
1997-12-09,149,8.3,4725,343,1
1997-12-10,150,6.9,4726,344,2
1997-12-11,156,4.3,4727,345,3
1997-12-12,150,6.1,4728,346,4
1997-12-13,153,7.9,4729,347,5
1997-12-14,138,2.9,4730,348,6
1997-12-15,157,5.0,4731,349,0
1997-12-16,156,6.3,4732,350,1
1997-12-17,147,7.2,4733,351,2
1997-12-18,163,10.7,4734,352,3
1997-12-19,145,11.3,4735,353,4
1997-12-20,126,4.9,4736,354,5
1997-12-21,131,3.5,4737,355,6
1997-12-22,162,5.9,4738,356,0
1997-12-23,141,4.1,4739,357,1
1997-12-24,146,2.6,4740,358,2
1997-12-25,141,1.5,4741,359,3
1997-12-26,139,1.1,4742,360,4
1997-12-27,146,0.7,4743,361,5
1997-12-28,138,3.3,4744,362,6
1997-12-29,160,7.7,4745,363,0
1997-12-30,146,6.6,4746,364,1
1997-12-31,153,5.0,4747,365,2
1998-01-01,162,3.0,4748,1,3
1998-01-02,152,7.6,4749,2,4
1998-01-03,156,5.9,4750,3,5
1998-01-04,155,4.7,4751,4,6
1998-01-05,141,5.6,4752,5,0
1998-01-06,143,3.0,4753,6,1
1998-01-07,140,1.5,4754,7,2
1998-01-08,140,2.0,4755,8,3
1998-01-09,164,7.4,4756,9,4
1998-01-10,154,7.5,4757,10,5
1998-01-11,144,7.0,4758,11,6
1998-01-12,143,9.8,4759,12,0
1998-01-13,126,8.5,4760,13,1
1998-01-14,129,6.5,4761,14,2
1998-01-15,130,5.1,4762,15,3
1998-01-16,127,3.0,4763,16,4
1998-01-17,129,1.3,4764,17,5
1998-01-18,144,3.9,4765,18,6
1998-01-19,124,5.1,4766,19,0
1998-01-20,134,4.8,4767,20,1
1998-01-21,144,7.8,4768,21,2
1998-01-22,139,8.7,4769,22,3
1998-01-23,121,8.5,4770,23,4
1998-01-24,140,5.6,4771,24,5
1998-01-25,115,9.9,4772,25,6
1998-01-26,131,7.3,4773,26,0
1998-01-27,122,8.9,4774,27,1
1998-01-28,124,4.7,4775,28,2
1998-01-29,114,6.6,4776,29,3
1998-01-30,120,7.5,4777,30,4
1998-01-31,116,4.2,4778,31,5
1998-02-01,135,6.8,4779,32,6
1998-02-02,136,3.1,4780,33,0
1998-02-03,132,6.0,4781,34,1
1998-02-04,120,7.0,4782,35,2
1998-02-05,138,5.3,4783,36,3
1998-02-06,143,5.7,4784,37,4
1998-02-07,124,5.6,4785,38,5
1998-02-08,131,4.3,4786,39,6
1998-02-09,104,5.8,4787,40,0
1998-02-10,122,4.0,4788,41,1
1998-02-11,146,4.2,4789,42,2
1998-02-12,150,2.5,4790,43,3
1998-02-13,120,0.8,4791,44,4
1998-02-14,124,-2.5,4792,45,5
1998-02-15,120,1.1,4793,46,6
1998-02-16,133,5.6,4794,47,0
1998-02-17,134,4.3,4795,48,1
1998-02-18,123,3.8,4796,49,2
1998-02-19,126,2.3,4797,50,3
1998-02-20,120,1.1,4798,51,4
1998-02-21,119,-0.4,4799,52,5
1998-02-22,153,0.3,4800,53,6
1998-02-23,129,2.7,4801,54,0
1998-02-24,141,2.9,4802,55,1
1998-02-25,155,3.4,4803,56,2
1998-02-26,133,9.5,4804,57,3
1998-02-27,128,9.6,4805,58,4
1998-02-28,148,8.3,4806,59,5
1998-03-01,117,5.6,4807,60,6
1998-03-02,120,7.8,4808,61,0
1998-03-03,129,7.1,4809,62,1
1998-03-04,123,6.8,4810,63,2
1998-03-05,142,9.0,4811,64,3
1998-03-06,123,7.1,4812,65,4
1998-03-07,114,10.5,4813,66,5
1998-03-08,99,10.8,4814,67,6
1998-03-09,123,9.3,4815,68,0
1998-03-10,117,7.4,4816,69,1
1998-03-11,114,5.3,4817,70,2
1998-03-12,113,6.1,4818,71,3
1998-03-13,84,9.9,4819,72,4
1998-03-14,123,10.5,4820,73,5
1998-03-15,108,9.1,4821,74,6
1998-03-16,118,5.8,4822,75,0
1998-03-17,124,5.4,4823,76,1
1998-03-18,117,7.7,4824,77,2
1998-03-19,123,7.1,4825,78,3
1998-03-20,108,4.7,4826,79,4
1998-03-21,113,6.1,4827,80,5
1998-03-22,115,8.1,4828,81,6
1998-03-23,133,11.6,4829,82,0
1998-03-24,116,10.8,4830,83,1
1998-03-25,110,10.0,4831,84,2
1998-03-26,122,5.9,4832,85,3
1998-03-27,112,5.9,4833,86,4
1998-03-28,97,10.1,4834,87,5
1998-03-29,100,11.7,4835,88,6
1998-03-30,100,11.6,4836,89,0
1998-03-31,108,8.3,4837,90,1
1998-04-01,114,7.9,4838,91,2
1998-04-02,120,4.4,4839,92,3
1998-04-03,112,4.5,4840,93,4
1998-04-04,105,7.5,4841,94,5
1998-04-05,110,5.6,4842,95,6
1998-04-06,126,6.6,4843,96,0
1998-04-07,119,6.3,4844,97,1
1998-04-08,92,6.3,4845,98,2
1998-04-09,123,3.8,4846,99,3
1998-04-10,116,5.0,4847,100,4
1998-04-11,107,7.2,4848,101,5
1998-04-12,107,6.4,4849,102,6
1998-04-13,120,6.3,4850,103,0
1998-04-14,106,4.4,4851,104,1
1998-04-15,106,4.9,4852,105,2
1998-04-16,112,7.4,4853,106,3
1998-04-17,117,5.9,4854,107,4
1998-04-18,107,5.3,4855,108,5
1998-04-19,128,7.9,4856,109,6
1998-04-20,128,8.2,4857,110,0
1998-04-21,138,8.6,4858,111,1
1998-04-22,109,10.7,4859,112,2
1998-04-23,111,12.5,4860,113,3
1998-04-24,102,11.3,4861,114,4
1998-04-25,110,9.3,4862,115,5
1998-04-26,122,13.4,4863,116,6
1998-04-27,95,13.6,4864,117,0
1998-04-28,101,14.8,4865,118,1
1998-04-29,117,15.6,4866,119,2
1998-04-30,111,14.8,4867,120,3
1998-05-01,101,11.1,4868,121,4
1998-05-02,108,9.7,4869,122,5
1998-05-03,104,12.5,4870,123,6
1998-05-04,116,10.3,4871,124,0
1998-05-05,113,9.5,4872,125,1
1998-05-06,102,12.2,4873,126,2
1998-05-07,105,11.8,4874,127,3
1998-05-08,112,11.0,4875,128,4
1998-05-09,101,10.9,4876,129,5
1998-05-10,106,11.8,4877,130,6
1998-05-11,103,13.2,4878,131,0
1998-05-12,96,13.7,4879,132,1
1998-05-13,108,13.9,4880,133,2
1998-05-14,111,13.8,4881,134,3
1998-05-15,115,14.4,4882,135,4
1998-05-16,102,11.3,4883,136,5
1998-05-17,111,7.8,4884,137,6
1998-05-18,111,9.1,4885,138,0
1998-05-19,116,8.8,4886,139,1
1998-05-20,107,11.0,4887,140,2
1998-05-21,97,11.4,4888,141,3
1998-05-22,102,12.5,4889,142,4
1998-05-23,97,12.5,4890,143,5
1998-05-24,109,11.3,4891,144,6
1998-05-25,118,11.4,4892,145,0
1998-05-26,109,10.4,4893,146,1
1998-05-27,101,8.7,4894,147,2
1998-05-28,123,9.2,4895,148,3
1998-05-29,107,10.0,4896,149,4
1998-05-30,88,10.7,4897,150,5
1998-05-31,129,13.6,4898,151,6
1998-06-01,133,16.9,4899,152,0
1998-06-02,114,14.9,4900,153,1
1998-06-03,99,12.9,4901,154,2
1998-06-04,126,10.2,4902,155,3
1998-06-05,82,11.2,4903,156,4
1998-06-06,90,15.4,4904,157,5
1998-06-07,107,15.5,4905,158,6
1998-06-08,98,13.0,4906,159,0
1998-06-09,98,11.1,4907,160,1
1998-06-10,105,12.6,4908,161,2
1998-06-11,102,13.0,4909,162,3
1998-06-12,92,15.3,4910,163,4
1998-06-13,136,16.5,4911,164,5
1998-06-14,113,17.3,4912,165,6
1998-06-15,114,15.7,4913,166,0
1998-06-16,117,17.3,4914,167,1
1998-06-17,105,17.6,4915,168,2
1998-06-18,112,16.6,4916,169,3
1998-06-19,98,16.2,4917,170,4
1998-06-20,116,15.6,4918,171,5
1998-06-21,100,15.0,4919,172,6
1998-06-22,101,17.3,4920,173,0
1998-06-23,112,16.2,4921,174,1
1998-06-24,117,20.0,4922,175,2
1998-06-25,100,18.0,4923,176,3
1998-06-26,105,16.1,4924,177,4
1998-06-27,110,18.6,4925,178,5
1998-06-28,120,20.4,4926,179,6
1998-06-29,80,17.9,4927,180,0
1998-06-30,102,16.5,4928,181,1
1998-07-01,122,19.1,4929,182,2
1998-07-02,118,21.2,4930,183,3
1998-07-03,98,20.6,4931,184,4
1998-07-04,111,19.3,4932,185,5
1998-07-05,100,16.2,4933,186,6
1998-07-06,101,15.3,4934,187,0
1998-07-07,82,15.8,4935,188,1
1998-07-08,86,15.3,4936,189,2
1998-07-09,94,17.5,4937,190,3
1998-07-10,97,18.3,4938,191,4
1998-07-11,102,21.7,4939,192,5
1998-07-12,125,25.8,4940,193,6
1998-07-13,133,18.9,4941,194,0
1998-07-14,100,19.7,4942,195,1
1998-07-15,96,18.2,4943,196,2
1998-07-16,94,19.2,4944,197,3
1998-07-17,114,17.8,4945,198,4
1998-07-18,104,17.7,4946,199,5
1998-07-19,93,19.0,4947,200,6
1998-07-20,118,19.9,4948,201,0
1998-07-21,95,21.8,4949,202,1
1998-07-22,88,21.0,4950,203,2
1998-07-23,94,20.1,4951,204,3
1998-07-24,105,23.0,4952,205,4
1998-07-25,106,22.5,4953,206,5
1998-07-26,116,19.0,4954,207,6
1998-07-27,114,21.9,4955,208,0
1998-07-28,99,17.8,4956,209,1
1998-07-29,91,18.5,4957,210,2
1998-07-30,116,22.8,4958,211,3
1998-07-31,109,21.4,4959,212,4
1998-08-01,110,18.6,4960,213,5
1998-08-02,90,17.9,4961,214,6
1998-08-03,99,22.7,4962,215,0
1998-08-04,84,21.9,4963,216,1
1998-08-05,97,21.4,4964,217,2
1998-08-06,90,19.9,4965,218,3
1998-08-07,104,18.9,4966,219,4
1998-08-08,100,18.1,4967,220,5
1998-08-09,96,17.3,4968,221,6
1998-08-10,102,16.7,4969,222,0
1998-08-11,94,16.0,4970,223,1
1998-08-12,101,16.2,4971,224,2
1998-08-13,99,15.7,4972,225,3
1998-08-14,100,14.6,4973,226,4
1998-08-15,111,15.9,4974,227,5
1998-08-16,121,17.4,4975,228,6
1998-08-17,85,15.4,4976,229,0
1998-08-18,99,15.8,4977,230,1
1998-08-19,115,16.8,4978,231,2
1998-08-20,99,16.0,4979,232,3
1998-08-21,85,17.2,4980,233,4
1998-08-22,97,19.1,4981,234,5
1998-08-23,119,17.8,4982,235,6
1998-08-24,96,15.8,4983,236,0
1998-08-25,99,15.3,4984,237,1
1998-08-26,96,17.4,4985,238,2
1998-08-27,89,16.9,4986,239,3
1998-08-28,89,14.4,4987,240,4
1998-08-29,91,14.4,4988,241,5
1998-08-30,95,14.0,4989,242,6
1998-08-31,104,14.9,4990,243,0
1998-09-01,115,14.4,4991,244,1
1998-09-02,97,14.4,4992,245,2
1998-09-03,117,14.1,4993,246,3
1998-09-04,100,16.9,4994,247,4
1998-09-05,97,15.1,4995,248,5
1998-09-06,103,12.7,4996,249,6
1998-09-07,104,13.8,4997,250,0
1998-09-08,84,13.9,4998,251,1
1998-09-09,101,12.5,4999,252,2
1998-09-10,109,11.9,5000,253,3
1998-09-11,111,12.7,5001,254,4
1998-09-12,114,14.5,5002,255,5
1998-09-13,109,13.4,5003,256,6
1998-09-14,85,13.7,5004,257,0
1998-09-15,106,10.3,5005,258,1
1998-09-16,122,10.3,5006,259,2
1998-09-17,95,9.2,5007,260,3
1998-09-18,106,10.8,5008,261,4
1998-09-19,101,10.8,5009,262,5
1998-09-20,95,12.3,5010,263,6
1998-09-21,110,12.4,5011,264,0
1998-09-22,97,13.6,5012,265,1
1998-09-23,114,14.2,5013,266,2
1998-09-24,116,15.1,5014,267,3
1998-09-25,130,14.7,5015,268,4
1998-09-26,112,14.9,5016,269,5
1998-09-27,119,13.4,5017,270,6
1998-09-28,90,13.2,5018,271,0
1998-09-29,107,12.5,5019,272,1
1998-09-30,111,12.6,5020,273,2
1998-10-01,114,12.8,5021,274,3
1998-10-02,110,12.8,5022,275,4
1998-10-03,112,9.5,5023,276,5
1998-10-04,86,5.4,5024,277,6
1998-10-05,129,7.3,5025,278,0
1998-10-06,103,8.9,5026,279,1
1998-10-07,103,9.9,5027,280,2
1998-10-08,110,10.3,5028,281,3
1998-10-09,102,11.5,5029,282,4
1998-10-10,94,10.3,5030,283,5
1998-10-11,100,11.5,5031,284,6
1998-10-12,122,10.5,5032,285,0
1998-10-13,119,11.5,5033,286,1
1998-10-14,128,11.3,5034,287,2
1998-10-15,112,10.7,5035,288,3
1998-10-16,112,10.9,5036,289,4
1998-10-17,106,8.8,5037,290,5
1998-10-18,103,7.5,5038,291,6
1998-10-19,110,11.7,5039,292,0
1998-10-20,125,11.8,5040,293,1
1998-10-21,136,12.9,5041,294,2
1998-10-22,121,13.7,5042,295,3
1998-10-23,121,11.1,5043,296,4
1998-10-24,90,10.1,5044,297,5
1998-10-25,111,9.1,5045,298,6
1998-10-26,107,8.3,5046,299,0
1998-10-27,113,7.8,5047,300,1
1998-10-28,130,7.4,5048,301,2
1998-10-29,126,11.2,5049,302,3
1998-10-30,113,14.2,5050,303,4
1998-10-31,119,11.9,5051,304,5
1998-11-01,107,8.8,5052,305,6
1998-11-02,118,8.2,5053,306,0
1998-11-03,128,14.0,5054,307,1
1998-11-04,122,12.5,5055,308,2
1998-11-05,115,11.1,5056,309,3
1998-11-06,94,10.0,5057,310,4
1998-11-07,125,9.3,5058,311,5
1998-11-08,112,10.7,5059,312,6
1998-11-09,122,11.2,5060,313,0
1998-11-10,132,10.1,5061,314,1
1998-11-11,114,10.7,5062,315,2
1998-11-12,103,11.1,5063,316,3
1998-11-13,112,11.5,5064,317,4
1998-11-14,110,14.1,5065,318,5
1998-11-15,121,11.2,5066,319,6
1998-11-16,103,8.6,5067,320,0
1998-11-17,129,8.7,5068,321,1
1998-11-18,90,10.8,5069,322,2
1998-11-19,133,14.1,5070,323,3
1998-11-20,93,13.2,5071,324,4
1998-11-21,105,8.7,5072,325,5
1998-11-22,103,10.0,5073,326,6
1998-11-23,115,12.4,5074,327,0
1998-11-24,96,12.0,5075,328,1
1998-11-25,111,11.5,5076,329,2
1998-11-26,105,10.8,5077,330,3
1998-11-27,117,10.2,5078,331,4
1998-11-28,86,8.4,5079,332,5
1998-11-29,109,7.4,5080,333,6
1998-11-30,98,7.2,5081,334,0
1998-12-01,120,7.0,5082,335,1
1998-12-02,117,7.2,5083,336,2
1998-12-03,124,10.4,5084,337,3
1998-12-04,105,10.7,5085,338,4
1998-12-05,114,8.0,5086,339,5
1998-12-06,111,6.9,5087,340,6
1998-12-07,120,8.4,5088,341,0
1998-12-08,112,9.0,5089,342,1
1998-12-09,122,4.4,5090,343,2
1998-12-10,94,10.7,5091,344,3
1998-12-11,131,12.7,5092,345,4
1998-12-12,126,12.4,5093,346,5
1998-12-13,124,10.6,5094,347,6
1998-12-14,109,3.5,5095,348,0
1998-12-15,124,2.2,5096,349,1
1998-12-16,122,6.3,5097,350,2
1998-12-17,134,8.5,5098,351,3
1998-12-18,110,7.7,5099,352,4
1998-12-19,141,4.1,5100,353,5
1998-12-20,120,2.5,5101,354,6
1998-12-21,130,2.2,5102,355,0
1998-12-22,117,1.2,5103,356,1
1998-12-23,127,-1.9,5104,357,2
1998-12-24,165,-2.7,5105,358,3
1998-12-25,149,5.9,5106,359,4
1998-12-26,139,7.1,5107,360,5
1998-12-27,155,11.7,5108,361,6
1998-12-28,137,12.7,5109,362,0
1998-12-29,133,9.6,5110,363,1
1998-12-30,147,6.0,5111,364,2
1998-12-31,132,3.9,5112,365,3
1999-01-01,139,0.1,5113,1,4
1999-01-02,151,-0.6,5114,2,5
1999-01-03,106,-1.3,5115,3,6
1999-01-04,166,2.3,5116,4,0
1999-01-05,144,3.1,5117,5,1
1999-01-06,152,4.1,5118,6,2
1999-01-07,143,3.0,5119,7,3
1999-01-08,123,7.3,5120,8,4
1999-01-09,151,5.5,5121,9,5
1999-01-10,121,8.7,5122,10,6
1999-01-11,156,3.0,5123,11,0
1999-01-12,124,1.5,5124,12,1
1999-01-13,119,3.7,5125,13,2
1999-01-14,159,7.6,5126,14,3
1999-01-15,126,8.6,5127,15,4
1999-01-16,162,7.5,5128,16,5
1999-01-17,140,8.0,5129,17,6
1999-01-18,129,4.6,5130,18,0
1999-01-19,126,5.2,5131,19,1
1999-01-20,129,6.4,5132,20,2
1999-01-21,133,6.2,5133,21,3
1999-01-22,142,5.6,5134,22,4
1999-01-23,124,4.9,5135,23,5
1999-01-24,132,5.6,5136,24,6
1999-01-25,127,6.8,5137,25,0
1999-01-26,133,5.6,5138,26,1
1999-01-27,156,3.4,5139,27,2
1999-01-28,130,8.2,5140,28,3
1999-01-29,125,8.6,5141,29,4
1999-01-30,130,3.3,5142,30,5
1999-01-31,109,8.0,5143,31,6
1999-02-01,156,9.2,5144,32,0
1999-02-02,119,4.7,5145,33,1
1999-02-03,114,8.3,5146,34,2
1999-02-04,135,8.8,5147,35,3
1999-02-05,136,7.8,5148,36,4
1999-02-06,112,9.6,5149,37,5
1999-02-07,113,8.8,5150,38,6
1999-02-08,147,6.4,5151,39,0
1999-02-09,138,3.3,5152,40,1
1999-02-10,120,7.1,5153,41,2
1999-02-11,115,9.0,5154,42,3
1999-02-12,144,8.2,5155,43,4
1999-02-13,124,8.4,5156,44,5
1999-02-14,111,7.5,5157,45,6
1999-02-15,124,9.3,5158,46,0
1999-02-16,129,7.3,5159,47,1
1999-02-17,128,5.7,5160,48,2
1999-02-18,121,6.1,5161,49,3
1999-02-19,132,8.2,5162,50,4
1999-02-20,119,7.6,5163,51,5
1999-02-21,122,6.0,5164,52,6
1999-02-22,134,5.4,5165,53,0
1999-02-23,124,4.3,5166,54,1
1999-02-24,128,5.6,5167,55,2
1999-02-25,141,5.3,5168,56,3
1999-02-26,112,2.7,5169,57,4
1999-02-27,119,4.3,5170,58,5
1999-02-28,115,9.9,5171,59,6
1999-03-01,133,7.0,5172,60,0
1999-03-02,110,2.5,5173,61,1
1999-03-03,117,1.6,5174,62,2
1999-03-04,107,1.7,5175,63,3
1999-03-05,124,5.4,5176,64,4
1999-03-06,131,3.8,5177,65,5
1999-03-07,136,2.5,5178,66,6
1999-03-08,129,3.6,5179,67,0
1999-03-09,141,4.4,5180,68,1
1999-03-10,145,7.9,5181,69,2
1999-03-11,125,9.5,5182,70,3
1999-03-12,103,8.1,5183,71,4
1999-03-13,127,3.6,5184,72,5
1999-03-14,132,6.1,5185,73,6
1999-03-15,142,3.7,5186,74,0
1999-03-16,148,5.2,5187,75,1
1999-03-17,150,8.2,5188,76,2
1999-03-18,107,7.4,5189,77,3
1999-03-19,123,4.9,5190,78,4
1999-03-20,99,4.3,5191,79,5
1999-03-21,113,4.4,5192,80,6
1999-03-22,129,5.9,5193,81,0
1999-03-23,135,7.7,5194,82,1
1999-03-24,111,9.5,5195,83,2
1999-03-25,99,10.0,5196,84,3
1999-03-26,129,9.4,5197,85,4
1999-03-27,118,5.2,5198,86,5
1999-03-28,134,3.3,5199,87,6
1999-03-29,142,3.8,5200,88,0
1999-03-30,123,5.6,5201,89,1
1999-03-31,133,11.4,5202,90,2
1999-04-01,125,13.2,5203,91,3
1999-04-02,113,11.2,5204,92,4
1999-04-03,102,11.2,5205,93,5
1999-04-04,112,10.4,5206,94,6
1999-04-05,111,11.3,5207,95,0
1999-04-06,122,13.3,5208,96,1
1999-04-07,143,12.6,5209,97,2
1999-04-08,117,8.0,5210,98,3
1999-04-09,100,7.6,5211,99,4
1999-04-10,103,10.9,5212,100,5
1999-04-11,105,11.5,5213,101,6
1999-04-12,99,10.2,5214,102,0
1999-04-13,113,8.8,5215,103,1
1999-04-14,85,11.1,5216,104,2
1999-04-15,102,9.8,5217,105,3
1999-04-16,113,8.4,5218,106,4
1999-04-17,102,9.9,5219,107,5
1999-04-18,120,7.9,5220,108,6
1999-04-19,124,4.0,5221,109,0
1999-04-20,105,5.1,5222,110,1
1999-04-21,112,6.0,5223,111,2
1999-04-22,116,8.1,5224,112,3
1999-04-23,116,10.8,5225,113,4
1999-04-24,118,8.3,5226,114,5
1999-04-25,143,13.3,5227,115,6
1999-04-26,92,7.3,5228,116,0
1999-04-27,96,6.7,5229,117,1
1999-04-28,94,7.7,5230,118,2
1999-04-29,114,8.8,5231,119,3
1999-04-30,113,10.9,5232,120,4
1999-05-01,115,11.7,5233,121,5
1999-05-02,109,15.3,5234,122,6
1999-05-03,112,16.5,5235,123,0
1999-05-04,132,17.6,5236,124,1
1999-05-05,99,18.3,5237,125,2
1999-05-06,123,19.2,5238,126,3
1999-05-07,126,19.2,5239,127,4
1999-05-08,111,12.9,5240,128,5
1999-05-09,100,10.6,5241,129,6
1999-05-10,133,9.6,5242,130,0
1999-05-11,109,7.5,5243,131,1
1999-05-12,108,6.7,5244,132,2
1999-05-13,122,6.8,5245,133,3
1999-05-14,121,8.0,5246,134,4
1999-05-15,90,9.2,5247,135,5
1999-05-16,115,9.9,5248,136,6
1999-05-17,100,8.2,5249,137,0
1999-05-18,105,8.1,5250,138,1
1999-05-19,109,10.1,5251,139,2
1999-05-20,106,10.3,5252,140,3
1999-05-21,129,11.3,5253,141,4
1999-05-22,116,12.7,5254,142,5
1999-05-23,100,14.9,5255,143,6
1999-05-24,112,14.0,5256,144,0
1999-05-25,89,13.8,5257,145,1
1999-05-26,110,14.1,5258,146,2
1999-05-27,113,15.1,5259,147,3
1999-05-28,99,15.5,5260,148,4
1999-05-29,111,13.4,5261,149,5
1999-05-30,113,12.9,5262,150,6
1999-05-31,115,14.0,5263,151,0
1999-06-01,97,12.9,5264,152,1
1999-06-02,111,14.0,5265,153,2
1999-06-03,127,12.8,5266,154,3
1999-06-04,98,12.9,5267,155,4
1999-06-05,110,13.3,5268,156,5
1999-06-06,102,14.1,5269,157,6
1999-06-07,120,14.2,5270,158,0
1999-06-08,107,11.3,5271,159,1
1999-06-09,116,11.2,5272,160,2
1999-06-10,113,10.9,5273,161,3
1999-06-11,104,11.7,5274,162,4
1999-06-12,94,10.2,5275,163,5
1999-06-13,107,10.0,5276,164,6
1999-06-14,104,11.6,5277,165,0
1999-06-15,107,12.3,5278,166,1
1999-06-16,116,13.5,5279,167,2
1999-06-17,112,12.9,5280,168,3
1999-06-18,105,16.0,5281,169,4
1999-06-19,103,16.5,5282,170,5
1999-06-20,110,17.8,5283,171,6
1999-06-21,99,16.9,5284,172,0
1999-06-22,102,15.9,5285,173,1
1999-06-23,108,14.6,5286,174,2
1999-06-24,127,13.1,5287,175,3
1999-06-25,111,16.2,5288,176,4
1999-06-26,98,16.6,5289,177,5
1999-06-27,100,17.9,5290,178,6
1999-06-28,135,19.8,5291,179,0
1999-06-29,96,20.5,5292,180,1
1999-06-30,118,21.7,5293,181,2
1999-07-01,111,16.0,5294,182,3
1999-07-02,81,14.9,5295,183,4
1999-07-03,103,14.8,5296,184,5
1999-07-04,111,16.4,5297,185,6
1999-07-05,126,18.8,5298,186,0
1999-07-06,100,18.1,5299,187,1
1999-07-07,107,19.5,5300,188,2
1999-07-08,90,19.0,5301,189,3
1999-07-09,91,20.2,5302,190,4
1999-07-10,126,21.2,5303,191,5
1999-07-11,112,22.7,5304,192,6
1999-07-12,130,20.4,5305,193,0
1999-07-13,117,19.8,5306,194,1
1999-07-14,107,19.0,5307,195,2
1999-07-15,104,17.7,5308,196,3
1999-07-16,106,17.8,5309,197,4
1999-07-17,109,17.8,5310,198,5
1999-07-18,88,20.1,5311,199,6
1999-07-19,115,22.1,5312,200,0
1999-07-20,104,23.5,5313,201,1
1999-07-21,98,23.0,5314,202,2
1999-07-22,105,17.7,5315,203,3
1999-07-23,103,18.3,5316,204,4
1999-07-24,96,19.9,5317,205,5
1999-07-25,110,21.0,5318,206,6
1999-07-26,121,21.1,5319,207,0
1999-07-27,116,19.9,5320,208,1
1999-07-28,107,20.9,5321,209,2
1999-07-29,119,22.8,5322,210,3
1999-07-30,107,22.2,5323,211,4
1999-07-31,133,24.5,5324,212,5
1999-08-01,97,25.4,5325,213,6
1999-08-02,107,25.3,5326,214,0
1999-08-03,110,24.3,5327,215,1
1999-08-04,96,20.2,5328,216,2
1999-08-05,81,19.3,5329,217,3
1999-08-06,116,19.3,5330,218,4
1999-08-07,117,17.8,5331,219,5
1999-08-08,86,17.1,5332,220,6
1999-08-09,97,17.9,5333,221,0
1999-08-10,115,20.6,5334,222,1
1999-08-11,105,23.5,5335,223,2
1999-08-12,114,23.1,5336,224,3
1999-08-13,103,20.5,5337,225,4
1999-08-14,96,19.3,5338,226,5
1999-08-15,110,21.3,5339,227,6
1999-08-16,103,23.1,5340,228,0
1999-08-17,112,21.5,5341,229,1
1999-08-18,99,22.2,5342,230,2
1999-08-19,92,22.3,5343,231,3
1999-08-20,84,22.6,5344,232,4
1999-08-21,97,22.0,5345,233,5
1999-08-22,105,21.5,5346,234,6
1999-08-23,97,19.3,5347,235,0
1999-08-24,87,17.9,5348,236,1
1999-08-25,119,20.3,5349,237,2
1999-08-26,96,19.0,5350,238,3
1999-08-27,92,16.8,5351,239,4
1999-08-28,104,14.4,5352,240,5
1999-08-29,110,13.9,5353,241,6
1999-08-30,106,15.8,5354,242,0
1999-08-31,102,17.4,5355,243,1
1999-09-01,99,16.1,5356,244,2
1999-09-02,115,16.3,5357,245,3
1999-09-03,89,13.9,5358,246,4
1999-09-04,105,14.6,5359,247,5
1999-09-05,110,14.0,5360,248,6
1999-09-06,102,15.2,5361,249,0
1999-09-07,112,16.8,5362,250,1
1999-09-08,98,16.6,5363,251,2
1999-09-09,95,16.7,5364,252,3
1999-09-10,92,15.0,5365,253,4
1999-09-11,108,16.2,5366,254,5
1999-09-12,92,14.5,5367,255,6
1999-09-13,90,13.4,5368,256,0
1999-09-14,91,13.7,5369,257,1
1999-09-15,97,13.7,5370,258,2
1999-09-16,89,13.8,5371,259,3
1999-09-17,103,15.2,5372,260,4
1999-09-18,102,15.8,5373,261,5
1999-09-19,102,16.3,5374,262,6
1999-09-20,110,13.5,5375,263,0
1999-09-21,103,12.8,5376,264,1
1999-09-22,108,14.8,5377,265,2
1999-09-23,86,14.6,5378,266,3
1999-09-24,98,12.4,5379,267,4
1999-09-25,100,11.8,5380,268,5
1999-09-26,97,15.3,5381,269,6
1999-09-27,106,12.5,5382,270,0
1999-09-28,95,9.6,5383,271,1
1999-09-29,91,10.3,5384,272,2
1999-09-30,122,11.1,5385,273,3
1999-10-01,105,15.7,5386,274,4
1999-10-02,106,13.9,5387,275,5
1999-10-03,110,15.0,5388,276,6
1999-10-04,109,15.9,5389,277,0
1999-10-05,112,13.3,5390,278,1
1999-10-06,107,14.6,5391,279,2
1999-10-07,111,17.0,5392,280,3
1999-10-08,109,17.8,5393,281,4
1999-10-09,131,18.0,5394,282,5
1999-10-10,111,15.8,5395,283,6
1999-10-11,89,15.5,5396,284,0
1999-10-12,116,16.6,5397,285,1
1999-10-13,106,15.6,5398,286,2
1999-10-14,109,15.6,5399,287,3
1999-10-15,103,15.1,5400,288,4
1999-10-16,104,14.5,5401,289,5
1999-10-17,93,15.5,5402,290,6
1999-10-18,105,12.2,5403,291,0
1999-10-19,106,11.6,5404,292,1
1999-10-20,106,11.1,5405,293,2
1999-10-21,108,9.4,5406,294,3
1999-10-22,131,10.5,5407,295,4
1999-10-23,125,11.1,5408,296,5
1999-10-24,117,15.7,5409,297,6
1999-10-25,102,12.7,5410,298,0
1999-10-26,116,14.6,5411,299,1
1999-10-27,90,13.0,5412,300,2
1999-10-28,86,7.3,5413,301,3
1999-10-29,119,9.0,5414,302,4
1999-10-30,92,9.2,5415,303,5
1999-10-31,125,8.9,5416,304,6
1999-11-01,133,8.8,5417,305,0
1999-11-02,125,6.9,5418,306,1
1999-11-03,96,7.1,5419,307,2
1999-11-04,104,5.2,5420,308,3
1999-11-05,138,4.0,5421,309,4
1999-11-06,112,4.2,5422,310,5
1999-11-07,120,6.3,5423,311,6
1999-11-08,121,11.2,5424,312,0
1999-11-09,118,11.3,5425,313,1
1999-11-10,121,9.2,5426,314,2
1999-11-11,99,12.1,5427,315,3
1999-11-12,109,12.6,5428,316,4
1999-11-13,119,11.5,5429,317,5
1999-11-14,133,10.0,5430,318,6
1999-11-15,120,10.8,5431,319,0
1999-11-16,123,8.2,5432,320,1
1999-11-17,113,2.2,5433,321,2
1999-11-18,118,1.5,5434,322,3
1999-11-19,128,4.8,5435,323,4
1999-11-20,121,5.3,5436,324,5
1999-11-21,101,8.7,5437,325,6
1999-11-22,124,9.6,5438,326,0
1999-11-23,120,8.6,5439,327,1
1999-11-24,124,11.1,5440,328,2
1999-11-25,123,11.1,5441,329,3
1999-11-26,116,9.1,5442,330,4
1999-11-27,152,8.8,5443,331,5
1999-11-28,136,8.3,5444,332,6
1999-11-29,109,8.5,5445,333,0
1999-11-30,118,5.3,5446,334,1
1999-12-01,136,7.3,5447,335,2
1999-12-02,143,10.8,5448,336,3
1999-12-03,136,10.5,5449,337,4
1999-12-04,130,6.2,5450,338,5
1999-12-05,142,0.8,5451,339,6
1999-12-06,132,-0.7,5452,340,0
1999-12-07,125,0.1,5453,341,1
1999-12-08,118,1.3,5454,342,2
1999-12-09,150,0.1,5455,343,3
1999-12-10,129,-1.1,5456,344,4
1999-12-11,147,2.5,5457,345,5
1999-12-12,133,5.0,5458,346,6
1999-12-13,153,5.1,5459,347,0
1999-12-14,130,3.3,5460,348,1
1999-12-15,132,2.5,5461,349,2
1999-12-16,131,3.9,5462,350,3
1999-12-17,147,4.0,5463,351,4
1999-12-18,140,4.1,5464,352,5
1999-12-19,153,4.5,5465,353,6
1999-12-20,134,2.9,5466,354,0
1999-12-21,160,2.6,5467,355,1
1999-12-22,162,10.4,5468,356,2
1999-12-23,178,5.7,5469,357,3
1999-12-24,134,3.1,5470,358,4
1999-12-25,163,0.1,5471,359,5
1999-12-26,138,-1.3,5472,360,6
1999-12-27,159,-1.2,5473,361,0
1999-12-28,172,-2.8,5474,362,1
1999-12-29,161,-1.4,5475,363,2
1999-12-30,149,-0.8,5476,364,3
1999-12-31,164,2.1,5477,365,4
2000-01-01,156,3.7,5478,1,5
2000-01-02,183,5.2,5479,2,6
2000-01-03,201,4.3,5480,3,0
2000-01-04,177,4.9,5481,4,1
2000-01-05,162,6.4,5482,5,2
2000-01-06,177,6.6,5483,6,3
2000-01-07,157,9.0,5484,7,4
2000-01-08,168,9.4,5485,8,5
2000-01-09,155,9.2,5486,9,6
2000-01-10,147,8.4,5487,10,0
2000-01-11,171,8.0,5488,11,1
2000-01-12,170,10.0,5489,12,2
2000-01-13,140,10.1,5490,13,3
2000-01-14,132,8.8,5491,14,4
2000-01-15,129,6.6,5492,15,5
2000-01-16,145,6.2,5493,16,6
2000-01-17,129,6.5,5494,17,0
2000-01-18,140,4.6,5495,18,1
2000-01-19,115,6.3,5496,19,2
2000-01-20,111,3.7,5497,20,3
2000-01-21,114,2.4,5498,21,4
2000-01-22,139,4.3,5499,22,5
2000-01-23,136,3.1,5500,23,6
2000-01-24,161,2.8,5501,24,0
2000-01-25,129,-1.1,5502,25,1
2000-01-26,122,-3.3,5503,26,2
2000-01-27,149,-3.2,5504,27,3
2000-01-28,146,0.9,5505,28,4
2000-01-29,119,0.3,5506,29,5
2000-01-30,117,1.7,5507,30,6
2000-01-31,122,1.7,5508,31,0
2000-02-01,124,0.1,5509,32,1
2000-02-02,135,0.7,5510,33,2
2000-02-03,123,1.1,5511,34,3
2000-02-04,101,1.0,5512,35,4
2000-02-05,147,-0.7,5513,36,5
2000-02-06,123,-0.8,5514,37,6
2000-02-07,110,-0.8,5515,38,0
2000-02-08,146,0.8,5516,39,1
2000-02-09,143,3.5,5517,40,2
2000-02-10,130,6.2,5518,41,3
2000-02-11,112,6.6,5519,42,4
2000-02-12,118,4.5,5520,43,5
2000-02-13,124,3.9,5521,44,6
2000-02-14,112,2.6,5522,45,0
2000-02-15,118,2.3,5523,46,1
2000-02-16,120,7.6,5524,47,2
2000-02-17,135,7.4,5525,48,3
2000-02-18,129,6.2,5526,49,4
2000-02-19,105,0.7,5527,50,5
2000-02-20,122,-0.8,5528,51,6
2000-02-21,130,-0.8,5529,52,0
2000-02-22,133,0.5,5530,53,1
2000-02-23,119,4.5,5531,54,2
2000-02-24,136,7.4,5532,55,3
2000-02-25,116,6.0,5533,56,4
2000-02-26,140,4.4,5534,57,5
2000-02-27,126,3.7,5535,58,6
2000-02-28,92,3.3,5536,59,0
2000-02-29,135,4.3,5537,60,1
2000-03-01,125,5.1,5538,61,2
2000-03-02,104,5.2,5539,62,3
2000-03-03,104,5.6,5540,63,4
2000-03-04,123,5.3,5541,64,5
2000-03-05,110,5.3,5542,65,6
2000-03-06,109,5.3,5543,66,0
2000-03-07,106,2.9,5544,67,1
2000-03-08,124,3.9,5545,68,2
2000-03-09,105,3.5,5546,69,3
2000-03-10,114,4.3,5547,70,4
2000-03-11,100,0.9,5548,71,5
2000-03-12,139,1.1,5549,72,6
2000-03-13,136,0.3,5550,73,0
2000-03-14,123,1.5,5551,74,1
2000-03-15,118,4.9,5552,75,2
2000-03-16,121,4.8,5553,76,3
2000-03-17,113,5.3,5554,77,4
2000-03-18,117,5.5,5555,78,5
2000-03-19,117,4.1,5556,79,6
2000-03-20,124,3.0,5557,80,0
2000-03-21,113,6.9,5558,81,1
2000-03-22,117,7.6,5559,82,2
2000-03-23,121,10.8,5560,83,3
2000-03-24,92,7.1,5561,84,4
2000-03-25,86,6.7,5562,85,5
2000-03-26,115,4.1,5563,86,6
2000-03-27,102,2.5,5564,87,0
2000-03-28,114,3.6,5565,88,1
2000-03-29,129,4.6,5566,89,2
2000-03-30,122,3.4,5567,90,3
2000-03-31,110,4.4,5568,91,4
2000-04-01,123,3.0,5569,92,5
2000-04-02,108,3.0,5570,93,6
2000-04-03,113,2.9,5571,94,0
2000-04-04,127,3.9,5572,95,1
2000-04-05,122,5.8,5573,96,2
2000-04-06,128,5.8,5574,97,3
2000-04-07,119,7.4,5575,98,4
2000-04-08,115,9.4,5576,99,5
2000-04-09,106,11.0,5577,100,6
2000-04-10,120,9.2,5578,101,0
2000-04-11,111,9.8,5579,102,1
2000-04-12,124,5.1,5580,103,2
2000-04-13,108,5.5,5581,104,3
2000-04-14,102,6.7,5582,105,4
2000-04-15,111,11.2,5583,106,5
2000-04-16,117,13.3,5584,107,6
2000-04-17,99,11.9,5585,108,0
2000-04-18,121,10.4,5586,109,1
2000-04-19,122,11.5,5587,110,2
2000-04-20,140,14.2,5588,111,3
2000-04-21,102,15.6,5589,112,4
2000-04-22,105,10.0,5590,113,5
2000-04-23,104,10.1,5591,114,6
2000-04-24,100,10.4,5592,115,0
2000-04-25,116,10.9,5593,116,1
2000-04-26,112,13.3,5594,117,2
2000-04-27,112,14.1,5595,118,3
2000-04-28,118,11.1,5596,119,4
2000-04-29,111,7.9,5597,120,5
2000-04-30,106,8.2,5598,121,6
2000-05-01,126,10.0,5599,122,0
2000-05-02,115,8.2,5600,123,1
2000-05-03,117,6.9,5601,124,2
2000-05-04,110,6.1,5602,125,3
2000-05-05,109,6.9,5603,126,4
2000-05-06,107,8.0,5604,127,5
2000-05-07,124,8.3,5605,128,6
2000-05-08,92,7.2,5606,129,0
2000-05-09,105,7.1,5607,130,1
2000-05-10,142,6.7,5608,131,2
2000-05-11,94,6.9,5609,132,3
2000-05-12,82,9.8,5610,133,4
2000-05-13,116,10.4,5611,134,5
2000-05-14,101,9.9,5612,135,6
2000-05-15,108,9.5,5613,136,0
2000-05-16,107,5.7,5614,137,1
2000-05-17,124,5.8,5615,138,2
2000-05-18,103,6.0,5616,139,3
2000-05-19,103,8.5,5617,140,4
2000-05-20,123,9.8,5618,141,5
2000-05-21,118,10.8,5619,142,6
2000-05-22,118,10.6,5620,143,0
2000-05-23,110,12.9,5621,144,1
2000-05-24,123,12.1,5622,145,2
2000-05-25,104,12.4,5623,146,3
2000-05-26,118,10.8,5624,147,4
2000-05-27,113,11.9,5625,148,5
2000-05-28,129,10.8,5626,149,6
2000-05-29,123,15.6,5627,150,0
2000-05-30,112,18.8,5628,151,1
2000-05-31,90,15.1,5629,152,2
2000-06-01,109,12.6,5630,153,3
2000-06-02,108,12.6,5631,154,4
2000-06-03,94,13.1,5632,155,5
2000-06-04,98,16.0,5633,156,6
2000-06-05,93,19.3,5634,157,0
2000-06-06,122,22.0,5635,158,1
2000-06-07,106,25.0,5636,159,2
2000-06-08,148,17.5,5637,160,3
2000-06-09,85,16.5,5638,161,4
2000-06-10,107,17.0,5639,162,5
2000-06-11,99,16.8,5640,163,6
2000-06-12,100,16.5,5641,164,0
2000-06-13,96,15.4,5642,165,1
2000-06-14,103,14.6,5643,166,2
2000-06-15,114,15.8,5644,167,3
2000-06-16,113,17.6,5645,168,4
2000-06-17,104,20.1,5646,169,5
2000-06-18,93,16.6,5647,170,6
2000-06-19,130,16.5,5648,171,0
2000-06-20,107,12.5,5649,172,1
2000-06-21,107,12.8,5650,173,2
2000-06-22,93,12.9,5651,174,3
2000-06-23,118,14.2,5652,175,4
2000-06-24,100,14.8,5653,176,5
2000-06-25,125,17.3,5654,177,6
2000-06-26,117,18.5,5655,178,0
2000-06-27,109,18.3,5656,179,1
2000-06-28,107,15.9,5657,180,2
2000-06-29,103,14.0,5658,181,3
2000-06-30,99,15.9,5659,182,4
2000-07-01,103,14.0,5660,183,5
2000-07-02,116,14.4,5661,184,6
2000-07-03,109,14.4,5662,185,0
2000-07-04,115,14.9,5663,186,1
2000-07-05,105,13.8,5664,187,2
2000-07-06,95,12.5,5665,188,3
2000-07-07,101,13.8,5666,189,4
2000-07-08,93,14.4,5667,190,5
2000-07-09,101,15.5,5668,191,6
2000-07-10,135,18.3,5669,192,0
2000-07-11,93,19.3,5670,193,1
2000-07-12,101,18.3,5671,194,2
2000-07-13,103,19.4,5672,195,3
2000-07-14,107,19.9,5673,196,4
2000-07-15,105,17.9,5674,197,5
2000-07-16,98,14.8,5675,198,6
2000-07-17,104,16.1,5676,199,0
2000-07-18,94,18.3,5677,200,1
2000-07-19,102,17.8,5678,201,2
2000-07-20,110,20.0,5679,202,3
2000-07-21,108,21.3,5680,203,4
2000-07-22,118,23.4,5681,204,5
2000-07-23,112,21.0,5682,205,6
2000-07-24,115,16.5,5683,206,0
2000-07-25,92,17.5,5684,207,1
2000-07-26,118,20.7,5685,208,2
2000-07-27,103,18.6,5686,209,3
2000-07-28,91,18.6,5687,210,4
2000-07-29,98,18.6,5688,211,5
2000-07-30,96,17.9,5689,212,6
2000-07-31,84,18.4,5690,213,0
2000-08-01,94,16.8,5691,214,1
2000-08-02,83,16.1,5692,215,2
2000-08-03,97,17.0,5693,216,3
2000-08-04,99,17.7,5694,217,4
2000-08-05,117,20.1,5695,218,5
2000-08-06,97,17.9,5696,219,6
2000-08-07,95,16.6,5697,220,0
2000-08-08,113,16.9,5698,221,1
2000-08-09,87,17.3,5699,222,2
2000-08-10,108,18.0,5700,223,3
2000-08-11,116,16.1,5701,224,4
2000-08-12,120,16.6,5702,225,5
2000-08-13,91,17.2,5703,226,6
2000-08-14,120,17.2,5704,227,0
2000-08-15,101,16.8,5705,228,1
2000-08-16,108,19.0,5706,229,2
2000-08-17,99,20.2,5707,230,3
2000-08-18,102,22.1,5708,231,4
2000-08-19,130,22.4,5709,232,5
2000-08-20,116,19.8,5710,233,6
2000-08-21,101,18.5,5711,234,0
2000-08-22,116,17.0,5712,235,1
2000-08-23,88,16.4,5713,236,2
2000-08-24,105,15.6,5714,237,3
2000-08-25,98,15.4,5715,238,4
2000-08-26,97,15.1,5716,239,5
2000-08-27,93,14.4,5717,240,6
2000-08-28,107,14.1,5718,241,0
2000-08-29,105,14.2,5719,242,1
2000-08-30,86,14.2,5720,243,2
2000-08-31,105,13.1,5721,244,3
2000-09-01,105,14.7,5722,245,4
2000-09-02,91,17.2,5723,246,5
2000-09-03,90,16.9,5724,247,6
2000-09-04,103,15.5,5725,248,0
2000-09-05,101,16.5,5726,249,1
2000-09-06,104,15.2,5727,250,2
2000-09-07,93,15.1,5728,251,3
2000-09-08,124,15.0,5729,252,4
2000-09-09,102,14.4,5730,253,5
2000-09-10,98,13.5,5731,254,6
2000-09-11,110,13.3,5732,255,0
2000-09-12,103,14.0,5733,256,1
2000-09-13,94,12.0,5734,257,2
2000-09-14,104,11.8,5735,258,3
2000-09-15,121,14.0,5736,259,4
2000-09-16,110,14.4,5737,260,5
2000-09-17,111,13.8,5738,261,6
2000-09-18,98,12.5,5739,262,0
2000-09-19,95,11.8,5740,263,1
2000-09-20,107,12.7,5741,264,2
2000-09-21,98,12.9,5742,265,3
2000-09-22,123,11.5,5743,266,4
2000-09-23,115,11.2,5744,267,5
2000-09-24,120,11.1,5745,268,6
2000-09-25,106,14.5,5746,269,0
2000-09-26,115,13.5,5747,270,1
2000-09-27,104,14.8,5748,271,2
2000-09-28,110,14.3,5749,272,3
2000-09-29,116,16.2,5750,273,4
2000-09-30,133,13.1,5751,274,5
2000-10-01,106,11.7,5752,275,6
2000-10-02,102,10.5,5753,276,0
2000-10-03,110,12.6,5754,277,1
2000-10-04,102,10.8,5755,278,2
2000-10-05,112,9.5,5756,279,3
2000-10-06,100,9.4,5757,280,4
2000-10-07,130,13.4,5758,281,5
2000-10-08,114,14.1,5759,282,6
2000-10-09,101,12.0,5760,283,0
2000-10-10,98,11.4,5761,284,1
2000-10-11,105,10.4,5762,285,2
2000-10-12,115,12.3,5763,286,3
2000-10-13,124,14.7,5764,287,4
2000-10-14,118,15.0,5765,288,5
2000-10-15,124,12.2,5766,289,6
2000-10-16,99,10.4,5767,290,0
2000-10-17,104,9.3,5768,291,1
2000-10-18,114,11.0,5769,292,2
2000-10-19,126,12.2,5770,293,3
2000-10-20,128,14.9,5771,294,4
2000-10-21,93,13.2,5772,295,5
2000-10-22,98,12.7,5773,296,6
2000-10-23,114,13.1,5774,297,0
2000-10-24,125,13.8,5775,298,1
2000-10-25,97,14.2,5776,299,2
2000-10-26,95,11.3,5777,300,3
2000-10-27,92,14.2,5778,301,4
2000-10-28,107,13.7,5779,302,5
2000-10-29,99,10.1,5780,303,6
2000-10-30,106,8.5,5781,304,0
2000-10-31,121,11.8,5782,305,1
2000-11-01,116,13.0,5783,306,2
2000-11-02,96,15.1,5784,307,3
2000-11-03,97,14.5,5785,308,4
2000-11-04,97,13.0,5786,309,5
2000-11-05,111,10.3,5787,310,6
2000-11-06,120,12.6,5788,311,0
2000-11-07,80,9.2,5789,312,1
2000-11-08,108,6.1,5790,313,2
2000-11-09,118,7.6,5791,314,3
2000-11-10,91,4.5,5792,315,4
2000-11-11,114,3.1,5793,316,5
2000-11-12,129,6.6,5794,317,6
2000-11-13,81,4.4,5795,318,0
2000-11-14,104,3.0,5796,319,1
2000-11-15,120,4.0,5797,320,2
2000-11-16,125,3.1,5798,321,3
2000-11-17,105,6.2,5799,322,4
2000-11-18,119,2.9,5800,323,5
2000-11-19,141,3.5,5801,324,6
2000-11-20,113,4.6,5802,325,0
2000-11-21,92,1.7,5803,326,1
2000-11-22,89,2.7,5804,327,2
2000-11-23,112,2.4,5805,328,3
2000-11-24,116,3.8,5806,329,4
2000-11-25,120,7.9,5807,330,5
2000-11-26,106,4.6,5808,331,6
2000-11-27,118,2.6,5809,332,0
2000-11-28,106,1.3,5810,333,1
2000-11-29,129,7.9,5811,334,2
2000-11-30,131,6.9,5812,335,3
2000-12-01,134,7.5,5813,336,4
2000-12-02,116,6.5,5814,337,5
2000-12-03,123,8.3,5815,338,6
2000-12-04,104,5.4,5816,339,0
2000-12-05,125,3.0,5817,340,1
2000-12-06,129,2.6,5818,341,2
2000-12-07,114,4.1,5819,342,3
2000-12-08,136,4.4,5820,343,4
2000-12-09,128,3.4,5821,344,5
2000-12-10,109,3.4,5822,345,6
2000-12-11,130,3.7,5823,346,0
2000-12-12,120,2.3,5824,347,1
2000-12-13,150,2.9,5825,348,2
2000-12-14,134,0.6,5826,349,3
2000-12-15,112,6.6,5827,350,4
2000-12-16,136,6.2,5828,351,5
2000-12-17,143,5.7,5829,352,6
2000-12-18,132,8.5,5830,353,0
2000-12-19,140,7.9,5831,354,1
2000-12-20,130,5.4,5832,355,2
2000-12-21,156,2.6,5833,356,3
2000-12-22,138,3.4,5834,357,4
2000-12-23,149,1.9,5835,358,5
2000-12-24,129,0.3,5836,359,6
2000-12-25,153,1.6,5837,360,0
2000-12-26,141,-0.8,5838,361,1
2000-12-27,174,0.4,5839,362,2
2000-12-28,185,-0.2,5840,363,3
2000-12-29,180,-0.4,5841,364,4
2000-12-30,197,1.2,5842,365,5
2000-12-31,177,-2.3,5843,366,6
2001-01-01,186,-3.1,5844,1,0
2001-01-02,197,-3.7,5845,2,1
2001-01-03,207,-2.3,5846,3,2
2001-01-04,187,-0.3,5847,4,3
2001-01-05,205,0.4,5848,5,4
2001-01-06,195,0.5,5849,6,5
2001-01-07,197,-1.6,5850,7,6
2001-01-08,192,-1.9,5851,8,0
2001-01-09,187,-0.8,5852,9,1
2001-01-10,180,-0.8,5853,10,2
2001-01-11,180,1.5,5854,11,3
2001-01-12,156,6.3,5855,12,4
2001-01-13,164,6.1,5856,13,5
2001-01-14,160,2.0,5857,14,6
2001-01-15,164,0.1,5858,15,0
2001-01-16,144,2.8,5859,16,1
2001-01-17,167,5.5,5860,17,2
2001-01-18,165,6.0,5861,18,3
2001-01-19,156,4.3,5862,19,4
2001-01-20,149,4.5,5863,20,5
2001-01-21,137,2.6,5864,21,6
2001-01-22,130,5.3,5865,22,0
2001-01-23,158,6.3,5866,23,1
2001-01-24,150,5.0,5867,24,2
2001-01-25,144,4.3,5868,25,3
2001-01-26,141,2.3,5869,26,4
2001-01-27,132,3.8,5870,27,5
2001-01-28,124,3.7,5871,28,6
2001-01-29,141,4.3,5872,29,0
2001-01-30,143,3.7,5873,30,1
2001-01-31,130,3.8,5874,31,2
2001-02-01,147,4.2,5875,32,3
2001-02-02,120,4.4,5876,33,4
2001-02-03,151,2.7,5877,34,5
2001-02-04,125,7.9,5878,35,6
2001-02-05,111,6.0,5879,36,0
2001-02-06,132,7.8,5880,37,1
2001-02-07,125,8.0,5881,38,2
2001-02-08,145,3.3,5882,39,3
2001-02-09,132,8.0,5883,40,4
2001-02-10,129,7.7,5884,41,5
2001-02-11,119,6.8,5885,42,6
2001-02-12,129,10.5,5886,43,0
2001-02-13,126,6.1,5887,44,1
2001-02-14,140,3.3,5888,45,2
2001-02-15,131,4.6,5889,46,3
2001-02-16,140,5.2,5890,47,4
2001-02-17,136,8.1,5891,48,5
2001-02-18,133,6.8,5892,49,6
2001-02-19,119,6.6,5893,50,0
2001-02-20,124,8.3,5894,51,1
2001-02-21,133,10.2,5895,52,2
2001-02-22,119,9.2,5896,53,3
2001-02-23,145,10.0,5897,54,4
2001-02-24,136,8.4,5898,55,5
2001-02-25,128,9.7,5899,56,6
2001-02-26,104,7.7,5900,57,0
2001-02-27,105,7.0,5901,58,1
2001-02-28,95,9.0,5902,59,2
2001-03-01,142,8.1,5903,60,3
2001-03-02,115,10.0,5904,61,4
2001-03-03,114,6.0,5905,62,5
2001-03-04,111,7.6,5906,63,6
2001-03-05,133,8.8,5907,64,0
2001-03-06,108,7.3,5908,65,1
2001-03-07,140,9.1,5909,66,2
2001-03-08,94,9.2,5910,67,3
2001-03-09,99,7.9,5911,68,4
2001-03-10,103,7.8,5912,69,5
2001-03-11,101,7.8,5913,70,6
2001-03-12,118,9.3,5914,71,0
2001-03-13,121,9.4,5915,72,1
2001-03-14,118,10.7,5916,73,2
2001-03-15,125,12.0,5917,74,3
2001-03-16,120,10.9,5918,75,4
2001-03-17,121,10.0,5919,76,5
2001-03-18,114,9.2,5920,77,6
2001-03-19,124,8.9,5921,78,0
2001-03-20,115,8.1,5922,79,1
2001-03-21,112,7.6,5923,80,2
2001-03-22,117,6.4,5924,81,3
2001-03-23,124,9.1,5925,82,4
2001-03-24,95,7.8,5926,83,5
2001-03-25,105,9.0,5927,84,6
2001-03-26,110,10.6,5928,85,0
2001-03-27,125,11.0,5929,86,1
2001-03-28,91,8.0,5930,87,2
2001-03-29,92,7.6,5931,88,3
2001-03-30,91,8.2,5932,89,4
2001-03-31,88,9.1,5933,90,5
2001-04-01,117,9.8,5934,91,6
2001-04-02,106,10.4,5935,92,0
2001-04-03,87,9.6,5936,93,1
2001-04-04,113,7.7,5937,94,2
2001-04-05,106,11.8,5938,95,3
2001-04-06,118,9.6,5939,96,4
2001-04-07,112,7.4,5940,97,5
2001-04-08,93,8.6,5941,98,6
2001-04-09,117,11.1,5942,99,0
2001-04-10,101,12.2,5943,100,1
2001-04-11,105,8.9,5944,101,2
2001-04-12,96,6.5,5945,102,3
2001-04-13,111,10.2,5946,103,4
2001-04-14,119,9.7,5947,104,5
2001-04-15,99,8.2,5948,105,6
2001-04-16,121,7.2,5949,106,0
2001-04-17,104,8.7,5950,107,1
2001-04-18,109,6.8,5951,108,2
2001-04-19,105,6.8,5952,109,3
2001-04-20,111,4.8,5953,110,4
2001-04-21,113,5.8,5954,111,5
2001-04-22,117,7.6,5955,112,6
2001-04-23,124,9.4,5956,113,0
2001-04-24,106,10.3,5957,114,1
2001-04-25,103,8.9,5958,115,2
2001-04-26,120,9.8,5959,116,3
2001-04-27,132,12.5,5960,117,4
2001-04-28,109,13.6,5961,118,5
2001-04-29,114,13.0,5962,119,6
2001-04-30,110,12.7,5963,120,0
2001-05-01,122,14.9,5964,121,1
2001-05-02,136,16.8,5965,122,2
2001-05-03,124,16.5,5966,123,3
2001-05-04,109,14.1,5967,124,4
2001-05-05,110,13.1,5968,125,5
2001-05-06,85,5.4,5969,126,6
2001-05-07,116,5.2,5970,127,0
2001-05-08,117,8.0,5971,128,1
2001-05-09,99,9.0,5972,129,2
2001-05-10,91,10.5,5973,130,3
2001-05-11,98,11.0,5974,131,4
2001-05-12,92,10.7,5975,132,5
2001-05-13,108,11.9,5976,133,6
2001-05-14,103,12.6,5977,134,0
2001-05-15,111,11.5,5978,135,1
2001-05-16,106,14.8,5979,136,2
2001-05-17,115,18.2,5980,137,3
2001-05-18,98,16.3,5981,138,4
2001-05-19,92,14.1,5982,139,5
2001-05-20,101,12.5,5983,140,6
2001-05-21,105,11.3,5984,141,0
2001-05-22,89,10.5,5985,142,1
2001-05-23,100,10.5,5986,143,2
2001-05-24,116,9.8,5987,144,3
2001-05-25,100,11.4,5988,145,4
2001-05-26,96,14.4,5989,146,5
2001-05-27,109,13.9,5990,147,6
2001-05-28,101,10.7,5991,148,0
2001-05-29,110,14.3,5992,149,1
2001-05-30,109,15.9,5993,150,2
2001-05-31,99,15.8,5994,151,3
2001-06-01,96,14.3,5995,152,4
2001-06-02,140,15.8,5996,153,5
2001-06-03,104,15.4,5997,154,6
2001-06-04,116,14.0,5998,155,0
2001-06-05,98,17.6,5999,156,1
2001-06-06,132,18.6,6000,157,2
2001-06-07,117,18.4,6001,158,3
2001-06-08,111,16.8,6002,159,4
2001-06-09,94,15.9,6003,160,5
2001-06-10,95,18.2,6004,161,6
2001-06-11,111,18.6,6005,162,0
2001-06-12,102,16.1,6006,163,1
2001-06-13,98,16.8,6007,164,2
2001-06-14,87,14.1,6008,165,3
2001-06-15,78,14.0,6009,166,4
2001-06-16,92,14.5,6010,167,5
2001-06-17,95,14.4,6011,168,6
2001-06-18,106,15.2,6012,169,0
2001-06-19,96,12.7,6013,170,1
2001-06-20,97,12.1,6014,171,2
2001-06-21,113,13.1,6015,172,3
2001-06-22,99,13.1,6016,173,4
2001-06-23,101,14.4,6017,174,5
2001-06-24,83,13.7,6018,175,6
2001-06-25,85,12.9,6019,176,0
2001-06-26,117,13.5,6020,177,1
2001-06-27,108,12.1,6021,178,2
2001-06-28,114,12.4,6022,179,3
2001-06-29,90,14.6,6023,180,4
2001-06-30,130,12.7,6024,181,5
2001-07-01,84,13.5,6025,182,6
2001-07-02,109,13.1,6026,183,0
2001-07-03,106,12.7,6027,184,1
2001-07-04,129,14.0,6028,185,2
2001-07-05,96,15.6,6029,186,3
2001-07-06,107,17.7,6030,187,4
2001-07-07,134,20.1,6031,188,5
2001-07-08,125,19.5,6032,189,6
2001-07-09,103,19.7,6033,190,0
2001-07-10,111,16.6,6034,191,1
2001-07-11,96,16.9,6035,192,2
2001-07-12,130,17.8,6036,193,3
2001-07-13,101,18.6,6037,194,4
2001-07-14,100,17.7,6038,195,5
2001-07-15,111,18.4,6039,196,6
2001-07-16,100,17.7,6040,197,0
2001-07-17,86,16.1,6041,198,1
2001-07-18,92,15.0,6042,199,2
2001-07-19,94,18.1,6043,200,3
2001-07-20,97,17.8,6044,201,4
2001-07-21,104,18.9,6045,202,5
2001-07-22,89,19.4,6046,203,6
2001-07-23,114,20.7,6047,204,0
2001-07-24,109,18.9,6048,205,1
2001-07-25,81,18.1,6049,206,2
2001-07-26,88,16.7,6050,207,3
2001-07-27,86,18.9,6051,208,4
2001-07-28,97,18.8,6052,209,5
2001-07-29,99,19.9,6053,210,6
2001-07-30,122,18.6,6054,211,0
2001-07-31,89,14.9,6055,212,1
2001-08-01,98,18.1,6056,213,2
2001-08-02,96,18.4,6057,214,3
2001-08-03,94,17.1,6058,215,4
2001-08-04,93,17.5,6059,216,5
2001-08-05,98,18.2,6060,217,6
2001-08-06,108,18.8,6061,218,0
2001-08-07,107,21.0,6062,219,1
2001-08-08,97,23.0,6063,220,2
2001-08-09,103,22.7,6064,221,3
2001-08-10,111,23.6,6065,222,4
2001-08-11,89,24.1,6066,223,5
2001-08-12,93,23.0,6067,224,6
2001-08-13,118,22.0,6068,225,0
2001-08-14,90,20.2,6069,226,1
2001-08-15,97,21.2,6070,227,2
2001-08-16,108,22.0,6071,228,3
2001-08-17,129,21.4,6072,229,4
2001-08-18,100,22.4,6073,230,5
2001-08-19,92,22.8,6074,231,6
2001-08-20,122,22.1,6075,232,0
2001-08-21,100,21.4,6076,233,1
2001-08-22,104,20.9,6077,234,2
2001-08-23,104,21.6,6078,235,3
2001-08-24,89,20.6,6079,236,4
2001-08-25,87,18.4,6080,237,5
2001-08-26,83,16.6,6081,238,6
2001-08-27,85,16.3,6082,239,0
2001-08-28,90,14.8,6083,240,1
2001-08-29,92,16.2,6084,241,2
2001-08-30,86,16.4,6085,242,3
2001-08-31,90,18.0,6086,243,4
2001-09-01,96,17.3,6087,244,5
2001-09-02,111,16.0,6088,245,6
2001-09-03,92,16.5,6089,246,0
2001-09-04,91,17.0,6090,247,1
2001-09-05,118,14.7,6091,248,2
2001-09-06,108,14.5,6092,249,3
2001-09-07,114,16.4,6093,250,4
2001-09-08,103,15.9,6094,251,5
2001-09-09,97,15.7,6095,252,6
2001-09-10,98,13.7,6096,253,0
2001-09-11,106,15.1,6097,254,1
2001-09-12,95,13.9,6098,255,2
2001-09-13,104,11.4,6099,256,3
2001-09-14,85,11.9,6100,257,4
2001-09-15,94,13.1,6101,258,5
2001-09-16,114,15.4,6102,259,6
2001-09-17,121,15.5,6103,260,0
2001-09-18,130,16.0,6104,261,1
2001-09-19,77,15.6,6105,262,2
2001-09-20,82,14.9,6106,263,3
2001-09-21,111,12.7,6107,264,4
2001-09-22,121,13.2,6108,265,5
2001-09-23,106,13.7,6109,266,6
2001-09-24,96,14.4,6110,267,0
2001-09-25,101,15.7,6111,268,1
2001-09-26,102,15.6,6112,269,2
2001-09-27,99,15.0,6113,270,3
2001-09-28,89,14.4,6114,271,4
2001-09-29,109,16.5,6115,272,5
2001-09-30,111,18.2,6116,273,6
2001-10-01,108,19.0,6117,274,0
2001-10-02,92,15.1,6118,275,1
2001-10-03,115,13.9,6119,276,2
2001-10-04,97,14.6,6120,277,3
2001-10-05,104,13.3,6121,278,4
2001-10-06,105,14.8,6122,279,5
2001-10-07,122,13.3,6123,280,6
2001-10-08,117,14.6,6124,281,0
2001-10-09,111,16.8,6125,282,1
2001-10-10,103,14.0,6126,283,2
2001-10-11,120,10.3,6127,284,3
2001-10-12,123,9.4,6128,285,4
2001-10-13,100,7.9,6129,286,5
2001-10-14,90,6.4,6130,287,6
2001-10-15,107,11.0,6131,288,0
2001-10-16,125,12.7,6132,289,1
2001-10-17,113,15.8,6133,290,2
2001-10-18,115,15.1,6134,291,3
2001-10-19,121,13.7,6135,292,4
2001-10-20,105,12.1,6136,293,5
2001-10-21,113,9.2,6137,294,6
2001-10-22,127,7.5,6138,295,0
2001-10-23,111,8.4,6139,296,1
2001-10-24,94,7.7,6140,297,2
2001-10-25,115,5.0,6141,298,3
2001-10-26,110,5.4,6142,299,4
2001-10-27,99,7.1,6143,300,5
2001-10-28,89,4.5,6144,301,6
2001-10-29,102,2.7,6145,302,0
2001-10-30,117,3.0,6146,303,1
2001-10-31,127,4.3,6147,304,2
2001-11-01,112,4.3,6148,305,3
2001-11-02,115,3.7,6149,306,4
2001-11-03,108,7.8,6150,307,5
2001-11-04,119,8.3,6151,308,6
2001-11-05,116,13.0,6152,309,0
2001-11-06,118,11.3,6153,310,1
2001-11-07,129,10.0,6154,311,2
2001-11-08,103,10.6,6155,312,3
2001-11-09,112,7.5,6156,313,4
2001-11-10,123,7.6,6157,314,5
2001-11-11,113,6.9,6158,315,6
2001-11-12,107,4.5,6159,316,0
2001-11-13,118,4.4,6160,317,1
2001-11-14,111,6.6,6161,318,2
2001-11-15,114,13.2,6162,319,3
2001-11-16,124,14.4,6163,320,4
2001-11-17,126,13.2,6164,321,5
2001-11-18,107,11.0,6165,322,6
2001-11-19,116,11.3,6166,323,0
2001-11-20,118,10.0,6167,324,1
2001-11-21,124,7.3,6168,325,2
2001-11-22,97,7.1,6169,326,3
2001-11-23,106,7.2,6170,327,4
2001-11-24,123,7.0,6171,328,5
2001-11-25,137,7.0,6172,329,6
2001-11-26,113,9.3,6173,330,0
2001-11-27,98,9.7,6174,331,1
2001-11-28,130,10.7,6175,332,2
2001-11-29,127,9.1,6176,333,3
2001-11-30,111,7.3,6177,334,4
2001-12-01,101,2.9,6178,335,5
2001-12-02,118,1.6,6179,336,6
2001-12-03,115,1.6,6180,337,0
2001-12-04,109,2.7,6181,338,1
2001-12-05,148,1.5,6182,339,2
2001-12-06,133,7.4,6183,340,3
2001-12-07,133,8.1,6184,341,4
2001-12-08,143,10.2,6185,342,5
2001-12-09,115,9.9,6186,343,6
2001-12-10,135,12.3,6187,344,0
2001-12-11,131,11.1,6188,345,1
2001-12-12,123,5.8,6189,346,2
2001-12-13,122,4.1,6190,347,3
2001-12-14,110,5.6,6191,348,4
2001-12-15,120,4.2,6192,349,5
2001-12-16,147,1.3,6193,350,6
2001-12-17,130,0.9,6194,351,0
2001-12-18,124,7.7,6195,352,1
2001-12-19,113,7.5,6196,353,2
2001-12-20,125,8.1,6197,354,3
2001-12-21,147,5.2,6198,355,4
2001-12-22,120,6.1,6199,356,5
2001-12-23,121,8.9,6200,357,6
2001-12-24,132,12.1,6201,358,0
2001-12-25,141,9.6,6202,359,1
2001-12-26,111,7.5,6203,360,2
2001-12-27,135,5.5,6204,361,3
2001-12-28,133,4.1,6205,362,4
2001-12-29,134,5.7,6206,363,5
2001-12-30,143,8.7,6207,364,6
2001-12-31,113,7.4,6208,365,0
2002-01-01,152,5.6,6209,1,1
2002-01-02,139,7.7,6210,2,2
2002-01-03,137,7.7,6211,3,3
2002-01-04,131,6.4,6212,4,4
2002-01-05,129,4.5,6213,5,5
2002-01-06,130,5.5,6214,6,6
2002-01-07,140,7.7,6215,7,0
2002-01-08,137,9.5,6216,8,1
2002-01-09,142,11.8,6217,9,2
2002-01-10,134,9.0,6218,10,3
2002-01-11,129,7.6,6219,11,4
2002-01-12,115,10.1,6220,12,5
2002-01-13,109,9.6,6221,13,6
2002-01-14,107,7.3,6222,14,0
2002-01-15,130,8.3,6223,15,1
2002-01-16,140,6.7,6224,16,2
2002-01-17,119,6.4,6225,17,3
2002-01-18,117,7.0,6226,18,4
2002-01-19,124,4.7,6227,19,5
2002-01-20,130,1.4,6228,20,6
2002-01-21,115,2.6,6229,21,0
2002-01-22,131,3.5,6230,22,1
2002-01-23,120,1.1,6231,23,2
2002-01-24,138,3.8,6232,24,3
2002-01-25,113,3.0,6233,25,4
2002-01-26,129,2.6,6234,26,5
2002-01-27,118,2.2,6235,27,6
2002-01-28,134,1.9,6236,28,0
2002-01-29,118,3.5,6237,29,1
2002-01-30,123,3.5,6238,30,2
2002-01-31,98,3.7,6239,31,3
2002-02-01,123,-1.3,6240,32,4
2002-02-02,144,0.9,6241,33,5
2002-02-03,132,1.0,6242,34,6
2002-02-04,104,2.9,6243,35,0
2002-02-05,126,5.7,6244,36,1
2002-02-06,134,7.2,6245,37,2
2002-02-07,132,5.5,6246,38,3
2002-02-08,130,5.4,6247,39,4
2002-02-09,110,7.4,6248,40,5
2002-02-10,109,8.7,6249,41,6
2002-02-11,129,9.8,6250,42,0
2002-02-12,123,10.1,6251,43,1
2002-02-13,134,12.1,6252,44,2
2002-02-14,131,9.7,6253,45,3
2002-02-15,123,9.5,6254,46,4
2002-02-16,125,10.3,6255,47,5
2002-02-17,114,7.8,6256,48,6
2002-02-18,123,6.3,6257,49,0
2002-02-19,115,9.5,6258,50,1
2002-02-20,133,10.3,6259,51,2
2002-02-21,118,9.5,6260,52,3
2002-02-22,117,5.8,6261,53,4
2002-02-23,118,6.7,6262,54,5
2002-02-24,111,8.3,6263,55,6
2002-02-25,114,7.8,6264,56,0
2002-02-26,111,7.2,6265,57,1
2002-02-27,108,8.4,6266,58,2
2002-02-28,135,4.9,6267,59,3
2002-03-01,126,5.5,6268,60,4
2002-03-02,128,8.2,6269,61,5
2002-03-03,120,11.6,6270,62,6
2002-03-04,127,9.3,6271,63,0
2002-03-05,119,6.9,6272,64,1
2002-03-06,139,9.8,6273,65,2
2002-03-07,122,10.2,6274,66,3
2002-03-08,108,6.8,6275,67,4
2002-03-09,99,3.5,6276,68,5
2002-03-10,120,4.3,6277,69,6
2002-03-11,130,6.8,6278,70,0
2002-03-12,114,4.3,6279,71,1
2002-03-13,118,8.0,6280,72,2
2002-03-14,127,6.9,6281,73,3
2002-03-15,125,9.0,6282,74,4
2002-03-16,136,8.9,6283,75,5
2002-03-17,142,9.7,6284,76,6
2002-03-18,124,9.7,6285,77,0
2002-03-19,129,7.3,6286,78,1
2002-03-20,122,7.8,6287,79,2
2002-03-21,128,8.8,6288,80,3
2002-03-22,128,7.7,6289,81,4
2002-03-23,137,6.1,6290,82,5
2002-03-24,123,5.1,6291,83,6
2002-03-25,140,6.1,6292,84,0
2002-03-26,149,9.6,6293,85,1
2002-03-27,135,11.6,6294,86,2
2002-03-28,106,11.4,6295,87,3
2002-03-29,134,13.7,6296,88,4
2002-03-30,121,13.0,6297,89,5
2002-03-31,131,9.5,6298,90,6
2002-04-01,110,9.4,6299,91,0
2002-04-02,135,10.6,6300,92,1
2002-04-03,145,10.1,6301,93,2
2002-04-04,137,10.3,6302,94,3
2002-04-05,123,9.2,6303,95,4
2002-04-06,125,9.1,6304,96,5
2002-04-07,107,8.1,6305,97,6
2002-04-08,122,7.3,6306,98,0
2002-04-09,130,7.3,6307,99,1
2002-04-10,132,5.2,6308,100,2
2002-04-11,109,5.4,6309,101,3
2002-04-12,138,3.4,6310,102,4
2002-04-13,105,3.1,6311,103,5
2002-04-14,136,3.6,6312,104,6
2002-04-15,121,2.5,6313,105,0
2002-04-16,124,4.3,6314,106,1
2002-04-17,124,5.6,6315,107,2
2002-04-18,120,5.5,6316,108,3
2002-04-19,114,8.2,6317,109,4
2002-04-20,115,9.6,6318,110,5
2002-04-21,133,9.2,6319,111,6
2002-04-22,139,14.7,6320,112,0
2002-04-23,126,11.4,6321,113,1
2002-04-24,100,11.2,6322,114,2
2002-04-25,133,11.7,6323,115,3
2002-04-26,117,10.2,6324,116,4
2002-04-27,125,9.0,6325,117,5
2002-04-28,128,9.1,6326,118,6
2002-04-29,121,10.8,6327,119,0
2002-04-30,112,10.0,6328,120,1
2002-05-01,106,8.2,6329,121,2
2002-05-02,104,10.0,6330,122,3
2002-05-03,99,8.5,6331,123,4
2002-05-04,103,8.9,6332,124,5
2002-05-05,137,10.7,6333,125,6
2002-05-06,95,12.5,6334,126,0
2002-05-07,134,12.5,6335,127,1
2002-05-08,112,15.3,6336,128,2
2002-05-09,101,17.4,6337,129,3
2002-05-10,109,16.4,6338,130,4
2002-05-11,112,14.8,6339,131,5
2002-05-12,102,14.9,6340,132,6
2002-05-13,123,16.8,6341,133,0
2002-05-14,98,18.8,6342,134,1
2002-05-15,121,17.9,6343,135,2
2002-05-16,102,16.3,6344,136,3
2002-05-17,105,14.8,6345,137,4
2002-05-18,108,15.1,6346,138,5
2002-05-19,108,16.2,6347,139,6
2002-05-20,110,17.0,6348,140,0
2002-05-21,113,14.7,6349,141,1
2002-05-22,105,12.0,6350,142,2
2002-05-23,115,13.0,6351,143,3
2002-05-24,96,13.8,6352,144,4
2002-05-25,100,14.0,6353,145,5
2002-05-26,111,12.0,6354,146,6
2002-05-27,99,9.1,6355,147,0
2002-05-28,109,11.9,6356,148,1
2002-05-29,116,14.0,6357,149,2
2002-05-30,100,15.0,6358,150,3
2002-05-31,115,14.7,6359,151,4
2002-06-01,101,14.5,6360,152,5
2002-06-02,108,14.7,6361,153,6
2002-06-03,118,13.9,6362,154,0
2002-06-04,92,12.4,6363,155,1
2002-06-05,95,13.2,6364,156,2
2002-06-06,119,16.9,6365,157,3
2002-06-07,108,14.8,6366,158,4
2002-06-08,106,13.5,6367,159,5
2002-06-09,116,15.9,6368,160,6
2002-06-10,100,13.3,6369,161,0
2002-06-11,119,9.9,6370,162,1
2002-06-12,105,11.3,6371,163,2
2002-06-13,116,11.7,6372,164,3
2002-06-14,108,13.5,6373,165,4
2002-06-15,99,12.8,6374,166,5
2002-06-16,110,13.8,6375,167,6
2002-06-17,108,13.1,6376,168,0
2002-06-18,99,15.0,6377,169,1
2002-06-19,106,18.8,6378,170,2
2002-06-20,119,21.4,6379,171,3
2002-06-21,110,20.2,6380,172,4
2002-06-22,101,15.6,6381,173,5
2002-06-23,104,15.6,6382,174,6
2002-06-24,114,17.7,6383,175,0
2002-06-25,94,15.0,6384,176,1
2002-06-26,99,13.9,6385,177,2
2002-06-27,88,14.6,6386,178,3
2002-06-28,74,15.2,6387,179,4
2002-06-29,113,14.3,6388,180,5
2002-06-30,103,15.5,6389,181,6
2002-07-01,92,15.3,6390,182,0
2002-07-02,109,13.4,6391,183,1
2002-07-03,108,14.3,6392,184,2
2002-07-04,116,15.1,6393,185,3
2002-07-05,86,17.5,6394,186,4
2002-07-06,101,16.2,6395,187,5
2002-07-07,106,15.3,6396,188,6
2002-07-08,104,14.9,6397,189,0
2002-07-09,106,17.3,6398,190,1
2002-07-10,96,17.1,6399,191,2
2002-07-11,85,15.3,6400,192,3
2002-07-12,106,16.6,6401,193,4
2002-07-13,98,14.5,6402,194,5
2002-07-14,88,14.6,6403,195,6
2002-07-15,110,15.1,6404,196,0
2002-07-16,82,16.0,6405,197,1
2002-07-17,95,16.2,6406,198,2
2002-07-18,118,15.7,6407,199,3
2002-07-19,106,16.9,6408,200,4
2002-07-20,105,19.1,6409,201,5
2002-07-21,114,17.3,6410,202,6
2002-07-22,101,16.5,6411,203,0
2002-07-23,110,17.4,6412,204,1
2002-07-24,110,16.1,6413,205,2
2002-07-25,104,16.4,6414,206,3
2002-07-26,107,15.9,6415,207,4
2002-07-27,112,16.3,6416,208,5
2002-07-28,90,16.3,6417,209,6
2002-07-29,112,16.7,6418,210,0
2002-07-30,115,15.9,6419,211,1
2002-07-31,100,16.3,6420,212,2
2002-08-01,99,15.1,6421,213,3
2002-08-02,111,15.1,6422,214,4
2002-08-03,104,14.9,6423,215,5
2002-08-04,97,17.6,6424,216,6
2002-08-05,96,18.6,6425,217,0
2002-08-06,97,18.2,6426,218,1
2002-08-07,109,19.6,6427,219,2
2002-08-08,91,21.2,6428,220,3
2002-08-09,99,19.4,6429,221,4
2002-08-10,109,22.0,6430,222,5
2002-08-11,114,22.6,6431,223,6
2002-08-12,92,18.2,6432,224,0
2002-08-13,113,16.1,6433,225,1
2002-08-14,96,18.7,6434,226,2
2002-08-15,112,17.8,6435,227,3
2002-08-16,94,20.5,6436,228,4
2002-08-17,101,18.3,6437,229,5
2002-08-18,84,17.5,6438,230,6
2002-08-19,85,17.3,6439,231,0
2002-08-20,82,16.3,6440,232,1
2002-08-21,113,17.9,6441,233,2
2002-08-22,81,15.1,6442,234,3
2002-08-23,85,13.7,6443,235,4
2002-08-24,114,14.5,6444,236,5
2002-08-25,106,14.7,6445,237,6
2002-08-26,105,15.1,6446,238,0
2002-08-27,117,13.3,6447,239,1
2002-08-28,95,13.5,6448,240,2
2002-08-29,115,15.4,6449,241,3
2002-08-30,100,16.1,6450,242,4
2002-08-31,93,15.9,6451,243,5
2002-09-01,106,19.1,6452,244,6
2002-09-02,89,17.4,6453,245,0
2002-09-03,92,16.8,6454,246,1
2002-09-04,114,15.6,6455,247,2
2002-09-05,103,16.0,6456,248,3
2002-09-06,101,16.2,6457,249,4
2002-09-07,114,18.1,6458,250,5
2002-09-08,104,17.4,6459,251,6
2002-09-09,92,17.5,6460,252,0
2002-09-10,94,15.7,6461,253,1
2002-09-11,102,13.3,6462,254,2
2002-09-12,96,9.7,6463,255,3
2002-09-13,116,10.3,6464,256,4
2002-09-14,103,12.0,6465,257,5
2002-09-15,91,12.8,6466,258,6
2002-09-16,110,11.6,6467,259,0
2002-09-17,106,12.7,6468,260,1
2002-09-18,123,15.9,6469,261,2
2002-09-19,102,18.2,6470,262,3
2002-09-20,103,15.8,6471,263,4
2002-09-21,124,16.7,6472,264,5
2002-09-22,107,15.1,6473,265,6
2002-09-23,101,15.5,6474,266,0
2002-09-24,99,16.3,6475,267,1
2002-09-25,105,16.8,6476,268,2
2002-09-26,111,16.8,6477,269,3
2002-09-27,107,15.3,6478,270,4
2002-09-28,90,15.5,6479,271,5
2002-09-29,88,14.3,6480,272,6
2002-09-30,90,14.9,6481,273,0
2002-10-01,128,14.0,6482,274,1
2002-10-02,105,11.2,6483,275,2
2002-10-03,122,7.9,6484,276,3
2002-10-04,87,9.3,6485,277,4
2002-10-05,133,9.1,6486,278,5
2002-10-06,120,10.1,6487,279,6
2002-10-07,104,10.5,6488,280,0
2002-10-08,112,10.1,6489,281,1
2002-10-09,113,11.2,6490,282,2
2002-10-10,111,12.0,6491,283,3
2002-10-11,122,12.3,6492,284,4
2002-10-12,111,11.3,6493,285,5
2002-10-13,114,12.4,6494,286,6
2002-10-14,108,15.1,6495,287,0
2002-10-15,112,10.6,6496,288,1
2002-10-16,100,11.5,6497,289,2
2002-10-17,106,11.6,6498,290,3
2002-10-18,115,6.4,6499,291,4
2002-10-19,101,7.4,6500,292,5
2002-10-20,121,9.1,6501,293,6
2002-10-21,103,14.9,6502,294,0
2002-10-22,130,16.0,6503,295,1
2002-10-23,112,14.9,6504,296,2
2002-10-24,136,10.1,6505,297,3
2002-10-25,128,9.9,6506,298,4
2002-10-26,114,7.8,6507,299,5
2002-10-27,106,13.3,6508,300,6
2002-10-28,105,12.2,6509,301,0
2002-10-29,115,8.8,6510,302,1
2002-10-30,117,7.9,6511,303,2
2002-10-31,115,7.9,6512,304,3
2002-11-01,111,6.8,6513,305,4
2002-11-02,145,7.1,6514,306,5
2002-11-03,135,7.3,6515,307,6
2002-11-04,102,4.2,6516,308,0
2002-11-05,108,6.4,6517,309,1
2002-11-06,116,8.6,6518,310,2
2002-11-07,115,8.9,6519,311,3
2002-11-08,120,11.5,6520,312,4
2002-11-09,136,13.5,6521,313,5
2002-11-10,88,8.7,6522,314,6
2002-11-11,142,5.8,6523,315,0
2002-11-12,116,8.0,6524,316,1
2002-11-13,112,6.8,6525,317,2
2002-11-14,135,5.6,6526,318,3
2002-11-15,107,5.3,6527,319,4
2002-11-16,126,2.8,6528,320,5
2002-11-17,112,1.8,6529,321,6
2002-11-18,126,3.8,6530,322,0
2002-11-19,135,5.0,6531,323,1
2002-11-20,128,3.1,6532,324,2
2002-11-21,118,2.8,6533,325,3
2002-11-22,119,2.2,6534,326,4
2002-11-23,137,2.2,6535,327,5
2002-11-24,123,5.6,6536,328,6
2002-11-25,134,5.2,6537,329,0
2002-11-26,135,6.3,6538,330,1
2002-11-27,120,7.6,6539,331,2
2002-11-28,126,8.6,6540,332,3
2002-11-29,128,3.8,6541,333,4
2002-11-30,113,4.2,6542,334,5
2002-12-01,118,3.8,6543,335,6
2002-12-02,113,2.6,6544,336,0
2002-12-03,143,1.3,6545,337,1
2002-12-04,116,2.4,6546,338,2
2002-12-05,120,0.5,6547,339,3
2002-12-06,124,-1.0,6548,340,4
2002-12-07,139,2.4,6549,341,5
2002-12-08,147,7.8,6550,342,6
2002-12-09,124,9.2,6551,343,0
2002-12-10,138,8.5,6552,344,1
2002-12-11,132,7.1,6553,345,2
2002-12-12,150,12.0,6554,346,3
2002-12-13,122,9.2,6555,347,4
2002-12-14,141,12.9,6556,348,5
2002-12-15,152,11.5,6557,349,6
2002-12-16,130,7.7,6558,350,0
2002-12-17,153,7.3,6559,351,1
2002-12-18,150,8.5,6560,352,2
2002-12-19,145,5.5,6561,353,3
2002-12-20,154,2.4,6562,354,4
2002-12-21,171,0.2,6563,355,5
2002-12-22,167,4.6,6564,356,6
2002-12-23,181,6.9,6565,357,0
2002-12-24,201,4.6,6566,358,1
2002-12-25,188,10.0,6567,359,2
2002-12-26,172,8.3,6568,360,3
2002-12-27,210,8.0,6569,361,4
2002-12-28,217,5.7,6570,362,5
2002-12-29,198,5.7,6571,363,6
2002-12-30,229,9.9,6572,364,0
2002-12-31,247,8.8,6573,365,1
2003-01-01,248,8.2,6574,1,2
2003-01-02,210,7.0,6575,2,3
2003-01-03,227,6.2,6576,3,4
2003-01-04,231,11.5,6577,4,5
2003-01-05,222,11.6,6578,5,6
2003-01-06,201,11.1,6579,6,0
2003-01-07,190,5.8,6580,7,1
2003-01-08,187,4.3,6581,8,2
2003-01-09,173,2.7,6582,9,3
2003-01-10,149,1.6500000000000001,6583,10,4
2003-01-11,195,0.6,6584,11,5
2003-01-12,182,1.8,6585,12,6
2003-01-13,158,4.7,6586,13,0
2003-01-14,203,6.0,6587,14,1
2003-01-15,179,8.8,6588,15,2
2003-01-16,148,7.3,6589,16,3
2003-01-17,124,4.9,6590,17,4
2003-01-18,140,6.4,6591,18,5
2003-01-19,162,10.7,6592,19,6
2003-01-20,145,10.5,6593,20,0
2003-01-21,131,6.1,6594,21,1
2003-01-22,141,0.5,6595,22,2
2003-01-23,142,5.0,6596,23,3
2003-01-24,136,7.7,6597,24,4
2003-01-25,131,9.9,6598,25,5
2003-01-26,153,5.5,6599,26,6
2003-01-27,146,5.1,6600,27,0
2003-01-28,127,8.2,6601,28,1
2003-01-29,128,4.4,6602,29,2
2003-01-30,124,3.4,6603,30,3
2003-01-31,141,4.0,6604,31,4
2003-02-01,119,6.9,6605,32,5
2003-02-02,121,6.6,6606,33,6
2003-02-03,112,7.5,6607,34,0
2003-02-04,108,10.2,6608,35,1
2003-02-05,125,7.3,6609,36,2
2003-02-06,115,6.6,6610,37,3
2003-02-07,137,2.4,6611,38,4
2003-02-08,146,0.7,6612,39,5
2003-02-09,130,-0.4,6613,40,6
2003-02-10,113,0.3,6614,41,0
2003-02-11,107,1.0,6615,42,1
2003-02-12,130,3.8,6616,43,2
2003-02-13,107,2.9,6617,44,3
2003-02-14,135,1.9,6618,45,4
2003-02-15,140,5.2,6619,46,5
2003-02-16,140,6.5,6620,47,6
2003-02-17,144,5.7,6621,48,0
2003-02-18,117,9.4,6622,49,1
2003-02-19,131,10.6,6623,50,2
2003-02-20,102,6.9,6624,51,3
2003-02-21,105,7.3,6625,52,4
2003-02-22,138,4.2,6626,53,5
2003-02-23,131,3.8,6627,54,6
2003-02-24,107,3.5,6628,55,0
2003-02-25,112,3.9,6629,56,1
2003-02-26,110,8.2,6630,57,2
2003-02-27,128,7.6,6631,58,3
2003-02-28,122,7.5,6632,59,4
2003-03-01,124,11.3,6633,60,5
2003-03-02,134,11.1,6634,61,6
2003-03-03,109,7.7,6635,62,0
2003-03-04,116,5.0,6636,63,1
2003-03-05,109,3.5,6637,64,2
2003-03-06,114,3.1,6638,65,3
2003-03-07,89,3.7,6639,66,4
2003-03-08,125,4.9,6640,67,5
2003-03-09,135,4.5,6641,68,6
2003-03-10,107,2.5,6642,69,0
2003-03-11,130,4.2,6643,70,1
2003-03-12,126,9.5,6644,71,2
2003-03-13,118,10.1,6645,72,3
2003-03-14,106,7.2,6646,73,4
2003-03-15,126,8.2,6647,74,5
2003-03-16,102,8.9,6648,75,6
2003-03-17,120,11.8,6649,76,0
2003-03-18,121,9.1,6650,77,1
2003-03-19,116,6.9,6651,78,2
2003-03-20,110,7.0,6652,79,3
2003-03-21,108,7.9,6653,80,4
2003-03-22,112,7.3,6654,81,5
2003-03-23,111,10.7,6655,82,6
2003-03-24,120,9.2,6656,83,0
2003-03-25,123,8.8,6657,84,1
2003-03-26,128,6.6,6658,85,2
2003-03-27,117,7.0,6659,86,3
2003-03-28,104,8.4,6660,87,4
2003-03-29,123,10.9,6661,88,5
2003-03-30,93,11.0,6662,89,6
2003-03-31,99,13.4,6663,90,0
2003-04-01,110,13.8,6664,91,1
2003-04-02,114,12.4,6665,92,2
2003-04-03,105,10.0,6666,93,3
2003-04-04,86,12.5,6667,94,4
2003-04-05,125,12.7,6668,95,5
2003-04-06,88,12.5,6669,96,6
2003-04-07,99,9.7,6670,97,0
2003-04-08,112,10.9,6671,98,1
2003-04-09,100,12.0,6672,99,2
2003-04-10,91,10.3,6673,100,3
2003-04-11,121,8.7,6674,101,4
2003-04-12,120,8.9,6675,102,5
2003-04-13,106,5.9,6676,103,6
2003-04-14,97,3.4,6677,104,0
2003-04-15,110,4.6,6678,105,1
2003-04-16,121,5.3,6679,106,2
2003-04-17,108,5.8,6680,107,3
2003-04-18,122,6.1,6681,108,4
2003-04-19,123,6.0,6682,109,5
2003-04-20,99,8.7,6683,110,6
2003-04-21,96,10.9,6684,111,0
2003-04-22,106,10.4,6685,112,1
2003-04-23,111,9.6,6686,113,2
2003-04-24,109,10.9,6687,114,3
2003-04-25,118,10.7,6688,115,4
2003-04-26,108,12.5,6689,116,5
2003-04-27,110,13.1,6690,117,6
2003-04-28,88,12.2,6691,118,0
2003-04-29,100,10.6,6692,119,1
2003-04-30,124,12.3,6693,120,2
2003-05-01,116,13.8,6694,121,3
2003-05-02,103,14.5,6695,122,4
2003-05-03,95,14.5,6696,123,5
2003-05-04,106,12.8,6697,124,6
2003-05-05,96,12.2,6698,125,0
2003-05-06,98,13.1,6699,126,1
2003-05-07,109,12.5,6700,127,2
2003-05-08,101,12.3,6701,128,3
2003-05-09,110,15.5,6702,129,4
2003-05-10,115,14.4,6703,130,5
2003-05-11,107,13.9,6704,131,6
2003-05-12,97,12.8,6705,132,0
2003-05-13,98,12.3,6706,133,1
2003-05-14,104,12.8,6707,134,2
2003-05-15,114,11.6,6708,135,3
2003-05-16,106,10.8,6709,136,4
2003-05-17,104,10.8,6710,137,5
2003-05-18,97,12.0,6711,138,6
2003-05-19,107,15.1,6712,139,0
2003-05-20,132,15.1,6713,140,1
2003-05-21,115,14.4,6714,141,2
2003-05-22,91,12.6,6715,142,3
2003-05-23,96,14.0,6716,143,4
2003-05-24,104,14.2,6717,144,5
2003-05-25,97,13.0,6718,145,6
2003-05-26,104,14.4,6719,146,0
2003-05-27,116,18.2,6720,147,1
2003-05-28,123,17.1,6721,148,2
2003-05-29,108,17.5,6722,149,3
2003-05-30,106,13.1,6723,150,4
2003-05-31,82,12.6,6724,151,5
2003-06-01,92,16.0,6725,152,6
2003-06-02,115,15.3,6726,153,0
2003-06-03,110,13.9,6727,154,1
2003-06-04,89,13.3,6728,155,2
2003-06-05,112,11.5,6729,156,3
2003-06-06,102,12.8,6730,157,4
2003-06-07,102,12.5,6731,158,5
2003-06-08,112,11.8,6732,159,6
2003-06-09,88,13.1,6733,160,0
2003-06-10,94,12.3,6734,161,1
2003-06-11,89,13.7,6735,162,2
2003-06-12,105,13.2,6736,163,3
2003-06-13,107,14.6,6737,164,4
2003-06-14,95,16.7,6738,165,5
2003-06-15,131,18.2,6739,166,6
2003-06-16,117,19.2,6740,167,0
2003-06-17,108,16.7,6741,168,1
2003-06-18,97,16.6,6742,169,2
2003-06-19,98,16.3,6743,170,3
2003-06-20,99,15.8,6744,171,4
2003-06-21,90,12.4,6745,172,5
2003-06-22,120,13.0,6746,173,6
2003-06-23,100,16.1,6747,174,0
2003-06-24,99,16.8,6748,175,1
2003-06-25,116,16.3,6749,176,2
2003-06-26,108,18.2,6750,177,3
2003-06-27,100,15.7,6751,178,4
2003-06-28,111,13.4,6752,179,5
2003-06-29,107,15.4,6753,180,6
2003-06-30,108,15.7,6754,181,0
2003-07-01,95,16.4,6755,182,1
2003-07-02,101,19.4,6756,183,2
2003-07-03,107,19.4,6757,184,3
2003-07-04,109,17.3,6758,185,4
2003-07-05,115,17.8,6759,186,5
2003-07-06,105,19.1,6760,187,6
2003-07-07,88,19.8,6761,188,0
2003-07-08,129,21.7,6762,189,1
2003-07-09,112,20.2,6763,190,2
2003-07-10,80,19.3,6764,191,3
2003-07-11,95,20.1,6765,192,4
2003-07-12,91,19.0,6766,193,5
2003-07-13,108,18.1,6767,194,6
2003-07-14,103,15.5,6768,195,0
2003-07-15,95,15.7,6769,196,1
2003-07-16,123,16.8,6770,197,2
2003-07-17,100,19.5,6771,198,3
2003-07-18,101,20.2,6772,199,4
2003-07-19,89,19.7,6773,200,5
2003-07-20,95,18.7,6774,201,6
2003-07-21,108,16.2,6775,202,0
2003-07-22,84,14.3,6776,203,1
2003-07-23,97,17.0,6777,204,2
2003-07-24,96,21.6,6778,205,3
2003-07-25,86,21.1,6779,206,4
2003-07-26,91,16.8,6780,207,5
2003-07-27,107,16.1,6781,208,6
2003-07-28,99,18.1,6782,209,0
2003-07-29,80,19.3,6783,210,1
2003-07-30,101,21.4,6784,211,2
2003-07-31,123,22.9,6785,212,3
2003-08-01,117,23.5,6786,213,4
2003-08-02,108,23.7,6787,214,5
2003-08-03,98,19.7,6788,215,6
2003-08-04,112,20.2,6789,216,0
2003-08-05,100,20.1,6790,217,1
2003-08-06,91,20.5,6791,218,2
2003-08-07,93,18.6,6792,219,3
2003-08-08,89,17.8,6793,220,4
2003-08-09,106,17.5,6794,221,5
2003-08-10,71,15.1,6795,222,6
2003-08-11,103,15.3,6796,223,0
2003-08-12,94,16.6,6797,224,1
2003-08-13,100,17.1,6798,225,2
2003-08-14,96,16.7,6799,226,3
2003-08-15,90,15.4,6800,227,4
2003-08-16,102,13.1,6801,228,5
2003-08-17,117,13.0,6802,229,6
2003-08-18,98,14.6,6803,230,0
2003-08-19,97,15.2,6804,231,1
2003-08-20,91,14.5,6805,232,2
2003-08-21,100,13.8,6806,233,3
2003-08-22,111,13.9,6807,234,4
2003-08-23,112,16.2,6808,235,5
2003-08-24,106,15.8,6809,236,6
2003-08-25,125,19.0,6810,237,0
2003-08-26,110,18.8,6811,238,1
2003-08-27,101,16.8,6812,239,2
2003-08-28,102,17.7,6813,240,3
2003-08-29,108,18.0,6814,241,4
2003-08-30,92,17.7,6815,242,5
2003-08-31,104,17.2,6816,243,6
2003-09-01,114,18.4,6817,244,0
2003-09-02,122,19.5,6818,245,1
2003-09-03,126,19.8,6819,246,2
2003-09-04,97,19.0,6820,247,3
2003-09-05,130,19.6,6821,248,4
2003-09-06,113,19.6,6822,249,5
2003-09-07,97,18.3,6823,250,6
2003-09-08,106,17.0,6824,251,0
2003-09-09,84,16.8,6825,252,1
2003-09-10,96,17.2,6826,253,2
2003-09-11,101,21.6,6827,254,3
2003-09-12,92,17.6,6828,255,4
2003-09-13,79,13.6,6829,256,5
2003-09-14,98,12.5,6830,257,6
2003-09-15,106,12.5,6831,258,0
2003-09-16,109,14.1,6832,259,1
2003-09-17,110,14.2,6833,260,2
2003-09-18,95,14.9,6834,261,3
2003-09-19,95,16.1,6835,262,4
2003-09-20,101,14.9,6836,263,5
2003-09-21,114,15.3,6837,264,6
2003-09-22,97,16.3,6838,265,0
2003-09-23,94,16.3,6839,266,1
2003-09-24,108,16.3,6840,267,2
2003-09-25,93,15.6,6841,268,3
2003-09-26,97,13.7,6842,269,4
2003-09-27,116,14.6,6843,270,5
2003-09-28,112,14.2,6844,271,6
2003-09-29,107,15.5,6845,272,0
2003-09-30,97,14.1,6846,273,1
2003-10-01,119,13.3,6847,274,2
2003-10-02,103,12.4,6848,275,3
2003-10-03,101,10.1,6849,276,4
2003-10-04,115,9.0,6850,277,5
2003-10-05,113,7.5,6851,278,6
2003-10-06,96,7.7,6852,279,0
2003-10-07,107,9.9,6853,280,1
2003-10-08,132,13.9,6854,281,2
2003-10-09,101,15.0,6855,282,3
2003-10-10,124,15.7,6856,283,4
2003-10-11,106,12.0,6857,284,5
2003-10-12,108,8.7,6858,285,6
2003-10-13,116,9.2,6859,286,0
2003-10-14,100,9.9,6860,287,1
2003-10-15,111,12.3,6861,288,2
2003-10-16,100,11.0,6862,289,3
2003-10-17,114,10.0,6863,290,4
2003-10-18,106,9.1,6864,291,5
2003-10-19,112,8.8,6865,292,6
2003-10-20,113,8.0,6866,293,0
2003-10-21,116,9.9,6867,294,1
2003-10-22,127,13.1,6868,295,2
2003-10-23,114,12.5,6869,296,3
2003-10-24,104,11.4,6870,297,4
2003-10-25,120,11.0,6871,298,5
2003-10-26,108,10.2,6872,299,6
2003-10-27,121,10.5,6873,300,0
2003-10-28,106,12.3,6874,301,1
2003-10-29,93,10.7,6875,302,2
2003-10-30,109,13.9,6876,303,3
2003-10-31,113,12.3,6877,304,4
2003-11-01,94,13.9,6878,305,5
2003-11-02,101,10.2,6879,306,6
2003-11-03,96,9.9,6880,307,0
2003-11-04,135,10.4,6881,308,1
2003-11-05,116,10.0,6882,309,2
2003-11-06,99,8.0,6883,310,3
2003-11-07,111,7.5,6884,311,4
2003-11-08,98,10.2,6885,312,5
2003-11-09,110,9.9,6886,313,6
2003-11-10,122,8.9,6887,314,0
2003-11-11,106,8.4,6888,315,1
2003-11-12,123,7.5,6889,316,2
2003-11-13,88,7.8,6890,317,3
2003-11-14,97,8.7,6891,318,4
2003-11-15,106,6.7,6892,319,5
2003-11-16,109,5.4,6893,320,6
2003-11-17,98,3.2,6894,321,0
2003-11-18,116,3.6,6895,322,1
2003-11-19,134,4.2,6896,323,2
2003-11-20,119,4.4,6897,324,3
2003-11-21,106,4.2,6898,325,4
2003-11-22,104,4.9,6899,326,5
2003-11-23,135,7.4,6900,327,6
2003-11-24,117,11.2,6901,328,0
2003-11-25,103,11.6,6902,329,1
2003-11-26,130,10.2,6903,330,2
2003-11-27,112,8.2,6904,331,3
2003-11-28,118,11.4,6905,332,4
2003-11-29,100,8.2,6906,333,5
2003-11-30,117,6.6,6907,334,6
2003-12-01,100,10.3,6908,335,0
2003-12-02,124,7.0,6909,336,1
2003-12-03,116,8.5,6910,337,2
2003-12-04,129,4.1,6911,338,3
2003-12-05,120,3.6,6912,339,4
2003-12-06,147,10.2,6913,340,5
2003-12-07,146,8.5,6914,341,6
2003-12-08,135,7.7,6915,342,0
2003-12-09,126,6.8,6916,343,1
2003-12-10,132,5.6,6917,344,2
2003-12-11,136,10.0,6918,345,3
2003-12-12,141,6.9,6919,346,4
2003-12-13,168,3.8,6920,347,5
2003-12-14,128,1.4,6921,348,6
2003-12-15,146,1.9,6922,349,0
2003-12-16,129,3.3,6923,350,1
2003-12-17,145,7.7,6924,351,2
2003-12-18,121,2.7,6925,352,3
2003-12-19,159,-0.8,6926,353,4
2003-12-20,163,-2.0,6927,354,5
2003-12-21,154,2.9,6928,355,6
2003-12-22,176,7.4,6929,356,0
2003-12-23,169,7.5,6930,357,1
2003-12-24,161,10.3,6931,358,2
2003-12-25,192,5.7,6932,359,3
2003-12-26,198,5.0,6933,360,4
2003-12-27,171,2.8,6934,361,5
2003-12-28,192,2.4,6935,362,6
2003-12-29,186,1.7,6936,363,0
2003-12-30,198,3.7,6937,364,1
2003-12-31,206,5.5,6938,365,2
2004-01-01,198,7.6,6939,1,3
2004-01-02,158,8.0,6940,2,4
2004-01-03,198,8.6,6941,3,5
2004-01-04,216,5.0,6942,4,6
2004-01-05,208,6.4,6943,5,0
2004-01-06,166,8.6,6944,6,1
2004-01-07,191,7.2,6945,7,2
2004-01-08,191,7.0,6946,8,3
2004-01-09,181,2.2,6947,9,4
2004-01-10,189,2.2,6948,10,5
2004-01-11,203,7.6,6949,11,6
2004-01-12,169,6.7,6950,12,0
2004-01-13,178,3.3,6951,13,1
2004-01-14,189,2.8,6952,14,2
2004-01-15,146,4.2,6953,15,3
2004-01-16,134,3.1,6954,16,4
2004-01-17,165,3.5,6955,17,5
2004-01-18,155,5.0,6956,18,6
2004-01-19,135,5.0,6957,19,0
2004-01-20,159,1.6,6958,20,1
2004-01-21,145,4.8,6959,21,2
2004-01-22,144,4.6,6960,22,3
2004-01-23,139,3.3,6961,23,4
2004-01-24,140,1.8,6962,24,5
2004-01-25,160,0.9,6963,25,6
2004-01-26,164,2.2,6964,26,0
2004-01-27,142,0.3,6965,27,1
2004-01-28,153,4.6,6966,28,2
2004-01-29,148,10.8,6967,29,3
2004-01-30,130,11.1,6968,30,4
2004-01-31,135,10.7,6969,31,5
2004-02-01,116,9.1,6970,32,6
2004-02-02,115,7.6,6971,33,0
2004-02-03,112,6.1,6972,34,1
2004-02-04,149,8.7,6973,35,2
2004-02-05,125,8.1,6974,36,3
2004-02-06,124,9.5,6975,37,4
2004-02-07,110,7.4,6976,38,5
2004-02-08,111,8.8,6977,39,6
2004-02-09,119,6.9,6978,40,0
2004-02-10,131,6.5,6979,41,1
2004-02-11,100,5.1,6980,42,2
2004-02-12,118,6.8,6981,43,3
2004-02-13,114,5.8,6982,44,4
2004-02-14,113,4.6,6983,45,5
2004-02-15,109,6.2,6984,46,6
2004-02-16,130,4.0,6985,47,0
2004-02-17,103,4.7,6986,48,1
2004-02-18,109,8.3,6987,49,2
2004-02-19,113,5.8,6988,50,3
2004-02-20,116,3.0,6989,51,4
2004-02-21,113,5.1,6990,52,5
2004-02-22,118,4.2,6991,53,6
2004-02-23,127,8.7,6992,54,0
2004-02-24,98,9.1,6993,55,1
2004-02-25,109,5.3,6994,56,2
2004-02-26,119,5.2,6995,57,3
2004-02-27,116,9.9,6996,58,4
2004-02-28,113,7.6,6997,59,5
2004-02-29,133,7.3,6998,60,6
2004-03-01,118,5.1,6999,61,0
2004-03-02,127,6.1,7000,62,1
2004-03-03,119,8.0,7001,63,2
2004-03-04,111,3.1,7002,64,3
2004-03-05,128,4.6,7003,65,4
2004-03-06,103,8.2,7004,66,5
2004-03-07,108,11.0,7005,67,6
2004-03-08,120,12.4,7006,68,0
2004-03-09,103,12.6,7007,69,1
2004-03-10,109,11.0,7008,70,2
2004-03-11,107,9.7,7009,71,3
2004-03-12,119,7.9,7010,72,4
2004-03-13,129,9.7,7011,73,5
2004-03-14,120,9.5,7012,74,6
2004-03-15,118,6.9,7013,75,0
2004-03-16,95,8.2,7014,76,1
2004-03-17,92,8.8,7015,77,2
2004-03-18,90,7.8,7016,78,3
2004-03-19,105,6.4,7017,79,4
2004-03-20,100,6.9,7018,80,5
2004-03-21,110,7.8,7019,81,6
2004-03-22,102,8.4,7020,82,0
2004-03-23,94,10.2,7021,83,1
2004-03-24,109,9.7,7022,84,2
2004-03-25,97,7.0,7023,85,3
2004-03-26,79,5.7,7024,86,4
2004-03-27,108,5.6,7025,87,5
2004-03-28,113,4.9,7026,88,6
2004-03-29,104,5.0,7027,89,0
2004-03-30,128,5.9,7028,90,1
2004-03-31,137,6.3,7029,91,2
2004-04-01,94,6.4,7030,92,3
2004-04-02,106,9.8,7031,93,4
2004-04-03,106,7.2,7032,94,5
2004-04-04,108,2.8,7033,95,6
2004-04-05,112,5.1,7034,96,0
2004-04-06,108,5.0,7035,97,1
2004-04-07,114,7.6,7036,98,2
2004-04-08,99,9.2,7037,99,3
2004-04-09,109,9.2,7038,100,4
2004-04-10,116,7.1,7039,101,5
2004-04-11,127,4.6,7040,102,6
2004-04-12,132,3.4,7041,103,0
2004-04-13,102,5.0,7042,104,1
2004-04-14,109,6.2,7043,105,2
2004-04-15,117,4.1,7044,106,3
2004-04-16,98,6.4,7045,107,4
2004-04-17,117,7.8,7046,108,5
2004-04-18,108,9.0,7047,109,6
2004-04-19,120,10.8,7048,110,0
2004-04-20,109,11.9,7049,111,1
2004-04-21,106,11.3,7050,112,2
2004-04-22,98,11.4,7051,113,3
2004-04-23,109,9.4,7052,114,4
2004-04-24,116,9.9,7053,115,5
2004-04-25,106,11.8,7054,116,6
2004-04-26,118,11.1,7055,117,0
2004-04-27,108,11.3,7056,118,1
2004-04-28,116,11.0,7057,119,2
2004-04-29,116,13.0,7058,120,3
2004-04-30,107,11.0,7059,121,4
2004-05-01,111,11.5,7060,122,5
2004-05-02,105,10.4,7061,123,6
2004-05-03,77,9.0,7062,124,0
2004-05-04,100,9.3,7063,125,1
2004-05-05,117,12.3,7064,126,2
2004-05-06,114,15.8,7065,127,3
2004-05-07,107,17.4,7066,128,4
2004-05-08,99,14.1,7067,129,5
2004-05-09,117,16.1,7068,130,6
2004-05-10,110,14.5,7069,131,0
2004-05-11,104,12.9,7070,132,1
2004-05-12,93,13.3,7071,133,2
2004-05-13,102,17.1,7072,134,3
2004-05-14,114,18.5,7073,135,4
2004-05-15,117,20.2,7074,136,5
2004-05-16,109,17.3,7075,137,6
2004-05-17,82,11.8,7076,138,0
2004-05-18,111,10.6,7077,139,1
2004-05-19,104,10.5,7078,140,2
2004-05-20,102,10.6,7079,141,3
2004-05-21,107,11.0,7080,142,4
2004-05-22,108,13.1,7081,143,5
2004-05-23,106,12.4,7082,144,6
2004-05-24,114,11.8,7083,145,0
2004-05-25,107,11.6,7084,146,1
2004-05-26,101,10.8,7085,147,2
2004-05-27,85,9.8,7086,148,3
2004-05-28,97,9.6,7087,149,4
2004-05-29,100,10.8,7088,150,5
2004-05-30,106,11.5,7089,151,6
2004-05-31,130,12.2,7090,152,0
2004-06-01,100,13.6,7091,153,1
2004-06-02,106,14.8,7092,154,2
2004-06-03,90,16.7,7093,155,3
2004-06-04,95,14.8,7094,156,4
2004-06-05,87,12.6,7095,157,5
2004-06-06,112,13.2,7096,158,6
2004-06-07,113,14.0,7097,159,0
2004-06-08,114,16.9,7098,160,1
2004-06-09,134,15.9,7099,161,2
2004-06-10,93,13.8,7100,162,3
2004-06-11,78,14.5,7101,163,4
2004-06-12,106,17.4,7102,164,5
2004-06-13,119,17.3,7103,165,6
2004-06-14,97,17.0,7104,166,0
2004-06-15,110,16.9,7105,167,1
2004-06-16,86,17.4,7106,168,2
2004-06-17,112,19.5,7107,169,3
2004-06-18,96,22.5,7108,170,4
2004-06-19,113,23.7,7109,171,5
2004-06-20,117,17.7,7110,172,6
2004-06-21,86,16.2,7111,173,0
2004-06-22,93,14.5,7112,174,1
2004-06-23,109,14.5,7113,175,2
2004-06-24,94,11.6,7114,176,3
2004-06-25,90,13.5,7115,177,4
2004-06-26,110,14.7,7116,178,5
2004-06-27,118,16.1,7117,179,6
2004-06-28,92,16.0,7118,180,0
2004-06-29,95,16.2,7119,181,1
2004-06-30,103,15.5,7120,182,2
2004-07-01,103,16.7,7121,183,3
2004-07-02,112,16.8,7122,184,4
2004-07-03,113,18.0,7123,185,5
2004-07-04,95,15.8,7124,186,6
2004-07-05,82,14.7,7125,187,0
2004-07-06,114,16.4,7126,188,1
2004-07-07,103,14.6,7127,189,2
2004-07-08,96,13.9,7128,190,3
2004-07-09,95,15.0,7129,191,4
2004-07-10,96,12.9,7130,192,5
2004-07-11,89,12.2,7131,193,6
2004-07-12,89,13.1,7132,194,0
2004-07-13,86,15.6,7133,195,1
2004-07-14,106,13.9,7134,196,2
2004-07-15,123,13.4,7135,197,3
2004-07-16,100,12.9,7136,198,4
2004-07-17,94,15.2,7137,199,5
2004-07-18,105,17.3,7138,200,6
2004-07-19,95,18.3,7139,201,0
2004-07-20,99,19.3,7140,202,1
2004-07-21,98,19.2,7141,203,2
2004-07-22,103,16.0,7142,204,3
2004-07-23,85,15.2,7143,205,4
2004-07-24,94,14.1,7144,206,5
2004-07-25,98,15.0,7145,207,6
2004-07-26,94,17.5,7146,208,0
2004-07-27,121,18.2,7147,209,1
2004-07-28,92,16.7,7148,210,2
2004-07-29,108,18.0,7149,211,3
2004-07-30,98,19.0,7150,212,4
2004-07-31,101,19.9,7151,213,5
2004-08-01,87,18.7,7152,214,6
2004-08-02,88,16.5,7153,215,0
2004-08-03,114,15.6,7154,216,1
2004-08-04,103,16.9,7155,217,2
2004-08-05,82,17.2,7156,218,3
2004-08-06,94,19.5,7157,219,4
2004-08-07,74,19.4,7158,220,5
2004-08-08,101,18.5,7159,221,6
2004-08-09,80,17.9,7160,222,0
2004-08-10,93,19.4,7161,223,1
2004-08-11,94,19.2,7162,224,2
2004-08-12,105,19.7,7163,225,3
2004-08-13,101,19.0,7164,226,4
2004-08-14,95,19.5,7165,227,5
2004-08-15,115,18.1,7166,228,6
2004-08-16,101,17.8,7167,229,0
2004-08-17,103,17.0,7168,230,1
2004-08-18,77,16.2,7169,231,2
2004-08-19,92,17.6,7170,232,3
2004-08-20,97,16.5,7171,233,4
2004-08-21,69,14.9,7172,234,5
2004-08-22,96,16.0,7173,235,6
2004-08-23,97,17.4,7174,236,0
2004-08-24,97,19.0,7175,237,1
2004-08-25,103,19.7,7176,238,2
2004-08-26,93,18.2,7177,239,3
2004-08-27,86,15.9,7178,240,4
2004-08-28,85,15.0,7179,241,5
2004-08-29,85,15.5,7180,242,6
2004-08-30,99,16.0,7181,243,0
2004-08-31,85,15.2,7182,244,1
2004-09-01,100,14.5,7183,245,2
2004-09-02,105,14.7,7184,246,3
2004-09-03,97,13.1,7185,247,4
2004-09-04,99,13.0,7186,248,5
2004-09-05,89,14.7,7187,249,6
2004-09-06,102,15.8,7188,250,0
2004-09-07,116,14.4,7189,251,1
2004-09-08,109,17.9,7190,252,2
2004-09-09,89,18.1,7191,253,3
2004-09-10,106,19.7,7192,254,4
2004-09-11,100,20.7,7193,255,5
2004-09-12,98,18.4,7194,256,6
2004-09-13,87,16.3,7195,257,0
2004-09-14,88,16.2,7196,258,1
2004-09-15,92,15.9,7197,259,2
2004-09-16,98,14.4,7198,260,3
2004-09-17,96,14.8,7199,261,4
2004-09-18,96,13.9,7200,262,5
2004-09-19,95,13.4,7201,263,6
2004-09-20,93,13.0,7202,264,0
2004-09-21,104,12.9,7203,265,1
2004-09-22,113,17.6,7204,266,2
2004-09-23,90,18.6,7205,267,3
2004-09-24,87,14.6,7206,268,4
2004-09-25,104,13.1,7207,269,5
2004-09-26,97,16.7,7208,270,6
2004-09-27,88,14.0,7209,271,0
2004-09-28,106,14.5,7210,272,1
2004-09-29,123,14.7,7211,273,2
2004-09-30,107,14.1,7212,274,3
2004-10-01,98,12.2,7213,275,4
2004-10-02,100,12.0,7214,276,5
2004-10-03,100,12.7,7215,277,6
2004-10-04,93,13.4,7216,278,0
2004-10-05,86,11.1,7217,279,1
2004-10-06,113,9.6,7218,280,2
2004-10-07,118,10.1,7219,281,3
2004-10-08,105,12.0,7220,282,4
2004-10-09,107,8.9,7221,283,5
2004-10-10,119,8.7,7222,284,6
2004-10-11,117,9.2,7223,285,0
2004-10-12,110,10.3,7224,286,1
2004-10-13,119,10.1,7225,287,2
2004-10-14,109,10.5,7226,288,3
2004-10-15,102,11.5,7227,289,4
2004-10-16,122,11.1,7228,290,5
2004-10-17,99,9.8,7229,291,6
2004-10-18,96,13.2,7230,292,0
2004-10-19,116,10.7,7231,293,1
2004-10-20,115,10.4,7232,294,2
2004-10-21,103,10.8,7233,295,3
2004-10-22,82,10.9,7234,296,4
2004-10-23,110,12.8,7235,297,5
2004-10-24,116,11.0,7236,298,6
2004-10-25,103,12.3,7237,299,0
2004-10-26,85,9.8,7238,300,1
2004-10-27,102,12.3,7239,301,2
2004-10-28,117,12.8,7240,302,3
2004-10-29,135,9.9,7241,303,4
2004-10-30,127,10.3,7242,304,5
2004-10-31,105,9.7,7243,305,6
2004-11-01,119,8.5,7244,306,0
2004-11-02,106,7.6,7245,307,1
2004-11-03,122,7.1,7246,308,2
2004-11-04,126,6.2,7247,309,3
2004-11-05,107,7.0,7248,310,4
2004-11-06,126,8.8,7249,311,5
2004-11-07,111,8.1,7250,312,6
2004-11-08,134,7.4,7251,313,0
2004-11-09,95,7.5,7252,314,1
2004-11-10,111,6.9,7253,315,2
2004-11-11,130,10.5,7254,316,3
2004-11-12,113,8.1,7255,317,4
2004-11-13,113,4.9,7256,318,5
2004-11-14,98,3.5,7257,319,6
2004-11-15,118,3.1,7258,320,0
2004-11-16,113,7.6,7259,321,1
2004-11-17,108,4.6,7260,322,2
2004-11-18,108,7.8,7261,323,3
2004-11-19,120,8.1,7262,324,4
2004-11-20,110,4.2,7263,325,5
2004-11-21,119,5.5,7264,326,6
2004-11-22,117,8.2,7265,327,0
2004-11-23,117,6.7,7266,328,1
2004-11-24,112,6.4,7267,329,2
2004-11-25,98,9.5,7268,330,3
2004-11-26,109,8.0,7269,331,4
2004-11-27,109,8.0,7270,332,5
2004-11-28,113,13.6,7271,333,6
2004-11-29,114,11.8,7272,334,0
2004-11-30,111,9.4,7273,335,1
2004-12-01,133,11.5,7274,336,2
2004-12-02,112,9.8,7275,337,3
2004-12-03,100,7.5,7276,338,4
2004-12-04,127,11.0,7277,339,5
2004-12-05,114,11.9,7278,340,6
2004-12-06,102,11.0,7279,341,0
2004-12-07,110,9.5,7280,342,1
2004-12-08,115,10.3,7281,343,2
2004-12-09,112,9.0,7282,344,3
2004-12-10,98,10.0,7283,345,4
2004-12-11,124,12.7,7284,346,5
2004-12-12,105,12.8,7285,347,6
2004-12-13,127,9.9,7286,348,0
2004-12-14,118,5.9,7287,349,1
2004-12-15,112,3.6,7288,350,2
2004-12-16,135,1.8,7289,351,3
2004-12-17,114,3.5,7290,352,4
2004-12-18,122,5.9,7291,353,5
2004-12-19,114,8.1,7292,354,6
2004-12-20,134,8.5,7293,355,0
2004-12-21,115,6.0,7294,356,1
2004-12-22,132,4.6,7295,357,2
2004-12-23,138,4.1,7296,358,3
2004-12-24,103,5.2,7297,359,4
2004-12-25,128,3.3,7298,360,5
2004-12-26,139,1.4,7299,361,6
2004-12-27,135,1.2,7300,362,0
2004-12-28,143,-1.0,7301,363,1
2004-12-29,136,-3.5,7302,364,2
2004-12-30,120,-1.8,7303,365,3
2004-12-31,129,0.0,7304,366,4
2005-01-01,166,8.9,7305,1,5
2005-01-02,135,9.2,7306,2,6
2005-01-03,116,6.4,7307,3,0
2005-01-04,132,8.5,7308,4,1
2005-01-05,124,6.6,7309,5,2
2005-01-06,149,5.2,7310,6,3
2005-01-07,139,4.1,7311,7,4
2005-01-08,146,4.3,7312,8,5
2005-01-09,143,2.3,7313,9,6
2005-01-10,128,4.6,7314,10,0
2005-01-11,127,4.3,7315,11,1
2005-01-12,123,4.8,7316,12,2
2005-01-13,132,3.6,7317,13,3
2005-01-14,128,3.6,7318,14,4
2005-01-15,137,1.8,7319,15,5
2005-01-16,139,-0.2,7320,16,6
2005-01-17,135,-0.5,7321,17,0
2005-01-18,136,-1.1,7322,18,1
2005-01-19,127,-1.2,7323,19,2
2005-01-20,111,-1.1,7324,20,3
2005-01-21,123,1.9,7325,21,4
2005-01-22,129,6.3,7326,22,5
2005-01-23,142,8.4,7327,23,6
2005-01-24,135,8.1,7328,24,0
2005-01-25,105,5.4,7329,25,1
2005-01-26,111,4.9,7330,26,2
2005-01-27,141,3.2,7331,27,3
2005-01-28,117,1.6,7332,28,4
2005-01-29,119,1.3,7333,29,5
2005-01-30,121,2.9,7334,30,6
2005-01-31,125,3.8,7335,31,0
2005-02-01,126,1.0,7336,32,1
2005-02-02,115,5.4,7337,33,2
2005-02-03,135,6.9,7338,34,3
2005-02-04,111,7.4,7339,35,4
2005-02-05,122,8.6,7340,36,5
2005-02-06,107,9.8,7341,37,6
2005-02-07,141,8.9,7342,38,0
2005-02-08,125,5.2,7343,39,1
2005-02-09,121,2.6,7344,40,2
2005-02-10,147,5.8,7345,41,3
2005-02-11,116,11.7,7346,42,4
2005-02-12,122,9.4,7347,43,5
2005-02-13,119,5.3,7348,44,6
2005-02-14,100,4.3,7349,45,0
2005-02-15,111,3.8,7350,46,1
2005-02-16,119,4.1,7351,47,2
2005-02-17,112,3.6,7352,48,3
2005-02-18,131,2.9,7353,49,4
2005-02-19,108,2.8,7354,50,5
2005-02-20,121,4.2,7355,51,6
2005-02-21,132,8.4,7356,52,0
2005-02-22,124,7.8,7357,53,1
2005-02-23,136,4.5,7358,54,2
2005-02-24,115,2.2,7359,55,3
2005-02-25,129,1.0,7360,56,4
2005-02-26,128,3.1,7361,57,5
2005-02-27,111,3.3,7362,58,6
2005-02-28,132,2.1,7363,59,0
2005-03-01,141,1.1,7364,60,1
2005-03-02,140,-0.3,7365,61,2
2005-03-03,118,1.0,7366,62,3
2005-03-04,138,1.3,7367,63,4
2005-03-05,129,1.7,7368,64,5
2005-03-06,140,6.3,7369,65,6
2005-03-07,115,11.4,7370,66,0
2005-03-08,146,8.4,7371,67,1
2005-03-09,130,9.4,7372,68,2
2005-03-10,137,10.9,7373,69,3
2005-03-11,135,10.5,7374,70,4
2005-03-12,101,5.9,7375,71,5
2005-03-13,125,6.1,7376,72,6
2005-03-14,119,6.8,7377,73,0
2005-03-15,134,7.3,7378,74,1
2005-03-16,117,7.1,7379,75,2
2005-03-17,116,3.8,7380,76,3
2005-03-18,148,2.7,7381,77,4
2005-03-19,120,3.0,7382,78,5
2005-03-20,125,2.6,7383,79,6
2005-03-21,124,4.1,7384,80,0
2005-03-22,130,8.5,7385,81,1
2005-03-23,113,9.3,7386,82,2
2005-03-24,116,7.9,7387,83,3
2005-03-25,92,5.1,7388,84,4
2005-03-26,114,4.2,7389,85,5
2005-03-27,113,6.1,7390,86,6
2005-03-28,132,7.5,7391,87,0
2005-03-29,134,7.1,7392,88,1
2005-03-30,109,7.9,7393,89,2
2005-03-31,129,10.6,7394,90,3
2005-04-01,118,11.6,7395,91,4
2005-04-02,118,12.8,7396,92,5
2005-04-03,105,9.4,7397,93,6
2005-04-04,119,8.1,7398,94,0
2005-04-05,111,7.5,7399,95,1
2005-04-06,129,10.6,7400,96,2
2005-04-07,103,7.3,7401,97,3
2005-04-08,113,7.3,7402,98,4
2005-04-09,120,11.5,7403,99,5
2005-04-10,132,9.7,7404,100,6
2005-04-11,124,8.3,7405,101,0
2005-04-12,117,8.9,7406,102,1
2005-04-13,112,6.5,7407,103,2
2005-04-14,125,6.3,7408,104,3
2005-04-15,101,9.2,7409,105,4
2005-04-16,104,6.6,7410,106,5
2005-04-17,113,6.1,7411,107,6
2005-04-18,131,5.0,7412,108,0
2005-04-19,120,3.8,7413,109,1
2005-04-20,111,4.9,7414,110,2
2005-04-21,117,6.0,7415,111,3
2005-04-22,120,6.9,7416,112,4
2005-04-23,116,8.7,7417,113,5
2005-04-24,120,8.1,7418,114,6
2005-04-25,109,8.8,7419,115,0
2005-04-26,120,9.4,7420,116,1
2005-04-27,103,10.0,7421,117,2
2005-04-28,137,9.6,7422,118,3
2005-04-29,88,8.1,7423,119,4
2005-04-30,117,9.1,7424,120,5
2005-05-01,96,8.1,7425,121,6
2005-05-02,125,9.0,7426,122,0
2005-05-03,104,10.4,7427,123,1
2005-05-04,114,8.9,7428,124,2
2005-05-05,104,7.8,7429,125,3
2005-05-06,119,7.9,7430,126,4
2005-05-07,92,9.6,7431,127,5
2005-05-08,116,10.6,7432,128,6
2005-05-09,105,10.9,7433,129,0
2005-05-10,108,16.2,7434,130,1
2005-05-11,117,18.4,7435,131,2
2005-05-12,98,17.3,7436,132,3
2005-05-13,107,17.4,7437,133,4
2005-05-14,103,12.6,7438,134,5
2005-05-15,119,13.8,7439,135,6
2005-05-16,125,12.3,7440,136,0
2005-05-17,115,8.5,7441,137,1
2005-05-18,109,11.2,7442,138,2
2005-05-19,99,12.2,7443,139,3
2005-05-20,119,14.1,7444,140,4
2005-05-21,121,12.6,7445,141,5
2005-05-22,109,13.4,7446,142,6
2005-05-23,110,15.2,7447,143,0
2005-05-24,85,15.8,7448,144,1
2005-05-25,119,14.2,7449,145,2
2005-05-26,106,17.1,7450,146,3
2005-05-27,111,16.3,7451,147,4
2005-05-28,99,18.3,7452,148,5
2005-05-29,107,16.9,7453,149,6
2005-05-30,101,17.0,7454,150,0
2005-05-31,106,14.1,7455,151,1
2005-06-01,105,13.9,7456,152,2
2005-06-02,100,13.3,7457,153,3
2005-06-03,108,11.2,7458,154,4
2005-06-04,103,13.6,7459,155,5
2005-06-05,126,15.0,7460,156,6
2005-06-06,104,14.4,7461,157,0
2005-06-07,82,12.5,7462,158,1
2005-06-08,115,10.9,7463,159,2
2005-06-09,125,10.8,7464,160,3
2005-06-10,90,11.0,7465,161,4
2005-06-11,91,12.2,7466,162,5
2005-06-12,119,14.5,7467,163,6
2005-06-13,97,16.0,7468,164,0
2005-06-14,100,15.0,7469,165,1
2005-06-15,103,15.8,7470,166,2
2005-06-16,88,14.5,7471,167,3
2005-06-17,97,12.8,7472,168,4
2005-06-18,88,13.2,7473,169,5
2005-06-19,103,16.2,7474,170,6
2005-06-20,91,17.4,7475,171,0
2005-06-21,97,16.1,7476,172,1
2005-06-22,86,15.7,7477,173,2
2005-06-23,101,16.7,7478,174,3
2005-06-24,97,19.2,7479,175,4
2005-06-25,106,21.8,7480,176,5
2005-06-26,103,23.6,7481,177,6
2005-06-27,132,19.4,7482,178,0
2005-06-28,92,17.6,7483,179,1
2005-06-29,93,18.0,7484,180,2
2005-06-30,117,18.6,7485,181,3
2005-07-01,95,19.2,7486,182,4
2005-07-02,105,22.3,7487,183,5
2005-07-03,117,22.3,7488,184,6
2005-07-04,122,23.3,7489,185,0
2005-07-05,104,22.6,7490,186,1
2005-07-06,116,20.5,7491,187,2
2005-07-07,88,18.2,7492,188,3
2005-07-08,86,17.5,7493,189,4
2005-07-09,94,16.2,7494,190,5
2005-07-10,104,16.1,7495,191,6
2005-07-11,99,15.8,7496,192,0
2005-07-12,117,15.4,7497,193,1
2005-07-13,111,14.8,7498,194,2
2005-07-14,91,14.0,7499,195,3
2005-07-15,93,14.2,7500,196,4
2005-07-16,111,15.6,7501,197,5
2005-07-17,114,14.8,7502,198,6
2005-07-18,95,15.9,7503,199,0
2005-07-19,112,14.2,7504,200,1
2005-07-20,98,15.0,7505,201,2
2005-07-21,94,17.2,7506,202,3
2005-07-22,103,17.1,7507,203,4
2005-07-23,97,18.7,7508,204,5
2005-07-24,96,17.5,7509,205,6
2005-07-25,110,19.0,7510,206,0
2005-07-26,108,20.1,7511,207,1
2005-07-27,135,22.4,7512,208,2
2005-07-28,125,23.1,7513,209,3
2005-07-29,123,24.4,7514,210,4
2005-07-30,97,22.7,7515,211,5
2005-07-31,81,21.0,7516,212,6
2005-08-01,93,19.9,7517,213,0
2005-08-02,94,16.5,7518,214,1
2005-08-03,105,17.2,7519,215,2
2005-08-04,90,15.7,7520,216,3
2005-08-05,94,16.9,7521,217,4
2005-08-06,94,18.0,7522,218,5
2005-08-07,91,16.7,7523,219,6
2005-08-08,71,16.0,7524,220,0
2005-08-09,80,13.4,7525,221,1
2005-08-10,91,14.5,7526,222,2
2005-08-11,89,15.5,7527,223,3
2005-08-12,103,17.3,7528,224,4
2005-08-13,112,19.7,7529,225,5
2005-08-14,98,20.8,7530,226,6
2005-08-15,117,22.2,7531,227,0
2005-08-16,98,18.1,7532,228,1
2005-08-17,104,17.0,7533,229,2
2005-08-18,87,18.5,7534,230,3
2005-08-19,105,17.7,7535,231,4
2005-08-20,102,18.2,7536,232,5
2005-08-21,90,19.0,7537,233,6
2005-08-22,98,21.0,7538,234,0
2005-08-23,72,20.3,7539,235,1
2005-08-24,100,22.4,7540,236,2
2005-08-25,109,22.3,7541,237,3
2005-08-26,121,19.2,7542,238,4
2005-08-27,104,17.1,7543,239,5
2005-08-28,106,16.3,7544,240,6
2005-08-29,86,16.2,7545,241,0
2005-08-30,90,16.7,7546,242,1
2005-08-31,89,14.3,7547,243,2
2005-09-01,111,15.2,7548,244,3
2005-09-02,112,17.8,7549,245,4
2005-09-03,99,15.7,7550,246,5
2005-09-04,79,13.9,7551,247,6
2005-09-05,111,13.8,7552,248,0
2005-09-06,89,15.9,7553,249,1
2005-09-07,94,15.7,7554,250,2
2005-09-08,97,15.3,7555,251,3
2005-09-09,101,11.8,7556,252,4
2005-09-10,99,11.9,7557,253,5
2005-09-11,108,14.5,7558,254,6
2005-09-12,102,15.0,7559,255,0
2005-09-13,93,13.0,7560,256,1
2005-09-14,116,13.5,7561,257,2
2005-09-15,99,13.7,7562,258,3
2005-09-16,105,12.4,7563,259,4
2005-09-17,93,10.9,7564,260,5
2005-09-18,110,12.8,7565,261,6
2005-09-19,106,12.7,7566,262,0
2005-09-20,126,13.3,7567,263,1
2005-09-21,109,12.2,7568,264,2
2005-09-22,110,11.7,7569,265,3
2005-09-23,97,11.7,7570,266,4
2005-09-24,108,12.6,7571,267,5
2005-09-25,103,11.2,7572,268,6
2005-09-26,99,12.3,7573,269,0
2005-09-27,123,15.8,7574,270,1
2005-09-28,117,16.9,7575,271,2
2005-09-29,110,15.9,7576,272,3
2005-09-30,92,14.9,7577,273,4
2005-10-01,120,16.0,7578,274,5
2005-10-02,93,14.8,7579,275,6
2005-10-03,97,14.2,7580,276,0
2005-10-04,94,14.0,7581,277,1
2005-10-05,105,15.8,7582,278,2
2005-10-06,105,15.0,7583,279,3
2005-10-07,105,13.1,7584,280,4
2005-10-08,90,12.6,7585,281,5
2005-10-09,97,12.8,7586,282,6
2005-10-10,104,12.4,7587,283,0
2005-10-11,115,15.5,7588,284,1
2005-10-12,132,15.6,7589,285,2
2005-10-13,122,17.6,7590,286,3
2005-10-14,92,15.8,7591,287,4
2005-10-15,98,14.9,7592,288,5
2005-10-16,101,12.0,7593,289,6
2005-10-17,94,14.4,7594,290,0
2005-10-18,110,14.8,7595,291,1
2005-10-19,82,13.4,7596,292,2
2005-10-20,123,15.4,7597,293,3
2005-10-21,97,11.7,7598,294,4
2005-10-22,96,11.7,7599,295,5
2005-10-23,111,14.5,7600,296,6
2005-10-24,96,12.9,7601,297,0
2005-10-25,95,13.3,7602,298,1
2005-10-26,94,14.2,7603,299,2
2005-10-27,106,12.4,7604,300,3
2005-10-28,93,11.3,7605,301,4
2005-10-29,100,11.6,7606,302,5
2005-10-30,119,14.6,7607,303,6
2005-10-31,95,10.5,7608,304,0
2005-11-01,117,7.7,7609,305,1
2005-11-02,98,7.9,7610,306,2
2005-11-03,99,7.2,7611,307,3
2005-11-04,120,8.8,7612,308,4
2005-11-05,111,7.1,7613,309,5
2005-11-06,104,11.2,7614,310,6
2005-11-07,126,11.3,7615,311,0
2005-11-08,100,5.6,7616,312,1
2005-11-09,99,3.1,7617,313,2
2005-11-10,89,4.2,7618,314,3
2005-11-11,113,9.6,7619,315,4
2005-11-12,111,9.3,7620,316,5
2005-11-13,100,5.4,7621,317,6
2005-11-14,124,3.2,7622,318,0
2005-11-15,107,3.5,7623,319,1
2005-11-16,104,8.7,7624,320,2
2005-11-17,128,8.8,7625,321,3
2005-11-18,100,7.7,7626,322,4
2005-11-19,96,7.0,7627,323,5
2005-11-20,102,6.9,7628,324,6
2005-11-21,108,9.8,7629,325,0
2005-11-22,113,9.1,7630,326,1
2005-11-23,121,3.1,7631,327,2
2005-11-24,106,9.9,7632,328,3
2005-11-25,132,10.0,7633,329,4
2005-11-26,119,3.8,7634,330,5
2005-11-27,98,5.0,7635,331,6
2005-11-28,113,6.4,7636,332,0
2005-11-29,114,12.0,7637,333,1
2005-11-30,107,13.5,7638,334,2
2005-12-01,122,10.1,7639,335,3
2005-12-02,94,4.3,7640,336,4
2005-12-03,102,6.7,7641,337,5
2005-12-04,112,8.9,7642,338,6
2005-12-05,121,9.0,7643,339,0
2005-12-06,127,6.0,7644,340,1
2005-12-07,113,7.0,7645,341,2
2005-12-08,123,3.3,7646,342,3
2005-12-09,122,3.4,7647,343,4
2005-12-10,118,3.6,7648,344,5
2005-12-11,97,2.3,7649,345,6
2005-12-12,127,5.0,7650,346,0
2005-12-13,112,6.0,7651,347,1
2005-12-14,111,1.4,7652,348,2
2005-12-15,131,1.8,7653,349,3
2005-12-16,125,3.8,7654,350,4
2005-12-17,121,2.8,7655,351,5
2005-12-18,117,3.7,7656,352,6
2005-12-19,119,2.7,7657,353,0
2005-12-20,131,1.7,7658,354,1
2005-12-21,138,4.1,7659,355,2
2005-12-22,128,0.1,7660,356,3
2005-12-23,117,-0.4,7661,357,4
2005-12-24,147,6.1,7662,358,5
2005-12-25,142,4.5,7663,359,6
2005-12-26,138,0.3,7664,360,0
2005-12-27,129,5.5,7665,361,1
2005-12-28,142,6.1,7666,362,2
2005-12-29,150,0.9,7667,363,3
2005-12-30,157,0.5,7668,364,4
2005-12-31,140,-0.9,7669,365,5
2006-01-01,149,-2.1,7670,1,6
2006-01-02,153,-0.8,7671,2,0
2006-01-03,155,0.1,7672,3,1
2006-01-04,143,-0.4,7673,4,2
2006-01-05,158,6.6,7674,5,3
2006-01-06,136,6.7,7675,6,4
2006-01-07,140,4.6,7676,7,5
2006-01-08,129,3.2,7677,8,6
2006-01-09,140,3.0,7678,9,0
2006-01-10,140,5.4,7679,10,1
2006-01-11,126,2.2,7680,11,2
2006-01-12,161,5.5,7681,12,3
2006-01-13,130,8.7,7682,13,4
2006-01-14,148,9.2,7683,14,5
2006-01-15,131,6.7,7684,15,6
2006-01-16,137,4.5,7685,16,0
2006-01-17,138,7.9,7686,17,1
2006-01-18,136,4.6,7687,18,2
2006-01-19,126,7.2,7688,19,3
2006-01-20,148,10.0,7689,20,4
2006-01-21,167,10.8,7690,21,5
2006-01-22,132,8.4,7691,22,6
2006-01-23,133,9.2,7692,23,0
2006-01-24,118,8.3,7693,24,1
2006-01-25,140,6.2,7694,25,2
2006-01-26,133,10.3,7695,26,3
2006-01-27,140,10.3,7696,27,4
2006-01-28,121,10.9,7697,28,5
2006-01-29,120,10.5,7698,29,6
2006-01-30,133,10.6,7699,30,0
2006-01-31,113,8.3,7700,31,1
2006-02-01,124,10.9,7701,32,2
2006-02-02,145,12.0,7702,33,3
2006-02-03,136,8.9,7703,34,4
2006-02-04,119,7.9,7704,35,5
2006-02-05,127,9.6,7705,36,6
2006-02-06,127,6.2,7706,37,0
2006-02-07,112,5.8,7707,38,1
2006-02-08,112,11.1,7708,39,2
2006-02-09,137,10.0,7709,40,3
2006-02-10,139,8.9,7710,41,4
2006-02-11,118,12.2,7711,42,5
2006-02-12,114,11.0,7712,43,6
2006-02-13,106,7.5,7713,44,0
2006-02-14,119,4.5,7714,45,1
2006-02-15,105,3.1,7715,46,2
2006-02-16,120,4.1,7716,47,3
2006-02-17,103,3.0,7717,48,4
2006-02-18,146,5.7,7718,49,5
2006-02-19,102,8.8,7719,50,6
2006-02-20,117,8.1,7720,51,0
2006-02-21,120,4.1,7721,52,1
2006-02-22,110,9.6,7722,53,2
2006-02-23,125,4.7,7723,54,3
2006-02-24,122,4.9,7724,55,4
2006-02-25,120,10.3,7725,56,5
2006-02-26,113,9.1,7726,57,6
2006-02-27,111,4.8,7727,58,0
2006-02-28,118,5.5,7728,59,1
2006-03-01,118,3.0,7729,60,2
2006-03-02,148,3.6,7730,61,3
2006-03-03,106,6.5,7731,62,4
2006-03-04,123,7.1,7732,63,5
2006-03-05,115,7.0,7733,64,6
2006-03-06,130,9.0,7734,65,0
2006-03-07,116,11.0,7735,66,1
2006-03-08,123,9.6,7736,67,2
2006-03-09,108,7.0,7737,68,3
2006-03-10,134,7.2,7738,69,4
2006-03-11,99,9.2,7739,70,5
2006-03-12,123,8.7,7740,71,6
2006-03-13,112,5.7,7741,72,0
2006-03-14,128,4.8,7742,73,1
2006-03-15,124,6.3,7743,74,2
2006-03-16,148,9.7,7744,75,3
2006-03-17,115,9.9,7745,76,4
2006-03-18,138,8.8,7746,77,5
2006-03-19,134,9.4,7747,78,6
2006-03-20,118,11.3,7748,79,0
2006-03-21,104,11.9,7749,80,1
2006-03-22,100,11.2,7750,81,2
2006-03-23,98,8.4,7751,82,3
2006-03-24,109,7.3,7752,83,4
2006-03-25,107,8.7,7753,84,5
2006-03-26,110,8.3,7754,85,6
2006-03-27,110,6.4,7755,86,0
2006-03-28,111,7.4,7756,87,1
2006-03-29,100,9.2,7757,88,2
2006-03-30,85,10.3,7758,89,3
2006-03-31,113,9.5,7759,90,4
2006-04-01,97,11.0,7760,91,5
2006-04-02,126,12.3,7761,92,6
2006-04-03,105,14.6,7762,93,0
2006-04-04,103,11.6,7763,94,1
2006-04-05,130,10.1,7764,95,2
2006-04-06,117,8.1,7765,96,3
2006-04-07,117,7.4,7766,97,4
2006-04-08,92,8.3,7767,98,5
2006-04-09,123,6.5,7768,99,6
2006-04-10,111,7.9,7769,100,0
2006-04-11,94,7.9,7770,101,1
2006-04-12,106,7.3,7771,102,2
2006-04-13,101,6.6,7772,103,3
2006-04-14,106,6.5,7773,104,4
2006-04-15,125,8.2,7774,105,5
2006-04-16,120,8.5,7775,106,6
2006-04-17,113,9.4,7776,107,0
2006-04-18,128,8.4,7777,108,1
2006-04-19,103,9.0,7778,109,2
2006-04-20,113,10.3,7779,110,3
2006-04-21,98,12.8,7780,111,4
2006-04-22,107,13.8,7781,112,5
2006-04-23,119,14.7,7782,113,6
2006-04-24,108,14.1,7783,114,0
2006-04-25,106,12.6,7784,115,1
2006-04-26,117,9.9,7785,116,2
2006-04-27,105,9.1,7786,117,3
2006-04-28,110,10.0,7787,118,4
2006-04-29,104,9.3,7788,119,5
2006-04-30,114,9.4,7789,120,6
2006-05-01,109,9.8,7790,121,0
2006-05-02,100,9.2,7791,122,1
2006-05-03,122,9.2,7792,123,2
2006-05-04,109,8.8,7793,124,3
2006-05-05,94,7.7,7794,125,4
2006-05-06,97,10.4,7795,126,5
2006-05-07,115,11.5,7796,127,6
2006-05-08,103,10.4,7797,128,0
2006-05-09,104,10.4,7798,129,1
2006-05-10,109,12.8,7799,130,2
2006-05-11,132,13.2,7800,131,3
2006-05-12,108,12.1,7801,132,4
2006-05-13,110,11.6,7802,133,5
2006-05-14,104,12.8,7803,134,6
2006-05-15,110,13.9,7804,135,0
2006-05-16,111,16.9,7805,136,1
2006-05-17,122,17.4,7806,137,2
2006-05-18,102,14.1,7807,138,3
2006-05-19,96,14.7,7808,139,4
2006-05-20,98,15.2,7809,140,5
2006-05-21,111,14.5,7810,141,6
2006-05-22,107,14.0,7811,142,0
2006-05-23,95,13.5,7812,143,1
2006-05-24,91,12.6,7813,144,2
2006-05-25,97,11.9,7814,145,3
2006-05-26,88,10.0,7815,146,4
2006-05-27,104,11.3,7816,147,5
2006-05-28,98,11.6,7817,148,6
2006-05-29,103,12.3,7818,149,0
2006-05-30,110,12.4,7819,150,1
2006-05-31,99,14.1,7820,151,2
2006-06-01,113,15.5,7821,152,3
2006-06-02,118,18.7,7822,153,4
2006-06-03,103,15.1,7823,154,5
2006-06-04,99,12.1,7824,155,6
2006-06-05,120,12.0,7825,156,0
2006-06-06,96,14.9,7826,157,1
2006-06-07,114,13.5,7827,158,2
2006-06-08,119,14.1,7828,159,3
2006-06-09,88,12.8,7829,160,4
2006-06-10,100,12.7,7830,161,5
2006-06-11,121,12.9,7831,162,6
2006-06-12,99,13.8,7832,163,0
2006-06-13,116,14.4,7833,164,1
2006-06-14,108,18.1,7834,165,2
2006-06-15,124,16.1,7835,166,3
2006-06-16,103,16.7,7836,167,4
2006-06-17,113,20.2,7837,168,5
2006-06-18,133,17.2,7838,169,6
2006-06-19,94,15.0,7839,170,0
2006-06-20,119,17.0,7840,171,1
2006-06-21,118,15.5,7841,172,2
2006-06-22,108,15.9,7842,173,3
2006-06-23,110,15.4,7843,174,4
2006-06-24,108,15.7,7844,175,5
2006-06-25,85,15.4,7845,176,6
2006-06-26,103,17.0,7846,177,0
2006-06-27,110,14.6,7847,178,1
2006-06-28,118,13.6,7848,179,2
2006-06-29,114,14.0,7849,180,3
2006-06-30,103,14.5,7850,181,4
2006-07-01,132,13.9,7851,182,5
2006-07-02,95,13.0,7852,183,6
2006-07-03,110,13.4,7853,184,0
2006-07-04,108,14.5,7854,185,1
2006-07-05,99,14.7,7855,186,2
2006-07-06,93,15.5,7856,187,3
2006-07-07,121,15.5,7857,188,4
2006-07-08,110,16.0,7858,189,5
2006-07-09,114,16.3,7859,190,6
2006-07-10,99,13.9,7860,191,0
2006-07-11,106,14.3,7861,192,1
2006-07-12,106,13.8,7862,193,2
2006-07-13,117,16.3,7863,194,3
2006-07-14,97,18.0,7864,195,4
2006-07-15,105,19.5,7865,196,5
2006-07-16,100,19.7,7866,197,6
2006-07-17,101,17.1,7867,198,0
2006-07-18,98,17.4,7868,199,1
2006-07-19,89,17.5,7869,200,2
2006-07-20,114,17.1,7870,201,3
2006-07-21,92,14.9,7871,202,4
2006-07-22,108,15.9,7872,203,5
2006-07-23,94,17.0,7873,204,6
2006-07-24,111,17.0,7874,205,0
2006-07-25,109,16.7,7875,206,1
2006-07-26,136,20.2,7876,207,2
2006-07-27,93,19.9,7877,208,3
2006-07-28,117,22.5,7878,209,4
2006-07-29,117,23.3,7879,210,5
2006-07-30,111,21.2,7880,211,6
2006-07-31,114,18.1,7881,212,0
2006-08-01,96,16.1,7882,213,1
2006-08-02,99,17.0,7883,214,2
2006-08-03,112,16.6,7884,215,3
2006-08-04,97,15.8,7885,216,4
2006-08-05,93,16.2,7886,217,5
2006-08-06,96,18.5,7887,218,6
2006-08-07,102,19.3,7888,219,0
2006-08-08,109,16.4,7889,220,1
2006-08-09,111,15.9,7890,221,2
2006-08-10,100,16.4,7891,222,3
2006-08-11,95,16.1,7892,223,4
2006-08-12,101,17.2,7893,224,5
2006-08-13,102,18.5,7894,225,6
2006-08-14,105,19.7,7895,226,0
2006-08-15,103,21.6,7896,227,1
2006-08-16,97,20.5,7897,228,2
2006-08-17,95,21.6,7898,229,3
2006-08-18,112,20.5,7899,230,4
2006-08-19,89,20.3,7900,231,5
2006-08-20,107,18.1,7901,232,6
2006-08-21,99,17.6,7902,233,0
2006-08-22,90,17.3,7903,234,1
2006-08-23,91,17.4,7904,235,2
2006-08-24,97,18.0,7905,236,3
2006-08-25,84,17.3,7906,237,4
2006-08-26,103,14.7,7907,238,5
2006-08-27,94,16.9,7908,239,6
2006-08-28,80,17.5,7909,240,0
2006-08-29,131,17.5,7910,241,1
2006-08-30,96,18.8,7911,242,2
2006-08-31,76,16.1,7912,243,3
2006-09-01,98,14.3,7913,244,4
2006-09-02,68,15.5,7914,245,5
2006-09-03,93,17.7,7915,246,6
2006-09-04,99,15.9,7916,247,0
2006-09-05,85,16.6,7917,248,1
2006-09-06,109,17.6,7918,249,2
2006-09-07,122,15.7,7919,250,3
2006-09-08,108,14.1,7920,251,4
2006-09-09,85,13.3,7921,252,5
2006-09-10,98,14.5,7922,253,6
2006-09-11,114,15.4,7923,254,0
2006-09-12,111,17.9,7924,255,1
2006-09-13,99,17.9,7925,256,2
2006-09-14,100,15.7,7926,257,3
2006-09-15,113,15.2,7927,258,4
2006-09-16,96,13.8,7928,259,5
2006-09-17,98,14.5,7929,260,6
2006-09-18,95,14.6,7930,261,0
2006-09-19,110,15.0,7931,262,1
2006-09-20,95,15.4,7932,263,2
2006-09-21,108,14.5,7933,264,3
2006-09-22,101,13.2,7934,265,4
2006-09-23,97,13.1,7935,266,5
2006-09-24,114,12.2,7936,267,6
2006-09-25,107,12.7,7937,268,0
2006-09-26,104,13.1,7938,269,1
2006-09-27,117,12.3,7939,270,2
2006-09-28,116,13.2,7940,271,3
2006-09-29,97,14.0,7941,272,4
2006-09-30,109,14.1,7942,273,5
2006-10-01,95,15.1,7943,274,6
2006-10-02,112,15.8,7944,275,0
2006-10-03,120,15.3,7945,276,1
2006-10-04,105,11.8,7946,277,2
2006-10-05,127,13.0,7947,278,3
2006-10-06,124,14.3,7948,279,4
2006-10-07,132,12.6,7949,280,5
2006-10-08,99,12.2,7950,281,6
2006-10-09,117,11.1,7951,282,0
2006-10-10,110,12.5,7952,283,1
2006-10-11,96,11.3,7953,284,2
2006-10-12,128,10.5,7954,285,3
2006-10-13,108,8.0,7955,286,4
2006-10-14,123,10.3,7956,287,5
2006-10-15,90,10.7,7957,288,6
2006-10-16,106,9.2,7958,289,0
2006-10-17,118,6.6,7959,290,1
2006-10-18,106,5.3,7960,291,2
2006-10-19,134,5.1,7961,292,3
2006-10-20,113,6.7,7962,293,4
2006-10-21,131,12.5,7963,294,5
2006-10-22,130,14.1,7964,295,6
2006-10-23,100,8.7,7965,296,0
2006-10-24,132,7.5,7966,297,1
2006-10-25,136,12.2,7967,298,2
2006-10-26,127,11.2,7968,299,3
2006-10-27,105,12.0,7969,300,4
2006-10-28,100,8.9,7970,301,5
2006-10-29,109,11.3,7971,302,6
2006-10-30,111,10.2,7972,303,0
2006-10-31,120,11.5,7973,304,1
2006-11-01,119,13.2,7974,305,2
2006-11-02,110,12.9,7975,306,3
2006-11-03,105,11.1,7976,307,4
2006-11-04,126,9.0,7977,308,5
2006-11-05,115,11.5,7978,309,6
2006-11-06,103,11.5,7979,310,0
2006-11-07,96,6.9,7980,311,1
2006-11-08,105,9.4,7981,312,2
2006-11-09,111,9.0,7982,313,3
2006-11-10,121,10.8,7983,314,4
2006-11-11,93,9.9,7984,315,5
2006-11-12,140,10.3,7985,316,6
2006-11-13,110,9.7,7986,317,0
2006-11-14,140,10.0,7987,318,1
2006-11-15,132,9.9,7988,319,2
2006-11-16,126,7.9,7989,320,3
2006-11-17,101,7.5,7990,321,4
2006-11-18,130,4.7,7991,322,5
2006-11-19,110,7.1,7992,323,6
2006-11-20,117,8.7,7993,324,0
2006-11-21,124,9.7,7994,325,1
2006-11-22,101,8.8,7995,326,2
2006-11-23,123,8.7,7996,327,3
2006-11-24,118,7.6,7997,328,4
2006-11-25,114,6.3,7998,329,5
2006-11-26,112,7.6,7999,330,6
2006-11-27,95,9.2,8000,331,0
2006-11-28,115,10.1,8001,332,1
2006-11-29,116,8.0,8002,333,2
2006-11-30,129,8.5,8003,334,3
2006-12-01,128,10.2,8004,335,4
2006-12-02,117,8.7,8005,336,5
2006-12-03,121,7.7,8006,337,6
2006-12-04,131,7.0,8007,338,0
2006-12-05,110,5.7,8008,339,1
2006-12-06,125,6.4,8009,340,2
2006-12-07,107,4.6,8010,341,3
2006-12-08,119,3.1,8011,342,4
2006-12-09,107,2.9,8012,343,5
2006-12-10,113,1.4,8013,344,6
2006-12-11,107,2.4,8014,345,0
2006-12-12,128,3.3,8015,346,1
2006-12-13,139,5.5,8016,347,2
2006-12-14,116,6.4,8017,348,3
2006-12-15,100,6.4,8018,349,4
2006-12-16,123,5.5,8019,350,5
2006-12-17,130,4.0,8020,351,6
2006-12-18,130,3.1,8021,352,0
2006-12-19,135,2.9,8022,353,1
2006-12-20,127,4.0,8023,354,2
2006-12-21,126,7.0,8024,355,3
2006-12-22,136,10.9,8025,356,4
2006-12-23,140,10.4,8026,357,5
2006-12-24,166,11.6,8027,358,6
2006-12-25,140,9.9,8028,359,0
2006-12-26,130,10.5,8029,360,1
2006-12-27,136,11.0,8030,361,2
2006-12-28,144,7.9,8031,362,3
2006-12-29,123,9.8,8032,363,4
2006-12-30,132,9.6,8033,364,5
2006-12-31,133,4.2,8034,365,6
2007-01-01,161,9.2,8035,1,0
2007-01-02,145,8.9,8036,2,1
2007-01-03,122,5.3,8037,3,2
2007-01-04,133,1.5,8038,4,3
2007-01-05,120,0.1,8039,5,4
2007-01-06,153,0.8,8040,6,5
2007-01-07,153,-0.9,8041,7,6
2007-01-08,158,-1.3,8042,8,0
2007-01-09,149,0.2,8043,9,1
2007-01-10,144,2.5,8044,10,2
2007-01-11,127,-0.6,8045,11,3
2007-01-12,129,-0.6,8046,12,4
2007-01-13,142,7.7,8047,13,5
2007-01-14,132,8.8,8048,14,6
2007-01-15,119,8.0,8049,15,0
2007-01-16,143,6.3,8050,16,1
2007-01-17,126,6.2,8051,17,2
2007-01-18,131,5.1,8052,18,3
2007-01-19,114,7.1,8053,19,4
2007-01-20,109,8.2,8054,20,5
2007-01-21,125,7.6,8055,21,6
2007-01-22,119,6.7,8056,22,0
2007-01-23,110,5.2,8057,23,1
2007-01-24,121,4.6,8058,24,2
2007-01-25,123,8.5,8059,25,3
2007-01-26,112,9.3,8060,26,4
2007-01-27,119,10.2,8061,27,5
2007-01-28,129,5.9,8062,28,6
2007-01-29,127,4.4,8063,29,0
2007-01-30,114,0.9,8064,30,1
2007-01-31,130,-0.5,8065,31,2
2007-02-01,131,2.9,8066,32,3
2007-02-02,111,4.9,8067,33,4
2007-02-03,108,3.9,8068,34,5
2007-02-04,134,1.9,8069,35,6
2007-02-05,135,0.8,8070,36,0
2007-02-06,119,2.2,8071,37,1
2007-02-07,170,8.1,8072,38,2
2007-02-08,126,8.9,8073,39,3
2007-02-09,123,7.1,8074,40,4
2007-02-10,106,5.3,8075,41,5
2007-02-11,123,5.6,8076,42,6
2007-02-12,145,5.5,8077,43,0
2007-02-13,121,1.1,8078,44,1
2007-02-14,130,0.6,8079,45,2
2007-02-15,114,1.1,8080,46,3
2007-02-16,130,1.2,8081,47,4
2007-02-17,115,0.7,8082,48,5
2007-02-18,123,0.3,8083,49,6
2007-02-19,135,1.1,8084,50,0
2007-02-20,141,4.2,8085,51,1
2007-02-21,110,5.3,8086,52,2
2007-02-22,122,3.9,8087,53,3
2007-02-23,126,7.8,8088,54,4
2007-02-24,135,7.9,8089,55,5
2007-02-25,144,7.3,8090,56,6
2007-02-26,105,8.7,8091,57,0
2007-02-27,112,9.1,8092,58,1
2007-02-28,124,8.6,8093,59,2
2007-03-01,128,7.9,8094,60,3
2007-03-02,115,7.0,8095,61,4
2007-03-03,134,5.4,8096,62,5
2007-03-04,152,9.5,8097,63,6
2007-03-05,122,10.3,8098,64,0
2007-03-06,143,7.0,8099,65,1
2007-03-07,131,6.6,8100,66,2
2007-03-08,130,8.2,8101,67,3
2007-03-09,122,10.2,8102,68,4
2007-03-10,116,9.8,8103,69,5
2007-03-11,119,9.6,8104,70,6
2007-03-12,122,6.5,8105,71,0
2007-03-13,123,5.2,8106,72,1
2007-03-14,106,5.4,8107,73,2
2007-03-15,121,5.5,8108,74,3
2007-03-16,109,6.5,8109,75,4
2007-03-17,123,6.9,8110,76,5
2007-03-18,143,6.4,8111,77,6
2007-03-19,105,7.1,8112,78,0
2007-03-20,109,7.5,8113,79,1
2007-03-21,116,5.9,8114,80,2
2007-03-22,114,6.1,8115,81,3
2007-03-23,118,9.8,8116,82,4
2007-03-24,124,10.8,8117,83,5
2007-03-25,115,10.7,8118,84,6
2007-03-26,131,10.4,8119,85,0
2007-03-27,114,9.8,8120,86,1
2007-03-28,104,8.7,8121,87,2
2007-03-29,111,11.4,8122,88,3
2007-03-30,107,11.2,8123,89,4
2007-03-31,113,8.3,8124,90,5
2007-04-01,112,7.1,8125,91,6
2007-04-02,115,6.8,8126,92,0
2007-04-03,133,7.6,8127,93,1
2007-04-04,130,11.5,8128,94,2
2007-04-05,102,10.7,8129,95,3
2007-04-06,126,8.0,8130,96,4
2007-04-07,131,4.3,8131,97,5
2007-04-08,124,3.6,8132,98,6
2007-04-09,135,3.0,8133,99,0
2007-04-10,111,3.6,8134,100,1
2007-04-11,136,4.5,8135,101,2
2007-04-12,113,7.3,8136,102,3
2007-04-13,120,11.8,8137,103,4
2007-04-14,136,14.5,8138,104,5
2007-04-15,124,16.2,8139,105,6
2007-04-16,123,17.0,8140,106,0
2007-04-17,114,15.2,8141,107,1
2007-04-18,104,13.9,8142,108,2
2007-04-19,112,7.0,8143,109,3
2007-04-20,124,9.3,8144,110,4
2007-04-21,105,11.4,8145,111,5
2007-04-22,111,10.9,8146,112,6
2007-04-23,111,11.7,8147,113,0
2007-04-24,123,11.1,8148,114,1
2007-04-25,119,13.1,8149,115,2
2007-04-26,116,10.8,8150,116,3
2007-04-27,135,12.4,8151,117,4
2007-04-28,106,12.0,8152,118,5
2007-04-29,109,12.2,8153,119,6
2007-04-30,120,11.7,8154,120,0
2007-05-01,113,11.5,8155,121,1
2007-05-02,114,10.6,8156,122,2
2007-05-03,113,11.3,8157,123,3
2007-05-04,102,15.1,8158,124,4
2007-05-05,111,13.4,8159,125,5
2007-05-06,93,11.4,8160,126,6
2007-05-07,106,12.1,8161,127,0
2007-05-08,111,11.7,8162,128,1
2007-05-09,118,12.1,8163,129,2
2007-05-10,109,10.1,8164,130,3
2007-05-11,108,10.2,8165,131,4
2007-05-12,106,9.3,8166,132,5
2007-05-13,107,7.9,8167,133,6
2007-05-14,98,9.3,8168,134,0
2007-05-15,113,10.0,8169,135,1
2007-05-16,120,9.9,8170,136,2
2007-05-17,88,12.3,8171,137,3
2007-05-18,108,12.7,8172,138,4
2007-05-19,97,12.0,8173,139,5
2007-05-20,97,10.7,8174,140,6
2007-05-21,115,12.6,8175,141,0
2007-05-22,106,14.4,8176,142,1
2007-05-23,117,13.4,8177,143,2
2007-05-24,108,12.5,8178,144,3
2007-05-25,104,12.7,8179,145,4
2007-05-26,108,13.3,8180,146,5
2007-05-27,124,13.8,8181,147,6
2007-05-28,107,17.9,8182,148,0
2007-05-29,103,18.1,8183,149,1
2007-05-30,118,19.5,8184,150,2
2007-05-31,121,21.6,8185,151,3
2007-06-01,116,17.3,8186,152,4
2007-06-02,117,17.1,8187,153,5
2007-06-03,96,15.9,8188,154,6
2007-06-04,101,16.0,8189,155,0
2007-06-05,112,15.0,8190,156,1
2007-06-06,103,14.5,8191,157,2
2007-06-07,106,17.4,8192,158,3
2007-06-08,104,14.9,8193,159,4
2007-06-09,90,15.0,8194,160,5
2007-06-10,136,17.2,8195,161,6
2007-06-11,103,16.5,8196,162,0
2007-06-12,111,16.5,8197,163,1
2007-06-13,106,16.7,8198,164,2
2007-06-14,99,18.9,8199,165,3
2007-06-15,84,18.9,8200,166,4
2007-06-16,110,20.6,8201,167,5
2007-06-17,119,19.0,8202,168,6
2007-06-18,109,16.8,8203,169,0
2007-06-19,92,18.8,8204,170,1
2007-06-20,96,16.7,8205,171,2
2007-06-21,88,17.3,8206,172,3
2007-06-22,107,19.2,8207,173,4
2007-06-23,125,18.5,8208,174,5
2007-06-24,88,16.9,8209,175,6
2007-06-25,83,17.0,8210,176,0
2007-06-26,100,18.3,8211,177,1
2007-06-27,109,17.7,8212,178,2
2007-06-28,91,16.0,8213,179,3
2007-06-29,94,18.4,8214,180,4
2007-06-30,98,16.9,8215,181,5
2007-07-01,87,15.8,8216,182,6
2007-07-02,110,15.6,8217,183,0
2007-07-03,98,15.4,8218,184,1
2007-07-04,105,16.5,8219,185,2
2007-07-05,117,15.9,8220,186,3
2007-07-06,117,17.6,8221,187,4
2007-07-07,120,17.0,8222,188,5
2007-07-08,105,18.4,8223,189,6
2007-07-09,107,21.4,8224,190,0
2007-07-10,115,21.8,8225,191,1
2007-07-11,105,19.2,8226,192,2
2007-07-12,91,19.2,8227,193,3
2007-07-13,116,20.6,8228,194,4
2007-07-14,102,22.0,8229,195,5
2007-07-15,124,24.3,8230,196,6
2007-07-16,130,20.5,8231,197,0
2007-07-17,98,17.9,8232,198,1
2007-07-18,102,19.0,8233,199,2
2007-07-19,129,20.9,8234,200,3
2007-07-20,102,18.9,8235,201,4
2007-07-21,113,18.5,8236,202,5
2007-07-22,100,18.5,8237,203,6
2007-07-23,100,18.0,8238,204,0
2007-07-24,99,17.9,8239,205,1
2007-07-25,89,16.9,8240,206,2
2007-07-26,102,15.8,8241,207,3
2007-07-27,129,17.4,8242,208,4
2007-07-28,101,16.8,8243,209,5
2007-07-29,93,17.4,8244,210,6
2007-07-30,80,18.9,8245,211,0
2007-07-31,110,17.6,8246,212,1
2007-08-01,110,16.9,8247,213,2
2007-08-02,116,18.4,8248,214,3
2007-08-03,103,20.5,8249,215,4
2007-08-04,133,23.1,8250,216,5
2007-08-05,102,23.8,8251,217,6
2007-08-06,131,27.0,8252,218,0
2007-08-07,122,23.1,8253,219,1
2007-08-08,90,23.5,8254,220,2
2007-08-09,125,25.7,8255,221,3
2007-08-10,125,27.3,8256,222,4
2007-08-11,113,25.6,8257,223,5
2007-08-12,104,23.3,8258,224,6
2007-08-13,88,22.1,8259,225,0
2007-08-14,90,19.5,8260,226,1
2007-08-15,115,18.3,8261,227,2
2007-08-16,99,17.6,8262,228,3
2007-08-17,98,19.7,8263,229,4
2007-08-18,105,19.2,8264,230,5
2007-08-19,85,16.7,8265,231,6
2007-08-20,93,16.3,8266,232,0
2007-08-21,103,17.6,8267,233,1
2007-08-22,98,20.6,8268,234,2
2007-08-23,113,21.6,8269,235,3
2007-08-24,89,20.6,8270,236,4
2007-08-25,95,17.6,8271,237,5
2007-08-26,95,18.3,8272,238,6
2007-08-27,106,18.1,8273,239,0
2007-08-28,111,15.2,8274,240,1
2007-08-29,99,14.3,8275,241,2
2007-08-30,124,13.4,8276,242,3
2007-08-31,112,13.3,8277,243,4
2007-09-01,102,14.7,8278,244,5
2007-09-02,111,14.9,8279,245,6
2007-09-03,109,17.1,8280,246,0
2007-09-04,110,16.6,8281,247,1
2007-09-05,90,18.3,8282,248,2
2007-09-06,98,16.2,8283,249,3
2007-09-07,101,13.3,8284,250,4
2007-09-08,100,15.4,8285,251,5
2007-09-09,87,15.1,8286,252,6
2007-09-10,96,15.7,8287,253,0
2007-09-11,99,14.5,8288,254,1
2007-09-12,103,16.0,8289,255,2
2007-09-13,104,16.1,8290,256,3
2007-09-14,103,17.2,8291,257,4
2007-09-15,96,17.4,8292,258,5
2007-09-16,98,18.1,8293,259,6
2007-09-17,91,18.4,8294,260,0
2007-09-18,110,16.4,8295,261,1
2007-09-19,98,16.4,8296,262,2
2007-09-20,124,17.7,8297,263,3
2007-09-21,94,19.1,8298,264,4
2007-09-22,115,15.3,8299,265,5
2007-09-23,107,9.9,8300,266,6
2007-09-24,115,9.6,8301,267,0
2007-09-25,107,11.9,8302,268,1
2007-09-26,99,12.7,8303,269,2
2007-09-27,99,13.2,8304,270,3
2007-09-28,95,11.6,8305,271,4
2007-09-29,118,11.2,8306,272,5
2007-09-30,110,14.2,8307,273,6
2007-10-01,107,13.9,8308,274,0
2007-10-02,113,14.0,8309,275,1
2007-10-03,99,15.0,8310,276,2
2007-10-04,123,10.1,8311,277,3
2007-10-05,106,7.6,8312,278,4
2007-10-06,129,11.9,8313,279,5
2007-10-07,105,10.8,8314,280,6
2007-10-08,99,13.0,8315,281,0
2007-10-09,120,14.8,8316,282,1
2007-10-10,96,15.2,8317,283,2
2007-10-11,104,11.9,8318,284,3
2007-10-12,105,11.5,8319,285,4
2007-10-13,110,12.5,8320,286,5
2007-10-14,118,12.0,8321,287,6
2007-10-15,104,10.6,8322,288,0
2007-10-16,97,10.2,8323,289,1
2007-10-17,124,9.6,8324,290,2
2007-10-18,95,8.8,8325,291,3
2007-10-19,111,9.1,8326,292,4
2007-10-20,103,7.9,8327,293,5
2007-10-21,116,5.0,8328,294,6
2007-10-22,103,6.6,8329,295,0
2007-10-23,114,6.7,8330,296,1
2007-10-24,123,4.6,8331,297,2
2007-10-25,112,5.2,8332,298,3
2007-10-26,147,6.4,8333,299,4
2007-10-27,115,5.1,8334,300,5
2007-10-28,88,5.5,8335,301,6
2007-10-29,128,7.1,8336,302,0
2007-10-30,107,6.9,8337,303,1
2007-10-31,124,9.1,8338,304,2
2007-11-01,129,8.0,8339,305,3
2007-11-02,138,10.5,8340,306,4
2007-11-03,127,10.7,8341,307,5
2007-11-04,120,9.9,8342,308,6
2007-11-05,132,11.7,8343,309,0
2007-11-06,125,11.8,8344,310,1
2007-11-07,124,9.4,8345,311,2
2007-11-08,122,7.8,8346,312,3
2007-11-09,111,7.6,8347,313,4
2007-11-10,124,10.3,8348,314,5
2007-11-11,137,9.2,8349,315,6
2007-11-12,128,10.8,8350,316,0
2007-11-13,122,9.3,8351,317,1
2007-11-14,141,11.1,8352,318,2
2007-11-15,117,9.2,8353,319,3
2007-11-16,138,6.5,8354,320,4
2007-11-17,110,8.4,8355,321,5
2007-11-18,131,13.3,8356,322,6
2007-11-19,124,12.7,8357,323,0
2007-11-20,125,11.4,8358,324,1
2007-11-21,112,9.2,8359,325,2
2007-11-22,118,7.8,8360,326,3
2007-11-23,97,6.6,8361,327,4
2007-11-24,119,6.1,8362,328,5
2007-11-25,133,7.9,8363,329,6
2007-11-26,115,8.8,8364,330,0
2007-11-27,132,3.2,8365,331,1
2007-11-28,120,5.1,8366,332,2
2007-11-29,132,9.1,8367,333,3
2007-11-30,113,7.8,8368,334,4
2007-12-01,131,9.0,8369,335,5
2007-12-02,127,8.2,8370,336,6
2007-12-03,110,8.1,8371,337,0
2007-12-04,95,8.2,8372,338,1
2007-12-05,138,6.9,8373,339,2
2007-12-06,124,5.9,8374,340,3
2007-12-07,113,2.9,8375,341,4
2007-12-08,107,2.8,8376,342,5
2007-12-09,127,6.0,8377,343,6
2007-12-10,133,3.0,8378,344,0
2007-12-11,129,8.8,8379,345,1
2007-12-12,135,8.1,8380,346,2
2007-12-13,135,12.2,8381,347,3
2007-12-14,124,7.4,8382,348,4
2007-12-15,119,2.8,8383,349,5
2007-12-16,152,1.3,8384,350,6
2007-12-17,134,2.8,8385,351,0
2007-12-18,141,3.1,8386,352,1
2007-12-19,140,5.6,8387,353,2
2007-12-20,142,7.8,8388,354,3
2007-12-21,152,4.7,8389,355,4
2007-12-22,135,1.0,8390,356,5
2007-12-23,133,5.9,8391,357,6
2007-12-24,140,9.1,8392,358,0
2007-12-25,132,9.7,8393,359,1
2007-12-26,148,9.1,8394,360,2
2007-12-27,161,5.3,8395,361,3
2007-12-28,131,3.5,8396,362,4
2007-12-29,133,2.4,8397,363,5
2007-12-30,146,2.8,8398,364,6
2007-12-31,160,2.0,8399,365,0
2008-01-01,133,5.5,8400,1,1
2008-01-02,140,3.4,8401,2,2
2008-01-03,150,0.6,8402,3,3
2008-01-04,156,5.9,8403,4,4
2008-01-05,157,7.5,8404,5,5
2008-01-06,164,9.5,8405,6,6
2008-01-07,151,8.3,8406,7,0
2008-01-08,141,8.5,8407,8,1
2008-01-09,160,5.8,8408,9,2
2008-01-10,140,8.7,8409,10,3
2008-01-11,137,8.6,8410,11,4
2008-01-12,148,6.2,8411,12,5
2008-01-13,161,8.1,8412,13,6
2008-01-14,139,4.4,8413,14,0
2008-01-15,135,5.3,8414,15,1
2008-01-16,138,6.5,8415,16,2
2008-01-17,155,3.0,8416,17,3
2008-01-18,130,3.0,8417,18,4
2008-01-19,145,8.3,8418,19,5
2008-01-20,118,9.4,8419,20,6
2008-01-21,132,8.0,8420,21,0
2008-01-22,134,6.8,8421,22,1
2008-01-23,123,7.1,8422,23,2
2008-01-24,110,6.1,8423,24,3
2008-01-25,115,2.7,8424,25,4
2008-01-26,138,3.5,8425,26,5
2008-01-27,108,2.6,8426,27,6
2008-01-28,115,0.9,8427,28,0
2008-01-29,132,0.3,8428,29,1
2008-01-30,117,3.9,8429,30,2
2008-01-31,106,10.2,8430,31,3
2008-02-01,116,10.4,8431,32,4
2008-02-02,127,11.7,8432,33,5
2008-02-03,127,13.2,8433,34,6
2008-02-04,128,13.3,8434,35,0
2008-02-05,102,11.6,8435,36,1
2008-02-06,110,9.3,8436,37,2
2008-02-07,118,6.8,8437,38,3
2008-02-08,120,5.2,8438,39,4
2008-02-09,120,0.9,8439,40,5
2008-02-10,99,4.6,8440,41,6
2008-02-11,114,9.5,8441,42,0
2008-02-12,121,8.7,8442,43,1
2008-02-13,113,8.0,8443,44,2
2008-02-14,85,6.9,8444,45,3
2008-02-15,111,6.6,8445,46,4
2008-02-16,99,5.7,8446,47,5
2008-02-17,123,5.5,8447,48,6
2008-02-18,100,5.5,8448,49,0
2008-02-19,109,4.3,8449,50,1
2008-02-20,117,1.9,8450,51,2
2008-02-21,93,3.1,8451,52,3
2008-02-22,127,3.7,8452,53,4
2008-02-23,103,1.5,8453,54,5
2008-02-24,115,2.1,8454,55,6
2008-02-25,127,0.6,8455,56,0
2008-02-26,113,-0.3,8456,57,1
2008-02-27,124,0.1,8457,58,2
2008-02-28,113,0.6,8458,59,3
2008-02-29,103,1.3,8459,60,4
2008-03-01,154,0.8,8460,61,5
2008-03-02,109,1.7,8461,62,6
2008-03-03,118,4.3,8462,63,0
2008-03-04,110,7.4,8463,64,1
2008-03-05,112,6.5,8464,65,2
2008-03-06,123,5.6,8465,66,3
2008-03-07,106,4.6,8466,67,4
2008-03-08,91,5.2,8467,68,5
2008-03-09,133,4.3,8468,69,6
2008-03-10,113,2.2,8469,70,0
2008-03-11,111,2.7,8470,71,1
2008-03-12,126,3.3,8471,72,2
2008-03-13,123,7.6,8472,73,3
2008-03-14,116,9.2,8473,74,4
2008-03-15,135,10.6,8474,75,5
2008-03-16,106,12.6,8475,76,6
2008-03-17,119,10.2,8476,77,0
2008-03-18,103,9.2,8477,78,1
2008-03-19,104,9.1,8478,79,2
2008-03-20,114,10.6,8479,80,3
2008-03-21,112,8.2,8480,81,4
2008-03-22,104,6.0,8481,82,5
2008-03-23,101,4.7,8482,83,6
2008-03-24,80,4.8,8483,84,0
2008-03-25,115,4.0,8484,85,1
2008-03-26,91,5.2,8485,86,2
2008-03-27,110,6.5,8486,87,3
2008-03-28,97,7.7,8487,88,4
2008-03-29,86,8.7,8488,89,5
2008-03-30,102,9.0,8489,90,6
2008-03-31,121,11.7,8490,91,0
2008-04-01,133,12.2,8491,92,1
2008-04-02,113,11.2,8492,93,2
2008-04-03,105,10.2,8493,94,3
2008-04-04,128,9.0,8494,95,4
2008-04-05,107,8.0,8495,96,5
2008-04-06,93,5.7,8496,97,6
2008-04-07,108,6.1,8497,98,0
2008-04-08,112,5.7,8498,99,1
2008-04-09,105,6.9,8499,100,2
2008-04-10,115,8.3,8500,101,3
2008-04-11,96,6.6,8501,102,4
2008-04-12,95,9.3,8502,103,5
2008-04-13,127,10.3,8503,104,6
2008-04-14,104,9.8,8504,105,0
2008-04-15,112,9.9,8505,106,1
2008-04-16,111,12.7,8506,107,2
2008-04-17,100,10.0,8507,108,3
2008-04-18,101,7.2,8508,109,4
2008-04-19,120,6.6,8509,110,5
2008-04-20,84,7.8,8510,111,6
2008-04-21,113,11.9,8511,112,0
2008-04-22,75,11.0,8512,113,1
2008-04-23,115,12.3,8513,114,2
2008-04-24,119,14.6,8514,115,3
2008-04-25,111,14.4,8515,116,4
2008-04-26,104,14.2,8516,117,5
2008-04-27,104,13.2,8517,118,6
2008-04-28,92,11.3,8518,119,0
2008-04-29,99,8.4,8519,120,1
2008-04-30,99,9.6,8520,121,2
2008-05-01,116,10.7,8521,122,3
2008-05-02,111,12.3,8522,123,4
2008-05-03,90,10.1,8523,124,5
2008-05-04,113,7.8,8524,125,6
2008-05-05,106,8.4,8525,126,0
2008-05-06,102,10.1,8526,127,1
2008-05-07,104,11.1,8527,128,2
2008-05-08,107,10.4,8528,129,3
2008-05-09,101,12.4,8529,130,4
2008-05-10,101,14.5,8530,131,5
2008-05-11,93,12.1,8531,132,6
2008-05-12,93,10.1,8532,133,0
2008-05-13,105,12.0,8533,134,1
2008-05-14,89,14.3,8534,135,2
2008-05-15,94,15.8,8535,136,3
2008-05-16,102,16.4,8536,137,4
2008-05-17,120,16.8,8537,138,5
2008-05-18,111,17.3,8538,139,6
2008-05-19,102,17.2,8539,140,0
2008-05-20,104,16.2,8540,141,1
2008-05-21,99,11.1,8541,142,2
2008-05-22,80,10.2,8542,143,3
2008-05-23,100,12.0,8543,144,4
2008-05-24,101,14.0,8544,145,5
2008-05-25,113,14.8,8545,146,6
2008-05-26,108,13.4,8546,147,0
2008-05-27,129,12.4,8547,148,1
2008-05-28,125,13.9,8548,149,2
2008-05-29,102,15.9,8549,150,3
2008-05-30,102,14.2,8550,151,4
2008-05-31,110,14.3,8551,152,5
2008-06-01,103,14.1,8552,153,6
2008-06-02,99,15.3,8553,154,0
2008-06-03,93,15.5,8554,155,1
2008-06-04,101,18.2,8555,156,2
2008-06-05,105,17.1,8556,157,3
2008-06-06,105,18.5,8557,158,4
2008-06-07,103,20.1,8558,159,5
2008-06-08,116,21.0,8559,160,6
2008-06-09,107,18.3,8560,161,0
2008-06-10,100,17.9,8561,162,1
2008-06-11,86,16.6,8562,163,2
2008-06-12,101,15.8,8563,164,3
2008-06-13,115,18.2,8564,165,4
2008-06-14,71,21.0,8565,166,5
2008-06-15,116,20.3,8566,167,6
2008-06-16,104,18.8,8567,168,0
2008-06-17,94,16.5,8568,169,1
2008-06-18,104,14.8,8569,170,2
2008-06-19,105,11.8,8570,171,3
2008-06-20,114,11.5,8571,172,4
2008-06-21,97,12.7,8572,173,5
2008-06-22,106,14.2,8573,174,6
2008-06-23,103,14.4,8574,175,0
2008-06-24,93,14.5,8575,176,1
2008-06-25,85,14.9,8576,177,2
2008-06-26,115,14.2,8577,178,3
2008-06-27,108,17.0,8578,179,4
2008-06-28,131,15.1,8579,180,5
2008-06-29,119,16.8,8580,181,6
2008-06-30,105,16.1,8581,182,0
2008-07-01,88,14.6,8582,183,1
2008-07-02,111,13.8,8583,184,2
2008-07-03,106,14.8,8584,185,3
2008-07-04,122,14.1,8585,186,4
2008-07-05,65,14.9,8586,187,5
2008-07-06,94,16.5,8587,188,6
2008-07-07,114,15.2,8588,189,0
2008-07-08,92,14.6,8589,190,1
2008-07-09,97,13.8,8590,191,2
2008-07-10,96,13.7,8591,192,3
2008-07-11,90,13.8,8592,193,4
2008-07-12,103,14.7,8593,194,5
2008-07-13,103,15.4,8594,195,6
2008-07-14,111,16.9,8595,196,0
2008-07-15,120,19.1,8596,197,1
2008-07-16,94,18.5,8597,198,2
2008-07-17,105,18.6,8598,199,3
2008-07-18,88,17.5,8599,200,4
2008-07-19,102,16.5,8600,201,5
2008-07-20,105,17.9,8601,202,6
2008-07-21,109,18.6,8602,203,0
2008-07-22,95,19.9,8603,204,1
2008-07-23,112,19.7,8604,205,2
2008-07-24,88,17.8,8605,206,3
2008-07-25,97,16.6,8606,207,4
2008-07-26,104,17.5,8607,208,5
2008-07-27,103,18.1,8608,209,6
2008-07-28,101,19.7,8609,210,0
2008-07-29,100,21.6,8610,211,1
2008-07-30,100,20.2,8611,212,2
2008-07-31,121,20.8,8612,213,3
2008-08-01,88,20.7,8613,214,4
2008-08-02,117,20.6,8614,215,5
2008-08-03,106,20.9,8615,216,6
2008-08-04,105,21.5,8616,217,0
2008-08-05,95,20.8,8617,218,1
2008-08-06,111,20.8,8618,219,2
2008-08-07,123,21.6,8619,220,3
2008-08-08,118,23.9,8620,221,4
2008-08-09,116,20.8,8621,222,5
2008-08-10,112,20.1,8622,223,6
2008-08-11,90,19.3,8623,224,0
2008-08-12,115,19.0,8624,225,1
2008-08-13,92,17.9,8625,226,2
2008-08-14,100,18.9,8626,227,3
2008-08-15,86,18.5,8627,228,4
2008-08-16,114,17.5,8628,229,5
2008-08-17,90,18.6,8629,230,6
2008-08-18,99,18.2,8630,231,0
2008-08-19,84,17.3,8631,232,1
2008-08-20,89,16.4,8632,233,2
2008-08-21,89,14.9,8633,234,3
2008-08-22,86,16.2,8634,235,4
2008-08-23,99,16.6,8635,236,5
2008-08-24,103,16.8,8636,237,6
2008-08-25,85,15.8,8637,238,0
2008-08-26,112,16.4,8638,239,1
2008-08-27,100,16.6,8639,240,2
2008-08-28,83,15.2,8640,241,3
2008-08-29,94,14.6,8641,242,4
2008-08-30,101,14.8,8642,243,5
2008-08-31,98,14.1,8643,244,6
2008-09-01,108,14.7,8644,245,0
2008-09-02,110,17.5,8645,246,1
2008-09-03,100,18.7,8646,247,2
2008-09-04,114,18.8,8647,248,3
2008-09-05,98,20.4,8648,249,4
2008-09-06,117,19.0,8649,250,5
2008-09-07,104,18.5,8650,251,6
2008-09-08,95,17.0,8651,252,0
2008-09-09,104,18.9,8652,253,1
2008-09-10,97,17.6,8653,254,2
2008-09-11,96,17.5,8654,255,3
2008-09-12,82,14.3,8655,256,4
2008-09-13,112,15.1,8656,257,5
2008-09-14,89,14.0,8657,258,6
2008-09-15,105,12.6,8658,259,0
2008-09-16,96,12.1,8659,260,1
2008-09-17,101,15.6,8660,261,2
2008-09-18,111,16.2,8661,262,3
2008-09-19,79,12.7,8662,263,4
2008-09-20,94,14.9,8663,264,5
2008-09-21,98,12.7,8664,265,6
2008-09-22,98,14.7,8665,266,0
2008-09-23,98,16.0,8666,267,1
2008-09-24,92,10.8,8667,268,2
2008-09-25,106,10.3,8668,269,3
2008-09-26,123,14.1,8669,270,4
2008-09-27,99,16.1,8670,271,5
2008-09-28,116,15.1,8671,272,6
2008-09-29,98,14.1,8672,273,0
2008-09-30,114,15.2,8673,274,1
2008-10-01,108,12.4,8674,275,2
2008-10-02,81,12.2,8675,276,3
2008-10-03,96,12.9,8676,277,4
2008-10-04,123,14.0,8677,278,5
2008-10-05,107,11.4,8678,279,6
2008-10-06,106,11.0,8679,280,0
2008-10-07,128,10.4,8680,281,1
2008-10-08,118,10.0,8681,282,2
2008-10-09,105,10.5,8682,283,3
2008-10-10,112,11.5,8683,284,4
2008-10-11,103,10.5,8684,285,5
2008-10-12,101,11.7,8685,286,6
2008-10-13,91,11.5,8686,287,0
2008-10-14,99,9.9,8687,288,1
2008-10-15,102,8.5,8688,289,2
2008-10-16,95,8.4,8689,290,3
2008-10-17,105,8.7,8690,291,4
2008-10-18,98,9.5,8691,292,5
2008-10-19,106,9.6,8692,293,6
2008-10-20,108,14.4,8693,294,0
2008-10-21,117,11.5,8694,295,1
2008-10-22,94,13.6,8695,296,2
2008-10-23,105,15.0,8696,297,3
2008-10-24,117,14.7,8697,298,4
2008-10-25,100,11.5,8698,299,5
2008-10-26,88,8.8,8699,300,6
2008-10-27,115,9.0,8700,301,0
2008-10-28,97,12.9,8701,302,1
2008-10-29,118,12.1,8702,303,2
2008-10-30,117,12.3,8703,304,3
2008-10-31,116,10.7,8704,305,4
2008-11-01,115,10.2,8705,306,5
2008-11-02,114,10.2,8706,307,6
2008-11-03,115,11.1,8707,308,0
2008-11-04,105,10.2,8708,309,1
2008-11-05,102,7.7,8709,310,2
2008-11-06,108,9.7,8710,311,3
2008-11-07,111,10.8,8711,312,4
2008-11-08,97,10.3,8712,313,5
2008-11-09,96,8.6,8713,314,6
2008-11-10,111,7.3,8714,315,0
2008-11-11,97,7.3,8715,316,1
2008-11-12,110,9.3,8716,317,2
2008-11-13,91,3.7,8717,318,3
2008-11-14,102,3.4,8718,319,4
2008-11-15,101,6.9,8719,320,5
2008-11-16,122,10.4,8720,321,6
2008-11-17,122,11.8,8721,322,0
2008-11-18,100,8.9,8722,323,1
2008-11-19,125,2.3,8723,324,2
2008-11-20,93,1.5,8724,325,3
2008-11-21,103,6.7,8725,326,4
2008-11-22,127,11.9,8726,327,5
2008-11-23,113,10.5,8727,328,6
2008-11-24,107,9.6,8728,329,0
2008-11-25,110,8.4,8729,330,1
2008-11-26,93,9.9,8730,331,2
2008-11-27,112,7.9,8731,332,3
2008-11-28,101,6.8,8732,333,4
2008-11-29,107,5.5,8733,334,5
2008-11-30,109,5.0,8734,335,6
2008-12-01,111,3.9,8735,336,0
2008-12-02,93,3.5,8736,337,1
2008-12-03,127,3.4,8737,338,2
2008-12-04,111,7.1,8738,339,3
2008-12-05,105,8.9,8739,340,4
2008-12-06,120,8.7,8740,341,5
2008-12-07,114,6.4,8741,342,6
2008-12-08,109,7.9,8742,343,0
2008-12-09,97,5.1,8743,344,1
2008-12-10,107,4.5,8744,345,2
2008-12-11,130,3.4,8745,346,3
2008-12-12,109,4.9,8746,347,4
2008-12-13,124,1.4,8747,348,5
2008-12-14,147,7.1,8748,349,6
2008-12-15,107,10.1,8749,350,0
2008-12-16,117,9.1,8750,351,1
2008-12-17,120,5.8,8751,352,2
2008-12-18,91,5.0,8752,353,3
2008-12-19,115,3.4,8753,354,4
2008-12-20,128,2.4,8754,355,5
2008-12-21,128,2.0,8755,356,6
2008-12-22,139,8.1,8756,357,0
2008-12-23,142,11.1,8757,358,1
2008-12-24,127,8.5,8758,359,2
2008-12-25,132,1.9,8759,360,3
2008-12-26,131,-0.3,8760,361,4
2008-12-27,135,1.5,8761,362,5
2008-12-28,144,4.6,8762,363,6
2008-12-29,129,5.4,8763,364,0
2008-12-30,142,10.1,8764,365,1
2008-12-31,146,9.5,8765,366,2
2009-01-01,155,8.4,8766,1,3
2009-01-02,140,5.0,8767,2,4
2009-01-03,171,7.4,8768,3,5
2009-01-04,163,9.0,8769,4,6
2009-01-05,152,5.3,8770,5,0
2009-01-06,159,8.1,8771,6,1
2009-01-07,162,12.0,8772,7,2
2009-01-08,152,8.3,8773,8,3
2009-01-09,140,8.8,8774,9,4
2009-01-10,147,10.9,8775,10,5
2009-01-11,135,9.5,8776,11,6
2009-01-12,153,6.8,8777,12,0
2009-01-13,142,4.5,8778,13,1
2009-01-14,154,4.5,8779,14,2
2009-01-15,132,6.9,8780,15,3
2009-01-16,125,6.9,8781,16,4
2009-01-17,122,7.9,8782,17,5
2009-01-18,124,4.6,8783,18,6
2009-01-19,121,6.7,8784,19,0
2009-01-20,138,11.0,8785,20,1
2009-01-21,119,6.8,8786,21,2
2009-01-22,143,2.9,8787,22,3
2009-01-23,126,2.9,8788,23,4
2009-01-24,139,2.6,8789,24,5
2009-01-25,124,2.9,8790,25,6
2009-01-26,132,1.6,8791,26,0
2009-01-27,120,5.1,8792,27,1
2009-01-28,121,5.8,8793,28,2
2009-01-29,127,5.6,8794,29,3
2009-01-30,121,6.3,8795,30,4
2009-01-31,115,7.1,8796,31,5
2009-02-01,136,8.0,8797,32,6
2009-02-02,133,6.5,8798,33,0
2009-02-03,102,7.0,8799,34,1
2009-02-04,129,7.6,8800,35,2
2009-02-05,122,5.6,8801,36,3
2009-02-06,121,6.2,8802,37,4
2009-02-07,122,3.8,8803,38,5
2009-02-08,121,5.5,8804,39,6
2009-02-09,124,7.5,8805,40,0
2009-02-10,139,9.8,8806,41,1
2009-02-11,108,8.2,8807,42,2
2009-02-12,128,10.1,8808,43,3
2009-02-13,103,4.9,8809,44,4
2009-02-14,131,3.8,8810,45,5
2009-02-15,113,3.4,8811,46,6
2009-02-16,121,2.5,8812,47,0
2009-02-17,119,3.1,8813,48,1
2009-02-18,136,5.8,8814,49,2
2009-02-19,121,3.5,8815,50,3
2009-02-20,117,1.3,8816,51,4
2009-02-21,118,1.9,8817,52,5
2009-02-22,122,1.1,8818,53,6
2009-02-23,133,0.8,8819,54,0
2009-02-24,125,1.0,8820,55,1
2009-02-25,110,0.6,8821,56,2
2009-02-26,124,2.2,8822,57,3
2009-02-27,122,0.3,8823,58,4
2009-02-28,126,-0.8,8824,59,5
2009-03-01,119,2.4,8825,60,6
2009-03-02,132,1.6,8826,61,0
2009-03-03,120,0.2,8827,62,1
2009-03-04,117,0.6,8828,63,2
2009-03-05,112,2.4,8829,64,3
2009-03-06,145,1.1,8830,65,4
2009-03-07,126,3.1,8831,66,5
2009-03-08,112,5.6,8832,67,6
2009-03-09,133,5.7,8833,68,0
2009-03-10,117,5.3,8834,69,1
2009-03-11,126,6.5,8835,70,2
2009-03-12,102,4.4,8836,71,3
2009-03-13,107,3.2,8837,72,4
2009-03-14,132,4.9,8838,73,5
2009-03-15,120,8.3,8839,74,6
2009-03-16,125,12.7,8840,75,0
2009-03-17,101,12.8,8841,76,1
2009-03-18,127,12.5,8842,77,2
2009-03-19,123,12.4,8843,78,3
2009-03-20,147,10.3,8844,79,4
2009-03-21,115,11.4,8845,80,5
2009-03-22,119,12.5,8846,81,6
2009-03-23,104,12.0,8847,82,0
2009-03-24,119,11.8,8848,83,1
2009-03-25,105,11.0,8849,84,2
2009-03-26,105,9.9,8850,85,3
2009-03-27,101,8.6,8851,86,4
2009-03-28,118,9.6,8852,87,5
2009-03-29,118,7.3,8853,88,6
2009-03-30,112,9.2,8854,89,0
2009-03-31,96,9.2,8855,90,1
2009-04-01,120,10.8,8856,91,2
2009-04-02,127,12.4,8857,92,3
2009-04-03,114,12.5,8858,93,4
2009-04-04,132,10.2,8859,94,5
2009-04-05,108,7.7,8860,95,6
2009-04-06,130,9.3,8861,96,0
2009-04-07,104,8.0,8862,97,1
2009-04-08,106,4.5,8863,98,2
2009-04-09,114,4.8,8864,99,3
2009-04-10,113,10.2,8865,100,4
2009-04-11,121,10.5,8866,101,5
2009-04-12,111,10.1,8867,102,6
2009-04-13,103,9.0,8868,103,0
2009-04-14,114,8.2,8869,104,1
2009-04-15,126,6.0,8870,105,2
2009-04-16,109,6.1,8871,106,3
2009-04-17,96,7.2,8872,107,4
2009-04-18,114,10.5,8873,108,5
2009-04-19,111,8.6,8874,109,6
2009-04-20,129,7.7,8875,110,0
2009-04-21,113,9.6,8876,111,1
2009-04-22,130,10.7,8877,112,2
2009-04-23,122,10.7,8878,113,3
2009-04-24,109,10.8,8879,114,4
2009-04-25,102,9.9,8880,115,5
2009-04-26,118,10.6,8881,116,6
2009-04-27,112,9.9,8882,117,0
2009-04-28,114,11.6,8883,118,1
2009-04-29,126,13.6,8884,119,2
2009-04-30,119,16.1,8885,120,3
2009-05-01,117,18.1,8886,121,4
2009-05-02,105,15.7,8887,122,5
2009-05-03,125,13.3,8888,123,6
2009-05-04,106,10.3,8889,124,0
2009-05-05,103,10.2,8890,125,1
2009-05-06,118,12.6,8891,126,2
2009-05-07,100,11.4,8892,127,3
2009-05-08,98,9.0,8893,128,4
2009-05-09,120,8.1,8894,129,5
2009-05-10,94,7.6,8895,130,6
2009-05-11,104,7.5,8896,131,0
2009-05-12,101,9.1,8897,132,1
2009-05-13,95,10.7,8898,133,2
2009-05-14,102,9.7,8899,134,3
2009-05-15,104,10.2,8900,135,4
2009-05-16,109,10.2,8901,136,5
2009-05-17,107,8.1,8902,137,6
2009-05-18,104,9.9,8903,138,0
2009-05-19,103,12.0,8904,139,1
2009-05-20,94,13.8,8905,140,2
2009-05-21,112,11.8,8906,141,3
2009-05-22,105,12.3,8907,142,4
2009-05-23,111,11.4,8908,143,5
2009-05-24,92,12.4,8909,144,6
2009-05-25,113,15.2,8910,145,0
2009-05-26,79,18.6,8911,146,1
2009-05-27,135,21.6,8912,147,2
2009-05-28,114,16.3,8913,148,3
2009-05-29,93,12.4,8914,149,4
2009-05-30,92,13.6,8915,150,5
2009-05-31,90,14.1,8916,151,6
2009-06-01,111,13.2,8917,152,0
2009-06-02,89,14.9,8918,153,1
2009-06-03,112,14.3,8919,154,2
2009-06-04,87,14.5,8920,155,3
2009-06-05,91,14.2,8921,156,4
2009-06-06,102,13.1,8922,157,5
2009-06-07,101,11.5,8923,158,6
2009-06-08,99,13.8,8924,159,0
2009-06-09,96,15.4,8925,160,1
2009-06-10,95,14.9,8926,161,2
2009-06-11,114,11.5,8927,162,3
2009-06-12,115,13.4,8928,163,4
2009-06-13,95,12.8,8929,164,5
2009-06-14,90,14.0,8930,165,6
2009-06-15,88,14.5,8931,166,0
2009-06-16,102,16.3,8932,167,1
2009-06-17,121,20.6,8933,168,2
2009-06-18,118,22.6,8934,169,3
2009-06-19,129,24.7,8935,170,4
2009-06-20,108,22.1,8936,171,5
2009-06-21,105,19.9,8937,172,6
2009-06-22,94,21.1,8938,173,0
2009-06-23,108,23.2,8939,174,1
2009-06-24,116,20.8,8940,175,2
2009-06-25,107,17.0,8941,176,3
2009-06-26,96,15.4,8942,177,4
2009-06-27,92,17.9,8943,178,5
2009-06-28,93,18.3,8944,179,6
2009-06-29,102,18.6,8945,180,0
2009-06-30,102,16.0,8946,181,1
2009-07-01,90,16.4,8947,182,2
2009-07-02,80,17.8,8948,183,3
2009-07-03,106,16.3,8949,184,4
2009-07-04,80,13.8,8950,185,5
2009-07-05,86,13.5,8951,186,6
2009-07-06,93,15.4,8952,187,0
2009-07-07,95,14.6,8953,188,1
2009-07-08,97,15.8,8954,189,2
2009-07-09,97,16.6,8955,190,3
2009-07-10,95,20.9,8956,191,4
2009-07-11,129,21.8,8957,192,5
2009-07-12,108,19.6,8958,193,6
2009-07-13,106,21.5,8959,194,0
2009-07-14,106,23.3,8960,195,1
2009-07-15,99,21.1,8961,196,2
2009-07-16,85,19.0,8962,197,3
2009-07-17,100,20.5,8963,198,4
2009-07-18,93,18.6,8964,199,5
2009-07-19,98,17.0,8965,200,6
2009-07-20,75,18.7,8966,201,0
2009-07-21,91,16.9,8967,202,1
2009-07-22,81,16.4,8968,203,2
2009-07-23,106,18.2,8969,204,3
2009-07-24,82,16.7,8970,205,4
2009-07-25,82,15.6,8971,206,5
2009-07-26,110,15.9,8972,207,6
2009-07-27,112,14.2,8973,208,0
2009-07-28,112,18.9,8974,209,1
2009-07-29,112,17.8,8975,210,2
2009-07-30,92,15.7,8976,211,3
2009-07-31,87,16.1,8977,212,4
2009-08-01,86,16.6,8978,213,5
2009-08-02,103,17.7,8979,214,6
2009-08-03,101,18.3,8980,215,0
2009-08-04,90,17.3,8981,216,1
2009-08-05,74,17.0,8982,217,2
2009-08-06,95,14.9,8983,218,3
2009-08-07,87,15.4,8984,219,4
2009-08-08,105,15.9,8985,220,5
2009-08-09,111,18.0,8986,221,6
2009-08-10,124,18.3,8987,222,0
2009-08-11,87,18.9,8988,223,1
2009-08-12,71,16.8,8989,224,2
2009-08-13,92,15.6,8990,225,3
2009-08-14,117,15.6,8991,226,4
2009-08-15,109,16.4,8992,227,5
2009-08-16,110,18.0,8993,228,6
2009-08-17,106,19.1,8994,229,0
2009-08-18,106,20.9,8995,230,1
2009-08-19,112,16.3,8996,231,2
2009-08-20,92,16.1,8997,232,3
2009-08-21,107,18.2,8998,233,4
2009-08-22,117,15.7,8999,234,5
2009-08-23,103,16.0,9000,235,6
2009-08-24,110,14.5,9001,236,0
2009-08-25,109,14.0,9002,237,1
2009-08-26,111,14.1,9003,238,2
2009-08-27,98,16.1,9004,239,3
2009-08-28,104,17.2,9005,240,4
2009-08-29,110,18.3,9006,241,5
2009-08-30,104,20.2,9007,242,6
2009-08-31,109,22.8,9008,243,0
2009-09-01,101,19.4,9009,244,1
2009-09-02,96,17.6,9010,245,2
2009-09-03,92,18.8,9011,246,3
2009-09-04,105,21.3,9012,247,4
2009-09-05,90,19.1,9013,248,5
2009-09-06,125,17.8,9014,249,6
2009-09-07,85,18.1,9015,250,0
2009-09-08,78,18.2,9016,251,1
2009-09-09,90,18.2,9017,252,2
2009-09-10,92,19.0,9018,253,3
2009-09-11,91,16.0,9019,254,4
2009-09-12,95,16.5,9020,255,5
2009-09-13,103,16.5,9021,256,6
2009-09-14,75,18.6,9022,257,0
2009-09-15,91,16.9,9023,258,1
2009-09-16,88,12.0,9024,259,2
2009-09-17,102,10.2,9025,260,3
2009-09-18,107,12.2,9026,261,4
2009-09-19,106,15.2,9027,262,5
2009-09-20,89,15.4,9028,263,6
2009-09-21,89,16.0,9029,264,0
2009-09-22,93,14.9,9030,265,1
2009-09-23,87,14.1,9031,266,2
2009-09-24,83,12.5,9032,267,3
2009-09-25,96,15.7,9033,268,4
2009-09-26,86,14.2,9034,269,5
2009-09-27,120,15.8,9035,270,6
2009-09-28,108,11.9,9036,271,0
2009-09-29,72,12.0,9037,272,1
2009-09-30,93,15.8,9038,273,2
2009-10-01,99,12.5,9039,274,3
2009-10-02,101,10.8,9040,275,4
2009-10-03,104,10.1,9041,276,5
2009-10-04,94,11.9,9042,277,6
2009-10-05,98,12.8,9043,278,0
2009-10-06,103,14.4,9044,279,1
2009-10-07,126,15.2,9045,280,2
2009-10-08,95,14.8,9046,281,3
2009-10-09,117,10.7,9047,282,4
2009-10-10,113,15.6,9048,283,5
2009-10-11,106,17.9,9049,284,6
2009-10-12,114,17.0,9050,285,0
2009-10-13,104,13.9,9051,286,1
2009-10-14,98,13.6,9052,287,2
2009-10-15,120,15.8,9053,288,3
2009-10-16,105,13.9,9054,289,4
2009-10-17,98,13.6,9055,290,5
2009-10-18,104,11.0,9056,291,6
2009-10-19,112,12.1,9057,292,0
2009-10-20,97,11.6,9058,293,1
2009-10-21,102,13.1,9059,294,2
2009-10-22,109,12.3,9060,295,3
2009-10-23,121,10.2,9061,296,4
2009-10-24,112,14.6,9062,297,5
2009-10-25,101,14.6,9063,298,6
2009-10-26,101,14.9,9064,299,0
2009-10-27,104,16.8,9065,300,1
2009-10-28,109,15.4,9066,301,2
2009-10-29,107,14.0,9067,302,3
2009-10-30,113,16.3,9068,303,4
2009-10-31,108,13.2,9069,304,5
2009-11-01,113,10.9,9070,305,6
2009-11-02,102,14.8,9071,306,0
2009-11-03,102,14.2,9072,307,1
2009-11-04,83,9.6,9073,308,2
2009-11-05,116,9.3,9074,309,3
2009-11-06,113,12.7,9075,310,4
2009-11-07,109,10.5,9076,311,5
2009-11-08,102,13.5,9077,312,6
2009-11-09,90,7.4,9078,313,0
2009-11-10,94,11.1,9079,314,1
2009-11-11,95,12.6,9080,315,2
2009-11-12,114,7.2,9081,316,3
2009-11-13,109,5.5,9082,317,4
2009-11-14,110,4.3,9083,318,5
2009-11-15,96,8.2,9084,319,6
2009-11-16,119,5.3,9085,320,0
2009-11-17,96,1.2,9086,321,1
2009-11-18,106,0.8,9087,322,2
2009-11-19,101,1.1,9088,323,3
2009-11-20,109,0.4,9089,324,4
2009-11-21,125,1.1,9090,325,5
2009-11-22,112,4.1,9091,326,6
2009-11-23,128,2.6,9092,327,0
2009-11-24,120,4.0,9093,328,1
2009-11-25,109,0.3,9094,329,2
2009-11-26,115,3.3,9095,330,3
2009-11-27,129,2.9,9096,331,4
2009-11-28,120,2.6,9097,332,5
2009-11-29,136,2.0,9098,333,6
2009-11-30,111,3.3,9099,334,0
2009-12-01,124,8.1,9100,335,1
2009-12-02,122,8.1,9101,336,2
2009-12-03,125,7.6,9102,337,3
2009-12-04,117,5.7,9103,338,4
2009-12-05,129,6.3,9104,339,5
2009-12-06,119,3.6,9105,340,6
2009-12-07,96,3.3,9106,341,0
2009-12-08,133,5.3,9107,342,1
2009-12-09,132,2.2,9108,343,2
2009-12-10,113,2.7,9109,344,3
2009-12-11,107,1.5,9110,345,4
2009-12-12,134,5.0,9111,346,5
2009-12-13,121,5.0,9112,347,6
2009-12-14,120,6.4,9113,348,0
2009-12-15,115,8.0,9114,349,1
2009-12-16,123,8.4,9115,350,2
2009-12-17,137,1.2,9116,351,3
2009-12-18,133,0.3,9117,352,4
2009-12-19,102,5.1,9118,353,5
2009-12-20,115,3.0,9119,354,6
2009-12-21,123,7.7,9120,355,0
2009-12-22,114,7.9,9121,356,1
2009-12-23,119,8.3,9122,357,2
2009-12-24,117,7.1,9123,358,3
2009-12-25,134,3.3,9124,359,4
2009-12-26,106,2.8,9125,360,5
2009-12-27,123,0.3,9126,361,6
2009-12-28,130,-0.8,9127,362,0
2009-12-29,130,-1.1,9128,363,1
2009-12-30,136,4.0,9129,364,2
2009-12-31,142,5.9,9130,365,3
2010-01-01,114,6.0,9131,1,4
2010-01-02,108,5.6,9132,2,5
2010-01-03,126,7.1,9133,3,6
2010-01-04,119,4.7,9134,4,0
2010-01-05,123,2.2,9135,5,1
2010-01-06,132,2.3,9136,6,2
2010-01-07,136,1.2,9137,7,3
2010-01-08,130,3.4,9138,8,4
2010-01-09,125,4.8,9139,9,5
2010-01-10,126,6.3,9140,10,6
2010-01-11,136,7.0,9141,11,0
2010-01-12,109,2.7,9142,12,1
2010-01-13,136,6.6,9143,13,2
2010-01-14,109,7.4,9144,14,3
2010-01-15,131,7.0,9145,15,4
2010-01-16,127,6.9,9146,16,5
2010-01-17,120,7.4,9147,17,6
2010-01-18,112,9.3,9148,18,0
2010-01-19,124,9.5,9149,19,1
2010-01-20,123,8.0,9150,20,2
2010-01-21,120,4.9,9151,21,3
2010-01-22,108,1.9,9152,22,4
2010-01-23,105,1.7,9153,23,5
2010-01-24,126,-0.8,9154,24,6
2010-01-25,112,1.1,9155,25,0
2010-01-26,99,2.7,9156,26,1
2010-01-27,126,2.0,9157,27,2
2010-01-28,110,1.8,9158,28,3
2010-01-29,128,2.6,9159,29,4
2010-01-30,122,4.6,9160,30,5
2010-01-31,108,3.1,9161,31,6
2010-02-01,118,0.4,9162,32,0
2010-02-02,111,-1.2,9163,33,1
2010-02-03,126,-0.4,9164,34,2
2010-02-04,122,2.8,9165,35,3
2010-02-05,124,4.0,9166,36,4
2010-02-06,135,5.5,9167,37,5
2010-02-07,124,7.4,9168,38,6
2010-02-08,152,5.7,9169,39,0
2010-02-09,130,2.4,9170,40,1
2010-02-10,110,1.3,9171,41,2
2010-02-11,125,1.5,9172,42,3
2010-02-12,125,5.8,9173,43,4
2010-02-13,122,8.7,9174,44,5
2010-02-14,115,7.5,9175,45,6
2010-02-15,126,8.6,9176,46,0
2010-02-16,121,6.1,9177,47,1
2010-02-17,126,6.4,9178,48,2
2010-02-18,105,3.7,9179,49,3
2010-02-19,126,5.0,9180,50,4
2010-02-20,120,4.4,9181,51,5
2010-02-21,111,2.7,9182,52,6
2010-02-22,125,2.4,9183,53,0
2010-02-23,102,1.2,9184,54,1
2010-02-24,129,1.4,9185,55,2
2010-02-25,139,3.2,9186,56,3
2010-02-26,130,3.1,9187,57,4
2010-02-27,135,3.4,9188,58,5
2010-02-28,119,2.3,9189,59,6
2010-03-01,109,-0.1,9190,60,0
2010-03-02,138,0.1,9191,61,1
2010-03-03,123,0.3,9192,62,2
2010-03-04,116,-0.5,9193,63,3
2010-03-05,127,2.6,9194,64,4
2010-03-06,123,3.4,9195,65,5
2010-03-07,126,3.5,9196,66,6
2010-03-08,129,9.3,9197,67,0
2010-03-09,142,8.1,9198,68,1
2010-03-10,131,5.4,9199,69,2
2010-03-11,111,3.1,9200,70,3
2010-03-12,113,0.9,9201,71,4
2010-03-13,126,1.5,9202,72,5
2010-03-14,125,3.5,9203,73,6
2010-03-15,135,4.5,9204,74,0
2010-03-16,122,1.5,9205,75,1
2010-03-17,108,2.2,9206,76,2
2010-03-18,131,2.5,9207,77,3
2010-03-19,110,4.3,9208,78,4
2010-03-20,124,3.8,9209,79,5
2010-03-21,107,3.1,9210,80,6
2010-03-22,124,2.4,9211,81,0
2010-03-23,109,4.5,9212,82,1
2010-03-24,129,9.0,9213,83,2
2010-03-25,133,10.6,9214,84,3
2010-03-26,111,12.2,9215,85,4
2010-03-27,129,11.1,9216,86,5
2010-03-28,115,9.1,9217,87,6
2010-03-29,129,8.9,9218,88,0
2010-03-30,126,11.4,9219,89,1
2010-03-31,136,11.6,9220,90,2
2010-04-01,120,10.4,9221,91,3
2010-04-02,142,9.2,9222,92,4
2010-04-03,126,8.1,9223,93,5
2010-04-04,124,4.7,9224,94,6
2010-04-05,121,4.8,9225,95,0
2010-04-06,113,6.3,9226,96,1
2010-04-07,136,7.2,9227,97,2
2010-04-08,124,7.7,9228,98,3
2010-04-09,116,4.7,9229,99,4
2010-04-10,107,4.9,9230,100,5
2010-04-11,140,4.9,9231,101,6
2010-04-12,120,8.4,9232,102,0
2010-04-13,121,11.4,9233,103,1
2010-04-14,131,10.3,9234,104,2
2010-04-15,100,10.1,9235,105,3
2010-04-16,112,11.0,9236,106,4
2010-04-17,129,9.8,9237,107,5
2010-04-18,102,9.5,9238,108,6
2010-04-19,111,10.1,9239,109,0
2010-04-20,130,10.6,9240,110,1
2010-04-21,100,12.4,9241,111,2
2010-04-22,106,11.3,9242,112,3
2010-04-23,112,10.1,9243,113,4
2010-04-24,108,10.5,9244,114,5
2010-04-25,112,10.6,9245,115,6
2010-04-26,110,11.8,9246,116,0
2010-04-27,123,12.3,9247,117,1
2010-04-28,102,10.1,9248,118,2
2010-04-29,96,9.2,9249,119,3
2010-04-30,106,8.1,9250,120,4
2010-05-01,102,10.5,9251,121,5
2010-05-02,109,10.4,9252,122,6
2010-05-03,124,13.4,9253,123,0
2010-05-04,113,19.0,9254,124,1
2010-05-05,93,15.4,9255,125,2
2010-05-06,115,10.7,9256,126,3
2010-05-07,96,13.0,9257,127,4
2010-05-08,90,12.1,9258,128,5
2010-05-09,106,12.7,9259,129,6
2010-05-10,102,14.6,9260,130,0
2010-05-11,92,15.6,9261,131,1
2010-05-12,125,16.1,9262,132,2
2010-05-13,129,13.5,9263,133,3
2010-05-14,83,12.4,9264,134,4
2010-05-15,78,13.4,9265,135,5
2010-05-16,96,13.3,9266,136,6
2010-05-17,91,12.9,9267,137,0
2010-05-18,107,13.9,9268,138,1
2010-05-19,102,12.5,9269,139,2
2010-05-20,112,12.2,9270,140,3
2010-05-21,95,11.7,9271,141,4
2010-05-22,109,11.5,9272,142,5
2010-05-23,91,9.7,9273,143,6
2010-05-24,97,10.6,9274,144,0
2010-05-25,99,13.1,9275,145,1
2010-05-26,114,15.1,9276,146,2
2010-05-27,118,14.6,9277,147,3
2010-05-28,105,13.3,9278,148,4
2010-05-29,85,10.5,9279,149,5
2010-05-30,94,9.0,9280,150,6
2010-05-31,103,10.2,9281,151,0
2010-06-01,109,10.8,9282,152,1
2010-06-02,105,14.0,9283,153,2
2010-06-03,106,16.1,9284,154,3
2010-06-04,101,16.2,9285,155,4
2010-06-05,108,15.2,9286,156,5
2010-06-06,103,14.1,9287,157,6
2010-06-07,134,17.4,9288,158,0
2010-06-08,120,19.5,9289,159,1
2010-06-09,106,19.7,9290,160,2
2010-06-10,121,21.5,9291,161,3
2010-06-11,128,21.9,9292,162,4
2010-06-12,135,23.4,9293,163,5
2010-06-13,99,18.7,9294,164,6
2010-06-14,93,15.1,9295,165,0
2010-06-15,79,14.8,9296,166,1
2010-06-16,104,17.4,9297,167,2
2010-06-17,97,20.3,9298,168,3
2010-06-18,103,19.3,9299,169,4
2010-06-19,92,16.9,9300,170,5
2010-06-20,123,16.8,9301,171,6
2010-06-21,95,15.6,9302,172,0
2010-06-22,106,14.8,9303,173,1
2010-06-23,101,15.5,9304,174,2
2010-06-24,90,17.7,9305,175,3
2010-06-25,104,17.5,9306,176,4
2010-06-26,99,13.6,9307,177,5
2010-06-27,83,14.5,9308,178,6
2010-06-28,106,16.7,9309,179,0
2010-06-29,101,17.7,9310,180,1
2010-06-30,104,20.1,9311,181,2
2010-07-01,125,21.9,9312,182,3
2010-07-02,91,24.5,9313,183,4
2010-07-03,123,23.6,9314,184,5
2010-07-04,89,23.2,9315,185,6
2010-07-05,119,19.5,9316,186,0
2010-07-06,114,19.3,9317,187,1
2010-07-07,104,18.2,9318,188,2
2010-07-08,91,17.2,9319,189,3
2010-07-09,95,17.0,9320,190,4
2010-07-10,105,17.2,9321,191,5
2010-07-11,108,19.4,9322,192,6
2010-07-12,113,19.3,9323,193,0
2010-07-13,103,18.0,9324,194,1
2010-07-14,79,16.6,9325,195,2
2010-07-15,102,18.1,9326,196,3
2010-07-16,116,20.8,9327,197,4
2010-07-17,108,23.2,9328,198,5
2010-07-18,115,23.8,9329,199,6
2010-07-19,117,25.3,9330,200,0
2010-07-20,111,24.2,9331,201,1
2010-07-21,101,24.1,9332,202,2
2010-07-22,121,21.8,9333,203,3
2010-07-23,97,20.4,9334,204,4
2010-07-24,105,21.9,9335,205,5
2010-07-25,123,24.2,9336,206,6
2010-07-26,116,25.0,9337,207,0
2010-07-27,103,22.3,9338,208,1
2010-07-28,114,21.2,9339,209,2
2010-07-29,87,20.2,9340,210,3
2010-07-30,95,20.3,9341,211,4
2010-07-31,111,18.9,9342,212,5
2010-08-01,84,17.7,9343,213,6
2010-08-02,116,16.9,9344,214,0
2010-08-03,101,16.1,9345,215,1
2010-08-04,98,16.7,9346,216,2
2010-08-05,98,19.7,9347,217,3
2010-08-06,113,21.6,9348,218,4
2010-08-07,88,19.7,9349,219,5
2010-08-08,85,18.3,9350,220,6
2010-08-09,95,17.8,9351,221,0
2010-08-10,106,15.9,9352,222,1
2010-08-11,102,15.8,9353,223,2
2010-08-12,105,15.5,9354,224,3
2010-08-13,84,14.5,9355,225,4
2010-08-14,91,14.9,9356,226,5
2010-08-15,98,16.2,9357,227,6
2010-08-16,114,16.3,9358,228,0
2010-08-17,115,17.6,9359,229,1
2010-08-18,102,16.5,9360,230,2
2010-08-19,85,17.0,9361,231,3
2010-08-20,95,16.7,9362,232,4
2010-08-21,89,16.6,9363,233,5
2010-08-22,102,15.9,9364,234,6
2010-08-23,99,16.4,9365,235,0
2010-08-24,104,16.1,9366,236,1
2010-08-25,90,15.6,9367,237,2
2010-08-26,93,16.8,9368,238,3
2010-08-27,105,16.8,9369,239,4
2010-08-28,92,15.6,9370,240,5
2010-08-29,105,14.5,9371,241,6
2010-08-30,94,14.9,9372,242,0
2010-08-31,112,18.3,9373,243,1
2010-09-01,108,17.5,9374,244,2
2010-09-02,97,16.6,9375,245,3
2010-09-03,101,20.4,9376,246,4
2010-09-04,96,18.9,9377,247,5
2010-09-05,99,20.5,9378,248,6
2010-09-06,93,20.8,9379,249,0
2010-09-07,85,16.5,9380,250,1
2010-09-08,108,14.4,9381,251,2
2010-09-09,99,15.7,9382,252,3
2010-09-10,97,17.6,9383,253,4
2010-09-11,103,20.1,9384,254,5
2010-09-12,96,18.1,9385,255,6
2010-09-13,97,18.9,9386,256,0
2010-09-14,113,17.8,9387,257,1
2010-09-15,71,17.2,9388,258,2
2010-09-16,80,18.0,9389,259,3
2010-09-17,104,18.9,9390,260,4
2010-09-18,99,17.0,9391,261,5
2010-09-19,98,15.8,9392,262,6
2010-09-20,85,16.6,9393,263,0
2010-09-21,112,21.1,9394,264,1
2010-09-22,104,16.5,9395,265,2
2010-09-23,98,17.0,9396,266,3
2010-09-24,77,17.8,9397,267,4
2010-09-25,83,16.2,9398,268,5
2010-09-26,70,15.4,9399,269,6
2010-09-27,82,15.5,9400,270,0
2010-09-28,100,17.4,9401,271,1
2010-09-29,91,16.3,9402,272,2
2010-09-30,87,15.1,9403,273,3
2010-10-01,104,16.0,9404,274,4
2010-10-02,99,14.4,9405,275,5
2010-10-03,75,11.9,9406,276,6
2010-10-04,109,11.8,9407,277,0
2010-10-05,104,12.0,9408,278,1
2010-10-06,87,15.7,9409,279,2
2010-10-07,114,12.6,9410,280,3
2010-10-08,97,12.7,9411,281,4
2010-10-09,115,16.5,9412,282,5
2010-10-10,121,17.1,9413,283,6
2010-10-11,102,16.1,9414,284,0
2010-10-12,94,13.2,9415,285,1
2010-10-13,114,12.9,9416,286,2
2010-10-14,119,13.3,9417,287,3
2010-10-15,109,14.4,9418,288,4
2010-10-16,117,14.1,9419,289,5
2010-10-17,98,13.7,9420,290,6
2010-10-18,112,15.3,9421,291,0
2010-10-19,112,15.0,9422,292,1
2010-10-20,93,14.5,9423,293,2
2010-10-21,93,14.1,9424,294,3
2010-10-22,110,13.9,9425,295,4
2010-10-23,98,12.4,9426,296,5
2010-10-24,117,11.7,9427,297,6
2010-10-25,104,11.7,9428,298,0
2010-10-26,112,15.1,9429,299,1
2010-10-27,113,10.2,9430,300,2
2010-10-28,100,14.5,9431,301,3
2010-10-29,127,13.7,9432,302,4
2010-10-30,100,13.2,9433,303,5
2010-10-31,109,12.1,9434,304,6
2010-11-01,122,5.7,9435,305,0
2010-11-02,105,4.1,9436,306,1
2010-11-03,121,4.1,9437,307,2
2010-11-04,95,4.4,9438,308,3
2010-11-05,117,6.8,9439,309,4
2010-11-06,101,6.3,9440,310,5
2010-11-07,112,6.5,9441,311,6
2010-11-08,135,10.2,9442,312,0
2010-11-09,98,7.2,9443,313,1
2010-11-10,139,6.7,9444,314,2
2010-11-11,119,10.6,9445,315,3
2010-11-12,112,9.6,9446,316,4
2010-11-13,133,12.8,9447,317,5
2010-11-14,118,12.4,9448,318,6
2010-11-15,125,13.0,9449,319,0
2010-11-16,117,10.3,9450,320,1
2010-11-17,99,8.5,9451,321,2
2010-11-18,113,5.8,9452,322,3
2010-11-19,105,6.1,9453,323,4
2010-11-20,89,10.1,9454,324,5
2010-11-21,110,6.0,9455,325,6
2010-11-22,126,7.7,9456,326,0
2010-11-23,106,10.8,9457,327,1
2010-11-24,130,10.6,9458,328,2
2010-11-25,94,10.9,9459,329,3
2010-11-26,103,10.5,9460,330,4
2010-11-27,115,12.2,9461,331,5
2010-11-28,108,11.0,9462,332,6
2010-11-29,91,9.0,9463,333,0
2010-11-30,118,9.4,9464,334,1
2010-12-01,120,11.0,9465,335,2
2010-12-02,120,10.0,9466,336,3
2010-12-03,107,9.1,9467,337,4
2010-12-04,115,10.7,9468,338,5
2010-12-05,100,12.0,9469,339,6
2010-12-06,100,8.5,9470,340,0
2010-12-07,120,9.7,9471,341,1
2010-12-08,98,7.1,9472,342,2
2010-12-09,101,4.1,9473,343,3
2010-12-10,119,4.9,9474,344,4
2010-12-11,121,9.7,9475,345,5
2010-12-12,124,7.6,9476,346,6
2010-12-13,111,11.5,9477,347,0
2010-12-14,110,11.9,9478,348,1
2010-12-15,114,11.1,9479,349,2
2010-12-16,111,5.8,9480,350,3
2010-12-17,86,4.4,9481,351,4
2010-12-18,115,4.7,9482,352,5
2010-12-19,106,1.4,9483,353,6
2010-12-20,100,-0.2,9484,354,0
2010-12-21,124,-0.2,9485,355,1
2010-12-22,120,-0.5,9486,356,2
2010-12-23,138,2.8,9487,357,3
2010-12-24,122,5.6,9488,358,4
2010-12-25,126,5.4,9489,359,5
2010-12-26,108,5.6,9490,360,6
2010-12-27,137,4.6,9491,361,0
2010-12-28,113,9.3,9492,362,1
2010-12-29,118,8.0,9493,363,2
2010-12-30,126,10.9,9494,364,3
2010-12-31,111,9.7,9495,365,4
2011-01-01,115,6.9,9496,1,5
2011-01-02,97,6.4,9497,2,6
2011-01-03,124,8.8,9498,3,0
2011-01-04,133,9.2,9499,4,1
2011-01-05,139,9.3,9500,5,2
2011-01-06,135,6.5,9501,6,3
2011-01-07,115,9.3,9502,7,4
2011-01-08,120,9.6,9503,8,5
2011-01-09,121,12.6,9504,9,6
2011-01-10,130,8.9,9505,10,0
2011-01-11,116,9.5,9506,11,1
2011-01-12,125,10.5,9507,12,2
2011-01-13,134,10.5,9508,13,3
2011-01-14,103,6.3,9509,14,4
2011-01-15,120,7.7,9510,15,5
2011-01-16,108,10.4,9511,16,6
2011-01-17,119,9.5,9512,17,0
2011-01-18,137,11.0,9513,18,1
2011-01-19,96,11.8,9514,19,2
2011-01-20,105,9.4,9515,20,3
2011-01-21,93,5.9,9516,21,4
2011-01-22,104,3.1,9517,22,5
2011-01-23,120,1.1,9518,23,6
2011-01-24,138,0.8,9519,24,0
2011-01-25,113,0.9,9520,25,1
2011-01-26,114,2.9,9521,26,2
2011-01-27,123,5.9,9522,27,3
2011-01-28,130,6.6,9523,28,4
2011-01-29,139,8.2,9524,29,5
2011-01-30,107,6.9,9525,30,6
2011-01-31,127,5.7,9526,31,0
2011-02-01,115,8.5,9527,32,1
2011-02-02,119,7.9,9528,33,2
2011-02-03,130,3.8,9529,34,3
2011-02-04,127,2.5,9530,35,4
2011-02-05,141,3.3,9531,36,5
2011-02-06,134,1.0,9532,37,6
2011-02-07,127,-1.2,9533,38,0
2011-02-08,148,1.4,9534,39,1
2011-02-09,136,2.3,9535,40,2
2011-02-10,133,6.9,9536,41,3
2011-02-11,131,8.8,9537,42,4
2011-02-12,146,8.0,9538,43,5
2011-02-13,139,7.7,9539,44,6
2011-02-14,137,7.0,9540,45,0
2011-02-15,132,6.2,9541,46,1
2011-02-16,126,8.5,9542,47,2
2011-02-17,132,6.8,9543,48,3
2011-02-18,114,7.0,9544,49,4
2011-02-19,162,8.2,9545,50,5
2011-02-20,134,9.3,9546,51,6
2011-02-21,129,8.9,9547,52,0
2011-02-22,109,8.6,9548,53,1
2011-02-23,130,9.3,9549,54,2
2011-02-24,127,9.2,9550,55,3
2011-02-25,111,7.3,9551,56,4
2011-02-26,128,7.5,9552,57,5
2011-02-27,139,8.4,9553,58,6
2011-02-28,135,9.5,9554,59,0
2011-03-01,131,7.2,9555,60,1
2011-03-02,106,6.1,9556,61,2
2011-03-03,116,7.6,9557,62,3
2011-03-04,127,8.0,9558,63,4
2011-03-05,110,8.8,9559,64,5
2011-03-06,137,10.3,9560,65,6
2011-03-07,118,7.9,9561,66,0
2011-03-08,123,7.8,9562,67,1
2011-03-09,103,8.7,9563,68,2
2011-03-10,115,8.0,9564,69,3
2011-03-11,117,9.5,9565,70,4
2011-03-12,101,10.3,9566,71,5
2011-03-13,111,8.6,9567,72,6
2011-03-14,99,7.7,9568,73,0
2011-03-15,108,8.0,9569,74,1
2011-03-16,100,9.3,9570,75,2
2011-03-17,125,10.7,9571,76,3
2011-03-18,123,7.2,9572,77,4
2011-03-19,125,3.2,9573,78,5
2011-03-20,139,3.1,9574,79,6
2011-03-21,120,3.0,9575,80,0
2011-03-22,94,2.5,9576,81,1
2011-03-23,121,5.9,9577,82,2
2011-03-24,115,5.8,9578,83,3
2011-03-25,99,8.6,9579,84,4
2011-03-26,131,8.3,9580,85,5
2011-03-27,98,9.0,9581,86,6
2011-03-28,124,8.9,9582,87,0
2011-03-29,123,6.8,9583,88,1
2011-03-30,101,6.5,9584,89,2
2011-03-31,113,9.6,9585,90,3
2011-04-01,112,10.2,9586,91,4
2011-04-02,115,10.7,9587,92,5
2011-04-03,100,6.6,9588,93,6
2011-04-04,114,6.6,9589,94,0
2011-04-05,117,9.1,9590,95,1
2011-04-06,120,10.7,9591,96,2
2011-04-07,107,9.4,9592,97,3
2011-04-08,101,10.5,9593,98,4
2011-04-09,89,11.3,9594,99,5
2011-04-10,89,13.8,9595,100,6
2011-04-11,105,13.1,9596,101,0
2011-04-12,87,12.0,9597,102,1
2011-04-13,125,12.3,9598,103,2
2011-04-14,115,14.5,9599,104,3
2011-04-15,107,16.4,9600,105,4
2011-04-16,120,16.4,9601,106,5
2011-04-17,108,13.2,9602,107,6
2011-04-18,112,10.4,9603,108,0
2011-04-19,91,12.2,9604,109,1
2011-04-20,99,11.2,9605,110,2
2011-04-21,126,11.8,9606,111,3
2011-04-22,98,13.9,9607,112,4
2011-04-23,118,12.9,9608,113,5
2011-04-24,122,15.3,9609,114,6
2011-04-25,99,15.1,9610,115,0
2011-04-26,118,12.1,9611,116,1
2011-04-27,69,12.4,9612,117,2
2011-04-28,107,14.3,9613,118,3
2011-04-29,103,13.5,9614,119,4
2011-04-30,106,13.4,9615,120,5
2011-05-01,103,14.4,9616,121,6
2011-05-02,101,14.4,9617,122,0
2011-05-03,96,10.2,9618,123,1
2011-05-04,113,11.2,9619,124,2
2011-05-05,90,10.4,9620,125,3
2011-05-06,109,12.9,9621,126,4
2011-05-07,108,14.6,9622,127,5
2011-05-08,94,13.2,9623,128,6
2011-05-09,104,12.1,9624,129,0
2011-05-10,115,12.2,9625,130,1
2011-05-11,104,11.6,9626,131,2
2011-05-12,114,12.8,9627,132,3
2011-05-13,80,12.0,9628,133,4
2011-05-14,104,10.3,9629,134,5
2011-05-15,116,10.6,9630,135,6
2011-05-16,106,12.0,9631,136,0
2011-05-17,99,15.2,9632,137,1
2011-05-18,117,15.3,9633,138,2
2011-05-19,98,12.6,9634,139,3
2011-05-20,105,12.6,9635,140,4
2011-05-21,105,12.3,9636,141,5
2011-05-22,94,15.9,9637,142,6
2011-05-23,121,17.2,9638,143,0
2011-05-24,107,19.0,9639,144,1
2011-05-25,105,17.4,9640,145,2
2011-05-26,110,12.0,9641,146,3
2011-05-27,105,9.9,9642,147,4
2011-05-28,103,6.9,9643,148,5
2011-05-29,104,9.3,9644,149,6
2011-05-30,107,11.0,9645,150,0
2011-05-31,112,14.0,9646,151,1
2011-06-01,115,15.7,9647,152,2
2011-06-02,116,17.5,9648,153,3
2011-06-03,105,17.9,9649,154,4
2011-06-04,102,15.4,9650,155,5
2011-06-05,96,15.2,9651,156,6
2011-06-06,96,13.4,9652,157,0
2011-06-07,99,14.7,9653,158,1
2011-06-08,118,16.2,9654,159,2
2011-06-09,104,18.6,9655,160,3
2011-06-10,89,18.7,9656,161,4
2011-06-11,107,17.5,9657,162,5
2011-06-12,82,17.8,9658,163,6
2011-06-13,108,17.2,9659,164,0
2011-06-14,97,17.7,9660,165,1
2011-06-15,115,16.4,9661,166,2
2011-06-16,76,15.3,9662,167,3
2011-06-17,87,15.9,9663,168,4
2011-06-18,91,15.4,9664,169,5
2011-06-19,113,18.0,9665,170,6
2011-06-20,98,17.3,9666,171,0
2011-06-21,94,16.4,9667,172,1
2011-06-22,86,15.5,9668,173,2
2011-06-23,111,16.0,9669,174,3
2011-06-24,91,13.4,9670,175,4
2011-06-25,109,13.4,9671,176,5
2011-06-26,95,12.7,9672,177,6
2011-06-27,104,12.7,9673,178,0
2011-06-28,92,13.6,9674,179,1
2011-06-29,107,16.4,9675,180,2
2011-06-30,90,15.5,9676,181,3
2011-07-01,102,16.3,9677,182,4
2011-07-02,113,15.7,9678,183,5
2011-07-03,92,14.5,9679,184,6
2011-07-04,99,14.9,9680,185,0
2011-07-05,93,15.5,9681,186,1
2011-07-06,95,15.9,9682,187,2
2011-07-07,86,16.1,9683,188,3
2011-07-08,108,15.2,9684,189,4
2011-07-09,96,14.8,9685,190,5
2011-07-10,113,14.5,9686,191,6
2011-07-11,88,15.7,9687,192,0
2011-07-12,93,17.0,9688,193,1
2011-07-13,87,18.6,9689,194,2
2011-07-14,98,18.4,9690,195,3
2011-07-15,89,19.1,9691,196,4
2011-07-16,104,18.7,9692,197,5
2011-07-17,86,16.8,9693,198,6
2011-07-18,88,17.4,9694,199,0
2011-07-19,98,17.1,9695,200,1
2011-07-20,87,16.0,9696,201,2
2011-07-21,90,14.5,9697,202,3
2011-07-22,110,15.4,9698,203,4
2011-07-23,124,15.5,9699,204,5
2011-07-24,106,16.7,9700,205,6
2011-07-25,84,15.7,9701,206,0
2011-07-26,102,15.9,9702,207,1
2011-07-27,86,16.5,9703,208,2
2011-07-28,104,17.0,9704,209,3
2011-07-29,92,15.2,9705,210,4
2011-07-30,94,14.4,9706,211,5
2011-07-31,96,15.3,9707,212,6
2011-08-01,106,17.2,9708,213,0
2011-08-02,100,16.2,9709,214,1
2011-08-03,118,17.3,9710,215,2
2011-08-04,105,19.3,9711,216,3
2011-08-05,117,21.1,9712,217,4
2011-08-06,115,18.1,9713,218,5
2011-08-07,86,16.0,9714,219,6
2011-08-08,107,15.9,9715,220,0
2011-08-09,86,15.8,9716,221,1
2011-08-10,86,16.8,9717,222,2
2011-08-11,109,18.1,9718,223,3
2011-08-12,95,16.4,9719,224,4
2011-08-13,92,15.7,9720,225,5
2011-08-14,110,16.5,9721,226,6
2011-08-15,106,17.5,9722,227,0
2011-08-16,96,14.4,9723,228,1
2011-08-17,87,14.5,9724,229,2
2011-08-18,98,15.4,9725,230,3
2011-08-19,103,15.3,9726,231,4
2011-08-20,101,13.7,9727,232,5
2011-08-21,88,14.5,9728,233,6
2011-08-22,94,15.1,9729,234,0
2011-08-23,82,14.9,9730,235,1
2011-08-24,97,16.1,9731,236,2
2011-08-25,95,18.3,9732,237,3
2011-08-26,87,18.0,9733,238,4
2011-08-27,86,14.9,9734,239,5
2011-08-28,93,15.4,9735,240,6
2011-08-29,118,15.8,9736,241,0
2011-08-30,92,14.5,9737,242,1
2011-08-31,102,15.5,9738,243,2
2011-09-01,95,17.2,9739,244,3
2011-09-02,78,16.7,9740,245,4
2011-09-03,103,15.0,9741,246,5
2011-09-04,106,13.4,9742,247,6
2011-09-05,108,16.7,9743,248,0
2011-09-06,103,18.2,9744,249,1
2011-09-07,106,18.5,9745,250,2
2011-09-08,88,15.0,9746,251,3
2011-09-09,86,16.5,9747,252,4
2011-09-10,103,16.2,9748,253,5
2011-09-11,94,13.8,9749,254,6
2011-09-12,105,14.4,9750,255,0
2011-09-13,111,15.4,9751,256,1
2011-09-14,91,15.4,9752,257,2
2011-09-15,103,13.8,9753,258,3
2011-09-16,115,14.5,9754,259,4
2011-09-17,91,13.5,9755,260,5
2011-09-18,87,10.3,9756,261,6
2011-09-19,111,12.9,9757,262,0
2011-09-20,103,16.0,9758,263,1
2011-09-21,97,16.3,9759,264,2
2011-09-22,97,16.2,9760,265,3
2011-09-23,79,15.6,9761,266,4
2011-09-24,117,14.7,9762,267,5
2011-09-25,91,11.9,9763,268,6
2011-09-26,102,9.9,9764,269,0
2011-09-27,107,10.0,9765,270,1
2011-09-28,103,12.1,9766,271,2
2011-09-29,111,13.7,9767,272,3
2011-09-30,93,11.5,9768,273,4
2011-10-01,84,12.8,9769,274,5
2011-10-02,113,13.0,9770,275,6
2011-10-03,108,14.0,9771,276,0
2011-10-04,103,13.5,9772,277,1
2011-10-05,93,11.2,9773,278,2
2011-10-06,100,13.1,9774,279,3
2011-10-07,98,11.5,9775,280,4
2011-10-08,89,12.6,9776,281,5
2011-10-09,100,11.3,9777,282,6
2011-10-10,98,12.9,9778,283,0
2011-10-11,97,10.7,9779,284,1
2011-10-12,92,14.2,9780,285,2
2011-10-13,128,15.3,9781,286,3
2011-10-14,90,13.5,9782,287,4
2011-10-15,87,12.5,9783,288,5
2011-10-16,96,14.6,9784,289,6
2011-10-17,97,11.8,9785,290,0
2011-10-18,111,7.9,9786,291,1
2011-10-19,111,6.7,9787,292,2
2011-10-20,83,7.8,9788,293,3
2011-10-21,128,6.9,9789,294,4
2011-10-22,115,7.3,9790,295,5
2011-10-23,92,6.6,9791,296,6
2011-10-24,97,8.0,9792,297,0
2011-10-25,114,9.2,9793,298,1
2011-10-26,124,9.2,9794,299,2
2011-10-27,124,11.5,9795,300,3
2011-10-28,140,13.3,9796,301,4
2011-10-29,100,9.6,9797,302,5
2011-10-30,108,8.7,9798,303,6
2011-10-31,101,9.7,9799,304,0
2011-11-01,106,12.3,9800,305,1
2011-11-02,106,11.7,9801,306,2
2011-11-03,77,11.3,9802,307,3
2011-11-04,104,8.5,9803,308,4
2011-11-05,107,7.4,9804,309,5
2011-11-06,103,7.7,9805,310,6
2011-11-07,118,10.4,9806,311,0
2011-11-08,107,10.5,9807,312,1
2011-11-09,104,7.3,9808,313,2
2011-11-10,123,10.9,9809,314,3
2011-11-11,114,9.4,9810,315,4
2011-11-12,96,2.6,9811,316,5
2011-11-13,106,6.1,9812,317,6
2011-11-14,116,6.0,9813,318,0
2011-11-15,108,2.9,9814,319,1
2011-11-16,117,1.5,9815,320,2
2011-11-17,126,4.5,9816,321,3
2011-11-18,123,5.0,9817,322,4
2011-11-19,125,7.4,9818,323,5
2011-11-20,134,7.5,9819,324,6
2011-11-21,105,9.5,9820,325,0
2011-11-22,118,8.4,9821,326,1
2011-11-23,115,4.2,9822,327,2
2011-11-24,109,2.8,9823,328,3
2011-11-25,111,7.7,9824,329,4
2011-11-26,110,6.9,9825,330,5
2011-11-27,117,8.9,9826,331,6
2011-11-28,140,9.5,9827,332,0
2011-11-29,109,7.8,9828,333,1
2011-11-30,132,10.4,9829,334,2
2011-12-01,104,8.2,9830,335,3
2011-12-02,117,9.5,9831,336,4
2011-12-03,128,7.7,9832,337,5
2011-12-04,114,9.8,9833,338,6
2011-12-05,117,11.8,9834,339,0
2011-12-06,122,12.3,9835,340,1
2011-12-07,119,8.9,9836,341,2
2011-12-08,126,6.9,9837,342,3
2011-12-09,112,7.1,9838,343,4
2011-12-10,84,5.6,9839,344,5
2011-12-11,107,1.5,9840,345,6
2011-12-12,123,0.9,9841,346,0
2011-12-13,117,1.0,9842,347,1
2011-12-14,106,3.3,9843,348,2
2011-12-15,142,2.1,9844,349,3
2011-12-16,124,1.3,9845,350,4
2011-12-17,115,2.6,9846,351,5
2011-12-18,144,3.3,9847,352,6
2011-12-19,126,2.1,9848,353,0
2011-12-20,126,0.5,9849,354,1
2011-12-21,152,1.2,9850,355,2
2011-12-22,124,3.4,9851,356,3
2011-12-23,131,1.2,9852,357,4
2011-12-24,133,7.2,9853,358,5
2011-12-25,122,7.2,9854,359,6
2011-12-26,140,5.9,9855,360,0
2011-12-27,128,10.7,9856,361,1
2011-12-28,128,9.9,9857,362,2
2011-12-29,136,7.3,9858,363,3
2011-12-30,108,6.7,9859,364,4
2011-12-31,140,6.5,9860,365,5
2012-01-01,139,7.3,9861,1,6
2012-01-02,129,3.6,9862,2,0
2012-01-03,137,1.5,9863,3,1
2012-01-04,154,5.8,9864,4,2
2012-01-05,141,6.0,9865,5,3
2012-01-06,121,4.8,9866,6,4
2012-01-07,127,6.9,9867,7,5
2012-01-08,137,7.8,9868,8,6
2012-01-09,128,6.2,9869,9,0
2012-01-10,121,9.5,9870,10,1
2012-01-11,130,7.5,9871,11,2
2012-01-12,134,5.0,9872,12,3
2012-01-13,127,9.2,9873,13,4
2012-01-14,119,8.2,9874,14,5
2012-01-15,139,9.0,9875,15,6
2012-01-16,121,5.0,9876,16,0
2012-01-17,121,6.2,9877,17,1
2012-01-18,125,10.1,9878,18,2
2012-01-19,127,12.7,9879,19,3
2012-01-20,105,12.3,9880,20,4
2012-01-21,125,10.5,9881,21,5
2012-01-22,86,5.4,9882,22,6
2012-01-23,120,10.4,9883,23,0
2012-01-24,127,8.5,9884,24,1
2012-01-25,115,6.9,9885,25,2
2012-01-26,104,7.2,9886,26,3
2012-01-27,122,6.5,9887,27,4
2012-01-28,128,4.2,9888,28,5
2012-01-29,103,7.2,9889,29,6
2012-01-30,97,4.8,9890,30,0
2012-01-31,132,6.5,9891,31,1
2012-02-01,105,4.2,9892,32,2
2012-02-02,106,3.1,9893,33,3
2012-02-03,93,5.9,9894,34,4
2012-02-04,103,5.9,9895,35,5
2012-02-05,119,9.9,9896,36,6
2012-02-06,113,7.1,9897,37,0
2012-02-07,95,6.9,9898,38,1
2012-02-08,103,7.1,9899,39,2
2012-02-09,114,7.1,9900,40,3
2012-02-10,91,5.9,9901,41,4
2012-02-11,93,5.7,9902,42,5
2012-02-12,111,5.6,9903,43,6
2012-02-13,105,4.9,9904,44,0
2012-02-14,119,4.1,9905,45,1
2012-02-15,118,4.1,9906,46,2
2012-02-16,111,1.3,9907,47,3
2012-02-17,125,1.4,9908,48,4
2012-02-18,114,2.7,9909,49,5
2012-02-19,126,3.0,9910,50,6
2012-02-20,117,2.1,9911,51,0
2012-02-21,135,7.8,9912,52,1
2012-02-22,126,10.6,9913,53,2
2012-02-23,131,8.6,9914,54,3
2012-02-24,104,9.5,9915,55,4
2012-02-25,115,5.8,9916,56,5
2012-02-26,134,9.4,9917,57,6
2012-02-27,106,6.4,9918,58,0
2012-02-28,135,6.4,9919,59,1
2012-02-29,118,6.6,9920,60,2
2012-03-01,111,10.0,9921,61,3
2012-03-02,108,10.3,9922,62,4
2012-03-03,97,5.1,9923,63,5
2012-03-04,105,3.4,9924,64,6
2012-03-05,108,3.8,9925,65,0
2012-03-06,119,8.6,9926,66,1
2012-03-07,134,7.9,9927,67,2
2012-03-08,107,7.3,9928,68,3
2012-03-09,138,6.5,9929,69,4
2012-03-10,116,6.3,9930,70,5
2012-03-11,119,8.6,9931,71,6
2012-03-12,115,7.3,9932,72,0
2012-03-13,113,7.3,9933,73,1
2012-03-14,102,9.0,9934,74,2
2012-03-15,129,10.6,9935,75,3
2012-03-16,99,7.6,9936,76,4
2012-03-17,119,5.4,9937,77,5
2012-03-18,99,4.1,9938,78,6
2012-03-19,112,4.6,9939,79,0
2012-03-20,112,5.6,9940,80,1
2012-03-21,118,6.3,9941,81,2
2012-03-22,109,2.5,9942,82,3
2012-03-23,121,0.8,9943,83,4
2012-03-24,102,1.7,9944,84,5
2012-03-25,127,3.8,9945,85,6
2012-03-26,127,6.7,9946,86,0
2012-03-27,120,6.3,9947,87,1
2012-03-28,107,7.1,9948,88,2
2012-03-29,115,7.9,9949,89,3
2012-03-30,106,9.6,9950,90,4
2012-03-31,111,8.2,9951,91,5
2012-04-01,128,10.4,9952,92,6
2012-04-02,141,10.2,9953,93,0
2012-04-03,97,11.8,9954,94,1
2012-04-04,120,10.9,9955,95,2
2012-04-05,130,6.6,9956,96,3
2012-04-06,119,1.5,9957,97,4
2012-04-07,130,3.3,9958,98,5
2012-04-08,123,4.3,9959,99,6
2012-04-09,114,5.6,9960,100,0
2012-04-10,117,6.1,9961,101,1
2012-04-11,115,7.3,9962,102,2
2012-04-12,132,8.0,9963,103,3
2012-04-13,104,6.5,9964,104,4
2012-04-14,102,7.0,9965,105,5
2012-04-15,124,5.9,9966,106,6
2012-04-16,105,6.8,9967,107,0
2012-04-17,114,6.3,9968,108,1
2012-04-18,118,7.4,9969,109,2
2012-04-19,112,7.5,9970,110,3
2012-04-20,143,10.3,9971,111,4
2012-04-21,109,10.8,9972,112,5
2012-04-22,125,11.1,9973,113,6
2012-04-23,136,11.0,9974,114,0
2012-04-24,109,10.2,9975,115,1
2012-04-25,118,11.7,9976,116,2
2012-04-26,111,14.3,9977,117,3
2012-04-27,109,13.5,9978,118,4
2012-04-28,109,10.2,9979,119,5
2012-04-29,103,8.2,9980,120,6
2012-04-30,96,7.4,9981,121,0
2012-05-01,95,9.6,9982,122,1
2012-05-02,105,10.1,9983,123,2
2012-05-03,106,13.2,9984,124,3
2012-05-04,103,16.9,9985,125,4
2012-05-05,87,16.4,9986,126,5
2012-05-06,107,16.0,9987,127,6
2012-05-07,93,17.7,9988,128,0
2012-05-08,97,18.4,9989,129,1
2012-05-09,104,18.5,9990,130,2
2012-05-10,111,18.9,9991,131,3
2012-05-11,107,18.7,9992,132,4
2012-05-12,125,17.6,9993,133,5
2012-05-13,116,15.6,9994,134,6
2012-05-14,100,14.2,9995,135,0
2012-05-15,85,11.6,9996,136,1
2012-05-16,98,11.0,9997,137,2
2012-05-17,129,10.9,9998,138,3
2012-05-18,83,10.8,9999,139,4
2012-05-19,105,8.9,10000,140,5
2012-05-20,103,9.6,10001,141,6
2012-05-21,98,12.1,10002,142,0
2012-05-22,112,14.8,10003,143,1
2012-05-23,107,15.5,10004,144,2
2012-05-24,94,16.0,10005,145,3
2012-05-25,98,13.5,10006,146,4
2012-05-26,105,11.8,10007,147,5
2012-05-27,107,13.3,10008,148,6
2012-05-28,105,14.5,10009,149,0
2012-05-29,111,14.0,10010,150,1
2012-05-30,104,14.7,10011,151,2
2012-05-31,105,16.8,10012,152,3
2012-06-01,107,15.1,10013,153,4
2012-06-02,105,14.6,10014,154,5
2012-06-03,111,13.9,10015,155,6
2012-06-04,99,14.8,10016,156,0
2012-06-05,107,14.8,10017,157,1
2012-06-06,91,14.3,10018,158,2
2012-06-07,98,14.9,10019,159,3
2012-06-08,85,18.8,10020,160,4
2012-06-09,105,19.6,10021,161,5
2012-06-10,98,18.2,10022,162,6
2012-06-11,103,15.4,10023,163,0
2012-06-12,93,12.4,10024,164,1
2012-06-13,107,12.4,10025,165,2
2012-06-14,109,13.5,10026,166,3
2012-06-15,84,13.8,10027,167,4
2012-06-16,97,13.5,10028,168,5
2012-06-17,95,14.9,10029,169,6
2012-06-18,96,14.4,10030,170,0
2012-06-19,112,15.9,10031,171,1
2012-06-20,109,14.3,10032,172,2
2012-06-21,89,15.3,10033,173,3
2012-06-22,106,17.4,10034,174,4
2012-06-23,95,15.4,10035,175,5
2012-06-24,111,16.7,10036,176,6
2012-06-25,91,17.0,10037,177,0
2012-06-26,94,15.4,10038,178,1
2012-06-27,98,16.4,10039,179,2
2012-06-28,111,18.2,10040,180,3
2012-06-29,95,16.4,10041,181,4
2012-06-30,99,16.0,10042,182,5
2012-07-01,112,19.1,10043,183,6
2012-07-02,86,16.7,10044,184,0
2012-07-03,97,15.5,10045,185,1
2012-07-04,85,15.5,10046,186,2
2012-07-05,104,17.4,10047,187,3
2012-07-06,109,14.8,10048,188,4
2012-07-07,115,14.2,10049,189,5
2012-07-08,95,14.9,10050,190,6
2012-07-09,87,14.3,10051,191,0
2012-07-10,97,16.3,10052,192,1
2012-07-11,111,15.1,10053,193,2
2012-07-12,105,13.1,10054,194,3
2012-07-13,79,15.0,10055,195,4
2012-07-14,102,17.2,10056,196,5
2012-07-15,104,19.6,10057,197,6
2012-07-16,88,16.9,10058,198,0
2012-07-17,79,15.3,10059,199,1
2012-07-18,112,15.9,10060,200,2
2012-07-19,99,17.1,10061,201,3
2012-07-20,69,14.2,10062,202,4
2012-07-21,88,14.8,10063,203,5
2012-07-22,104,16.8,10064,204,6
2012-07-23,121,20.4,10065,205,0
2012-07-24,108,20.4,10066,206,1
2012-07-25,95,20.1,10067,207,2
2012-07-26,96,20.5,10068,208,3
2012-07-27,111,21.8,10069,209,4
2012-07-28,114,22.1,10070,210,5
2012-07-29,112,18.0,10071,211,6
2012-07-30,94,19.3,10072,212,0
2012-07-31,101,20.4,10073,213,1
2012-08-01,106,18.0,10074,214,2
2012-08-02,105,18.0,10075,215,3
2012-08-03,100,16.9,10076,216,4
2012-08-04,109,16.0,10077,217,5
2012-08-05,76,16.1,10078,218,6
2012-08-06,84,20.1,10079,219,0
2012-08-07,80,18.5,10080,220,1
2012-08-08,79,16.1,10081,221,2
2012-08-09,83,15.3,10082,222,3
2012-08-10,105,17.1,10083,223,4
2012-08-11,101,16.0,10084,224,5
2012-08-12,92,15.5,10085,225,6
2012-08-13,92,14.4,10086,226,0
2012-08-14,81,14.6,10087,227,1
2012-08-15,108,14.5,10088,228,2
2012-08-16,103,16.0,10089,229,3
2012-08-17,97,16.2,10090,230,4
2012-08-18,87,16.0,10091,231,5
2012-08-19,101,16.2,10092,232,6
2012-08-20,104,16.1,10093,233,0
2012-08-21,111,16.8,10094,234,1
2012-08-22,106,15.5,10095,235,2
2012-08-23,88,14.4,10096,236,3
2012-08-24,76,16.0,10097,237,4
2012-08-25,101,16.2,10098,238,5
2012-08-26,81,16.9,10099,239,6
2012-08-27,106,17.0,10100,240,0
2012-08-28,110,17.1,10101,241,1
2012-08-29,91,19.1,10102,242,2
2012-08-30,90,20.4,10103,243,3
2012-08-31,95,16.3,10104,244,4
2012-09-01,97,15.4,10105,245,5
2012-09-02,90,14.8,10106,246,6
2012-09-03,86,14.2,10107,247,0
2012-09-04,98,14.4,10108,248,1
2012-09-05,83,14.6,10109,249,2
2012-09-06,82,14.3,10110,250,3
2012-09-07,96,14.2,10111,251,4
2012-09-08,97,14.3,10112,252,5
2012-09-09,109,15.1,10113,253,6
2012-09-10,84,15.5,10114,254,0
2012-09-11,95,16.2,10115,255,1
2012-09-12,106,13.2,10116,256,2
2012-09-13,96,13.2,10117,257,3
2012-09-14,84,13.8,10118,258,4
2012-09-15,114,12.5,10119,259,5
2012-09-16,97,11.9,10120,260,6
2012-09-17,106,13.2,10121,261,0
2012-09-18,87,12.9,10122,262,1
2012-09-19,118,12.3,10123,263,2
2012-09-20,112,12.6,10124,264,3
2012-09-21,95,12.3,10125,265,4
2012-09-22,85,13.3,10126,266,5
2012-09-23,86,13.2,10127,267,6
2012-09-24,105,13.6,10128,268,0
2012-09-25,104,14.2,10129,269,1
2012-09-26,96,12.8,10130,270,2
2012-09-27,105,12.6,10131,271,3
2012-09-28,105,11.4,10132,272,4
2012-09-29,113,12.1,10133,273,5
2012-09-30,105,12.6,10134,274,6
2012-10-01,83,12.4,10135,275,0
2012-10-02,88,8.9,10136,276,1
2012-10-03,114,7.8,10137,277,2
2012-10-04,123,8.5,10138,278,3
2012-10-05,113,12.8,10139,279,4
2012-10-06,100,10.2,10140,280,5
2012-10-07,130,14.7,10141,281,6
2012-10-08,106,10.9,10142,282,0
2012-10-09,111,10.4,10143,283,1
2012-10-10,103,12.9,10144,284,2
2012-10-11,105,12.5,10145,285,3
2012-10-12,102,14.0,10146,286,4
2012-10-13,111,13.8,10147,287,5
2012-10-14,96,12.4,10148,288,6
2012-10-15,115,13.5,10149,289,0
2012-10-16,110,10.1,10150,290,1
2012-10-17,116,8.4,10151,291,2
2012-10-18,134,9.6,10152,292,3
2012-10-19,97,10.7,10153,293,4
2012-10-20,110,12.7,10154,294,5
2012-10-21,93,9.2,10155,295,6
2012-10-22,86,7.6,10156,296,0
2012-10-23,86,10.9,10157,297,1
2012-10-24,120,10.8,10158,298,2
2012-10-25,107,8.6,10159,299,3
2012-10-26,117,12.2,10160,300,4
2012-10-27,106,6.7,10161,301,5
2012-10-28,111,3.5,10162,302,6
2012-10-29,117,2.4,10163,303,0
2012-10-30,107,4.1,10164,304,1
2012-10-31,118,4.4,10165,305,2
2012-11-01,118,5.6,10166,306,3
2012-11-02,105,9.1,10167,307,4
2012-11-03,112,9.3,10168,308,5
2012-11-04,119,10.1,10169,309,6
2012-11-05,108,10.2,10170,310,0
2012-11-06,114,9.8,10171,311,1
2012-11-07,108,9.4,10172,312,2
2012-11-08,104,10.5,10173,313,3
2012-11-09,108,9.3,10174,314,4
2012-11-10,116,9.4,10175,315,5
2012-11-11,102,8.3,10176,316,6
2012-11-12,118,7.1,10177,317,0
2012-11-13,96,7.5,10178,318,1
2012-11-14,115,11.5,10179,319,2
2012-11-15,100,12.1,10180,320,3
2012-11-16,116,10.2,10181,321,4
2012-11-17,112,5.7,10182,322,5
2012-11-18,126,9.0,10183,323,6
2012-11-19,119,8.5,10184,324,0
2012-11-20,110,10.3,10185,325,1
2012-11-21,98,7.7,10186,326,2
2012-11-22,117,3.2,10187,327,3
2012-11-23,134,2.2,10188,328,4
2012-11-24,117,4.0,10189,329,5
2012-11-25,133,3.3,10190,330,6
2012-11-26,113,5.3,10191,331,0
2012-11-27,123,8.8,10192,332,1
2012-11-28,128,5.3,10193,333,2
2012-11-29,104,2.5,10194,334,3
2012-11-30,125,4.2,10195,335,4
2012-12-01,111,3.1,10196,336,5
2012-12-02,126,2.3,10197,337,6
2012-12-03,114,0.2,10198,338,0
2012-12-04,150,5.2,10199,339,1
2012-12-05,134,4.5,10200,340,2
2012-12-06,139,3.8,10201,341,3
2012-12-07,130,0.9,10202,342,4
2012-12-08,134,3.3,10203,343,5
2012-12-09,128,2.8,10204,344,6
2012-12-10,158,1.0,10205,345,0
2012-12-11,136,1.4,10206,346,1
2012-12-12,147,2.7,10207,347,2
2012-12-13,148,5.2,10208,348,3
2012-12-14,144,2.8,10209,349,4
2012-12-15,161,4.1,10210,350,5
2012-12-16,149,2.6,10211,351,6
2012-12-17,149,5.1,10212,352,0
2012-12-18,138,8.7,10213,353,1
2012-12-19,154,6.4,10214,354,2
2012-12-20,153,10.9,10215,355,3
2012-12-21,144,10.4,10216,356,4
2012-12-22,122,10.6,10217,357,5
2012-12-23,144,9.0,10218,358,6
2012-12-24,194,7.0,10219,359,0
2012-12-25,155,5.9,10220,360,1
2012-12-26,130,3.0,10221,361,2
2012-12-27,175,1.6,10222,362,3
2012-12-28,148,1.9,10223,363,4
2012-12-29,160,0.3,10224,364,5
2012-12-30,131,-1.6,10225,365,6
2012-12-31,162,-0.6,10226,366,0
2013-01-01,164,1.2,10227,1,1
2013-01-02,168,2.1,10228,2,2
2013-01-03,154,-1.7,10229,3,3
2013-01-04,126,-2.6,10230,4,4
2013-01-05,168,0.0,10231,5,5
2013-01-06,145,-3.0,10232,6,6
2013-01-07,136,-1.2,10233,7,0
2013-01-08,156,1.6,10234,8,1
2013-01-09,159,-2.0,10235,9,2
2013-01-10,128,-3.4,10236,10,3
2013-01-11,144,5.0,10237,11,4
2013-01-12,156,8.2,10238,12,5
2013-01-13,152,7.1,10239,13,6
2013-01-14,131,2.1,10240,14,0
2013-01-15,135,5.2,10241,15,1
2013-01-16,146,6.7,10242,16,2
2013-01-17,120,8.1,10243,17,3
2013-01-18,113,5.1,10244,18,4
2013-01-19,132,4.6,10245,19,5
2013-01-20,141,3.3,10246,20,6
2013-01-21,116,3.1,10247,21,0
2013-01-22,131,7.0,10248,22,1
2013-01-23,128,4.5,10249,23,2
2013-01-24,138,1.8,10250,24,3
2013-01-25,129,6.2,10251,25,4
2013-01-26,93,5.5,10252,26,5
2013-01-27,126,3.5,10253,27,6
2013-01-28,130,5.5,10254,28,0
2013-01-29,135,3.2,10255,29,1
2013-01-30,118,3.3,10256,30,2
2013-01-31,118,2.6,10257,31,3
2013-02-01,115,-0.3,10258,32,4
2013-02-02,135,-1.4,10259,33,5
2013-02-03,123,-0.2,10260,34,6
2013-02-04,123,1.1,10261,35,0
2013-02-05,110,1.6,10262,36,1
2013-02-06,125,0.9,10263,37,2
2013-02-07,115,0.4,10264,38,3
2013-02-08,100,1.6,10265,39,4
2013-02-09,147,3.1,10266,40,5
2013-02-10,129,2.6,10267,41,6
2013-02-11,146,2.0,10268,42,0
2013-02-12,108,0.6,10269,43,1
2013-02-13,108,3.1,10270,44,2
2013-02-14,110,1.0,10271,45,3
2013-02-15,114,5.1,10272,46,4
2013-02-16,105,6.9,10273,47,5
2013-02-17,105,8.1,10274,48,6
2013-02-18,118,7.8,10275,49,0
2013-02-19,102,6.8,10276,50,1
2013-02-20,107,6.5,10277,51,2
2013-02-21,121,7.3,10278,52,3
2013-02-22,98,7.8,10279,53,4
2013-02-23,113,8.4,10280,54,5
2013-02-24,99,8.5,10281,55,6
2013-02-25,118,8.0,10282,56,0
2013-02-26,89,7.0,10283,57,1
2013-02-27,89,9.0,10284,58,2
2013-02-28,110,7.1,10285,59,3
2013-03-01,105,6.6,10286,60,4
2013-03-02,109,5.5,10287,61,5
2013-03-03,105,7.4,10288,62,6
2013-03-04,109,4.1,10289,63,0
2013-03-05,95,3.0,10290,64,1
2013-03-06,114,4.3,10291,65,2
2013-03-07,115,8.1,10292,66,3
2013-03-08,110,6.6,10293,67,4
2013-03-09,118,6.1,10294,68,5
2013-03-10,100,8.1,10295,69,6
2013-03-11,95,7.8,10296,70,0
2013-03-12,110,10.7,10297,71,1
2013-03-13,125,8.4,10298,72,2
2013-03-14,112,9.3,10299,73,3
2013-03-15,99,8.6,10300,74,4
2013-03-16,116,9.0,10301,75,5
2013-03-17,91,8.1,10302,76,6
2013-03-18,123,8.9,10303,77,0
2013-03-19,113,6.6,10304,78,1
2013-03-20,128,7.3,10305,79,2
2013-03-21,104,7.1,10306,80,3
2013-03-22,95,9.6,10307,81,4
2013-03-23,118,7.8,10308,82,5
2013-03-24,88,7.0,10309,83,6
2013-03-25,106,8.5,10310,84,0
2013-03-26,132,8.7,10311,85,1
2013-03-27,93,6.1,10312,86,2
2013-03-28,120,5.1,10313,87,3
2013-03-29,109,4.2,10314,88,4
2013-03-30,119,6.6,10315,89,5
2013-03-31,114,10.0,10316,90,6
2013-04-01,107,9.1,10317,91,0
2013-04-02,111,9.6,10318,92,1
2013-04-03,120,7.5,10319,93,2
2013-04-04,94,10.5,10320,94,3
2013-04-05,111,9.7,10321,95,4
2013-04-06,116,11.6,10322,96,5
2013-04-07,101,10.1,10323,97,6
2013-04-08,109,10.8,10324,98,0
2013-04-09,128,11.3,10325,99,1
2013-04-10,102,11.3,10326,100,2
2013-04-11,122,9.6,10327,101,3
2013-04-12,106,10.1,10328,102,4
2013-04-13,112,11.5,10329,103,5
2013-04-14,97,12.1,10330,104,6
2013-04-15,106,14.1,10331,105,0
2013-04-16,119,12.4,10332,106,1
2013-04-17,76,9.2,10333,107,2
2013-04-18,113,9.7,10334,108,3
2013-04-19,87,9.6,10335,109,4
2013-04-20,108,10.9,10336,110,5
2013-04-21,110,12.5,10337,111,6
2013-04-22,92,12.6,10338,112,0
2013-04-23,87,12.4,10339,113,1
2013-04-24,98,12.9,10340,114,2
2013-04-25,104,11.4,10341,115,3
2013-04-26,103,10.4,10342,116,4
2013-04-27,123,7.8,10343,117,5
2013-04-28,114,6.8,10344,118,6
2013-04-29,100,9.5,10345,119,0
2013-04-30,90,12.0,10346,120,1
2013-05-01,120,13.8,10347,121,2
2013-05-02,93,12.6,10348,122,3
2013-05-03,86,11.1,10349,123,4
2013-05-04,101,8.7,10350,124,5
2013-05-05,120,13.5,10351,125,6
2013-05-06,97,14.2,10352,126,0
2013-05-07,133,11.9,10353,127,1
2013-05-08,106,11.0,10354,128,2
2013-05-09,101,10.9,10355,129,3
2013-05-10,79,12.2,10356,130,4
2013-05-11,108,11.2,10357,131,5
2013-05-12,97,11.0,10358,132,6
2013-05-13,109,12.0,10359,133,0
2013-05-14,112,14.1,10360,134,1
2013-05-15,100,12.1,10361,135,2
2013-05-16,92,11.4,10362,136,3
2013-05-17,95,10.8,10363,137,4
2013-05-18,98,11.9,10364,138,5
2013-05-19,113,12.4,10365,139,6
2013-05-20,94,13.0,10366,140,0
2013-05-21,112,13.1,10367,141,1
2013-05-22,103,12.9,10368,142,2
2013-05-23,93,14.8,10369,143,3
2013-05-24,99,16.3,10370,144,4
2013-05-25,100,16.6,10371,145,5
2013-05-26,103,13.4,10372,146,6
2013-05-27,83,11.4,10373,147,0
2013-05-28,111,17.1,10374,148,1
2013-05-29,116,17.3,10375,149,2
2013-05-30,119,16.1,10376,150,3
2013-05-31,84,17.3,10377,151,4
2013-06-01,98,18.4,10378,152,5
2013-06-02,92,18.0,10379,153,6
2013-06-03,74,15.3,10380,154,0
2013-06-04,90,12.4,10381,155,1
2013-06-05,98,11.5,10382,156,2
2013-06-06,101,11.4,10383,157,3
2013-06-07,95,11.6,10384,158,4
2013-06-08,99,11.9,10385,159,5
2013-06-09,102,12.4,10386,160,6
2013-06-10,101,12.9,10387,161,0
2013-06-11,93,14.4,10388,162,1
2013-06-12,105,13.9,10389,163,2
2013-06-13,110,17.2,10390,164,3
2013-06-14,93,17.5,10391,165,4
2013-06-15,87,16.8,10392,166,5
2013-06-16,104,16.2,10393,167,6
2013-06-17,109,16.1,10394,168,0
2013-06-18,93,14.6,10395,169,1
2013-06-19,93,14.4,10396,170,2
2013-06-20,104,14.1,10397,171,3
2013-06-21,92,15.2,10398,172,4
2013-06-22,118,16.6,10399,173,5
2013-06-23,93,17.7,10400,174,6
2013-06-24,93,17.6,10401,175,0
2013-06-25,99,18.7,10402,176,1
2013-06-26,112,18.6,10403,177,2
2013-06-27,91,19.0,10404,178,3
2013-06-28,82,20.0,10405,179,4
2013-06-29,78,22.8,10406,180,5
2013-06-30,88,22.8,10407,181,6
2013-07-01,97,22.2,10408,182,0
2013-07-02,108,21.7,10409,183,1
2013-07-03,97,20.3,10410,184,2
2013-07-04,82,19.3,10411,185,3
2013-07-05,87,18.7,10412,186,4
2013-07-06,107,16.3,10413,187,5
2013-07-07,94,15.2,10414,188,6
2013-07-08,94,14.7,10415,189,0
2013-07-09,80,14.7,10416,190,1
2013-07-10,95,15.4,10417,191,2
2013-07-11,89,16.0,10418,192,3
2013-07-12,79,17.6,10419,193,4
2013-07-13,91,16.8,10420,194,5
2013-07-14,94,17.0,10421,195,6
2013-07-15,87,17.2,10422,196,0
2013-07-16,86,17.4,10423,197,1
2013-07-17,95,15.3,10424,198,2
2013-07-18,92,15.6,10425,199,3
2013-07-19,69,15.5,10426,200,4
2013-07-20,99,16.0,10427,201,5
2013-07-21,93,16.8,10428,202,6
2013-07-22,93,17.1,10429,203,0
2013-07-23,93,16.5,10430,204,1
2013-07-24,104,15.4,10431,205,2
2013-07-25,80,17.0,10432,206,3
2013-07-26,77,15.9,10433,207,4
2013-07-27,94,15.9,10434,208,5
2013-07-28,103,16.0,10435,209,6
2013-07-29,89,16.3,10436,210,0
2013-07-30,95,14.7,10437,211,1
2013-07-31,95,16.1,10438,212,2
2013-08-01,95,16.8,10439,213,3
2013-08-02,88,15.6,10440,214,4
2013-08-03,82,16.3,10441,215,5
2013-08-04,110,18.2,10442,216,6
2013-08-05,128,21.1,10443,217,0
2013-08-06,99,18.8,10444,218,1
2013-08-07,86,17.1,10445,219,2
2013-08-08,88,17.8,10446,220,3
2013-08-09,89,19.5,10447,221,4
2013-08-10,98,17.5,10448,222,5
2013-08-11,92,19.1,10449,223,6
2013-08-12,100,18.6,10450,224,0
2013-08-13,87,18.9,10451,225,1
2013-08-14,83,18.0,10452,226,2
2013-08-15,117,18.2,10453,227,3
2013-08-16,96,18.3,10454,228,4
2013-08-17,81,17.4,10455,229,5
2013-08-18,90,17.6,10456,230,6
2013-08-19,111,19.9,10457,231,0
2013-08-20,90,18.2,10458,232,1
2013-08-21,84,15.1,10459,233,2
2013-08-22,102,15.9,10460,234,3
2013-08-23,104,20.1,10461,235,4
2013-08-24,86,18.0,10462,236,5
2013-08-25,94,15.3,10463,237,6
2013-08-26,99,16.7,10464,238,0
2013-08-27,109,17.7,10465,239,1
2013-08-28,95,15.1,10466,240,2
2013-08-29,88,14.0,10467,241,3
2013-08-30,89,14.3,10468,242,4
2013-08-31,98,19.5,10469,243,5
2013-09-01,89,16.6,10470,244,6
2013-09-02,86,15.0,10471,245,0
2013-09-03,106,14.7,10472,246,1
2013-09-04,92,13.8,10473,247,2
2013-09-05,92,14.1,10474,248,3
2013-09-06,94,15.0,10475,249,4
2013-09-07,92,17.1,10476,250,5
2013-09-08,90,20.4,10477,251,6
2013-09-09,94,16.1,10478,252,0
2013-09-10,95,14.1,10479,253,1
2013-09-11,86,14.5,10480,254,2
2013-09-12,103,15.6,10481,255,3
2013-09-13,107,13.3,10482,256,4
2013-09-14,83,15.0,10483,257,5
2013-09-15,107,14.7,10484,258,6
2013-09-16,99,15.2,10485,259,0
2013-09-17,97,13.7,10486,260,1
2013-09-18,109,14.0,10487,261,2
2013-09-19,111,17.0,10488,262,3
2013-09-20,96,16.2,10489,263,4
2013-09-21,96,14.6,10490,264,5
2013-09-22,75,15.6,10491,265,6
2013-09-23,112,16.3,10492,266,0
2013-09-24,90,14.0,10493,267,1
2013-09-25,97,12.9,10494,268,2
2013-09-26,104,12.5,10495,269,3
2013-09-27,92,13.1,10496,270,4
2013-09-28,96,13.8,10497,271,5
2013-09-29,102,14.7,10498,272,6
2013-09-30,85,14.7,10499,273,0
2013-10-01,95,13.6,10500,274,1
2013-10-02,110,11.5,10501,275,2
2013-10-03,102,13.6,10502,276,3
2013-10-04,111,12.5,10503,277,4
2013-10-05,100,12.6,10504,278,5
2013-10-06,111,16.1,10505,279,6
2013-10-07,91,13.3,10506,280,0
2013-10-08,102,10.3,10507,281,1
2013-10-09,99,10.1,10508,282,2
2013-10-10,115,13.7,10509,283,3
2013-10-11,107,12.5,10510,284,4
2013-10-12,108,10.4,10511,285,5
2013-10-13,115,9.0,10512,286,6
2013-10-14,101,11.0,10513,287,0
2013-10-15,87,10.8,10514,288,1
2013-10-16,93,11.4,10515,289,2
2013-10-17,107,8.7,10516,290,3
2013-10-18,116,6.2,10517,291,4
2013-10-19,102,8.0,10518,292,5
2013-10-20,111,9.8,10519,293,6
2013-10-21,127,12.1,10520,294,0
2013-10-22,108,11.9,10521,295,1
2013-10-23,98,11.8,10522,296,2
2013-10-24,135,14.6,10523,297,3
2013-10-25,99,12.8,10524,298,4
2013-10-26,112,12.2,10525,299,5
2013-10-27,103,13.8,10526,300,6
2013-10-28,102,13.2,10527,301,0
2013-10-29,115,12.9,10528,302,1
2013-10-30,102,12.5,10529,303,2
2013-10-31,128,13.1,10530,304,3
2013-11-01,94,12.4,10531,305,4
2013-11-02,102,8.7,10532,306,5
2013-11-03,95,10.2,10533,307,6
2013-11-04,107,7.9,10534,308,0
2013-11-05,101,9.4,10535,309,1
2013-11-06,116,9.4,10536,310,2
2013-11-07,104,7.0,10537,311,3
2013-11-08,99,7.0,10538,312,4
2013-11-09,117,4.2,10539,313,5
2013-11-10,99,5.1,10540,314,6
2013-11-11,105,8.1,10541,315,0
2013-11-12,107,10.9,10542,316,1
2013-11-13,125,12.1,10543,317,2
2013-11-14,115,11.2,10544,318,3
2013-11-15,111,9.9,10545,319,4
2013-11-16,114,11.2,10546,320,5
2013-11-17,94,10.3,10547,321,6
2013-11-18,114,12.8,10548,322,0
2013-11-19,121,12.9,10549,323,1
2013-11-20,106,12.4,10550,324,2
2013-11-21,107,12.2,10551,325,3
2013-11-22,118,9.6,10552,326,4
2013-11-23,109,10.6,10553,327,5
2013-11-24,92,12.0,10554,328,6
2013-11-25,101,9.9,10555,329,0
2013-11-26,109,7.8,10556,330,1
2013-11-27,106,6.3,10557,331,2
2013-11-28,99,6.3,10558,332,3
2013-11-29,107,7.1,10559,333,4
2013-11-30,107,5.2,10560,334,5
2013-12-01,105,2.9,10561,335,6
2013-12-02,113,8.2,10562,336,0
2013-12-03,113,5.9,10563,337,1
2013-12-04,122,4.2,10564,338,2
2013-12-05,136,9.6,10565,339,3
2013-12-06,124,10.2,10566,340,4
2013-12-07,112,8.4,10567,341,5
2013-12-08,113,7.4,10568,342,6
2013-12-09,104,10.6,10569,343,0
2013-12-10,99,7.4,10570,344,1
2013-12-11,114,3.9,10571,345,2
2013-12-12,93,5.3,10572,346,3
2013-12-13,119,4.4,10573,347,4
2013-12-14,119,2.7,10574,348,5
2013-12-15,107,1.0,10575,349,6
2013-12-16,113,-0.7,10576,350,0
2013-12-17,120,1.6,10577,351,1
2013-12-18,133,-0.1,10578,352,2
2013-12-19,117,-2.0,10579,353,3
2013-12-20,123,-0.2,10580,354,4
2013-12-21,129,-0.3,10581,355,5
2013-12-22,115,-0.1,10582,356,6
2013-12-23,133,-0.1,10583,357,0
2013-12-24,137,3.4,10584,358,1
2013-12-25,126,2.4,10585,359,2
2013-12-26,144,6.6,10586,360,3
2013-12-27,128,4.9,10587,361,4
2013-12-28,128,1.1,10588,362,5
2013-12-29,143,3.4,10589,363,6
2013-12-30,151,3.9,10590,364,0
2013-12-31,116,2.9,10591,365,1
2014-01-01,120,0.2,10592,1,2
2014-01-02,140,1.3,10593,2,3
2014-01-03,140,0.2,10594,3,4
2014-01-04,139,-2.7,10595,4,5
2014-01-05,141,-1.5,10596,5,6
2014-01-06,126,-0.3,10597,6,0
2014-01-07,146,-2.9,10598,7,1
2014-01-08,152,-1.1,10599,8,2
2014-01-09,130,-0.4,10600,9,3
2014-01-10,133,2.0,10601,10,4
2014-01-11,139,1.3,10602,11,5
2014-01-12,140,1.5,10603,12,6
2014-01-13,138,0.8,10604,13,0
2014-01-14,144,3.0,10605,14,1
2014-01-15,138,4.3,10606,15,2
2014-01-16,123,6.1,10607,16,3
2014-01-17,120,5.9,10608,17,4
2014-01-18,129,5.1,10609,18,5
2014-01-19,135,6.7,10610,19,6
2014-01-20,114,4.2,10611,20,0
2014-01-21,113,4.4,10612,21,1
2014-01-22,128,7.5,10613,22,2
2014-01-23,139,6.6,10614,23,3
2014-01-24,128,5.3,10615,24,4
2014-01-25,130,4.2,10616,25,5
2014-01-26,102,2.0,10617,26,6
2014-01-27,126,2.3,10618,27,0
2014-01-28,115,6.1,10619,28,1
2014-01-29,120,4.2,10620,29,2
2014-01-30,122,1.1,10621,30,3
2014-01-31,116,0.7,10622,31,4
2014-02-01,121,2.2,10623,32,5
2014-02-02,124,6.1,10624,33,6
2014-02-03,119,5.0,10625,34,0
2014-02-04,119,8.2,10626,35,1
2014-02-05,119,7.8,10627,36,2
2014-02-06,126,5.6,10628,37,3
2014-02-07,94,4.7,10629,38,4
2014-02-08,127,2.4,10630,39,5
2014-02-09,98,2.9,10631,40,6
2014-02-10,121,2.1,10632,41,0
2014-02-11,104,2.0,10633,42,1
2014-02-12,106,3.3,10634,43,2
2014-02-13,116,2.9,10635,44,3
2014-02-14,107,3.4,10636,45,4
2014-02-15,126,2.3,10637,46,5
2014-02-16,108,4.3,10638,47,6
2014-02-17,121,4.5,10639,48,0
2014-02-18,113,3.3,10640,49,1
2014-02-19,102,3.1,10641,50,2
2014-02-20,147,1.9,10642,51,3
2014-02-21,115,4.0,10643,52,4
2014-02-22,109,3.9,10644,53,5
2014-02-23,114,3.4,10645,54,6
2014-02-24,112,7.8,10646,55,0
2014-02-25,109,8.2,10647,56,1
2014-02-26,105,6.9,10648,57,2
2014-02-27,91,7.9,10649,58,3
2014-02-28,92,5.9,10650,59,4
2014-03-01,108,5.4,10651,60,5
2014-03-02,114,5.3,10652,61,6
2014-03-03,121,4.3,10653,62,0
2014-03-04,114,4.6,10654,63,1
2014-03-05,102,4.3,10655,64,2
2014-03-06,98,4.4,10656,65,3
2014-03-07,96,1.7,10657,66,4
2014-03-08,114,3.1,10658,67,5
2014-03-09,119,5.3,10659,68,6
2014-03-10,111,4.5,10660,69,0
2014-03-11,110,4.4,10661,70,1
2014-03-12,99,5.8,10662,71,2
2014-03-13,100,7.0,10663,72,3
2014-03-14,105,8.9,10664,73,4
2014-03-15,120,8.5,10665,74,5
2014-03-16,114,8.1,10666,75,6
2014-03-17,129,9.7,10667,76,0
2014-03-18,127,11.6,10668,77,1
2014-03-19,113,11.3,10669,78,2
2014-03-20,111,12.1,10670,79,3
2014-03-21,96,9.5,10671,80,4
2014-03-22,99,9.0,10672,81,5
2014-03-23,111,8.6,10673,82,6
2014-03-24,94,12.3,10674,83,0
2014-03-25,108,11.9,10675,84,1
2014-03-26,112,10.1,10676,85,2
2014-03-27,125,9.9,10677,86,3
2014-03-28,92,9.2,10678,87,4
2014-03-29,124,10.3,10679,88,5
2014-03-30,113,9.0,10680,89,6
2014-03-31,112,5.5,10681,90,0
2014-04-01,123,5.7,10682,91,1
2014-04-02,115,7.9,10683,92,2
2014-04-03,109,8.3,10684,93,3
2014-04-04,107,8.3,10685,94,4
2014-04-05,104,9.1,10686,95,5
2014-04-06,105,12.3,10687,96,6
2014-04-07,117,10.6,10688,97,0
2014-04-08,107,11.1,10689,98,1
2014-04-09,100,12.6,10690,99,2
2014-04-10,102,11.9,10691,100,3
2014-04-11,88,9.7,10692,101,4
2014-04-12,90,9.9,10693,102,5
2014-04-13,128,9.7,10694,103,6
2014-04-14,92,8.9,10695,104,0
2014-04-15,109,9.3,10696,105,1
2014-04-16,114,9.2,10697,106,2
2014-04-17,107,10.4,10698,107,3
2014-04-18,93,11.6,10699,108,4
2014-04-19,96,10.8,10700,109,5
2014-04-20,109,10.7,10701,110,6
2014-04-21,96,8.6,10702,111,0
2014-04-22,93,8.8,10703,112,1
2014-04-23,94,10.5,10704,113,2
2014-04-24,118,13.1,10705,114,3
2014-04-25,114,13.8,10706,115,4
2014-04-26,99,13.1,10707,116,5
2014-04-27,96,14.5,10708,117,6
2014-04-28,92,15.9,10709,118,0
2014-04-29,105,15.4,10710,119,1
2014-04-30,83,12.5,10711,120,2
2014-05-01,106,12.2,10712,121,3
2014-05-02,107,8.8,10713,122,4
2014-05-03,112,8.0,10714,123,5
2014-05-04,85,8.1,10715,124,6
2014-05-05,99,10.1,10716,125,0
2014-05-06,93,11.3,10717,126,1
2014-05-07,105,9.3,10718,127,2
2014-05-08,103,8.6,10719,128,3
2014-05-09,108,9.1,10720,129,4
2014-05-10,111,9.3,10721,130,5
2014-05-11,114,7.7,10722,131,6
2014-05-12,99,8.1,10723,132,0
2014-05-13,115,8.8,10724,133,1
2014-05-14,109,10.7,10725,134,2
2014-05-15,116,12.6,10726,135,3
2014-05-16,107,11.3,10727,136,4
2014-05-17,98,12.3,10728,137,5
2014-05-18,87,12.8,10729,138,6
2014-05-19,96,15.4,10730,139,0
2014-05-20,112,16.8,10731,140,1
2014-05-21,113,19.0,10732,141,2
2014-05-22,100,17.0,10733,142,3
2014-05-23,107,19.8,10734,143,4
2014-05-24,118,20.9,10735,144,5
2014-05-25,89,15.3,10736,145,6
2014-05-26,95,13.0,10737,146,0
2014-05-27,87,12.7,10738,147,1
2014-05-28,97,13.9,10739,148,2
2014-05-29,104,13.4,10740,149,3
2014-05-30,103,15.4,10741,150,4
2014-05-31,92,13.5,10742,151,5
2014-06-01,91,12.7,10743,152,6
2014-06-02,102,15.5,10744,153,0
2014-06-03,102,16.3,10745,154,1
2014-06-04,127,18.6,10746,155,2
2014-06-05,115,20.5,10747,156,3
2014-06-06,95,18.6,10748,157,4
2014-06-07,93,15.9,10749,158,5
2014-06-08,95,15.3,10750,159,6
2014-06-09,97,16.4,10751,160,0
2014-06-10,110,16.1,10752,161,1
2014-06-11,95,15.4,10753,162,2
2014-06-12,86,15.5,10754,163,3
2014-06-13,93,16.0,10755,164,4
2014-06-14,69,15.4,10756,165,5
2014-06-15,89,13.8,10757,166,6
2014-06-16,78,14.5,10758,167,0
2014-06-17,101,16.0,10759,168,1
2014-06-18,87,14.6,10760,169,2
2014-06-19,91,12.5,10761,170,3
2014-06-20,94,13.0,10762,171,4
2014-06-21,124,18.2,10763,172,5
2014-06-22,102,20.2,10764,173,6
2014-06-23,100,20.8,10765,174,0
2014-06-24,93,20.4,10766,175,1
2014-06-25,111,21.0,10767,176,2
2014-06-26,87,20.8,10768,177,3
2014-06-27,94,22.6,10769,178,4
2014-06-28,105,22.5,10770,179,5
2014-06-29,103,21.6,10771,180,6
2014-06-30,106,21.0,10772,181,0
2014-07-01,107,20.4,10773,182,1
2014-07-02,82,22.3,10774,183,2
2014-07-03,104,20.7,10775,184,3
2014-07-04,96,19.1,10776,185,4
2014-07-05,108,19.2,10777,186,5
2014-07-06,96,18.5,10778,187,6
2014-07-07,103,18.8,10779,188,0
2014-07-08,85,21.2,10780,189,1
2014-07-09,86,23.2,10781,190,2
2014-07-10,90,23.0,10782,191,3
2014-07-11,98,21.7,10783,192,4
2014-07-12,87,19.7,10784,193,5
2014-07-13,93,17.4,10785,194,6
2014-07-14,102,18.7,10786,195,0
2014-07-15,85,17.6,10787,196,1
2014-07-16,108,17.7,10788,197,2
2014-07-17,89,17.6,10789,198,3
2014-07-18,98,18.7,10790,199,4
2014-07-19,97,21.8,10791,200,5
2014-07-20,85,22.8,10792,201,6
2014-07-21,92,20.4,10793,202,0
2014-07-22,93,17.9,10794,203,1
2014-07-23,86,17.4,10795,204,2
2014-07-24,77,19.6,10796,205,3
2014-07-25,77,20.5,10797,206,4
2014-07-26,106,20.4,10798,207,5
2014-07-27,79,20.9,10799,208,6
2014-07-28,93,19.9,10800,209,0
2014-07-29,93,18.2,10801,210,1
2014-07-30,83,17.9,10802,211,2
2014-07-31,94,20.1,10803,212,3
2014-08-01,90,18.7,10804,213,4
2014-08-02,94,18.9,10805,214,5
2014-08-03,94,18.0,10806,215,6
2014-08-04,95,16.9,10807,216,0
2014-08-05,100,17.0,10808,217,1
2014-08-06,82,16.9,10809,218,2
2014-08-07,89,18.2,10810,219,3
2014-08-08,86,18.8,10811,220,4
2014-08-09,104,19.3,10812,221,5
2014-08-10,106,17.2,10813,222,6
2014-08-11,98,17.1,10814,223,0
2014-08-12,82,16.3,10815,224,1
2014-08-13,96,14.6,10816,225,2
2014-08-14,103,15.5,10817,226,3
2014-08-15,107,17.9,10818,227,4
2014-08-16,109,17.9,10819,228,5
2014-08-17,103,17.4,10820,229,6
2014-08-18,92,17.1,10821,230,0
2014-08-19,97,17.1,10822,231,1
2014-08-20,94,19.1,10823,232,2
2014-08-21,98,20.6,10824,233,3
2014-08-22,92,19.8,10825,234,4
2014-08-23,91,18.4,10826,235,5
2014-08-24,82,15.9,10827,236,6
2014-08-25,95,14.6,10828,237,0
2014-08-26,101,17.7,10829,238,1
2014-08-27,89,14.8,10830,239,2
2014-08-28,99,15.2,10831,240,3
2014-08-29,91,15.0,10832,241,4
2014-08-30,94,14.6,10833,242,5
2014-08-31,91,15.1,10834,243,6
2014-09-01,90,15.4,10835,244,0
2014-09-02,106,15.9,10836,245,1
2014-09-03,112,16.6,10837,246,2
2014-09-04,119,16.1,10838,247,3
2014-09-05,96,17.1,10839,248,4
2014-09-06,111,16.3,10840,249,5
2014-09-07,127,16.4,10841,250,6
2014-09-08,129,15.9,10842,251,0
2014-09-09,97,16.6,10843,252,1
2014-09-10,87,17.4,10844,253,2
2014-09-11,96,18.2,10845,254,3
2014-09-12,98,16.1,10846,255,4
2014-09-13,90,15.0,10847,256,5
2014-09-14,105,17.0,10848,257,6
2014-09-15,127,13.9,10849,258,0
2014-09-16,82,14.3,10850,259,1
2014-09-17,114,12.2,10851,260,2
2014-09-18,120,12.1,10852,261,3
2014-09-19,111,14.6,10853,262,4
2014-09-20,113,17.3,10854,263,5
2014-09-21,110,16.0,10855,264,6
2014-09-22,115,16.9,10856,265,0
2014-09-23,114,15.6,10857,266,1
2014-09-24,84,12.5,10858,267,2
2014-09-25,87,10.4,10859,268,3
2014-09-26,92,11.1,10860,269,4
2014-09-27,112,13.6,10861,270,5
2014-09-28,103,15.0,10862,271,6
2014-09-29,117,14.9,10863,272,0
2014-09-30,100,12.4,10864,273,1
2014-10-01,112,14.6,10865,274,2
2014-10-02,95,13.3,10866,275,3
2014-10-03,96,15.4,10867,276,4
2014-10-04,103,14.5,10868,277,5
2014-10-05,102,15.3,10869,278,6
2014-10-06,85,14.8,10870,279,0
2014-10-07,100,13.6,10871,280,1
2014-10-08,118,17.0,10872,281,2
2014-10-09,89,16.1,10873,282,3
2014-10-10,105,16.1,10874,283,4
2014-10-11,94,14.4,10875,284,5
2014-10-12,114,12.6,10876,285,6
2014-10-13,74,11.3,10877,286,0
2014-10-14,103,10.8,10878,287,1
2014-10-15,109,11.4,10879,288,2
2014-10-16,104,10.1,10880,289,3
2014-10-17,86,8.9,10881,290,4
2014-10-18,111,9.8,10882,291,5
2014-10-19,106,10.0,10883,292,6
2014-10-20,96,6.0,10884,293,0
2014-10-21,97,6.3,10885,294,1
2014-10-22,114,8.8,10886,295,2
2014-10-23,121,10.6,10887,296,3
2014-10-24,94,7.4,10888,297,4
2014-10-25,104,6.4,10889,298,5
2014-10-26,125,8.6,10890,299,6
2014-10-27,117,14.0,10891,300,0
2014-10-28,109,13.2,10892,301,1
2014-10-29,111,13.2,10893,302,2
2014-10-30,114,11.8,10894,303,3
2014-10-31,113,11.6,10895,304,4
2014-11-01,89,10.6,10896,305,5
2014-11-02,114,13.4,10897,306,6
2014-11-03,120,15.2,10898,307,0
2014-11-04,120,16.3,10899,308,1
2014-11-05,107,15.3,10900,309,2
2014-11-06,100,9.5,10901,310,3
2014-11-07,110,6.9,10902,311,4
2014-11-08,93,6.5,10903,312,5
2014-11-09,111,7.9,10904,313,6
2014-11-10,105,5.2,10905,314,0
2014-11-11,114,9.5,10906,315,1
2014-11-12,114,10.9,10907,316,2
2014-11-13,103,9.4,10908,317,3
2014-11-14,111,7.5,10909,318,4
2014-11-15,125,4.2,10910,319,5
2014-11-16,96,4.8,10911,320,6
2014-11-17,112,6.7,10912,321,0
2014-11-18,111,7.8,10913,322,1
2014-11-19,131,7.6,10914,323,2
2014-11-20,112,7.2,10915,324,3
2014-11-21,118,7.0,10916,325,4
2014-11-22,126,7.0,10917,326,5
2014-11-23,122,6.5,10918,327,6
2014-11-24,122,3.4,10919,328,0
2014-11-25,134,2.3,10920,329,1
2014-11-26,116,0.9,10921,330,2
2014-11-27,128,0.3,10922,331,3
2014-11-28,86,-0.6,10923,332,4
2014-11-29,117,1.1,10924,333,5
2014-11-30,110,1.1,10925,334,6
2014-12-01,120,0.2,10926,335,0
2014-12-02,127,-0.4,10927,336,1
2014-12-03,140,-2.3,10928,337,2
2014-12-04,124,4.0,10929,338,3
2014-12-05,120,2.5,10930,339,4
2014-12-06,123,-1.3,10931,340,5
2014-12-07,103,0.3,10932,341,6
2014-12-08,105,1.1,10933,342,0
2014-12-09,125,1.4,10934,343,1
2014-12-10,139,4.9,10935,344,2
2014-12-11,123,7.4,10936,345,3
2014-12-12,117,4.8,10937,346,4
2014-12-13,115,3.2,10938,347,5
2014-12-14,126,4.2,10939,348,6
2014-12-15,143,3.2,10940,349,0
2014-12-16,120,4.1,10941,350,1
2014-12-17,156,-2.0,10942,351,2
2014-12-18,126,-1.6,10943,352,3
2014-12-19,129,-0.9,10944,353,4
2014-12-20,121,-1.4,10945,354,5
2014-12-21,143,1.8,10946,355,6
2014-12-22,135,2.0,10947,356,0
2014-12-23,141,1.8,10948,357,1
2014-12-24,142,1.4,10949,358,2
2014-12-25,152,-1.0,10950,359,3
2014-12-26,171,-0.9,10951,360,4
2014-12-27,160,3.8,10952,361,5
2014-12-28,170,5.1,10953,362,6
2014-12-29,150,7.9,10954,363,0
2014-12-30,147,6.5,10955,364,1
2014-12-31,151,6.6,10956,365,2
2015-01-01,151,6.0,10957,1,3
2015-01-02,147,3.5,10958,2,4
2015-01-03,155,2.6,10959,3,5
2015-01-04,152,3.8,10960,4,6
2015-01-05,161,6.0,10961,5,0
2015-01-06,128,4.7,10962,6,1
2015-01-07,163,6.5,10963,7,2
2015-01-08,164,7.7,10964,8,3
2015-01-09,130,3.7,10965,9,4
2015-01-10,129,5.3,10966,10,5
2015-01-11,139,5.9,10967,11,6
2015-01-12,136,9.3,10968,12,0
2015-01-13,150,12.3,10969,13,1
2015-01-14,142,10.8,10970,14,2
2015-01-15,123,10.5,10971,15,3
2015-01-16,126,11.3,10972,16,4
2015-01-17,131,8.0,10973,17,5
2015-01-18,135,5.7,10974,18,6
2015-01-19,117,3.9,10975,19,0
2015-01-20,122,5.1,10976,20,1
2015-01-21,145,3.1,10977,21,2
2015-01-22,108,4.8,10978,22,3
2015-01-23,110,7.1,10979,23,4
2015-01-24,114,6.5,10980,24,5
2015-01-25,143,6.6,10981,25,6
2015-01-26,122,6.2,10982,26,0
2015-01-27,123,2.7,10983,27,1
2015-01-28,123,1.5,10984,28,2
2015-01-29,111,1.7,10985,29,3
2015-01-30,115,2.8,10986,30,4
2015-01-31,120,2.4,10987,31,5
2015-02-01,112,3.7,10988,32,6
2015-02-02,108,6.7,10989,33,0
2015-02-03,126,7.7,10990,34,1
2015-02-04,117,11.1,10991,35,2
2015-02-05,117,12.1,10992,36,3
2015-02-06,110,10.9,10993,37,4
2015-02-07,119,9.3,10994,38,5
2015-02-08,111,5.8,10995,39,6
2015-02-09,97,8.4,10996,40,0
2015-02-10,123,9.6,10997,41,1
2015-02-11,131,10.4,10998,42,2
2015-02-12,113,9.1,10999,43,3
2015-02-13,107,7.6,11000,44,4
2015-02-14,115,6.9,11001,45,5
2015-02-15,119,6.1,11002,46,6
2015-02-16,84,7.2,11003,47,0
2015-02-17,113,6.7,11004,48,1
2015-02-18,103,5.2,11005,49,2
2015-02-19,106,5.3,11006,50,3
2015-02-20,101,5.1,11007,51,4
2015-02-21,103,5.7,11008,52,5
2015-02-22,105,6.0,11009,53,6
2015-02-23,104,8.5,11010,54,0
2015-02-24,116,10.8,11011,55,1
2015-02-25,109,11.1,11012,56,2
2015-02-26,122,9.1,11013,57,3
2015-02-27,112,5.9,11014,58,4
2015-02-28,91,4.6,11015,59,5
2015-03-01,124,4.4,11016,60,6
2015-03-02,128,4.5,11017,61,0
2015-03-03,90,2.7,11018,62,1
2015-03-04,118,3.8,11019,63,2
2015-03-05,113,4.4,11020,64,3
2015-03-06,116,4.9,11021,65,4
2015-03-07,87,4.8,11022,66,5
2015-03-08,103,5.4,11023,67,6
2015-03-09,116,7.8,11024,68,0
2015-03-10,128,9.5,11025,69,1
2015-03-11,98,8.3,11026,70,2
2015-03-12,106,10.1,11027,71,3
2015-03-13,119,9.6,11028,72,4
2015-03-14,125,7.5,11029,73,5
2015-03-15,107,8.8,11030,74,6
2015-03-16,96,8.5,11031,75,0
2015-03-17,99,6.3,11032,76,1
2015-03-18,113,6.5,11033,77,2
2015-03-19,97,6.2,11034,78,3
2015-03-20,118,7.8,11035,79,4
2015-03-21,122,9.5,11036,80,5
2015-03-22,98,11.8,11037,81,6
2015-03-23,122,11.5,11038,82,0
2015-03-24,107,10.2,11039,83,1
2015-03-25,117,11.4,11040,84,2
2015-03-26,115,9.6,11041,85,3
2015-03-27,83,9.8,11042,86,4
2015-03-28,94,9.9,11043,87,5
2015-03-29,101,10.1,11044,88,6
2015-03-30,100,10.6,11045,89,0
2015-03-31,124,13.2,11046,90,1
2015-04-01,112,13.6,11047,91,2
2015-04-02,97,15.1,11048,92,3
2015-04-03,111,11.4,11049,93,4
2015-04-04,107,10.0,11050,94,5
2015-04-05,103,11.0,11051,95,6
2015-04-06,107,16.8,11052,96,0
2015-04-07,126,15.4,11053,97,1
2015-04-08,105,15.6,11054,98,2
2015-04-09,106,13.0,11055,99,3
2015-04-10,111,12.6,11056,100,4
2015-04-11,101,13.1,11057,101,5
2015-04-12,92,10.7,11058,102,6
2015-04-13,103,9.0,11059,103,0
2015-04-14,120,10.7,11060,104,1
2015-04-15,118,12.6,11061,105,2
2015-04-16,101,13.4,11062,106,3
2015-04-17,118,13.9,11063,107,4
2015-04-18,124,13.2,11064,108,5
2015-04-19,128,17.0,11065,109,6
2015-04-20,110,17.3,11066,110,0
2015-04-21,115,17.9,11067,111,1
2015-04-22,122,18.2,11068,112,2
2015-04-23,112,18.6,11069,113,3
2015-04-24,83,17.3,11070,114,4
2015-04-25,114,15.2,11071,115,5
2015-04-26,102,12.1,11072,116,6
2015-04-27,101,12.1,11073,117,0
2015-04-28,101,11.2,11074,118,1
2015-04-29,90,14.2,11075,119,2
2015-04-30,107,15.6,11076,120,3
2015-05-01,93,14.8,11077,121,4
2015-05-02,103,12.3,11078,122,5
2015-05-03,110,10.4,11079,123,6
2015-05-04,107,10.9,11080,124,0
2015-05-05,112,13.4,11081,125,1
2015-05-06,115,17.6,11082,126,2
2015-05-07,129,18.6,11083,127,3
2015-05-08,103,17.1,11084,128,4
2015-05-09,94,16.0,11085,129,5
2015-05-10,87,16.1,11086,130,6
2015-05-11,104,14.0,11087,131,0
2015-05-12,90,13.9,11088,132,1
2015-05-13,81,13.8,11089,133,2
2015-05-14,96,12.9,11090,134,3
2015-05-15,96,12.6,11091,135,4
2015-05-16,88,15.0,11092,136,5
2015-05-17,87,14.5,11093,137,6
2015-05-18,96,15.0,11094,138,0
2015-05-19,98,14.1,11095,139,1
2015-05-20,118,14.8,11096,140,2
2015-05-21,108,15.6,11097,141,3
2015-05-22,102,14.8,11098,142,4
2015-05-23,88,14.1,11099,143,5
2015-05-24,87,13.7,11100,144,6
2015-05-25,109,14.7,11101,145,0
2015-05-26,106,13.4,11102,146,1
2015-05-27,91,12.9,11103,147,2
2015-05-28,111,12.9,11104,148,3
2015-05-29,117,16.0,11105,149,4
2015-05-30,98,15.0,11106,150,5
2015-05-31,93,12.9,11107,151,6
2015-06-01,107,14.8,11108,152,0
2015-06-02,116,18.1,11109,153,1
2015-06-03,103,19.1,11110,154,2
2015-06-04,82,19.1,11111,155,3
2015-06-05,95,15.0,11112,156,4
2015-06-06,109,12.3,11113,157,5
2015-06-07,104,14.7,11114,158,6
2015-06-08,92,13.5,11115,159,0
2015-06-09,93,13.5,11116,160,1
2015-06-10,100,11.7,11117,161,2
2015-06-11,115,12.7,11118,162,3
2015-06-12,93,11.7,11119,163,4
2015-06-13,89,17.5,11120,164,5
2015-06-14,82,16.9,11121,165,6
2015-06-15,113,17.0,11122,166,0
2015-06-16,96,14.2,11123,167,1
2015-06-17,88,12.6,11124,168,2
2015-06-18,100,13.9,11125,169,3
2015-06-19,101,15.1,11126,170,4
2015-06-20,104,15.1,11127,171,5
2015-06-21,92,17.2,11128,172,6
2015-06-22,100,15.0,11129,173,0
2015-06-23,106,15.3,11130,174,1
2015-06-24,80,14.9,11131,175,2
2015-06-25,69,17.5,11132,176,3
2015-06-26,112,21.9,11133,177,4
2015-06-27,115,25.2,11134,178,5
2015-06-28,98,19.1,11135,179,6
2015-06-29,75,16.9,11136,180,0
2015-06-30,97,15.8,11137,181,1
2015-07-01,76,16.5,11138,182,2
2015-07-02,119,17.5,11139,183,3
2015-07-03,108,18.2,11140,184,4
2015-07-04,81,20.0,11141,185,5
2015-07-05,94,18.6,11142,186,6
2015-07-06,99,16.4,11143,187,0
2015-07-07,96,15.8,11144,188,1
2015-07-08,94,15.6,11145,189,2
2015-07-09,89,17.0,11146,190,3
2015-07-10,105,17.3,11147,191,4
2015-07-11,91,18.8,11148,192,5
2015-07-12,101,17.5,11149,193,6
2015-07-13,92,15.4,11150,194,0
2015-07-14,95,17.6,11151,195,1
2015-07-15,95,18.2,11152,196,2
2015-07-16,97,16.2,11153,197,3
2015-07-17,76,15.6,11154,198,4
2015-07-18,97,15.3,11155,199,5
2015-07-19,85,15.1,11156,200,6
2015-07-20,89,15.5,11157,201,0
2015-07-21,86,15.4,11158,202,1
2015-07-22,91,15.9,11159,203,2
2015-07-23,101,15.3,11160,204,3
2015-07-24,82,17.3,11161,205,4
2015-07-25,111,18.0,11162,206,5
2015-07-26,81,17.0,11163,207,6
2015-07-27,113,17.3,11164,208,0
2015-07-28,101,19.0,11165,209,1
2015-07-29,94,17.3,11166,210,2
2015-07-30,91,16.6,11167,211,3
2015-07-31,122,18.4,11168,212,4
2015-08-01,112,21.7,11169,213,5
2015-08-02,121,22.5,11170,214,6
2015-08-03,100,22.3,11171,215,0
2015-08-04,85,18.4,11172,216,1
2015-08-05,85,19.4,11173,217,2
2015-08-06,98,17.0,11174,218,3
2015-08-07,113,15.3,11175,219,4
2015-08-08,77,16.5,11176,220,5
2015-08-09,84,16.7,11177,221,6
2015-08-10,88,17.1,11178,222,0
2015-08-11,116,18.0,11179,223,1
2015-08-12,107,19.0,11180,224,2
2015-08-13,88,18.5,11181,225,3
2015-08-14,79,18.2,11182,226,4
2015-08-15,80,17.1,11183,227,5
2015-08-16,86,17.4,11184,228,6
2015-08-17,85,16.7,11185,229,0
2015-08-18,93,14.7,11186,230,1
2015-08-19,108,15.7,11187,231,2
2015-08-20,86,17.0,11188,232,3
2015-08-21,106,18.9,11189,233,4
2015-08-22,99,17.6,11190,234,5
2015-08-23,96,15.6,11191,235,6
2015-08-24,103,16.6,11192,236,0
2015-08-25,80,16.3,11193,237,1
2015-08-26,88,14.5,11194,238,2
2015-08-27,95,14.2,11195,239,3
2015-08-28,87,15.0,11196,240,4
2015-08-29,86,14.3,11197,241,5
2015-08-30,121,14.8,11198,242,6
2015-08-31,102,15.7,11199,243,0
2015-09-01,92,15.7,11200,244,1
2015-09-02,98,19.2,11201,245,2
2015-09-03,100,18.6,11202,246,3
2015-09-04,95,16.9,11203,247,4
2015-09-05,82,15.3,11204,248,5
2015-09-06,80,16.1,11205,249,6
2015-09-07,115,14.4,11206,250,0
2015-09-08,91,16.1,11207,251,1
2015-09-09,104,18.6,11208,252,2
2015-09-10,101,19.5,11209,253,3
2015-09-11,95,16.9,11210,254,4
2015-09-12,85,18.4,11211,255,5
2015-09-13,102,15.1,11212,256,6
2015-09-14,93,14.1,11213,257,0
2015-09-15,84,14.2,11214,258,1
2015-09-16,103,17.0,11215,259,2
2015-09-17,111,14.5,11216,260,3
2015-09-18,98,11.6,11217,261,4
2015-09-19,107,14.0,11218,262,5
2015-09-20,95,16.8,11219,263,6
2015-09-21,105,15.3,11220,264,0
2015-09-22,99,15.2,11221,265,1
2015-09-23,107,13.9,11222,266,2
2015-09-24,76,14.6,11223,267,3
2015-09-25,94,16.7,11224,268,4
2015-09-26,92,18.0,11225,269,5
2015-09-27,101,16.0,11226,270,6
2015-09-28,111,19.1,11227,271,0
2015-09-29,113,20.2,11228,272,1
2015-09-30,91,20.1,11229,273,2
2015-10-01,125,20.0,11230,274,3
2015-10-02,85,19.7,11231,275,4
2015-10-03,94,20.0,11232,276,5
2015-10-04,89,17.2,11233,277,6
2015-10-05,80,17.5,11234,278,0
2015-10-06,103,13.9,11235,279,1
2015-10-07,91,12.2,11236,280,2
2015-10-08,112,12.5,11237,281,3
2015-10-09,101,17.1,11238,282,4
2015-10-10,91,17.6,11239,283,5
2015-10-11,111,17.0,11240,284,6
2015-10-12,101,16.6,11241,285,0
2015-10-13,91,15.2,11242,286,1
2015-10-14,88,12.9,11243,287,2
2015-10-15,73,11.6,11244,288,3
2015-10-16,99,10.2,11245,289,4
2015-10-17,100,12.7,11246,290,5
2015-10-18,85,10.8,11247,291,6
2015-10-19,114,8.2,11248,292,0
2015-10-20,113,7.3,11249,293,1
2015-10-21,96,10.3,11250,294,2
2015-10-22,104,10.5,11251,295,3
2015-10-23,126,14.3,11252,296,4
2015-10-24,102,14.0,11253,297,5
2015-10-25,120,13.4,11254,298,6
2015-10-26,106,9.9,11255,299,0
2015-10-27,101,12.5,11256,300,1
2015-10-28,111,12.9,11257,301,2
2015-10-29,110,13.9,11258,302,3
2015-10-30,122,15.5,11259,303,4
2015-10-31,115,15.1,11260,304,5
2015-11-01,131,13.2,11261,305,6
2015-11-02,97,12.7,11262,306,0
2015-11-03,110,15.6,11263,307,1
2015-11-04,101,13.7,11264,308,2
2015-11-05,109,12.6,11265,309,3
2015-11-06,102,11.1,11266,310,4
2015-11-07,95,11.7,11267,311,5
2015-11-08,95,10.6,11268,312,6
2015-11-09,106,12.0,11269,313,0
2015-11-10,95,12.0,11270,314,1
2015-11-11,124,10.3,11271,315,2
2015-11-12,96,13.7,11272,316,3
2015-11-13,92,12.4,11273,317,4
2015-11-14,117,9.4,11274,318,5
2015-11-15,89,9.2,11275,319,6
2015-11-16,103,6.8,11276,320,0
2015-11-17,99,11.0,11277,321,1
2015-11-18,100,11.5,11278,322,2
2015-11-19,127,9.8,11279,323,3
2015-11-20,103,7.7,11280,324,4
2015-11-21,102,9.3,11281,325,5
2015-11-22,109,11.2,11282,326,6
2015-11-23,132,7.8,11283,327,0
2015-11-24,98,10.6,11284,328,1
2015-11-25,108,11.1,11285,329,2
2015-11-26,102,10.3,11286,330,3
2015-11-27,100,11.2,11287,331,4
2015-11-28,95,7.0,11288,332,5
2015-11-29,125,12.0,11289,333,6
2015-11-30,96,9.3,11290,334,0
2015-12-01,91,10.0,11291,335,1
2015-12-02,115,6.0,11292,336,2
2015-12-03,110,10.4,11293,337,3
2015-12-04,95,8.0,11294,338,4
2015-12-05,118,4.8,11295,339,5
2015-12-06,99,5.0,11296,340,6
2015-12-07,130,7.7,11297,341,0
2015-12-08,93,9.3,11298,342,1
2015-12-09,123,5.6,11299,343,2
2015-12-10,109,2.9,11300,344,3
2015-12-11,120,6.6,11301,345,4
2015-12-12,127,6.8,11302,346,5
2015-12-13,136,8.2,11303,347,6
2015-12-14,119,5.4,11304,348,0
2015-12-15,116,6.4,11305,349,1
2015-12-16,119,3.8,11306,350,2
2015-12-17,112,3.2,11307,351,3
2015-12-18,125,2.4,11308,352,4
2015-12-19,126,3.4,11309,353,5
2015-12-20,139,6.8,11310,354,6
2015-12-21,125,9.7,11311,355,0
2015-12-22,118,10.2,11312,356,1
2015-12-23,131,9.8,11313,357,2
2015-12-24,132,6.1,11314,358,3
2015-12-25,118,10.8,11315,359,4
2015-12-26,114,11.7,11316,360,5
2015-12-27,124,10.1,11317,361,6
2015-12-28,134,9.1,11318,362,0
2015-12-29,112,7.5,11319,363,1
2015-12-30,135,6.8,11320,364,2
2015-12-31,124,11.5,11321,365,3
2016-01-01,125,11.2,11322,1,4
2016-01-02,119,6.0,11323,2,5
2016-01-03,116,8.9,11324,3,6
2016-01-04,108,7.2,11325,4,0
2016-01-05,134,9.9,11326,5,1
2016-01-06,112,7.3,11327,6,2
2016-01-07,107,9.6,11328,7,3
2016-01-08,120,9.0,11329,8,4
2016-01-09,117,10.3,11330,9,5
2016-01-10,115,10.3,11331,10,6
2016-01-11,110,9.4,11332,11,0
2016-01-12,120,9.2,11333,12,1
2016-01-13,114,4.7,11334,13,2
2016-01-14,107,2.7,11335,14,3
2016-01-15,120,3.7,11336,15,4
2016-01-16,101,3.4,11337,16,5
2016-01-17,120,2.9,11338,17,6
2016-01-18,128,9.5,11339,18,0
2016-01-19,139,9.8,11340,19,1
2016-01-20,117,8.0,11341,20,2
2016-01-21,97,10.5,11342,21,3
2016-01-22,107,8.7,11343,22,4
2016-01-23,120,6.5,11344,23,5
2016-01-24,104,6.1,11345,24,6
2016-01-25,147,9.5,11346,25,0
2016-01-26,113,7.6,11347,26,1
2016-01-27,111,5.4,11348,27,2
2016-01-28,130,5.0,11349,28,3
2016-01-29,114,3.5,11350,29,4
2016-01-30,116,3.0,11351,30,5
2016-01-31,128,1.7,11352,31,6
2016-02-01,124,1.3,11353,32,0
2016-02-02,108,-0.2,11354,33,1
2016-02-03,120,-0.2,11355,34,2
2016-02-04,134,-0.7,11356,35,3
2016-02-05,125,1.1,11357,36,4
2016-02-06,107,2.8,11358,37,5
2016-02-07,130,0.9,11359,38,6
2016-02-08,124,0.1,11360,39,0
2016-02-09,127,0.7,11361,40,1
2016-02-10,130,0.1,11362,41,2
2016-02-11,95,-1.0,11363,42,3
2016-02-12,120,1.2,11364,43,4
2016-02-13,156,4.6,11365,44,5
2016-02-14,121,6.8,11366,45,6
2016-02-15,118,9.1,11367,46,0
2016-02-16,129,8.3,11368,47,1
2016-02-17,136,9.6,11369,48,2
2016-02-18,114,8.0,11370,49,3
2016-02-19,120,4.1,11371,50,4
2016-02-20,105,3.9,11372,51,5
2016-02-21,130,8.8,11373,52,6
2016-02-22,132,9.0,11374,53,0
2016-02-23,130,13.2,11375,54,1
2016-02-24,124,11.6,11376,55,2
2016-02-25,124,9.9,11377,56,3
2016-02-26,130,8.5,11378,57,4
2016-02-27,129,9.2,11379,58,5
2016-02-28,102,11.5,11380,59,6
2016-02-29,136,10.9,11381,60,0
2016-03-01,112,11.0,11382,61,1
2016-03-02,118,7.9,11383,62,2
2016-03-03,131,9.9,11384,63,3
2016-03-04,111,6.8,11385,64,4
2016-03-05,107,6.8,11386,65,5
2016-03-06,114,5.4,11387,66,6
2016-03-07,141,7.9,11388,67,0
2016-03-08,117,7.7,11389,68,1
2016-03-09,114,9.6,11390,69,2
2016-03-10,121,12.0,11391,70,3
2016-03-11,117,11.2,11392,71,4
2016-03-12,98,9.4,11393,72,5
2016-03-13,122,8.0,11394,73,6
2016-03-14,100,7.7,11395,74,0
2016-03-15,121,9.6,11396,75,1
2016-03-16,114,9.3,11397,76,2
2016-03-17,110,9.4,11398,77,3
2016-03-18,116,7.4,11399,78,4
2016-03-19,117,8.0,11400,79,5
2016-03-20,106,9.9,11401,80,6
2016-03-21,118,11.7,11402,81,0
2016-03-22,116,11.1,11403,82,1
2016-03-23,112,13.1,11404,83,2
2016-03-24,117,12.3,11405,84,3
2016-03-25,120,9.0,11406,85,4
2016-03-26,134,10.6,11407,86,5
2016-03-27,114,12.1,11408,87,6
2016-03-28,124,13.7,11409,88,0
2016-03-29,112,13.7,11410,89,1
2016-03-30,95,12.7,11411,90,2
2016-03-31,116,9.4,11412,91,3
2016-04-01,119,8.3,11413,92,4
2016-04-02,120,9.9,11414,93,5
2016-04-03,107,9.6,11415,94,6
2016-04-04,108,7.7,11416,95,0
2016-04-05,110,7.6,11417,96,1
2016-04-06,134,7.4,11418,97,2
2016-04-07,105,9.1,11419,98,3
2016-04-08,111,9.9,11420,99,4
2016-04-09,130,9.8,11421,100,5
2016-04-10,97,9.6,11422,101,6
2016-04-11,115,9.0,11423,102,0
2016-04-12,123,8.5,11424,103,1
2016-04-13,130,8.5,11425,104,2
2016-04-14,131,8.7,11426,105,3
2016-04-15,112,6.7,11427,106,4
2016-04-16,95,6.9,11428,107,5
2016-04-17,118,8.3,11429,108,6
2016-04-18,125,8.0,11430,109,0
2016-04-19,139,7.8,11431,110,1
2016-04-20,99,8.2,11432,111,2
2016-04-21,121,8.5,11433,112,3
2016-04-22,108,9.0,11434,113,4
2016-04-23,128,8.1,11435,114,5
2016-04-24,119,9.4,11436,115,6
2016-04-25,113,8.9,11437,116,0
2016-04-26,120,11.1,11438,117,1
2016-04-27,117,11.4,11439,118,2
2016-04-28,100,8.8,11440,119,3
2016-04-29,121,9.4,11441,120,4
2016-04-30,118,13.4,11442,121,5
2016-05-01,117,13.9,11443,122,6
2016-05-02,90,11.5,11444,123,0
2016-05-03,111,8.9,11445,124,1
2016-05-04,125,8.4,11446,125,2
2016-05-05,107,7.9,11447,126,3
2016-05-06,131,7.4,11448,127,4
2016-05-07,107,9.8,11449,128,5
2016-05-08,101,13.5,11450,129,6
2016-05-09,97,13.3,11451,130,0
2016-05-10,98,15.7,11452,131,1
2016-05-11,113,13.3,11453,132,2
2016-05-12,109,10.7,11454,133,3
2016-05-13,93,11.8,11455,134,4
2016-05-14,79,9.8,11456,135,5
2016-05-15,79,8.2,11457,136,6
2016-05-16,95,9.9,11458,137,0
2016-05-17,101,11.4,11459,138,1
2016-05-18,118,13.0,11460,139,2
2016-05-19,85,13.6,11461,140,3
2016-05-20,110,10.8,11462,141,4
2016-05-21,100,12.7,11463,142,5
2016-05-22,124,18.0,11464,143,6
2016-05-23,114,19.6,11465,144,0
2016-05-24,109,20.7,11466,145,1
2016-05-25,97,20.6,11467,146,2
2016-05-26,88,20.3,11468,147,3
2016-05-27,112,20.3,11469,148,4
2016-05-28,95,20.8,11470,149,5
2016-05-29,109,18.5,11471,150,6
2016-05-30,105,18.7,11472,151,0
2016-05-31,93,16.8,11473,152,1
2016-06-01,87,17.1,11474,153,2
2016-06-02,101,14.2,11475,154,3
2016-06-03,94,11.7,11476,155,4
2016-06-04,112,10.9,11477,156,5
2016-06-05,99,11.7,11478,157,6
2016-06-06,116,15.2,11479,158,0
2016-06-07,90,14.8,11480,159,1
2016-06-08,93,13.9,11481,160,2
2016-06-09,107,14.4,11482,161,3
2016-06-10,118,13.8,11483,162,4
2016-06-11,109,12.4,11484,163,5
2016-06-12,109,11.9,11485,164,6
2016-06-13,105,13.4,11486,165,0
2016-06-14,98,13.9,11487,166,1
2016-06-15,113,15.3,11488,167,2
2016-06-16,111,15.2,11489,168,3
2016-06-17,105,16.1,11490,169,4
2016-06-18,98,15.0,11491,170,5
2016-06-19,105,16.1,11492,171,6
2016-06-20,109,17.2,11493,172,0
2016-06-21,101,15.8,11494,173,1
2016-06-22,114,14.9,11495,174,2
2016-06-23,111,14.8,11496,175,3
2016-06-24,116,15.7,11497,176,4
2016-06-25,80,17.3,11498,177,5
2016-06-26,108,18.5,11499,178,6
2016-06-27,124,19.7,11500,179,0
2016-06-28,103,21.8,11501,180,1
2016-06-29,93,17.2,11502,181,2
2016-06-30,94,17.5,11503,182,3
2016-07-01,100,15.1,11504,183,4
2016-07-02,101,15.4,11505,184,5
2016-07-03,98,17.1,11506,185,6
2016-07-04,87,18.6,11507,186,0
2016-07-05,101,18.8,11508,187,1
2016-07-06,106,16.5,11509,188,2
2016-07-07,98,16.3,11510,189,3
2016-07-08,121,16.1,11511,190,4
2016-07-09,97,16.2,11512,191,5
2016-07-10,94,15.5,11513,192,6
2016-07-11,94,14.9,11514,193,0
2016-07-12,93,14.3,11515,194,1
2016-07-13,107,16.2,11516,195,2
2016-07-14,106,14.8,11517,196,3
2016-07-15,93,15.5,11518,197,4
2016-07-16,102,15.5,11519,198,5
2016-07-17,119,18.6,11520,199,6
2016-07-18,105,17.0,11521,200,0
2016-07-19,100,17.2,11522,201,1
2016-07-20,99,15.6,11523,202,2
2016-07-21,103,16.1,11524,203,3
2016-07-22,96,17.9,11525,204,4
2016-07-23,109,20.6,11526,205,5
2016-07-24,108,22.2,11527,206,6
2016-07-25,95,23.2,11528,207,0
2016-07-26,104,21.4,11529,208,1
2016-07-27,96,20.3,11530,209,2
2016-07-28,97,18.1,11531,210,3
2016-07-29,97,14.5,11532,211,4
2016-07-30,111,15.4,11533,212,5
2016-07-31,105,16.1,11534,213,6
2016-08-01,117,18.3,11535,214,0
2016-08-02,124,18.6,11536,215,1
2016-08-03,97,17.8,11537,216,2
2016-08-04,100,17.6,11538,217,3
2016-08-05,90,16.9,11539,218,4
2016-08-06,104,17.5,11540,219,5
2016-08-07,100,15.7,11541,220,6
2016-08-08,112,19.2,11542,221,0
2016-08-09,94,20.4,11543,222,1
2016-08-10,95,20.6,11544,223,2
2016-08-11,102,19.5,11545,224,3
2016-08-12,96,20.6,11546,225,4
2016-08-13,90,19.0,11547,226,5
2016-08-14,95,20.6,11548,227,6
2016-08-15,109,19.9,11549,228,0
2016-08-16,96,19.1,11550,229,1
2016-08-17,104,22.3,11551,230,2
2016-08-18,109,25.2,11552,231,3
2016-08-19,115,23.9,11553,232,4
2016-08-20,106,20.7,11554,233,5
2016-08-21,93,19.1,11555,234,6
2016-08-22,87,17.6,11556,235,0
2016-08-23,80,17.6,11557,236,1
2016-08-24,110,17.1,11558,237,2
2016-08-25,101,17.0,11559,238,3
2016-08-26,92,17.2,11560,239,4
2016-08-27,89,17.5,11561,240,5
2016-08-28,85,18.5,11562,241,6
2016-08-29,93,15.8,11563,242,0
2016-08-30,93,15.0,11564,243,1
2016-08-31,100,13.7,11565,244,2
2016-09-01,109,16.7,11566,245,3
2016-09-02,95,16.0,11567,246,4
2016-09-03,114,19.3,11568,247,5
2016-09-04,104,19.0,11569,248,6
2016-09-05,104,16.4,11570,249,0
2016-09-06,86,15.6,11571,250,1
2016-09-07,110,18.2,11572,251,2
2016-09-08,94,18.5,11573,252,3
2016-09-09,107,18.6,11574,253,4
2016-09-10,99,18.4,11575,254,5
2016-09-11,101,16.1,11576,255,6
2016-09-12,92,13.2,11577,256,0
2016-09-13,104,13.9,11578,257,1
2016-09-14,89,16.9,11579,258,2
2016-09-15,110,15.6,11580,259,3
2016-09-16,97,15.6,11581,260,4
2016-09-17,83,16.1,11582,261,5
2016-09-18,91,14.4,11583,262,6
2016-09-19,107,12.1,11584,263,0
2016-09-20,100,13.2,11585,264,1
2016-09-21,107,13.2,11586,265,2
2016-09-22,93,11.8,11587,266,3
2016-09-23,97,11.1,11588,267,4
2016-09-24,81,13.3,11589,268,5
2016-09-25,117,12.8,11590,269,6
2016-09-26,114,12.4,11591,270,0
2016-09-27,104,13.2,11592,271,1
2016-09-28,99,12.5,11593,272,2
2016-09-29,94,11.7,11594,273,3
2016-09-30,91,12.1,11595,274,4
2016-10-01,116,14.4,11596,275,5
2016-10-02,88,13.7,11597,276,6
2016-10-03,108,12.7,11598,277,0
2016-10-04,103,11.5,11599,278,1
2016-10-05,102,12.7,11600,279,2
2016-10-06,99,10.7,11601,280,3
2016-10-07,92,10.0,11602,281,4
2016-10-08,115,11.6,11603,282,5
2016-10-09,114,11.8,11604,283,6
2016-10-10,101,11.3,11605,284,0
2016-10-11,121,12.5,11606,285,1
2016-10-12,104,11.9,11607,286,2
2016-10-13,110,9.0,11608,287,3
2016-10-14,115,8.1,11609,288,4
2016-10-15,132,9.2,11610,289,5
2016-10-16,109,12.0,11611,290,6
2016-10-17,121,13.2,11612,291,0
2016-10-18,107,14.1,11613,292,1
2016-10-19,102,12.6,11614,293,2
2016-10-20,113,11.9,11615,294,3
2016-10-21,93,11.5,11616,295,4
2016-10-22,88,13.9,11617,296,5
2016-10-23,103,13.4,11618,297,6
2016-10-24,96,14.5,11619,298,0
2016-10-25,98,12.7,11620,299,1
2016-10-26,108,8.5,11621,300,2
2016-10-27,94,5.2,11622,301,3
2016-10-28,122,5.9,11623,302,4
2016-10-29,93,9.7,11624,303,5
2016-10-30,109,8.0,11625,304,6
2016-10-31,112,9.9,11626,305,0
2016-11-01,108,7.7,11627,306,1
2016-11-02,108,7.1,11628,307,2
2016-11-03,119,6.6,11629,308,3
2016-11-04,94,5.5,11630,309,4
2016-11-05,115,6.7,11631,310,5
2016-11-06,100,6.1,11632,311,6
2016-11-07,130,8.2,11633,312,0
2016-11-08,108,10.1,11634,313,1
2016-11-09,100,9.8,11635,314,2
2016-11-10,99,9.0,11636,315,3
2016-11-11,100,5.6,11637,316,4
2016-11-12,102,8.9,11638,317,5
2016-11-13,140,12.7,11639,318,6
2016-11-14,108,10.9,11640,319,0
2016-11-15,90,7.7,11641,320,1
2016-11-16,84,7.8,11642,321,2
2016-11-17,102,10.9,11643,322,3
2016-11-18,95,5.8,11644,323,4
2016-11-19,123,8.7,11645,324,5
2016-11-20,114,12.4,11646,325,6
2016-11-21,127,9.5,11647,326,0
2016-11-22,112,11.3,11648,327,1
2016-11-23,95,8.0,11649,328,2
2016-11-24,105,7.3,11650,329,3
2016-11-25,93,10.3,11651,330,4
2016-11-26,133,8.7,11652,331,5
2016-11-27,115,7.8,11653,332,6
2016-11-28,102,6.3,11654,333,0
2016-11-29,100,3.9,11655,334,1
2016-11-30,103,2.1,11656,335,2
2016-12-01,120,1.9,11657,336,3
2016-12-02,130,1.5,11658,337,4
2016-12-03,126,7.1,11659,338,5
2016-12-04,106,4.5,11660,339,6
2016-12-05,110,2.2,11661,340,0
2016-12-06,119,1.5,11662,341,1
2016-12-07,124,5.0,11663,342,2
2016-12-08,119,4.9,11664,343,3
2016-12-09,139,6.8,11665,344,4
2016-12-10,120,4.4,11666,345,5
2016-12-11,101,1.2,11667,346,6
2016-12-12,123,-0.4,11668,347,0
2016-12-13,107,0.7,11669,348,1
2016-12-14,136,6.9,11670,349,2
2016-12-15,126,8.7,11671,350,3
2016-12-16,133,7.3,11672,351,4
2016-12-17,143,7.0,11673,352,5
2016-12-18,120,6.9,11674,353,6
2016-12-19,134,5.9,11675,354,0
2016-12-20,134,8.3,11676,355,1
2016-12-21,132,7.8,11677,356,2
2016-12-22,136,10.1,11678,357,3
2016-12-23,119,11.8,11679,358,4
2016-12-24,130,9.9,11680,359,5
2016-12-25,145,8.1,11681,360,6
2016-12-26,109,7.7,11682,361,0
2016-12-27,150,7.6,11683,362,1
2016-12-28,133,9.7,11684,363,2
2016-12-29,138,10.5,11685,364,3
2016-12-30,130,7.9,11686,365,4
2016-12-31,146,10.9,11687,366,5
2017-01-01,128,6.5,11688,1,6
2017-01-02,136,6.8,11689,2,0
2017-01-03,134,10.8,11690,3,1
2017-01-04,125,9.9,11691,4,2
2017-01-05,137,9.4,11692,5,3
2017-01-06,143,7.8,11693,6,4
2017-01-07,129,8.3,11694,7,5
2017-01-08,138,10.2,11695,8,6
2017-01-09,111,7.6,11696,9,0
2017-01-10,106,2.6,11697,10,1
2017-01-11,134,2.9,11698,11,2
2017-01-12,124,3.8,11699,12,3
2017-01-13,139,2.7,11700,13,4
2017-01-14,127,1.5,11701,14,5
2017-01-15,117,1.8,11702,15,6
2017-01-16,123,-0.6,11703,16,0
2017-01-17,121,0.3,11704,17,1
2017-01-18,136,-0.4,11705,18,2
2017-01-19,121,0.5,11706,19,3
2017-01-20,124,-0.3,11707,20,4
2017-01-21,135,-0.1,11708,21,5
2017-01-22,120,0.8,11709,22,6
2017-01-23,102,2.4,11710,23,0
2017-01-24,124,2.0,11711,24,1
2017-01-25,140,1.4,11712,25,2
2017-01-26,130,5.3,11713,26,3
2017-01-27,130,8.2,11714,27,4
2017-01-28,130,6.8,11715,28,5
2017-01-29,145,12.0,11716,29,6
2017-01-30,140,10.3,11717,30,0
2017-01-31,143,9.0,11718,31,1
2017-02-01,135,6.4,11719,32,2
2017-02-02,113,4.5,11720,33,3
2017-02-03,120,5.1,11721,34,4
2017-02-04,126,9.2,11722,35,5
2017-02-05,114,4.7,11723,36,6
2017-02-06,115,4.9,11724,37,0
2017-02-07,138,3.5,11725,38,1
2017-02-08,119,3.6,11726,39,2
2017-02-09,123,3.1,11727,40,3
2017-02-10,114,3.5,11728,41,4
2017-02-11,126,1.5,11729,42,5
2017-02-12,124,2.0,11730,43,6
2017-02-13,128,2.0,11731,44,0
2017-02-14,111,8.0,11732,45,1
2017-02-15,140,6.6,11733,46,2
2017-02-16,136,7.1,11734,47,3
2017-02-17,118,5.1,11735,48,4
2017-02-18,134,4.5,11736,49,5
2017-02-19,123,4.7,11737,50,6
2017-02-20,133,3.5,11738,51,0
2017-02-21,131,1.9,11739,52,1
2017-02-22,126,1.3,11740,53,2
2017-02-23,117,1.3,11741,54,3
2017-02-24,133,1.9,11742,55,4
2017-02-25,134,3.6,11743,56,5
2017-02-26,141,4.2,11744,57,6
2017-02-27,121,4.0,11745,58,0
2017-02-28,133,4.6,11746,59,1
2017-03-01,131,5.0,11747,60,2
2017-03-02,119,3.6,11748,61,3
2017-03-03,122,4.0,11749,62,4
2017-03-04,112,5.0,11750,63,5
2017-03-05,139,8.7,11751,64,6
2017-03-06,134,10.3,11752,65,0
2017-03-07,141,8.9,11753,66,1
2017-03-08,146,9.3,11754,67,2
2017-03-09,132,6.5,11755,68,3
2017-03-10,149,2.8,11756,69,4
2017-03-11,117,0.1,11757,70,5
2017-03-12,133,1.4,11758,71,6
2017-03-13,126,3.4,11759,72,0
2017-03-14,120,3.5,11760,73,1
2017-03-15,130,6.2,11761,74,2
2017-03-16,149,6.9,11762,75,3
2017-03-17,125,5.4,11763,76,4
2017-03-18,142,3.9,11764,77,5
2017-03-19,113,5.0,11765,78,6
2017-03-20,133,4.3,11766,79,0
2017-03-21,134,4.2,11767,80,1
2017-03-22,135,3.9,11768,81,2
2017-03-23,116,1.8,11769,82,3
2017-03-24,111,0.9,11770,83,4
2017-03-25,136,1.5,11771,84,5
2017-03-26,117,1.6,11772,85,6
2017-03-27,113,2.0,11773,86,0
2017-03-28,122,2.3,11774,87,1
2017-03-29,132,2.7,11775,88,2
2017-03-30,156,3.3,11776,89,3
2017-03-31,125,2.4,11777,90,4
2017-04-01,137,3.2,11778,91,5
2017-04-02,127,4.1,11779,92,6
2017-04-03,136,3.0,11780,93,0
2017-04-04,121,2.5,11781,94,1
2017-04-05,123,4.6,11782,95,2
2017-04-06,121,5.4,11783,96,3
2017-04-07,125,5.2,11784,97,4
2017-04-08,128,6.5,11785,98,5
2017-04-09,150,6.5,11786,99,6
2017-04-10,139,7.1,11787,100,0
2017-04-11,121,8.0,11788,101,1
2017-04-12,134,9.2,11789,102,2
2017-04-13,144,9.3,11790,103,3
2017-04-14,130,15.2,11791,104,4
2017-04-15,112,13.1,11792,105,5
2017-04-16,115,12.8,11793,106,6
2017-04-17,136,13.6,11794,107,0
2017-04-18,122,11.0,11795,108,1
2017-04-19,90,9.6,11796,109,2
2017-04-20,106,8.3,11797,110,3
2017-04-21,121,8.6,11798,111,4
2017-04-22,112,10.5,11799,112,5
2017-04-23,101,14.8,11800,113,6
2017-04-24,116,15.0,11801,114,0
2017-04-25,104,16.2,11802,115,1
2017-04-26,113,10.5,11803,116,2
2017-04-27,113,7.5,11804,117,3
2017-04-28,117,7.9,11805,118,4
2017-04-29,103,10.7,11806,119,5
2017-04-30,125,10.1,11807,120,6
2017-05-01,86,10.2,11808,121,0
2017-05-02,108,11.7,11809,122,1
2017-05-03,113,12.8,11810,123,2
2017-05-04,118,12.5,11811,124,3
2017-05-05,106,13.5,11812,125,4
2017-05-06,93,16.3,11813,126,5
2017-05-07,113,15.4,11814,127,6
2017-05-08,99,14.0,11815,128,0
2017-05-09,103,11.1,11816,129,1
2017-05-10,108,12.9,11817,130,2
2017-05-11,119,10.2,11818,131,3
2017-05-12,99,10.3,11819,132,4
2017-05-13,113,11.9,11820,133,5
2017-05-14,120,9.3,11821,134,6
2017-05-15,104,9.4,11822,135,0
2017-05-16,92,10.1,11823,136,1
2017-05-17,116,10.3,11824,137,2
2017-05-18,103,12.2,11825,138,3
2017-05-19,102,13.8,11826,139,4
2017-05-20,89,14.6,11827,140,5
2017-05-21,98,13.6,11828,141,6
2017-05-22,117,11.7,11829,142,0
2017-05-23,103,8.7,11830,143,1
2017-05-24,119,7.1,11831,144,2
2017-05-25,106,10.5,11832,145,3
2017-05-26,103,13.2,11833,146,4
2017-05-27,102,13.0,11834,147,5
2017-05-28,99,11.3,11835,148,6
2017-05-29,95,11.2,11836,149,0
2017-05-30,108,12.9,11837,150,1
2017-05-31,105,16.2,11838,151,2
2017-06-01,106,14.7,11839,152,3
2017-06-02,94,14.9,11840,153,4
2017-06-03,103,13.9,11841,154,5
2017-06-04,103,14.8,11842,155,6
2017-06-05,105,14.0,11843,156,0
2017-06-06,94,15.1,11844,157,1
2017-06-07,83,15.3,11845,158,2
2017-06-08,97,13.3,11846,159,3
2017-06-09,112,12.4,11847,160,4
2017-06-10,109,12.5,11848,161,5
2017-06-11,111,14.1,11849,162,6
2017-06-12,89,15.9,11850,163,0
2017-06-13,105,14.8,11851,164,1
2017-06-14,113,14.4,11852,165,2
2017-06-15,91,14.1,11853,166,3
2017-06-16,117,14.4,11854,167,4
2017-06-17,90,16.7,11855,168,5
2017-06-18,97,17.4,11856,169,6
2017-06-19,102,20.3,11857,170,0
2017-06-20,120,18.4,11858,171,1
2017-06-21,101,17.2,11859,172,2
2017-06-22,109,14.8,11860,173,3
2017-06-23,99,14.9,11861,174,4
2017-06-24,82,13.6,11862,175,5
2017-06-25,96,15.8,11863,176,6
2017-06-26,88,16.5,11864,177,0
2017-06-27,88,15.6,11865,178,1
2017-06-28,92,16.2,11866,179,2
2017-06-29,108,17.5,11867,180,3
2017-06-30,103,20.2,11868,181,4
2017-07-01,79,16.9,11869,182,5
2017-07-02,108,15.2,11870,183,6
2017-07-03,116,17.1,11871,184,0
2017-07-04,92,18.2,11872,185,1
2017-07-05,108,19.5,11873,186,2
2017-07-06,87,20.8,11874,187,3
2017-07-07,98,21.8,11875,188,4
2017-07-08,105,20.7,11876,189,5
2017-07-09,99,19.0,11877,190,6
2017-07-10,90,18.7,11878,191,0
2017-07-11,81,16.0,11879,192,1
2017-07-12,92,17.8,11880,193,2
2017-07-13,97,22.9,11881,194,3
2017-07-14,95,23.4,11882,195,4
2017-07-15,108,24.5,11883,196,5
2017-07-16,112,24.1,11884,197,6
2017-07-17,92,24.5,11885,198,0
2017-07-18,114,22.7,11886,199,1
2017-07-19,109,22.0,11887,200,2
2017-07-20,103,19.8,11888,201,3
2017-07-21,81,20.6,11889,202,4
2017-07-22,102,24.8,11890,203,5
2017-07-23,99,22.9,11891,204,6
2017-07-24,98,21.0,11892,205,0
2017-07-25,96,20.8,11893,206,1
2017-07-26,66,21.0,11894,207,2
2017-07-27,92,20.8,11895,208,3
2017-07-28,86,19.5,11896,209,4
2017-07-29,81,19.3,11897,210,5
2017-07-30,84,17.7,11898,211,6
2017-07-31,100,19.7,11899,212,0
2017-08-01,99,25.2,11900,213,1
2017-08-02,116,21.0,11901,214,2
2017-08-03,94,19.1,11902,215,3
2017-08-04,102,18.9,11903,216,4
2017-08-05,87,19.0,11904,217,5
2017-08-06,111,17.5,11905,218,6
2017-08-07,88,18.5,11906,219,0
2017-08-08,93,18.5,11907,220,1
2017-08-09,88,19.5,11908,221,2
2017-08-10,81,18.1,11909,222,3
2017-08-11,90,18.9,11910,223,4
2017-08-12,91,17.3,11911,224,5
2017-08-13,87,15.6,11912,225,6
2017-08-14,94,16.8,11913,226,0
2017-08-15,90,19.8,11914,227,1
2017-08-16,104,18.8,11915,228,2
2017-08-17,78,17.2,11916,229,3
2017-08-18,88,19.0,11917,230,4
2017-08-19,88,18.1,11918,231,5
2017-08-20,75,18.5,11919,232,6
2017-08-21,97,19.7,11920,233,0
2017-08-22,92,18.4,11921,234,1
2017-08-23,126,20.9,11922,235,2
2017-08-24,100,18.0,11923,236,3
2017-08-25,95,17.7,11924,237,4
2017-08-26,82,19.8,11925,238,5
2017-08-27,89,17.3,11926,239,6
2017-08-28,92,17.1,11927,240,0
2017-08-29,111,19.0,11928,241,1
2017-08-30,109,19.1,11929,242,2
2017-08-31,102,16.2,11930,243,3
2017-09-01,92,14.4,11931,244,4
2017-09-02,104,17.4,11932,245,5
2017-09-03,86,18.5,11933,246,6
2017-09-04,103,19.7,11934,247,0
2017-09-05,91,20.5,11935,248,1
2017-09-06,88,14.8,11936,249,2
2017-09-07,80,13.3,11937,250,3
2017-09-08,97,11.3,11938,251,4
2017-09-09,95,10.9,11939,252,5
2017-09-10,94,12.2,11940,253,6
2017-09-11,101,13.4,11941,254,0
2017-09-12,105,14.6,11942,255,1
2017-09-13,111,16.3,11943,256,2
2017-09-14,102,11.1,11944,257,3
2017-09-15,86,11.0,11945,258,4
2017-09-16,113,10.7,11946,259,5
2017-09-17,91,10.8,11947,260,6
2017-09-18,94,12.2,11948,261,0
2017-09-19,90,11.7,11949,262,1
2017-09-20,108,13.2,11950,263,2
2017-09-21,104,13.9,11951,264,3
2017-09-22,113,16.8,11952,265,4
2017-09-23,104,15.2,11953,266,5
2017-09-24,103,14.7,11954,267,6
2017-09-25,123,16.1,11955,268,0
2017-09-26,109,15.1,11956,269,1
2017-09-27,97,13.0,11957,270,2
2017-09-28,94,14.5,11958,271,3
2017-09-29,111,14.6,11959,272,4
2017-09-30,116,14.9,11960,273,5
2017-10-01,103,13.9,11961,274,6
2017-10-02,101,15.8,11962,275,0
2017-10-03,92,15.6,11963,276,1
2017-10-04,97,17.3,11964,277,2
2017-10-05,93,14.9,11965,278,3
2017-10-06,94,12.9,11966,279,4
2017-10-07,112,13.7,11967,280,5
2017-10-08,114,16.0,11968,281,6
2017-10-09,122,13.0,11969,282,0
2017-10-10,110,8.5,11970,283,1
2017-10-11,111,10.7,11971,284,2
2017-10-12,104,11.1,11972,285,3
2017-10-13,90,9.8,11973,286,4
2017-10-14,114,9.0,11974,287,5
2017-10-15,99,9.4,11975,288,6
2017-10-16,110,9.7,11976,289,0
2017-10-17,100,13.7,11977,290,1
2017-10-18,124,13.2,11978,291,2
2017-10-19,105,14.4,11979,292,3
2017-10-20,98,13.5,11980,293,4
2017-10-21,102,15.3,11981,294,5
2017-10-22,121,16.1,11982,295,6
2017-10-23,144,13.8,11983,296,0
2017-10-24,103,11.0,11984,297,1
2017-10-25,110,15.3,11985,298,2
2017-10-26,86,14.7,11986,299,3
2017-10-27,104,13.1,11987,300,4
2017-10-28,104,12.0,11988,301,5
2017-10-29,107,8.6,11989,302,6
2017-10-30,82,9.2,11990,303,0
2017-10-31,120,12.1,11991,304,1
2017-11-01,98,12.0,11992,305,2
2017-11-02,93,11.2,11993,306,3
2017-11-03,115,8.6,11994,307,4
2017-11-04,125,6.9,11995,308,5
2017-11-05,121,8.1,11996,309,6
2017-11-06,123,11.5,11997,310,0
2017-11-07,84,9.7,11998,311,1
2017-11-08,108,7.0,11999,312,2
2017-11-09,106,5.7,12000,313,3
2017-11-10,106,6.2,12001,314,4
2017-11-11,108,9.3,12002,315,5
2017-11-12,111,11.0,12003,316,6
2017-11-13,113,6.4,12004,317,0
2017-11-14,98,8.4,12005,318,1
2017-11-15,93,6.9,12006,319,2
2017-11-16,120,5.9,12007,320,3
2017-11-17,114,9.3,12008,321,4
2017-11-18,114,8.8,12009,322,5
2017-11-19,120,4.4,12010,323,6
2017-11-20,112,3.3,12011,324,0
2017-11-21,102,5.7,12012,325,1
2017-11-22,104,5.9,12013,326,2
2017-11-23,121,5.9,12014,327,3
2017-11-24,108,7.1,12015,328,4
2017-11-25,116,6.1,12016,329,5
2017-11-26,117,6.1,12017,330,6
2017-11-27,125,8.5,12018,331,0
2017-11-28,97,9.4,12019,332,1
2017-11-29,117,8.7,12020,333,2
2017-11-30,121,7.0,12021,334,3
2017-12-01,105,6.6,12022,335,4
2017-12-02,109,8.5,12023,336,5
2017-12-03,110,6.5,12024,337,6
2017-12-04,105,6.3,12025,338,0
2017-12-05,116,5.6,12026,339,1
2017-12-06,133,6.0,12027,340,2
2017-12-07,116,7.6,12028,341,3
2017-12-08,115,8.2,12029,342,4
2017-12-09,110,7.7,12030,343,5
2017-12-10,122,6.0,12031,344,6
2017-12-11,107,4.0,12032,345,0
2017-12-12,123,5.5,12033,346,1
2017-12-13,124,10.4,12034,347,2
2017-12-14,114,8.4,12035,348,3
2017-12-15,128,11.2,12036,349,4
2017-12-16,129,11.6,12037,350,5
2017-12-17,104,6.2,12038,351,6
2017-12-18,119,8.7,12039,352,0
2017-12-19,124,7.0,12040,353,1
2017-12-20,111,6.7,12041,354,2
2017-12-21,107,10.9,12042,355,3
2017-12-22,101,8.3,12043,356,4
2017-12-23,118,9.2,12044,357,5
2017-12-24,117,8.6,12045,358,6
2017-12-25,124,5.2,12046,359,0
2017-12-26,122,4.2,12047,360,1
2017-12-27,136,9.2,12048,361,2
2017-12-28,117,5.8,12049,362,3
2017-12-29,126,4.0,12050,363,4
2017-12-30,130,8.9,12051,364,5
2017-12-31,166,8.3,12052,365,6
2018-01-01,128,9.1,12053,1,0
2018-01-02,122,9.1,12054,2,1
2018-01-03,116,9.0,12055,3,2
2018-01-04,138,8.0,12056,4,3
2018-01-05,128,6.0,12057,5,4
2018-01-06,122,11.6,12058,6,5
2018-01-07,103,10.7,12059,7,6
2018-01-08,126,9.6,12060,8,0
2018-01-09,122,9.0,12061,9,1
2018-01-10,106,6.8,12062,10,2
2018-01-11,119,6.8,12063,11,3
2018-01-12,122,4.7,12064,12,4
2018-01-13,109,7.5,12065,13,5
2018-01-14,99,5.1,12066,14,6
2018-01-15,122,9.7,12067,15,0
2018-01-16,119,9.2,12068,16,1
2018-01-17,96,7.6,12069,17,2
2018-01-18,126,8.9,12070,18,3
2018-01-19,99,7.2,12071,19,4
2018-01-20,111,4.9,12072,20,5
2018-01-21,120,5.1,12073,21,6
2018-01-22,127,7.8,12074,22,0
2018-01-23,109,5.8,12075,23,1
2018-01-24,129,5.9,12076,24,2
2018-01-25,123,8.5,12077,25,3
2018-01-26,124,6.0,12078,26,4
2018-01-27,99,5.0,12079,27,5
2018-01-28,122,6.6,12080,28,6
2018-01-29,110,4.8,12081,29,0
2018-01-30,121,4.7,12082,30,1
2018-01-31,122,5.5,12083,31,2
2018-02-01,120,7.5,12084,32,3
2018-02-02,100,7.6,12085,33,4
2018-02-03,114,6.5,12086,34,5
2018-02-04,131,7.1,12087,35,6
2018-02-05,102,8.2,12088,36,0
2018-02-06,118,8.0,12089,37,1
2018-02-07,112,8.0,12090,38,2
2018-02-08,119,8.0,12091,39,3
2018-02-09,114,7.0,12092,40,4
2018-02-10,137,5.9,12093,41,5
2018-02-11,132,5.6,12094,42,6
2018-02-12,118,6.3,12095,43,0
2018-02-13,120,5.8,12096,44,1
2018-02-14,120,7.2,12097,45,2
2018-02-15,123,8.6,12098,46,3
2018-02-16,129,6.2,12099,47,4
2018-02-17,123,8.2,12100,48,5
2018-02-18,129,8.6,12101,49,6
2018-02-19,130,7.8,12102,50,0
2018-02-20,129,10.2,12103,51,1
2018-02-21,110,6.9,12104,52,2
2018-02-22,124,8.1,12105,53,3
2018-02-23,101,10.5,12106,54,4
2018-02-24,127,10.9,12107,55,5
2018-02-25,116,9.1,12108,56,6
2018-02-26,122,7.8,12109,57,0
2018-02-27,110,7.8,12110,58,1
2018-02-28,110,5.5,12111,59,2
2018-03-01,106,5.9,12112,60,3
2018-03-02,120,7.1,12113,61,4
2018-03-03,117,6.3,12114,62,5
2018-03-04,105,5.9,12115,63,6
2018-03-05,114,7.2,12116,64,0
2018-03-06,116,9.3,12117,65,1
2018-03-07,112,10.8,12118,66,2
2018-03-08,117,11.6,12119,67,3
2018-03-09,122,13.2,12120,68,4
2018-03-10,104,9.3,12121,69,5
2018-03-11,111,8.7,12122,70,6
2018-03-12,110,9.4,12123,71,0
2018-03-13,107,10.7,12124,72,1
2018-03-14,101,10.7,12125,73,2
2018-03-15,115,12.2,12126,74,3
2018-03-16,123,13.1,12127,75,4
2018-03-17,103,10.3,12128,76,5
2018-03-18,112,10.5,12129,77,6
2018-03-19,130,10.7,12130,78,0
2018-03-20,104,10.5,12131,79,1
2018-03-21,113,9.3,12132,80,2
2018-03-22,123,7.4,12133,81,3
2018-03-23,114,6.7,12134,82,4
2018-03-24,107,6.4,12135,83,5
2018-03-25,99,7.5,12136,84,6
2018-03-26,127,5.2,12137,85,0
2018-03-27,110,6.7,12138,86,1
2018-03-28,108,8.7,12139,87,2
2018-03-29,110,13.0,12140,88,3
2018-03-30,113,14.2,12141,89,4
2018-03-31,105,14.2,12142,90,5
2018-04-01,105,13.7,12143,91,6
2018-04-02,115,13.9,12144,92,0
2018-04-03,107,14.0,12145,93,1
2018-04-04,108,12.9,12146,94,2
2018-04-05,122,11.6,12147,95,3
2018-04-06,93,13.8,12148,96,4
2018-04-07,111,13.3,12149,97,5
2018-04-08,103,10.0,12150,98,6
2018-04-09,97,11.2,12151,99,0
2018-04-10,89,12.0,12152,100,1
2018-04-11,115,13.1,12153,101,2
2018-04-12,112,11.0,12154,102,3
2018-04-13,112,12.3,12155,103,4
2018-04-14,105,11.5,12156,104,5
2018-04-15,106,9.6,12157,105,6
2018-04-16,116,10.7,12158,106,0
2018-04-17,121,12.2,12159,107,1
2018-04-18,100,9.9,12160,108,2
2018-04-19,104,9.4,12161,109,3
2018-04-20,111,10.2,12162,110,4
2018-04-21,94,12.7,12163,111,5
2018-04-22,113,12.3,12164,112,6
2018-04-23,152,12.6,12165,113,0
2018-04-24,107,13.3,12166,114,1
2018-04-25,118,10.9,12167,115,2
2018-04-26,93,12.0,12168,116,3
2018-04-27,113,11.9,12169,117,4
2018-04-28,100,13.3,12170,118,5
2018-04-29,105,13.1,12171,119,6
2018-04-30,115,13.3,12172,120,0
2018-05-01,100,11.6,12173,121,1
2018-05-02,101,10.4,12174,122,2
2018-05-03,108,9.3,12175,123,3
2018-05-04,104,11.4,12176,124,4
2018-05-05,106,13.4,12177,125,5
2018-05-06,100,15.2,12178,126,6
2018-05-07,96,13.5,12179,127,0
2018-05-08,112,13.0,12180,128,1
2018-05-09,90,14.1,12181,129,2
2018-05-10,92,13.1,12182,130,3
2018-05-11,109,11.5,12183,131,4
2018-05-12,97,12.2,12184,132,5
2018-05-13,107,10.8,12185,133,6
2018-05-14,96,13.4,12186,134,0
2018-05-15,106,14.2,12187,135,1
2018-05-16,140,16.0,12188,136,2
2018-05-17,104,17.4,12189,137,3
2018-05-18,103,18.6,12190,138,4
2018-05-19,88,19.6,12191,139,5
2018-05-20,93,17.4,12192,140,6
2018-05-21,89,15.2,12193,141,0
2018-05-22,97,14.7,12194,142,1
2018-05-23,106,14.4,12195,143,2
2018-05-24,100,12.8,12196,144,3
2018-05-25,99,14.1,12197,145,4
2018-05-26,103,12.3,12198,146,5
2018-05-27,105,12.6,12199,147,6
2018-05-28,98,12.4,12200,148,0
2018-05-29,105,15.2,12201,149,1
2018-05-30,101,14.1,12202,150,2
2018-05-31,92,14.5,12203,151,3
2018-06-01,102,17.0,12204,152,4
2018-06-02,112,17.0,12205,153,5
2018-06-03,116,15.1,12206,154,6
2018-06-04,97,12.5,12207,155,0
2018-06-05,85,14.1,12208,156,1
2018-06-06,114,16.1,12209,157,2
2018-06-07,119,18.1,12210,158,3
2018-06-08,111,19.1,12211,159,4
2018-06-09,119,19.8,12212,160,5
2018-06-10,93,17.9,12213,161,6
2018-06-11,123,17.3,12214,162,0
2018-06-12,114,19.9,12215,163,1
2018-06-13,96,20.2,12216,164,2
2018-06-14,104,18.3,12217,165,3
2018-06-15,98,15.6,12218,166,4
2018-06-16,103,15.1,12219,167,5
2018-06-17,111,16.5,12220,168,6
2018-06-18,92,17.2,12221,169,0
2018-06-19,117,16.3,12222,170,1
2018-06-20,112,16.9,12223,171,2
2018-06-21,109,18.9,12224,172,3
2018-06-22,97,19.3,12225,173,4
2018-06-23,110,19.2,12226,174,5
2018-06-24,110,18.9,12227,175,6
2018-06-25,90,16.5,12228,176,0
2018-06-26,106,16.2,12229,177,1
2018-06-27,108,17.5,12230,178,2
2018-06-28,113,15.3,12231,179,3
2018-06-29,103,15.0,12232,180,4
2018-06-30,95,15.3,12233,181,5
2018-07-01,113,17.6,12234,182,6
2018-07-02,80,18.2,12235,183,0
2018-07-03,105,20.4,12236,184,1
2018-07-04,114,20.3,12237,185,2
2018-07-05,114,18.1,12238,186,3
2018-07-06,88,16.8,12239,187,4
2018-07-07,111,16.2,12240,188,5
2018-07-08,86,15.8,12241,189,6
2018-07-09,104,18.2,12242,190,0
2018-07-10,91,16.6,12243,191,1
2018-07-11,109,16.0,12244,192,2
2018-07-12,115,19.8,12245,193,3
2018-07-13,104,19.9,12246,194,4
2018-07-14,102,18.6,12247,195,5
2018-07-15,90,21.0,12248,196,6
2018-07-16,108,20.7,12249,197,0
2018-07-17,100,22.5,12250,198,1
2018-07-18,100,24.4,12251,199,2
2018-07-19,102,23.2,12252,200,3
2018-07-20,92,21.0,12253,201,4
2018-07-21,93,21.6,12254,202,5
2018-07-22,100,21.5,12255,203,6
2018-07-23,110,22.0,12256,204,0
2018-07-24,111,22.7,12257,205,1
2018-07-25,102,20.3,12258,206,2
2018-07-26,84,23.1,12259,207,3
2018-07-27,98,21.9,12260,208,4
2018-07-28,101,19.9,12261,209,5
2018-07-29,111,21.3,12262,210,6
2018-07-30,86,20.6,12263,211,0
2018-07-31,89,20.5,12264,212,1
2018-08-01,103,19.8,12265,213,2
2018-08-02,94,19.3,12266,214,3
2018-08-03,79,18.4,12267,215,4
2018-08-04,92,19.1,12268,216,5
2018-08-05,108,19.3,12269,217,6
2018-08-06,99,20.5,12270,218,0
2018-08-07,100,21.2,12271,219,1
2018-08-08,110,20.1,12272,220,2
2018-08-09,105,18.1,12273,221,3
2018-08-10,108,17.7,12274,222,4
2018-08-11,104,16.2,12275,223,5
2018-08-12,92,15.7,12276,224,6
2018-08-13,117,16.9,12277,225,0
2018-08-14,117,15.7,12278,226,1
2018-08-15,100,16.4,12279,227,2
2018-08-16,102,16.8,12280,228,3
2018-08-17,101,16.4,12281,229,4
2018-08-18,98,14.9,12282,230,5
2018-08-19,99,13.9,12283,231,6
2018-08-20,104,13.8,12284,232,0
2018-08-21,117,13.6,12285,233,1
2018-08-22,102,15.7,12286,234,2
2018-08-23,88,14.3,12287,235,3
2018-08-24,90,13.7,12288,236,4
2018-08-25,92,15.2,12289,237,5
2018-08-26,109,15.4,12290,238,6
2018-08-27,94,15.9,12291,239,0
2018-08-28,100,18.4,12292,240,1
2018-08-29,103,17.2,12293,241,2
2018-08-30,110,17.5,12294,242,3
2018-08-31,86,17.0,12295,243,4
2018-09-01,90,15.8,12296,244,5
2018-09-02,101,17.4,12297,245,6
2018-09-03,92,18.6,12298,246,0
2018-09-04,98,17.9,12299,247,1
2018-09-05,94,17.5,12300,248,2
2018-09-06,90,18.4,12301,249,3
2018-09-07,95,17.0,12302,250,4
2018-09-08,106,16.7,12303,251,5
2018-09-09,100,16.8,12304,252,6
2018-09-10,122,15.6,12305,253,0
2018-09-11,92,15.5,12306,254,1
2018-09-12,108,17.5,12307,255,2
2018-09-13,102,16.7,12308,256,3
2018-09-14,91,16.7,12309,257,4
2018-09-15,122,16.8,12310,258,5
2018-09-16,108,18.1,12311,259,6
2018-09-17,101,18.0,12312,260,0
2018-09-18,98,19.5,12313,261,1
2018-09-19,95,19.8,12314,262,2
2018-09-20,97,17.5,12315,263,3
2018-09-21,95,15.3,12316,264,4
2018-09-22,84,13.8,12317,265,5
2018-09-23,90,13.4,12318,266,6
2018-09-24,104,14.7,12319,267,0
2018-09-25,104,13.7,12320,268,1
2018-09-26,114,17.3,12321,269,2
2018-09-27,89,17.5,12322,270,3
2018-09-28,95,18.5,12323,271,4
2018-09-29,127,16.2,12324,272,5
2018-09-30,123,17.6,12325,273,6
2018-10-01,103,17.5,12326,274,0
2018-10-02,95,17.4,12327,275,1
2018-10-03,113,16.7,12328,276,2
2018-10-04,113,13.6,12329,277,3
2018-10-05,80,10.3,12330,278,4
2018-10-06,105,11.5,12331,279,5
2018-10-07,94,11.3,12332,280,6
2018-10-08,106,12.8,12333,281,0
2018-10-09,112,13.5,12334,282,1
2018-10-10,104,13.5,12335,283,2
2018-10-11,118,13.1,12336,284,3
2018-10-12,89,11.2,12337,285,4
2018-10-13,117,13.0,12338,286,5
2018-10-14,119,13.5,12339,287,6
2018-10-15,112,13.7,12340,288,0
2018-10-16,122,14.8,12341,289,1
2018-10-17,114,16.1,12342,290,2
2018-10-18,102,18.2,12343,291,3
2018-10-19,108,17.0,12344,292,4
2018-10-20,108,14.4,12345,293,5
2018-10-21,111,12.6,12346,294,6
2018-10-22,105,10.3,12347,295,0
2018-10-23,103,14.0,12348,296,1
2018-10-24,105,15.3,12349,297,2
2018-10-25,107,12.0,12350,298,3
2018-10-26,114,13.7,12351,299,4
2018-10-27,132,15.2,12352,300,5
2018-10-28,121,15.0,12353,301,6
2018-10-29,110,13.6,12354,302,0
2018-10-30,97,15.5,12355,303,1
2018-10-31,110,17.3,12356,304,2
2018-11-01,122,15.5,12357,305,3
2018-11-02,91,14.1,12358,306,4
2018-11-03,126,9.2,12359,307,5
2018-11-04,113,8.2,12360,308,6
2018-11-05,120,8.3,12361,309,0
2018-11-06,114,7.7,12362,310,1
2018-11-07,109,11.4,12363,311,2
2018-11-08,115,11.0,12364,312,3
2018-11-09,95,9.6,12365,313,4
2018-11-10,118,10.4,12366,314,5
2018-11-11,112,11.9,12367,315,6
2018-11-12,131,11.6,12368,316,0
2018-11-13,96,11.6,12369,317,1
2018-11-14,106,11.4,12370,318,2
2018-11-15,112,10.0,12371,319,3
2018-11-16,130,10.1,12372,320,4
2018-11-17,107,8.9,12373,321,5
2018-11-18,97,10.1,12374,322,6
2018-11-19,118,9.5,12375,323,0
2018-11-20,109,8.9,12376,324,1
2018-11-21,106,8.1,12377,325,2
2018-11-22,113,12.8,12378,326,3
2018-11-23,107,9.5,12379,327,4
2018-11-24,117,4.8,12380,328,5
2018-11-25,96,6.9,12381,329,6
2018-11-26,108,9.1,12382,330,0
2018-11-27,113,10.2,12383,331,1
2018-11-28,115,11.3,12384,332,2
2018-11-29,128,10.8,12385,333,3
2018-11-30,121,9.6,12386,334,4
2018-12-01,86,7.7,12387,335,5
2018-12-02,115,7.4,12388,336,6
2018-12-03,103,6.9,12389,337,0
2018-12-04,134,4.6,12390,338,1
2018-12-05,150,4.8,12391,339,2
2018-12-06,129,2.8,12392,340,3
2018-12-07,131,7.2,12393,341,4
2018-12-08,124,4.8,12394,342,5
2018-12-09,123,5.1,12395,343,6
2018-12-10,108,8.1,12396,344,0
2018-12-11,137,7.4,12397,345,1
2018-12-12,140,7.6,12398,346,2
2018-12-13,135,3.2,12399,347,3
2018-12-14,143,6.0,12400,348,4
2018-12-15,133,7.2,12401,349,5
2018-12-16,131,4.8,12402,350,6
2018-12-17,153,11.2,12403,351,0
2018-12-18,137,13.1,12404,352,1
2018-12-19,155,9.9,12405,353,2
2018-12-20,148,7.3,12406,354,3
2018-12-21,147,8.7,12407,355,4
2018-12-22,133,12.7,12408,356,5
2018-12-23,130,11.8,12409,357,6
2018-12-24,129,8.9,12410,358,0
2018-12-25,145,5.5,12411,359,1
2018-12-26,147,3.9,12412,360,2
2018-12-27,167,4.0,12413,361,3
2018-12-28,160,3.3,12414,362,4
2018-12-29,162,1.5,12415,363,5
2018-12-30,200,1.2,12416,364,6
2018-12-31,168,3.4,12417,365,0
2019-01-01,182,8.7,12418,1,1
2019-01-02,164,8.9,12419,2,2
2019-01-03,186,5.0,12420,3,3
2019-01-04,167,2.1,12421,4,4
2019-01-05,170,7.6,12422,5,5
2019-01-06,174,7.5,12423,6,6
2019-01-07,196,6.6,12424,7,0
2019-01-08,164,9.2,12425,8,1
2019-01-09,168,12.2,12426,9,2
2019-01-10,193,10.3,12427,10,3
2019-01-11,152,6.1,12428,11,4
2019-01-12,163,10.4,12429,12,5
2019-01-13,160,8.2,12430,13,6
2019-01-14,180,5.8,12431,14,0
2019-01-15,171,8.3,12432,15,1
2019-01-16,151,5.2,12433,16,2
2019-01-17,162,3.0,12434,17,3
2019-01-18,156,3.6,12435,18,4
2019-01-19,132,2.4,12436,19,5
2019-01-20,179,1.7,12437,20,6
2019-01-21,167,3.4,12438,21,0
2019-01-22,143,3.0,12439,22,1
2019-01-23,151,1.9,12440,23,2
2019-01-24,162,5.5,12441,24,3
2019-01-25,115,4.5,12442,25,4
2019-01-26,174,8.5,12443,26,5
2019-01-27,137,6.2,12444,27,6
2019-01-28,149,6.9,12445,28,0
2019-01-29,137,3.2,12446,29,1
2019-01-30,144,3.7,12447,30,2
2019-01-31,153,3.0,12448,31,3
2019-02-01,122,3.7,12449,32,4
2019-02-02,128,0.8,12450,33,5
2019-02-03,128,2.2,12451,34,6
2019-02-04,123,3.1,12452,35,0
2019-02-05,138,3.1,12453,36,1
2019-02-06,160,3.1,12454,37,2
2019-02-07,133,3.8,12455,38,3
2019-02-08,141,5.6,12456,39,4
2019-02-09,144,6.0,12457,40,5
2019-02-10,138,5.8,12458,41,6
2019-02-11,160,5.2,12459,42,0
2019-02-12,149,4.1,12460,43,1
2019-02-13,140,6.7,12461,44,2
2019-02-14,146,7.1,12462,45,3
2019-02-15,156,6.7,12463,46,4
2019-02-16,128,6.1,12464,47,5
2019-02-17,129,5.8,12465,48,6
2019-02-18,120,5.8,12466,49,0
2019-02-19,120,6.8,12467,50,1
2019-02-20,101,6.4,12468,51,2
2019-02-21,113,4.3,12469,52,3
2019-02-22,148,4.0,12470,53,4
2019-02-23,124,6.4,12471,54,5
2019-02-24,133,6.7,12472,55,6
2019-02-25,153,8.7,12473,56,0
2019-02-26,136,9.2,12474,57,1
2019-02-27,136,5.2,12475,58,2
2019-02-28,126,8.3,12476,59,3
2019-03-01,138,8.8,12477,60,4
2019-03-02,118,5.6,12478,61,5
2019-03-03,131,6.0,12479,62,6
2019-03-04,129,6.3,12480,63,0
2019-03-05,131,6.8,12481,64,1
2019-03-06,116,8.8,12482,65,2
2019-03-07,107,10.4,12483,66,3
2019-03-08,121,9.5,12484,67,4
2019-03-09,113,8.1,12485,68,5
2019-03-10,123,8.9,12486,69,6
2019-03-11,137,8.8,12487,70,0
2019-03-12,93,10.6,12488,71,1
2019-03-13,117,9.0,12489,72,2
2019-03-14,119,6.2,12490,73,3
2019-03-15,115,6.3,12491,74,4
2019-03-16,122,6.7,12492,75,5
2019-03-17,121,8.8,12493,76,6
2019-03-18,97,7.1,12494,77,0
2019-03-19,105,7.2,12495,78,1
2019-03-20,124,7.7,12496,79,2
2019-03-21,130,7.8,12497,80,3
2019-03-22,143,6.2,12498,81,4
2019-03-23,126,7.4,12499,82,5
2019-03-24,124,7.4,12500,83,6
2019-03-25,122,6.0,12501,84,0
2019-03-26,134,8.2,12502,85,1
2019-03-27,138,8.1,12503,86,2
2019-03-28,121,11.1,12504,87,3
2019-03-29,128,10.9,12505,88,4
2019-03-30,124,9.0,12506,89,5
2019-03-31,132,11.0,12507,90,6
2019-04-01,110,7.8,12508,91,0
2019-04-02,122,9.0,12509,92,1
2019-04-03,132,9.3,12510,93,2
2019-04-04,122,8.9,12511,94,3
2019-04-05,164,9.2,12512,95,4
2019-04-06,136,9.4,12513,96,5
2019-04-07,100,11.2,12514,97,6
2019-04-08,113,11.6,12515,98,0
2019-04-09,110,11.6,12516,99,1
2019-04-10,126,13.7,12517,100,2
2019-04-11,130,11.5,12518,101,3
2019-04-12,114,11.3,12519,102,4
2019-04-13,99,11.4,12520,103,5
2019-04-14,133,14.5,12521,104,6
2019-04-15,135,17.3,12522,105,0
2019-04-16,93,12.1,12523,106,1
2019-04-17,110,11.1,12524,107,2
2019-04-18,107,9.9,12525,108,3
2019-04-19,107,8.4,12526,109,4
2019-04-20,114,11.5,12527,110,5
2019-04-21,102,11.9,12528,111,6
2019-04-22,117,10.9,12529,112,0
2019-04-23,112,11.1,12530,113,1
2019-04-24,106,12.2,12531,114,2
2019-04-25,108,13.7,12532,115,3
2019-04-26,108,9.6,12533,116,4
2019-04-27,118,8.9,12534,117,5
2019-04-28,112,9.0,12535,118,6
2019-04-29,109,9.5,12536,119,0
2019-04-30,100,10.3,12537,120,1
2019-05-01,127,9.4,12538,121,2
2019-05-02,109,10.2,12539,122,3
2019-05-03,113,14.3,12540,123,4
2019-05-04,130,14.7,12541,124,5
2019-05-05,115,14.3,12542,125,6
2019-05-06,116,12.2,12543,126,0
2019-05-07,112,13.1,12544,127,1
2019-05-08,128,12.9,12545,128,2
2019-05-09,114,14.3,12546,129,3
2019-05-10,80,14.4,12547,130,4
2019-05-11,124,16.7,12548,131,5
2019-05-12,122,13.8,12549,132,6
2019-05-13,108,13.5,12550,133,0
2019-05-14,101,9.7,12551,134,1
2019-05-15,116,11.3,12552,135,2
2019-05-16,121,14.9,12553,136,3
2019-05-17,113,12.6,12554,137,4
2019-05-18,111,11.9,12555,138,5
2019-05-19,127,10.3,12556,139,6
2019-05-20,95,10.9,12557,140,0
2019-05-21,118,13.5,12558,141,1
2019-05-22,106,14.7,12559,142,2
2019-05-23,92,14.8,12560,143,3
2019-05-24,127,15.5,12561,144,4
2019-05-25,120,13.7,12562,145,5
2019-05-26,96,14.8,12563,146,6
2019-05-27,106,14.1,12564,147,0
2019-05-28,106,14.5,12565,148,1
2019-05-29,84,11.5,12566,149,2
2019-05-30,145,12.1,12567,150,3
2019-05-31,90,13.2,12568,151,4
2019-06-01,106,11.6,12569,152,5
2019-06-02,110,15.0,12570,153,6
2019-06-03,100,15.1,12571,154,0
2019-06-04,120,16.3,12572,155,1
2019-06-05,133,18.6,12573,156,2
2019-06-06,108,14.3,12574,157,3
2019-06-07,114,14.8,12575,158,4
2019-06-08,110,13.6,12576,159,5
2019-06-09,77,12.0,12577,160,6
2019-06-10,95,14.0,12578,161,0
2019-06-11,108,17.0,12579,162,1
2019-06-12,110,19.2,12580,163,2
2019-06-13,111,17.0,12581,164,3
2019-06-14,130,14.5,12582,165,4
2019-06-15,74,14.4,12583,166,5
2019-06-16,91,16.5,12584,167,6
2019-06-17,92,18.7,12585,168,0
2019-06-18,95,17.9,12586,169,1
2019-06-19,108,16.3,12587,170,2
2019-06-20,89,16.3,12588,171,3
2019-06-21,95,17.2,12589,172,4
2019-06-22,105,14.4,12590,173,5
2019-06-23,93,15.9,12591,174,6
2019-06-24,101,18.0,12592,175,0
2019-06-25,109,18.9,12593,176,1
2019-06-26,117,19.8,12594,177,2
2019-06-27,103,18.9,12595,178,3
2019-06-28,79,18.3,12596,179,4
2019-06-29,107,19.6,12597,180,5
2019-06-30,118,22.1,12598,181,6
2019-07-01,123,27.5,12599,182,0
2019-07-02,135,21.6,12600,183,1
2019-07-03,94,20.2,12601,184,2
2019-07-04,112,21.6,12602,185,3
2019-07-05,84,17.9,12603,186,4
2019-07-06,106,18.4,12604,187,5
2019-07-07,105,18.9,12605,188,6
2019-07-08,94,17.4,12606,189,0
2019-07-09,91,17.1,12607,190,1
2019-07-10,92,20.2,12608,191,2
2019-07-11,106,20.7,12609,192,3
2019-07-12,108,17.9,12610,193,4
2019-07-13,94,18.2,12611,194,5
2019-07-14,116,18.7,12612,195,6
2019-07-15,102,19.3,12613,196,0
2019-07-16,112,19.7,12614,197,1
2019-07-17,95,19.9,12615,198,2
2019-07-18,89,17.9,12616,199,3
2019-07-19,88,19.2,12617,200,4
2019-07-20,107,18.9,12618,201,5
2019-07-21,97,19.6,12619,202,6
2019-07-22,100,18.6,12620,203,0
2019-07-23,90,17.1,12621,204,1
2019-07-24,75,15.5,12622,205,2
2019-07-25,109,16.3,12623,206,3
2019-07-26,79,14.6,12624,207,4
2019-07-27,115,17.2,12625,208,5
2019-07-28,105,16.3,12626,209,6
2019-07-29,101,15.0,12627,210,0
2019-07-30,89,15.8,12628,211,1
2019-07-31,86,16.2,12629,212,2
2019-08-01,106,16.3,12630,213,3
2019-08-02,91,19.0,12631,214,4
2019-08-03,112,19.5,12632,215,5
2019-08-04,98,17.7,12633,216,6
2019-08-05,102,17.5,12634,217,0
2019-08-06,132,19.2,12635,218,1
2019-08-07,100,18.8,12636,219,2
2019-08-08,117,20.1,12637,220,3
2019-08-09,105,20.4,12638,221,4
2019-08-10,98,19.6,12639,222,5
2019-08-11,107,17.7,12640,223,6
2019-08-12,92,18.9,12641,224,0
2019-08-13,109,18.7,12642,225,1
2019-08-14,105,18.7,12643,226,2
2019-08-15,104,17.1,12644,227,3
2019-08-16,113,16.2,12645,228,4
2019-08-17,95,17.5,12646,229,5
2019-08-18,96,16.9,12647,230,6
2019-08-19,96,17.2,12648,231,0
2019-08-20,103,18.4,12649,232,1
2019-08-21,126,21.5,12650,233,2
2019-08-22,126,22.6,12651,234,3
2019-08-23,113,19.5,12652,235,4
2019-08-24,92,15.4,12653,236,5
2019-08-25,102,15.4,12654,237,6
2019-08-26,92,17.7,12655,238,0
2019-08-27,99,16.0,12656,239,1
2019-08-28,96,16.3,12657,240,2
2019-08-29,107,17.4,12658,241,3
2019-08-30,87,17.7,12659,242,4
2019-08-31,97,15.2,12660,243,5
2019-09-01,91,14.9,12661,244,6
2019-09-02,96,13.3,12662,245,0
2019-09-03,75,13.1,12663,246,1
2019-09-04,123,13.6,12664,247,2
2019-09-05,104,12.8,12665,248,3
2019-09-06,105,13.3,12666,249,4
2019-09-07,109,14.0,12667,250,5
2019-09-08,122,13.9,12668,251,6
2019-09-09,113,15.5,12669,252,0
2019-09-10,103,16.3,12670,253,1
2019-09-11,107,17.0,12671,254,2
2019-09-12,113,17.4,12672,255,3
2019-09-13,97,13.9,12673,256,4
2019-09-14,109,14.1,12674,257,5
2019-09-15,87,13.7,12675,258,6
2019-09-16,106,13.4,12676,259,0
2019-09-17,104,13.9,12677,260,1
2019-09-18,89,14.5,12678,261,2
2019-09-19,100,14.6,12679,262,3
2019-09-20,111,14.4,12680,263,4
2019-09-21,127,13.9,12681,264,5
2019-09-22,105,11.6,12682,265,6
2019-09-23,116,13.0,12683,266,0
2019-09-24,117,15.0,12684,267,1
2019-09-25,94,13.0,12685,268,2
2019-09-26,113,12.8,12686,269,3
2019-09-27,115,13.8,12687,270,4
2019-09-28,122,13.8,12688,271,5
2019-09-29,112,14.7,12689,272,6
2019-09-30,91,14.4,12690,273,0
2019-10-01,112,14.3,12691,274,1
2019-10-02,125,14.0,12692,275,2
2019-10-03,120,12.3,12693,276,3
2019-10-04,96,12.6,12694,277,4
2019-10-05,134,15.5,12695,278,5
2019-10-06,95,16.3,12696,279,6
2019-10-07,123,14.3,12697,280,0
2019-10-08,101,11.4,12698,281,1
2019-10-09,122,11.9,12699,282,2
2019-10-10,107,12.9,12700,283,3
2019-10-11,119,12.6,12701,284,4
2019-10-12,102,11.2,12702,285,5
2019-10-13,111,10.5,12703,286,6
2019-10-14,117,10.3,12704,287,0
2019-10-15,111,11.1,12705,288,1
2019-10-16,115,12.4,12706,289,2
2019-10-17,115,11.8,12707,290,3
2019-10-18,113,12.8,12708,291,4
2019-10-19,121,12.6,12709,292,5
2019-10-20,117,11.1,12710,293,6
2019-10-21,91,11.6,12711,294,0
2019-10-22,122,13.4,12712,295,1
2019-10-23,123,12.2,12713,296,2
2019-10-24,94,12.2,12714,297,3
2019-10-25,119,8.0,12715,298,4
2019-10-26,118,11.6,12716,299,5
2019-10-27,141,14.5,12717,300,6
2019-10-28,122,12.9,12718,301,0
2019-10-29,116,13.1,12719,302,1
2019-10-30,123,14.4,12720,303,2
2019-10-31,103,12.9,12721,304,3
2019-11-01,97,10.4,12722,305,4
2019-11-02,125,10.7,12723,306,5
2019-11-03,120,11.7,12724,307,6
2019-11-04,107,12.9,12725,308,0
2019-11-05,124,14.6,12726,309,1
2019-11-06,119,15.5,12727,310,2
2019-11-07,109,15.2,12728,311,3
2019-11-08,94,13.5,12729,312,4
2019-11-09,98,13.3,12730,313,5
2019-11-10,111,15.1,12731,314,6
2019-11-11,110,14.2,12732,315,0
2019-11-12,123,13.6,12733,316,1
2019-11-13,102,10.0,12734,317,2
2019-11-14,131,10.2,12735,318,3
2019-11-15,121,15.1,12736,319,4
2019-11-16,94,13.0,12737,320,5
2019-11-17,103,14.0,12738,321,6
2019-11-18,112,13.0,12739,322,0
2019-11-19,122,11.0,12740,323,1
2019-11-20,107,8.3,12741,324,2
2019-11-21,109,3.8,12742,325,3
2019-11-22,136,2.7,12743,326,4
2019-11-23,104,4.2,12744,327,5
2019-11-24,110,8.3,12745,328,6
2019-11-25,130,8.3,12746,329,0
2019-11-26,128,9.1,12747,330,1
2019-11-27,151,10.9,12748,331,2
2019-11-28,123,7.2,12749,332,3
2019-11-29,130,11.2,12750,333,4
2019-11-30,122,11.5,12751,334,5
2019-12-01,130,12.6,12752,335,6
2019-12-02,124,12.6,12753,336,0
2019-12-03,117,12.7,12754,337,1
2019-12-04,138,10.4,12755,338,2
2019-12-05,121,12.3,12756,339,3
2019-12-06,140,13.2,12757,340,4
2019-12-07,137,12.8,12758,341,5
2019-12-08,132,11.5,12759,342,6
2019-12-09,97,8.7,12760,343,0
2019-12-10,130,11.3,12761,344,1
2019-12-11,111,9.5,12762,345,2
2019-12-12,124,10.1,12763,346,3
2019-12-13,106,8.4,12764,347,4
2019-12-14,104,9.0,12765,348,5
2019-12-15,141,11.3,12766,349,6
2019-12-16,115,13.9,12767,350,0
2019-12-17,118,13.7,12768,351,1
2019-12-18,113,12.7,12769,352,2
2019-12-19,114,14.8,12770,353,3
2019-12-20,120,12.5,12771,354,4
2019-12-21,108,10.1,12772,355,5
2019-12-22,104,13.7,12773,356,6
2019-12-23,120,10.7,12774,357,0
2019-12-24,122,10.2,12775,358,1
2019-12-25,130,10.4,12776,359,2
2019-12-26,122,14.6,12777,360,3
2019-12-27,109,14.0,12778,361,4
2019-12-28,137,11.7,12779,362,5
2019-12-29,133,11.1,12780,363,6
2019-12-30,130,12.2,12781,364,0
2019-12-31,138,9.0,12782,365,1
